arm,dataset,t,mean,q25,q75,coverage,n_cells,baseline
0.30,vg_scale_any · dinov3_patch-max_patch,0,0.38712166666666664,0.304284,0.46234925,1.0,48,0.38712166666666664
0.30,vg_scale_any · dinov3_patch-max_patch,1,,,,0.0,48,0.38712166666666664
0.30,vg_scale_any · dinov3_patch-max_patch,2,0.787662,0.787662,0.787662,0.020833333333333332,48,0.38712166666666664
0.30,vg_scale_any · dinov3_patch-max_patch,3,0.5551235,0.51737925,0.5928677499999999,0.041666666666666664,48,0.38712166666666664
0.30,vg_scale_any · dinov3_patch-max_patch,4,0.43996106250000006,0.3637585,0.54023175,1.0,48,0.38712166666666664
0.30,vg_scale_any · dinov3_patch-max_patch,5,0.4276041875,0.34242425,0.536456,1.0,48,0.38712166666666664
0.30,vg_scale_any · dinov3_patch-max_patch,6,0.4321596458333334,0.3708975,0.5241227500000001,1.0,48,0.38712166666666664
0.30,vg_scale_any · dinov3_patch-max_patch,7,0.4202931041666667,0.36705675000000004,0.48427375,1.0,48,0.38712166666666664
0.30,vg_scale_any · dinov3_patch-max_patch,8,0.40475600000000006,0.33798724999999996,0.49101900000000004,1.0,48,0.38712166666666664
0.30,vg_scale_any · dinov3_patch-max_patch,9,0.395915625,0.29630124999999996,0.480614,1.0,48,0.38712166666666664
0.30,vg_scale_any · dinov3_patch-max_patch,10,0.37481758333333337,0.28170874999999995,0.4562945,1.0,48,0.38712166666666664
0.30,vg_scale_any · dinov3_patch-max_patch,11,0.3665739791666667,0.27354875,0.45614475,1.0,48,0.38712166666666664
0.30,vg_scale_any · dinov3_patch-max_patch,12,0.355685875,0.2742515,0.45275575,1.0,48,0.38712166666666664
0.30,vg_scale_any · dinov3_patch-max_patch,13,0.344975375,0.273575,0.4301,1.0,48,0.38712166666666664
0.30,vg_scale_any · dinov3_patch-max_patch,14,0.34171827083333334,0.26502824999999997,0.43543824999999997,1.0,48,0.38712166666666664
0.30,vg_scale_any · dinov3_patch-max_patch,15,0.33253706250000004,0.26857949999999997,0.420951,1.0,48,0.38712166666666664
0.30,vg_scale_any · dinov3_patch-max_patch,16,0.3330850625,0.2731375,0.41253,1.0,48,0.38712166666666664
0.30,vg_scale_any · dinov3_patch-max_patch,17,0.32289322916666663,0.25430624999999996,0.40855325,1.0,48,0.38712166666666664
0.30,vg_scale_any · dinov3_patch-max_patch,18,0.31559879166666666,0.255119,0.40151925,1.0,48,0.38712166666666664
0.30,vg_scale_any · dinov3_patch-max_patch,19,0.31174825,0.24309825,0.38425375,1.0,48,0.38712166666666664
0.30,vg_scale_any · dinov3_patch-max_patch,20,0.30126016666666666,0.22723975000000002,0.38976825,1.0,48,0.38712166666666664
0.30,vg_scale_any · dinov3_patch-max_patch,21,0.29825410416666664,0.23631924999999998,0.372223,1.0,48,0.38712166666666664
0.30,vg_scale_any · dinov3_patch-max_patch,22,0.29216293750000005,0.22919,0.35505,1.0,48,0.38712166666666664
0.30,vg_scale_any · dinov3_patch-max_patch,23,0.2886368541666667,0.22389225,0.35542650000000003,1.0,48,0.38712166666666664
0.30,vg_scale_any · dinov3_patch-max_patch,24,0.2875635625,0.22439825,0.36115525,1.0,48,0.38712166666666664
0.30,vg_scale_any · dinov3_patch-max_patch,25,0.28530524999999995,0.237657,0.360032,1.0,48,0.38712166666666664
0.30,vg_scale_any · dinov3_patch-max_patch,26,0.28166529166666665,0.2293775,0.35134125,1.0,48,0.38712166666666664
0.30,vg_scale_any · dinov3_patch-max_patch,27,0.28099558333333335,0.23112575,0.34088075,1.0,48,0.38712166666666664
0.30,vg_scale_any · dinov3_patch-max_patch,28,0.2765915625,0.23598275000000002,0.34089625,1.0,48,0.38712166666666664
0.30,vg_scale_any · dinov3_patch-max_patch,29,0.2712113958333333,0.23969325,0.32387525,1.0,48,0.38712166666666664
0.30,vg_scale_any · dinov3_patch-max_patch,30,0.26902243750000004,0.21894625,0.33878474999999997,1.0,48,0.38712166666666664
0.30,vg_scale_any · dinov3_patch-max_patch,31,0.2755575416666667,0.2214175,0.3496545,1.0,48,0.38712166666666664
0.30,vg_scale_any · dinov3_patch-max_patch,32,0.2678460208333333,0.2199485,0.3379285,1.0,48,0.38712166666666664
0.30,vg_scale_any · dinov3_patch-max_patch,33,0.26624652083333333,0.22778375,0.3265405,1.0,48,0.38712166666666664
0.30,vg_scale_any · dinov3_patch-max_patch,34,0.26473216666666666,0.222808,0.32501825,1.0,48,0.38712166666666664
0.30,vg_scale_any · dinov3_patch-max_patch,35,0.26611335416666665,0.21987025,0.33570049999999996,1.0,48,0.38712166666666664
0.30,vg_scale_any · dinov3_patch-max_patch,36,0.26587643749999995,0.225134,0.33026075,1.0,48,0.38712166666666664
0.30,vg_scale_any · dinov3_patch-max_patch,37,0.25738839583333334,0.21337875,0.33033775,1.0,48,0.38712166666666664
0.30,vg_scale_any · dinov3_patch-max_patch,38,0.25973525000000003,0.2098595,0.32890600000000003,1.0,48,0.38712166666666664
0.30,vg_scale_any · dinov3_patch-max_patch,39,0.2572877708333333,0.22140925,0.3301775,1.0,48,0.38712166666666664
0.30,vg_scale_any · dinov3_patch-max_patch,40,0.25810477083333333,0.2272735,0.32247875,1.0,48,0.38712166666666664
0.30,vg_scale_any · dinov3_patch-max_patch,41,0.25412125,0.22092875,0.316925,1.0,48,0.38712166666666664
0.30,vg_scale_any · dinov3_patch-max_patch,42,0.25858577083333334,0.22062525,0.31700100000000003,1.0,48,0.38712166666666664
0.30,vg_scale_any · dinov3_patch-max_patch,43,0.2612215625,0.21744075000000002,0.31639525,1.0,48,0.38712166666666664
0.30,vg_scale_any · dinov3_patch-max_patch,44,0.2598976041666667,0.22916975,0.30851125,1.0,48,0.38712166666666664
0.30,vg_scale_any · dinov3_patch-max_patch,45,0.25608795833333337,0.22415975,0.30835599999999996,1.0,48,0.38712166666666664
0.30,vg_scale_any · dinov3_patch-max_patch,46,0.2543625625,0.22280075,0.30487624999999996,1.0,48,0.38712166666666664
0.30,vg_scale_any · dinov3_patch-max_patch,47,0.249886375,0.21856575,0.3087285,1.0,48,0.38712166666666664
0.30,vg_scale_any · dinov3_patch-max_patch,48,0.24957695833333335,0.219044,0.30359975,1.0,48,0.38712166666666664
0.30,vg_scale_any · dinov3_patch-max_patch,49,0.2524043125,0.21585575,0.3084075,1.0,48,0.38712166666666664
0.30,vg_scale_any · dinov3_patch-max_patch,50,0.2483711458333333,0.21788175,0.299783,1.0,48,0.38712166666666664
0.30,vg_scale_any · dinov3_patch-max_patch,51,0.2471815625,0.213395,0.29771375,1.0,48,0.38712166666666664
0.30,vg_scale_any · dinov3_patch-max_patch,52,0.2458684166666667,0.20864325,0.28435900000000003,1.0,48,0.38712166666666664
0.30,vg_scale_any · dinov3_patch-max_patch,53,0.24348774999999998,0.204234,0.28082925000000003,1.0,48,0.38712166666666664
0.30,vg_scale_any · dinov3_patch-max_patch,54,0.24477620833333336,0.20931825,0.28784775,1.0,48,0.38712166666666664
0.30,vg_scale_any · dinov3_patch-max_patch,55,0.24372843749999998,0.212227,0.29577950000000003,1.0,48,0.38712166666666664
0.30,vg_scale_any · dinov3_patch-max_patch,56,0.24585652083333331,0.22325725,0.28946475,1.0,48,0.38712166666666664
0.30,vg_scale_any · dinov3_patch-max_patch,57,0.24609054166666666,0.22039525,0.2874225,1.0,48,0.38712166666666664
0.30,vg_scale_any · dinov3_patch-max_patch,58,0.24312085416666665,0.21155225,0.29036375,1.0,48,0.38712166666666664
0.30,vg_scale_any · dinov3_patch-max_patch,59,0.24314645833333337,0.21982300000000002,0.29000725,1.0,48,0.38712166666666664
0.30,vg_scale_any · dinov3_patch-max_patch,60,0.24132916666666668,0.20203074999999998,0.290256,1.0,48,0.38712166666666664
0.30,vg_scale_any · dinov3_patch-max_patch,61,0.23718216666666667,0.221042,0.27392975,1.0,48,0.38712166666666664
0.30,vg_scale_any · dinov3_patch-max_patch,62,0.24169602083333333,0.21264425,0.28391575,1.0,48,0.38712166666666664
0.30,vg_scale_any · dinov3_patch-max_patch,63,0.2397955833333333,0.20792925,0.27456400000000003,1.0,48,0.38712166666666664
0.30,vg_scale_any · dinov3_patch-max_patch,64,0.24028433333333332,0.20553549999999998,0.27433875,1.0,48,0.38712166666666664
0.30,vg_scale_any · dinov3_patch-max_patch,65,0.24064927083333335,0.20792925,0.275366,1.0,48,0.38712166666666664
0.30,vg_scale_any · dinov3_patch-max_patch,66,0.2375297291666667,0.20880575,0.27332025,1.0,48,0.38712166666666664
0.30,vg_scale_any · dinov3_patch-max_patch,67,0.23705327083333336,0.19817200000000001,0.2810275,1.0,48,0.38712166666666664
0.30,vg_scale_any · dinov3_patch-max_patch,68,0.2370434166666667,0.20926975,0.27597525,1.0,48,0.38712166666666664
0.30,vg_scale_any · dinov3_patch-max_patch,69,0.2351023125,0.2006385,0.2742335,1.0,48,0.38712166666666664
0.30,vg_scale_any · dinov3_patch-max_patch,70,0.23264925,0.20008274999999998,0.27240725,1.0,48,0.38712166666666664
0.30,vg_scale_any · dinov3_patch-max_patch,71,0.23503418749999996,0.20784550000000002,0.28255725,1.0,48,0.38712166666666664
0.30,vg_scale_any · dinov3_patch-max_patch,72,0.23102435416666667,0.2073595,0.2738235,1.0,48,0.38712166666666664
0.30,vg_scale_any · dinov3_patch-max_patch,73,0.22940697916666666,0.1956935,0.27503325,1.0,48,0.38712166666666664
0.30,vg_scale_any · dinov3_patch-max_patch,74,0.229361,0.19535975,0.2694575,1.0,48,0.38712166666666664
0.30,vg_scale_any · dinov3_patch-max_patch,75,0.22882629166666665,0.19660275,0.26960575,1.0,48,0.38712166666666664
0.30,vg_scale_any · dinov3_patch-max_patch,76,0.22915622916666667,0.20312575,0.27599025,1.0,48,0.38712166666666664
0.30,vg_scale_any · dinov3_patch-max_patch,77,0.23022537499999998,0.2067035,0.27073725,1.0,48,0.38712166666666664
0.30,vg_scale_any · dinov3_patch-max_patch,78,0.23160845833333335,0.20300574999999998,0.27944275,1.0,48,0.38712166666666664
0.30,vg_scale_any · dinov3_patch-max_patch,79,0.23060195833333333,0.199736,0.27361175000000004,1.0,48,0.38712166666666664
0.30,vg_scale_any · dinov3_patch-max_patch,80,0.2329188541666667,0.19995575000000002,0.279807,1.0,48,0.38712166666666664
0.30,vg_scale_any · dinov3_patch-max_patch,81,0.2312824583333333,0.202523,0.27706800000000004,1.0,48,0.38712166666666664
0.30,vg_scale_any · dinov3_patch-max_patch,82,0.23038141666666667,0.20149799999999998,0.27290225,1.0,48,0.38712166666666664
0.30,vg_scale_any · dinov3_patch-max_patch,83,0.23105645833333333,0.20265450000000002,0.27705175,1.0,48,0.38712166666666664
0.30,vg_scale_any · dinov3_patch-max_patch,84,0.23119583333333335,0.2011,0.27534800000000004,1.0,48,0.38712166666666664
0.30,vg_scale_any · dinov3_patch-max_patch,85,0.23003954166666665,0.20083725,0.2772205,1.0,48,0.38712166666666664
0.30,vg_scale_any · dinov3_patch-max_patch,86,0.2311940625,0.20439825,0.27426799999999996,1.0,48,0.38712166666666664
0.30,vg_scale_any · dinov3_patch-max_patch,87,0.2298456458333333,0.20328225,0.27799575,1.0,48,0.38712166666666664
0.30,vg_scale_any · dinov3_patch-max_patch,88,0.23147191666666667,0.2017305,0.27386975,1.0,48,0.38712166666666664
0.30,vg_scale_any · dinov3_patch-max_patch,89,0.23218925,0.20281500000000002,0.27471075,1.0,48,0.38712166666666664
0.30,vg_scale_any · dinov3_patch-max_patch,90,0.23259191666666665,0.2039105,0.27635025,1.0,48,0.38712166666666664
0.30,vg_scale_any · dinov3_patch-max_patch,91,0.23287102083333333,0.2002085,0.2749345,1.0,48,0.38712166666666664
0.30,vg_scale_any · dinov3_patch-max_patch,92,0.23461335416666665,0.20237375,0.28170825,1.0,48,0.38712166666666664
0.30,vg_scale_any · dinov3_patch-max_patch,93,0.23460227083333338,0.20320075,0.2792255,1.0,48,0.38712166666666664
0.30,vg_scale_any · dinov3_patch-max_patch,94,0.23392954166666666,0.2015615,0.276306,1.0,48,0.38712166666666664
0.30,vg_scale_any · dinov3_patch-max_patch,95,0.23253960416666666,0.2046935,0.2756225,1.0,48,0.38712166666666664
0.30,vg_scale_any · dinov3_patch-max_patch,96,0.23342131249999998,0.2037045,0.276594,1.0,48,0.38712166666666664
0.30,vg_scale_any · dinov3_patch-max_patch,97,0.23093795833333333,0.19912950000000001,0.2763495,1.0,48,0.38712166666666664
0.30,vg_scale_any · dinov3_patch-max_patch,98,0.230187625,0.20079975,0.274314,1.0,48,0.38712166666666664
0.30,vg_scale_any · dinov3_patch-max_patch,99,0.23091097916666667,0.2034395,0.27444100000000005,1.0,48,0.38712166666666664
0.30,vg_scale_any · dinov3_patch-max_patch,100,0.23320341666666664,0.19996724999999999,0.280792,1.0,48,0.38712166666666664
0.30,vg_scale_any · dinov3_patch-max_patch,101,0.23166977083333337,0.19721625,0.2752555,1.0,48,0.38712166666666664
0.30,vg_scale_any · dinov3_patch-max_patch,102,0.23327168749999996,0.200095,0.27201,1.0,48,0.38712166666666664
0.30,vg_scale_any · dinov3_patch-max_patch,103,0.23284950000000001,0.19703125,0.2734005,1.0,48,0.38712166666666664
0.30,vg_scale_any · dinov3_patch-max_patch,104,0.2316785,0.1966025,0.27667549999999996,1.0,48,0.38712166666666664
0.30,vg_scale_any · dinov3_patch-max_patch,105,0.2324248125,0.19970425,0.27245850000000005,1.0,48,0.38712166666666664
0.30,vg_scale_any · dinov3_patch-max_patch,106,0.22978391666666664,0.19885475000000002,0.27651875,1.0,48,0.38712166666666664
0.30,vg_scale_any · dinov3_patch-max_patch,107,0.2326365,0.196993,0.282772,1.0,48,0.38712166666666664
0.30,vg_scale_any · dinov3_patch-max_patch,108,0.22941006249999998,0.197565,0.271708,1.0,48,0.38712166666666664
0.30,vg_scale_any · dinov3_patch-max_patch,109,0.23168550000000002,0.1960405,0.27788975,1.0,48,0.38712166666666664
0.30,vg_scale_any · dinov3_patch-max_patch,110,0.22987260416666666,0.2010925,0.277961,1.0,48,0.38712166666666664
0.30,vg_scale_any · dinov3_patch-max_patch,111,0.22978743749999997,0.20198275000000002,0.27382675,1.0,48,0.38712166666666664
0.30,vg_scale_any · dinov3_patch-max_patch,112,0.23121437500000006,0.2007735,0.271719,1.0,48,0.38712166666666664
0.30,vg_scale_any · dinov3_patch-max_patch,113,0.23241625,0.2007875,0.273629,1.0,48,0.38712166666666664
0.30,vg_scale_any · dinov3_patch-max_patch,114,0.23185989583333333,0.2008295,0.27687125,1.0,48,0.38712166666666664
0.30,vg_scale_any · dinov3_patch-max_patch,115,0.22954079166666666,0.19889575,0.2755785,1.0,48,0.38712166666666664
0.30,vg_scale_any · dinov3_patch-max_patch,116,0.22800406250000002,0.19572275,0.27365525,1.0,48,0.38712166666666664
0.30,vg_scale_any · dinov3_patch-max_patch,117,0.2287421875,0.19660249999999999,0.271122,1.0,48,0.38712166666666664
0.30,vg_scale_any · dinov3_patch-max_patch,118,0.22651681249999997,0.19750600000000001,0.2714265,1.0,48,0.38712166666666664
0.30,vg_scale_any · dinov3_patch-max_patch,119,0.22714470833333333,0.1942755,0.27168225,1.0,48,0.38712166666666664
0.30,vg_scale_any · dinov3_patch-max_patch,120,0.22589279166666665,0.196913,0.27316300000000004,1.0,48,0.38712166666666664
0.30,vg_scale_any · dinov3_patch-max_patch,121,0.22395045833333335,0.19689875,0.2719695,1.0,48,0.38712166666666664
0.30,vg_scale_any · dinov3_patch-max_patch,122,0.22482347916666667,0.19517700000000002,0.27274575,1.0,48,0.38712166666666664
0.30,vg_scale_any · dinov3_patch-max_patch,123,0.22457664583333334,0.1980545,0.27284975,1.0,48,0.38712166666666664
0.30,vg_scale_any · dinov3_patch-max_patch,124,0.22283791666666666,0.19686575,0.27154999999999996,1.0,48,0.38712166666666664
0.30,vg_scale_any · dinov3_patch-max_patch,125,0.2231949166666667,0.19521425,0.2725765,1.0,48,0.38712166666666664
0.30,vg_scale_any · dinov3_patch-max_patch,126,0.22025739583333334,0.19409900000000002,0.26590125,1.0,48,0.38712166666666664
0.30,vg_scale_any · dinov3_patch-max_patch,127,0.22306485416666666,0.196801,0.26868225,1.0,48,0.38712166666666664
0.30,vg_scale_any · dinov3_patch-max_patch,128,0.22716185416666668,0.19528725,0.27251475000000003,1.0,48,0.38712166666666664
0.30,vg_scale_any · dinov3_patch-max_patch,129,0.22783789583333336,0.199406,0.2698425,1.0,48,0.38712166666666664
0.30,vg_scale_any · dinov3_patch-max_patch,130,0.22814837500000004,0.19773975,0.2669775,1.0,48,0.38712166666666664
0.30,vg_scale_any · dinov3_patch-max_patch,131,0.22797410416666666,0.198512,0.27028175,1.0,48,0.38712166666666664
0.30,vg_scale_any · dinov3_patch-max_patch,132,0.22754797916666666,0.19982049999999998,0.2670515,1.0,48,0.38712166666666664
0.30,vg_scale_any · dinov3_patch-max_patch,133,0.228009375,0.19841224999999998,0.26603225,1.0,48,0.38712166666666664
0.30,vg_scale_any · dinov3_patch-max_patch,134,0.2264243541666667,0.19340775,0.264503,1.0,48,0.38712166666666664
0.30,vg_scale_any · dinov3_patch-max_patch,135,0.22625972916666667,0.19745075,0.265332,1.0,48,0.38712166666666664
0.30,vg_scale_any · dinov3_patch-max_patch,136,0.2249584166666667,0.19573625,0.26346225,1.0,48,0.38712166666666664
0.30,vg_scale_any · dinov3_patch-max_patch,137,0.2262065625,0.19899925000000002,0.2710255,1.0,48,0.38712166666666664
0.30,vg_scale_any · dinov3_patch-max_patch,138,0.22607108333333334,0.19783675,0.26292125,1.0,48,0.38712166666666664
0.30,vg_scale_any · dinov3_patch-max_patch,139,0.22648041666666666,0.19963124999999998,0.26477,1.0,48,0.38712166666666664
0.30,vg_scale_any · dinov3_patch-max_patch,140,0.22745460416666666,0.200737,0.26522775,1.0,48,0.38712166666666664
0.30,vg_scale_any · dinov3_patch-max_patch,141,0.22769697916666667,0.19638024999999998,0.25997875,1.0,48,0.38712166666666664
0.30,vg_scale_any · dinov3_patch-max_patch,142,0.2250633333333333,0.19291875,0.26276025,1.0,48,0.38712166666666664
0.30,vg_scale_any · dinov3_patch-max_patch,143,0.22152875000000002,0.19766125,0.26370825,1.0,48,0.38712166666666664
0.30,vg_scale_any · dinov3_patch-max_patch,144,0.22082927083333334,0.195577,0.260775,1.0,48,0.38712166666666664
0.30,vg_scale_any · dinov3_patch-max_patch,145,0.22081620833333335,0.1954885,0.263278,1.0,48,0.38712166666666664
0.30,vg_scale_any · dinov3_patch-max_patch,146,0.22185758333333336,0.19471824999999998,0.26821174999999997,1.0,48,0.38712166666666664
0.30,vg_scale_any · dinov3_patch-max_patch,147,0.2203520208333333,0.19394725,0.26052875,1.0,48,0.38712166666666664
0.30,vg_scale_any · dinov3_patch-max_patch,148,0.2225022291666667,0.19394725,0.27083075,1.0,48,0.38712166666666664
0.30,vg_scale_any · dinov3_patch-max_patch,149,0.22185358333333335,0.195323,0.26176225,1.0,48,0.38712166666666664
0.30,vg_scale_any · dinov3_patch-max_patch,150,0.22220116666666667,0.196709,0.26286475,1.0,48,0.38712166666666664
0.40,vg_scale_any · dinov3_patch-max_patch,0,0.38712166666666664,0.304284,0.46234925,1.0,48,0.38712166666666664
0.40,vg_scale_any · dinov3_patch-max_patch,1,,,,0.0,48,0.38712166666666664
0.40,vg_scale_any · dinov3_patch-max_patch,2,0.787662,0.787662,0.787662,0.020833333333333332,48,0.38712166666666664
0.40,vg_scale_any · dinov3_patch-max_patch,3,0.5551235,0.51737925,0.5928677499999999,0.041666666666666664,48,0.38712166666666664
0.40,vg_scale_any · dinov3_patch-max_patch,4,0.43996106250000006,0.3637585,0.54023175,1.0,48,0.38712166666666664
0.40,vg_scale_any · dinov3_patch-max_patch,5,0.4295177083333333,0.34242425,0.5252945,1.0,48,0.38712166666666664
0.40,vg_scale_any · dinov3_patch-max_patch,6,0.4346356666666667,0.35461550000000003,0.52616525,1.0,48,0.38712166666666664
0.40,vg_scale_any · dinov3_patch-max_patch,7,0.4215040833333334,0.36395875,0.48452075,1.0,48,0.38712166666666664
0.40,vg_scale_any · dinov3_patch-max_patch,8,0.4043278958333334,0.33232975000000003,0.4882465,1.0,48,0.38712166666666664
0.40,vg_scale_any · dinov3_patch-max_patch,9,0.38146002083333325,0.29714975,0.44886275,1.0,48,0.38712166666666664
0.40,vg_scale_any · dinov3_patch-max_patch,10,0.3687915208333334,0.29554499999999995,0.46511125,1.0,48,0.38712166666666664
0.40,vg_scale_any · dinov3_patch-max_patch,11,0.3597520416666667,0.27768325,0.45712525000000004,1.0,48,0.38712166666666664
0.40,vg_scale_any · dinov3_patch-max_patch,12,0.35814324999999997,0.2674525,0.45387974999999997,1.0,48,0.38712166666666664
0.40,vg_scale_any · dinov3_patch-max_patch,13,0.3439425833333334,0.25812925,0.43712475,1.0,48,0.38712166666666664
0.40,vg_scale_any · dinov3_patch-max_patch,14,0.3455267083333333,0.27071449999999997,0.44575349999999997,1.0,48,0.38712166666666664
0.40,vg_scale_any · dinov3_patch-max_patch,15,0.33614431250000004,0.2429755,0.44215475,1.0,48,0.38712166666666664
0.40,vg_scale_any · dinov3_patch-max_patch,16,0.33102729166666667,0.2412515,0.43785399999999997,1.0,48,0.38712166666666664
0.40,vg_scale_any · dinov3_patch-max_patch,17,0.31974691666666666,0.242999,0.41741,1.0,48,0.38712166666666664
0.40,vg_scale_any · dinov3_patch-max_patch,18,0.31619654166666666,0.2363635,0.41218575,1.0,48,0.38712166666666664
0.40,vg_scale_any · dinov3_patch-max_patch,19,0.3184425,0.23039475,0.4199935,1.0,48,0.38712166666666664
0.40,vg_scale_any · dinov3_patch-max_patch,20,0.31667829166666667,0.238231,0.412058,1.0,48,0.38712166666666664
0.40,vg_scale_any · dinov3_patch-max_patch,21,0.3148416875,0.24281675,0.40148575,1.0,48,0.38712166666666664
0.40,vg_scale_any · dinov3_patch-max_patch,22,0.309515875,0.233769,0.39628825,1.0,48,0.38712166666666664
0.40,vg_scale_any · dinov3_patch-max_patch,23,0.29884829166666665,0.23113725,0.3825685,1.0,48,0.38712166666666664
0.40,vg_scale_any · dinov3_patch-max_patch,24,0.2917390833333333,0.2253605,0.37392825,1.0,48,0.38712166666666664
0.40,vg_scale_any · dinov3_patch-max_patch,25,0.2886503125,0.2328255,0.3605435,1.0,48,0.38712166666666664
0.40,vg_scale_any · dinov3_patch-max_patch,26,0.29162133333333334,0.23643575,0.36352925,1.0,48,0.38712166666666664
0.40,vg_scale_any · dinov3_patch-max_patch,27,0.28984591666666665,0.237129,0.36582175,1.0,48,0.38712166666666664
0.40,vg_scale_any · dinov3_patch-max_patch,28,0.28899183333333334,0.23952125,0.37049774999999996,1.0,48,0.38712166666666664
0.40,vg_scale_any · dinov3_patch-max_patch,29,0.2847715625,0.23019725,0.36502375,1.0,48,0.38712166666666664
0.40,vg_scale_any · dinov3_patch-max_patch,30,0.27680931249999996,0.21471174999999998,0.36734049999999996,1.0,48,0.38712166666666664
0.40,vg_scale_any · dinov3_patch-max_patch,31,0.27826260416666665,0.23149,0.360414,1.0,48,0.38712166666666664
0.40,vg_scale_any · dinov3_patch-max_patch,32,0.273953,0.227106,0.33739874999999997,1.0,48,0.38712166666666664
0.40,vg_scale_any · dinov3_patch-max_patch,33,0.27253445833333334,0.21603275,0.343068,1.0,48,0.38712166666666664
0.40,vg_scale_any · dinov3_patch-max_patch,34,0.2696457291666667,0.222372,0.31118725,1.0,48,0.38712166666666664
0.40,vg_scale_any · dinov3_patch-max_patch,35,0.2652083125,0.21680775,0.3085315,1.0,48,0.38712166666666664
0.40,vg_scale_any · dinov3_patch-max_patch,36,0.26404658333333336,0.21628825,0.30413875,1.0,48,0.38712166666666664
0.40,vg_scale_any · dinov3_patch-max_patch,37,0.25875572916666667,0.20087975,0.295043,1.0,48,0.38712166666666664
0.40,vg_scale_any · dinov3_patch-max_patch,38,0.25520625,0.196983,0.29935625,1.0,48,0.38712166666666664
0.40,vg_scale_any · dinov3_patch-max_patch,39,0.2590803333333333,0.19826,0.30378925,1.0,48,0.38712166666666664
0.40,vg_scale_any · dinov3_patch-max_patch,40,0.25264733333333333,0.19301725,0.302668,1.0,48,0.38712166666666664
0.40,vg_scale_any · dinov3_patch-max_patch,41,0.2524482708333333,0.20082775,0.295759,1.0,48,0.38712166666666664
0.40,vg_scale_any · dinov3_patch-max_patch,42,0.25502658333333333,0.19697499999999998,0.3040645,1.0,48,0.38712166666666664
0.40,vg_scale_any · dinov3_patch-max_patch,43,0.25646920833333336,0.21091525,0.3034055,1.0,48,0.38712166666666664
0.40,vg_scale_any · dinov3_patch-max_patch,44,0.25434399999999996,0.2008705,0.30018575,1.0,48,0.38712166666666664
0.40,vg_scale_any · dinov3_patch-max_patch,45,0.25026020833333334,0.205453,0.3047925,1.0,48,0.38712166666666664
0.40,vg_scale_any · dinov3_patch-max_patch,46,0.2459250625,0.2054675,0.296022,1.0,48,0.38712166666666664
0.40,vg_scale_any · dinov3_patch-max_patch,47,0.2480059166666667,0.20539425,0.30818375,1.0,48,0.38712166666666664
0.40,vg_scale_any · dinov3_patch-max_patch,48,0.2511412708333333,0.21252949999999998,0.31326175,1.0,48,0.38712166666666664
0.40,vg_scale_any · dinov3_patch-max_patch,49,0.25248997916666666,0.21011625,0.31896825,1.0,48,0.38712166666666664
0.40,vg_scale_any · dinov3_patch-max_patch,50,0.25010697916666663,0.20423,0.30443725,1.0,48,0.38712166666666664
0.40,vg_scale_any · dinov3_patch-max_patch,51,0.24448810416666666,0.20037,0.30452125,1.0,48,0.38712166666666664
0.40,vg_scale_any · dinov3_patch-max_patch,52,0.24357879166666666,0.19681475,0.30810125,1.0,48,0.38712166666666664
0.40,vg_scale_any · dinov3_patch-max_patch,53,0.24414810416666666,0.208235,0.304789,1.0,48,0.38712166666666664
0.40,vg_scale_any · dinov3_patch-max_patch,54,0.24303802083333334,0.20666,0.30711825,1.0,48,0.38712166666666664
0.40,vg_scale_any · dinov3_patch-max_patch,55,0.24310545833333333,0.204956,0.2997575,1.0,48,0.38712166666666664
0.40,vg_scale_any · dinov3_patch-max_patch,56,0.24365383333333332,0.20784350000000001,0.29540299999999997,1.0,48,0.38712166666666664
0.40,vg_scale_any · dinov3_patch-max_patch,57,0.24476104166666668,0.2126305,0.30256525,1.0,48,0.38712166666666664
0.40,vg_scale_any · dinov3_patch-max_patch,58,0.24666297916666668,0.2101785,0.29333050000000005,1.0,48,0.38712166666666664
0.40,vg_scale_any · dinov3_patch-max_patch,59,0.244941,0.21073475,0.2976535,1.0,48,0.38712166666666664
0.40,vg_scale_any · dinov3_patch-max_patch,60,0.2468108333333333,0.210989,0.30438475,1.0,48,0.38712166666666664
0.40,vg_scale_any · dinov3_patch-max_patch,61,0.2460522291666667,0.204756,0.30727574999999996,1.0,48,0.38712166666666664
0.40,vg_scale_any · dinov3_patch-max_patch,62,0.24785452083333334,0.20914149999999998,0.30087025,1.0,48,0.38712166666666664
0.40,vg_scale_any · dinov3_patch-max_patch,63,0.24086760416666667,0.202412,0.29742225,1.0,48,0.38712166666666664
0.40,vg_scale_any · dinov3_patch-max_patch,64,0.24558018750000002,0.221348,0.29303075,1.0,48,0.38712166666666664
0.40,vg_scale_any · dinov3_patch-max_patch,65,0.24617864583333335,0.22103175,0.29301925,1.0,48,0.38712166666666664
0.40,vg_scale_any · dinov3_patch-max_patch,66,0.241453375,0.20761649999999998,0.289552,1.0,48,0.38712166666666664
0.40,vg_scale_any · dinov3_patch-max_patch,67,0.2407976875,0.20628325,0.2899945,1.0,48,0.38712166666666664
0.40,vg_scale_any · dinov3_patch-max_patch,68,0.2397034583333333,0.21444825,0.28740175,1.0,48,0.38712166666666664
0.40,vg_scale_any · dinov3_patch-max_patch,69,0.23487727083333332,0.20191,0.287258,1.0,48,0.38712166666666664
0.40,vg_scale_any · dinov3_patch-max_patch,70,0.23599854166666667,0.19193700000000002,0.2824435,1.0,48,0.38712166666666664
0.40,vg_scale_any · dinov3_patch-max_patch,71,0.23544525000000002,0.19942425,0.2825255,1.0,48,0.38712166666666664
0.40,vg_scale_any · dinov3_patch-max_patch,72,0.2372884583333333,0.1950175,0.2804215,1.0,48,0.38712166666666664
0.40,vg_scale_any · dinov3_patch-max_patch,73,0.23723062500000003,0.19884375,0.28456075,1.0,48,0.38712166666666664
0.40,vg_scale_any · dinov3_patch-max_patch,74,0.23501312499999996,0.19874725,0.29013900000000004,1.0,48,0.38712166666666664
0.40,vg_scale_any · dinov3_patch-max_patch,75,0.23664885416666662,0.19999,0.29298375,1.0,48,0.38712166666666664
0.40,vg_scale_any · dinov3_patch-max_patch,76,0.23650489583333334,0.20393499999999998,0.297322,1.0,48,0.38712166666666664
0.40,vg_scale_any · dinov3_patch-max_patch,77,0.23364668749999998,0.19693875,0.29401325,1.0,48,0.38712166666666664
0.40,vg_scale_any · dinov3_patch-max_patch,78,0.2321351458333333,0.19233725,0.2930565,1.0,48,0.38712166666666664
0.40,vg_scale_any · dinov3_patch-max_patch,79,0.23374466666666668,0.19204100000000002,0.29488775,1.0,48,0.38712166666666664
0.40,vg_scale_any · dinov3_patch-max_patch,80,0.23420256250000002,0.19422425,0.295101,1.0,48,0.38712166666666664
0.40,vg_scale_any · dinov3_patch-max_patch,81,0.23354104166666664,0.19334775,0.2869795,1.0,48,0.38712166666666664
0.40,vg_scale_any · dinov3_patch-max_patch,82,0.2326256875,0.19383,0.289454,1.0,48,0.38712166666666664
0.40,vg_scale_any · dinov3_patch-max_patch,83,0.2313708333333333,0.18734625,0.28812175,1.0,48,0.38712166666666664
0.40,vg_scale_any · dinov3_patch-max_patch,84,0.23175870833333334,0.19077249999999998,0.28835350000000004,1.0,48,0.38712166666666664
0.40,vg_scale_any · dinov3_patch-max_patch,85,0.23241589583333333,0.1874555,0.29552825,1.0,48,0.38712166666666664
0.40,vg_scale_any · dinov3_patch-max_patch,86,0.23105760416666668,0.19057475000000001,0.294747,1.0,48,0.38712166666666664
0.40,vg_scale_any · dinov3_patch-max_patch,87,0.22934664583333333,0.1920125,0.28277800000000003,1.0,48,0.38712166666666664
0.40,vg_scale_any · dinov3_patch-max_patch,88,0.22691485416666665,0.191796,0.28417125,1.0,48,0.38712166666666664
0.40,vg_scale_any · dinov3_patch-max_patch,89,0.22857010416666665,0.19200574999999998,0.28419525,1.0,48,0.38712166666666664
0.40,vg_scale_any · dinov3_patch-max_patch,90,0.230978625,0.19202375,0.287608,1.0,48,0.38712166666666664
0.40,vg_scale_any · dinov3_patch-max_patch,91,0.22795616666666665,0.19390475,0.27458875,1.0,48,0.38712166666666664
0.40,vg_scale_any · dinov3_patch-max_patch,92,0.2251245208333333,0.18730425,0.27990025,1.0,48,0.38712166666666664
0.40,vg_scale_any · dinov3_patch-max_patch,93,0.22988091666666666,0.195078,0.27798725,1.0,48,0.38712166666666664
0.40,vg_scale_any · dinov3_patch-max_patch,94,0.23112927083333334,0.19639425,0.28686225,1.0,48,0.38712166666666664
0.40,vg_scale_any · dinov3_patch-max_patch,95,0.2320284791666667,0.195158,0.287904,1.0,48,0.38712166666666664
0.40,vg_scale_any · dinov3_patch-max_patch,96,0.23283958333333335,0.19117625,0.28907525,1.0,48,0.38712166666666664
0.40,vg_scale_any · dinov3_patch-max_patch,97,0.23308143750000002,0.194959,0.28494800000000003,1.0,48,0.38712166666666664
0.40,vg_scale_any · dinov3_patch-max_patch,98,0.23373433333333335,0.19047225,0.28484,1.0,48,0.38712166666666664
0.40,vg_scale_any · dinov3_patch-max_patch,99,0.23249035416666666,0.195877,0.2860855,1.0,48,0.38712166666666664
0.40,vg_scale_any · dinov3_patch-max_patch,100,0.23278433333333334,0.19922099999999998,0.2932795,1.0,48,0.38712166666666664
0.40,vg_scale_any · dinov3_patch-max_patch,101,0.23162108333333334,0.19822099999999998,0.285583,1.0,48,0.38712166666666664
0.40,vg_scale_any · dinov3_patch-max_patch,102,0.23108404166666666,0.20128975,0.28898175000000004,1.0,48,0.38712166666666664
0.40,vg_scale_any · dinov3_patch-max_patch,103,0.23113831250000003,0.19677875,0.28005975,1.0,48,0.38712166666666664
0.40,vg_scale_any · dinov3_patch-max_patch,104,0.2312957708333333,0.19962449999999998,0.27386175,1.0,48,0.38712166666666664
0.40,vg_scale_any · dinov3_patch-max_patch,105,0.23057485416666668,0.20271699999999998,0.28143925,1.0,48,0.38712166666666664
0.40,vg_scale_any · dinov3_patch-max_patch,106,0.23306300000000002,0.202261,0.2881225,1.0,48,0.38712166666666664
0.40,vg_scale_any · dinov3_patch-max_patch,107,0.23299568750000002,0.198186,0.28438175,1.0,48,0.38712166666666664
0.40,vg_scale_any · dinov3_patch-max_patch,108,0.2324578125,0.19302875,0.2907805,1.0,48,0.38712166666666664
0.40,vg_scale_any · dinov3_patch-max_patch,109,0.2311260625,0.1961525,0.28904025,1.0,48,0.38712166666666664
0.40,vg_scale_any · dinov3_patch-max_patch,110,0.23142025,0.1937525,0.29497225000000005,1.0,48,0.38712166666666664
0.40,vg_scale_any · dinov3_patch-max_patch,111,0.23094460416666665,0.2009005,0.29142125,1.0,48,0.38712166666666664
0.40,vg_scale_any · dinov3_patch-max_patch,112,0.23084754166666666,0.192591,0.28157725,1.0,48,0.38712166666666664
0.40,vg_scale_any · dinov3_patch-max_patch,113,0.22931120833333338,0.19550275,0.2873215,1.0,48,0.38712166666666664
0.40,vg_scale_any · dinov3_patch-max_patch,114,0.22803279166666668,0.19399225,0.28185825,1.0,48,0.38712166666666664
0.40,vg_scale_any · dinov3_patch-max_patch,115,0.22849731250000002,0.1889805,0.28445275000000003,1.0,48,0.38712166666666664
0.40,vg_scale_any · dinov3_patch-max_patch,116,0.22278479166666665,0.19908775,0.27008675,1.0,48,0.38712166666666664
0.40,vg_scale_any · dinov3_patch-max_patch,117,0.22301097916666668,0.19394825000000002,0.277065,1.0,48,0.38712166666666664
0.40,vg_scale_any · dinov3_patch-max_patch,118,0.2205792708333333,0.19089475,0.27112075,1.0,48,0.38712166666666664
0.40,vg_scale_any · dinov3_patch-max_patch,119,0.22306520833333332,0.192646,0.273549,1.0,48,0.38712166666666664
0.40,vg_scale_any · dinov3_patch-max_patch,120,0.222631125,0.1959745,0.27179725,1.0,48,0.38712166666666664
0.40,vg_scale_any · dinov3_patch-max_patch,121,0.2237532916666667,0.194753,0.2763215,1.0,48,0.38712166666666664
0.40,vg_scale_any · dinov3_patch-max_patch,122,0.22559210416666667,0.19752825,0.28251075,1.0,48,0.38712166666666664
0.40,vg_scale_any · dinov3_patch-max_patch,123,0.22633635416666667,0.199325,0.28495775,1.0,48,0.38712166666666664
0.40,vg_scale_any · dinov3_patch-max_patch,124,0.22523481250000002,0.1869805,0.28354625,1.0,48,0.38712166666666664
0.40,vg_scale_any · dinov3_patch-max_patch,125,0.2227503333333333,0.189825,0.27664575,1.0,48,0.38712166666666664
0.40,vg_scale_any · dinov3_patch-max_patch,126,0.22396179166666666,0.19370425,0.2797665,1.0,48,0.38712166666666664
0.40,vg_scale_any · dinov3_patch-max_patch,127,0.22078541666666665,0.1946705,0.275741,1.0,48,0.38712166666666664
0.40,vg_scale_any · dinov3_patch-max_patch,128,0.22365274999999998,0.19493175000000001,0.27951024999999996,1.0,48,0.38712166666666664
0.40,vg_scale_any · dinov3_patch-max_patch,129,0.223557,0.1985235,0.28100725000000004,1.0,48,0.38712166666666664
0.40,vg_scale_any · dinov3_patch-max_patch,130,0.22365929166666665,0.195791,0.28072775,1.0,48,0.38712166666666664
0.40,vg_scale_any · dinov3_patch-max_patch,131,0.2250530833333333,0.19646575,0.28662350000000003,1.0,48,0.38712166666666664
0.40,vg_scale_any · dinov3_patch-max_patch,132,0.22557564583333334,0.19110850000000001,0.28072425,1.0,48,0.38712166666666664
0.40,vg_scale_any · dinov3_patch-max_patch,133,0.2248107916666667,0.19123800000000002,0.282121,1.0,48,0.38712166666666664
0.40,vg_scale_any · dinov3_patch-max_patch,134,0.22458791666666666,0.192508,0.28203725,1.0,48,0.38712166666666664
0.40,vg_scale_any · dinov3_patch-max_patch,135,0.22398291666666667,0.19415925,0.2804225,1.0,48,0.38712166666666664
0.40,vg_scale_any · dinov3_patch-max_patch,136,0.22630137500000003,0.19830525,0.283752,1.0,48,0.38712166666666664
0.40,vg_scale_any · dinov3_patch-max_patch,137,0.22556360416666665,0.20297625,0.280179,1.0,48,0.38712166666666664
0.40,vg_scale_any · dinov3_patch-max_patch,138,0.224812125,0.195646,0.2810595,1.0,48,0.38712166666666664
0.40,vg_scale_any · dinov3_patch-max_patch,139,0.22454039583333332,0.191008,0.28684725,1.0,48,0.38712166666666664
0.40,vg_scale_any · dinov3_patch-max_patch,140,0.22692254166666667,0.189268,0.28966725,1.0,48,0.38712166666666664
0.40,vg_scale_any · dinov3_patch-max_patch,141,0.22573370833333337,0.18365175,0.2821375,1.0,48,0.38712166666666664
0.40,vg_scale_any · dinov3_patch-max_patch,142,0.22612183333333333,0.189721,0.28328675000000003,1.0,48,0.38712166666666664
0.40,vg_scale_any · dinov3_patch-max_patch,143,0.22259258333333332,0.18599300000000002,0.27427175000000004,1.0,48,0.38712166666666664
0.40,vg_scale_any · dinov3_patch-max_patch,144,0.22088214583333332,0.18065225000000001,0.2733775,1.0,48,0.38712166666666664
0.40,vg_scale_any · dinov3_patch-max_patch,145,0.22099358333333333,0.17965799999999998,0.2739745,1.0,48,0.38712166666666664
0.40,vg_scale_any · dinov3_patch-max_patch,146,0.2213233125,0.18075950000000002,0.27257175,1.0,48,0.38712166666666664
0.40,vg_scale_any · dinov3_patch-max_patch,147,0.22066583333333334,0.1843475,0.27401625,1.0,48,0.38712166666666664
0.40,vg_scale_any · dinov3_patch-max_patch,148,0.22146764583333334,0.1884215,0.27765525,1.0,48,0.38712166666666664
0.40,vg_scale_any · dinov3_patch-max_patch,149,0.22070458333333334,0.1888205,0.2764635,1.0,48,0.38712166666666664
0.40,vg_scale_any · dinov3_patch-max_patch,150,0.22156833333333328,0.18852125,0.27219575,1.0,48,0.38712166666666664
0.50,vg_scale_any · dinov3_patch-max_patch,0,0.38712166666666664,0.304284,0.46234925,1.0,48,0.38712166666666664
0.50,vg_scale_any · dinov3_patch-max_patch,1,,,,0.0,48,0.38712166666666664
0.50,vg_scale_any · dinov3_patch-max_patch,2,0.787662,0.787662,0.787662,0.020833333333333332,48,0.38712166666666664
0.50,vg_scale_any · dinov3_patch-max_patch,3,0.5551235,0.51737925,0.5928677499999999,0.041666666666666664,48,0.38712166666666664
0.50,vg_scale_any · dinov3_patch-max_patch,4,0.43996106250000006,0.3637585,0.54023175,1.0,48,0.38712166666666664
0.50,vg_scale_any · dinov3_patch-max_patch,5,0.42912706249999993,0.34076474999999995,0.536456,1.0,48,0.38712166666666664
0.50,vg_scale_any · dinov3_patch-max_patch,6,0.4340898958333334,0.35517225,0.5098382499999999,1.0,48,0.38712166666666664
0.50,vg_scale_any · dinov3_patch-max_patch,7,0.4201958125,0.363193,0.48386975,1.0,48,0.38712166666666664
0.50,vg_scale_any · dinov3_patch-max_patch,8,0.39711510416666657,0.324083,0.48021,1.0,48,0.38712166666666664
0.50,vg_scale_any · dinov3_patch-max_patch,9,0.39336329166666667,0.321205,0.47260425,1.0,48,0.38712166666666664
0.50,vg_scale_any · dinov3_patch-max_patch,10,0.3852087708333333,0.307986,0.48003799999999996,1.0,48,0.38712166666666664
0.50,vg_scale_any · dinov3_patch-max_patch,11,0.3713262499999999,0.29469225,0.468308,1.0,48,0.38712166666666664
0.50,vg_scale_any · dinov3_patch-max_patch,12,0.3665744583333333,0.287618,0.4596525,1.0,48,0.38712166666666664
0.50,vg_scale_any · dinov3_patch-max_patch,13,0.3536341666666667,0.27380375,0.4606515,1.0,48,0.38712166666666664
0.50,vg_scale_any · dinov3_patch-max_patch,14,0.35218525,0.290307,0.451195,1.0,48,0.38712166666666664
0.50,vg_scale_any · dinov3_patch-max_patch,15,0.3482539375,0.26428375,0.4464085,1.0,48,0.38712166666666664
0.50,vg_scale_any · dinov3_patch-max_patch,16,0.3426784583333333,0.2704135,0.43651175000000003,1.0,48,0.38712166666666664
0.50,vg_scale_any · dinov3_patch-max_patch,17,0.34250939583333334,0.25842224999999996,0.43376725,1.0,48,0.38712166666666664
0.50,vg_scale_any · dinov3_patch-max_patch,18,0.3372423541666667,0.26148375,0.431229,1.0,48,0.38712166666666664
0.50,vg_scale_any · dinov3_patch-max_patch,19,0.33629331250000005,0.25597875000000003,0.43021699999999996,1.0,48,0.38712166666666664
0.50,vg_scale_any · dinov3_patch-max_patch,20,0.3285297291666666,0.2552585,0.42540325,1.0,48,0.38712166666666664
0.50,vg_scale_any · dinov3_patch-max_patch,21,0.32800291666666664,0.26181499999999996,0.42263875,1.0,48,0.38712166666666664
0.50,vg_scale_any · dinov3_patch-max_patch,22,0.32071570833333335,0.25410275,0.40960549999999996,1.0,48,0.38712166666666664
0.50,vg_scale_any · dinov3_patch-max_patch,23,0.3113048958333333,0.2655865,0.38397175,1.0,48,0.38712166666666664
0.50,vg_scale_any · dinov3_patch-max_patch,24,0.29932479166666665,0.25652025,0.36414625,1.0,48,0.38712166666666664
0.50,vg_scale_any · dinov3_patch-max_patch,25,0.2987351875,0.2476575,0.36774249999999997,1.0,48,0.38712166666666664
0.50,vg_scale_any · dinov3_patch-max_patch,26,0.28751927083333334,0.24239175,0.35729675,1.0,48,0.38712166666666664
0.50,vg_scale_any · dinov3_patch-max_patch,27,0.289234125,0.24419800000000003,0.368335,1.0,48,0.38712166666666664
0.50,vg_scale_any · dinov3_patch-max_patch,28,0.28495810416666667,0.21605625,0.37121875,1.0,48,0.38712166666666664
0.50,vg_scale_any · dinov3_patch-max_patch,29,0.2837504791666667,0.22465275,0.37585875,1.0,48,0.38712166666666664
0.50,vg_scale_any · dinov3_patch-max_patch,30,0.2730480416666667,0.21014575000000002,0.33654975,1.0,48,0.38712166666666664
0.50,vg_scale_any · dinov3_patch-max_patch,31,0.27598077083333333,0.215361,0.33844125,1.0,48,0.38712166666666664
0.50,vg_scale_any · dinov3_patch-max_patch,32,0.271264,0.20706575,0.3195445,1.0,48,0.38712166666666664
0.50,vg_scale_any · dinov3_patch-max_patch,33,0.27183935416666666,0.20464575000000002,0.341348,1.0,48,0.38712166666666664
0.50,vg_scale_any · dinov3_patch-max_patch,34,0.2714347291666666,0.19785175,0.324103,1.0,48,0.38712166666666664
0.50,vg_scale_any · dinov3_patch-max_patch,35,0.27261522916666664,0.2015765,0.33779499999999996,1.0,48,0.38712166666666664
0.50,vg_scale_any · dinov3_patch-max_patch,36,0.2715283958333334,0.19268775,0.33186025,1.0,48,0.38712166666666664
0.50,vg_scale_any · dinov3_patch-max_patch,37,0.264055875,0.19423925,0.32869675,1.0,48,0.38712166666666664
0.50,vg_scale_any · dinov3_patch-max_patch,38,0.2627575833333333,0.19261899999999998,0.33014899999999997,1.0,48,0.38712166666666664
0.50,vg_scale_any · dinov3_patch-max_patch,39,0.26102331250000005,0.199439,0.32628475,1.0,48,0.38712166666666664
0.50,vg_scale_any · dinov3_patch-max_patch,40,0.26428783333333333,0.19354625,0.33177724999999997,1.0,48,0.38712166666666664
0.50,vg_scale_any · dinov3_patch-max_patch,41,0.26223927083333337,0.2061965,0.33715025,1.0,48,0.38712166666666664
0.50,vg_scale_any · dinov3_patch-max_patch,42,0.26447645833333333,0.20465250000000001,0.34122725,1.0,48,0.38712166666666664
0.50,vg_scale_any · dinov3_patch-max_patch,43,0.2665608541666667,0.20672200000000002,0.31400975000000003,1.0,48,0.38712166666666664
0.50,vg_scale_any · dinov3_patch-max_patch,44,0.2641738125,0.2116105,0.322322,1.0,48,0.38712166666666664
0.50,vg_scale_any · dinov3_patch-max_patch,45,0.2577866041666667,0.198116,0.31479575000000004,1.0,48,0.38712166666666664
0.50,vg_scale_any · dinov3_patch-max_patch,46,0.25478575000000003,0.19826575,0.316963,1.0,48,0.38712166666666664
0.50,vg_scale_any · dinov3_patch-max_patch,47,0.25395018750000004,0.19050175,0.30738325,1.0,48,0.38712166666666664
0.50,vg_scale_any · dinov3_patch-max_patch,48,0.25276997916666666,0.20201025,0.30545925,1.0,48,0.38712166666666664
0.50,vg_scale_any · dinov3_patch-max_patch,49,0.2525255,0.1959145,0.3007985,1.0,48,0.38712166666666664
0.50,vg_scale_any · dinov3_patch-max_patch,50,0.2512794166666667,0.20388625,0.29362374999999996,1.0,48,0.38712166666666664
0.50,vg_scale_any · dinov3_patch-max_patch,51,0.25196185416666667,0.20180075,0.3094685,1.0,48,0.38712166666666664
0.50,vg_scale_any · dinov3_patch-max_patch,52,0.24809141666666668,0.20073049999999998,0.294364,1.0,48,0.38712166666666664
0.50,vg_scale_any · dinov3_patch-max_patch,53,0.24903827083333333,0.2020205,0.30205325000000005,1.0,48,0.38712166666666664
0.50,vg_scale_any · dinov3_patch-max_patch,54,0.25220216666666667,0.22066049999999998,0.3133705,1.0,48,0.38712166666666664
0.50,vg_scale_any · dinov3_patch-max_patch,55,0.24984045833333335,0.21270425,0.303073,1.0,48,0.38712166666666664
0.50,vg_scale_any · dinov3_patch-max_patch,56,0.25088333333333335,0.21044474999999999,0.3109865,1.0,48,0.38712166666666664
0.50,vg_scale_any · dinov3_patch-max_patch,57,0.2494112291666667,0.20779199999999998,0.3040005,1.0,48,0.38712166666666664
0.50,vg_scale_any · dinov3_patch-max_patch,58,0.24997591666666666,0.21425,0.30757049999999997,1.0,48,0.38712166666666664
0.50,vg_scale_any · dinov3_patch-max_patch,59,0.25196945833333334,0.21399175,0.30300900000000003,1.0,48,0.38712166666666664
0.50,vg_scale_any · dinov3_patch-max_patch,60,0.24858424999999998,0.21228924999999998,0.298895,1.0,48,0.38712166666666664
0.50,vg_scale_any · dinov3_patch-max_patch,61,0.24875662499999998,0.20537425,0.30360475,1.0,48,0.38712166666666664
0.50,vg_scale_any · dinov3_patch-max_patch,62,0.25048891666666667,0.2172765,0.30123225,1.0,48,0.38712166666666664
0.50,vg_scale_any · dinov3_patch-max_patch,63,0.24910570833333331,0.21754199999999999,0.29620575,1.0,48,0.38712166666666664
0.50,vg_scale_any · dinov3_patch-max_patch,64,0.24891516666666666,0.217468,0.29881025,1.0,48,0.38712166666666664
0.50,vg_scale_any · dinov3_patch-max_patch,65,0.2525382708333333,0.21244225,0.30226275,1.0,48,0.38712166666666664
0.50,vg_scale_any · dinov3_patch-max_patch,66,0.24576068750000002,0.20648224999999998,0.29694175,1.0,48,0.38712166666666664
0.50,vg_scale_any · dinov3_patch-max_patch,67,0.244222375,0.20712225,0.29068700000000003,1.0,48,0.38712166666666664
0.50,vg_scale_any · dinov3_patch-max_patch,68,0.24134070833333335,0.20117775000000002,0.28522225,1.0,48,0.38712166666666664
0.50,vg_scale_any · dinov3_patch-max_patch,69,0.23608672916666665,0.20177325000000002,0.2882035,1.0,48,0.38712166666666664
0.50,vg_scale_any · dinov3_patch-max_patch,70,0.23734435416666666,0.205005,0.28867375,1.0,48,0.38712166666666664
0.50,vg_scale_any · dinov3_patch-max_patch,71,0.23798745833333332,0.20393175,0.28694775,1.0,48,0.38712166666666664
0.50,vg_scale_any · dinov3_patch-max_patch,72,0.23794127083333336,0.20579750000000002,0.28111725,1.0,48,0.38712166666666664
0.50,vg_scale_any · dinov3_patch-max_patch,73,0.24086675,0.21067775,0.28939175,1.0,48,0.38712166666666664
0.50,vg_scale_any · dinov3_patch-max_patch,74,0.23748464583333337,0.21119625,0.29172325,1.0,48,0.38712166666666664
0.50,vg_scale_any · dinov3_patch-max_patch,75,0.2346947916666667,0.208096,0.27893075,1.0,48,0.38712166666666664
0.50,vg_scale_any · dinov3_patch-max_patch,76,0.23911791666666668,0.20887525,0.28412775,1.0,48,0.38712166666666664
0.50,vg_scale_any · dinov3_patch-max_patch,77,0.23651975000000003,0.209839,0.27501725,1.0,48,0.38712166666666664
0.50,vg_scale_any · dinov3_patch-max_patch,78,0.2354189375,0.2036645,0.27840875,1.0,48,0.38712166666666664
0.50,vg_scale_any · dinov3_patch-max_patch,79,0.23619716666666668,0.203397,0.286875,1.0,48,0.38712166666666664
0.50,vg_scale_any · dinov3_patch-max_patch,80,0.23506697916666666,0.20302775,0.280445,1.0,48,0.38712166666666664
0.50,vg_scale_any · dinov3_patch-max_patch,81,0.2367685625,0.20473349999999998,0.28064125,1.0,48,0.38712166666666664
0.50,vg_scale_any · dinov3_patch-max_patch,82,0.2355796875,0.2090805,0.2715115,1.0,48,0.38712166666666664
0.50,vg_scale_any · dinov3_patch-max_patch,83,0.23329964583333332,0.2129045,0.26870225000000003,1.0,48,0.38712166666666664
0.50,vg_scale_any · dinov3_patch-max_patch,84,0.2318285,0.20213575,0.2693405,1.0,48,0.38712166666666664
0.50,vg_scale_any · dinov3_patch-max_patch,85,0.23281695833333335,0.20273925,0.26701325,1.0,48,0.38712166666666664
0.50,vg_scale_any · dinov3_patch-max_patch,86,0.23279739583333334,0.20509125,0.27356925,1.0,48,0.38712166666666664
0.50,vg_scale_any · dinov3_patch-max_patch,87,0.23028352083333334,0.1993395,0.27334525,1.0,48,0.38712166666666664
0.50,vg_scale_any · dinov3_patch-max_patch,88,0.23167412499999998,0.20506025,0.28081825000000005,1.0,48,0.38712166666666664
0.50,vg_scale_any · dinov3_patch-max_patch,89,0.23110379166666664,0.20418,0.27449625,1.0,48,0.38712166666666664
0.50,vg_scale_any · dinov3_patch-max_patch,90,0.23104929166666666,0.2018455,0.27606474999999997,1.0,48,0.38712166666666664
0.50,vg_scale_any · dinov3_patch-max_patch,91,0.23035297916666667,0.20177175,0.27058475,1.0,48,0.38712166666666664
0.50,vg_scale_any · dinov3_patch-max_patch,92,0.23144391666666667,0.20066325000000002,0.27355825,1.0,48,0.38712166666666664
0.50,vg_scale_any · dinov3_patch-max_patch,93,0.23190785416666668,0.20288399999999998,0.27747525,1.0,48,0.38712166666666664
0.50,vg_scale_any · dinov3_patch-max_patch,94,0.22935735416666667,0.19242375,0.2760145,1.0,48,0.38712166666666664
0.50,vg_scale_any · dinov3_patch-max_patch,95,0.22859989583333332,0.187969,0.28466825,1.0,48,0.38712166666666664
0.50,vg_scale_any · dinov3_patch-max_patch,96,0.23107897916666667,0.19989725,0.28107424999999997,1.0,48,0.38712166666666664
0.50,vg_scale_any · dinov3_patch-max_patch,97,0.23099516666666667,0.20040975,0.28217925,1.0,48,0.38712166666666664
0.50,vg_scale_any · dinov3_patch-max_patch,98,0.22857204166666667,0.200701,0.27284450000000005,1.0,48,0.38712166666666664
0.50,vg_scale_any · dinov3_patch-max_patch,99,0.2285988958333333,0.2000385,0.278281,1.0,48,0.38712166666666664
0.50,vg_scale_any · dinov3_patch-max_patch,100,0.22900827083333333,0.1977045,0.27350125,1.0,48,0.38712166666666664
0.50,vg_scale_any · dinov3_patch-max_patch,101,0.228520125,0.19399675,0.27558125,1.0,48,0.38712166666666664
0.50,vg_scale_any · dinov3_patch-max_patch,102,0.2291589791666667,0.19438125,0.27258400000000005,1.0,48,0.38712166666666664
0.50,vg_scale_any · dinov3_patch-max_patch,103,0.2275533333333333,0.19155975,0.275717,1.0,48,0.38712166666666664
0.50,vg_scale_any · dinov3_patch-max_patch,104,0.228798125,0.19025675,0.27532475,1.0,48,0.38712166666666664
0.50,vg_scale_any · dinov3_patch-max_patch,105,0.2288260625,0.19001625,0.274005,1.0,48,0.38712166666666664
0.50,vg_scale_any · dinov3_patch-max_patch,106,0.23044804166666666,0.1913655,0.2776925,1.0,48,0.38712166666666664
0.50,vg_scale_any · dinov3_patch-max_patch,107,0.23048870833333335,0.19215475,0.28076575000000004,1.0,48,0.38712166666666664
0.50,vg_scale_any · dinov3_patch-max_patch,108,0.22953729166666667,0.20320675,0.27804525,1.0,48,0.38712166666666664
0.50,vg_scale_any · dinov3_patch-max_patch,109,0.2319627708333333,0.20981975,0.27920049999999996,1.0,48,0.38712166666666664
0.50,vg_scale_any · dinov3_patch-max_patch,110,0.2295885,0.203068,0.275975,1.0,48,0.38712166666666664
0.50,vg_scale_any · dinov3_patch-max_patch,111,0.23032858333333336,0.20493625,0.27947,1.0,48,0.38712166666666664
0.50,vg_scale_any · dinov3_patch-max_patch,112,0.23011327083333333,0.20719925,0.28638775,1.0,48,0.38712166666666664
0.50,vg_scale_any · dinov3_patch-max_patch,113,0.22799227083333337,0.2005625,0.2755595,1.0,48,0.38712166666666664
0.50,vg_scale_any · dinov3_patch-max_patch,114,0.22947627083333333,0.21043399999999998,0.27487725,1.0,48,0.38712166666666664
0.50,vg_scale_any · dinov3_patch-max_patch,115,0.2282995833333333,0.20422475,0.2767695,1.0,48,0.38712166666666664
0.50,vg_scale_any · dinov3_patch-max_patch,116,0.22325827083333336,0.20208025000000002,0.265534,1.0,48,0.38712166666666664
0.50,vg_scale_any · dinov3_patch-max_patch,117,0.22421597916666666,0.1958095,0.2772825,1.0,48,0.38712166666666664
0.50,vg_scale_any · dinov3_patch-max_patch,118,0.22095664583333333,0.18869175,0.27033575,1.0,48,0.38712166666666664
0.50,vg_scale_any · dinov3_patch-max_patch,119,0.2226360416666667,0.1864585,0.27494825,1.0,48,0.38712166666666664
0.50,vg_scale_any · dinov3_patch-max_patch,120,0.221638875,0.1841905,0.27076025000000004,1.0,48,0.38712166666666664
0.50,vg_scale_any · dinov3_patch-max_patch,121,0.22372083333333334,0.18936,0.2762305,1.0,48,0.38712166666666664
0.50,vg_scale_any · dinov3_patch-max_patch,122,0.22493656249999996,0.202448,0.27701775,1.0,48,0.38712166666666664
0.50,vg_scale_any · dinov3_patch-max_patch,123,0.2257831875,0.191842,0.275232,1.0,48,0.38712166666666664
0.50,vg_scale_any · dinov3_patch-max_patch,124,0.22396485416666667,0.196258,0.27520475,1.0,48,0.38712166666666664
0.50,vg_scale_any · dinov3_patch-max_patch,125,0.22208327083333335,0.1942785,0.2709225,1.0,48,0.38712166666666664
0.50,vg_scale_any · dinov3_patch-max_patch,126,0.221661875,0.2027365,0.2725065,1.0,48,0.38712166666666664
0.50,vg_scale_any · dinov3_patch-max_patch,127,0.21984202083333335,0.19531175,0.26836825,1.0,48,0.38712166666666664
0.50,vg_scale_any · dinov3_patch-max_patch,128,0.2201199583333333,0.19404375,0.26789875,1.0,48,0.38712166666666664
0.50,vg_scale_any · dinov3_patch-max_patch,129,0.22224458333333333,0.19737475,0.272248,1.0,48,0.38712166666666664
0.50,vg_scale_any · dinov3_patch-max_patch,130,0.22210135416666668,0.19555675,0.27415375,1.0,48,0.38712166666666664
0.50,vg_scale_any · dinov3_patch-max_patch,131,0.22226810416666665,0.19826225,0.2642525,1.0,48,0.38712166666666664
0.50,vg_scale_any · dinov3_patch-max_patch,132,0.22085133333333332,0.19334825,0.26589275,1.0,48,0.38712166666666664
0.50,vg_scale_any · dinov3_patch-max_patch,133,0.22001685416666664,0.19283575,0.271487,1.0,48,0.38712166666666664
0.50,vg_scale_any · dinov3_patch-max_patch,134,0.22052695833333333,0.2003965,0.26585125,1.0,48,0.38712166666666664
0.50,vg_scale_any · dinov3_patch-max_patch,135,0.2216529375,0.197701,0.27281350000000004,1.0,48,0.38712166666666664
0.50,vg_scale_any · dinov3_patch-max_patch,136,0.22174637500000002,0.198158,0.26964875,1.0,48,0.38712166666666664
0.50,vg_scale_any · dinov3_patch-max_patch,137,0.22311316666666667,0.20112925,0.27600725000000004,1.0,48,0.38712166666666664
0.50,vg_scale_any · dinov3_patch-max_patch,138,0.22075779166666668,0.19206225,0.26977225000000005,1.0,48,0.38712166666666664
0.50,vg_scale_any · dinov3_patch-max_patch,139,0.2218437291666667,0.2008775,0.26911575,1.0,48,0.38712166666666664
0.50,vg_scale_any · dinov3_patch-max_patch,140,0.2207068333333333,0.2010375,0.2720055,1.0,48,0.38712166666666664
0.50,vg_scale_any · dinov3_patch-max_patch,141,0.22071977083333336,0.1930675,0.27087525,1.0,48,0.38712166666666664
0.50,vg_scale_any · dinov3_patch-max_patch,142,0.21889264583333334,0.19669674999999998,0.268605,1.0,48,0.38712166666666664
0.50,vg_scale_any · dinov3_patch-max_patch,143,0.21862795833333334,0.196108,0.2711745,1.0,48,0.38712166666666664
0.50,vg_scale_any · dinov3_patch-max_patch,144,0.21659704166666663,0.19355325,0.26320325,1.0,48,0.38712166666666664
0.50,vg_scale_any · dinov3_patch-max_patch,145,0.2151243125,0.1922835,0.2661265,1.0,48,0.38712166666666664
0.50,vg_scale_any · dinov3_patch-max_patch,146,0.21689806250000002,0.195227,0.272933,1.0,48,0.38712166666666664
0.50,vg_scale_any · dinov3_patch-max_patch,147,0.21790558333333332,0.19173774999999998,0.28014475,1.0,48,0.38712166666666664
0.50,vg_scale_any · dinov3_patch-max_patch,148,0.2182839375,0.19541350000000002,0.27402424999999997,1.0,48,0.38712166666666664
0.50,vg_scale_any · dinov3_patch-max_patch,149,0.21671672916666665,0.187587,0.26372675,1.0,48,0.38712166666666664
0.50,vg_scale_any · dinov3_patch-max_patch,150,0.21824897916666666,0.19034675,0.27170475,1.0,48,0.38712166666666664
0.60,vg_scale_any · dinov3_patch-max_patch,0,0.38712166666666664,0.304284,0.46234925,1.0,48,0.38712166666666664
0.60,vg_scale_any · dinov3_patch-max_patch,1,,,,0.0,48,0.38712166666666664
0.60,vg_scale_any · dinov3_patch-max_patch,2,0.787662,0.787662,0.787662,0.020833333333333332,48,0.38712166666666664
0.60,vg_scale_any · dinov3_patch-max_patch,3,0.5551235,0.51737925,0.5928677499999999,0.041666666666666664,48,0.38712166666666664
0.60,vg_scale_any · dinov3_patch-max_patch,4,0.43996106250000006,0.3637585,0.54023175,1.0,48,0.38712166666666664
0.60,vg_scale_any · dinov3_patch-max_patch,5,0.42899545833333336,0.33592575,0.5239167499999999,1.0,48,0.38712166666666664
0.60,vg_scale_any · dinov3_patch-max_patch,6,0.43677800000000006,0.35454925,0.5247575,1.0,48,0.38712166666666664
0.60,vg_scale_any · dinov3_patch-max_patch,7,0.41923266666666664,0.347417,0.487675,1.0,48,0.38712166666666664
0.60,vg_scale_any · dinov3_patch-max_patch,8,0.3918041458333334,0.31940650000000004,0.4733625,1.0,48,0.38712166666666664
0.60,vg_scale_any · dinov3_patch-max_patch,9,0.3867416875,0.32096250000000004,0.46211575,1.0,48,0.38712166666666664
0.60,vg_scale_any · dinov3_patch-max_patch,10,0.3838830625,0.30772275,0.47717875,1.0,48,0.38712166666666664
0.60,vg_scale_any · dinov3_patch-max_patch,11,0.3694474791666667,0.31295150000000005,0.44653425,1.0,48,0.38712166666666664
0.60,vg_scale_any · dinov3_patch-max_patch,12,0.365302125,0.298577,0.42946725,1.0,48,0.38712166666666664
0.60,vg_scale_any · dinov3_patch-max_patch,13,0.3656843125,0.28865075,0.46479675000000004,1.0,48,0.38712166666666664
0.60,vg_scale_any · dinov3_patch-max_patch,14,0.35413243749999995,0.263296,0.45129274999999996,1.0,48,0.38712166666666664
0.60,vg_scale_any · dinov3_patch-max_patch,15,0.333294875,0.27767824999999996,0.38564775,1.0,48,0.38712166666666664
0.60,vg_scale_any · dinov3_patch-max_patch,16,0.3423576666666667,0.2719195,0.40195400000000003,1.0,48,0.38712166666666664
0.60,vg_scale_any · dinov3_patch-max_patch,17,0.32502956250000004,0.2358335,0.42135100000000003,1.0,48,0.38712166666666664
0.60,vg_scale_any · dinov3_patch-max_patch,18,0.3284470625,0.24714150000000001,0.42653025,1.0,48,0.38712166666666664
0.60,vg_scale_any · dinov3_patch-max_patch,19,0.31302566666666665,0.2409435,0.3952305,1.0,48,0.38712166666666664
0.60,vg_scale_any · dinov3_patch-max_patch,20,0.3087372291666667,0.22839875,0.39516675,1.0,48,0.38712166666666664
0.60,vg_scale_any · dinov3_patch-max_patch,21,0.3070008958333333,0.23539625,0.3719045,1.0,48,0.38712166666666664
0.60,vg_scale_any · dinov3_patch-max_patch,22,0.3031513333333334,0.22256975,0.368828,1.0,48,0.38712166666666664
0.60,vg_scale_any · dinov3_patch-max_patch,23,0.30226637500000003,0.23083525,0.36017875,1.0,48,0.38712166666666664
0.60,vg_scale_any · dinov3_patch-max_patch,24,0.28890295833333335,0.2234145,0.35847125,1.0,48,0.38712166666666664
0.60,vg_scale_any · dinov3_patch-max_patch,25,0.28742514583333334,0.22527999999999998,0.35218425000000003,1.0,48,0.38712166666666664
0.60,vg_scale_any · dinov3_patch-max_patch,26,0.28297568749999996,0.209873,0.3427985,1.0,48,0.38712166666666664
0.60,vg_scale_any · dinov3_patch-max_patch,27,0.283250125,0.219216,0.35474925,1.0,48,0.38712166666666664
0.60,vg_scale_any · dinov3_patch-max_patch,28,0.28374347916666665,0.20901475,0.382351,1.0,48,0.38712166666666664
0.60,vg_scale_any · dinov3_patch-max_patch,29,0.2815404166666667,0.210148,0.3570935,1.0,48,0.38712166666666664
0.60,vg_scale_any · dinov3_patch-max_patch,30,0.2796872083333333,0.20021975,0.35511400000000004,1.0,48,0.38712166666666664
0.60,vg_scale_any · dinov3_patch-max_patch,31,0.2811821875,0.22134725,0.3530415,1.0,48,0.38712166666666664
0.60,vg_scale_any · dinov3_patch-max_patch,32,0.28412272916666664,0.22744124999999998,0.34366075,1.0,48,0.38712166666666664
0.60,vg_scale_any · dinov3_patch-max_patch,33,0.2845979166666667,0.2272405,0.355804,1.0,48,0.38712166666666664
0.60,vg_scale_any · dinov3_patch-max_patch,34,0.28190310416666664,0.21584799999999998,0.3546995,1.0,48,0.38712166666666664
0.60,vg_scale_any · dinov3_patch-max_patch,35,0.2794331666666667,0.21505074999999998,0.34770675,1.0,48,0.38712166666666664
0.60,vg_scale_any · dinov3_patch-max_patch,36,0.280278625,0.20395924999999998,0.35163975000000003,1.0,48,0.38712166666666664
0.60,vg_scale_any · dinov3_patch-max_patch,37,0.28308197916666666,0.21767324999999998,0.354936,1.0,48,0.38712166666666664
0.60,vg_scale_any · dinov3_patch-max_patch,38,0.2741810833333333,0.2088085,0.35144925,1.0,48,0.38712166666666664
0.60,vg_scale_any · dinov3_patch-max_patch,39,0.26901533333333333,0.20691625,0.33750975,1.0,48,0.38712166666666664
0.60,vg_scale_any · dinov3_patch-max_patch,40,0.27656510416666663,0.21954774999999999,0.35808975,1.0,48,0.38712166666666664
0.60,vg_scale_any · dinov3_patch-max_patch,41,0.26916674999999995,0.218918,0.34359375,1.0,48,0.38712166666666664
0.60,vg_scale_any · dinov3_patch-max_patch,42,0.27283239583333335,0.229,0.33352675,1.0,48,0.38712166666666664
0.60,vg_scale_any · dinov3_patch-max_patch,43,0.27038287499999997,0.223765,0.3362365,1.0,48,0.38712166666666664
0.60,vg_scale_any · dinov3_patch-max_patch,44,0.27253170833333334,0.22648375,0.33283375,1.0,48,0.38712166666666664
0.60,vg_scale_any · dinov3_patch-max_patch,45,0.2694636875,0.22427075,0.33556675,1.0,48,0.38712166666666664
0.60,vg_scale_any · dinov3_patch-max_patch,46,0.2620762916666666,0.22295375,0.31029825,1.0,48,0.38712166666666664
0.60,vg_scale_any · dinov3_patch-max_patch,47,0.26004235416666666,0.2138305,0.31164125,1.0,48,0.38712166666666664
0.60,vg_scale_any · dinov3_patch-max_patch,48,0.2592104375,0.221107,0.29782775,1.0,48,0.38712166666666664
0.60,vg_scale_any · dinov3_patch-max_patch,49,0.25651433333333334,0.214542,0.310617,1.0,48,0.38712166666666664
0.60,vg_scale_any · dinov3_patch-max_patch,50,0.2552302083333333,0.206062,0.3072125,1.0,48,0.38712166666666664
0.60,vg_scale_any · dinov3_patch-max_patch,51,0.25248545833333336,0.19926149999999998,0.3101495,1.0,48,0.38712166666666664
0.60,vg_scale_any · dinov3_patch-max_patch,52,0.26054489583333335,0.2190595,0.31386474999999997,1.0,48,0.38712166666666664
0.60,vg_scale_any · dinov3_patch-max_patch,53,0.2590946041666667,0.21597899999999998,0.29930850000000003,1.0,48,0.38712166666666664
0.60,vg_scale_any · dinov3_patch-max_patch,54,0.25338947916666665,0.21854675,0.30331775,1.0,48,0.38712166666666664
0.60,vg_scale_any · dinov3_patch-max_patch,55,0.2544722291666666,0.2138225,0.30389525,1.0,48,0.38712166666666664
0.60,vg_scale_any · dinov3_patch-max_patch,56,0.25588797916666667,0.22296025,0.30912825,1.0,48,0.38712166666666664
0.60,vg_scale_any · dinov3_patch-max_patch,57,0.25583768749999997,0.221451,0.29810525,1.0,48,0.38712166666666664
0.60,vg_scale_any · dinov3_patch-max_patch,58,0.25460347916666665,0.21433950000000002,0.299295,1.0,48,0.38712166666666664
0.60,vg_scale_any · dinov3_patch-max_patch,59,0.253627125,0.2125,0.303964,1.0,48,0.38712166666666664
0.60,vg_scale_any · dinov3_patch-max_patch,60,0.2526812708333333,0.21190025,0.29266975,1.0,48,0.38712166666666664
0.60,vg_scale_any · dinov3_patch-max_patch,61,0.2510977083333334,0.2199585,0.297452,1.0,48,0.38712166666666664
0.60,vg_scale_any · dinov3_patch-max_patch,62,0.2508776875,0.22010875000000002,0.29473325,1.0,48,0.38712166666666664
0.60,vg_scale_any · dinov3_patch-max_patch,63,0.25177774999999997,0.2198655,0.28950025,1.0,48,0.38712166666666664
0.60,vg_scale_any · dinov3_patch-max_patch,64,0.2507290208333333,0.22208875,0.30016374999999995,1.0,48,0.38712166666666664
0.60,vg_scale_any · dinov3_patch-max_patch,65,0.24859266666666668,0.2154725,0.289798,1.0,48,0.38712166666666664
0.60,vg_scale_any · dinov3_patch-max_patch,66,0.24637093749999997,0.2149635,0.28719825,1.0,48,0.38712166666666664
0.60,vg_scale_any · dinov3_patch-max_patch,67,0.2449985625,0.21544175,0.29550224999999997,1.0,48,0.38712166666666664
0.60,vg_scale_any · dinov3_patch-max_patch,68,0.2404423125,0.21357075,0.2893355,1.0,48,0.38712166666666664
0.60,vg_scale_any · dinov3_patch-max_patch,69,0.23235085416666665,0.21065275,0.28480225000000003,1.0,48,0.38712166666666664
0.60,vg_scale_any · dinov3_patch-max_patch,70,0.23406091666666665,0.20445750000000001,0.27952875,1.0,48,0.38712166666666664
0.60,vg_scale_any · dinov3_patch-max_patch,71,0.2330045625,0.208991,0.2854135,1.0,48,0.38712166666666664
0.60,vg_scale_any · dinov3_patch-max_patch,72,0.23529406249999998,0.21067750000000002,0.28458574999999997,1.0,48,0.38712166666666664
0.60,vg_scale_any · dinov3_patch-max_patch,73,0.2375111666666667,0.2085475,0.28568975,1.0,48,0.38712166666666664
0.60,vg_scale_any · dinov3_patch-max_patch,74,0.23589889583333332,0.20450025,0.2785595,1.0,48,0.38712166666666664
0.60,vg_scale_any · dinov3_patch-max_patch,75,0.236781375,0.21048725,0.285895,1.0,48,0.38712166666666664
0.60,vg_scale_any · dinov3_patch-max_patch,76,0.23519966666666667,0.20768075,0.28454575,1.0,48,0.38712166666666664
0.60,vg_scale_any · dinov3_patch-max_patch,77,0.2312127291666667,0.1967665,0.28509300000000004,1.0,48,0.38712166666666664
0.60,vg_scale_any · dinov3_patch-max_patch,78,0.22847081249999998,0.19784675000000002,0.28184975,1.0,48,0.38712166666666664
0.60,vg_scale_any · dinov3_patch-max_patch,79,0.23134485416666664,0.2005545,0.28485575,1.0,48,0.38712166666666664
0.60,vg_scale_any · dinov3_patch-max_patch,80,0.2325737708333333,0.20199075,0.2881125,1.0,48,0.38712166666666664
0.60,vg_scale_any · dinov3_patch-max_patch,81,0.230105,0.2017395,0.27204,1.0,48,0.38712166666666664
0.60,vg_scale_any · dinov3_patch-max_patch,82,0.2314853958333333,0.2022375,0.276409,1.0,48,0.38712166666666664
0.60,vg_scale_any · dinov3_patch-max_patch,83,0.23045572916666668,0.1993175,0.27635425,1.0,48,0.38712166666666664
0.60,vg_scale_any · dinov3_patch-max_patch,84,0.22834472916666668,0.20124075,0.273427,1.0,48,0.38712166666666664
0.60,vg_scale_any · dinov3_patch-max_patch,85,0.22904006249999997,0.19447325000000001,0.276389,1.0,48,0.38712166666666664
0.60,vg_scale_any · dinov3_patch-max_patch,86,0.22881414583333334,0.19718125,0.2791785,1.0,48,0.38712166666666664
0.60,vg_scale_any · dinov3_patch-max_patch,87,0.2271178958333333,0.19693,0.28040925,1.0,48,0.38712166666666664
0.60,vg_scale_any · dinov3_patch-max_patch,88,0.22782672916666669,0.19782349999999999,0.279428,1.0,48,0.38712166666666664
0.60,vg_scale_any · dinov3_patch-max_patch,89,0.22769820833333332,0.1999985,0.28250275,1.0,48,0.38712166666666664
0.60,vg_scale_any · dinov3_patch-max_patch,90,0.225331625,0.19906725,0.28583800000000004,1.0,48,0.38712166666666664
0.60,vg_scale_any · dinov3_patch-max_patch,91,0.22651497916666666,0.200476,0.28134499999999996,1.0,48,0.38712166666666664
0.60,vg_scale_any · dinov3_patch-max_patch,92,0.2239788958333333,0.199975,0.27640525,1.0,48,0.38712166666666664
0.60,vg_scale_any · dinov3_patch-max_patch,93,0.2254310625,0.19532275,0.279652,1.0,48,0.38712166666666664
0.60,vg_scale_any · dinov3_patch-max_patch,94,0.22638672916666666,0.18523125,0.27733425,1.0,48,0.38712166666666664
0.60,vg_scale_any · dinov3_patch-max_patch,95,0.224185,0.192617,0.27335224999999996,1.0,48,0.38712166666666664
0.60,vg_scale_any · dinov3_patch-max_patch,96,0.22795787499999998,0.18888025,0.28082625,1.0,48,0.38712166666666664
0.60,vg_scale_any · dinov3_patch-max_patch,97,0.22610158333333333,0.188869,0.28144250000000004,1.0,48,0.38712166666666664
0.60,vg_scale_any · dinov3_patch-max_patch,98,0.22525187500000002,0.1881015,0.27306325,1.0,48,0.38712166666666664
0.60,vg_scale_any · dinov3_patch-max_patch,99,0.22300527083333332,0.19619324999999999,0.269683,1.0,48,0.38712166666666664
0.60,vg_scale_any · dinov3_patch-max_patch,100,0.23041602083333332,0.20017625,0.28022675,1.0,48,0.38712166666666664
0.60,vg_scale_any · dinov3_patch-max_patch,101,0.230318125,0.203541,0.274613,1.0,48,0.38712166666666664
0.60,vg_scale_any · dinov3_patch-max_patch,102,0.23052133333333336,0.20164925,0.2774225,1.0,48,0.38712166666666664
0.60,vg_scale_any · dinov3_patch-max_patch,103,0.23031808333333328,0.20230175,0.2761635,1.0,48,0.38712166666666664
0.60,vg_scale_any · dinov3_patch-max_patch,104,0.23080320833333334,0.20438175,0.276946,1.0,48,0.38712166666666664
0.60,vg_scale_any · dinov3_patch-max_patch,105,0.23114206250000002,0.20625275,0.2722095,1.0,48,0.38712166666666664
0.60,vg_scale_any · dinov3_patch-max_patch,106,0.23014631249999998,0.20205575,0.2780745,1.0,48,0.38712166666666664
0.60,vg_scale_any · dinov3_patch-max_patch,107,0.229371875,0.21063575,0.27545075,1.0,48,0.38712166666666664
0.60,vg_scale_any · dinov3_patch-max_patch,108,0.22959447916666664,0.20240375,0.28218475,1.0,48,0.38712166666666664
0.60,vg_scale_any · dinov3_patch-max_patch,109,0.22617993749999998,0.2017805,0.2762465,1.0,48,0.38712166666666664
0.60,vg_scale_any · dinov3_patch-max_patch,110,0.229389125,0.20578225,0.277467,1.0,48,0.38712166666666664
0.60,vg_scale_any · dinov3_patch-max_patch,111,0.2269719583333333,0.203461,0.2818615,1.0,48,0.38712166666666664
0.60,vg_scale_any · dinov3_patch-max_patch,112,0.2259654166666666,0.19752075,0.2739885,1.0,48,0.38712166666666664
0.60,vg_scale_any · dinov3_patch-max_patch,113,0.22450531249999997,0.19829575,0.27348300000000003,1.0,48,0.38712166666666664
0.60,vg_scale_any · dinov3_patch-max_patch,114,0.2282978125,0.20574,0.264751,1.0,48,0.38712166666666664
0.60,vg_scale_any · dinov3_patch-max_patch,115,0.22480652083333333,0.20228425,0.2731255,1.0,48,0.38712166666666664
0.60,vg_scale_any · dinov3_patch-max_patch,116,0.22476577083333335,0.19988675,0.27160725,1.0,48,0.38712166666666664
0.60,vg_scale_any · dinov3_patch-max_patch,117,0.22109822916666663,0.18530275,0.2713875,1.0,48,0.38712166666666664
0.60,vg_scale_any · dinov3_patch-max_patch,118,0.21882791666666668,0.17875999999999997,0.26393025,1.0,48,0.38712166666666664
0.60,vg_scale_any · dinov3_patch-max_patch,119,0.2206883333333333,0.1845515,0.2817805,1.0,48,0.38712166666666664
0.60,vg_scale_any · dinov3_patch-max_patch,120,0.2218734375,0.196025,0.28056349999999997,1.0,48,0.38712166666666664
0.60,vg_scale_any · dinov3_patch-max_patch,121,0.22287822916666666,0.2004185,0.2761555,1.0,48,0.38712166666666664
0.60,vg_scale_any · dinov3_patch-max_patch,122,0.2237482083333333,0.20822,0.27167775,1.0,48,0.38712166666666664
0.60,vg_scale_any · dinov3_patch-max_patch,123,0.22435962500000003,0.20922575000000002,0.2722075,1.0,48,0.38712166666666664
0.60,vg_scale_any · dinov3_patch-max_patch,124,0.22358760416666668,0.20350025,0.26631900000000003,1.0,48,0.38712166666666664
0.60,vg_scale_any · dinov3_patch-max_patch,125,0.2216648125,0.1843525,0.26165875000000005,1.0,48,0.38712166666666664
0.60,vg_scale_any · dinov3_patch-max_patch,126,0.2197167708333333,0.18791,0.2604565,1.0,48,0.38712166666666664
0.60,vg_scale_any · dinov3_patch-max_patch,127,0.22216114583333335,0.20265775,0.272721,1.0,48,0.38712166666666664
0.60,vg_scale_any · dinov3_patch-max_patch,128,0.2227180625,0.20216774999999998,0.27376,1.0,48,0.38712166666666664
0.60,vg_scale_any · dinov3_patch-max_patch,129,0.22334235416666667,0.195249,0.276827,1.0,48,0.38712166666666664
0.60,vg_scale_any · dinov3_patch-max_patch,130,0.22351108333333333,0.19546875000000002,0.2759375,1.0,48,0.38712166666666664
0.60,vg_scale_any · dinov3_patch-max_patch,131,0.22219722916666665,0.18848275,0.27287175,1.0,48,0.38712166666666664
0.60,vg_scale_any · dinov3_patch-max_patch,132,0.22249797916666667,0.19320575,0.26689775,1.0,48,0.38712166666666664
0.60,vg_scale_any · dinov3_patch-max_patch,133,0.2210563125,0.192457,0.2736515,1.0,48,0.38712166666666664
0.60,vg_scale_any · dinov3_patch-max_patch,134,0.22614135416666667,0.192059,0.27649075,1.0,48,0.38712166666666664
0.60,vg_scale_any · dinov3_patch-max_patch,135,0.22546806249999998,0.19164675,0.26803425,1.0,48,0.38712166666666664
0.60,vg_scale_any · dinov3_patch-max_patch,136,0.22538450000000002,0.19508425000000001,0.26819325,1.0,48,0.38712166666666664
0.60,vg_scale_any · dinov3_patch-max_patch,137,0.22336268750000002,0.19423,0.26243825,1.0,48,0.38712166666666664
0.60,vg_scale_any · dinov3_patch-max_patch,138,0.22298141666666668,0.191573,0.26381125000000005,1.0,48,0.38712166666666664
0.60,vg_scale_any · dinov3_patch-max_patch,139,0.22356047916666666,0.19511475,0.264708,1.0,48,0.38712166666666664
0.60,vg_scale_any · dinov3_patch-max_patch,140,0.22268943750000003,0.20517074999999999,0.2684105,1.0,48,0.38712166666666664
0.60,vg_scale_any · dinov3_patch-max_patch,141,0.22197908333333335,0.20007950000000002,0.26191425,1.0,48,0.38712166666666664
0.60,vg_scale_any · dinov3_patch-max_patch,142,0.21980089583333337,0.190778,0.26131975,1.0,48,0.38712166666666664
0.60,vg_scale_any · dinov3_patch-max_patch,143,0.21872479166666667,0.18930025,0.2616465,1.0,48,0.38712166666666664
0.60,vg_scale_any · dinov3_patch-max_patch,144,0.21983668749999996,0.19875575,0.26401925,1.0,48,0.38712166666666664
0.60,vg_scale_any · dinov3_patch-max_patch,145,0.2187356458333333,0.1913245,0.2667325,1.0,48,0.38712166666666664
0.60,vg_scale_any · dinov3_patch-max_patch,146,0.2188200625,0.19089,0.26431025,1.0,48,0.38712166666666664
0.60,vg_scale_any · dinov3_patch-max_patch,147,0.2220565,0.19081525000000002,0.26976125,1.0,48,0.38712166666666664
0.60,vg_scale_any · dinov3_patch-max_patch,148,0.2224295625,0.20171,0.27382775,1.0,48,0.38712166666666664
0.60,vg_scale_any · dinov3_patch-max_patch,149,0.22061704166666665,0.20258525,0.28435225,1.0,48,0.38712166666666664
0.60,vg_scale_any · dinov3_patch-max_patch,150,0.21994506249999998,0.2026015,0.2655665,1.0,48,0.38712166666666664
0.70,vg_scale_any · dinov3_patch-max_patch,0,0.38712166666666664,0.304284,0.46234925,1.0,48,0.38712166666666664
0.70,vg_scale_any · dinov3_patch-max_patch,1,,,,0.0,48,0.38712166666666664
0.70,vg_scale_any · dinov3_patch-max_patch,2,0.787662,0.787662,0.787662,0.020833333333333332,48,0.38712166666666664
0.70,vg_scale_any · dinov3_patch-max_patch,3,0.5551235,0.51737925,0.5928677499999999,0.041666666666666664,48,0.38712166666666664
0.70,vg_scale_any · dinov3_patch-max_patch,4,0.43996106250000006,0.3637585,0.54023175,1.0,48,0.38712166666666664
0.70,vg_scale_any · dinov3_patch-max_patch,5,0.42845489583333335,0.34211800000000003,0.5185915,1.0,48,0.38712166666666664
0.70,vg_scale_any · dinov3_patch-max_patch,6,0.4240175625,0.341124,0.5097225,1.0,48,0.38712166666666664
0.70,vg_scale_any · dinov3_patch-max_patch,7,0.42181608333333337,0.344027,0.50098175,1.0,48,0.38712166666666664
0.70,vg_scale_any · dinov3_patch-max_patch,8,0.40685991666666665,0.31415575,0.48880425,1.0,48,0.38712166666666664
0.70,vg_scale_any · dinov3_patch-max_patch,9,0.3956116875,0.30343325,0.50063675,1.0,48,0.38712166666666664
0.70,vg_scale_any · dinov3_patch-max_patch,10,0.3945251875,0.31179025,0.4973985,1.0,48,0.38712166666666664
0.70,vg_scale_any · dinov3_patch-max_patch,11,0.3803469791666667,0.2911655,0.47989400000000004,1.0,48,0.38712166666666664
0.70,vg_scale_any · dinov3_patch-max_patch,12,0.3550045,0.27105275,0.44917525,1.0,48,0.38712166666666664
0.70,vg_scale_any · dinov3_patch-max_patch,13,0.3587748333333333,0.2830445,0.42716875,1.0,48,0.38712166666666664
0.70,vg_scale_any · dinov3_patch-max_patch,14,0.36998106249999996,0.2920995,0.48453525,1.0,48,0.38712166666666664
0.70,vg_scale_any · dinov3_patch-max_patch,15,0.3442234166666666,0.259444,0.467059,1.0,48,0.38712166666666664
0.70,vg_scale_any · dinov3_patch-max_patch,16,0.3344526458333333,0.24635275,0.43939,1.0,48,0.38712166666666664
0.70,vg_scale_any · dinov3_patch-max_patch,17,0.33841020833333335,0.25907800000000003,0.43792825,1.0,48,0.38712166666666664
0.70,vg_scale_any · dinov3_patch-max_patch,18,0.34322633333333336,0.279487,0.428164,1.0,48,0.38712166666666664
0.70,vg_scale_any · dinov3_patch-max_patch,19,0.3351332708333333,0.27547875,0.412211,1.0,48,0.38712166666666664
0.70,vg_scale_any · dinov3_patch-max_patch,20,0.3219061458333334,0.26231899999999997,0.39758925,1.0,48,0.38712166666666664
0.70,vg_scale_any · dinov3_patch-max_patch,21,0.32152314583333336,0.26221125,0.40614849999999997,1.0,48,0.38712166666666664
0.70,vg_scale_any · dinov3_patch-max_patch,22,0.31470710416666664,0.24765825000000002,0.391644,1.0,48,0.38712166666666664
0.70,vg_scale_any · dinov3_patch-max_patch,23,0.31399620833333336,0.24408825,0.396441,1.0,48,0.38712166666666664
0.70,vg_scale_any · dinov3_patch-max_patch,24,0.3012122916666667,0.2321985,0.37905,1.0,48,0.38712166666666664
0.70,vg_scale_any · dinov3_patch-max_patch,25,0.3004920416666667,0.2276065,0.37143075000000003,1.0,48,0.38712166666666664
0.70,vg_scale_any · dinov3_patch-max_patch,26,0.28879020833333335,0.2230345,0.37374625,1.0,48,0.38712166666666664
0.70,vg_scale_any · dinov3_patch-max_patch,27,0.2891076458333333,0.22032825,0.3514855,1.0,48,0.38712166666666664
0.70,vg_scale_any · dinov3_patch-max_patch,28,0.29454679166666664,0.22906825,0.36476474999999997,1.0,48,0.38712166666666664
0.70,vg_scale_any · dinov3_patch-max_patch,29,0.288335875,0.2328105,0.382713,1.0,48,0.38712166666666664
0.70,vg_scale_any · dinov3_patch-max_patch,30,0.291567125,0.22478275,0.37540775000000004,1.0,48,0.38712166666666664
0.70,vg_scale_any · dinov3_patch-max_patch,31,0.2878588541666667,0.22874275,0.34547425,1.0,48,0.38712166666666664
0.70,vg_scale_any · dinov3_patch-max_patch,32,0.28058760416666667,0.2177985,0.34126325,1.0,48,0.38712166666666664
0.70,vg_scale_any · dinov3_patch-max_patch,33,0.27964045833333334,0.22650275,0.34423525,1.0,48,0.38712166666666664
0.70,vg_scale_any · dinov3_patch-max_patch,34,0.2754595625,0.22989375,0.33018074999999997,1.0,48,0.38712166666666664
0.70,vg_scale_any · dinov3_patch-max_patch,35,0.2767008125,0.219239,0.34976375,1.0,48,0.38712166666666664
0.70,vg_scale_any · dinov3_patch-max_patch,36,0.274929375,0.2206185,0.33607975,1.0,48,0.38712166666666664
0.70,vg_scale_any · dinov3_patch-max_patch,37,0.28156610416666666,0.2312515,0.35078525000000005,1.0,48,0.38712166666666664
0.70,vg_scale_any · dinov3_patch-max_patch,38,0.2723559583333333,0.23661025000000002,0.343066,1.0,48,0.38712166666666664
0.70,vg_scale_any · dinov3_patch-max_patch,39,0.2780265416666667,0.20297275,0.35288074999999997,1.0,48,0.38712166666666664
0.70,vg_scale_any · dinov3_patch-max_patch,40,0.2658188125,0.20822174999999998,0.32762075,1.0,48,0.38712166666666664
0.70,vg_scale_any · dinov3_patch-max_patch,41,0.26408516666666665,0.20999625,0.326436,1.0,48,0.38712166666666664
0.70,vg_scale_any · dinov3_patch-max_patch,42,0.26556529166666665,0.21513349999999998,0.32645225,1.0,48,0.38712166666666664
0.70,vg_scale_any · dinov3_patch-max_patch,43,0.26597893749999996,0.22396,0.3188105,1.0,48,0.38712166666666664
0.70,vg_scale_any · dinov3_patch-max_patch,44,0.2615351458333333,0.20357425,0.31802425,1.0,48,0.38712166666666664
0.70,vg_scale_any · dinov3_patch-max_patch,45,0.25658033333333335,0.20453349999999998,0.32415499999999997,1.0,48,0.38712166666666664
0.70,vg_scale_any · dinov3_patch-max_patch,46,0.25581133333333334,0.2068715,0.32190025,1.0,48,0.38712166666666664
0.70,vg_scale_any · dinov3_patch-max_patch,47,0.2545532916666667,0.20235875,0.30730875,1.0,48,0.38712166666666664
0.70,vg_scale_any · dinov3_patch-max_patch,48,0.25907520833333336,0.21113900000000002,0.31328100000000003,1.0,48,0.38712166666666664
0.70,vg_scale_any · dinov3_patch-max_patch,49,0.254526125,0.21480275,0.316508,1.0,48,0.38712166666666664
0.70,vg_scale_any · dinov3_patch-max_patch,50,0.2646105208333333,0.2196265,0.3335325,1.0,48,0.38712166666666664
0.70,vg_scale_any · dinov3_patch-max_patch,51,0.2578269166666667,0.19822075,0.31732899999999997,1.0,48,0.38712166666666664
0.70,vg_scale_any · dinov3_patch-max_patch,52,0.255607,0.20374125,0.3310685,1.0,48,0.38712166666666664
0.70,vg_scale_any · dinov3_patch-max_patch,53,0.25811825000000005,0.21427625,0.32423325,1.0,48,0.38712166666666664
0.70,vg_scale_any · dinov3_patch-max_patch,54,0.2662058541666667,0.22352049999999998,0.3333985,1.0,48,0.38712166666666664
0.70,vg_scale_any · dinov3_patch-max_patch,55,0.26420554166666665,0.2114045,0.33061975,1.0,48,0.38712166666666664
0.70,vg_scale_any · dinov3_patch-max_patch,56,0.2677716666666667,0.22419050000000001,0.31959625,1.0,48,0.38712166666666664
0.70,vg_scale_any · dinov3_patch-max_patch,57,0.270312875,0.2246375,0.32195524999999997,1.0,48,0.38712166666666664
0.70,vg_scale_any · dinov3_patch-max_patch,58,0.2681845,0.22276325,0.319073,1.0,48,0.38712166666666664
0.70,vg_scale_any · dinov3_patch-max_patch,59,0.2695538958333334,0.2261635,0.3288135,1.0,48,0.38712166666666664
0.70,vg_scale_any · dinov3_patch-max_patch,60,0.2627942916666667,0.21878325,0.31912324999999997,1.0,48,0.38712166666666664
0.70,vg_scale_any · dinov3_patch-max_patch,61,0.26125614583333334,0.2140915,0.3209545,1.0,48,0.38712166666666664
0.70,vg_scale_any · dinov3_patch-max_patch,62,0.2684194791666667,0.216951,0.32775224999999997,1.0,48,0.38712166666666664
0.70,vg_scale_any · dinov3_patch-max_patch,63,0.2687945,0.22458625,0.3233495,1.0,48,0.38712166666666664
0.70,vg_scale_any · dinov3_patch-max_patch,64,0.2657535,0.20613075,0.3209765,1.0,48,0.38712166666666664
0.70,vg_scale_any · dinov3_patch-max_patch,65,0.2664743333333333,0.207315,0.31064625,1.0,48,0.38712166666666664
0.70,vg_scale_any · dinov3_patch-max_patch,66,0.26656239583333335,0.2056765,0.32092200000000004,1.0,48,0.38712166666666664
0.70,vg_scale_any · dinov3_patch-max_patch,67,0.25976308333333337,0.20599925,0.31594975,1.0,48,0.38712166666666664
0.70,vg_scale_any · dinov3_patch-max_patch,68,0.2562662083333333,0.208813,0.3163375,1.0,48,0.38712166666666664
0.70,vg_scale_any · dinov3_patch-max_patch,69,0.25020662499999996,0.20194974999999998,0.30469349999999995,1.0,48,0.38712166666666664
0.70,vg_scale_any · dinov3_patch-max_patch,70,0.24830181249999997,0.21234175,0.30244825,1.0,48,0.38712166666666664
0.70,vg_scale_any · dinov3_patch-max_patch,71,0.2497713541666667,0.20021699999999998,0.310716,1.0,48,0.38712166666666664
0.70,vg_scale_any · dinov3_patch-max_patch,72,0.25046108333333333,0.20714025,0.2961215,1.0,48,0.38712166666666664
0.70,vg_scale_any · dinov3_patch-max_patch,73,0.2519756041666667,0.21198475,0.300747,1.0,48,0.38712166666666664
0.70,vg_scale_any · dinov3_patch-max_patch,74,0.24887574999999998,0.20411200000000002,0.3040015,1.0,48,0.38712166666666664
0.70,vg_scale_any · dinov3_patch-max_patch,75,0.24224625,0.203491,0.30159025,1.0,48,0.38712166666666664
0.70,vg_scale_any · dinov3_patch-max_patch,76,0.24537277083333334,0.19737075,0.30223,1.0,48,0.38712166666666664
0.70,vg_scale_any · dinov3_patch-max_patch,77,0.24219922916666667,0.19590375,0.29813725,1.0,48,0.38712166666666664
0.70,vg_scale_any · dinov3_patch-max_patch,78,0.24368975,0.2050895,0.29586999999999997,1.0,48,0.38712166666666664
0.70,vg_scale_any · dinov3_patch-max_patch,79,0.24398066666666665,0.1974825,0.29684925,1.0,48,0.38712166666666664
0.70,vg_scale_any · dinov3_patch-max_patch,80,0.2449955208333333,0.1988835,0.30284425000000004,1.0,48,0.38712166666666664
0.70,vg_scale_any · dinov3_patch-max_patch,81,0.2483195,0.20025175,0.30751475,1.0,48,0.38712166666666664
0.70,vg_scale_any · dinov3_patch-max_patch,82,0.2512691875,0.19545400000000002,0.3055365,1.0,48,0.38712166666666664
0.70,vg_scale_any · dinov3_patch-max_patch,83,0.2438026875,0.19778975,0.30888825,1.0,48,0.38712166666666664
0.70,vg_scale_any · dinov3_patch-max_patch,84,0.24140379166666667,0.198364,0.30299725,1.0,48,0.38712166666666664
0.70,vg_scale_any · dinov3_patch-max_patch,85,0.2343720625,0.19596425,0.29353575,1.0,48,0.38712166666666664
0.70,vg_scale_any · dinov3_patch-max_patch,86,0.23998008333333334,0.195348,0.29778625000000003,1.0,48,0.38712166666666664
0.70,vg_scale_any · dinov3_patch-max_patch,87,0.23745341666666667,0.19850725,0.28202225,1.0,48,0.38712166666666664
0.70,vg_scale_any · dinov3_patch-max_patch,88,0.2360161666666667,0.20115175,0.283651,1.0,48,0.38712166666666664
0.70,vg_scale_any · dinov3_patch-max_patch,89,0.23682683333333332,0.206677,0.289647,1.0,48,0.38712166666666664
0.70,vg_scale_any · dinov3_patch-max_patch,90,0.23521558333333334,0.20058900000000002,0.27909849999999997,1.0,48,0.38712166666666664
0.70,vg_scale_any · dinov3_patch-max_patch,91,0.23346070833333332,0.197507,0.27729975,1.0,48,0.38712166666666664
0.70,vg_scale_any · dinov3_patch-max_patch,92,0.2389252708333333,0.20093575,0.28438800000000003,1.0,48,0.38712166666666664
0.70,vg_scale_any · dinov3_patch-max_patch,93,0.23971968750000006,0.1963995,0.29204025,1.0,48,0.38712166666666664
0.70,vg_scale_any · dinov3_patch-max_patch,94,0.23739685416666667,0.19401225,0.28600875,1.0,48,0.38712166666666664
0.70,vg_scale_any · dinov3_patch-max_patch,95,0.24197035416666665,0.20037175,0.2920515,1.0,48,0.38712166666666664
0.70,vg_scale_any · dinov3_patch-max_patch,96,0.23898785416666668,0.204798,0.2909035,1.0,48,0.38712166666666664
0.70,vg_scale_any · dinov3_patch-max_patch,97,0.2378095,0.204301,0.28863525,1.0,48,0.38712166666666664
0.70,vg_scale_any · dinov3_patch-max_patch,98,0.23688199999999995,0.1935015,0.28458575,1.0,48,0.38712166666666664
0.70,vg_scale_any · dinov3_patch-max_patch,99,0.23608004166666666,0.203509,0.28151125,1.0,48,0.38712166666666664
0.70,vg_scale_any · dinov3_patch-max_patch,100,0.23904060416666664,0.20026575000000002,0.2896785,1.0,48,0.38712166666666664
0.70,vg_scale_any · dinov3_patch-max_patch,101,0.23925772916666666,0.20321875,0.30280075,1.0,48,0.38712166666666664
0.70,vg_scale_any · dinov3_patch-max_patch,102,0.23890004166666667,0.205261,0.30027424999999996,1.0,48,0.38712166666666664
0.70,vg_scale_any · dinov3_patch-max_patch,103,0.24018566666666666,0.19892225,0.28782375,1.0,48,0.38712166666666664
0.70,vg_scale_any · dinov3_patch-max_patch,104,0.23735468750000002,0.206047,0.2862845,1.0,48,0.38712166666666664
0.70,vg_scale_any · dinov3_patch-max_patch,105,0.24088362500000002,0.20528275,0.27492825,1.0,48,0.38712166666666664
0.70,vg_scale_any · dinov3_patch-max_patch,106,0.2425721666666667,0.19992700000000002,0.29339800000000005,1.0,48,0.38712166666666664
0.70,vg_scale_any · dinov3_patch-max_patch,107,0.2423229583333333,0.19977875,0.29688225,1.0,48,0.38712166666666664
0.70,vg_scale_any · dinov3_patch-max_patch,108,0.24082589583333333,0.19816575,0.30310075,1.0,48,0.38712166666666664
0.70,vg_scale_any · dinov3_patch-max_patch,109,0.23894954166666668,0.19788725,0.28491750000000005,1.0,48,0.38712166666666664
0.70,vg_scale_any · dinov3_patch-max_patch,110,0.23891106250000002,0.19652075000000002,0.28089075,1.0,48,0.38712166666666664
0.70,vg_scale_any · dinov3_patch-max_patch,111,0.23868889583333333,0.20062950000000002,0.29104125000000003,1.0,48,0.38712166666666664
0.70,vg_scale_any · dinov3_patch-max_patch,112,0.23731112499999998,0.198202,0.28800824999999997,1.0,48,0.38712166666666664
0.70,vg_scale_any · dinov3_patch-max_patch,113,0.23713939583333332,0.20152474999999997,0.28849125,1.0,48,0.38712166666666664
0.70,vg_scale_any · dinov3_patch-max_patch,114,0.23885120833333331,0.19873325,0.28823825,1.0,48,0.38712166666666664
0.70,vg_scale_any · dinov3_patch-max_patch,115,0.23650475,0.19486699999999998,0.2836745,1.0,48,0.38712166666666664
0.70,vg_scale_any · dinov3_patch-max_patch,116,0.23504627083333332,0.197154,0.2829985,1.0,48,0.38712166666666664
0.70,vg_scale_any · dinov3_patch-max_patch,117,0.23820487499999998,0.2025565,0.281617,1.0,48,0.38712166666666664
0.70,vg_scale_any · dinov3_patch-max_patch,118,0.23734364583333334,0.19888125,0.28848124999999997,1.0,48,0.38712166666666664
0.70,vg_scale_any · dinov3_patch-max_patch,119,0.23751406249999998,0.20408275,0.28754475,1.0,48,0.38712166666666664
0.70,vg_scale_any · dinov3_patch-max_patch,120,0.237143,0.20236275,0.28258125,1.0,48,0.38712166666666664
0.70,vg_scale_any · dinov3_patch-max_patch,121,0.23237689583333335,0.20194425,0.2867275,1.0,48,0.38712166666666664
0.70,vg_scale_any · dinov3_patch-max_patch,122,0.23343627083333332,0.19414575,0.27923925,1.0,48,0.38712166666666664
0.70,vg_scale_any · dinov3_patch-max_patch,123,0.23026824999999998,0.183954,0.27530699999999997,1.0,48,0.38712166666666664
0.70,vg_scale_any · dinov3_patch-max_patch,124,0.23281537500000002,0.18257800000000002,0.28104075,1.0,48,0.38712166666666664
0.70,vg_scale_any · dinov3_patch-max_patch,125,0.23276089583333337,0.18907875,0.27876175,1.0,48,0.38712166666666664
0.70,vg_scale_any · dinov3_patch-max_patch,126,0.23170916666666666,0.19129775,0.28197900000000004,1.0,48,0.38712166666666664
0.70,vg_scale_any · dinov3_patch-max_patch,127,0.2310656041666667,0.19383,0.28810125000000003,1.0,48,0.38712166666666664
0.70,vg_scale_any · dinov3_patch-max_patch,128,0.23219977083333332,0.19059225000000002,0.29211025,1.0,48,0.38712166666666664
0.70,vg_scale_any · dinov3_patch-max_patch,129,0.22926779166666664,0.19033650000000002,0.283201,1.0,48,0.38712166666666664
0.70,vg_scale_any · dinov3_patch-max_patch,130,0.23026731250000002,0.1965625,0.28873024999999997,1.0,48,0.38712166666666664
0.70,vg_scale_any · dinov3_patch-max_patch,131,0.23223327083333334,0.189588,0.29563875,1.0,48,0.38712166666666664
0.70,vg_scale_any · dinov3_patch-max_patch,132,0.23246735416666664,0.205481,0.2809235,1.0,48,0.38712166666666664
0.70,vg_scale_any · dinov3_patch-max_patch,133,0.23282408333333335,0.20741099999999998,0.2853105,1.0,48,0.38712166666666664
0.70,vg_scale_any · dinov3_patch-max_patch,134,0.232130875,0.205739,0.29203775,1.0,48,0.38712166666666664
0.70,vg_scale_any · dinov3_patch-max_patch,135,0.23193127083333334,0.204349,0.2806585,1.0,48,0.38712166666666664
0.70,vg_scale_any · dinov3_patch-max_patch,136,0.23008620833333335,0.19179925,0.27948675,1.0,48,0.38712166666666664
0.70,vg_scale_any · dinov3_patch-max_patch,137,0.23461510416666667,0.19436425,0.29346425,1.0,48,0.38712166666666664
0.70,vg_scale_any · dinov3_patch-max_patch,138,0.23104762499999998,0.18927650000000001,0.282288,1.0,48,0.38712166666666664
0.70,vg_scale_any · dinov3_patch-max_patch,139,0.23134481250000002,0.19819225000000001,0.28109125,1.0,48,0.38712166666666664
0.70,vg_scale_any · dinov3_patch-max_patch,140,0.231656875,0.19489375,0.282164,1.0,48,0.38712166666666664
0.70,vg_scale_any · dinov3_patch-max_patch,141,0.22900522916666666,0.193548,0.28021949999999995,1.0,48,0.38712166666666664
0.70,vg_scale_any · dinov3_patch-max_patch,142,0.2296349166666667,0.19277625,0.28424875,1.0,48,0.38712166666666664
0.70,vg_scale_any · dinov3_patch-max_patch,143,0.22696452083333332,0.1940325,0.27782725,1.0,48,0.38712166666666664
0.70,vg_scale_any · dinov3_patch-max_patch,144,0.2221029583333333,0.19531025,0.27144225,1.0,48,0.38712166666666664
0.70,vg_scale_any · dinov3_patch-max_patch,145,0.22444731250000002,0.18657649999999998,0.27747575,1.0,48,0.38712166666666664
0.70,vg_scale_any · dinov3_patch-max_patch,146,0.22374533333333332,0.19135875000000002,0.27599975,1.0,48,0.38712166666666664
0.70,vg_scale_any · dinov3_patch-max_patch,147,0.22953514583333332,0.19924350000000002,0.27868425,1.0,48,0.38712166666666664
0.70,vg_scale_any · dinov3_patch-max_patch,148,0.22769725,0.196828,0.28114425,1.0,48,0.38712166666666664
0.70,vg_scale_any · dinov3_patch-max_patch,149,0.23032731249999996,0.18952325,0.28154,1.0,48,0.38712166666666664
0.70,vg_scale_any · dinov3_patch-max_patch,150,0.22567072916666664,0.1880255,0.27821675,1.0,48,0.38712166666666664
0.30,vg_scale_any · dinov3_patch-whole_image,0,0.38712166666666664,0.304284,0.46234925,1.0,48,0.38712166666666664
0.30,vg_scale_any · dinov3_patch-whole_image,1,,,,0.0,48,0.38712166666666664
0.30,vg_scale_any · dinov3_patch-whole_image,2,0.750511,0.750511,0.750511,0.020833333333333332,48,0.38712166666666664
0.30,vg_scale_any · dinov3_patch-whole_image,3,0.7436564999999999,0.74278075,0.74453225,0.041666666666666664,48,0.38712166666666664
0.30,vg_scale_any · dinov3_patch-whole_image,4,0.7232305833333333,0.62244925,0.87368875,1.0,48,0.38712166666666664
0.30,vg_scale_any · dinov3_patch-whole_image,5,0.7074779375000001,0.5694490000000001,0.79833,1.0,48,0.38712166666666664
0.30,vg_scale_any · dinov3_patch-whole_image,6,0.6913046458333335,0.514782,0.8098730000000001,1.0,48,0.38712166666666664
0.30,vg_scale_any · dinov3_patch-whole_image,7,0.6592264583333334,0.51110925,0.7961302499999999,1.0,48,0.38712166666666664
0.30,vg_scale_any · dinov3_patch-whole_image,8,0.6254913750000001,0.4909985,0.7590155000000001,1.0,48,0.38712166666666664
0.30,vg_scale_any · dinov3_patch-whole_image,9,0.614493625,0.44960275,0.765246,1.0,48,0.38712166666666664
0.30,vg_scale_any · dinov3_patch-whole_image,10,0.5920807083333334,0.45638875,0.73939425,1.0,48,0.38712166666666664
0.30,vg_scale_any · dinov3_patch-whole_image,11,0.5814527916666666,0.432481,0.7339979999999999,1.0,48,0.38712166666666664
0.30,vg_scale_any · dinov3_patch-whole_image,12,0.5698350416666668,0.44239249999999997,0.7047457500000001,1.0,48,0.38712166666666664
0.30,vg_scale_any · dinov3_patch-whole_image,13,0.5627757916666667,0.43481325,0.696723,1.0,48,0.38712166666666664
0.30,vg_scale_any · dinov3_patch-whole_image,14,0.5449884374999999,0.41795925,0.6679585,1.0,48,0.38712166666666664
0.30,vg_scale_any · dinov3_patch-whole_image,15,0.5432971041666667,0.417837,0.6992207500000001,1.0,48,0.38712166666666664
0.30,vg_scale_any · dinov3_patch-whole_image,16,0.5375015833333333,0.42208875,0.6731405,1.0,48,0.38712166666666664
0.30,vg_scale_any · dinov3_patch-whole_image,17,0.5423893333333333,0.40912375,0.66102,1.0,48,0.38712166666666664
0.30,vg_scale_any · dinov3_patch-whole_image,18,0.5446849166666666,0.4022655,0.675592,1.0,48,0.38712166666666664
0.30,vg_scale_any · dinov3_patch-whole_image,19,0.5433107083333334,0.41560475,0.6664375,1.0,48,0.38712166666666664
0.30,vg_scale_any · dinov3_patch-whole_image,20,0.5377292083333334,0.41909,0.665964,1.0,48,0.38712166666666664
0.30,vg_scale_any · dinov3_patch-whole_image,21,0.540899625,0.424002,0.67691975,1.0,48,0.38712166666666664
0.30,vg_scale_any · dinov3_patch-whole_image,22,0.5351007916666667,0.43325,0.6728365000000001,1.0,48,0.38712166666666664
0.30,vg_scale_any · dinov3_patch-whole_image,23,0.5323760208333334,0.42512825,0.67805375,1.0,48,0.38712166666666664
0.30,vg_scale_any · dinov3_patch-whole_image,24,0.5296927708333333,0.42461225,0.6633605,1.0,48,0.38712166666666664
0.30,vg_scale_any · dinov3_patch-whole_image,25,0.5197705625,0.418437,0.64226975,1.0,48,0.38712166666666664
0.30,vg_scale_any · dinov3_patch-whole_image,26,0.5158581041666667,0.4253265,0.64889375,1.0,48,0.38712166666666664
0.30,vg_scale_any · dinov3_patch-whole_image,27,0.5150334375,0.42029974999999997,0.6513495,1.0,48,0.38712166666666664
0.30,vg_scale_any · dinov3_patch-whole_image,28,0.5186005,0.42568675,0.6403105,1.0,48,0.38712166666666664
0.30,vg_scale_any · dinov3_patch-whole_image,29,0.5146356666666666,0.42657425,0.633973,1.0,48,0.38712166666666664
0.30,vg_scale_any · dinov3_patch-whole_image,30,0.5056521666666666,0.43375074999999996,0.62675825,1.0,48,0.38712166666666664
0.30,vg_scale_any · dinov3_patch-whole_image,31,0.5054340208333333,0.43111425,0.6318735,1.0,48,0.38712166666666664
0.30,vg_scale_any · dinov3_patch-whole_image,32,0.5068653125,0.448122,0.6268745,1.0,48,0.38712166666666664
0.30,vg_scale_any · dinov3_patch-whole_image,33,0.5049801458333333,0.41581025,0.6276455,1.0,48,0.38712166666666664
0.30,vg_scale_any · dinov3_patch-whole_image,34,0.4950258541666666,0.42503874999999997,0.6184415000000001,1.0,48,0.38712166666666664
0.30,vg_scale_any · dinov3_patch-whole_image,35,0.4851309791666667,0.41116675,0.602082,1.0,48,0.38712166666666664
0.30,vg_scale_any · dinov3_patch-whole_image,36,0.4814821875,0.4072865,0.6027800000000001,1.0,48,0.38712166666666664
0.30,vg_scale_any · dinov3_patch-whole_image,37,0.47862762499999995,0.39587675,0.5859075,1.0,48,0.38712166666666664
0.30,vg_scale_any · dinov3_patch-whole_image,38,0.4816338125,0.42385725,0.564264,1.0,48,0.38712166666666664
0.30,vg_scale_any · dinov3_patch-whole_image,39,0.4783216875,0.39219075,0.5685205,1.0,48,0.38712166666666664
0.30,vg_scale_any · dinov3_patch-whole_image,40,0.4774898125,0.393718,0.56995725,1.0,48,0.38712166666666664
0.30,vg_scale_any · dinov3_patch-whole_image,41,0.4715556875,0.38553175,0.5774235,1.0,48,0.38712166666666664
0.30,vg_scale_any · dinov3_patch-whole_image,42,0.4663687708333333,0.39160075,0.56977875,1.0,48,0.38712166666666664
0.30,vg_scale_any · dinov3_patch-whole_image,43,0.46114533333333335,0.39470125,0.56858075,1.0,48,0.38712166666666664
0.30,vg_scale_any · dinov3_patch-whole_image,44,0.45712618749999995,0.38782625000000004,0.57997125,1.0,48,0.38712166666666664
0.30,vg_scale_any · dinov3_patch-whole_image,45,0.45536924999999995,0.3888165,0.5679032500000001,1.0,48,0.38712166666666664
0.30,vg_scale_any · dinov3_patch-whole_image,46,0.4593124375,0.396355,0.5667135000000001,1.0,48,0.38712166666666664
0.30,vg_scale_any · dinov3_patch-whole_image,47,0.4526986666666666,0.3887625,0.56314175,1.0,48,0.38712166666666664
0.30,vg_scale_any · dinov3_patch-whole_image,48,0.45240437499999997,0.38732425000000004,0.5633075000000001,1.0,48,0.38712166666666664
0.30,vg_scale_any · dinov3_patch-whole_image,49,0.45017325,0.37442625,0.56543125,1.0,48,0.38712166666666664
0.30,vg_scale_any · dinov3_patch-whole_image,50,0.45330820833333335,0.369105,0.5829,1.0,48,0.38712166666666664
0.30,vg_scale_any · dinov3_patch-whole_image,51,0.44614149999999997,0.37440125,0.5700102499999999,1.0,48,0.38712166666666664
0.30,vg_scale_any · dinov3_patch-whole_image,52,0.445101625,0.3848665,0.5600155,1.0,48,0.38712166666666664
0.30,vg_scale_any · dinov3_patch-whole_image,53,0.4417034375,0.37116,0.5533045000000001,1.0,48,0.38712166666666664
0.30,vg_scale_any · dinov3_patch-whole_image,54,0.4382902083333333,0.36298425,0.5581345,1.0,48,0.38712166666666664
0.30,vg_scale_any · dinov3_patch-whole_image,55,0.43799679166666666,0.354085,0.5535410000000001,1.0,48,0.38712166666666664
0.30,vg_scale_any · dinov3_patch-whole_image,56,0.4353195416666667,0.3603825,0.55192575,1.0,48,0.38712166666666664
0.30,vg_scale_any · dinov3_patch-whole_image,57,0.43292077083333336,0.37259475000000003,0.5566607499999999,1.0,48,0.38712166666666664
0.30,vg_scale_any · dinov3_patch-whole_image,58,0.4280385416666667,0.36408324999999997,0.53282075,1.0,48,0.38712166666666664
0.30,vg_scale_any · dinov3_patch-whole_image,59,0.43084547916666666,0.36896775,0.53224425,1.0,48,0.38712166666666664
0.30,vg_scale_any · dinov3_patch-whole_image,60,0.4285709791666667,0.37029625,0.52983375,1.0,48,0.38712166666666664
0.30,vg_scale_any · dinov3_patch-whole_image,61,0.42328302083333336,0.357199,0.52908125,1.0,48,0.38712166666666664
0.30,vg_scale_any · dinov3_patch-whole_image,62,0.4265538958333333,0.35686025,0.528418,1.0,48,0.38712166666666664
0.30,vg_scale_any · dinov3_patch-whole_image,63,0.42060522916666665,0.3550335,0.5221472500000001,1.0,48,0.38712166666666664
0.30,vg_scale_any · dinov3_patch-whole_image,64,0.4146752708333333,0.3490025,0.51405725,1.0,48,0.38712166666666664
0.30,vg_scale_any · dinov3_patch-whole_image,65,0.42519012500000003,0.36819175000000004,0.53112275,1.0,48,0.38712166666666664
0.30,vg_scale_any · dinov3_patch-whole_image,66,0.4198913541666666,0.36121475000000003,0.5240279999999999,1.0,48,0.38712166666666664
0.30,vg_scale_any · dinov3_patch-whole_image,67,0.42110377083333334,0.34783725,0.5203822499999999,1.0,48,0.38712166666666664
0.30,vg_scale_any · dinov3_patch-whole_image,68,0.41685422916666665,0.37228375,0.5141375,1.0,48,0.38712166666666664
0.30,vg_scale_any · dinov3_patch-whole_image,69,0.4248296875,0.37061774999999997,0.5304007500000001,1.0,48,0.38712166666666664
0.30,vg_scale_any · dinov3_patch-whole_image,70,0.4182007916666666,0.37359000000000003,0.5210064999999999,1.0,48,0.38712166666666664
0.30,vg_scale_any · dinov3_patch-whole_image,71,0.4168653541666667,0.37320575,0.534547,1.0,48,0.38712166666666664
0.30,vg_scale_any · dinov3_patch-whole_image,72,0.4121685208333333,0.37052450000000003,0.52608,1.0,48,0.38712166666666664
0.30,vg_scale_any · dinov3_patch-whole_image,73,0.4137720624999999,0.35642175,0.5223715,1.0,48,0.38712166666666664
0.30,vg_scale_any · dinov3_patch-whole_image,74,0.41510566666666665,0.37789425,0.528273,1.0,48,0.38712166666666664
0.30,vg_scale_any · dinov3_patch-whole_image,75,0.4098037291666666,0.35679425,0.505261,1.0,48,0.38712166666666664
0.30,vg_scale_any · dinov3_patch-whole_image,76,0.41237033333333334,0.35583975,0.50561225,1.0,48,0.38712166666666664
0.30,vg_scale_any · dinov3_patch-whole_image,77,0.41788054166666666,0.356565,0.5198475,1.0,48,0.38712166666666664
0.30,vg_scale_any · dinov3_patch-whole_image,78,0.4135183125000001,0.353978,0.5034295,1.0,48,0.38712166666666664
0.30,vg_scale_any · dinov3_patch-whole_image,79,0.4090802083333333,0.35674875,0.49179700000000004,1.0,48,0.38712166666666664
0.30,vg_scale_any · dinov3_patch-whole_image,80,0.4094787916666666,0.36319275,0.50260525,1.0,48,0.38712166666666664
0.30,vg_scale_any · dinov3_patch-whole_image,81,0.4078060625,0.35916375,0.49697875,1.0,48,0.38712166666666664
0.30,vg_scale_any · dinov3_patch-whole_image,82,0.41130924999999996,0.38208074999999997,0.50065975,1.0,48,0.38712166666666664
0.30,vg_scale_any · dinov3_patch-whole_image,83,0.407490875,0.3709345,0.5011175,1.0,48,0.38712166666666664
0.30,vg_scale_any · dinov3_patch-whole_image,84,0.40601333333333334,0.345994,0.50122275,1.0,48,0.38712166666666664
0.30,vg_scale_any · dinov3_patch-whole_image,85,0.4090470625,0.34998850000000004,0.50315325,1.0,48,0.38712166666666664
0.30,vg_scale_any · dinov3_patch-whole_image,86,0.40388431249999995,0.3425555,0.50740275,1.0,48,0.38712166666666664
0.30,vg_scale_any · dinov3_patch-whole_image,87,0.40326212499999997,0.3381735,0.50295,1.0,48,0.38712166666666664
0.30,vg_scale_any · dinov3_patch-whole_image,88,0.40878212499999994,0.3590445,0.51201975,1.0,48,0.38712166666666664
0.30,vg_scale_any · dinov3_patch-whole_image,89,0.4066808958333334,0.34330075000000004,0.51025825,1.0,48,0.38712166666666664
0.30,vg_scale_any · dinov3_patch-whole_image,90,0.40669595833333333,0.33854449999999997,0.50573825,1.0,48,0.38712166666666664
0.30,vg_scale_any · dinov3_patch-whole_image,91,0.4078264166666667,0.34236125,0.52189,1.0,48,0.38712166666666664
0.30,vg_scale_any · dinov3_patch-whole_image,92,0.4012084375,0.34061075,0.5054305,1.0,48,0.38712166666666664
0.30,vg_scale_any · dinov3_patch-whole_image,93,0.3989657291666666,0.33672799999999997,0.508564,1.0,48,0.38712166666666664
0.30,vg_scale_any · dinov3_patch-whole_image,94,0.4072175416666666,0.337756,0.5146407500000001,1.0,48,0.38712166666666664
0.30,vg_scale_any · dinov3_patch-whole_image,95,0.40270908333333333,0.3345555,0.51228025,1.0,48,0.38712166666666664
0.30,vg_scale_any · dinov3_patch-whole_image,96,0.40247441666666667,0.33106725,0.50910625,1.0,48,0.38712166666666664
0.30,vg_scale_any · dinov3_patch-whole_image,97,0.40534822916666663,0.34071975,0.50354375,1.0,48,0.38712166666666664
0.30,vg_scale_any · dinov3_patch-whole_image,98,0.4000788958333334,0.333694,0.5091497500000001,1.0,48,0.38712166666666664
0.30,vg_scale_any · dinov3_patch-whole_image,99,0.3988975833333333,0.341897,0.5104765,1.0,48,0.38712166666666664
0.30,vg_scale_any · dinov3_patch-whole_image,100,0.39761893750000005,0.33445025,0.50561775,1.0,48,0.38712166666666664
0.30,vg_scale_any · dinov3_patch-whole_image,101,0.4054714375,0.34931025000000004,0.49796025,1.0,48,0.38712166666666664
0.30,vg_scale_any · dinov3_patch-whole_image,102,0.3968928333333333,0.348829,0.5011035,1.0,48,0.38712166666666664
0.30,vg_scale_any · dinov3_patch-whole_image,103,0.39927522916666663,0.34803399999999995,0.49847425,1.0,48,0.38712166666666664
0.30,vg_scale_any · dinov3_patch-whole_image,104,0.395653,0.35334675,0.49326749999999997,1.0,48,0.38712166666666664
0.30,vg_scale_any · dinov3_patch-whole_image,105,0.3957845833333333,0.351214,0.49900500000000003,1.0,48,0.38712166666666664
0.30,vg_scale_any · dinov3_patch-whole_image,106,0.3953052083333333,0.356642,0.48677275,1.0,48,0.38712166666666664
0.30,vg_scale_any · dinov3_patch-whole_image,107,0.3915666041666667,0.35529700000000003,0.49047050000000003,1.0,48,0.38712166666666664
0.30,vg_scale_any · dinov3_patch-whole_image,108,0.39175370833333334,0.35730524999999996,0.48928275,1.0,48,0.38712166666666664
0.30,vg_scale_any · dinov3_patch-whole_image,109,0.39291212500000006,0.356096,0.49482824999999997,1.0,48,0.38712166666666664
0.30,vg_scale_any · dinov3_patch-whole_image,110,0.3903739583333334,0.31823675,0.4896725,1.0,48,0.38712166666666664
0.30,vg_scale_any · dinov3_patch-whole_image,111,0.39350331250000004,0.3330705,0.49666,1.0,48,0.38712166666666664
0.30,vg_scale_any · dinov3_patch-whole_image,112,0.39465656250000003,0.34734325,0.48279000000000005,1.0,48,0.38712166666666664
0.30,vg_scale_any · dinov3_patch-whole_image,113,0.39577308333333333,0.3442075,0.484364,1.0,48,0.38712166666666664
0.30,vg_scale_any · dinov3_patch-whole_image,114,0.3990386041666667,0.33605175000000004,0.5072522500000001,1.0,48,0.38712166666666664
0.30,vg_scale_any · dinov3_patch-whole_image,115,0.398754375,0.32820925,0.515641,1.0,48,0.38712166666666664
0.30,vg_scale_any · dinov3_patch-whole_image,116,0.3910937708333333,0.329468,0.4813415,1.0,48,0.38712166666666664
0.30,vg_scale_any · dinov3_patch-whole_image,117,0.39064954166666666,0.33096475,0.49551875,1.0,48,0.38712166666666664
0.30,vg_scale_any · dinov3_patch-whole_image,118,0.3836960833333334,0.31600775000000003,0.49462150000000005,1.0,48,0.38712166666666664
0.30,vg_scale_any · dinov3_patch-whole_image,119,0.38998675,0.3311635,0.48562825,1.0,48,0.38712166666666664
0.30,vg_scale_any · dinov3_patch-whole_image,120,0.38035918750000003,0.32875575,0.4771355,1.0,48,0.38712166666666664
0.30,vg_scale_any · dinov3_patch-whole_image,121,0.37784722916666674,0.3347005,0.4793305,1.0,48,0.38712166666666664
0.30,vg_scale_any · dinov3_patch-whole_image,122,0.38561462499999993,0.3412415,0.48234825,1.0,48,0.38712166666666664
0.30,vg_scale_any · dinov3_patch-whole_image,123,0.3842921875,0.33315975,0.48022875,1.0,48,0.38712166666666664
0.30,vg_scale_any · dinov3_patch-whole_image,124,0.3903336875,0.3326675,0.479402,1.0,48,0.38712166666666664
0.30,vg_scale_any · dinov3_patch-whole_image,125,0.3931494375,0.33455399999999996,0.488459,1.0,48,0.38712166666666664
0.30,vg_scale_any · dinov3_patch-whole_image,126,0.38775725,0.34087524999999996,0.47851374999999996,1.0,48,0.38712166666666664
0.30,vg_scale_any · dinov3_patch-whole_image,127,0.39997452083333335,0.34831375,0.49350325,1.0,48,0.38712166666666664
0.30,vg_scale_any · dinov3_patch-whole_image,128,0.3918072291666667,0.338447,0.48992375,1.0,48,0.38712166666666664
0.30,vg_scale_any · dinov3_patch-whole_image,129,0.39166387500000005,0.35056675000000004,0.488688,1.0,48,0.38712166666666664
0.30,vg_scale_any · dinov3_patch-whole_image,130,0.3905692708333333,0.333819,0.48920375000000005,1.0,48,0.38712166666666664
0.30,vg_scale_any · dinov3_patch-whole_image,131,0.38902375000000006,0.33508675,0.48427425,1.0,48,0.38712166666666664
0.30,vg_scale_any · dinov3_patch-whole_image,132,0.3891926875,0.33712025,0.47906125,1.0,48,0.38712166666666664
0.30,vg_scale_any · dinov3_patch-whole_image,133,0.39109083333333333,0.33595325,0.48141775,1.0,48,0.38712166666666664
0.30,vg_scale_any · dinov3_patch-whole_image,134,0.39454220833333337,0.33017225,0.489936,1.0,48,0.38712166666666664
0.30,vg_scale_any · dinov3_patch-whole_image,135,0.3908443333333333,0.331168,0.4817075,1.0,48,0.38712166666666664
0.30,vg_scale_any · dinov3_patch-whole_image,136,0.3833062708333333,0.3208965,0.487486,1.0,48,0.38712166666666664
0.30,vg_scale_any · dinov3_patch-whole_image,137,0.38523083333333336,0.31909275000000004,0.48244675000000004,1.0,48,0.38712166666666664
0.30,vg_scale_any · dinov3_patch-whole_image,138,0.3880138958333334,0.3261265,0.48502625,1.0,48,0.38712166666666664
0.30,vg_scale_any · dinov3_patch-whole_image,139,0.3859989375,0.319741,0.48189675000000004,1.0,48,0.38712166666666664
0.30,vg_scale_any · dinov3_patch-whole_image,140,0.3852947291666667,0.31346525000000003,0.47692375000000004,1.0,48,0.38712166666666664
0.30,vg_scale_any · dinov3_patch-whole_image,141,0.3878103958333334,0.32797975,0.485344,1.0,48,0.38712166666666664
0.30,vg_scale_any · dinov3_patch-whole_image,142,0.3923288125,0.33339525000000003,0.48407275,1.0,48,0.38712166666666664
0.30,vg_scale_any · dinov3_patch-whole_image,143,0.39007791666666664,0.34250225,0.480661,1.0,48,0.38712166666666664
0.30,vg_scale_any · dinov3_patch-whole_image,144,0.3870965833333333,0.3458315,0.484359,1.0,48,0.38712166666666664
0.30,vg_scale_any · dinov3_patch-whole_image,145,0.39042547916666664,0.34111375,0.48805025,1.0,48,0.38712166666666664
0.30,vg_scale_any · dinov3_patch-whole_image,146,0.38519349999999997,0.336383,0.47483949999999997,1.0,48,0.38712166666666664
0.30,vg_scale_any · dinov3_patch-whole_image,147,0.3867218333333333,0.3287105,0.47324075,1.0,48,0.38712166666666664
0.30,vg_scale_any · dinov3_patch-whole_image,148,0.3877394166666666,0.338086,0.47176,1.0,48,0.38712166666666664
0.30,vg_scale_any · dinov3_patch-whole_image,149,0.39101589583333335,0.338116,0.47716325000000004,1.0,48,0.38712166666666664
0.30,vg_scale_any · dinov3_patch-whole_image,150,0.3839278125,0.32805325,0.4721325,1.0,48,0.38712166666666664
0.40,vg_scale_any · dinov3_patch-whole_image,0,0.38712166666666664,0.304284,0.46234925,1.0,48,0.38712166666666664
0.40,vg_scale_any · dinov3_patch-whole_image,1,,,,0.0,48,0.38712166666666664
0.40,vg_scale_any · dinov3_patch-whole_image,2,0.750511,0.750511,0.750511,0.020833333333333332,48,0.38712166666666664
0.40,vg_scale_any · dinov3_patch-whole_image,3,0.7436564999999999,0.74278075,0.74453225,0.041666666666666664,48,0.38712166666666664
0.40,vg_scale_any · dinov3_patch-whole_image,4,0.7232305833333333,0.62244925,0.87368875,1.0,48,0.38712166666666664
0.40,vg_scale_any · dinov3_patch-whole_image,5,0.7109049375,0.5694490000000001,0.8106347500000001,1.0,48,0.38712166666666664
0.40,vg_scale_any · dinov3_patch-whole_image,6,0.6953537291666666,0.5402437499999999,0.8120765,1.0,48,0.38712166666666664
0.40,vg_scale_any · dinov3_patch-whole_image,7,0.6668262916666667,0.5450185,0.8015749999999999,1.0,48,0.38712166666666664
0.40,vg_scale_any · dinov3_patch-whole_image,8,0.6326213125,0.495695,0.7701445,1.0,48,0.38712166666666664
0.40,vg_scale_any · dinov3_patch-whole_image,9,0.6336398125,0.4757115,0.749912,1.0,48,0.38712166666666664
0.40,vg_scale_any · dinov3_patch-whole_image,10,0.6210808124999999,0.533668,0.7576035,1.0,48,0.38712166666666664
0.40,vg_scale_any · dinov3_patch-whole_image,11,0.5962048125,0.46870049999999996,0.747194,1.0,48,0.38712166666666664
0.40,vg_scale_any · dinov3_patch-whole_image,12,0.5732232083333333,0.46794475,0.6888525000000001,1.0,48,0.38712166666666664
0.40,vg_scale_any · dinov3_patch-whole_image,13,0.5508515208333334,0.46186475,0.69563975,1.0,48,0.38712166666666664
0.40,vg_scale_any · dinov3_patch-whole_image,14,0.5497469791666667,0.44578675,0.6741225,1.0,48,0.38712166666666664
0.40,vg_scale_any · dinov3_patch-whole_image,15,0.5410257291666666,0.44900475,0.665406,1.0,48,0.38712166666666664
0.40,vg_scale_any · dinov3_patch-whole_image,16,0.5489626458333333,0.44917799999999997,0.66953575,1.0,48,0.38712166666666664
0.40,vg_scale_any · dinov3_patch-whole_image,17,0.5343107500000001,0.43573049999999997,0.6458645000000001,1.0,48,0.38712166666666664
0.40,vg_scale_any · dinov3_patch-whole_image,18,0.5253811041666666,0.42862425,0.6558005,1.0,48,0.38712166666666664
0.40,vg_scale_any · dinov3_patch-whole_image,19,0.5184899375,0.42041300000000004,0.6373685,1.0,48,0.38712166666666664
0.40,vg_scale_any · dinov3_patch-whole_image,20,0.5217266041666667,0.424981,0.63627625,1.0,48,0.38712166666666664
0.40,vg_scale_any · dinov3_patch-whole_image,21,0.5117434583333333,0.41839975,0.62136025,1.0,48,0.38712166666666664
0.40,vg_scale_any · dinov3_patch-whole_image,22,0.5176903749999999,0.41634725,0.61974975,1.0,48,0.38712166666666664
0.40,vg_scale_any · dinov3_patch-whole_image,23,0.5086172291666666,0.41793725,0.612412,1.0,48,0.38712166666666664
0.40,vg_scale_any · dinov3_patch-whole_image,24,0.5054771041666667,0.4077625,0.62234425,1.0,48,0.38712166666666664
0.40,vg_scale_any · dinov3_patch-whole_image,25,0.5003164166666667,0.433795,0.616618,1.0,48,0.38712166666666664
0.40,vg_scale_any · dinov3_patch-whole_image,26,0.49993012500000006,0.40796475,0.60555375,1.0,48,0.38712166666666664
0.40,vg_scale_any · dinov3_patch-whole_image,27,0.49740349999999994,0.40714,0.60167675,1.0,48,0.38712166666666664
0.40,vg_scale_any · dinov3_patch-whole_image,28,0.5029109374999999,0.41167925,0.61292625,1.0,48,0.38712166666666664
0.40,vg_scale_any · dinov3_patch-whole_image,29,0.4941952916666667,0.40064750000000005,0.61296075,1.0,48,0.38712166666666664
0.40,vg_scale_any · dinov3_patch-whole_image,30,0.4836268333333334,0.392718,0.5937085,1.0,48,0.38712166666666664
0.40,vg_scale_any · dinov3_patch-whole_image,31,0.4813734791666667,0.39266375,0.60167575,1.0,48,0.38712166666666664
0.40,vg_scale_any · dinov3_patch-whole_image,32,0.48428033333333337,0.402657,0.59630225,1.0,48,0.38712166666666664
0.40,vg_scale_any · dinov3_patch-whole_image,33,0.4773659791666667,0.39807625,0.56450975,1.0,48,0.38712166666666664
0.40,vg_scale_any · dinov3_patch-whole_image,34,0.4662888333333333,0.38630675000000003,0.55110825,1.0,48,0.38712166666666664
0.40,vg_scale_any · dinov3_patch-whole_image,35,0.4681323333333333,0.38760975,0.55369775,1.0,48,0.38712166666666664
0.40,vg_scale_any · dinov3_patch-whole_image,36,0.4640364166666666,0.3938305,0.54611725,1.0,48,0.38712166666666664
0.40,vg_scale_any · dinov3_patch-whole_image,37,0.45627304166666666,0.38751525,0.53190825,1.0,48,0.38712166666666664
0.40,vg_scale_any · dinov3_patch-whole_image,38,0.4507190208333334,0.38139,0.546346,1.0,48,0.38712166666666664
0.40,vg_scale_any · dinov3_patch-whole_image,39,0.4484413125,0.38846825,0.55223675,1.0,48,0.38712166666666664
0.40,vg_scale_any · dinov3_patch-whole_image,40,0.4467245416666667,0.37926099999999996,0.5513760000000001,1.0,48,0.38712166666666664
0.40,vg_scale_any · dinov3_patch-whole_image,41,0.44151052083333336,0.38894975,0.5437985000000001,1.0,48,0.38712166666666664
0.40,vg_scale_any · dinov3_patch-whole_image,42,0.43683170833333335,0.376504,0.53358075,1.0,48,0.38712166666666664
0.40,vg_scale_any · dinov3_patch-whole_image,43,0.4434722291666667,0.38663975,0.5336025,1.0,48,0.38712166666666664
0.40,vg_scale_any · dinov3_patch-whole_image,44,0.4429237083333333,0.37971875,0.5334895,1.0,48,0.38712166666666664
0.40,vg_scale_any · dinov3_patch-whole_image,45,0.43887108333333336,0.38385425,0.5350382499999999,1.0,48,0.38712166666666664
0.40,vg_scale_any · dinov3_patch-whole_image,46,0.44018058333333326,0.37966774999999997,0.54275825,1.0,48,0.38712166666666664
0.40,vg_scale_any · dinov3_patch-whole_image,47,0.4377678541666667,0.37491025,0.5462297500000001,1.0,48,0.38712166666666664
0.40,vg_scale_any · dinov3_patch-whole_image,48,0.4369725208333333,0.37903525,0.54019225,1.0,48,0.38712166666666664
0.40,vg_scale_any · dinov3_patch-whole_image,49,0.4339315625,0.3810105,0.52468125,1.0,48,0.38712166666666664
0.40,vg_scale_any · dinov3_patch-whole_image,50,0.4267207083333333,0.36579975000000003,0.53281075,1.0,48,0.38712166666666664
0.40,vg_scale_any · dinov3_patch-whole_image,51,0.4275156458333334,0.37803825,0.5205150000000001,1.0,48,0.38712166666666664
0.40,vg_scale_any · dinov3_patch-whole_image,52,0.42730064583333344,0.375855,0.52086175,1.0,48,0.38712166666666664
0.40,vg_scale_any · dinov3_patch-whole_image,53,0.4261241875000001,0.37371224999999997,0.5202255,1.0,48,0.38712166666666664
0.40,vg_scale_any · dinov3_patch-whole_image,54,0.42181120833333335,0.37250325,0.51745,1.0,48,0.38712166666666664
0.40,vg_scale_any · dinov3_patch-whole_image,55,0.41775527083333336,0.367564,0.518252,1.0,48,0.38712166666666664
0.40,vg_scale_any · dinov3_patch-whole_image,56,0.41663625000000004,0.365687,0.51288825,1.0,48,0.38712166666666664
0.40,vg_scale_any · dinov3_patch-whole_image,57,0.4117261458333334,0.36283325,0.518874,1.0,48,0.38712166666666664
0.40,vg_scale_any · dinov3_patch-whole_image,58,0.411251625,0.365006,0.50955425,1.0,48,0.38712166666666664
0.40,vg_scale_any · dinov3_patch-whole_image,59,0.4077693541666667,0.36568275,0.51030975,1.0,48,0.38712166666666664
0.40,vg_scale_any · dinov3_patch-whole_image,60,0.4044075208333333,0.36232850000000005,0.5106142499999999,1.0,48,0.38712166666666664
0.40,vg_scale_any · dinov3_patch-whole_image,61,0.4040588541666667,0.35429175,0.50623325,1.0,48,0.38712166666666664
0.40,vg_scale_any · dinov3_patch-whole_image,62,0.40326672916666667,0.35874649999999997,0.50797475,1.0,48,0.38712166666666664
0.40,vg_scale_any · dinov3_patch-whole_image,63,0.40043372916666664,0.34061400000000003,0.49937775,1.0,48,0.38712166666666664
0.40,vg_scale_any · dinov3_patch-whole_image,64,0.4022457499999999,0.35493775,0.49970175000000006,1.0,48,0.38712166666666664
0.40,vg_scale_any · dinov3_patch-whole_image,65,0.4014082291666667,0.353063,0.5157292499999999,1.0,48,0.38712166666666664
0.40,vg_scale_any · dinov3_patch-whole_image,66,0.39892152083333327,0.3574875,0.49660975,1.0,48,0.38712166666666664
0.40,vg_scale_any · dinov3_patch-whole_image,67,0.40044133333333337,0.36288175,0.49742325,1.0,48,0.38712166666666664
0.40,vg_scale_any · dinov3_patch-whole_image,68,0.3991214791666667,0.3536075,0.4893995,1.0,48,0.38712166666666664
0.40,vg_scale_any · dinov3_patch-whole_image,69,0.39909368749999996,0.35161475,0.48927275,1.0,48,0.38712166666666664
0.40,vg_scale_any · dinov3_patch-whole_image,70,0.39616452083333337,0.34925325,0.49011775,1.0,48,0.38712166666666664
0.40,vg_scale_any · dinov3_patch-whole_image,71,0.3954199166666667,0.3416045,0.4886935,1.0,48,0.38712166666666664
0.40,vg_scale_any · dinov3_patch-whole_image,72,0.39240202083333336,0.344397,0.486066,1.0,48,0.38712166666666664
0.40,vg_scale_any · dinov3_patch-whole_image,73,0.38673020833333344,0.334857,0.474923,1.0,48,0.38712166666666664
0.40,vg_scale_any · dinov3_patch-whole_image,74,0.3854652916666666,0.33699775,0.47139050000000005,1.0,48,0.38712166666666664
0.40,vg_scale_any · dinov3_patch-whole_image,75,0.3845421666666667,0.331826,0.46846725,1.0,48,0.38712166666666664
0.40,vg_scale_any · dinov3_patch-whole_image,76,0.39225825,0.33121775,0.48091975,1.0,48,0.38712166666666664
0.40,vg_scale_any · dinov3_patch-whole_image,77,0.3928488333333333,0.3314935,0.46852825,1.0,48,0.38712166666666664
0.40,vg_scale_any · dinov3_patch-whole_image,78,0.38755654166666664,0.32817675,0.464298,1.0,48,0.38712166666666664
0.40,vg_scale_any · dinov3_patch-whole_image,79,0.38774735416666656,0.32956825,0.47196974999999997,1.0,48,0.38712166666666664
0.40,vg_scale_any · dinov3_patch-whole_image,80,0.3922587291666666,0.32484025,0.46870575000000003,1.0,48,0.38712166666666664
0.40,vg_scale_any · dinov3_patch-whole_image,81,0.3915545208333333,0.33105925,0.468661,1.0,48,0.38712166666666664
0.40,vg_scale_any · dinov3_patch-whole_image,82,0.3893621666666667,0.32841125,0.46847625,1.0,48,0.38712166666666664
0.40,vg_scale_any · dinov3_patch-whole_image,83,0.38785683333333326,0.3255465,0.47681799999999996,1.0,48,0.38712166666666664
0.40,vg_scale_any · dinov3_patch-whole_image,84,0.38735097916666666,0.33135675,0.469291,1.0,48,0.38712166666666664
0.40,vg_scale_any · dinov3_patch-whole_image,85,0.38400927083333336,0.33427625,0.47561699999999996,1.0,48,0.38712166666666664
0.40,vg_scale_any · dinov3_patch-whole_image,86,0.383405,0.33708725,0.46760625,1.0,48,0.38712166666666664
0.40,vg_scale_any · dinov3_patch-whole_image,87,0.38423235416666673,0.34479325000000005,0.46279824999999997,1.0,48,0.38712166666666664
0.40,vg_scale_any · dinov3_patch-whole_image,88,0.38176604166666667,0.34598225,0.45783625,1.0,48,0.38712166666666664
0.40,vg_scale_any · dinov3_patch-whole_image,89,0.3811633333333333,0.35248925000000003,0.4539795,1.0,48,0.38712166666666664
0.40,vg_scale_any · dinov3_patch-whole_image,90,0.3809779791666667,0.34076249999999997,0.46565475,1.0,48,0.38712166666666664
0.40,vg_scale_any · dinov3_patch-whole_image,91,0.37857214583333326,0.34228274999999997,0.45307149999999996,1.0,48,0.38712166666666664
0.40,vg_scale_any · dinov3_patch-whole_image,92,0.38201025,0.33987725,0.46248875,1.0,48,0.38712166666666664
0.40,vg_scale_any · dinov3_patch-whole_image,93,0.38145929166666664,0.33441374999999995,0.4739395,1.0,48,0.38712166666666664
0.40,vg_scale_any · dinov3_patch-whole_image,94,0.37612935416666665,0.3249605,0.4462375,1.0,48,0.38712166666666664
0.40,vg_scale_any · dinov3_patch-whole_image,95,0.37633795833333333,0.32921500000000004,0.44442149999999997,1.0,48,0.38712166666666664
0.40,vg_scale_any · dinov3_patch-whole_image,96,0.3774981041666667,0.3156795,0.4633805,1.0,48,0.38712166666666664
0.40,vg_scale_any · dinov3_patch-whole_image,97,0.376997625,0.31592375,0.46759925,1.0,48,0.38712166666666664
0.40,vg_scale_any · dinov3_patch-whole_image,98,0.38079343749999994,0.31951075,0.48061225,1.0,48,0.38712166666666664
0.40,vg_scale_any · dinov3_patch-whole_image,99,0.3728476041666666,0.31469825,0.44559125,1.0,48,0.38712166666666664
0.40,vg_scale_any · dinov3_patch-whole_image,100,0.3737994791666666,0.31987225,0.44793574999999997,1.0,48,0.38712166666666664
0.40,vg_scale_any · dinov3_patch-whole_image,101,0.3777845833333333,0.32723925,0.4473055,1.0,48,0.38712166666666664
0.40,vg_scale_any · dinov3_patch-whole_image,102,0.3810601875000001,0.32683125,0.49017475,1.0,48,0.38712166666666664
0.40,vg_scale_any · dinov3_patch-whole_image,103,0.3760607708333333,0.32568225,0.4649165,1.0,48,0.38712166666666664
0.40,vg_scale_any · dinov3_patch-whole_image,104,0.37618481249999997,0.3329955,0.46538075,1.0,48,0.38712166666666664
0.40,vg_scale_any · dinov3_patch-whole_image,105,0.374643875,0.3281015,0.46716475,1.0,48,0.38712166666666664
0.40,vg_scale_any · dinov3_patch-whole_image,106,0.3733721458333334,0.32285,0.47300425,1.0,48,0.38712166666666664
0.40,vg_scale_any · dinov3_patch-whole_image,107,0.3752336875,0.32618075,0.4687855,1.0,48,0.38712166666666664
0.40,vg_scale_any · dinov3_patch-whole_image,108,0.3800569166666667,0.323326,0.48747075,1.0,48,0.38712166666666664
0.40,vg_scale_any · dinov3_patch-whole_image,109,0.3809522708333333,0.31684999999999997,0.47111274999999997,1.0,48,0.38712166666666664
0.40,vg_scale_any · dinov3_patch-whole_image,110,0.37914966666666666,0.31834225,0.4681505,1.0,48,0.38712166666666664
0.40,vg_scale_any · dinov3_patch-whole_image,111,0.3711697291666667,0.31719474999999997,0.46383575,1.0,48,0.38712166666666664
0.40,vg_scale_any · dinov3_patch-whole_image,112,0.3752374166666667,0.31386824999999996,0.47471925000000004,1.0,48,0.38712166666666664
0.40,vg_scale_any · dinov3_patch-whole_image,113,0.3719624166666667,0.31391875,0.459681,1.0,48,0.38712166666666664
0.40,vg_scale_any · dinov3_patch-whole_image,114,0.3685856666666667,0.31671725,0.44957325000000004,1.0,48,0.38712166666666664
0.40,vg_scale_any · dinov3_patch-whole_image,115,0.3751046875,0.32271225000000003,0.464752,1.0,48,0.38712166666666664
0.40,vg_scale_any · dinov3_patch-whole_image,116,0.3710915000000001,0.31735874999999997,0.47108275,1.0,48,0.38712166666666664
0.40,vg_scale_any · dinov3_patch-whole_image,117,0.37299229166666664,0.3229685,0.46517575,1.0,48,0.38712166666666664
0.40,vg_scale_any · dinov3_patch-whole_image,118,0.3689747083333333,0.31923599999999996,0.46576,1.0,48,0.38712166666666664
0.40,vg_scale_any · dinov3_patch-whole_image,119,0.36625502083333333,0.3162185,0.44733525,1.0,48,0.38712166666666664
0.40,vg_scale_any · dinov3_patch-whole_image,120,0.36798497916666667,0.313457,0.4599785,1.0,48,0.38712166666666664
0.40,vg_scale_any · dinov3_patch-whole_image,121,0.3680155,0.31180425,0.45392175,1.0,48,0.38712166666666664
0.40,vg_scale_any · dinov3_patch-whole_image,122,0.37283189583333337,0.3102375,0.46220825,1.0,48,0.38712166666666664
0.40,vg_scale_any · dinov3_patch-whole_image,123,0.3764991458333333,0.3299805,0.4569585,1.0,48,0.38712166666666664
0.40,vg_scale_any · dinov3_patch-whole_image,124,0.3725824375,0.31971525,0.460588,1.0,48,0.38712166666666664
0.40,vg_scale_any · dinov3_patch-whole_image,125,0.3712877083333333,0.31894425,0.44863175,1.0,48,0.38712166666666664
0.40,vg_scale_any · dinov3_patch-whole_image,126,0.37115847916666667,0.31689849999999997,0.45442299999999997,1.0,48,0.38712166666666664
0.40,vg_scale_any · dinov3_patch-whole_image,127,0.3681966458333334,0.3131785,0.4556065,1.0,48,0.38712166666666664
0.40,vg_scale_any · dinov3_patch-whole_image,128,0.3688774791666667,0.3090655,0.451234,1.0,48,0.38712166666666664
0.40,vg_scale_any · dinov3_patch-whole_image,129,0.3702385625,0.30731450000000005,0.4479105,1.0,48,0.38712166666666664
0.40,vg_scale_any · dinov3_patch-whole_image,130,0.374431625,0.30790799999999996,0.44891175,1.0,48,0.38712166666666664
0.40,vg_scale_any · dinov3_patch-whole_image,131,0.3762534791666667,0.30188575,0.47012375,1.0,48,0.38712166666666664
0.40,vg_scale_any · dinov3_patch-whole_image,132,0.37835856250000005,0.3241365,0.45548875,1.0,48,0.38712166666666664
0.40,vg_scale_any · dinov3_patch-whole_image,133,0.3734699166666666,0.3169325,0.46172775,1.0,48,0.38712166666666664
0.40,vg_scale_any · dinov3_patch-whole_image,134,0.3683508541666667,0.31376875000000004,0.46248525,1.0,48,0.38712166666666664
0.40,vg_scale_any · dinov3_patch-whole_image,135,0.37574099999999994,0.31696425,0.46344700000000005,1.0,48,0.38712166666666664
0.40,vg_scale_any · dinov3_patch-whole_image,136,0.37960183333333336,0.31633625,0.46694375,1.0,48,0.38712166666666664
0.40,vg_scale_any · dinov3_patch-whole_image,137,0.3688414166666667,0.3188265,0.44802775,1.0,48,0.38712166666666664
0.40,vg_scale_any · dinov3_patch-whole_image,138,0.37175197916666664,0.32762025,0.458637,1.0,48,0.38712166666666664
0.40,vg_scale_any · dinov3_patch-whole_image,139,0.3697460416666667,0.30746924999999997,0.44912549999999996,1.0,48,0.38712166666666664
0.40,vg_scale_any · dinov3_patch-whole_image,140,0.3708392708333333,0.315566,0.44876125,1.0,48,0.38712166666666664
0.40,vg_scale_any · dinov3_patch-whole_image,141,0.3708984166666666,0.318495,0.45230975,1.0,48,0.38712166666666664
0.40,vg_scale_any · dinov3_patch-whole_image,142,0.37908656249999995,0.32216025,0.4616935,1.0,48,0.38712166666666664
0.40,vg_scale_any · dinov3_patch-whole_image,143,0.37138789583333337,0.31083425,0.45288475,1.0,48,0.38712166666666664
0.40,vg_scale_any · dinov3_patch-whole_image,144,0.3776300416666667,0.31905375,0.44669424999999996,1.0,48,0.38712166666666664
0.40,vg_scale_any · dinov3_patch-whole_image,145,0.3684178333333333,0.31327249999999995,0.44718425,1.0,48,0.38712166666666664
0.40,vg_scale_any · dinov3_patch-whole_image,146,0.3702784791666667,0.31501075,0.45304075,1.0,48,0.38712166666666664
0.40,vg_scale_any · dinov3_patch-whole_image,147,0.3726001458333334,0.312715,0.443369,1.0,48,0.38712166666666664
0.40,vg_scale_any · dinov3_patch-whole_image,148,0.37051735416666665,0.31430625,0.44849475,1.0,48,0.38712166666666664
0.40,vg_scale_any · dinov3_patch-whole_image,149,0.3674483333333334,0.31181225,0.44733825,1.0,48,0.38712166666666664
0.40,vg_scale_any · dinov3_patch-whole_image,150,0.36721458333333334,0.30985225,0.43858275,1.0,48,0.38712166666666664
0.50,vg_scale_any · dinov3_patch-whole_image,0,0.38712166666666664,0.304284,0.46234925,1.0,48,0.38712166666666664
0.50,vg_scale_any · dinov3_patch-whole_image,1,,,,0.0,48,0.38712166666666664
0.50,vg_scale_any · dinov3_patch-whole_image,2,0.750511,0.750511,0.750511,0.020833333333333332,48,0.38712166666666664
0.50,vg_scale_any · dinov3_patch-whole_image,3,0.7436564999999999,0.74278075,0.74453225,0.041666666666666664,48,0.38712166666666664
0.50,vg_scale_any · dinov3_patch-whole_image,4,0.7232305833333333,0.62244925,0.87368875,1.0,48,0.38712166666666664
0.50,vg_scale_any · dinov3_patch-whole_image,5,0.7122936666666666,0.5865717500000001,0.80224825,1.0,48,0.38712166666666664
0.50,vg_scale_any · dinov3_patch-whole_image,6,0.7086635208333334,0.578247,0.8461985,1.0,48,0.38712166666666664
0.50,vg_scale_any · dinov3_patch-whole_image,7,0.6682595,0.5450185,0.80508475,1.0,48,0.38712166666666664
0.50,vg_scale_any · dinov3_patch-whole_image,8,0.6539565208333333,0.512804,0.78271425,1.0,48,0.38712166666666664
0.50,vg_scale_any · dinov3_patch-whole_image,9,0.6541992083333334,0.50888175,0.764717,1.0,48,0.38712166666666664
0.50,vg_scale_any · dinov3_patch-whole_image,10,0.6329528541666667,0.4637155,0.76102125,1.0,48,0.38712166666666664
0.50,vg_scale_any · dinov3_patch-whole_image,11,0.6101921458333334,0.49128225,0.728661,1.0,48,0.38712166666666664
0.50,vg_scale_any · dinov3_patch-whole_image,12,0.598351625,0.489742,0.7271937500000001,1.0,48,0.38712166666666664
0.50,vg_scale_any · dinov3_patch-whole_image,13,0.5740238125,0.46695675000000003,0.69287375,1.0,48,0.38712166666666664
0.50,vg_scale_any · dinov3_patch-whole_image,14,0.5710177291666667,0.47984625,0.6703005,1.0,48,0.38712166666666664
0.50,vg_scale_any · dinov3_patch-whole_image,15,0.5608526666666667,0.464322,0.6684782499999999,1.0,48,0.38712166666666664
0.50,vg_scale_any · dinov3_patch-whole_image,16,0.5445671666666666,0.42598075,0.6475065,1.0,48,0.38712166666666664
0.50,vg_scale_any · dinov3_patch-whole_image,17,0.5450183541666667,0.4543775,0.652678,1.0,48,0.38712166666666664
0.50,vg_scale_any · dinov3_patch-whole_image,18,0.5400272916666666,0.41986500000000004,0.6491224999999999,1.0,48,0.38712166666666664
0.50,vg_scale_any · dinov3_patch-whole_image,19,0.5411888333333333,0.44356475,0.6555584999999999,1.0,48,0.38712166666666664
0.50,vg_scale_any · dinov3_patch-whole_image,20,0.52615375,0.42125775,0.62747775,1.0,48,0.38712166666666664
0.50,vg_scale_any · dinov3_patch-whole_image,21,0.5184622708333334,0.4145875,0.6312205,1.0,48,0.38712166666666664
0.50,vg_scale_any · dinov3_patch-whole_image,22,0.5155859375,0.40976125,0.62918175,1.0,48,0.38712166666666664
0.50,vg_scale_any · dinov3_patch-whole_image,23,0.506110375,0.41103825,0.633425,1.0,48,0.38712166666666664
0.50,vg_scale_any · dinov3_patch-whole_image,24,0.5043952708333334,0.41298025,0.622331,1.0,48,0.38712166666666664
0.50,vg_scale_any · dinov3_patch-whole_image,25,0.5062245416666666,0.428887,0.6290439999999999,1.0,48,0.38712166666666664
0.50,vg_scale_any · dinov3_patch-whole_image,26,0.50250525,0.409293,0.6250622499999999,1.0,48,0.38712166666666664
0.50,vg_scale_any · dinov3_patch-whole_image,27,0.4971640625,0.4044775,0.6047699999999999,1.0,48,0.38712166666666664
0.50,vg_scale_any · dinov3_patch-whole_image,28,0.5155612083333333,0.43305675,0.62852475,1.0,48,0.38712166666666664
0.50,vg_scale_any · dinov3_patch-whole_image,29,0.5089578541666667,0.43382975,0.5973795000000001,1.0,48,0.38712166666666664
0.50,vg_scale_any · dinov3_patch-whole_image,30,0.4931215416666667,0.39702025,0.60853825,1.0,48,0.38712166666666664
0.50,vg_scale_any · dinov3_patch-whole_image,31,0.48440795833333333,0.40515249999999997,0.59707225,1.0,48,0.38712166666666664
0.50,vg_scale_any · dinov3_patch-whole_image,32,0.48376204166666664,0.3969905,0.60416275,1.0,48,0.38712166666666664
0.50,vg_scale_any · dinov3_patch-whole_image,33,0.47886066666666666,0.40014725,0.59342825,1.0,48,0.38712166666666664
0.50,vg_scale_any · dinov3_patch-whole_image,34,0.4713314791666667,0.39915725,0.5738402499999999,1.0,48,0.38712166666666664
0.50,vg_scale_any · dinov3_patch-whole_image,35,0.45726525,0.387137,0.569435,1.0,48,0.38712166666666664
0.50,vg_scale_any · dinov3_patch-whole_image,36,0.46272964583333326,0.39590575,0.5820995,1.0,48,0.38712166666666664
0.50,vg_scale_any · dinov3_patch-whole_image,37,0.4593753333333333,0.3924555,0.56902425,1.0,48,0.38712166666666664
0.50,vg_scale_any · dinov3_patch-whole_image,38,0.4567338125,0.40368675,0.564973,1.0,48,0.38712166666666664
0.50,vg_scale_any · dinov3_patch-whole_image,39,0.45691241666666665,0.390868,0.55711225,1.0,48,0.38712166666666664
0.50,vg_scale_any · dinov3_patch-whole_image,40,0.4524242708333333,0.37661825,0.5594605,1.0,48,0.38712166666666664
0.50,vg_scale_any · dinov3_patch-whole_image,41,0.4556556666666667,0.380812,0.5701045,1.0,48,0.38712166666666664
0.50,vg_scale_any · dinov3_patch-whole_image,42,0.44696197916666663,0.3662375,0.56864625,1.0,48,0.38712166666666664
0.50,vg_scale_any · dinov3_patch-whole_image,43,0.44255945833333327,0.3787005,0.54978775,1.0,48,0.38712166666666664
0.50,vg_scale_any · dinov3_patch-whole_image,44,0.4446485208333333,0.37399725,0.55022375,1.0,48,0.38712166666666664
0.50,vg_scale_any · dinov3_patch-whole_image,45,0.4393034375,0.37146175000000003,0.5461722499999999,1.0,48,0.38712166666666664
0.50,vg_scale_any · dinov3_patch-whole_image,46,0.4386107916666666,0.38057875,0.5308642499999999,1.0,48,0.38712166666666664
0.50,vg_scale_any · dinov3_patch-whole_image,47,0.43899904166666665,0.37836525,0.5268845,1.0,48,0.38712166666666664
0.50,vg_scale_any · dinov3_patch-whole_image,48,0.43338235416666676,0.377908,0.5246495,1.0,48,0.38712166666666664
0.50,vg_scale_any · dinov3_patch-whole_image,49,0.43486812499999994,0.37270949999999997,0.52024575,1.0,48,0.38712166666666664
0.50,vg_scale_any · dinov3_patch-whole_image,50,0.4290023541666666,0.37576975,0.51434,1.0,48,0.38712166666666664
0.50,vg_scale_any · dinov3_patch-whole_image,51,0.42714929166666665,0.37778674999999995,0.51611275,1.0,48,0.38712166666666664
0.50,vg_scale_any · dinov3_patch-whole_image,52,0.4264748541666667,0.37833525,0.5183705,1.0,48,0.38712166666666664
0.50,vg_scale_any · dinov3_patch-whole_image,53,0.4227170625,0.368116,0.5192825,1.0,48,0.38712166666666664
0.50,vg_scale_any · dinov3_patch-whole_image,54,0.41773129166666667,0.36373475,0.51086225,1.0,48,0.38712166666666664
0.50,vg_scale_any · dinov3_patch-whole_image,55,0.4202569166666667,0.33931574999999997,0.5210685,1.0,48,0.38712166666666664
0.50,vg_scale_any · dinov3_patch-whole_image,56,0.4146340625,0.34926,0.51077425,1.0,48,0.38712166666666664
0.50,vg_scale_any · dinov3_patch-whole_image,57,0.4129911875,0.35181300000000004,0.50601175,1.0,48,0.38712166666666664
0.50,vg_scale_any · dinov3_patch-whole_image,58,0.4089510416666666,0.35913025,0.49747825,1.0,48,0.38712166666666664
0.50,vg_scale_any · dinov3_patch-whole_image,59,0.4089935625000001,0.34844375,0.49299675,1.0,48,0.38712166666666664
0.50,vg_scale_any · dinov3_patch-whole_image,60,0.40744287500000004,0.34817825,0.49787225,1.0,48,0.38712166666666664
0.50,vg_scale_any · dinov3_patch-whole_image,61,0.40628825,0.345941,0.506148,1.0,48,0.38712166666666664
0.50,vg_scale_any · dinov3_patch-whole_image,62,0.40573108333333335,0.33961399999999997,0.5059724999999999,1.0,48,0.38712166666666664
0.50,vg_scale_any · dinov3_patch-whole_image,63,0.4070407291666666,0.3390255,0.5118229999999999,1.0,48,0.38712166666666664
0.50,vg_scale_any · dinov3_patch-whole_image,64,0.4032972291666666,0.3554505,0.4951895,1.0,48,0.38712166666666664
0.50,vg_scale_any · dinov3_patch-whole_image,65,0.4061882083333333,0.3628395,0.49476625,1.0,48,0.38712166666666664
0.50,vg_scale_any · dinov3_patch-whole_image,66,0.4059625416666666,0.36004375,0.50765875,1.0,48,0.38712166666666664
0.50,vg_scale_any · dinov3_patch-whole_image,67,0.40646572916666673,0.361201,0.51249875,1.0,48,0.38712166666666664
0.50,vg_scale_any · dinov3_patch-whole_image,68,0.40545725,0.36209250000000004,0.49962675,1.0,48,0.38712166666666664
0.50,vg_scale_any · dinov3_patch-whole_image,69,0.40421024999999994,0.363027,0.4892585,1.0,48,0.38712166666666664
0.50,vg_scale_any · dinov3_patch-whole_image,70,0.4022668333333333,0.3629625,0.49216125,1.0,48,0.38712166666666664
0.50,vg_scale_any · dinov3_patch-whole_image,71,0.3999750208333333,0.35623225000000003,0.48705925,1.0,48,0.38712166666666664
0.50,vg_scale_any · dinov3_patch-whole_image,72,0.39829270833333336,0.3537905,0.4904135,1.0,48,0.38712166666666664
0.50,vg_scale_any · dinov3_patch-whole_image,73,0.39600868749999996,0.35923175,0.478251,1.0,48,0.38712166666666664
0.50,vg_scale_any · dinov3_patch-whole_image,74,0.3953220416666667,0.3508485,0.484011,1.0,48,0.38712166666666664
0.50,vg_scale_any · dinov3_patch-whole_image,75,0.39378091666666665,0.35076399999999996,0.47775,1.0,48,0.38712166666666664
0.50,vg_scale_any · dinov3_patch-whole_image,76,0.39399095833333336,0.35326525000000003,0.4757615,1.0,48,0.38712166666666664
0.50,vg_scale_any · dinov3_patch-whole_image,77,0.3980956666666667,0.3585445,0.491815,1.0,48,0.38712166666666664
0.50,vg_scale_any · dinov3_patch-whole_image,78,0.3962015833333334,0.35104675,0.48215175,1.0,48,0.38712166666666664
0.50,vg_scale_any · dinov3_patch-whole_image,79,0.3894118541666666,0.35399225,0.469735,1.0,48,0.38712166666666664
0.50,vg_scale_any · dinov3_patch-whole_image,80,0.3874200833333334,0.3451795,0.47139475,1.0,48,0.38712166666666664
0.50,vg_scale_any · dinov3_patch-whole_image,81,0.3875102916666666,0.34852775,0.4702585,1.0,48,0.38712166666666664
0.50,vg_scale_any · dinov3_patch-whole_image,82,0.38808631250000003,0.3532055,0.46734549999999997,1.0,48,0.38712166666666664
0.50,vg_scale_any · dinov3_patch-whole_image,83,0.39416195833333334,0.35400224999999996,0.4747845,1.0,48,0.38712166666666664
0.50,vg_scale_any · dinov3_patch-whole_image,84,0.38958845833333333,0.351704,0.47532450000000004,1.0,48,0.38712166666666664
0.50,vg_scale_any · dinov3_patch-whole_image,85,0.38519491666666666,0.34239050000000004,0.46584675,1.0,48,0.38712166666666664
0.50,vg_scale_any · dinov3_patch-whole_image,86,0.3825995625,0.32828,0.45681425,1.0,48,0.38712166666666664
0.50,vg_scale_any · dinov3_patch-whole_image,87,0.38477779166666665,0.34807775,0.45955125,1.0,48,0.38712166666666664
0.50,vg_scale_any · dinov3_patch-whole_image,88,0.3844335833333334,0.3425475,0.457748,1.0,48,0.38712166666666664
0.50,vg_scale_any · dinov3_patch-whole_image,89,0.38704714583333333,0.343414,0.45833975,1.0,48,0.38712166666666664
0.50,vg_scale_any · dinov3_patch-whole_image,90,0.38652922916666665,0.34105625,0.47165199999999996,1.0,48,0.38712166666666664
0.50,vg_scale_any · dinov3_patch-whole_image,91,0.3843807916666668,0.33847,0.47032324999999997,1.0,48,0.38712166666666664
0.50,vg_scale_any · dinov3_patch-whole_image,92,0.38502343749999995,0.33666325,0.465831,1.0,48,0.38712166666666664
0.50,vg_scale_any · dinov3_patch-whole_image,93,0.3802997291666666,0.33729725,0.46527525000000003,1.0,48,0.38712166666666664
0.50,vg_scale_any · dinov3_patch-whole_image,94,0.37785462500000006,0.331369,0.450451,1.0,48,0.38712166666666664
0.50,vg_scale_any · dinov3_patch-whole_image,95,0.3789987916666666,0.33359075,0.4467225,1.0,48,0.38712166666666664
0.50,vg_scale_any · dinov3_patch-whole_image,96,0.37786125000000004,0.33786925,0.44443425,1.0,48,0.38712166666666664
0.50,vg_scale_any · dinov3_patch-whole_image,97,0.3765009375000001,0.34645,0.44310550000000004,1.0,48,0.38712166666666664
0.50,vg_scale_any · dinov3_patch-whole_image,98,0.3831905416666667,0.33928725,0.4479535,1.0,48,0.38712166666666664
0.50,vg_scale_any · dinov3_patch-whole_image,99,0.3759043958333333,0.34450675,0.442772,1.0,48,0.38712166666666664
0.50,vg_scale_any · dinov3_patch-whole_image,100,0.3781767916666667,0.346749,0.44354725,1.0,48,0.38712166666666664
0.50,vg_scale_any · dinov3_patch-whole_image,101,0.3744311875,0.338198,0.438987,1.0,48,0.38712166666666664
0.50,vg_scale_any · dinov3_patch-whole_image,102,0.3749922291666667,0.34091025,0.441857,1.0,48,0.38712166666666664
0.50,vg_scale_any · dinov3_patch-whole_image,103,0.37069562500000003,0.337895,0.4444415,1.0,48,0.38712166666666664
0.50,vg_scale_any · dinov3_patch-whole_image,104,0.36989954166666666,0.3382905,0.4466655,1.0,48,0.38712166666666664
0.50,vg_scale_any · dinov3_patch-whole_image,105,0.3676771875,0.33581675,0.44350175000000003,1.0,48,0.38712166666666664
0.50,vg_scale_any · dinov3_patch-whole_image,106,0.3666341666666666,0.33542675,0.43924375,1.0,48,0.38712166666666664
0.50,vg_scale_any · dinov3_patch-whole_image,107,0.36932775000000007,0.330395,0.4350965,1.0,48,0.38712166666666664
0.50,vg_scale_any · dinov3_patch-whole_image,108,0.3687600625,0.330564,0.431072,1.0,48,0.38712166666666664
0.50,vg_scale_any · dinov3_patch-whole_image,109,0.37026258333333334,0.3327025,0.45002675,1.0,48,0.38712166666666664
0.50,vg_scale_any · dinov3_patch-whole_image,110,0.3689239583333334,0.330887,0.45002825,1.0,48,0.38712166666666664
0.50,vg_scale_any · dinov3_patch-whole_image,111,0.36814410416666665,0.34188725,0.43356125,1.0,48,0.38712166666666664
0.50,vg_scale_any · dinov3_patch-whole_image,112,0.36716777083333335,0.34151349999999997,0.4344055,1.0,48,0.38712166666666664
0.50,vg_scale_any · dinov3_patch-whole_image,113,0.36617816666666664,0.33072775,0.4409345,1.0,48,0.38712166666666664
0.50,vg_scale_any · dinov3_patch-whole_image,114,0.36298435416666663,0.33299075,0.4248425,1.0,48,0.38712166666666664
0.50,vg_scale_any · dinov3_patch-whole_image,115,0.369237125,0.33207575,0.43070474999999997,1.0,48,0.38712166666666664
0.50,vg_scale_any · dinov3_patch-whole_image,116,0.36727445833333333,0.32911175,0.43807474999999996,1.0,48,0.38712166666666664
0.50,vg_scale_any · dinov3_patch-whole_image,117,0.36282554166666664,0.32509625,0.43317724999999996,1.0,48,0.38712166666666664
0.50,vg_scale_any · dinov3_patch-whole_image,118,0.3631631041666667,0.327486,0.43408,1.0,48,0.38712166666666664
0.50,vg_scale_any · dinov3_patch-whole_image,119,0.3619832916666667,0.32569175,0.4334785,1.0,48,0.38712166666666664
0.50,vg_scale_any · dinov3_patch-whole_image,120,0.36522781249999997,0.32697975,0.4300355,1.0,48,0.38712166666666664
0.50,vg_scale_any · dinov3_patch-whole_image,121,0.35938393750000003,0.32599875,0.4269135,1.0,48,0.38712166666666664
0.50,vg_scale_any · dinov3_patch-whole_image,122,0.36019650000000003,0.3181975,0.432028,1.0,48,0.38712166666666664
0.50,vg_scale_any · dinov3_patch-whole_image,123,0.36190960416666657,0.32170875,0.43742775,1.0,48,0.38712166666666664
0.50,vg_scale_any · dinov3_patch-whole_image,124,0.3609397291666667,0.3296555,0.43224975,1.0,48,0.38712166666666664
0.50,vg_scale_any · dinov3_patch-whole_image,125,0.3614768333333333,0.32854774999999997,0.4310945,1.0,48,0.38712166666666664
0.50,vg_scale_any · dinov3_patch-whole_image,126,0.3595489166666666,0.3235895,0.43561325,1.0,48,0.38712166666666664
0.50,vg_scale_any · dinov3_patch-whole_image,127,0.35969470833333334,0.32666649999999997,0.43686075,1.0,48,0.38712166666666664
0.50,vg_scale_any · dinov3_patch-whole_image,128,0.36121416666666667,0.33055875,0.43507375,1.0,48,0.38712166666666664
0.50,vg_scale_any · dinov3_patch-whole_image,129,0.35949525,0.33015725,0.43808874999999997,1.0,48,0.38712166666666664
0.50,vg_scale_any · dinov3_patch-whole_image,130,0.3583511666666667,0.32000375,0.434589,1.0,48,0.38712166666666664
0.50,vg_scale_any · dinov3_patch-whole_image,131,0.35962889583333335,0.3208135,0.43934075,1.0,48,0.38712166666666664
0.50,vg_scale_any · dinov3_patch-whole_image,132,0.3622589583333333,0.3244275,0.43888325,1.0,48,0.38712166666666664
0.50,vg_scale_any · dinov3_patch-whole_image,133,0.365092,0.323594,0.429413,1.0,48,0.38712166666666664
0.50,vg_scale_any · dinov3_patch-whole_image,134,0.3604517708333333,0.32340525,0.43857275,1.0,48,0.38712166666666664
0.50,vg_scale_any · dinov3_patch-whole_image,135,0.3657223958333333,0.330226,0.432932,1.0,48,0.38712166666666664
0.50,vg_scale_any · dinov3_patch-whole_image,136,0.35978879166666666,0.31823025,0.42756925,1.0,48,0.38712166666666664
0.50,vg_scale_any · dinov3_patch-whole_image,137,0.3626915416666667,0.32644475,0.42830925,1.0,48,0.38712166666666664
0.50,vg_scale_any · dinov3_patch-whole_image,138,0.369744625,0.334349,0.4436255,1.0,48,0.38712166666666664
0.50,vg_scale_any · dinov3_patch-whole_image,139,0.36055835416666665,0.331725,0.42511699999999997,1.0,48,0.38712166666666664
0.50,vg_scale_any · dinov3_patch-whole_image,140,0.35838064583333323,0.3235135,0.42409775,1.0,48,0.38712166666666664
0.50,vg_scale_any · dinov3_patch-whole_image,141,0.3566033958333333,0.32563475,0.411645,1.0,48,0.38712166666666664
0.50,vg_scale_any · dinov3_patch-whole_image,142,0.3606704791666666,0.32433075,0.41085174999999996,1.0,48,0.38712166666666664
0.50,vg_scale_any · dinov3_patch-whole_image,143,0.35945849999999996,0.31826,0.42195125,1.0,48,0.38712166666666664
0.50,vg_scale_any · dinov3_patch-whole_image,144,0.36117697916666663,0.32063625,0.4302735,1.0,48,0.38712166666666664
0.50,vg_scale_any · dinov3_patch-whole_image,145,0.3587762708333333,0.323159,0.41622825,1.0,48,0.38712166666666664
0.50,vg_scale_any · dinov3_patch-whole_image,146,0.35572275,0.303352,0.4165335,1.0,48,0.38712166666666664
0.50,vg_scale_any · dinov3_patch-whole_image,147,0.35497487499999997,0.31026175,0.42392875,1.0,48,0.38712166666666664
0.50,vg_scale_any · dinov3_patch-whole_image,148,0.3503502291666667,0.31083675,0.41086175,1.0,48,0.38712166666666664
0.50,vg_scale_any · dinov3_patch-whole_image,149,0.35336979166666665,0.3074215,0.41541625,1.0,48,0.38712166666666664
0.50,vg_scale_any · dinov3_patch-whole_image,150,0.35382477083333336,0.31096375,0.412305,1.0,48,0.38712166666666664
0.60,vg_scale_any · dinov3_patch-whole_image,0,0.38712166666666664,0.304284,0.46234925,1.0,48,0.38712166666666664
0.60,vg_scale_any · dinov3_patch-whole_image,1,,,,0.0,48,0.38712166666666664
0.60,vg_scale_any · dinov3_patch-whole_image,2,0.750511,0.750511,0.750511,0.020833333333333332,48,0.38712166666666664
0.60,vg_scale_any · dinov3_patch-whole_image,3,0.7436564999999999,0.74278075,0.74453225,0.041666666666666664,48,0.38712166666666664
0.60,vg_scale_any · dinov3_patch-whole_image,4,0.7232305833333333,0.62244925,0.87368875,1.0,48,0.38712166666666664
0.60,vg_scale_any · dinov3_patch-whole_image,5,0.7127017708333333,0.57934225,0.806095,1.0,48,0.38712166666666664
0.60,vg_scale_any · dinov3_patch-whole_image,6,0.7083535208333333,0.5857,0.84031925,1.0,48,0.38712166666666664
0.60,vg_scale_any · dinov3_patch-whole_image,7,0.6845969375,0.5764834999999999,0.8239305,1.0,48,0.38712166666666664
0.60,vg_scale_any · dinov3_patch-whole_image,8,0.6550400416666667,0.48371525,0.78111725,1.0,48,0.38712166666666664
0.60,vg_scale_any · dinov3_patch-whole_image,9,0.6639452291666668,0.52883775,0.77513175,1.0,48,0.38712166666666664
0.60,vg_scale_any · dinov3_patch-whole_image,10,0.6368291041666666,0.49456524999999996,0.76014875,1.0,48,0.38712166666666664
0.60,vg_scale_any · dinov3_patch-whole_image,11,0.6228195625,0.4763655,0.7465120000000001,1.0,48,0.38712166666666664
0.60,vg_scale_any · dinov3_patch-whole_image,12,0.6020109374999999,0.4645975,0.74578275,1.0,48,0.38712166666666664
0.60,vg_scale_any · dinov3_patch-whole_image,13,0.5945991875,0.48402175000000003,0.713203,1.0,48,0.38712166666666664
0.60,vg_scale_any · dinov3_patch-whole_image,14,0.5794020833333333,0.48768249999999996,0.7162109999999999,1.0,48,0.38712166666666664
0.60,vg_scale_any · dinov3_patch-whole_image,15,0.56283825,0.45815275,0.68745825,1.0,48,0.38712166666666664
0.60,vg_scale_any · dinov3_patch-whole_image,16,0.5499148333333334,0.4550125,0.69143625,1.0,48,0.38712166666666664
0.60,vg_scale_any · dinov3_patch-whole_image,17,0.5441245208333333,0.46611375,0.676092,1.0,48,0.38712166666666664
0.60,vg_scale_any · dinov3_patch-whole_image,18,0.5355882291666667,0.45939875,0.6626805,1.0,48,0.38712166666666664
0.60,vg_scale_any · dinov3_patch-whole_image,19,0.5294982291666667,0.429845,0.65581075,1.0,48,0.38712166666666664
0.60,vg_scale_any · dinov3_patch-whole_image,20,0.5213556458333334,0.42088349999999997,0.6465080000000001,1.0,48,0.38712166666666664
0.60,vg_scale_any · dinov3_patch-whole_image,21,0.5206561666666667,0.40670675,0.66358575,1.0,48,0.38712166666666664
0.60,vg_scale_any · dinov3_patch-whole_image,22,0.5197689791666668,0.40329375,0.655459,1.0,48,0.38712166666666664
0.60,vg_scale_any · dinov3_patch-whole_image,23,0.5148842708333333,0.41102575,0.631476,1.0,48,0.38712166666666664
0.60,vg_scale_any · dinov3_patch-whole_image,24,0.5124776041666667,0.384007,0.64980225,1.0,48,0.38712166666666664
0.60,vg_scale_any · dinov3_patch-whole_image,25,0.5171901250000001,0.407425,0.6494455,1.0,48,0.38712166666666664
0.60,vg_scale_any · dinov3_patch-whole_image,26,0.5198119583333333,0.39578175,0.636376,1.0,48,0.38712166666666664
0.60,vg_scale_any · dinov3_patch-whole_image,27,0.5160809791666666,0.38768925,0.6526974999999999,1.0,48,0.38712166666666664
0.60,vg_scale_any · dinov3_patch-whole_image,28,0.5200121666666667,0.38916525,0.67273525,1.0,48,0.38712166666666664
0.60,vg_scale_any · dinov3_patch-whole_image,29,0.5215885,0.37979850000000004,0.6667565,1.0,48,0.38712166666666664
0.60,vg_scale_any · dinov3_patch-whole_image,30,0.5034872708333333,0.3822605,0.6416364999999999,1.0,48,0.38712166666666664
0.60,vg_scale_any · dinov3_patch-whole_image,31,0.4967320416666667,0.40821225,0.6302307500000001,1.0,48,0.38712166666666664
0.60,vg_scale_any · dinov3_patch-whole_image,32,0.48883020833333335,0.38974075,0.61234175,1.0,48,0.38712166666666664
0.60,vg_scale_any · dinov3_patch-whole_image,33,0.4800661041666667,0.36962649999999997,0.615823,1.0,48,0.38712166666666664
0.60,vg_scale_any · dinov3_patch-whole_image,34,0.47475931250000003,0.37324650000000004,0.60169675,1.0,48,0.38712166666666664
0.60,vg_scale_any · dinov3_patch-whole_image,35,0.46796816666666663,0.368393,0.584702,1.0,48,0.38712166666666664
0.60,vg_scale_any · dinov3_patch-whole_image,36,0.47641041666666667,0.38150225,0.58739375,1.0,48,0.38712166666666664
0.60,vg_scale_any · dinov3_patch-whole_image,37,0.48740054166666663,0.3727555,0.618599,1.0,48,0.38712166666666664
0.60,vg_scale_any · dinov3_patch-whole_image,38,0.48979654166666675,0.39052699999999996,0.61094375,1.0,48,0.38712166666666664
0.60,vg_scale_any · dinov3_patch-whole_image,39,0.48573025,0.35704175000000005,0.61003975,1.0,48,0.38712166666666664
0.60,vg_scale_any · dinov3_patch-whole_image,40,0.47709333333333337,0.3745035,0.5882017500000001,1.0,48,0.38712166666666664
0.60,vg_scale_any · dinov3_patch-whole_image,41,0.4681015208333333,0.35345499999999996,0.5719672499999999,1.0,48,0.38712166666666664
0.60,vg_scale_any · dinov3_patch-whole_image,42,0.4630231458333333,0.35113275,0.56700325,1.0,48,0.38712166666666664
0.60,vg_scale_any · dinov3_patch-whole_image,43,0.45966337500000004,0.33937,0.5608190000000001,1.0,48,0.38712166666666664
0.60,vg_scale_any · dinov3_patch-whole_image,44,0.45184104166666667,0.340558,0.57539825,1.0,48,0.38712166666666664
0.60,vg_scale_any · dinov3_patch-whole_image,45,0.45526439583333334,0.36360725000000005,0.5745235,1.0,48,0.38712166666666664
0.60,vg_scale_any · dinov3_patch-whole_image,46,0.44850427083333333,0.36620325,0.5443479999999999,1.0,48,0.38712166666666664
0.60,vg_scale_any · dinov3_patch-whole_image,47,0.44503666666666675,0.3598075,0.5591685,1.0,48,0.38712166666666664
0.60,vg_scale_any · dinov3_patch-whole_image,48,0.4511144375,0.36925,0.5649925,1.0,48,0.38712166666666664
0.60,vg_scale_any · dinov3_patch-whole_image,49,0.43777797916666666,0.34551975,0.55738875,1.0,48,0.38712166666666664
0.60,vg_scale_any · dinov3_patch-whole_image,50,0.4334680416666667,0.34394025,0.538842,1.0,48,0.38712166666666664
0.60,vg_scale_any · dinov3_patch-whole_image,51,0.43241904166666667,0.34929775,0.5409825,1.0,48,0.38712166666666664
0.60,vg_scale_any · dinov3_patch-whole_image,52,0.4271447500000001,0.34802825000000004,0.548775,1.0,48,0.38712166666666664
0.60,vg_scale_any · dinov3_patch-whole_image,53,0.42247779166666666,0.35236475,0.55056975,1.0,48,0.38712166666666664
0.60,vg_scale_any · dinov3_patch-whole_image,54,0.4244255833333333,0.34380299999999997,0.54796025,1.0,48,0.38712166666666664
0.60,vg_scale_any · dinov3_patch-whole_image,55,0.42297514583333334,0.3317095,0.544245,1.0,48,0.38712166666666664
0.60,vg_scale_any · dinov3_patch-whole_image,56,0.4190649583333333,0.33169375,0.5248135,1.0,48,0.38712166666666664
0.60,vg_scale_any · dinov3_patch-whole_image,57,0.418412,0.32558075000000003,0.53012875,1.0,48,0.38712166666666664
0.60,vg_scale_any · dinov3_patch-whole_image,58,0.41163299999999997,0.33417074999999996,0.487531,1.0,48,0.38712166666666664
0.60,vg_scale_any · dinov3_patch-whole_image,59,0.41116535416666666,0.32051625,0.49730949999999996,1.0,48,0.38712166666666664
0.60,vg_scale_any · dinov3_patch-whole_image,60,0.40770270833333333,0.322675,0.512947,1.0,48,0.38712166666666664
0.60,vg_scale_any · dinov3_patch-whole_image,61,0.40671370833333337,0.33212875,0.5038935,1.0,48,0.38712166666666664
0.60,vg_scale_any · dinov3_patch-whole_image,62,0.40756195833333325,0.3236305,0.49128775,1.0,48,0.38712166666666664
0.60,vg_scale_any · dinov3_patch-whole_image,63,0.40673375000000006,0.324265,0.4997165,1.0,48,0.38712166666666664
0.60,vg_scale_any · dinov3_patch-whole_image,64,0.40231839583333334,0.32702749999999997,0.49675274999999997,1.0,48,0.38712166666666664
0.60,vg_scale_any · dinov3_patch-whole_image,65,0.40420872916666667,0.323665,0.5047685,1.0,48,0.38712166666666664
0.60,vg_scale_any · dinov3_patch-whole_image,66,0.4020339791666667,0.31507475,0.496727,1.0,48,0.38712166666666664
0.60,vg_scale_any · dinov3_patch-whole_image,67,0.4050350833333333,0.31610825,0.5008192499999999,1.0,48,0.38712166666666664
0.60,vg_scale_any · dinov3_patch-whole_image,68,0.40086856249999997,0.3226855,0.5006555,1.0,48,0.38712166666666664
0.60,vg_scale_any · dinov3_patch-whole_image,69,0.3979853125000001,0.325151,0.49515000000000003,1.0,48,0.38712166666666664
0.60,vg_scale_any · dinov3_patch-whole_image,70,0.3964657916666667,0.33024825,0.48539475,1.0,48,0.38712166666666664
0.60,vg_scale_any · dinov3_patch-whole_image,71,0.39797706250000003,0.32443975,0.47885524999999995,1.0,48,0.38712166666666664
0.60,vg_scale_any · dinov3_patch-whole_image,72,0.3980359791666667,0.32469000000000003,0.48031599999999997,1.0,48,0.38712166666666664
0.60,vg_scale_any · dinov3_patch-whole_image,73,0.3937761458333333,0.33281775,0.48993775,1.0,48,0.38712166666666664
0.60,vg_scale_any · dinov3_patch-whole_image,74,0.39744287500000003,0.333121,0.4942565,1.0,48,0.38712166666666664
0.60,vg_scale_any · dinov3_patch-whole_image,75,0.3965375,0.32841025,0.5046945,1.0,48,0.38712166666666664
0.60,vg_scale_any · dinov3_patch-whole_image,76,0.4000956458333333,0.333388,0.5081742499999999,1.0,48,0.38712166666666664
0.60,vg_scale_any · dinov3_patch-whole_image,77,0.39886722916666667,0.317284,0.50108375,1.0,48,0.38712166666666664
0.60,vg_scale_any · dinov3_patch-whole_image,78,0.3959979375,0.31722475,0.50149,1.0,48,0.38712166666666664
0.60,vg_scale_any · dinov3_patch-whole_image,79,0.39062231249999996,0.31144725,0.49824575000000004,1.0,48,0.38712166666666664
0.60,vg_scale_any · dinov3_patch-whole_image,80,0.3944894166666666,0.3302755,0.49609349999999997,1.0,48,0.38712166666666664
0.60,vg_scale_any · dinov3_patch-whole_image,81,0.3948827291666666,0.32643675,0.475482,1.0,48,0.38712166666666664
0.60,vg_scale_any · dinov3_patch-whole_image,82,0.39077310416666666,0.31924,0.4713535,1.0,48,0.38712166666666664
0.60,vg_scale_any · dinov3_patch-whole_image,83,0.390487625,0.31350999999999996,0.4955535,1.0,48,0.38712166666666664
0.60,vg_scale_any · dinov3_patch-whole_image,84,0.3897068125,0.334868,0.4764835,1.0,48,0.38712166666666664
0.60,vg_scale_any · dinov3_patch-whole_image,85,0.3885023125,0.3295575,0.488908,1.0,48,0.38712166666666664
0.60,vg_scale_any · dinov3_patch-whole_image,86,0.3903956458333333,0.3348445,0.4913375,1.0,48,0.38712166666666664
0.60,vg_scale_any · dinov3_patch-whole_image,87,0.38904197916666666,0.328396,0.48756075,1.0,48,0.38712166666666664
0.60,vg_scale_any · dinov3_patch-whole_image,88,0.39097581249999996,0.33676975,0.4901425,1.0,48,0.38712166666666664
0.60,vg_scale_any · dinov3_patch-whole_image,89,0.3911656041666666,0.33609825,0.492159,1.0,48,0.38712166666666664
0.60,vg_scale_any · dinov3_patch-whole_image,90,0.38890618749999994,0.33976925,0.48383925,1.0,48,0.38712166666666664
0.60,vg_scale_any · dinov3_patch-whole_image,91,0.38876068750000004,0.3228945,0.4729705,1.0,48,0.38712166666666664
0.60,vg_scale_any · dinov3_patch-whole_image,92,0.3864338958333334,0.3348405,0.46177075,1.0,48,0.38712166666666664
0.60,vg_scale_any · dinov3_patch-whole_image,93,0.3876648333333333,0.33289599999999997,0.4753295,1.0,48,0.38712166666666664
0.60,vg_scale_any · dinov3_patch-whole_image,94,0.3814709166666666,0.3384995,0.45538924999999997,1.0,48,0.38712166666666664
0.60,vg_scale_any · dinov3_patch-whole_image,95,0.38071699999999997,0.332107,0.45497675000000004,1.0,48,0.38712166666666664
0.60,vg_scale_any · dinov3_patch-whole_image,96,0.38452662500000007,0.33670175,0.45606325000000003,1.0,48,0.38712166666666664
0.60,vg_scale_any · dinov3_patch-whole_image,97,0.3819499583333334,0.32663375,0.45273874999999997,1.0,48,0.38712166666666664
0.60,vg_scale_any · dinov3_patch-whole_image,98,0.3835154375,0.33269024999999997,0.45993925,1.0,48,0.38712166666666664
0.60,vg_scale_any · dinov3_patch-whole_image,99,0.3826139583333334,0.327664,0.46479875,1.0,48,0.38712166666666664
0.60,vg_scale_any · dinov3_patch-whole_image,100,0.37825360416666665,0.32545225,0.4641635,1.0,48,0.38712166666666664
0.60,vg_scale_any · dinov3_patch-whole_image,101,0.38150810416666675,0.3343375,0.46661525,1.0,48,0.38712166666666664
0.60,vg_scale_any · dinov3_patch-whole_image,102,0.3827010208333334,0.32482350000000004,0.46820425,1.0,48,0.38712166666666664
0.60,vg_scale_any · dinov3_patch-whole_image,103,0.3823895625,0.3243635,0.47548475,1.0,48,0.38712166666666664
0.60,vg_scale_any · dinov3_patch-whole_image,104,0.3780294583333334,0.32427775000000003,0.4658425,1.0,48,0.38712166666666664
0.60,vg_scale_any · dinov3_patch-whole_image,105,0.3775130208333333,0.32488174999999997,0.4654595,1.0,48,0.38712166666666664
0.60,vg_scale_any · dinov3_patch-whole_image,106,0.3799400833333333,0.32493849999999996,0.4697335,1.0,48,0.38712166666666664
0.60,vg_scale_any · dinov3_patch-whole_image,107,0.3829886875,0.32110649999999996,0.47277075,1.0,48,0.38712166666666664
0.60,vg_scale_any · dinov3_patch-whole_image,108,0.38152970833333333,0.31887075,0.4732855,1.0,48,0.38712166666666664
0.60,vg_scale_any · dinov3_patch-whole_image,109,0.3800145833333333,0.32336624999999997,0.4703825,1.0,48,0.38712166666666664
0.60,vg_scale_any · dinov3_patch-whole_image,110,0.3771879375,0.30431825,0.47162974999999996,1.0,48,0.38712166666666664
0.60,vg_scale_any · dinov3_patch-whole_image,111,0.3742844166666666,0.30445774999999997,0.46666275,1.0,48,0.38712166666666664
0.60,vg_scale_any · dinov3_patch-whole_image,112,0.37359785416666663,0.30882575,0.460449,1.0,48,0.38712166666666664
0.60,vg_scale_any · dinov3_patch-whole_image,113,0.36855743750000003,0.31152625,0.454297,1.0,48,0.38712166666666664
0.60,vg_scale_any · dinov3_patch-whole_image,114,0.370664125,0.314955,0.46164000000000005,1.0,48,0.38712166666666664
0.60,vg_scale_any · dinov3_patch-whole_image,115,0.3693049375000001,0.31661375,0.4577795,1.0,48,0.38712166666666664
0.60,vg_scale_any · dinov3_patch-whole_image,116,0.3702309791666667,0.31152575,0.461977,1.0,48,0.38712166666666664
0.60,vg_scale_any · dinov3_patch-whole_image,117,0.3662977708333333,0.31092875,0.4484805,1.0,48,0.38712166666666664
0.60,vg_scale_any · dinov3_patch-whole_image,118,0.3700793958333333,0.31259475000000003,0.45685175,1.0,48,0.38712166666666664
0.60,vg_scale_any · dinov3_patch-whole_image,119,0.36636208333333337,0.30623775,0.452025,1.0,48,0.38712166666666664
0.60,vg_scale_any · dinov3_patch-whole_image,120,0.37017164583333334,0.300684,0.45612975,1.0,48,0.38712166666666664
0.60,vg_scale_any · dinov3_patch-whole_image,121,0.36649158333333337,0.30373075,0.45472925000000003,1.0,48,0.38712166666666664
0.60,vg_scale_any · dinov3_patch-whole_image,122,0.3617802708333333,0.298389,0.44247925,1.0,48,0.38712166666666664
0.60,vg_scale_any · dinov3_patch-whole_image,123,0.36368433333333333,0.28317225,0.451726,1.0,48,0.38712166666666664
0.60,vg_scale_any · dinov3_patch-whole_image,124,0.362332375,0.29701849999999996,0.45741,1.0,48,0.38712166666666664
0.60,vg_scale_any · dinov3_patch-whole_image,125,0.3642737916666667,0.291639,0.456756,1.0,48,0.38712166666666664
0.60,vg_scale_any · dinov3_patch-whole_image,126,0.3628158125,0.2900245,0.45376325,1.0,48,0.38712166666666664
0.60,vg_scale_any · dinov3_patch-whole_image,127,0.366502375,0.30780575,0.45351275,1.0,48,0.38712166666666664
0.60,vg_scale_any · dinov3_patch-whole_image,128,0.3637003125,0.287725,0.45374325000000004,1.0,48,0.38712166666666664
0.60,vg_scale_any · dinov3_patch-whole_image,129,0.3649274583333333,0.28949175,0.46257475000000003,1.0,48,0.38712166666666664
0.60,vg_scale_any · dinov3_patch-whole_image,130,0.3621287083333334,0.29047375,0.466426,1.0,48,0.38712166666666664
0.60,vg_scale_any · dinov3_patch-whole_image,131,0.3647634375,0.29320375,0.46319925,1.0,48,0.38712166666666664
0.60,vg_scale_any · dinov3_patch-whole_image,132,0.36378206249999995,0.28910225,0.46423650000000005,1.0,48,0.38712166666666664
0.60,vg_scale_any · dinov3_patch-whole_image,133,0.36161895833333335,0.294022,0.450333,1.0,48,0.38712166666666664
0.60,vg_scale_any · dinov3_patch-whole_image,134,0.36484925,0.2862185,0.462764,1.0,48,0.38712166666666664
0.60,vg_scale_any · dinov3_patch-whole_image,135,0.36067089583333334,0.2801175,0.45604075,1.0,48,0.38712166666666664
0.60,vg_scale_any · dinov3_patch-whole_image,136,0.3621830833333333,0.29221125000000003,0.45391225,1.0,48,0.38712166666666664
0.60,vg_scale_any · dinov3_patch-whole_image,137,0.36376024999999995,0.28226249999999997,0.45329225,1.0,48,0.38712166666666664
0.60,vg_scale_any · dinov3_patch-whole_image,138,0.36051533333333335,0.28993599999999997,0.43852025,1.0,48,0.38712166666666664
0.60,vg_scale_any · dinov3_patch-whole_image,139,0.359164625,0.2936025,0.453919,1.0,48,0.38712166666666664
0.60,vg_scale_any · dinov3_patch-whole_image,140,0.3578910416666667,0.29445325,0.44371975,1.0,48,0.38712166666666664
0.60,vg_scale_any · dinov3_patch-whole_image,141,0.3574750625,0.299659,0.44391575,1.0,48,0.38712166666666664
0.60,vg_scale_any · dinov3_patch-whole_image,142,0.35566995833333337,0.30055200000000004,0.438324,1.0,48,0.38712166666666664
0.60,vg_scale_any · dinov3_patch-whole_image,143,0.35771741666666673,0.290765,0.44893325,1.0,48,0.38712166666666664
0.60,vg_scale_any · dinov3_patch-whole_image,144,0.36220633333333335,0.30157975,0.45066825,1.0,48,0.38712166666666664
0.60,vg_scale_any · dinov3_patch-whole_image,145,0.3613013125,0.30338750000000003,0.45790775,1.0,48,0.38712166666666664
0.60,vg_scale_any · dinov3_patch-whole_image,146,0.3582254166666667,0.30354375,0.45306625,1.0,48,0.38712166666666664
0.60,vg_scale_any · dinov3_patch-whole_image,147,0.35666470833333336,0.30085325,0.440805,1.0,48,0.38712166666666664
0.60,vg_scale_any · dinov3_patch-whole_image,148,0.3597666666666666,0.3007595,0.4536695,1.0,48,0.38712166666666664
0.60,vg_scale_any · dinov3_patch-whole_image,149,0.3564449166666667,0.30551975,0.44638449999999996,1.0,48,0.38712166666666664
0.60,vg_scale_any · dinov3_patch-whole_image,150,0.3512077708333334,0.30294575,0.44057775,1.0,48,0.38712166666666664
0.70,vg_scale_any · dinov3_patch-whole_image,0,0.38712166666666664,0.304284,0.46234925,1.0,48,0.38712166666666664
0.70,vg_scale_any · dinov3_patch-whole_image,1,,,,0.0,48,0.38712166666666664
0.70,vg_scale_any · dinov3_patch-whole_image,2,0.750511,0.750511,0.750511,0.020833333333333332,48,0.38712166666666664
0.70,vg_scale_any · dinov3_patch-whole_image,3,0.7436564999999999,0.74278075,0.74453225,0.041666666666666664,48,0.38712166666666664
0.70,vg_scale_any · dinov3_patch-whole_image,4,0.7232305833333333,0.62244925,0.87368875,1.0,48,0.38712166666666664
0.70,vg_scale_any · dinov3_patch-whole_image,5,0.706937875,0.56954925,0.8155129999999999,1.0,48,0.38712166666666664
0.70,vg_scale_any · dinov3_patch-whole_image,6,0.7117094375,0.5895695,0.84031925,1.0,48,0.38712166666666664
0.70,vg_scale_any · dinov3_patch-whole_image,7,0.6958291874999999,0.5825115,0.8177825,1.0,48,0.38712166666666664
0.70,vg_scale_any · dinov3_patch-whole_image,8,0.6848912708333333,0.572951,0.7988965,1.0,48,0.38712166666666664
0.70,vg_scale_any · dinov3_patch-whole_image,9,0.6761218750000001,0.55415825,0.78873225,1.0,48,0.38712166666666664
0.70,vg_scale_any · dinov3_patch-whole_image,10,0.6548241041666667,0.53153125,0.78752025,1.0,48,0.38712166666666664
0.70,vg_scale_any · dinov3_patch-whole_image,11,0.6365260833333334,0.511711,0.77376375,1.0,48,0.38712166666666664
0.70,vg_scale_any · dinov3_patch-whole_image,12,0.6401137083333334,0.5389347499999999,0.7655164999999999,1.0,48,0.38712166666666664
0.70,vg_scale_any · dinov3_patch-whole_image,13,0.6070776250000001,0.5021344999999999,0.7460485,1.0,48,0.38712166666666664
0.70,vg_scale_any · dinov3_patch-whole_image,14,0.6038279583333334,0.5090025,0.70613425,1.0,48,0.38712166666666664
0.70,vg_scale_any · dinov3_patch-whole_image,15,0.6069450416666667,0.5201757499999999,0.6964107500000001,1.0,48,0.38712166666666664
0.70,vg_scale_any · dinov3_patch-whole_image,16,0.5917487916666667,0.5011755,0.69800325,1.0,48,0.38712166666666664
0.70,vg_scale_any · dinov3_patch-whole_image,17,0.5911148958333333,0.50034425,0.7197625000000001,1.0,48,0.38712166666666664
0.70,vg_scale_any · dinov3_patch-whole_image,18,0.594172375,0.5173077500000001,0.7025825,1.0,48,0.38712166666666664
0.70,vg_scale_any · dinov3_patch-whole_image,19,0.5767708125000001,0.50074925,0.685813,1.0,48,0.38712166666666664
0.70,vg_scale_any · dinov3_patch-whole_image,20,0.5659991875,0.4675565,0.6761792499999999,1.0,48,0.38712166666666664
0.70,vg_scale_any · dinov3_patch-whole_image,21,0.5619205625,0.467051,0.66746675,1.0,48,0.38712166666666664
0.70,vg_scale_any · dinov3_patch-whole_image,22,0.5494975416666666,0.4347265,0.6827032500000001,1.0,48,0.38712166666666664
0.70,vg_scale_any · dinov3_patch-whole_image,23,0.5484865625,0.446236,0.67604175,1.0,48,0.38712166666666664
0.70,vg_scale_any · dinov3_patch-whole_image,24,0.5406313958333333,0.43327475,0.67102325,1.0,48,0.38712166666666664
0.70,vg_scale_any · dinov3_patch-whole_image,25,0.5292231458333334,0.43017875,0.65107475,1.0,48,0.38712166666666664
0.70,vg_scale_any · dinov3_patch-whole_image,26,0.5357136458333334,0.41784975,0.6621725,1.0,48,0.38712166666666664
0.70,vg_scale_any · dinov3_patch-whole_image,27,0.5247771041666667,0.42467825,0.64410075,1.0,48,0.38712166666666664
0.70,vg_scale_any · dinov3_patch-whole_image,28,0.5467660416666666,0.4145175,0.64915525,1.0,48,0.38712166666666664
0.70,vg_scale_any · dinov3_patch-whole_image,29,0.5151600208333333,0.401939,0.6346465,1.0,48,0.38712166666666664
0.70,vg_scale_any · dinov3_patch-whole_image,30,0.5155864166666667,0.4215515,0.64121,1.0,48,0.38712166666666664
0.70,vg_scale_any · dinov3_patch-whole_image,31,0.525327125,0.3795035,0.6525302500000001,1.0,48,0.38712166666666664
0.70,vg_scale_any · dinov3_patch-whole_image,32,0.5083001041666667,0.38628949999999995,0.6462285,1.0,48,0.38712166666666664
0.70,vg_scale_any · dinov3_patch-whole_image,33,0.50306675,0.3806315,0.64107925,1.0,48,0.38712166666666664
0.70,vg_scale_any · dinov3_patch-whole_image,34,0.5026277499999999,0.36465975,0.643971,1.0,48,0.38712166666666664
0.70,vg_scale_any · dinov3_patch-whole_image,35,0.48931547916666673,0.35907999999999995,0.6233022500000001,1.0,48,0.38712166666666664
0.70,vg_scale_any · dinov3_patch-whole_image,36,0.48226791666666663,0.37343225,0.6168455,1.0,48,0.38712166666666664
0.70,vg_scale_any · dinov3_patch-whole_image,37,0.48846210416666674,0.35923775,0.6245352500000001,1.0,48,0.38712166666666664
0.70,vg_scale_any · dinov3_patch-whole_image,38,0.5010780625000001,0.38152275,0.6403530000000001,1.0,48,0.38712166666666664
0.70,vg_scale_any · dinov3_patch-whole_image,39,0.4917837708333333,0.362586,0.64569775,1.0,48,0.38712166666666664
0.70,vg_scale_any · dinov3_patch-whole_image,40,0.49304339583333334,0.36462525,0.6378705,1.0,48,0.38712166666666664
0.70,vg_scale_any · dinov3_patch-whole_image,41,0.4685542708333334,0.370263,0.6071145,1.0,48,0.38712166666666664
0.70,vg_scale_any · dinov3_patch-whole_image,42,0.4695163125,0.374779,0.615373,1.0,48,0.38712166666666664
0.70,vg_scale_any · dinov3_patch-whole_image,43,0.4740471041666667,0.35582325000000004,0.614399,1.0,48,0.38712166666666664
0.70,vg_scale_any · dinov3_patch-whole_image,44,0.4662926875,0.3662915,0.60486125,1.0,48,0.38712166666666664
0.70,vg_scale_any · dinov3_patch-whole_image,45,0.4598285,0.35176850000000004,0.58332825,1.0,48,0.38712166666666664
0.70,vg_scale_any · dinov3_patch-whole_image,46,0.45658429166666664,0.34785675,0.5876255,1.0,48,0.38712166666666664
0.70,vg_scale_any · dinov3_patch-whole_image,47,0.45322075,0.35177400000000003,0.59932425,1.0,48,0.38712166666666664
0.70,vg_scale_any · dinov3_patch-whole_image,48,0.46772256249999994,0.35910975,0.6061905000000001,1.0,48,0.38712166666666664
0.70,vg_scale_any · dinov3_patch-whole_image,49,0.45146310416666663,0.36007675,0.5959905000000001,1.0,48,0.38712166666666664
0.70,vg_scale_any · dinov3_patch-whole_image,50,0.4516707916666667,0.35963924999999997,0.596527,1.0,48,0.38712166666666664
0.70,vg_scale_any · dinov3_patch-whole_image,51,0.4574380625,0.35644075,0.5769084999999999,1.0,48,0.38712166666666664
0.70,vg_scale_any · dinov3_patch-whole_image,52,0.4440891875,0.35042625,0.5766575,1.0,48,0.38712166666666664
0.70,vg_scale_any · dinov3_patch-whole_image,53,0.44630791666666664,0.34333600000000003,0.5774567500000001,1.0,48,0.38712166666666664
0.70,vg_scale_any · dinov3_patch-whole_image,54,0.4399958541666667,0.35094375,0.57483725,1.0,48,0.38712166666666664
0.70,vg_scale_any · dinov3_patch-whole_image,55,0.44299725000000006,0.34795550000000003,0.5656315,1.0,48,0.38712166666666664
0.70,vg_scale_any · dinov3_patch-whole_image,56,0.4470836875,0.34879025,0.58645125,1.0,48,0.38712166666666664
0.70,vg_scale_any · dinov3_patch-whole_image,57,0.4386930625,0.35226999999999997,0.570017,1.0,48,0.38712166666666664
0.70,vg_scale_any · dinov3_patch-whole_image,58,0.4376896875,0.348121,0.5930292500000001,1.0,48,0.38712166666666664
0.70,vg_scale_any · dinov3_patch-whole_image,59,0.43303718750000003,0.34562325,0.55466125,1.0,48,0.38712166666666664
0.70,vg_scale_any · dinov3_patch-whole_image,60,0.43077472916666665,0.34802774999999997,0.5390855,1.0,48,0.38712166666666664
0.70,vg_scale_any · dinov3_patch-whole_image,61,0.43878668749999994,0.36389475,0.5727365,1.0,48,0.38712166666666664
0.70,vg_scale_any · dinov3_patch-whole_image,62,0.4338537499999999,0.35234525,0.56658075,1.0,48,0.38712166666666664
0.70,vg_scale_any · dinov3_patch-whole_image,63,0.435883125,0.34432575,0.551283,1.0,48,0.38712166666666664
0.70,vg_scale_any · dinov3_patch-whole_image,64,0.43189756249999994,0.3499755,0.5481555,1.0,48,0.38712166666666664
0.70,vg_scale_any · dinov3_patch-whole_image,65,0.4294083958333334,0.3618145,0.5453215,1.0,48,0.38712166666666664
0.70,vg_scale_any · dinov3_patch-whole_image,66,0.4314610625000001,0.35446125,0.5626712500000001,1.0,48,0.38712166666666664
0.70,vg_scale_any · dinov3_patch-whole_image,67,0.4242197916666666,0.3571125,0.551639,1.0,48,0.38712166666666664
0.70,vg_scale_any · dinov3_patch-whole_image,68,0.42805314583333337,0.36154725,0.555564,1.0,48,0.38712166666666664
0.70,vg_scale_any · dinov3_patch-whole_image,69,0.42282639583333337,0.3486015,0.54014625,1.0,48,0.38712166666666664
0.70,vg_scale_any · dinov3_patch-whole_image,70,0.42288416666666667,0.35087175,0.540876,1.0,48,0.38712166666666664
0.70,vg_scale_any · dinov3_patch-whole_image,71,0.41227637500000003,0.35232475,0.5289305,1.0,48,0.38712166666666664
0.70,vg_scale_any · dinov3_patch-whole_image,72,0.4148751458333333,0.353746,0.52927675,1.0,48,0.38712166666666664
0.70,vg_scale_any · dinov3_patch-whole_image,73,0.4157556041666666,0.34989200000000004,0.5342955,1.0,48,0.38712166666666664
0.70,vg_scale_any · dinov3_patch-whole_image,74,0.4140779583333334,0.34045775,0.535922,1.0,48,0.38712166666666664
0.70,vg_scale_any · dinov3_patch-whole_image,75,0.4096637291666667,0.33235775,0.52691925,1.0,48,0.38712166666666664
0.70,vg_scale_any · dinov3_patch-whole_image,76,0.41439125,0.33972199999999997,0.5319054999999999,1.0,48,0.38712166666666664
0.70,vg_scale_any · dinov3_patch-whole_image,77,0.41482214583333327,0.33419075,0.5372585000000001,1.0,48,0.38712166666666664
0.70,vg_scale_any · dinov3_patch-whole_image,78,0.4132410208333333,0.33928474999999997,0.52081575,1.0,48,0.38712166666666664
0.70,vg_scale_any · dinov3_patch-whole_image,79,0.41171991666666674,0.3519665,0.524125,1.0,48,0.38712166666666664
0.70,vg_scale_any · dinov3_patch-whole_image,80,0.40631468749999994,0.34416225,0.51633325,1.0,48,0.38712166666666664
0.70,vg_scale_any · dinov3_patch-whole_image,81,0.40641,0.34204525,0.5205282499999999,1.0,48,0.38712166666666664
0.70,vg_scale_any · dinov3_patch-whole_image,82,0.4067054166666666,0.3485325,0.514471,1.0,48,0.38712166666666664
0.70,vg_scale_any · dinov3_patch-whole_image,83,0.40902891666666674,0.35541525,0.5183377499999999,1.0,48,0.38712166666666664
0.70,vg_scale_any · dinov3_patch-whole_image,84,0.4034627708333333,0.34006325000000004,0.509474,1.0,48,0.38712166666666664
0.70,vg_scale_any · dinov3_patch-whole_image,85,0.4079137499999999,0.35521075,0.51486375,1.0,48,0.38712166666666664
0.70,vg_scale_any · dinov3_patch-whole_image,86,0.4038653750000001,0.34929775,0.506188,1.0,48,0.38712166666666664
0.70,vg_scale_any · dinov3_patch-whole_image,87,0.3990704375,0.34789824999999996,0.51655725,1.0,48,0.38712166666666664
0.70,vg_scale_any · dinov3_patch-whole_image,88,0.4023316666666667,0.34321975,0.5047174999999999,1.0,48,0.38712166666666664
0.70,vg_scale_any · dinov3_patch-whole_image,89,0.39911356249999996,0.33556874999999997,0.5037935,1.0,48,0.38712166666666664
0.70,vg_scale_any · dinov3_patch-whole_image,90,0.4013538125,0.341413,0.500696,1.0,48,0.38712166666666664
0.70,vg_scale_any · dinov3_patch-whole_image,91,0.39909004166666673,0.34186150000000004,0.50669625,1.0,48,0.38712166666666664
0.70,vg_scale_any · dinov3_patch-whole_image,92,0.39563433333333337,0.33567725000000004,0.49280625,1.0,48,0.38712166666666664
0.70,vg_scale_any · dinov3_patch-whole_image,93,0.39333793749999996,0.34101375,0.4840995,1.0,48,0.38712166666666664
0.70,vg_scale_any · dinov3_patch-whole_image,94,0.3913416666666667,0.335997,0.47739475000000003,1.0,48,0.38712166666666664
0.70,vg_scale_any · dinov3_patch-whole_image,95,0.39798737500000003,0.34984475,0.4876055,1.0,48,0.38712166666666664
0.70,vg_scale_any · dinov3_patch-whole_image,96,0.39763408333333333,0.33897350000000004,0.48693575,1.0,48,0.38712166666666664
0.70,vg_scale_any · dinov3_patch-whole_image,97,0.39409570833333335,0.337206,0.4876635,1.0,48,0.38712166666666664
0.70,vg_scale_any · dinov3_patch-whole_image,98,0.3931693958333333,0.337175,0.49174799999999996,1.0,48,0.38712166666666664
0.70,vg_scale_any · dinov3_patch-whole_image,99,0.3948349583333333,0.3411305,0.47881275,1.0,48,0.38712166666666664
0.70,vg_scale_any · dinov3_patch-whole_image,100,0.39323427083333334,0.34125099999999997,0.468575,1.0,48,0.38712166666666664
0.70,vg_scale_any · dinov3_patch-whole_image,101,0.3943988333333333,0.33548124999999995,0.48168275,1.0,48,0.38712166666666664
0.70,vg_scale_any · dinov3_patch-whole_image,102,0.3894515416666667,0.3280915,0.47185225,1.0,48,0.38712166666666664
0.70,vg_scale_any · dinov3_patch-whole_image,103,0.39121929166666664,0.31589475,0.47808025,1.0,48,0.38712166666666664
0.70,vg_scale_any · dinov3_patch-whole_image,104,0.3906724166666667,0.32116049999999996,0.47409775,1.0,48,0.38712166666666664
0.70,vg_scale_any · dinov3_patch-whole_image,105,0.3890443958333334,0.3208045,0.47042174999999997,1.0,48,0.38712166666666664
0.70,vg_scale_any · dinov3_patch-whole_image,106,0.38921093749999996,0.32008424999999996,0.47591150000000004,1.0,48,0.38712166666666664
0.70,vg_scale_any · dinov3_patch-whole_image,107,0.38715125000000006,0.321886,0.483455,1.0,48,0.38712166666666664
0.70,vg_scale_any · dinov3_patch-whole_image,108,0.3820038333333334,0.323222,0.46837475,1.0,48,0.38712166666666664
0.70,vg_scale_any · dinov3_patch-whole_image,109,0.38135754166666663,0.31736699999999995,0.4637675,1.0,48,0.38712166666666664
0.70,vg_scale_any · dinov3_patch-whole_image,110,0.3810726041666667,0.32375624999999997,0.4617315,1.0,48,0.38712166666666664
0.70,vg_scale_any · dinov3_patch-whole_image,111,0.3821107291666667,0.3299715,0.46116625,1.0,48,0.38712166666666664
0.70,vg_scale_any · dinov3_patch-whole_image,112,0.37939695833333337,0.31829175,0.46486675,1.0,48,0.38712166666666664
0.70,vg_scale_any · dinov3_patch-whole_image,113,0.3799057291666667,0.32712225,0.453094,1.0,48,0.38712166666666664
0.70,vg_scale_any · dinov3_patch-whole_image,114,0.3766168541666666,0.32400075,0.44653600000000004,1.0,48,0.38712166666666664
0.70,vg_scale_any · dinov3_patch-whole_image,115,0.3767359791666666,0.326877,0.454804,1.0,48,0.38712166666666664
0.70,vg_scale_any · dinov3_patch-whole_image,116,0.37170941666666674,0.31728775,0.464307,1.0,48,0.38712166666666664
0.70,vg_scale_any · dinov3_patch-whole_image,117,0.3783426875,0.324976,0.46497525,1.0,48,0.38712166666666664
0.70,vg_scale_any · dinov3_patch-whole_image,118,0.3748335,0.32279175,0.4629155,1.0,48,0.38712166666666664
0.70,vg_scale_any · dinov3_patch-whole_image,119,0.37491502083333333,0.31827475,0.45484874999999997,1.0,48,0.38712166666666664
0.70,vg_scale_any · dinov3_patch-whole_image,120,0.3770772291666667,0.32231425,0.45380875,1.0,48,0.38712166666666664
0.70,vg_scale_any · dinov3_patch-whole_image,121,0.37425024999999995,0.31644825,0.45175625,1.0,48,0.38712166666666664
0.70,vg_scale_any · dinov3_patch-whole_image,122,0.37694270833333327,0.31204899999999997,0.461657,1.0,48,0.38712166666666664
0.70,vg_scale_any · dinov3_patch-whole_image,123,0.37037664583333335,0.30327125,0.456896,1.0,48,0.38712166666666664
0.70,vg_scale_any · dinov3_patch-whole_image,124,0.3728261458333333,0.31574650000000004,0.45823749999999996,1.0,48,0.38712166666666664
0.70,vg_scale_any · dinov3_patch-whole_image,125,0.37512033333333333,0.3117525,0.46729775,1.0,48,0.38712166666666664
0.70,vg_scale_any · dinov3_patch-whole_image,126,0.37253372916666666,0.31230600000000003,0.4580885,1.0,48,0.38712166666666664
0.70,vg_scale_any · dinov3_patch-whole_image,127,0.374883125,0.30178475000000005,0.45888025,1.0,48,0.38712166666666664
0.70,vg_scale_any · dinov3_patch-whole_image,128,0.37011408333333334,0.30316774999999996,0.46256925,1.0,48,0.38712166666666664
0.70,vg_scale_any · dinov3_patch-whole_image,129,0.3701625833333333,0.3081775,0.46290549999999997,1.0,48,0.38712166666666664
0.70,vg_scale_any · dinov3_patch-whole_image,130,0.37314766666666666,0.30188824999999997,0.45643275,1.0,48,0.38712166666666664
0.70,vg_scale_any · dinov3_patch-whole_image,131,0.37762431250000006,0.3057035,0.47124975,1.0,48,0.38712166666666664
0.70,vg_scale_any · dinov3_patch-whole_image,132,0.37112639583333334,0.30795525,0.46221524999999997,1.0,48,0.38712166666666664
0.70,vg_scale_any · dinov3_patch-whole_image,133,0.3708071875,0.31068175,0.45706,1.0,48,0.38712166666666664
0.70,vg_scale_any · dinov3_patch-whole_image,134,0.3699588958333333,0.313198,0.4577365,1.0,48,0.38712166666666664
0.70,vg_scale_any · dinov3_patch-whole_image,135,0.3664150208333334,0.31240725,0.4556515,1.0,48,0.38712166666666664
0.70,vg_scale_any · dinov3_patch-whole_image,136,0.3671878333333334,0.31256425,0.46537125,1.0,48,0.38712166666666664
0.70,vg_scale_any · dinov3_patch-whole_image,137,0.36530770833333337,0.31158025,0.4659975,1.0,48,0.38712166666666664
0.70,vg_scale_any · dinov3_patch-whole_image,138,0.36559162500000003,0.309469,0.44646275,1.0,48,0.38712166666666664
0.70,vg_scale_any · dinov3_patch-whole_image,139,0.36494524999999994,0.30550975,0.45466575,1.0,48,0.38712166666666664
0.70,vg_scale_any · dinov3_patch-whole_image,140,0.36347677083333335,0.30379325,0.44135875,1.0,48,0.38712166666666664
0.70,vg_scale_any · dinov3_patch-whole_image,141,0.36394168749999994,0.30387125000000004,0.44192975,1.0,48,0.38712166666666664
0.70,vg_scale_any · dinov3_patch-whole_image,142,0.3619621041666667,0.31141625,0.44087975,1.0,48,0.38712166666666664
0.70,vg_scale_any · dinov3_patch-whole_image,143,0.3643411458333334,0.30434925,0.44554499999999997,1.0,48,0.38712166666666664
0.70,vg_scale_any · dinov3_patch-whole_image,144,0.3664820625,0.3059085,0.45043925,1.0,48,0.38712166666666664
0.70,vg_scale_any · dinov3_patch-whole_image,145,0.3663904791666666,0.31411574999999997,0.44876425,1.0,48,0.38712166666666664
0.70,vg_scale_any · dinov3_patch-whole_image,146,0.36613614583333337,0.3135695,0.4553925,1.0,48,0.38712166666666664
0.70,vg_scale_any · dinov3_patch-whole_image,147,0.3637437291666667,0.3157585,0.44469349999999996,1.0,48,0.38712166666666664
0.70,vg_scale_any · dinov3_patch-whole_image,148,0.3654974583333333,0.31299125,0.46018675,1.0,48,0.38712166666666664
0.70,vg_scale_any · dinov3_patch-whole_image,149,0.36333400000000005,0.3083395,0.44926475,1.0,48,0.38712166666666664
0.70,vg_scale_any · dinov3_patch-whole_image,150,0.36533014583333334,0.31695175,0.4544015,1.0,48,0.38712166666666664
0.30,vg_scale_any · siglip-whole_image,0,0.38712166666666664,0.304284,0.46234925,1.0,48,0.38712166666666664
0.30,vg_scale_any · siglip-whole_image,1,,,,0.0,48,0.38712166666666664
0.30,vg_scale_any · siglip-whole_image,2,0.868354,0.868354,0.868354,0.020833333333333332,48,0.38712166666666664
0.30,vg_scale_any · siglip-whole_image,3,0.826451,0.801156,0.851746,0.041666666666666664,48,0.38712166666666664
0.30,vg_scale_any · siglip-whole_image,4,0.6941569166666666,0.58241075,0.779313,1.0,48,0.38712166666666664
0.30,vg_scale_any · siglip-whole_image,5,0.6708526041666666,0.5606005000000001,0.743762,1.0,48,0.38712166666666664
0.30,vg_scale_any · siglip-whole_image,6,0.5895844583333333,0.49561750000000004,0.73371525,1.0,48,0.38712166666666664
0.30,vg_scale_any · siglip-whole_image,7,0.540789,0.4434985,0.6401985,1.0,48,0.38712166666666664
0.30,vg_scale_any · siglip-whole_image,8,0.49471912500000004,0.394843,0.606257,1.0,48,0.38712166666666664
0.30,vg_scale_any · siglip-whole_image,9,0.47492637499999996,0.35443199999999997,0.613135,1.0,48,0.38712166666666664
0.30,vg_scale_any · siglip-whole_image,10,0.4548157916666667,0.33585175,0.5909185,1.0,48,0.38712166666666664
0.30,vg_scale_any · siglip-whole_image,11,0.4478873333333333,0.31650575000000003,0.5727234999999999,1.0,48,0.38712166666666664
0.30,vg_scale_any · siglip-whole_image,12,0.4364488541666667,0.3240035,0.554039,1.0,48,0.38712166666666664
0.30,vg_scale_any · siglip-whole_image,13,0.428843375,0.3337,0.54077675,1.0,48,0.38712166666666664
0.30,vg_scale_any · siglip-whole_image,14,0.42559712499999997,0.31787475,0.52842675,1.0,48,0.38712166666666664
0.30,vg_scale_any · siglip-whole_image,15,0.41630658333333326,0.32159125,0.52541325,1.0,48,0.38712166666666664
0.30,vg_scale_any · siglip-whole_image,16,0.4096423333333334,0.2990985,0.53051975,1.0,48,0.38712166666666664
0.30,vg_scale_any · siglip-whole_image,17,0.4064799166666666,0.29812449999999996,0.50635175,1.0,48,0.38712166666666664
0.30,vg_scale_any · siglip-whole_image,18,0.4051131666666667,0.3210735,0.495041,1.0,48,0.38712166666666664
0.30,vg_scale_any · siglip-whole_image,19,0.40263939583333336,0.323561,0.48666075,1.0,48,0.38712166666666664
0.30,vg_scale_any · siglip-whole_image,20,0.4037779583333334,0.30215575,0.510208,1.0,48,0.38712166666666664
0.30,vg_scale_any · siglip-whole_image,21,0.3984511458333333,0.312568,0.50292075,1.0,48,0.38712166666666664
0.30,vg_scale_any · siglip-whole_image,22,0.39399960416666663,0.30353125000000003,0.47784625000000003,1.0,48,0.38712166666666664
0.30,vg_scale_any · siglip-whole_image,23,0.3942493333333334,0.32111225,0.49698025,1.0,48,0.38712166666666664
0.30,vg_scale_any · siglip-whole_image,24,0.3895746458333333,0.31004325,0.4817495,1.0,48,0.38712166666666664
0.30,vg_scale_any · siglip-whole_image,25,0.3856234166666666,0.31544875,0.480103,1.0,48,0.38712166666666664
0.30,vg_scale_any · siglip-whole_image,26,0.3778737708333333,0.30212324999999995,0.47242575,1.0,48,0.38712166666666664
0.30,vg_scale_any · siglip-whole_image,27,0.37274337500000004,0.2974045,0.45699449999999997,1.0,48,0.38712166666666664
0.30,vg_scale_any · siglip-whole_image,28,0.37687670833333337,0.29481625,0.462342,1.0,48,0.38712166666666664
0.30,vg_scale_any · siglip-whole_image,29,0.3747381875,0.27151625,0.46561325,1.0,48,0.38712166666666664
0.30,vg_scale_any · siglip-whole_image,30,0.3748198333333333,0.2691825,0.4881865,1.0,48,0.38712166666666664
0.30,vg_scale_any · siglip-whole_image,31,0.36684470833333327,0.2635745,0.474613,1.0,48,0.38712166666666664
0.30,vg_scale_any · siglip-whole_image,32,0.3700338333333333,0.2892385,0.46148999999999996,1.0,48,0.38712166666666664
0.30,vg_scale_any · siglip-whole_image,33,0.365529,0.27267875,0.46920225000000004,1.0,48,0.38712166666666664
0.30,vg_scale_any · siglip-whole_image,34,0.36718708333333333,0.28336975,0.45917475,1.0,48,0.38712166666666664
0.30,vg_scale_any · siglip-whole_image,35,0.3671899375,0.281909,0.46782075,1.0,48,0.38712166666666664
0.30,vg_scale_any · siglip-whole_image,36,0.3689481666666667,0.2801755,0.47204175000000004,1.0,48,0.38712166666666664
0.30,vg_scale_any · siglip-whole_image,37,0.3660833125,0.279431,0.46277125,1.0,48,0.38712166666666664
0.30,vg_scale_any · siglip-whole_image,38,0.35718262500000003,0.27327125,0.44975750000000003,1.0,48,0.38712166666666664
0.30,vg_scale_any · siglip-whole_image,39,0.354173375,0.2884955,0.44765475,1.0,48,0.38712166666666664
0.30,vg_scale_any · siglip-whole_image,40,0.3508112083333333,0.28124825,0.44830225,1.0,48,0.38712166666666664
0.30,vg_scale_any · siglip-whole_image,41,0.3492786458333333,0.27110274999999995,0.43780025,1.0,48,0.38712166666666664
0.30,vg_scale_any · siglip-whole_image,42,0.3528319583333333,0.2676655,0.44896725000000004,1.0,48,0.38712166666666664
0.30,vg_scale_any · siglip-whole_image,43,0.35277343749999995,0.264205,0.461099,1.0,48,0.38712166666666664
0.30,vg_scale_any · siglip-whole_image,44,0.35085675,0.26644,0.46144925000000003,1.0,48,0.38712166666666664
0.30,vg_scale_any · siglip-whole_image,45,0.3478588541666667,0.25393175,0.45692449999999996,1.0,48,0.38712166666666664
0.30,vg_scale_any · siglip-whole_image,46,0.34717162499999993,0.2579935,0.45727300000000004,1.0,48,0.38712166666666664
0.30,vg_scale_any · siglip-whole_image,47,0.34563739583333336,0.263046,0.45474175,1.0,48,0.38712166666666664
0.30,vg_scale_any · siglip-whole_image,48,0.34480289583333334,0.26024225,0.44724125,1.0,48,0.38712166666666664
0.30,vg_scale_any · siglip-whole_image,49,0.3431495833333334,0.2777,0.441817,1.0,48,0.38712166666666664
0.30,vg_scale_any · siglip-whole_image,50,0.34493408333333336,0.26615125,0.44365350000000003,1.0,48,0.38712166666666664
0.30,vg_scale_any · siglip-whole_image,51,0.3433380833333333,0.27828675,0.437663,1.0,48,0.38712166666666664
0.30,vg_scale_any · siglip-whole_image,52,0.3406658958333333,0.273914,0.44171275,1.0,48,0.38712166666666664
0.30,vg_scale_any · siglip-whole_image,53,0.3378012083333333,0.249029,0.44754925,1.0,48,0.38712166666666664
0.30,vg_scale_any · siglip-whole_image,54,0.3374874583333334,0.25877025,0.4357335,1.0,48,0.38712166666666664
0.30,vg_scale_any · siglip-whole_image,55,0.3360257916666667,0.256066,0.43710974999999996,1.0,48,0.38712166666666664
0.30,vg_scale_any · siglip-whole_image,56,0.33298702083333337,0.2584145,0.43025875,1.0,48,0.38712166666666664
0.30,vg_scale_any · siglip-whole_image,57,0.33523250000000004,0.25436325,0.425913,1.0,48,0.38712166666666664
0.30,vg_scale_any · siglip-whole_image,58,0.3339098541666667,0.25227575,0.43097825,1.0,48,0.38712166666666664
0.30,vg_scale_any · siglip-whole_image,59,0.3324121875,0.25259625,0.4291255,1.0,48,0.38712166666666664
0.30,vg_scale_any · siglip-whole_image,60,0.3340811875,0.26122725,0.43084925,1.0,48,0.38712166666666664
0.30,vg_scale_any · siglip-whole_image,61,0.33054733333333336,0.261367,0.42378775,1.0,48,0.38712166666666664
0.30,vg_scale_any · siglip-whole_image,62,0.32939477083333335,0.254444,0.422987,1.0,48,0.38712166666666664
0.30,vg_scale_any · siglip-whole_image,63,0.33031114583333326,0.25110175,0.42936775,1.0,48,0.38712166666666664
0.30,vg_scale_any · siglip-whole_image,64,0.3303127708333333,0.2618295,0.42510074999999997,1.0,48,0.38712166666666664
0.30,vg_scale_any · siglip-whole_image,65,0.32899210416666663,0.24477825,0.42957775,1.0,48,0.38712166666666664
0.30,vg_scale_any · siglip-whole_image,66,0.3284567291666667,0.24372175000000001,0.427469,1.0,48,0.38712166666666664
0.30,vg_scale_any · siglip-whole_image,67,0.33033652083333337,0.24464750000000002,0.42750575,1.0,48,0.38712166666666664
0.30,vg_scale_any · siglip-whole_image,68,0.3298763125,0.23897174999999998,0.43408475,1.0,48,0.38712166666666664
0.30,vg_scale_any · siglip-whole_image,69,0.32946918750000004,0.25281325,0.431726,1.0,48,0.38712166666666664
0.30,vg_scale_any · siglip-whole_image,70,0.32652981249999996,0.24163925,0.42979849999999997,1.0,48,0.38712166666666664
0.30,vg_scale_any · siglip-whole_image,71,0.32584989583333335,0.24468675,0.42058324999999996,1.0,48,0.38712166666666664
0.30,vg_scale_any · siglip-whole_image,72,0.32754677083333333,0.25080925,0.4176725,1.0,48,0.38712166666666664
0.30,vg_scale_any · siglip-whole_image,73,0.32478925000000003,0.2488515,0.4070165,1.0,48,0.38712166666666664
0.30,vg_scale_any · siglip-whole_image,74,0.3225577708333333,0.25077625,0.39677975,1.0,48,0.38712166666666664
0.30,vg_scale_any · siglip-whole_image,75,0.3229881458333333,0.252864,0.406648,1.0,48,0.38712166666666664
0.30,vg_scale_any · siglip-whole_image,76,0.3196597916666667,0.24549325,0.40628825,1.0,48,0.38712166666666664
0.30,vg_scale_any · siglip-whole_image,77,0.3180237083333333,0.235854,0.395185,1.0,48,0.38712166666666664
0.30,vg_scale_any · siglip-whole_image,78,0.3201195625,0.2392265,0.39780025,1.0,48,0.38712166666666664
0.30,vg_scale_any · siglip-whole_image,79,0.3208286458333333,0.248502,0.40052425,1.0,48,0.38712166666666664
0.30,vg_scale_any · siglip-whole_image,80,0.31725329166666666,0.249273,0.397736,1.0,48,0.38712166666666664
0.30,vg_scale_any · siglip-whole_image,81,0.319674875,0.2569215,0.3944825,1.0,48,0.38712166666666664
0.30,vg_scale_any · siglip-whole_image,82,0.31766022916666664,0.253865,0.39459974999999997,1.0,48,0.38712166666666664
0.30,vg_scale_any · siglip-whole_image,83,0.31700752083333333,0.24367525,0.39332075,1.0,48,0.38712166666666664
0.30,vg_scale_any · siglip-whole_image,84,0.3155199583333333,0.25044825000000004,0.3878065,1.0,48,0.38712166666666664
0.30,vg_scale_any · siglip-whole_image,85,0.31425525,0.25262275,0.388851,1.0,48,0.38712166666666664
0.30,vg_scale_any · siglip-whole_image,86,0.3141848333333333,0.249896,0.389073,1.0,48,0.38712166666666664
0.30,vg_scale_any · siglip-whole_image,87,0.3126725416666667,0.245265,0.38748,1.0,48,0.38712166666666664
0.30,vg_scale_any · siglip-whole_image,88,0.31416089583333334,0.25314275,0.38329025,1.0,48,0.38712166666666664
0.30,vg_scale_any · siglip-whole_image,89,0.31167431250000005,0.254788,0.3857655,1.0,48,0.38712166666666664
0.30,vg_scale_any · siglip-whole_image,90,0.3115437083333334,0.25230825,0.38263025,1.0,48,0.38712166666666664
0.30,vg_scale_any · siglip-whole_image,91,0.3111713125,0.24572575000000002,0.37971275,1.0,48,0.38712166666666664
0.30,vg_scale_any · siglip-whole_image,92,0.3109814375,0.25090975,0.3772835,1.0,48,0.38712166666666664
0.30,vg_scale_any · siglip-whole_image,93,0.3144880833333333,0.24393325,0.39564900000000003,1.0,48,0.38712166666666664
0.30,vg_scale_any · siglip-whole_image,94,0.31138147916666664,0.2550975,0.38567625,1.0,48,0.38712166666666664
0.30,vg_scale_any · siglip-whole_image,95,0.3112920833333333,0.25041199999999997,0.3896325,1.0,48,0.38712166666666664
0.30,vg_scale_any · siglip-whole_image,96,0.31364925000000005,0.253748,0.39357875,1.0,48,0.38712166666666664
0.30,vg_scale_any · siglip-whole_image,97,0.3135684375,0.25479799999999997,0.3950245,1.0,48,0.38712166666666664
0.30,vg_scale_any · siglip-whole_image,98,0.31464183333333334,0.25290675,0.3866215,1.0,48,0.38712166666666664
0.30,vg_scale_any · siglip-whole_image,99,0.3140053541666667,0.248768,0.3876215,1.0,48,0.38712166666666664
0.30,vg_scale_any · siglip-whole_image,100,0.31137322916666665,0.24855475,0.39065425,1.0,48,0.38712166666666664
0.30,vg_scale_any · siglip-whole_image,101,0.31136572916666666,0.24842175,0.38988124999999996,1.0,48,0.38712166666666664
0.30,vg_scale_any · siglip-whole_image,102,0.31138516666666666,0.24637124999999999,0.38468674999999997,1.0,48,0.38712166666666664
0.30,vg_scale_any · siglip-whole_image,103,0.3086539583333333,0.252332,0.381913,1.0,48,0.38712166666666664
0.30,vg_scale_any · siglip-whole_image,104,0.3112372083333333,0.24846374999999998,0.38776299999999997,1.0,48,0.38712166666666664
0.30,vg_scale_any · siglip-whole_image,105,0.31209085416666665,0.24592324999999998,0.38648175,1.0,48,0.38712166666666664
0.30,vg_scale_any · siglip-whole_image,106,0.30847418750000005,0.24830775,0.38353550000000003,1.0,48,0.38712166666666664
0.30,vg_scale_any · siglip-whole_image,107,0.31086604166666665,0.24869275,0.38703075,1.0,48,0.38712166666666664
0.30,vg_scale_any · siglip-whole_image,108,0.3100106875,0.24862975,0.386301,1.0,48,0.38712166666666664
0.30,vg_scale_any · siglip-whole_image,109,0.3067436458333333,0.247949,0.38752925,1.0,48,0.38712166666666664
0.30,vg_scale_any · siglip-whole_image,110,0.30922795833333333,0.24658475000000002,0.38466924999999996,1.0,48,0.38712166666666664
0.30,vg_scale_any · siglip-whole_image,111,0.3077545625,0.24888875,0.384956,1.0,48,0.38712166666666664
0.30,vg_scale_any · siglip-whole_image,112,0.306217625,0.2462775,0.388277,1.0,48,0.38712166666666664
0.30,vg_scale_any · siglip-whole_image,113,0.3063958958333333,0.24528275,0.3865145,1.0,48,0.38712166666666664
0.30,vg_scale_any · siglip-whole_image,114,0.3047992083333333,0.25286675,0.38374175,1.0,48,0.38712166666666664
0.30,vg_scale_any · siglip-whole_image,115,0.3049776041666667,0.2446555,0.38203125000000004,1.0,48,0.38712166666666664
0.30,vg_scale_any · siglip-whole_image,116,0.3043384375,0.24734425,0.380734,1.0,48,0.38712166666666664
0.30,vg_scale_any · siglip-whole_image,117,0.30362637500000006,0.2420695,0.37681624999999996,1.0,48,0.38712166666666664
0.30,vg_scale_any · siglip-whole_image,118,0.30089252083333334,0.2431145,0.37921024999999997,1.0,48,0.38712166666666664
0.30,vg_scale_any · siglip-whole_image,119,0.3009551458333333,0.2405565,0.37714349999999996,1.0,48,0.38712166666666664
0.30,vg_scale_any · siglip-whole_image,120,0.2994922291666667,0.24109375,0.37996025,1.0,48,0.38712166666666664
0.30,vg_scale_any · siglip-whole_image,121,0.29941439583333335,0.23976875,0.372584,1.0,48,0.38712166666666664
0.30,vg_scale_any · siglip-whole_image,122,0.29775287500000003,0.23648425,0.37545625,1.0,48,0.38712166666666664
0.30,vg_scale_any · siglip-whole_image,123,0.29892858333333333,0.2363565,0.376532,1.0,48,0.38712166666666664
0.30,vg_scale_any · siglip-whole_image,124,0.30199114583333336,0.23699475,0.3733,1.0,48,0.38712166666666664
0.30,vg_scale_any · siglip-whole_image,125,0.30224989583333334,0.23762775,0.37869275,1.0,48,0.38712166666666664
0.30,vg_scale_any · siglip-whole_image,126,0.3019941875,0.240146,0.37425949999999997,1.0,48,0.38712166666666664
0.30,vg_scale_any · siglip-whole_image,127,0.30031895833333333,0.23611775000000002,0.38015774999999996,1.0,48,0.38712166666666664
0.30,vg_scale_any · siglip-whole_image,128,0.29810739583333334,0.23363425000000002,0.36762399999999995,1.0,48,0.38712166666666664
0.30,vg_scale_any · siglip-whole_image,129,0.2991920416666667,0.23271350000000002,0.38093475,1.0,48,0.38712166666666664
0.30,vg_scale_any · siglip-whole_image,130,0.29893600000000004,0.2404415,0.36938175,1.0,48,0.38712166666666664
0.30,vg_scale_any · siglip-whole_image,131,0.29896329166666663,0.239027,0.37732875,1.0,48,0.38712166666666664
0.30,vg_scale_any · siglip-whole_image,132,0.3000476458333334,0.23853775,0.3741415,1.0,48,0.38712166666666664
0.30,vg_scale_any · siglip-whole_image,133,0.30025060416666666,0.23751075,0.3860355,1.0,48,0.38712166666666664
0.30,vg_scale_any · siglip-whole_image,134,0.29926295833333333,0.23448249999999998,0.38121475,1.0,48,0.38712166666666664
0.30,vg_scale_any · siglip-whole_image,135,0.29956454166666663,0.24005425,0.379868,1.0,48,0.38712166666666664
0.30,vg_scale_any · siglip-whole_image,136,0.2986441041666667,0.237496,0.3823455,1.0,48,0.38712166666666664
0.30,vg_scale_any · siglip-whole_image,137,0.2999208125,0.23472225,0.387335,1.0,48,0.38712166666666664
0.30,vg_scale_any · siglip-whole_image,138,0.30006131249999995,0.24430925,0.38731075,1.0,48,0.38712166666666664
0.30,vg_scale_any · siglip-whole_image,139,0.2981416875,0.240637,0.3868245,1.0,48,0.38712166666666664
0.30,vg_scale_any · siglip-whole_image,140,0.30073229166666665,0.24016625,0.3808505,1.0,48,0.38712166666666664
0.30,vg_scale_any · siglip-whole_image,141,0.2999003333333334,0.2440335,0.37878025,1.0,48,0.38712166666666664
0.30,vg_scale_any · siglip-whole_image,142,0.2990609375,0.2388595,0.38677300000000003,1.0,48,0.38712166666666664
0.30,vg_scale_any · siglip-whole_image,143,0.2978560833333333,0.23791425,0.37950874999999995,1.0,48,0.38712166666666664
0.30,vg_scale_any · siglip-whole_image,144,0.29762358333333333,0.24527775000000002,0.36081725,1.0,48,0.38712166666666664
0.30,vg_scale_any · siglip-whole_image,145,0.29733864583333336,0.245765,0.3668405,1.0,48,0.38712166666666664
0.30,vg_scale_any · siglip-whole_image,146,0.29429645833333334,0.2408205,0.3703345,1.0,48,0.38712166666666664
0.30,vg_scale_any · siglip-whole_image,147,0.29545543750000003,0.245977,0.37393849999999995,1.0,48,0.38712166666666664
0.30,vg_scale_any · siglip-whole_image,148,0.29351285416666667,0.2393345,0.3727085,1.0,48,0.38712166666666664
0.30,vg_scale_any · siglip-whole_image,149,0.29258035416666667,0.24139775000000002,0.38025675000000003,1.0,48,0.38712166666666664
0.30,vg_scale_any · siglip-whole_image,150,0.2946187291666667,0.23676075000000002,0.37039725,1.0,48,0.38712166666666664
0.40,vg_scale_any · siglip-whole_image,0,0.38712166666666664,0.304284,0.46234925,1.0,48,0.38712166666666664
0.40,vg_scale_any · siglip-whole_image,1,,,,0.0,48,0.38712166666666664
0.40,vg_scale_any · siglip-whole_image,2,0.868354,0.868354,0.868354,0.020833333333333332,48,0.38712166666666664
0.40,vg_scale_any · siglip-whole_image,3,0.826451,0.801156,0.851746,0.041666666666666664,48,0.38712166666666664
0.40,vg_scale_any · siglip-whole_image,4,0.6941569166666666,0.58241075,0.779313,1.0,48,0.38712166666666664
0.40,vg_scale_any · siglip-whole_image,5,0.6675543958333333,0.5605815000000001,0.743762,1.0,48,0.38712166666666664
0.40,vg_scale_any · siglip-whole_image,6,0.6005880208333333,0.5194675,0.716442,1.0,48,0.38712166666666664
0.40,vg_scale_any · siglip-whole_image,7,0.5509079375,0.45187,0.649056,1.0,48,0.38712166666666664
0.40,vg_scale_any · siglip-whole_image,8,0.5149257291666667,0.41078175,0.64993225,1.0,48,0.38712166666666664
0.40,vg_scale_any · siglip-whole_image,9,0.4929285833333333,0.39569550000000003,0.614009,1.0,48,0.38712166666666664
0.40,vg_scale_any · siglip-whole_image,10,0.46607206250000005,0.34045400000000003,0.61591,1.0,48,0.38712166666666664
0.40,vg_scale_any · siglip-whole_image,11,0.4649814583333334,0.35201775,0.5672225,1.0,48,0.38712166666666664
0.40,vg_scale_any · siglip-whole_image,12,0.4581365625,0.34675725,0.55700475,1.0,48,0.38712166666666664
0.40,vg_scale_any · siglip-whole_image,13,0.43723764583333335,0.3272545,0.5514325,1.0,48,0.38712166666666664
0.40,vg_scale_any · siglip-whole_image,14,0.4242869375,0.33625499999999997,0.5430167499999999,1.0,48,0.38712166666666664
0.40,vg_scale_any · siglip-whole_image,15,0.41764914583333335,0.354642,0.49720325,1.0,48,0.38712166666666664
0.40,vg_scale_any · siglip-whole_image,16,0.40671220833333327,0.324992,0.512737,1.0,48,0.38712166666666664
0.40,vg_scale_any · siglip-whole_image,17,0.3976568333333333,0.3139415,0.48663,1.0,48,0.38712166666666664
0.40,vg_scale_any · siglip-whole_image,18,0.39461608333333337,0.32588799999999996,0.46348975000000003,1.0,48,0.38712166666666664
0.40,vg_scale_any · siglip-whole_image,19,0.38921527083333335,0.31516599999999995,0.47848199999999996,1.0,48,0.38712166666666664
0.40,vg_scale_any · siglip-whole_image,20,0.38387274999999993,0.29546525,0.46646025,1.0,48,0.38712166666666664
0.40,vg_scale_any · siglip-whole_image,21,0.390453875,0.3176835,0.466398,1.0,48,0.38712166666666664
0.40,vg_scale_any · siglip-whole_image,22,0.38233420833333326,0.313215,0.46291625,1.0,48,0.38712166666666664
0.40,vg_scale_any · siglip-whole_image,23,0.3770732291666667,0.31364325000000004,0.46109575,1.0,48,0.38712166666666664
0.40,vg_scale_any · siglip-whole_image,24,0.3726602708333333,0.31988675,0.46124475000000004,1.0,48,0.38712166666666664
0.40,vg_scale_any · siglip-whole_image,25,0.3727103541666667,0.30928525,0.46136125,1.0,48,0.38712166666666664
0.40,vg_scale_any · siglip-whole_image,26,0.36468875,0.3045615,0.4522795,1.0,48,0.38712166666666664
0.40,vg_scale_any · siglip-whole_image,27,0.36675375,0.309528,0.44420424999999997,1.0,48,0.38712166666666664
0.40,vg_scale_any · siglip-whole_image,28,0.35846935416666664,0.30982575,0.4361375,1.0,48,0.38712166666666664
0.40,vg_scale_any · siglip-whole_image,29,0.3576205625,0.31136474999999997,0.43218599999999996,1.0,48,0.38712166666666664
0.40,vg_scale_any · siglip-whole_image,30,0.3612973125,0.31346124999999997,0.43703949999999997,1.0,48,0.38712166666666664
0.40,vg_scale_any · siglip-whole_image,31,0.35797327083333336,0.3038275,0.44552425,1.0,48,0.38712166666666664
0.40,vg_scale_any · siglip-whole_image,32,0.35657852083333336,0.2919885,0.444035,1.0,48,0.38712166666666664
0.40,vg_scale_any · siglip-whole_image,33,0.35990700000000003,0.299558,0.444795,1.0,48,0.38712166666666664
0.40,vg_scale_any · siglip-whole_image,34,0.3583910416666667,0.29437349999999995,0.44663925,1.0,48,0.38712166666666664
0.40,vg_scale_any · siglip-whole_image,35,0.3576658541666667,0.27921625,0.4376965,1.0,48,0.38712166666666664
0.40,vg_scale_any · siglip-whole_image,36,0.3582221458333333,0.287529,0.43944875,1.0,48,0.38712166666666664
0.40,vg_scale_any · siglip-whole_image,37,0.3579683541666667,0.28307099999999996,0.44786549999999997,1.0,48,0.38712166666666664
0.40,vg_scale_any · siglip-whole_image,38,0.3537550208333333,0.2769405,0.43736375,1.0,48,0.38712166666666664
0.40,vg_scale_any · siglip-whole_image,39,0.3560540208333334,0.27919925,0.4394745,1.0,48,0.38712166666666664
0.40,vg_scale_any · siglip-whole_image,40,0.35166868749999997,0.2808445,0.4363815,1.0,48,0.38712166666666664
0.40,vg_scale_any · siglip-whole_image,41,0.35151333333333334,0.26837675,0.436531,1.0,48,0.38712166666666664
0.40,vg_scale_any · siglip-whole_image,42,0.35296866666666665,0.280184,0.43621025,1.0,48,0.38712166666666664
0.40,vg_scale_any · siglip-whole_image,43,0.352000125,0.28479875,0.440579,1.0,48,0.38712166666666664
0.40,vg_scale_any · siglip-whole_image,44,0.3528711666666667,0.27930325,0.42818825,1.0,48,0.38712166666666664
0.40,vg_scale_any · siglip-whole_image,45,0.34883427083333335,0.28052025,0.44037775,1.0,48,0.38712166666666664
0.40,vg_scale_any · siglip-whole_image,46,0.34676272916666667,0.2704525,0.42159375,1.0,48,0.38712166666666664
0.40,vg_scale_any · siglip-whole_image,47,0.3421485833333333,0.27821975,0.426631,1.0,48,0.38712166666666664
0.40,vg_scale_any · siglip-whole_image,48,0.3417011458333333,0.2820685,0.41988400000000003,1.0,48,0.38712166666666664
0.40,vg_scale_any · siglip-whole_image,49,0.33889297916666666,0.280585,0.42054725000000004,1.0,48,0.38712166666666664
0.40,vg_scale_any · siglip-whole_image,50,0.3387920833333333,0.27814375,0.42810024999999996,1.0,48,0.38712166666666664
0.40,vg_scale_any · siglip-whole_image,51,0.33779570833333333,0.28170249999999997,0.42399374999999995,1.0,48,0.38712166666666664
0.40,vg_scale_any · siglip-whole_image,52,0.333179875,0.29071625,0.40571124999999997,1.0,48,0.38712166666666664
0.40,vg_scale_any · siglip-whole_image,53,0.33041583333333335,0.2713785,0.41567725,1.0,48,0.38712166666666664
0.40,vg_scale_any · siglip-whole_image,54,0.33152333333333334,0.262338,0.41057350000000004,1.0,48,0.38712166666666664
0.40,vg_scale_any · siglip-whole_image,55,0.332344875,0.28372600000000003,0.41059575000000004,1.0,48,0.38712166666666664
0.40,vg_scale_any · siglip-whole_image,56,0.3289894583333333,0.271939,0.40544525,1.0,48,0.38712166666666664
0.40,vg_scale_any · siglip-whole_image,57,0.3260321875,0.2702805,0.39975499999999997,1.0,48,0.38712166666666664
0.40,vg_scale_any · siglip-whole_image,58,0.32911025,0.27924575,0.40688250000000004,1.0,48,0.38712166666666664
0.40,vg_scale_any · siglip-whole_image,59,0.33066185416666666,0.285848,0.40222525000000003,1.0,48,0.38712166666666664
0.40,vg_scale_any · siglip-whole_image,60,0.3297810625,0.27686575,0.40868075000000004,1.0,48,0.38712166666666664
0.40,vg_scale_any · siglip-whole_image,61,0.32944093750000003,0.27397975,0.4004085,1.0,48,0.38712166666666664
0.40,vg_scale_any · siglip-whole_image,62,0.3285045,0.28183425,0.40172850000000004,1.0,48,0.38712166666666664
0.40,vg_scale_any · siglip-whole_image,63,0.3342115625,0.29304575,0.4035125,1.0,48,0.38712166666666664
0.40,vg_scale_any · siglip-whole_image,64,0.3311385,0.29222625,0.40178525,1.0,48,0.38712166666666664
0.40,vg_scale_any · siglip-whole_image,65,0.3299719583333333,0.28997125,0.39882925,1.0,48,0.38712166666666664
0.40,vg_scale_any · siglip-whole_image,66,0.32916477083333334,0.27993124999999996,0.40031275,1.0,48,0.38712166666666664
0.40,vg_scale_any · siglip-whole_image,67,0.32519845833333333,0.289893,0.39049975000000003,1.0,48,0.38712166666666664
0.40,vg_scale_any · siglip-whole_image,68,0.324808625,0.2737405,0.39516874999999996,1.0,48,0.38712166666666664
0.40,vg_scale_any · siglip-whole_image,69,0.32256725,0.25695825,0.3978295,1.0,48,0.38712166666666664
0.40,vg_scale_any · siglip-whole_image,70,0.32349035416666666,0.26163575,0.3949445,1.0,48,0.38712166666666664
0.40,vg_scale_any · siglip-whole_image,71,0.31754479166666666,0.25123425,0.390245,1.0,48,0.38712166666666664
0.40,vg_scale_any · siglip-whole_image,72,0.32227333333333336,0.25418925000000003,0.39503325,1.0,48,0.38712166666666664
0.40,vg_scale_any · siglip-whole_image,73,0.322693625,0.272209,0.396726,1.0,48,0.38712166666666664
0.40,vg_scale_any · siglip-whole_image,74,0.32327629166666666,0.26610675,0.39850825,1.0,48,0.38712166666666664
0.40,vg_scale_any · siglip-whole_image,75,0.3195837916666667,0.265954,0.38429175000000004,1.0,48,0.38712166666666664
0.40,vg_scale_any · siglip-whole_image,76,0.31820833333333337,0.2672675,0.38093175,1.0,48,0.38712166666666664
0.40,vg_scale_any · siglip-whole_image,77,0.3186420833333334,0.25595525,0.39398925,1.0,48,0.38712166666666664
0.40,vg_scale_any · siglip-whole_image,78,0.3172699375,0.23297825,0.3817745,1.0,48,0.38712166666666664
0.40,vg_scale_any · siglip-whole_image,79,0.3182364583333333,0.24733475000000002,0.38044125,1.0,48,0.38712166666666664
0.40,vg_scale_any · siglip-whole_image,80,0.31759106249999997,0.243525,0.39987125,1.0,48,0.38712166666666664
0.40,vg_scale_any · siglip-whole_image,81,0.31739968749999997,0.24786825,0.374766,1.0,48,0.38712166666666664
0.40,vg_scale_any · siglip-whole_image,82,0.3123508333333333,0.23442625,0.38019400000000003,1.0,48,0.38712166666666664
0.40,vg_scale_any · siglip-whole_image,83,0.31204554166666665,0.24147725,0.3718985,1.0,48,0.38712166666666664
0.40,vg_scale_any · siglip-whole_image,84,0.31019352083333335,0.234693,0.37983524999999996,1.0,48,0.38712166666666664
0.40,vg_scale_any · siglip-whole_image,85,0.3107801458333333,0.236506,0.38033575000000003,1.0,48,0.38712166666666664
0.40,vg_scale_any · siglip-whole_image,86,0.31240585416666666,0.24038425,0.38010750000000004,1.0,48,0.38712166666666664
0.40,vg_scale_any · siglip-whole_image,87,0.31035450000000003,0.23672625,0.38366025000000004,1.0,48,0.38712166666666664
0.40,vg_scale_any · siglip-whole_image,88,0.31053118749999997,0.242169,0.37895475,1.0,48,0.38712166666666664
0.40,vg_scale_any · siglip-whole_image,89,0.3097968541666667,0.24273975,0.37532699999999997,1.0,48,0.38712166666666664
0.40,vg_scale_any · siglip-whole_image,90,0.3078462083333333,0.24293225,0.37514474999999997,1.0,48,0.38712166666666664
0.40,vg_scale_any · siglip-whole_image,91,0.3078903333333333,0.24060575,0.3653225,1.0,48,0.38712166666666664
0.40,vg_scale_any · siglip-whole_image,92,0.3102639375,0.23872700000000002,0.36859575,1.0,48,0.38712166666666664
0.40,vg_scale_any · siglip-whole_image,93,0.31129185416666666,0.23739375000000001,0.37290825,1.0,48,0.38712166666666664
0.40,vg_scale_any · siglip-whole_image,94,0.31339079166666667,0.24319425,0.3731265,1.0,48,0.38712166666666664
0.40,vg_scale_any · siglip-whole_image,95,0.3138671041666667,0.25155925,0.37573125,1.0,48,0.38712166666666664
0.40,vg_scale_any · siglip-whole_image,96,0.3142667291666667,0.25024475,0.3746925,1.0,48,0.38712166666666664
0.40,vg_scale_any · siglip-whole_image,97,0.31658275,0.26334525000000003,0.37314400000000003,1.0,48,0.38712166666666664
0.40,vg_scale_any · siglip-whole_image,98,0.3155099791666667,0.24754325,0.3778315,1.0,48,0.38712166666666664
0.40,vg_scale_any · siglip-whole_image,99,0.3134452291666667,0.241633,0.38193775,1.0,48,0.38712166666666664
0.40,vg_scale_any · siglip-whole_image,100,0.3119448541666667,0.25053,0.37758725,1.0,48,0.38712166666666664
0.40,vg_scale_any · siglip-whole_image,101,0.31358902083333334,0.24257499999999999,0.372181,1.0,48,0.38712166666666664
0.40,vg_scale_any · siglip-whole_image,102,0.3123616458333333,0.24311725,0.3700995,1.0,48,0.38712166666666664
0.40,vg_scale_any · siglip-whole_image,103,0.3120176666666667,0.25466525,0.37751575000000004,1.0,48,0.38712166666666664
0.40,vg_scale_any · siglip-whole_image,104,0.3116241041666667,0.2436845,0.36862875,1.0,48,0.38712166666666664
0.40,vg_scale_any · siglip-whole_image,105,0.312243125,0.24793175,0.366082,1.0,48,0.38712166666666664
0.40,vg_scale_any · siglip-whole_image,106,0.3110108125,0.24677075,0.36579175,1.0,48,0.38712166666666664
0.40,vg_scale_any · siglip-whole_image,107,0.31257966666666664,0.248572,0.36288525,1.0,48,0.38712166666666664
0.40,vg_scale_any · siglip-whole_image,108,0.31489964583333335,0.2450805,0.37835175,1.0,48,0.38712166666666664
0.40,vg_scale_any · siglip-whole_image,109,0.31116412499999996,0.25266875,0.36498375,1.0,48,0.38712166666666664
0.40,vg_scale_any · siglip-whole_image,110,0.31231295833333333,0.24534175000000003,0.36759600000000003,1.0,48,0.38712166666666664
0.40,vg_scale_any · siglip-whole_image,111,0.31279752083333334,0.24380875000000002,0.37235775000000004,1.0,48,0.38712166666666664
0.40,vg_scale_any · siglip-whole_image,112,0.31330977083333333,0.24816875,0.369039,1.0,48,0.38712166666666664
0.40,vg_scale_any · siglip-whole_image,113,0.31319514583333335,0.24789525,0.37091275,1.0,48,0.38712166666666664
0.40,vg_scale_any · siglip-whole_image,114,0.3135184791666667,0.25212375000000004,0.3771915,1.0,48,0.38712166666666664
0.40,vg_scale_any · siglip-whole_image,115,0.3137797708333333,0.248743,0.37814375,1.0,48,0.38712166666666664
0.40,vg_scale_any · siglip-whole_image,116,0.31255408333333334,0.2473035,0.37471224999999997,1.0,48,0.38712166666666664
0.40,vg_scale_any · siglip-whole_image,117,0.3119523541666667,0.24675325,0.37294125,1.0,48,0.38712166666666664
0.40,vg_scale_any · siglip-whole_image,118,0.31257070833333334,0.24527975000000002,0.35861624999999997,1.0,48,0.38712166666666664
0.40,vg_scale_any · siglip-whole_image,119,0.312299625,0.24387225,0.36067925,1.0,48,0.38712166666666664
0.40,vg_scale_any · siglip-whole_image,120,0.3093333541666667,0.24144425,0.3527815,1.0,48,0.38712166666666664
0.40,vg_scale_any · siglip-whole_image,121,0.3074525208333333,0.24434524999999999,0.35833950000000003,1.0,48,0.38712166666666664
0.40,vg_scale_any · siglip-whole_image,122,0.30707337500000004,0.24358025,0.36752675,1.0,48,0.38712166666666664
0.40,vg_scale_any · siglip-whole_image,123,0.30945897916666665,0.24442475000000002,0.37353725,1.0,48,0.38712166666666664
0.40,vg_scale_any · siglip-whole_image,124,0.305730875,0.24404075,0.366158,1.0,48,0.38712166666666664
0.40,vg_scale_any · siglip-whole_image,125,0.3047041875,0.24061575,0.37035450000000003,1.0,48,0.38712166666666664
0.40,vg_scale_any · siglip-whole_image,126,0.3057103125,0.24231,0.367309,1.0,48,0.38712166666666664
0.40,vg_scale_any · siglip-whole_image,127,0.3066068958333333,0.2425365,0.37443675,1.0,48,0.38712166666666664
0.40,vg_scale_any · siglip-whole_image,128,0.30800283333333334,0.244684,0.37386475,1.0,48,0.38712166666666664
0.40,vg_scale_any · siglip-whole_image,129,0.3057455416666666,0.2434535,0.36364075,1.0,48,0.38712166666666664
0.40,vg_scale_any · siglip-whole_image,130,0.3040503958333333,0.2425575,0.35735374999999997,1.0,48,0.38712166666666664
0.40,vg_scale_any · siglip-whole_image,131,0.303201375,0.24480125,0.36030650000000003,1.0,48,0.38712166666666664
0.40,vg_scale_any · siglip-whole_image,132,0.30365858333333334,0.24394575000000002,0.36635725,1.0,48,0.38712166666666664
0.40,vg_scale_any · siglip-whole_image,133,0.3037807291666667,0.24682150000000003,0.3635965,1.0,48,0.38712166666666664
0.40,vg_scale_any · siglip-whole_image,134,0.30100187500000003,0.243807,0.35908175,1.0,48,0.38712166666666664
0.40,vg_scale_any · siglip-whole_image,135,0.30456395833333333,0.24450725,0.36564725,1.0,48,0.38712166666666664
0.40,vg_scale_any · siglip-whole_image,136,0.30278402083333333,0.2395835,0.36803600000000003,1.0,48,0.38712166666666664
0.40,vg_scale_any · siglip-whole_image,137,0.30280075,0.24235299999999999,0.3680155,1.0,48,0.38712166666666664
0.40,vg_scale_any · siglip-whole_image,138,0.30192114583333335,0.23868875,0.36358975,1.0,48,0.38712166666666664
0.40,vg_scale_any · siglip-whole_image,139,0.3011312708333333,0.25069075,0.36760325,1.0,48,0.38712166666666664
0.40,vg_scale_any · siglip-whole_image,140,0.30099412499999995,0.2492455,0.38191875000000003,1.0,48,0.38712166666666664
0.40,vg_scale_any · siglip-whole_image,141,0.29980558333333335,0.24850550000000002,0.379057,1.0,48,0.38712166666666664
0.40,vg_scale_any · siglip-whole_image,142,0.3030239791666667,0.244538,0.36954575,1.0,48,0.38712166666666664
0.40,vg_scale_any · siglip-whole_image,143,0.3020296666666667,0.2416965,0.36723725,1.0,48,0.38712166666666664
0.40,vg_scale_any · siglip-whole_image,144,0.2993009791666667,0.24064825,0.36704824999999996,1.0,48,0.38712166666666664
0.40,vg_scale_any · siglip-whole_image,145,0.2963069375,0.2400335,0.3718745,1.0,48,0.38712166666666664
0.40,vg_scale_any · siglip-whole_image,146,0.29738235416666664,0.244656,0.37002875,1.0,48,0.38712166666666664
0.40,vg_scale_any · siglip-whole_image,147,0.2980654583333333,0.2448615,0.367799,1.0,48,0.38712166666666664
0.40,vg_scale_any · siglip-whole_image,148,0.29473058333333335,0.246148,0.356522,1.0,48,0.38712166666666664
0.40,vg_scale_any · siglip-whole_image,149,0.2974130208333334,0.24711100000000003,0.3602685,1.0,48,0.38712166666666664
0.40,vg_scale_any · siglip-whole_image,150,0.29710552083333336,0.2465435,0.36495,1.0,48,0.38712166666666664
0.50,vg_scale_any · siglip-whole_image,0,0.38712166666666664,0.304284,0.46234925,1.0,48,0.38712166666666664
0.50,vg_scale_any · siglip-whole_image,1,,,,0.0,48,0.38712166666666664
0.50,vg_scale_any · siglip-whole_image,2,0.868354,0.868354,0.868354,0.020833333333333332,48,0.38712166666666664
0.50,vg_scale_any · siglip-whole_image,3,0.826451,0.801156,0.851746,0.041666666666666664,48,0.38712166666666664
0.50,vg_scale_any · siglip-whole_image,4,0.6941569166666666,0.58241075,0.779313,1.0,48,0.38712166666666664
0.50,vg_scale_any · siglip-whole_image,5,0.6708895624999999,0.5606005000000001,0.75920325,1.0,48,0.38712166666666664
0.50,vg_scale_any · siglip-whole_image,6,0.6242375,0.5165135,0.747082,1.0,48,0.38712166666666664
0.50,vg_scale_any · siglip-whole_image,7,0.5799680416666667,0.46477675,0.6731849999999999,1.0,48,0.38712166666666664
0.50,vg_scale_any · siglip-whole_image,8,0.5291666458333333,0.4371175,0.6476952500000001,1.0,48,0.38712166666666664
0.50,vg_scale_any · siglip-whole_image,9,0.5068984375,0.4209105,0.6293687499999999,1.0,48,0.38712166666666664
0.50,vg_scale_any · siglip-whole_image,10,0.48445006249999994,0.39074,0.62707725,1.0,48,0.38712166666666664
0.50,vg_scale_any · siglip-whole_image,11,0.47330524999999996,0.349182,0.6141845,1.0,48,0.38712166666666664
0.50,vg_scale_any · siglip-whole_image,12,0.46141733333333335,0.33898925,0.573454,1.0,48,0.38712166666666664
0.50,vg_scale_any · siglip-whole_image,13,0.4568296666666667,0.33754775000000004,0.57074225,1.0,48,0.38712166666666664
0.50,vg_scale_any · siglip-whole_image,14,0.44359641666666666,0.33001175,0.5464657500000001,1.0,48,0.38712166666666664
0.50,vg_scale_any · siglip-whole_image,15,0.446565625,0.356347,0.5259527500000001,1.0,48,0.38712166666666664
0.50,vg_scale_any · siglip-whole_image,16,0.44017937500000004,0.344882,0.541597,1.0,48,0.38712166666666664
0.50,vg_scale_any · siglip-whole_image,17,0.4286556458333333,0.31716374999999997,0.52790475,1.0,48,0.38712166666666664
0.50,vg_scale_any · siglip-whole_image,18,0.4138004583333334,0.3459015,0.5155145,1.0,48,0.38712166666666664
0.50,vg_scale_any · siglip-whole_image,19,0.40283135416666666,0.32855850000000003,0.49249950000000003,1.0,48,0.38712166666666664
0.50,vg_scale_any · siglip-whole_image,20,0.40577597916666663,0.33634425,0.49152675,1.0,48,0.38712166666666664
0.50,vg_scale_any · siglip-whole_image,21,0.40532327083333336,0.33543100000000003,0.49114075,1.0,48,0.38712166666666664
0.50,vg_scale_any · siglip-whole_image,22,0.40185393750000004,0.32359550000000004,0.4902625,1.0,48,0.38712166666666664
0.50,vg_scale_any · siglip-whole_image,23,0.402723,0.31556724999999997,0.49031625,1.0,48,0.38712166666666664
0.50,vg_scale_any · siglip-whole_image,24,0.3920663958333333,0.30681274999999997,0.47131675,1.0,48,0.38712166666666664
0.50,vg_scale_any · siglip-whole_image,25,0.3912073333333333,0.33078074999999996,0.47656425,1.0,48,0.38712166666666664
0.50,vg_scale_any · siglip-whole_image,26,0.38405627083333327,0.30144175,0.4567255,1.0,48,0.38712166666666664
0.50,vg_scale_any · siglip-whole_image,27,0.3793477916666667,0.29819724999999997,0.455773,1.0,48,0.38712166666666664
0.50,vg_scale_any · siglip-whole_image,28,0.3832312291666667,0.30832525,0.452914,1.0,48,0.38712166666666664
0.50,vg_scale_any · siglip-whole_image,29,0.3795289583333334,0.28289325,0.448434,1.0,48,0.38712166666666664
0.50,vg_scale_any · siglip-whole_image,30,0.37254622916666663,0.2877775,0.44565425,1.0,48,0.38712166666666664
0.50,vg_scale_any · siglip-whole_image,31,0.3772601666666667,0.28438925,0.47799375,1.0,48,0.38712166666666664
0.50,vg_scale_any · siglip-whole_image,32,0.37347260416666667,0.29485275,0.45425075000000004,1.0,48,0.38712166666666664
0.50,vg_scale_any · siglip-whole_image,33,0.37350214583333335,0.27798725,0.465226,1.0,48,0.38712166666666664
0.50,vg_scale_any · siglip-whole_image,34,0.3728596874999999,0.2815335,0.4653965,1.0,48,0.38712166666666664
0.50,vg_scale_any · siglip-whole_image,35,0.37216245833333333,0.27946175,0.44551850000000004,1.0,48,0.38712166666666664
0.50,vg_scale_any · siglip-whole_image,36,0.37043583333333335,0.27881125,0.45480225,1.0,48,0.38712166666666664
0.50,vg_scale_any · siglip-whole_image,37,0.37076156250000003,0.27462,0.45448125,1.0,48,0.38712166666666664
0.50,vg_scale_any · siglip-whole_image,38,0.36183841666666666,0.28232575,0.45094675,1.0,48,0.38712166666666664
0.50,vg_scale_any · siglip-whole_image,39,0.3655238333333333,0.2833555,0.44575575,1.0,48,0.38712166666666664
0.50,vg_scale_any · siglip-whole_image,40,0.36746416666666665,0.2941455,0.4472435,1.0,48,0.38712166666666664
0.50,vg_scale_any · siglip-whole_image,41,0.36569352083333334,0.29432425,0.44799500000000003,1.0,48,0.38712166666666664
0.50,vg_scale_any · siglip-whole_image,42,0.36113185416666665,0.28694575,0.45143875,1.0,48,0.38712166666666664
0.50,vg_scale_any · siglip-whole_image,43,0.3579695,0.29182,0.43311099999999997,1.0,48,0.38712166666666664
0.50,vg_scale_any · siglip-whole_image,44,0.35485739583333337,0.2802515,0.427742,1.0,48,0.38712166666666664
0.50,vg_scale_any · siglip-whole_image,45,0.35375720833333335,0.28949725000000004,0.430371,1.0,48,0.38712166666666664
0.50,vg_scale_any · siglip-whole_image,46,0.35277820833333334,0.28610475,0.433539,1.0,48,0.38712166666666664
0.50,vg_scale_any · siglip-whole_image,47,0.3503196041666666,0.27534525,0.42387025,1.0,48,0.38712166666666664
0.50,vg_scale_any · siglip-whole_image,48,0.35211306249999996,0.281938,0.43658074999999996,1.0,48,0.38712166666666664
0.50,vg_scale_any · siglip-whole_image,49,0.35313716666666667,0.2885485,0.42642250000000004,1.0,48,0.38712166666666664
0.50,vg_scale_any · siglip-whole_image,50,0.3513227083333333,0.265612,0.40782050000000003,1.0,48,0.38712166666666664
0.50,vg_scale_any · siglip-whole_image,51,0.34856397916666665,0.28587875,0.419859,1.0,48,0.38712166666666664
0.50,vg_scale_any · siglip-whole_image,52,0.34723677083333326,0.26546125,0.418441,1.0,48,0.38712166666666664
0.50,vg_scale_any · siglip-whole_image,53,0.3465142291666667,0.2756775,0.418109,1.0,48,0.38712166666666664
0.50,vg_scale_any · siglip-whole_image,54,0.34627493750000005,0.27304975,0.410619,1.0,48,0.38712166666666664
0.50,vg_scale_any · siglip-whole_image,55,0.3479917291666667,0.27514225000000003,0.41027675,1.0,48,0.38712166666666664
0.50,vg_scale_any · siglip-whole_image,56,0.34338914583333335,0.26460700000000004,0.41249,1.0,48,0.38712166666666664
0.50,vg_scale_any · siglip-whole_image,57,0.34212316666666664,0.27331125,0.40374899999999997,1.0,48,0.38712166666666664
0.50,vg_scale_any · siglip-whole_image,58,0.3439574166666666,0.27502024999999997,0.40749975,1.0,48,0.38712166666666664
0.50,vg_scale_any · siglip-whole_image,59,0.34096837499999993,0.268237,0.39807325,1.0,48,0.38712166666666664
0.50,vg_scale_any · siglip-whole_image,60,0.3415602291666667,0.27939075,0.39543825,1.0,48,0.38712166666666664
0.50,vg_scale_any · siglip-whole_image,61,0.34135425,0.271061,0.40372525000000004,1.0,48,0.38712166666666664
0.50,vg_scale_any · siglip-whole_image,62,0.3405135833333333,0.27262474999999997,0.39686825,1.0,48,0.38712166666666664
0.50,vg_scale_any · siglip-whole_image,63,0.34153456249999997,0.26303475000000004,0.401135,1.0,48,0.38712166666666664
0.50,vg_scale_any · siglip-whole_image,64,0.34034072916666663,0.27321425,0.40284824999999996,1.0,48,0.38712166666666664
0.50,vg_scale_any · siglip-whole_image,65,0.34307872916666665,0.25759175,0.40929825000000003,1.0,48,0.38712166666666664
0.50,vg_scale_any · siglip-whole_image,66,0.3407932083333334,0.26811225000000005,0.41094875,1.0,48,0.38712166666666664
0.50,vg_scale_any · siglip-whole_image,67,0.34216347916666673,0.2626275,0.41563175,1.0,48,0.38712166666666664
0.50,vg_scale_any · siglip-whole_image,68,0.34099862499999994,0.27440125,0.4121575,1.0,48,0.38712166666666664
0.50,vg_scale_any · siglip-whole_image,69,0.3351259583333334,0.2831605,0.40407675,1.0,48,0.38712166666666664
0.50,vg_scale_any · siglip-whole_image,70,0.33253366666666667,0.269146,0.396724,1.0,48,0.38712166666666664
0.50,vg_scale_any · siglip-whole_image,71,0.33153737499999997,0.257029,0.38491425,1.0,48,0.38712166666666664
0.50,vg_scale_any · siglip-whole_image,72,0.3320652916666667,0.251257,0.3933585,1.0,48,0.38712166666666664
0.50,vg_scale_any · siglip-whole_image,73,0.3324703541666667,0.25895,0.39719275,1.0,48,0.38712166666666664
0.50,vg_scale_any · siglip-whole_image,74,0.338103125,0.27464675000000005,0.398346,1.0,48,0.38712166666666664
0.50,vg_scale_any · siglip-whole_image,75,0.33689325,0.2724335,0.397353,1.0,48,0.38712166666666664
0.50,vg_scale_any · siglip-whole_image,76,0.3379835,0.28275025,0.39834725000000004,1.0,48,0.38712166666666664
0.50,vg_scale_any · siglip-whole_image,77,0.33543470833333333,0.27405375,0.403782,1.0,48,0.38712166666666664
0.50,vg_scale_any · siglip-whole_image,78,0.32897920833333333,0.27461674999999997,0.385815,1.0,48,0.38712166666666664
0.50,vg_scale_any · siglip-whole_image,79,0.3249414166666667,0.28359999999999996,0.39303975,1.0,48,0.38712166666666664
0.50,vg_scale_any · siglip-whole_image,80,0.32558133333333333,0.27814649999999996,0.393287,1.0,48,0.38712166666666664
0.50,vg_scale_any · siglip-whole_image,81,0.32525716666666665,0.27037300000000003,0.3907915,1.0,48,0.38712166666666664
0.50,vg_scale_any · siglip-whole_image,82,0.3239697291666667,0.26870174999999996,0.38614550000000003,1.0,48,0.38712166666666664
0.50,vg_scale_any · siglip-whole_image,83,0.32602420833333334,0.26767775,0.394343,1.0,48,0.38712166666666664
0.50,vg_scale_any · siglip-whole_image,84,0.32507039583333336,0.273845,0.385998,1.0,48,0.38712166666666664
0.50,vg_scale_any · siglip-whole_image,85,0.32039022916666665,0.2634145,0.37472425000000004,1.0,48,0.38712166666666664
0.50,vg_scale_any · siglip-whole_image,86,0.3216126875,0.25384425,0.383402,1.0,48,0.38712166666666664
0.50,vg_scale_any · siglip-whole_image,87,0.320163375,0.2526295,0.381108,1.0,48,0.38712166666666664
0.50,vg_scale_any · siglip-whole_image,88,0.3184418541666667,0.259524,0.37323500000000004,1.0,48,0.38712166666666664
0.50,vg_scale_any · siglip-whole_image,89,0.3186305208333333,0.2627935,0.36955925,1.0,48,0.38712166666666664
0.50,vg_scale_any · siglip-whole_image,90,0.3177289166666667,0.26558975,0.37241725,1.0,48,0.38712166666666664
0.50,vg_scale_any · siglip-whole_image,91,0.31644829166666666,0.262495,0.37750525,1.0,48,0.38712166666666664
0.50,vg_scale_any · siglip-whole_image,92,0.31527570833333335,0.26402625,0.37464375,1.0,48,0.38712166666666664
0.50,vg_scale_any · siglip-whole_image,93,0.3205505416666667,0.2586005,0.38101575,1.0,48,0.38712166666666664
0.50,vg_scale_any · siglip-whole_image,94,0.32470408333333334,0.2644035,0.38269624999999996,1.0,48,0.38712166666666664
0.50,vg_scale_any · siglip-whole_image,95,0.32273408333333337,0.25437625,0.38850625,1.0,48,0.38712166666666664
0.50,vg_scale_any · siglip-whole_image,96,0.3239468125,0.26779925000000004,0.3917435,1.0,48,0.38712166666666664
0.50,vg_scale_any · siglip-whole_image,97,0.32230481250000004,0.25518525,0.38154150000000003,1.0,48,0.38712166666666664
0.50,vg_scale_any · siglip-whole_image,98,0.3229465,0.25909375,0.38187125,1.0,48,0.38712166666666664
0.50,vg_scale_any · siglip-whole_image,99,0.3235275208333333,0.25134225,0.380877,1.0,48,0.38712166666666664
0.50,vg_scale_any · siglip-whole_image,100,0.32203331249999995,0.247164,0.3783245,1.0,48,0.38712166666666664
0.50,vg_scale_any · siglip-whole_image,101,0.3213735208333333,0.25079375,0.38475025,1.0,48,0.38712166666666664
0.50,vg_scale_any · siglip-whole_image,102,0.32059333333333334,0.24797750000000002,0.37823525,1.0,48,0.38712166666666664
0.50,vg_scale_any · siglip-whole_image,103,0.3231328333333333,0.248031,0.38410075,1.0,48,0.38712166666666664
0.50,vg_scale_any · siglip-whole_image,104,0.32086177083333334,0.250502,0.38066575,1.0,48,0.38712166666666664
0.50,vg_scale_any · siglip-whole_image,105,0.31937241666666666,0.24820625,0.3789215,1.0,48,0.38712166666666664
0.50,vg_scale_any · siglip-whole_image,106,0.3195765208333334,0.243388,0.3822785,1.0,48,0.38712166666666664
0.50,vg_scale_any · siglip-whole_image,107,0.3194569375,0.24398175,0.37737425,1.0,48,0.38712166666666664
0.50,vg_scale_any · siglip-whole_image,108,0.3261633541666667,0.26728525,0.3781585,1.0,48,0.38712166666666664
0.50,vg_scale_any · siglip-whole_image,109,0.324950625,0.26736925,0.37940675,1.0,48,0.38712166666666664
0.50,vg_scale_any · siglip-whole_image,110,0.32560131249999996,0.27213075,0.37404224999999997,1.0,48,0.38712166666666664
0.50,vg_scale_any · siglip-whole_image,111,0.32612535416666666,0.2713775,0.38530424999999996,1.0,48,0.38712166666666664
0.50,vg_scale_any · siglip-whole_image,112,0.32697647916666667,0.27226675,0.3785785,1.0,48,0.38712166666666664
0.50,vg_scale_any · siglip-whole_image,113,0.3235189166666667,0.26574725,0.3795455,1.0,48,0.38712166666666664
0.50,vg_scale_any · siglip-whole_image,114,0.3255794375,0.2708825,0.3800545,1.0,48,0.38712166666666664
0.50,vg_scale_any · siglip-whole_image,115,0.32315879166666667,0.26552975,0.3755905,1.0,48,0.38712166666666664
0.50,vg_scale_any · siglip-whole_image,116,0.32206314583333334,0.27693575,0.38472675,1.0,48,0.38712166666666664
0.50,vg_scale_any · siglip-whole_image,117,0.31941402083333337,0.2780605,0.37987925,1.0,48,0.38712166666666664
0.50,vg_scale_any · siglip-whole_image,118,0.31858391666666663,0.26227049999999996,0.37842675,1.0,48,0.38712166666666664
0.50,vg_scale_any · siglip-whole_image,119,0.3160166041666667,0.25734250000000003,0.38362525000000003,1.0,48,0.38712166666666664
0.50,vg_scale_any · siglip-whole_image,120,0.3163820208333334,0.25469450000000005,0.3796225,1.0,48,0.38712166666666664
0.50,vg_scale_any · siglip-whole_image,121,0.31830589583333335,0.25470925,0.37723025,1.0,48,0.38712166666666664
0.50,vg_scale_any · siglip-whole_image,122,0.31589352083333333,0.2433725,0.3709075,1.0,48,0.38712166666666664
0.50,vg_scale_any · siglip-whole_image,123,0.318540125,0.25098725,0.37834275,1.0,48,0.38712166666666664
0.50,vg_scale_any · siglip-whole_image,124,0.31427472916666666,0.24339725,0.380356,1.0,48,0.38712166666666664
0.50,vg_scale_any · siglip-whole_image,125,0.31215781249999996,0.241603,0.37086725,1.0,48,0.38712166666666664
0.50,vg_scale_any · siglip-whole_image,126,0.3122183333333333,0.24264175,0.3795265,1.0,48,0.38712166666666664
0.50,vg_scale_any · siglip-whole_image,127,0.3122857083333333,0.25102375,0.36970325,1.0,48,0.38712166666666664
0.50,vg_scale_any · siglip-whole_image,128,0.3141453125,0.2522995,0.3726115,1.0,48,0.38712166666666664
0.50,vg_scale_any · siglip-whole_image,129,0.3179100416666667,0.25062724999999997,0.3774175,1.0,48,0.38712166666666664
0.50,vg_scale_any · siglip-whole_image,130,0.31211127083333334,0.23661700000000002,0.37375875000000003,1.0,48,0.38712166666666664
0.50,vg_scale_any · siglip-whole_image,131,0.31292179166666667,0.24397449999999998,0.374268,1.0,48,0.38712166666666664
0.50,vg_scale_any · siglip-whole_image,132,0.3133094791666667,0.24265275,0.37721875,1.0,48,0.38712166666666664
0.50,vg_scale_any · siglip-whole_image,133,0.31257939583333333,0.2450455,0.37003850000000005,1.0,48,0.38712166666666664
0.50,vg_scale_any · siglip-whole_image,134,0.31357166666666664,0.2412815,0.36730575,1.0,48,0.38712166666666664
0.50,vg_scale_any · siglip-whole_image,135,0.31310495833333335,0.2464915,0.368798,1.0,48,0.38712166666666664
0.50,vg_scale_any · siglip-whole_image,136,0.311994875,0.24213325,0.3775675,1.0,48,0.38712166666666664
0.50,vg_scale_any · siglip-whole_image,137,0.3101354375,0.240422,0.37276225,1.0,48,0.38712166666666664
0.50,vg_scale_any · siglip-whole_image,138,0.3073566875,0.23541575,0.36637175,1.0,48,0.38712166666666664
0.50,vg_scale_any · siglip-whole_image,139,0.31028635416666667,0.25147375,0.3787,1.0,48,0.38712166666666664
0.50,vg_scale_any · siglip-whole_image,140,0.3108460416666667,0.2384585,0.37061025000000003,1.0,48,0.38712166666666664
0.50,vg_scale_any · siglip-whole_image,141,0.31066208333333334,0.23650825,0.37680275,1.0,48,0.38712166666666664
0.50,vg_scale_any · siglip-whole_image,142,0.309466875,0.236428,0.3857775,1.0,48,0.38712166666666664
0.50,vg_scale_any · siglip-whole_image,143,0.3087175208333333,0.2322435,0.38229025,1.0,48,0.38712166666666664
0.50,vg_scale_any · siglip-whole_image,144,0.3049514166666667,0.2314755,0.3674385,1.0,48,0.38712166666666664
0.50,vg_scale_any · siglip-whole_image,145,0.30519266666666667,0.23534325,0.37052,1.0,48,0.38712166666666664
0.50,vg_scale_any · siglip-whole_image,146,0.3060886666666667,0.23700325,0.37342375,1.0,48,0.38712166666666664
0.50,vg_scale_any · siglip-whole_image,147,0.3061165,0.2449205,0.372525,1.0,48,0.38712166666666664
0.50,vg_scale_any · siglip-whole_image,148,0.305774,0.2355715,0.37299175,1.0,48,0.38712166666666664
0.50,vg_scale_any · siglip-whole_image,149,0.3066207083333334,0.24415525,0.37211125,1.0,48,0.38712166666666664
0.50,vg_scale_any · siglip-whole_image,150,0.30205731249999995,0.24950625,0.3719385,1.0,48,0.38712166666666664
0.60,vg_scale_any · siglip-whole_image,0,0.38712166666666664,0.304284,0.46234925,1.0,48,0.38712166666666664
0.60,vg_scale_any · siglip-whole_image,1,,,,0.0,48,0.38712166666666664
0.60,vg_scale_any · siglip-whole_image,2,0.868354,0.868354,0.868354,0.020833333333333332,48,0.38712166666666664
0.60,vg_scale_any · siglip-whole_image,3,0.826451,0.801156,0.851746,0.041666666666666664,48,0.38712166666666664
0.60,vg_scale_any · siglip-whole_image,4,0.6941569166666666,0.58241075,0.779313,1.0,48,0.38712166666666664
0.60,vg_scale_any · siglip-whole_image,5,0.669918875,0.58602725,0.75920325,1.0,48,0.38712166666666664
0.60,vg_scale_any · siglip-whole_image,6,0.6353434166666666,0.52092825,0.758975,1.0,48,0.38712166666666664
0.60,vg_scale_any · siglip-whole_image,7,0.6052020833333334,0.49762175,0.6862602499999999,1.0,48,0.38712166666666664
0.60,vg_scale_any · siglip-whole_image,8,0.5566396875,0.44844275,0.67235625,1.0,48,0.38712166666666664
0.60,vg_scale_any · siglip-whole_image,9,0.5409791041666666,0.43304149999999997,0.6575585,1.0,48,0.38712166666666664
0.60,vg_scale_any · siglip-whole_image,10,0.49822010416666673,0.3974795,0.62587925,1.0,48,0.38712166666666664
0.60,vg_scale_any · siglip-whole_image,11,0.4771327291666667,0.38068050000000003,0.60153025,1.0,48,0.38712166666666664
0.60,vg_scale_any · siglip-whole_image,12,0.46628381249999995,0.38027425,0.5775189999999999,1.0,48,0.38712166666666664
0.60,vg_scale_any · siglip-whole_image,13,0.45365341666666664,0.3548095,0.56796975,1.0,48,0.38712166666666664
0.60,vg_scale_any · siglip-whole_image,14,0.4366632916666667,0.3461825,0.55703825,1.0,48,0.38712166666666664
0.60,vg_scale_any · siglip-whole_image,15,0.42761125,0.33167674999999996,0.560176,1.0,48,0.38712166666666664
0.60,vg_scale_any · siglip-whole_image,16,0.4314652083333333,0.33644575,0.56431575,1.0,48,0.38712166666666664
0.60,vg_scale_any · siglip-whole_image,17,0.4305716874999999,0.32562175,0.5461257500000001,1.0,48,0.38712166666666664
0.60,vg_scale_any · siglip-whole_image,18,0.4216043541666667,0.3065795,0.551039,1.0,48,0.38712166666666664
0.60,vg_scale_any · siglip-whole_image,19,0.42232287500000004,0.33070625,0.5383067500000001,1.0,48,0.38712166666666664
0.60,vg_scale_any · siglip-whole_image,20,0.4209695833333333,0.33467674999999997,0.5271045,1.0,48,0.38712166666666664
0.60,vg_scale_any · siglip-whole_image,21,0.4148452708333334,0.33641075,0.49161325,1.0,48,0.38712166666666664
0.60,vg_scale_any · siglip-whole_image,22,0.4047071666666667,0.32502549999999997,0.49996199999999996,1.0,48,0.38712166666666664
0.60,vg_scale_any · siglip-whole_image,23,0.39699727083333336,0.28481850000000003,0.49289574999999997,1.0,48,0.38712166666666664
0.60,vg_scale_any · siglip-whole_image,24,0.3925319583333333,0.3106455,0.473775,1.0,48,0.38712166666666664
0.60,vg_scale_any · siglip-whole_image,25,0.39395916666666664,0.322193,0.48830025,1.0,48,0.38712166666666664
0.60,vg_scale_any · siglip-whole_image,26,0.39082510416666666,0.30105425,0.47904674999999997,1.0,48,0.38712166666666664
0.60,vg_scale_any · siglip-whole_image,27,0.3912051875,0.31941675,0.48312325,1.0,48,0.38712166666666664
0.60,vg_scale_any · siglip-whole_image,28,0.3825597916666667,0.31332525,0.46944525000000004,1.0,48,0.38712166666666664
0.60,vg_scale_any · siglip-whole_image,29,0.38150197916666667,0.30946625,0.47898125,1.0,48,0.38712166666666664
0.60,vg_scale_any · siglip-whole_image,30,0.3797532708333333,0.300326,0.46309175,1.0,48,0.38712166666666664
0.60,vg_scale_any · siglip-whole_image,31,0.3887436458333333,0.303157,0.47496025000000003,1.0,48,0.38712166666666664
0.60,vg_scale_any · siglip-whole_image,32,0.3854233541666667,0.289274,0.47118150000000003,1.0,48,0.38712166666666664
0.60,vg_scale_any · siglip-whole_image,33,0.3873602916666667,0.2962995,0.47301825,1.0,48,0.38712166666666664
0.60,vg_scale_any · siglip-whole_image,34,0.3849106666666667,0.282401,0.4757465,1.0,48,0.38712166666666664
0.60,vg_scale_any · siglip-whole_image,35,0.3851581041666667,0.28820975,0.47190675,1.0,48,0.38712166666666664
0.60,vg_scale_any · siglip-whole_image,36,0.3817480625,0.28565775,0.474604,1.0,48,0.38712166666666664
0.60,vg_scale_any · siglip-whole_image,37,0.37481000000000003,0.28954225,0.45292575,1.0,48,0.38712166666666664
0.60,vg_scale_any · siglip-whole_image,38,0.37535477083333335,0.27898125,0.46596649999999995,1.0,48,0.38712166666666664
0.60,vg_scale_any · siglip-whole_image,39,0.3718709791666666,0.2950125,0.46006225,1.0,48,0.38712166666666664
0.60,vg_scale_any · siglip-whole_image,40,0.37156408333333335,0.28813175,0.47257425,1.0,48,0.38712166666666664
0.60,vg_scale_any · siglip-whole_image,41,0.3751042916666667,0.30836175,0.47058225,1.0,48,0.38712166666666664
0.60,vg_scale_any · siglip-whole_image,42,0.37984966666666664,0.30759175,0.4659985,1.0,48,0.38712166666666664
0.60,vg_scale_any · siglip-whole_image,43,0.375632875,0.28463950000000005,0.46450824999999996,1.0,48,0.38712166666666664
0.60,vg_scale_any · siglip-whole_image,44,0.37271091666666667,0.28522074999999997,0.45951825,1.0,48,0.38712166666666664
0.60,vg_scale_any · siglip-whole_image,45,0.36317860416666664,0.29452875,0.45106999999999997,1.0,48,0.38712166666666664
0.60,vg_scale_any · siglip-whole_image,46,0.36290466666666665,0.2761915,0.45550975,1.0,48,0.38712166666666664
0.60,vg_scale_any · siglip-whole_image,47,0.36472533333333335,0.28501925,0.45011175,1.0,48,0.38712166666666664
0.60,vg_scale_any · siglip-whole_image,48,0.3650304791666667,0.2770565,0.45841725,1.0,48,0.38712166666666664
0.60,vg_scale_any · siglip-whole_image,49,0.3641494166666666,0.28798850000000004,0.44452625,1.0,48,0.38712166666666664
0.60,vg_scale_any · siglip-whole_image,50,0.3585545416666666,0.28739725,0.4442695,1.0,48,0.38712166666666664
0.60,vg_scale_any · siglip-whole_image,51,0.3624797291666666,0.28567750000000003,0.44989975,1.0,48,0.38712166666666664
0.60,vg_scale_any · siglip-whole_image,52,0.36000022916666663,0.2914955,0.4509495,1.0,48,0.38712166666666664
0.60,vg_scale_any · siglip-whole_image,53,0.355392875,0.28678525,0.44882525,1.0,48,0.38712166666666664
0.60,vg_scale_any · siglip-whole_image,54,0.3562611041666666,0.279015,0.44387975,1.0,48,0.38712166666666664
0.60,vg_scale_any · siglip-whole_image,55,0.35357733333333335,0.289581,0.44446525000000003,1.0,48,0.38712166666666664
0.60,vg_scale_any · siglip-whole_image,56,0.35386797916666674,0.27920975000000003,0.44827575,1.0,48,0.38712166666666664
0.60,vg_scale_any · siglip-whole_image,57,0.35390164583333333,0.285928,0.44519825,1.0,48,0.38712166666666664
0.60,vg_scale_any · siglip-whole_image,58,0.35701454166666674,0.288968,0.4412215,1.0,48,0.38712166666666664
0.60,vg_scale_any · siglip-whole_image,59,0.3521457083333333,0.27606875,0.442683,1.0,48,0.38712166666666664
0.60,vg_scale_any · siglip-whole_image,60,0.3542900625,0.2838885,0.44605,1.0,48,0.38712166666666664
0.60,vg_scale_any · siglip-whole_image,61,0.3512820625,0.2894945,0.43062825,1.0,48,0.38712166666666664
0.60,vg_scale_any · siglip-whole_image,62,0.3517014166666666,0.284611,0.44347149999999996,1.0,48,0.38712166666666664
0.60,vg_scale_any · siglip-whole_image,63,0.35227291666666666,0.285025,0.4375465,1.0,48,0.38712166666666664
0.60,vg_scale_any · siglip-whole_image,64,0.35051706250000003,0.2832775,0.44360225,1.0,48,0.38712166666666664
0.60,vg_scale_any · siglip-whole_image,65,0.3483813125,0.30362825,0.43173875,1.0,48,0.38712166666666664
0.60,vg_scale_any · siglip-whole_image,66,0.3498472916666666,0.28354599999999996,0.437791,1.0,48,0.38712166666666664
0.60,vg_scale_any · siglip-whole_image,67,0.34347268750000004,0.29303724999999997,0.42596025,1.0,48,0.38712166666666664
0.60,vg_scale_any · siglip-whole_image,68,0.3385230416666667,0.288231,0.41506275,1.0,48,0.38712166666666664
0.60,vg_scale_any · siglip-whole_image,69,0.333976375,0.2730595,0.41690475,1.0,48,0.38712166666666664
0.60,vg_scale_any · siglip-whole_image,70,0.3315721875,0.2688465,0.4246955,1.0,48,0.38712166666666664
0.60,vg_scale_any · siglip-whole_image,71,0.3272615625,0.2761455,0.404809,1.0,48,0.38712166666666664
0.60,vg_scale_any · siglip-whole_image,72,0.32809829166666665,0.27871075,0.39859275,1.0,48,0.38712166666666664
0.60,vg_scale_any · siglip-whole_image,73,0.335625,0.2979925,0.4057945,1.0,48,0.38712166666666664
0.60,vg_scale_any · siglip-whole_image,74,0.3313465416666667,0.29488000000000003,0.39803375,1.0,48,0.38712166666666664
0.60,vg_scale_any · siglip-whole_image,75,0.3285661041666667,0.281709,0.392874,1.0,48,0.38712166666666664
0.60,vg_scale_any · siglip-whole_image,76,0.32356329166666664,0.284334,0.388029,1.0,48,0.38712166666666664
0.60,vg_scale_any · siglip-whole_image,77,0.32307070833333335,0.28402275,0.392418,1.0,48,0.38712166666666664
0.60,vg_scale_any · siglip-whole_image,78,0.32364985416666664,0.27609649999999997,0.39074949999999997,1.0,48,0.38712166666666664
0.60,vg_scale_any · siglip-whole_image,79,0.3241669166666667,0.280471,0.387097,1.0,48,0.38712166666666664
0.60,vg_scale_any · siglip-whole_image,80,0.3256095625,0.27337025,0.3898875,1.0,48,0.38712166666666664
0.60,vg_scale_any · siglip-whole_image,81,0.32436708333333336,0.273995,0.39252825,1.0,48,0.38712166666666664
0.60,vg_scale_any · siglip-whole_image,82,0.32500883333333336,0.268066,0.39220825,1.0,48,0.38712166666666664
0.60,vg_scale_any · siglip-whole_image,83,0.3213801666666667,0.2614465,0.39262674999999997,1.0,48,0.38712166666666664
0.60,vg_scale_any · siglip-whole_image,84,0.3209294375,0.2695005,0.3968385,1.0,48,0.38712166666666664
0.60,vg_scale_any · siglip-whole_image,85,0.3228172083333333,0.26655175000000003,0.3926765,1.0,48,0.38712166666666664
0.60,vg_scale_any · siglip-whole_image,86,0.31974654166666666,0.2618825,0.391829,1.0,48,0.38712166666666664
0.60,vg_scale_any · siglip-whole_image,87,0.32319389583333336,0.2685995,0.3926955,1.0,48,0.38712166666666664
0.60,vg_scale_any · siglip-whole_image,88,0.32427883333333335,0.26768575,0.39874925,1.0,48,0.38712166666666664
0.60,vg_scale_any · siglip-whole_image,89,0.32190764583333337,0.26529674999999997,0.382781,1.0,48,0.38712166666666664
0.60,vg_scale_any · siglip-whole_image,90,0.32179575,0.27569875,0.38884075,1.0,48,0.38712166666666664
0.60,vg_scale_any · siglip-whole_image,91,0.32223914583333335,0.26957074999999997,0.3954705,1.0,48,0.38712166666666664
0.60,vg_scale_any · siglip-whole_image,92,0.32070902083333336,0.277713,0.38773375,1.0,48,0.38712166666666664
0.60,vg_scale_any · siglip-whole_image,93,0.32130933333333334,0.2691795,0.39045575,1.0,48,0.38712166666666664
0.60,vg_scale_any · siglip-whole_image,94,0.32405535416666664,0.27466199999999996,0.3820265,1.0,48,0.38712166666666664
0.60,vg_scale_any · siglip-whole_image,95,0.3252342916666667,0.27612875,0.38672724999999997,1.0,48,0.38712166666666664
0.60,vg_scale_any · siglip-whole_image,96,0.32496508333333335,0.27168775,0.38622,1.0,48,0.38712166666666664
0.60,vg_scale_any · siglip-whole_image,97,0.3230064791666667,0.27605425,0.39227425,1.0,48,0.38712166666666664
0.60,vg_scale_any · siglip-whole_image,98,0.3259860625,0.2730175,0.39081175,1.0,48,0.38712166666666664
0.60,vg_scale_any · siglip-whole_image,99,0.32407454166666666,0.27094825,0.393066,1.0,48,0.38712166666666664
0.60,vg_scale_any · siglip-whole_image,100,0.32033075000000005,0.276258,0.3902965,1.0,48,0.38712166666666664
0.60,vg_scale_any · siglip-whole_image,101,0.3183087916666667,0.26134274999999996,0.39213975,1.0,48,0.38712166666666664
0.60,vg_scale_any · siglip-whole_image,102,0.3212949375,0.26779775,0.37660875,1.0,48,0.38712166666666664
0.60,vg_scale_any · siglip-whole_image,103,0.3189703333333333,0.2688295,0.3810385,1.0,48,0.38712166666666664
0.60,vg_scale_any · siglip-whole_image,104,0.3201035625,0.2627085,0.38347950000000003,1.0,48,0.38712166666666664
0.60,vg_scale_any · siglip-whole_image,105,0.32118577083333333,0.26317625,0.38334175,1.0,48,0.38712166666666664
0.60,vg_scale_any · siglip-whole_image,106,0.3214577708333333,0.26311775,0.39365625000000004,1.0,48,0.38712166666666664
0.60,vg_scale_any · siglip-whole_image,107,0.32156229166666667,0.272824,0.37821150000000003,1.0,48,0.38712166666666664
0.60,vg_scale_any · siglip-whole_image,108,0.3191625,0.2634955,0.39113675000000003,1.0,48,0.38712166666666664
0.60,vg_scale_any · siglip-whole_image,109,0.3215866875,0.2749055,0.37843125,1.0,48,0.38712166666666664
0.60,vg_scale_any · siglip-whole_image,110,0.3201654166666667,0.26861175,0.390229,1.0,48,0.38712166666666664
0.60,vg_scale_any · siglip-whole_image,111,0.3222702708333333,0.267336,0.3957675,1.0,48,0.38712166666666664
0.60,vg_scale_any · siglip-whole_image,112,0.32151289583333337,0.26920475,0.391546,1.0,48,0.38712166666666664
0.60,vg_scale_any · siglip-whole_image,113,0.32090945833333334,0.26203675,0.38029650000000004,1.0,48,0.38712166666666664
0.60,vg_scale_any · siglip-whole_image,114,0.31868325000000003,0.2678055,0.3688775,1.0,48,0.38712166666666664
0.60,vg_scale_any · siglip-whole_image,115,0.31483814583333336,0.251529,0.37396799999999997,1.0,48,0.38712166666666664
0.60,vg_scale_any · siglip-whole_image,116,0.3145547083333333,0.2614475,0.37282150000000003,1.0,48,0.38712166666666664
0.60,vg_scale_any · siglip-whole_image,117,0.31543425,0.2559615,0.37331425,1.0,48,0.38712166666666664
0.60,vg_scale_any · siglip-whole_image,118,0.31389329166666663,0.260941,0.373774,1.0,48,0.38712166666666664
0.60,vg_scale_any · siglip-whole_image,119,0.31262304166666666,0.26892325,0.3673615,1.0,48,0.38712166666666664
0.60,vg_scale_any · siglip-whole_image,120,0.3122078125,0.28073424999999996,0.370563,1.0,48,0.38712166666666664
0.60,vg_scale_any · siglip-whole_image,121,0.3139261666666667,0.26726,0.37785525000000003,1.0,48,0.38712166666666664
0.60,vg_scale_any · siglip-whole_image,122,0.3126046875,0.26484925,0.38282825,1.0,48,0.38712166666666664
0.60,vg_scale_any · siglip-whole_image,123,0.312141,0.2647755,0.382699,1.0,48,0.38712166666666664
0.60,vg_scale_any · siglip-whole_image,124,0.31208691666666666,0.2529075,0.38510375,1.0,48,0.38712166666666664
0.60,vg_scale_any · siglip-whole_image,125,0.3098500416666667,0.26021325,0.3879475,1.0,48,0.38712166666666664
0.60,vg_scale_any · siglip-whole_image,126,0.3095600416666667,0.25696125000000003,0.386957,1.0,48,0.38712166666666664
0.60,vg_scale_any · siglip-whole_image,127,0.30842064583333334,0.25593975,0.38010125,1.0,48,0.38712166666666664
0.60,vg_scale_any · siglip-whole_image,128,0.3097971666666667,0.26079625,0.38309225,1.0,48,0.38712166666666664
0.60,vg_scale_any · siglip-whole_image,129,0.30914097916666666,0.26377625,0.38415425,1.0,48,0.38712166666666664
0.60,vg_scale_any · siglip-whole_image,130,0.3096287916666667,0.25963525,0.379837,1.0,48,0.38712166666666664
0.60,vg_scale_any · siglip-whole_image,131,0.3104165625,0.25605325,0.37702125,1.0,48,0.38712166666666664
0.60,vg_scale_any · siglip-whole_image,132,0.30946308333333333,0.25678025,0.367449,1.0,48,0.38712166666666664
0.60,vg_scale_any · siglip-whole_image,133,0.3110688125,0.26030875000000003,0.3696875,1.0,48,0.38712166666666664
0.60,vg_scale_any · siglip-whole_image,134,0.3112603541666667,0.2760615,0.37130450000000004,1.0,48,0.38712166666666664
0.60,vg_scale_any · siglip-whole_image,135,0.30821368749999994,0.269644,0.3713775,1.0,48,0.38712166666666664
0.60,vg_scale_any · siglip-whole_image,136,0.309787125,0.26565525,0.37788425000000003,1.0,48,0.38712166666666664
0.60,vg_scale_any · siglip-whole_image,137,0.31201385416666666,0.26607875000000003,0.38326925,1.0,48,0.38712166666666664
0.60,vg_scale_any · siglip-whole_image,138,0.31158779166666667,0.2603815,0.38080725,1.0,48,0.38712166666666664
0.60,vg_scale_any · siglip-whole_image,139,0.3129946041666667,0.25868425,0.3822435,1.0,48,0.38712166666666664
0.60,vg_scale_any · siglip-whole_image,140,0.3104046875,0.2518395,0.37847725,1.0,48,0.38712166666666664
0.60,vg_scale_any · siglip-whole_image,141,0.31120916666666665,0.25499475,0.37454,1.0,48,0.38712166666666664
0.60,vg_scale_any · siglip-whole_image,142,0.31214395833333336,0.25386175,0.3829635,1.0,48,0.38712166666666664
0.60,vg_scale_any · siglip-whole_image,143,0.30550710416666665,0.25309075,0.37873450000000003,1.0,48,0.38712166666666664
0.60,vg_scale_any · siglip-whole_image,144,0.3034334583333333,0.2482475,0.36924250000000003,1.0,48,0.38712166666666664
0.60,vg_scale_any · siglip-whole_image,145,0.30043989583333336,0.23519800000000002,0.36866375,1.0,48,0.38712166666666664
0.60,vg_scale_any · siglip-whole_image,146,0.30239839583333333,0.24489175,0.3680255,1.0,48,0.38712166666666664
0.60,vg_scale_any · siglip-whole_image,147,0.29969525,0.237172,0.36716025,1.0,48,0.38712166666666664
0.60,vg_scale_any · siglip-whole_image,148,0.30269522916666664,0.2571985,0.36273575,1.0,48,0.38712166666666664
0.60,vg_scale_any · siglip-whole_image,149,0.3015741875,0.25207425,0.36932725,1.0,48,0.38712166666666664
0.60,vg_scale_any · siglip-whole_image,150,0.30005845833333333,0.238191,0.3680625,1.0,48,0.38712166666666664
0.70,vg_scale_any · siglip-whole_image,0,0.38712166666666664,0.304284,0.46234925,1.0,48,0.38712166666666664
0.70,vg_scale_any · siglip-whole_image,1,,,,0.0,48,0.38712166666666664
0.70,vg_scale_any · siglip-whole_image,2,0.868354,0.868354,0.868354,0.020833333333333332,48,0.38712166666666664
0.70,vg_scale_any · siglip-whole_image,3,0.826451,0.801156,0.851746,0.041666666666666664,48,0.38712166666666664
0.70,vg_scale_any · siglip-whole_image,4,0.6941569166666666,0.58241075,0.779313,1.0,48,0.38712166666666664
0.70,vg_scale_any · siglip-whole_image,5,0.6671854375,0.5942222500000001,0.7474685000000001,1.0,48,0.38712166666666664
0.70,vg_scale_any · siglip-whole_image,6,0.6459237083333332,0.5441315,0.7486195,1.0,48,0.38712166666666664
0.70,vg_scale_any · siglip-whole_image,7,0.6253036666666666,0.55323275,0.6886015,1.0,48,0.38712166666666664
0.70,vg_scale_any · siglip-whole_image,8,0.5694930416666667,0.46625625,0.692913,1.0,48,0.38712166666666664
0.70,vg_scale_any · siglip-whole_image,9,0.5568122708333334,0.4689525,0.6805135,1.0,48,0.38712166666666664
0.70,vg_scale_any · siglip-whole_image,10,0.5470340416666667,0.45178450000000003,0.64385125,1.0,48,0.38712166666666664
0.70,vg_scale_any · siglip-whole_image,11,0.5208889583333334,0.44176075000000004,0.6270335,1.0,48,0.38712166666666664
0.70,vg_scale_any · siglip-whole_image,12,0.48379941666666665,0.401659,0.601683,1.0,48,0.38712166666666664
0.70,vg_scale_any · siglip-whole_image,13,0.48546902083333343,0.4014425,0.57876125,1.0,48,0.38712166666666664
0.70,vg_scale_any · siglip-whole_image,14,0.4612984791666666,0.395736,0.55522125,1.0,48,0.38712166666666664
0.70,vg_scale_any · siglip-whole_image,15,0.4611444375,0.384289,0.55871825,1.0,48,0.38712166666666664
0.70,vg_scale_any · siglip-whole_image,16,0.44064820833333335,0.375586,0.5361582500000001,1.0,48,0.38712166666666664
0.70,vg_scale_any · siglip-whole_image,17,0.4347216666666667,0.351613,0.52665525,1.0,48,0.38712166666666664
0.70,vg_scale_any · siglip-whole_image,18,0.43294633333333327,0.3583515,0.54786225,1.0,48,0.38712166666666664
0.70,vg_scale_any · siglip-whole_image,19,0.42690979166666665,0.37218375000000004,0.53526725,1.0,48,0.38712166666666664
0.70,vg_scale_any · siglip-whole_image,20,0.4123397291666666,0.3561965,0.5050665000000001,1.0,48,0.38712166666666664
0.70,vg_scale_any · siglip-whole_image,21,0.41613581250000004,0.32713499999999995,0.5258895,1.0,48,0.38712166666666664
0.70,vg_scale_any · siglip-whole_image,22,0.41486249999999997,0.33908475,0.49469675,1.0,48,0.38712166666666664
0.70,vg_scale_any · siglip-whole_image,23,0.4064009583333334,0.34576799999999996,0.494729,1.0,48,0.38712166666666664
0.70,vg_scale_any · siglip-whole_image,24,0.3985071041666666,0.33392675,0.4784215,1.0,48,0.38712166666666664
0.70,vg_scale_any · siglip-whole_image,25,0.39809587499999993,0.336298,0.49147549999999995,1.0,48,0.38712166666666664
0.70,vg_scale_any · siglip-whole_image,26,0.3991337916666667,0.341518,0.48945225,1.0,48,0.38712166666666664
0.70,vg_scale_any · siglip-whole_image,27,0.39070825000000003,0.3345155,0.47528875000000004,1.0,48,0.38712166666666664
0.70,vg_scale_any · siglip-whole_image,28,0.3941242083333334,0.33922675,0.48684875,1.0,48,0.38712166666666664
0.70,vg_scale_any · siglip-whole_image,29,0.39277543749999994,0.335896,0.4777985,1.0,48,0.38712166666666664
0.70,vg_scale_any · siglip-whole_image,30,0.3971761875,0.34703649999999997,0.4814675,1.0,48,0.38712166666666664
0.70,vg_scale_any · siglip-whole_image,31,0.39386804166666667,0.32457475,0.46854775,1.0,48,0.38712166666666664
0.70,vg_scale_any · siglip-whole_image,32,0.3909680833333333,0.306227,0.4707505,1.0,48,0.38712166666666664
0.70,vg_scale_any · siglip-whole_image,33,0.3881258541666666,0.3052185,0.4748195,1.0,48,0.38712166666666664
0.70,vg_scale_any · siglip-whole_image,34,0.3859389583333333,0.30327925,0.4765145,1.0,48,0.38712166666666664
0.70,vg_scale_any · siglip-whole_image,35,0.388348875,0.30331375,0.466948,1.0,48,0.38712166666666664
0.70,vg_scale_any · siglip-whole_image,36,0.38090643750000003,0.29697975,0.45671975,1.0,48,0.38712166666666664
0.70,vg_scale_any · siglip-whole_image,37,0.37752581250000006,0.30015975,0.46263275000000004,1.0,48,0.38712166666666664
0.70,vg_scale_any · siglip-whole_image,38,0.3754134791666666,0.3265125,0.4579505,1.0,48,0.38712166666666664
0.70,vg_scale_any · siglip-whole_image,39,0.3678346041666667,0.28582325,0.45357925,1.0,48,0.38712166666666664
0.70,vg_scale_any · siglip-whole_image,40,0.37111758333333333,0.28132175000000004,0.4394305,1.0,48,0.38712166666666664
0.70,vg_scale_any · siglip-whole_image,41,0.383338,0.29997825,0.45848725,1.0,48,0.38712166666666664
0.70,vg_scale_any · siglip-whole_image,42,0.37806637499999995,0.3220405,0.44188249999999996,1.0,48,0.38712166666666664
0.70,vg_scale_any · siglip-whole_image,43,0.37352393750000007,0.322357,0.44374025,1.0,48,0.38712166666666664
0.70,vg_scale_any · siglip-whole_image,44,0.36673493749999997,0.31658525,0.428452,1.0,48,0.38712166666666664
0.70,vg_scale_any · siglip-whole_image,45,0.3588002708333333,0.297615,0.4199405,1.0,48,0.38712166666666664
0.70,vg_scale_any · siglip-whole_image,46,0.3617888333333333,0.29108850000000003,0.4350485,1.0,48,0.38712166666666664
0.70,vg_scale_any · siglip-whole_image,47,0.36074585416666666,0.29490174999999996,0.447174,1.0,48,0.38712166666666664
0.70,vg_scale_any · siglip-whole_image,48,0.36629372916666664,0.28242225,0.4434045,1.0,48,0.38712166666666664
0.70,vg_scale_any · siglip-whole_image,49,0.36442381249999994,0.30722150000000004,0.4286225,1.0,48,0.38712166666666664
0.70,vg_scale_any · siglip-whole_image,50,0.3572870625,0.30138975,0.43247399999999997,1.0,48,0.38712166666666664
0.70,vg_scale_any · siglip-whole_image,51,0.35761664583333336,0.28574825,0.43225425,1.0,48,0.38712166666666664
0.70,vg_scale_any · siglip-whole_image,52,0.3574500416666666,0.2889165,0.43357674999999996,1.0,48,0.38712166666666664
0.70,vg_scale_any · siglip-whole_image,53,0.3590496458333334,0.28626625,0.43137675,1.0,48,0.38712166666666664
0.70,vg_scale_any · siglip-whole_image,54,0.35360731250000005,0.2761405,0.43485725,1.0,48,0.38712166666666664
0.70,vg_scale_any · siglip-whole_image,55,0.3528310416666667,0.28133874999999997,0.41771800000000003,1.0,48,0.38712166666666664
0.70,vg_scale_any · siglip-whole_image,56,0.35186835416666673,0.28377875,0.418152,1.0,48,0.38712166666666664
0.70,vg_scale_any · siglip-whole_image,57,0.3525653958333333,0.28079875,0.41781675,1.0,48,0.38712166666666664
0.70,vg_scale_any · siglip-whole_image,58,0.34908397916666667,0.282746,0.42274849999999997,1.0,48,0.38712166666666664
0.70,vg_scale_any · siglip-whole_image,59,0.35360881250000004,0.2773895,0.4223195,1.0,48,0.38712166666666664
0.70,vg_scale_any · siglip-whole_image,60,0.3506434375,0.28319574999999997,0.423779,1.0,48,0.38712166666666664
0.70,vg_scale_any · siglip-whole_image,61,0.34847995833333334,0.2836125,0.42100125,1.0,48,0.38712166666666664
0.70,vg_scale_any · siglip-whole_image,62,0.3516320833333333,0.29219525,0.42377575,1.0,48,0.38712166666666664
0.70,vg_scale_any · siglip-whole_image,63,0.35365254166666665,0.29479625,0.42101675,1.0,48,0.38712166666666664
0.70,vg_scale_any · siglip-whole_image,64,0.35177910416666663,0.27738675,0.41462875,1.0,48,0.38712166666666664
0.70,vg_scale_any · siglip-whole_image,65,0.353631125,0.29886050000000003,0.41533149999999996,1.0,48,0.38712166666666664
0.70,vg_scale_any · siglip-whole_image,66,0.34975552083333333,0.29772925,0.41730300000000004,1.0,48,0.38712166666666664
0.70,vg_scale_any · siglip-whole_image,67,0.3492240625,0.30045774999999997,0.41251275,1.0,48,0.38712166666666664
0.70,vg_scale_any · siglip-whole_image,68,0.34933156249999997,0.290026,0.4165465,1.0,48,0.38712166666666664
0.70,vg_scale_any · siglip-whole_image,69,0.3368579583333333,0.2697115,0.40189825,1.0,48,0.38712166666666664
0.70,vg_scale_any · siglip-whole_image,70,0.3378495625,0.2773335,0.40236075000000004,1.0,48,0.38712166666666664
0.70,vg_scale_any · siglip-whole_image,71,0.33359185416666665,0.26905825,0.39536,1.0,48,0.38712166666666664
0.70,vg_scale_any · siglip-whole_image,72,0.33288454166666664,0.28468150000000003,0.394509,1.0,48,0.38712166666666664
0.70,vg_scale_any · siglip-whole_image,73,0.3344535833333333,0.2815435,0.390953,1.0,48,0.38712166666666664
0.70,vg_scale_any · siglip-whole_image,74,0.3330515625,0.2838195,0.396576,1.0,48,0.38712166666666664
0.70,vg_scale_any · siglip-whole_image,75,0.330898375,0.27871175000000004,0.39906425,1.0,48,0.38712166666666664
0.70,vg_scale_any · siglip-whole_image,76,0.3308241041666667,0.2877425,0.40023375,1.0,48,0.38712166666666664
0.70,vg_scale_any · siglip-whole_image,77,0.328729375,0.26398775,0.39581,1.0,48,0.38712166666666664
0.70,vg_scale_any · siglip-whole_image,78,0.32924029166666663,0.26303175,0.40028675,1.0,48,0.38712166666666664
0.70,vg_scale_any · siglip-whole_image,79,0.3264854375,0.274277,0.3903035,1.0,48,0.38712166666666664
0.70,vg_scale_any · siglip-whole_image,80,0.3273457708333333,0.26930075,0.40041024999999997,1.0,48,0.38712166666666664
0.70,vg_scale_any · siglip-whole_image,81,0.32729735416666667,0.2640535,0.40867725,1.0,48,0.38712166666666664
0.70,vg_scale_any · siglip-whole_image,82,0.3217236041666667,0.2706845,0.3803985,1.0,48,0.38712166666666664
0.70,vg_scale_any · siglip-whole_image,83,0.3216087916666667,0.27002899999999996,0.38172125,1.0,48,0.38712166666666664
0.70,vg_scale_any · siglip-whole_image,84,0.3211553958333333,0.271382,0.3796315,1.0,48,0.38712166666666664
0.70,vg_scale_any · siglip-whole_image,85,0.32295304166666666,0.27572975,0.3884815,1.0,48,0.38712166666666664
0.70,vg_scale_any · siglip-whole_image,86,0.3207909791666667,0.26058175,0.38894475,1.0,48,0.38712166666666664
0.70,vg_scale_any · siglip-whole_image,87,0.3211008958333333,0.25984975,0.39081374999999996,1.0,48,0.38712166666666664
0.70,vg_scale_any · siglip-whole_image,88,0.32440964583333337,0.27238275,0.38496125,1.0,48,0.38712166666666664
0.70,vg_scale_any · siglip-whole_image,89,0.32066337500000003,0.265698,0.39973375,1.0,48,0.38712166666666664
0.70,vg_scale_any · siglip-whole_image,90,0.32141275,0.26102725,0.40849925,1.0,48,0.38712166666666664
0.70,vg_scale_any · siglip-whole_image,91,0.31956508333333333,0.25342675,0.40092125,1.0,48,0.38712166666666664
0.70,vg_scale_any · siglip-whole_image,92,0.3185742291666667,0.26113600000000003,0.379134,1.0,48,0.38712166666666664
0.70,vg_scale_any · siglip-whole_image,93,0.3190952083333334,0.2754065,0.3778705,1.0,48,0.38712166666666664
0.70,vg_scale_any · siglip-whole_image,94,0.31903695833333334,0.27548875,0.3705275,1.0,48,0.38712166666666664
0.70,vg_scale_any · siglip-whole_image,95,0.319225125,0.277558,0.376973,1.0,48,0.38712166666666664
0.70,vg_scale_any · siglip-whole_image,96,0.3198070416666667,0.27663675,0.3882045,1.0,48,0.38712166666666664
0.70,vg_scale_any · siglip-whole_image,97,0.31865943750000003,0.27414075000000004,0.38986525,1.0,48,0.38712166666666664
0.70,vg_scale_any · siglip-whole_image,98,0.31634785416666666,0.27474925,0.37135675,1.0,48,0.38712166666666664
0.70,vg_scale_any · siglip-whole_image,99,0.3153227291666667,0.2737865,0.36270825,1.0,48,0.38712166666666664
0.70,vg_scale_any · siglip-whole_image,100,0.3193782916666667,0.271947,0.37256425,1.0,48,0.38712166666666664
0.70,vg_scale_any · siglip-whole_image,101,0.318813125,0.27993925000000003,0.36814199999999997,1.0,48,0.38712166666666664
0.70,vg_scale_any · siglip-whole_image,102,0.3197986666666666,0.27508825000000003,0.37434325,1.0,48,0.38712166666666664
0.70,vg_scale_any · siglip-whole_image,103,0.31869714583333336,0.2776495,0.37137175,1.0,48,0.38712166666666664
0.70,vg_scale_any · siglip-whole_image,104,0.3155405625,0.2770175,0.38083350000000005,1.0,48,0.38712166666666664
0.70,vg_scale_any · siglip-whole_image,105,0.31811950000000006,0.276876,0.38734575,1.0,48,0.38712166666666664
0.70,vg_scale_any · siglip-whole_image,106,0.31941166666666665,0.27577525,0.381475,1.0,48,0.38712166666666664
0.70,vg_scale_any · siglip-whole_image,107,0.31738860416666664,0.27544250000000003,0.37189975,1.0,48,0.38712166666666664
0.70,vg_scale_any · siglip-whole_image,108,0.319303875,0.25478049999999997,0.38992675,1.0,48,0.38712166666666664
0.70,vg_scale_any · siglip-whole_image,109,0.3195904583333333,0.26663775,0.37669074999999996,1.0,48,0.38712166666666664
0.70,vg_scale_any · siglip-whole_image,110,0.32082668750000004,0.27015500000000003,0.3816565,1.0,48,0.38712166666666664
0.70,vg_scale_any · siglip-whole_image,111,0.31919558333333337,0.26701925000000004,0.3807715,1.0,48,0.38712166666666664
0.70,vg_scale_any · siglip-whole_image,112,0.3213640208333333,0.27147224999999997,0.38151225,1.0,48,0.38712166666666664
0.70,vg_scale_any · siglip-whole_image,113,0.3179168958333333,0.25962324999999997,0.3785385,1.0,48,0.38712166666666664
0.70,vg_scale_any · siglip-whole_image,114,0.317865,0.275943,0.36480225,1.0,48,0.38712166666666664
0.70,vg_scale_any · siglip-whole_image,115,0.31633089583333335,0.26610025,0.3625185,1.0,48,0.38712166666666664
0.70,vg_scale_any · siglip-whole_image,116,0.31724454166666666,0.25894875,0.3651685,1.0,48,0.38712166666666664
0.70,vg_scale_any · siglip-whole_image,117,0.31515452083333334,0.25850524999999996,0.36847075,1.0,48,0.38712166666666664
0.70,vg_scale_any · siglip-whole_image,118,0.3172880625,0.275686,0.370633,1.0,48,0.38712166666666664
0.70,vg_scale_any · siglip-whole_image,119,0.314817125,0.2617045,0.37407175,1.0,48,0.38712166666666664
0.70,vg_scale_any · siglip-whole_image,120,0.3196488333333333,0.26148699999999997,0.377321,1.0,48,0.38712166666666664
0.70,vg_scale_any · siglip-whole_image,121,0.3168650416666667,0.24831349999999996,0.37246175,1.0,48,0.38712166666666664
0.70,vg_scale_any · siglip-whole_image,122,0.31411245833333334,0.252076,0.36183600000000005,1.0,48,0.38712166666666664
0.70,vg_scale_any · siglip-whole_image,123,0.3160644166666667,0.25861475,0.36330324999999997,1.0,48,0.38712166666666664
0.70,vg_scale_any · siglip-whole_image,124,0.3110404375,0.24917625,0.3611675,1.0,48,0.38712166666666664
0.70,vg_scale_any · siglip-whole_image,125,0.3110234375,0.247679,0.3660395,1.0,48,0.38712166666666664
0.70,vg_scale_any · siglip-whole_image,126,0.3147276041666667,0.2586185,0.369982,1.0,48,0.38712166666666664
0.70,vg_scale_any · siglip-whole_image,127,0.31582316666666665,0.26231325,0.3738975,1.0,48,0.38712166666666664
0.70,vg_scale_any · siglip-whole_image,128,0.3139639166666666,0.25417675,0.366277,1.0,48,0.38712166666666664
0.70,vg_scale_any · siglip-whole_image,129,0.3104746875,0.26187174999999996,0.35890275,1.0,48,0.38712166666666664
0.70,vg_scale_any · siglip-whole_image,130,0.3069646666666666,0.2658665,0.347879,1.0,48,0.38712166666666664
0.70,vg_scale_any · siglip-whole_image,131,0.3085475208333333,0.25593325,0.35193425,1.0,48,0.38712166666666664
0.70,vg_scale_any · siglip-whole_image,132,0.30703210416666665,0.25270425,0.35540625000000003,1.0,48,0.38712166666666664
0.70,vg_scale_any · siglip-whole_image,133,0.307036875,0.251923,0.351642,1.0,48,0.38712166666666664
0.70,vg_scale_any · siglip-whole_image,134,0.307109625,0.25007975,0.34746275,1.0,48,0.38712166666666664
0.70,vg_scale_any · siglip-whole_image,135,0.30820549999999997,0.25587000000000004,0.35611775,1.0,48,0.38712166666666664
0.70,vg_scale_any · siglip-whole_image,136,0.3063845416666667,0.25546800000000003,0.35577925,1.0,48,0.38712166666666664
0.70,vg_scale_any · siglip-whole_image,137,0.30611000000000005,0.24795175,0.3523385,1.0,48,0.38712166666666664
0.70,vg_scale_any · siglip-whole_image,138,0.3090886666666666,0.265887,0.36041199999999995,1.0,48,0.38712166666666664
0.70,vg_scale_any · siglip-whole_image,139,0.31163754166666663,0.25366475,0.35922325,1.0,48,0.38712166666666664
0.70,vg_scale_any · siglip-whole_image,140,0.30994925,0.2582535,0.34749825,1.0,48,0.38712166666666664
0.70,vg_scale_any · siglip-whole_image,141,0.3113363125,0.26292649999999995,0.34965125,1.0,48,0.38712166666666664
0.70,vg_scale_any · siglip-whole_image,142,0.307519375,0.25494675,0.35089375,1.0,48,0.38712166666666664
0.70,vg_scale_any · siglip-whole_image,143,0.31115556250000004,0.26094425,0.34891475,1.0,48,0.38712166666666664
0.70,vg_scale_any · siglip-whole_image,144,0.3095763125,0.2605545,0.3608545,1.0,48,0.38712166666666664
0.70,vg_scale_any · siglip-whole_image,145,0.31025691666666666,0.2545315,0.358203,1.0,48,0.38712166666666664
0.70,vg_scale_any · siglip-whole_image,146,0.30976820833333335,0.255167,0.35374225,1.0,48,0.38712166666666664
0.70,vg_scale_any · siglip-whole_image,147,0.30428712500000005,0.258032,0.35873774999999997,1.0,48,0.38712166666666664
0.70,vg_scale_any · siglip-whole_image,148,0.30760991666666665,0.261982,0.35915525,1.0,48,0.38712166666666664
0.70,vg_scale_any · siglip-whole_image,149,0.3033263958333334,0.24783900000000003,0.3574315,1.0,48,0.38712166666666664
0.70,vg_scale_any · siglip-whole_image,150,0.3042919375,0.259208,0.35228000000000004,1.0,48,0.38712166666666664
