t,objective,objective_se,ap,precision,recall,returned_median,over_200,returned_none,showing_detector,runs,preset,beta,arm,label
0,0.475329,0.0135966,0.417756,0.544715,0.217356,16,0,0.00833333,0,720,b025,0.25,ctl,today's app
1,0.475329,0.0135966,0.417756,0.544715,0.217356,16,0,0.00833333,0,720,b025,0.25,ctl,today's app
2,0.475329,0.0135966,0.417756,0.544715,0.217356,16,0,0.00833333,0,720,b025,0.25,ctl,today's app
3,0.475329,0.0135966,0.417756,0.544715,0.217356,16,0,0.00833333,0,720,b025,0.25,ctl,today's app
4,0.475329,0.0135966,0.417756,0.544715,0.217356,16,0,0.00833333,0,720,b025,0.25,ctl,today's app
5,0.475329,0.0135966,0.417756,0.544715,0.217356,16,0,0.00833333,0,720,b025,0.25,ctl,today's app
6,0.475329,0.0135966,0.417756,0.544715,0.217356,16,0,0.00833333,0,720,b025,0.25,ctl,today's app
7,0.475329,0.0135966,0.417756,0.544715,0.217356,16,0,0.00833333,0,720,b025,0.25,ctl,today's app
8,0.475329,0.0135966,0.417756,0.544715,0.217356,16,0,0.00833333,0,720,b025,0.25,ctl,today's app
9,0.475329,0.0135966,0.417756,0.544715,0.217356,16,0,0.00833333,0,720,b025,0.25,ctl,today's app
10,0.475329,0.0135966,0.417756,0.544715,0.217356,16,0,0.00833333,0,720,b025,0.25,ctl,today's app
11,0.475329,0.0135966,0.417756,0.544715,0.217356,16,0,0.00833333,0,720,b025,0.25,ctl,today's app
12,0.475329,0.0135966,0.417756,0.544715,0.217356,16,0,0.00833333,0,720,b025,0.25,ctl,today's app
13,0.475329,0.0135966,0.417756,0.544715,0.217356,16,0,0.00833333,0,720,b025,0.25,ctl,today's app
14,0.475329,0.0135966,0.417756,0.544715,0.217356,16,0,0.00833333,0,720,b025,0.25,ctl,today's app
15,0.475329,0.0135966,0.417756,0.544715,0.217356,16,0,0.00833333,0,720,b025,0.25,ctl,today's app
16,0.475329,0.0135966,0.417756,0.544715,0.217356,16,0,0.00833333,0,720,b025,0.25,ctl,today's app
17,0.475329,0.0135966,0.417756,0.544715,0.217356,16,0,0.00833333,0,720,b025,0.25,ctl,today's app
18,0.475329,0.0135966,0.417756,0.544715,0.217356,16,0,0.00833333,0,720,b025,0.25,ctl,today's app
19,0.475329,0.0135966,0.417756,0.544715,0.217356,16,0,0.00833333,0,720,b025,0.25,ctl,today's app
20,0.475329,0.0135966,0.417756,0.544715,0.217356,16,0,0.00833333,0,720,b025,0.25,ctl,today's app
21,0.475329,0.0135966,0.417756,0.544715,0.217356,16,0,0.00833333,0,720,b025,0.25,ctl,today's app
22,0.475329,0.0135966,0.417756,0.544715,0.217356,16,0,0.00833333,0,720,b025,0.25,ctl,today's app
23,0.475245,0.0136004,0.417688,0.54463,0.217275,15.9999,0,0.00833333,0.00138889,720,b025,0.25,ctl,today's app
24,0.451557,0.0132341,0.39743,0.517231,0.261962,16.9974,0.00277778,0.00833333,0.277778,720,b025,0.25,ctl,today's app
25,0.445872,0.0131885,0.395223,0.5113,0.281312,17.9995,0.00555556,0.00833333,0.365278,720,b025,0.25,ctl,today's app
26,0.445405,0.0131836,0.397916,0.510561,0.289676,18,0.00833333,0.00833333,0.394444,720,b025,0.25,ctl,today's app
27,0.451742,0.0133979,0.399902,0.517436,0.287889,18,0.00416667,0.00833333,0.416667,720,b025,0.25,ctl,today's app
28,0.460134,0.0135443,0.404818,0.526312,0.286863,17,0.00277778,0.00833333,0.434722,720,b025,0.25,ctl,today's app
29,0.465556,0.013726,0.408396,0.541884,0.273828,15.9976,0.00138889,0.00833333,0.455556,720,b025,0.25,ctl,today's app
30,0.474294,0.0138904,0.410038,0.563266,0.239515,14.0035,0.00277778,0.00833333,0.469444,720,b025,0.25,ctl,today's app
31,0.477582,0.0139041,0.412672,0.568855,0.231769,14,0.00138889,0.00833333,0.477778,720,b025,0.25,ctl,today's app
32,0.477869,0.0138798,0.414474,0.570192,0.235656,13.998,0.00138889,0.00833333,0.483333,720,b025,0.25,ctl,today's app
33,0.477254,0.0138965,0.418221,0.575326,0.224132,13.003,0.00138889,0.00833333,0.488889,720,b025,0.25,ctl,today's app
34,0.474431,0.0137868,0.42059,0.576286,0.216388,13,0.00555556,0.00833333,0.498611,720,b025,0.25,ctl,today's app
35,0.47063,0.0137301,0.422053,0.576716,0.208952,12.9997,0.00416667,0.00833333,0.506944,720,b025,0.25,ctl,today's app
36,0.481025,0.0138791,0.423677,0.579128,0.226342,13.003,0.00555556,0.00833333,0.518056,720,b025,0.25,ctl,today's app
37,0.487415,0.0140428,0.426347,0.580912,0.242447,14,0.00833333,0.00833333,0.526389,720,b025,0.25,ctl,today's app
38,0.488368,0.0140968,0.427745,0.580404,0.248411,14.0006,0.00972222,0.00833333,0.534722,720,b025,0.25,ctl,today's app
39,0.48871,0.0141903,0.431094,0.581389,0.256105,14.0036,0.0166667,0.00833333,0.545833,720,b025,0.25,ctl,today's app
40,0.492637,0.0141887,0.434975,0.583076,0.263811,14,0.0152778,0.00833333,0.558333,720,b025,0.25,ctl,today's app
41,0.49654,0.0142356,0.437313,0.583375,0.266864,14.5004,0.0180556,0.00833333,0.563889,720,b025,0.25,ctl,today's app
42,0.498118,0.0142301,0.439287,0.586646,0.261071,14.5004,0.0180556,0.00833333,0.570833,720,b025,0.25,ctl,today's app
43,0.498508,0.014297,0.440112,0.58652,0.259737,14.0042,0.0194444,0.00833333,0.580556,720,b025,0.25,ctl,today's app
44,0.501587,0.014311,0.441794,0.588994,0.266129,15,0.0194444,0.00833333,0.590278,720,b025,0.25,ctl,today's app
45,0.500968,0.0142813,0.443575,0.587218,0.275725,15.5012,0.0222222,0.00694444,0.601389,720,b025,0.25,ctl,today's app
46,0.502069,0.0142587,0.446027,0.588098,0.27544,15,0.0180556,0.00694444,0.605556,720,b025,0.25,ctl,today's app
47,0.503843,0.0143008,0.445679,0.587931,0.282389,16.0009,0.025,0.00694444,0.619444,720,b025,0.25,ctl,today's app
48,0.505069,0.0143752,0.446917,0.589037,0.279267,16,0.0208333,0.00694444,0.622222,720,b025,0.25,ctl,today's app
49,0.505024,0.0143516,0.449452,0.588454,0.280665,16,0.0222222,0.00694444,0.627778,720,b025,0.25,ctl,today's app
50,0.507533,0.0143312,0.451332,0.591966,0.28092,16.4995,0.0180556,0.00694444,0.627778,720,b025,0.25,ctl,today's app
51,0.510843,0.0143766,0.453917,0.594315,0.278037,16,0.0194444,0.00694444,0.630556,720,b025,0.25,ctl,today's app
52,0.512993,0.0143608,0.45594,0.593876,0.278824,16,0.0194444,0.00555556,0.634722,720,b025,0.25,ctl,today's app
53,0.51463,0.0143249,0.457351,0.594306,0.280995,17,0.0208333,0.00416667,0.648611,720,b025,0.25,ctl,today's app
54,0.515368,0.0143362,0.459076,0.599584,0.275704,17,0.025,0.00416667,0.655556,720,b025,0.25,ctl,today's app
55,0.514164,0.0143619,0.460373,0.599261,0.282794,17,0.0319444,0.00416667,0.663889,720,b025,0.25,ctl,today's app
56,0.515061,0.0144152,0.461567,0.599318,0.2847,17.5027,0.0277778,0.00416667,0.672222,720,b025,0.25,ctl,today's app
57,0.520334,0.0144025,0.463752,0.608849,0.285325,17.0049,0.0277778,0.00416667,0.677778,720,b025,0.25,ctl,today's app
58,0.521944,0.0143026,0.465724,0.610836,0.285893,17.0053,0.0236111,0.00416667,0.684722,720,b025,0.25,ctl,today's app
59,0.525798,0.0142486,0.469569,0.614237,0.290932,18.0015,0.0277778,0.00416667,0.7,720,b025,0.25,ctl,today's app
60,0.526702,0.014263,0.472173,0.617664,0.285855,18,0.0263889,0.00416667,0.708333,720,b025,0.25,ctl,today's app
61,0.532129,0.0142156,0.473936,0.622941,0.287446,17,0.0291667,0.00416667,0.7125,720,b025,0.25,ctl,today's app
62,0.531177,0.0141776,0.47571,0.622144,0.284609,17,0.0305556,0.00416667,0.722222,720,b025,0.25,ctl,today's app
63,0.52527,0.0140713,0.476257,0.621701,0.277197,16,0.0333333,0.00416667,0.726389,720,b025,0.25,ctl,today's app
64,0.526862,0.0140225,0.478339,0.623337,0.27712,16,0.0333333,0.00416667,0.731944,720,b025,0.25,ctl,today's app
65,0.528172,0.013985,0.480292,0.629203,0.270961,15.0045,0.0319444,0.00416667,0.738889,720,b025,0.25,ctl,today's app
66,0.525006,0.0139123,0.482523,0.632609,0.268401,15,0.0277778,0.00416667,0.747222,720,b025,0.25,ctl,today's app
67,0.526248,0.013858,0.483648,0.633644,0.268672,15,0.0333333,0.00416667,0.754167,720,b025,0.25,ctl,today's app
68,0.523833,0.0138068,0.484769,0.63485,0.26262,14.0051,0.0291667,0.00416667,0.756944,720,b025,0.25,ctl,today's app
69,0.520499,0.0136571,0.486064,0.640337,0.256293,14,0.0236111,0.00416667,0.759722,720,b025,0.25,ctl,today's app
70,0.519112,0.0135726,0.486593,0.641082,0.249348,13,0.0236111,0.00416667,0.766667,720,b025,0.25,ctl,today's app
71,0.520633,0.0136305,0.48781,0.642383,0.252698,13,0.025,0.00416667,0.770833,720,b025,0.25,ctl,today's app
72,0.520934,0.0136902,0.488544,0.64292,0.255232,13,0.0277778,0.00416667,0.776389,720,b025,0.25,ctl,today's app
73,0.523785,0.0136613,0.489745,0.643714,0.259629,14,0.025,0.00416667,0.780556,720,b025,0.25,ctl,today's app
74,0.531298,0.0137639,0.490979,0.651021,0.265707,14,0.0236111,0.00416667,0.783333,720,b025,0.25,ctl,today's app
75,0.532993,0.0138327,0.492384,0.64994,0.27332,14.0048,0.0194444,0.00277778,0.790278,720,b025,0.25,ctl,today's app
76,0.538394,0.0137516,0.494085,0.653176,0.274816,14.0049,0.0194444,0.00277778,0.793056,720,b025,0.25,ctl,today's app
77,0.539944,0.0138282,0.495113,0.649661,0.27866,15,0.0180556,0.00277778,0.801389,720,b025,0.25,ctl,today's app
78,0.538861,0.0139062,0.496141,0.649257,0.283858,15.9988,0.0166667,0.00277778,0.809722,720,b025,0.25,ctl,today's app
79,0.543335,0.0138947,0.497937,0.651334,0.288983,16,0.0208333,0.00277778,0.818056,720,b025,0.25,ctl,today's app
80,0.548039,0.0138885,0.499756,0.654996,0.295017,16,0.0194444,0.00277778,0.820833,720,b025,0.25,ctl,today's app
81,0.552056,0.0138014,0.502056,0.659541,0.295502,16.9988,0.0222222,0.00277778,0.826389,720,b025,0.25,ctl,today's app
82,0.555254,0.0138068,0.503872,0.663163,0.294012,15.0019,0.0222222,0.00277778,0.831944,720,b025,0.25,ctl,today's app
83,0.555022,0.0136465,0.50534,0.66629,0.288778,14.0048,0.0236111,0.00277778,0.8375,720,b025,0.25,ctl,today's app
84,0.558112,0.0136798,0.506844,0.666282,0.294267,16,0.0291667,0.00277778,0.841667,720,b025,0.25,ctl,today's app
85,0.563332,0.0137278,0.5079,0.67099,0.298191,16,0.0277778,0.00277778,0.844444,720,b025,0.25,ctl,today's app
86,0.564633,0.0137022,0.509593,0.668645,0.299417,16,0.0277778,0.00277778,0.844444,720,b025,0.25,ctl,today's app
87,0.565198,0.0137034,0.511092,0.672942,0.299251,16,0.0263889,0.00277778,0.85,720,b025,0.25,ctl,today's app
88,0.566671,0.0136768,0.512128,0.673509,0.301356,15.5015,0.0263889,0.00277778,0.858333,720,b025,0.25,ctl,today's app
89,0.570911,0.0135731,0.513596,0.679309,0.300645,16,0.025,0.00277778,0.8625,720,b025,0.25,ctl,today's app
90,0.570236,0.0136316,0.514564,0.677179,0.303603,16,0.0236111,0.00277778,0.866667,720,b025,0.25,ctl,today's app
91,0.5685,0.0136536,0.515687,0.673863,0.305182,16.9988,0.0236111,0.00277778,0.870833,720,b025,0.25,ctl,today's app
92,0.573408,0.013562,0.517013,0.676713,0.304538,16,0.0208333,0.00277778,0.870833,720,b025,0.25,ctl,today's app
93,0.57196,0.0136428,0.517645,0.674399,0.305867,16,0.0236111,0.00277778,0.872222,720,b025,0.25,ctl,today's app
94,0.578062,0.013611,0.518612,0.678782,0.309929,16,0.0222222,0.00277778,0.876389,720,b025,0.25,ctl,today's app
95,0.579916,0.0135444,0.519655,0.6832,0.308124,16,0.0180556,0.00277778,0.880556,720,b025,0.25,ctl,today's app
96,0.582393,0.0135707,0.520786,0.686334,0.311257,17,0.0208333,0.00277778,0.884722,720,b025,0.25,ctl,today's app
97,0.585,0.0135429,0.522186,0.687154,0.313654,17,0.0194444,0.00277778,0.886111,720,b025,0.25,ctl,today's app
98,0.583718,0.0135535,0.523455,0.685449,0.315371,17,0.025,0.00277778,0.890278,720,b025,0.25,ctl,today's app
99,0.586953,0.0135789,0.524329,0.689476,0.316762,17.5,0.025,0.00277778,0.893056,720,b025,0.25,ctl,today's app
100,0.584863,0.0134841,0.525225,0.69175,0.316939,17,0.025,0.00277778,0.894444,720,b025,0.25,ctl,today's app
101,0.585314,0.0134558,0.525463,0.69178,0.319091,17,0.025,0.00277778,0.894444,720,b025,0.25,ctl,today's app
102,0.58667,0.0134647,0.526223,0.688865,0.318802,17,0.0208333,0.00277778,0.894444,720,b025,0.25,ctl,today's app
103,0.588272,0.0134134,0.527602,0.691135,0.317973,17,0.0222222,0.00277778,0.894444,720,b025,0.25,ctl,today's app
104,0.589693,0.0134244,0.528425,0.688082,0.319929,17,0.0152778,0.00277778,0.897222,720,b025,0.25,ctl,today's app
105,0.590938,0.0134249,0.529138,0.690524,0.319366,17,0.0152778,0.00277778,0.9,720,b025,0.25,ctl,today's app
106,0.58998,0.0134387,0.529931,0.689786,0.319579,17,0.0138889,0.00277778,0.901389,720,b025,0.25,ctl,today's app
107,0.593433,0.0133825,0.530637,0.693718,0.321628,18,0.0125,0.00277778,0.905556,720,b025,0.25,ctl,today's app
108,0.593974,0.0133839,0.53158,0.693932,0.32265,18,0.0166667,0.00277778,0.906944,720,b025,0.25,ctl,today's app
109,0.59499,0.0133393,0.532711,0.695077,0.324161,18,0.0152778,0.00277778,0.909722,720,b025,0.25,ctl,today's app
110,0.594433,0.0134041,0.53356,0.695765,0.324924,18,0.0166667,0.00277778,0.909722,720,b025,0.25,ctl,today's app
111,0.59607,0.013354,0.534322,0.695306,0.32765,18,0.0138889,0.00277778,0.9125,720,b025,0.25,ctl,today's app
112,0.596829,0.0133679,0.535027,0.692426,0.333046,19,0.0152778,0.00277778,0.9125,720,b025,0.25,ctl,today's app
113,0.598796,0.0133636,0.535971,0.694876,0.336164,19,0.0180556,0.00277778,0.918056,720,b025,0.25,ctl,today's app
114,0.599202,0.0133993,0.536453,0.696533,0.337682,18.5,0.0208333,0.00277778,0.919444,720,b025,0.25,ctl,today's app
115,0.600332,0.0133337,0.53712,0.700538,0.337467,18,0.0166667,0.00277778,0.920833,720,b025,0.25,ctl,today's app
116,0.605119,0.013218,0.537561,0.703947,0.339477,19,0.0152778,0.00277778,0.920833,720,b025,0.25,ctl,today's app
117,0.604726,0.0131524,0.538064,0.705615,0.339395,18,0.0138889,0.00277778,0.922222,720,b025,0.25,ctl,today's app
118,0.605073,0.0131576,0.538214,0.706879,0.336871,18,0.0125,0.00277778,0.925,720,b025,0.25,ctl,today's app
119,0.60973,0.0130625,0.538893,0.712605,0.33904,18,0.0125,0.00277778,0.925,720,b025,0.25,ctl,today's app
120,0.609713,0.0131178,0.539184,0.711978,0.338887,18,0.0125,0.00277778,0.925,720,b025,0.25,ctl,today's app
121,0.611585,0.0130448,0.539666,0.714685,0.338717,18,0.0138889,0.00277778,0.926389,720,b025,0.25,ctl,today's app
122,0.610582,0.0131208,0.539828,0.711594,0.339304,18,0.0111111,0.00277778,0.926389,720,b025,0.25,ctl,today's app
123,0.608888,0.0131353,0.540186,0.708964,0.339665,18,0.00972222,0.00277778,0.926389,720,b025,0.25,ctl,today's app
124,0.60989,0.013127,0.540714,0.709442,0.341197,18,0.0111111,0.00277778,0.926389,720,b025,0.25,ctl,today's app
125,0.611938,0.0130483,0.540933,0.709969,0.343184,18,0.0111111,0.00277778,0.926389,720,b025,0.25,ctl,today's app
126,0.614373,0.0130123,0.541361,0.710709,0.345233,18,0.0152778,0.00277778,0.926389,720,b025,0.25,ctl,today's app
127,0.616116,0.013048,0.541778,0.709169,0.346792,18,0.00972222,0.00277778,0.926389,720,b025,0.25,ctl,today's app
128,0.617701,0.012974,0.541764,0.713409,0.347821,18,0.0111111,0.00277778,0.927778,720,b025,0.25,ctl,today's app
129,0.618058,0.0129118,0.542351,0.713979,0.349393,19,0.00833333,0.00277778,0.929167,720,b025,0.25,ctl,today's app
130,0.618591,0.0129587,0.54277,0.713667,0.349849,19,0.00694444,0.00277778,0.929167,720,b025,0.25,ctl,today's app
131,0.618488,0.0129865,0.543324,0.712292,0.350628,18.5,0.00694444,0.00277778,0.929167,720,b025,0.25,ctl,today's app
132,0.619875,0.012926,0.543699,0.714486,0.353583,19,0.00694444,0.00277778,0.930556,720,b025,0.25,ctl,today's app
133,0.619769,0.0129816,0.544331,0.713858,0.353529,19,0.00555556,0.00277778,0.931944,720,b025,0.25,ctl,today's app
134,0.62167,0.0129405,0.544563,0.713444,0.355959,19,0.00833333,0.00277778,0.933333,720,b025,0.25,ctl,today's app
135,0.621993,0.0129294,0.545468,0.712281,0.361303,20,0.00972222,0.00277778,0.9375,720,b025,0.25,ctl,today's app
136,0.623599,0.0128659,0.545951,0.714324,0.365618,20,0.00972222,0.00277778,0.940278,720,b025,0.25,ctl,today's app
137,0.625044,0.0128254,0.546802,0.716197,0.367868,21,0.00694444,0.00277778,0.943056,720,b025,0.25,ctl,today's app
138,0.626222,0.0128576,0.547127,0.717448,0.371399,21,0.00833333,0.00277778,0.943056,720,b025,0.25,ctl,today's app
139,0.624144,0.0128554,0.547593,0.716207,0.37221,21,0.00694444,0.00277778,0.943056,720,b025,0.25,ctl,today's app
140,0.624236,0.0129188,0.547834,0.71377,0.374304,21.5,0.00277778,0.00277778,0.943056,720,b025,0.25,ctl,today's app
141,0.624558,0.0129337,0.548426,0.713952,0.375748,21,0.00277778,0.00277778,0.943056,720,b025,0.25,ctl,today's app
142,0.623249,0.012913,0.548691,0.709125,0.376274,22,0.00138889,0.00277778,0.943056,720,b025,0.25,ctl,today's app
143,0.624741,0.0128664,0.54905,0.712021,0.377449,22,0.00416667,0.00277778,0.943056,720,b025,0.25,ctl,today's app
144,0.627454,0.0127842,0.549477,0.715901,0.379802,22,0.00416667,0.00277778,0.944444,720,b025,0.25,ctl,today's app
145,0.628273,0.0128162,0.549931,0.712104,0.381596,23,0.00833333,0.00277778,0.947222,720,b025,0.25,ctl,today's app
146,0.627676,0.0128176,0.550229,0.711216,0.382602,23,0.0125,0.00277778,0.951389,720,b025,0.25,ctl,today's app
147,0.626796,0.0128776,0.550486,0.714715,0.381452,23,0.0111111,0.00277778,0.951389,720,b025,0.25,ctl,today's app
148,0.627594,0.0128051,0.550925,0.713419,0.3839,23,0.0125,0.00277778,0.951389,720,b025,0.25,ctl,today's app
149,0.629823,0.0127704,0.550997,0.717097,0.383695,23,0.0111111,0.00277778,0.951389,720,b025,0.25,ctl,today's app
150,0.631381,0.0126652,0.551385,0.720222,0.382724,22,0.00416667,0.00277778,0.951389,720,b025,0.25,ctl,today's app
0,0.475329,0.0135966,0.417756,0.544715,0.217356,16,0,0.00833333,0,720,b025,0.25,open,"the opening before #4288 (g3@top,b4@mid)"
1,0.475329,0.0135966,0.417756,0.544715,0.217356,16,0,0.00833333,0,720,b025,0.25,open,"the opening before #4288 (g3@top,b4@mid)"
2,0.475329,0.0135966,0.417756,0.544715,0.217356,16,0,0.00833333,0,720,b025,0.25,open,"the opening before #4288 (g3@top,b4@mid)"
3,0.475329,0.0135966,0.417756,0.544715,0.217356,16,0,0.00833333,0,720,b025,0.25,open,"the opening before #4288 (g3@top,b4@mid)"
4,0.475329,0.0135966,0.417756,0.544715,0.217356,16,0,0.00833333,0,720,b025,0.25,open,"the opening before #4288 (g3@top,b4@mid)"
5,0.475329,0.0135966,0.417756,0.544715,0.217356,16,0,0.00833333,0,720,b025,0.25,open,"the opening before #4288 (g3@top,b4@mid)"
6,0.475329,0.0135966,0.417756,0.544715,0.217356,16,0,0.00833333,0,720,b025,0.25,open,"the opening before #4288 (g3@top,b4@mid)"
7,0.358645,0.0126424,0.334478,0.443338,0.260914,17,0.0597222,0.00555556,0.676389,720,b025,0.25,open,"the opening before #4288 (g3@top,b4@mid)"
8,0.353055,0.0125315,0.344679,0.485513,0.216296,11.0001,0.0569444,0.00555556,0.6875,720,b025,0.25,open,"the opening before #4288 (g3@top,b4@mid)"
9,0.377108,0.0130046,0.350629,0.499172,0.245816,13.0035,0.0472222,0.00555556,0.7,720,b025,0.25,open,"the opening before #4288 (g3@top,b4@mid)"
10,0.363107,0.0124828,0.361664,0.546463,0.176453,7.99755,0.0319444,0.00555556,0.704167,720,b025,0.25,open,"the opening before #4288 (g3@top,b4@mid)"
11,0.369495,0.0124213,0.364671,0.562428,0.165094,7.49988,0.0236111,0.00555556,0.7125,720,b025,0.25,open,"the opening before #4288 (g3@top,b4@mid)"
12,0.370562,0.0124011,0.368456,0.571489,0.159563,6.99972,0.025,0.00555556,0.713889,720,b025,0.25,open,"the opening before #4288 (g3@top,b4@mid)"
13,0.382325,0.0125961,0.372026,0.563406,0.178574,7.99641,0.025,0.00555556,0.719444,720,b025,0.25,open,"the opening before #4288 (g3@top,b4@mid)"
14,0.388578,0.0125757,0.374987,0.55863,0.198811,8.9947,0.0277778,0.00555556,0.722222,720,b025,0.25,open,"the opening before #4288 (g3@top,b4@mid)"
15,0.408674,0.0128223,0.383767,0.583601,0.186031,8.49956,0.0194444,0.00555556,0.7375,720,b025,0.25,open,"the opening before #4288 (g3@top,b4@mid)"
16,0.427023,0.0131879,0.388587,0.592086,0.19538,9.99566,0.0152778,0.00555556,0.745833,720,b025,0.25,open,"the opening before #4288 (g3@top,b4@mid)"
17,0.433506,0.0133204,0.391296,0.591453,0.201896,10,0.0138889,0.00555556,0.752778,720,b025,0.25,open,"the opening before #4288 (g3@top,b4@mid)"
18,0.429791,0.0132705,0.393835,0.593617,0.199504,10,0.0125,0.00555556,0.758333,720,b025,0.25,open,"the opening before #4288 (g3@top,b4@mid)"
19,0.431475,0.013294,0.395258,0.596105,0.196997,9.99858,0.0138889,0.00555556,0.765278,720,b025,0.25,open,"the opening before #4288 (g3@top,b4@mid)"
20,0.44432,0.0134508,0.40365,0.59337,0.212753,10.0038,0.0111111,0.00555556,0.768056,720,b025,0.25,open,"the opening before #4288 (g3@top,b4@mid)"
21,0.451291,0.0134714,0.406111,0.590766,0.217624,11,0.0125,0.00555556,0.775,720,b025,0.25,open,"the opening before #4288 (g3@top,b4@mid)"
22,0.45596,0.013521,0.409563,0.598296,0.21339,11,0.0111111,0.00555556,0.780556,720,b025,0.25,open,"the opening before #4288 (g3@top,b4@mid)"
23,0.45934,0.0134494,0.411626,0.606049,0.211335,11,0.0125,0.00555556,0.784722,720,b025,0.25,open,"the opening before #4288 (g3@top,b4@mid)"
24,0.459117,0.013419,0.413498,0.60374,0.210336,11,0.00972222,0.00555556,0.7875,720,b025,0.25,open,"the opening before #4288 (g3@top,b4@mid)"
25,0.469704,0.0134435,0.418671,0.615971,0.208058,11,0.0111111,0.00277778,0.794444,720,b025,0.25,open,"the opening before #4288 (g3@top,b4@mid)"
26,0.47454,0.013382,0.42171,0.618443,0.217182,11,0.00972222,0.00277778,0.798611,720,b025,0.25,open,"the opening before #4288 (g3@top,b4@mid)"
27,0.478348,0.0134031,0.424544,0.621874,0.223383,11,0.0125,0.00277778,0.804167,720,b025,0.25,open,"the opening before #4288 (g3@top,b4@mid)"
28,0.483288,0.0134368,0.426189,0.621146,0.23522,11,0.0125,0.00277778,0.808333,720,b025,0.25,open,"the opening before #4288 (g3@top,b4@mid)"
29,0.490916,0.0134248,0.428704,0.630059,0.239893,11.0021,0.00833333,0.00277778,0.8125,720,b025,0.25,open,"the opening before #4288 (g3@top,b4@mid)"
30,0.497459,0.0134452,0.433869,0.633923,0.247679,12.0015,0.0111111,0.00277778,0.815278,720,b025,0.25,open,"the opening before #4288 (g3@top,b4@mid)"
31,0.500475,0.0135281,0.437699,0.633365,0.247867,13,0.0166667,0.00277778,0.826389,720,b025,0.25,open,"the opening before #4288 (g3@top,b4@mid)"
32,0.504186,0.0134345,0.440573,0.639044,0.247197,13.0004,0.0194444,0.00277778,0.8375,720,b025,0.25,open,"the opening before #4288 (g3@top,b4@mid)"
33,0.510114,0.013525,0.442954,0.637723,0.246921,13.501,0.0166667,0.00277778,0.840278,720,b025,0.25,open,"the opening before #4288 (g3@top,b4@mid)"
34,0.512533,0.0134943,0.446222,0.643417,0.242458,13,0.0152778,0.00277778,0.840278,720,b025,0.25,open,"the opening before #4288 (g3@top,b4@mid)"
35,0.511401,0.0134423,0.449711,0.646331,0.236272,12,0.0138889,0.00277778,0.841667,720,b025,0.25,open,"the opening before #4288 (g3@top,b4@mid)"
36,0.514023,0.0135926,0.453287,0.649281,0.239576,12.501,0.00972222,0.00277778,0.845833,720,b025,0.25,open,"the opening before #4288 (g3@top,b4@mid)"
37,0.520169,0.0136774,0.456195,0.647613,0.247763,14,0.00833333,0.00277778,0.851389,720,b025,0.25,open,"the opening before #4288 (g3@top,b4@mid)"
38,0.528769,0.0136178,0.459715,0.660134,0.248348,13,0.00972222,0.00277778,0.854167,720,b025,0.25,open,"the opening before #4288 (g3@top,b4@mid)"
39,0.527113,0.0135944,0.463162,0.658823,0.249269,13,0.00972222,0.00277778,0.855556,720,b025,0.25,open,"the opening before #4288 (g3@top,b4@mid)"
40,0.533714,0.0136474,0.466497,0.656519,0.263418,14,0.00833333,0.00277778,0.859722,720,b025,0.25,open,"the opening before #4288 (g3@top,b4@mid)"
41,0.535951,0.0136519,0.468299,0.664757,0.26388,14,0.0125,0.00277778,0.861111,720,b025,0.25,open,"the opening before #4288 (g3@top,b4@mid)"
42,0.538891,0.0136637,0.471023,0.666692,0.267554,14,0.0138889,0.00277778,0.861111,720,b025,0.25,open,"the opening before #4288 (g3@top,b4@mid)"
43,0.543746,0.013671,0.473855,0.669077,0.270058,14.0048,0.0125,0.00277778,0.863889,720,b025,0.25,open,"the opening before #4288 (g3@top,b4@mid)"
44,0.542506,0.0135972,0.475932,0.666871,0.271989,14.5024,0.0111111,0.00277778,0.866667,720,b025,0.25,open,"the opening before #4288 (g3@top,b4@mid)"
45,0.544826,0.0137021,0.478261,0.667671,0.273799,14.0048,0.00833333,0.00277778,0.869444,720,b025,0.25,open,"the opening before #4288 (g3@top,b4@mid)"
46,0.548215,0.0136832,0.479901,0.675219,0.275803,14.5024,0.00555556,0.00277778,0.872222,720,b025,0.25,open,"the opening before #4288 (g3@top,b4@mid)"
47,0.547483,0.013695,0.482031,0.673219,0.276552,14,0.00555556,0.00277778,0.875,720,b025,0.25,open,"the opening before #4288 (g3@top,b4@mid)"
48,0.545304,0.0136407,0.483222,0.675396,0.275115,14,0.00972222,0.00277778,0.875,720,b025,0.25,open,"the opening before #4288 (g3@top,b4@mid)"
49,0.544357,0.0136024,0.484618,0.673162,0.273251,13.9992,0.00277778,0.00277778,0.880556,720,b025,0.25,open,"the opening before #4288 (g3@top,b4@mid)"
50,0.545709,0.013582,0.486114,0.677492,0.275509,13,0.00833333,0.00277778,0.883333,720,b025,0.25,open,"the opening before #4288 (g3@top,b4@mid)"
51,0.547434,0.0135417,0.487061,0.671189,0.274053,13,0.0125,0.00277778,0.886111,720,b025,0.25,open,"the opening before #4288 (g3@top,b4@mid)"
52,0.546632,0.0134103,0.487908,0.6773,0.272837,12.0005,0.0111111,0.00277778,0.886111,720,b025,0.25,open,"the opening before #4288 (g3@top,b4@mid)"
53,0.546113,0.0135304,0.489174,0.681211,0.274998,12,0.0138889,0.00277778,0.888889,720,b025,0.25,open,"the opening before #4288 (g3@top,b4@mid)"
54,0.539923,0.0134582,0.489863,0.682514,0.264332,12,0.0125,0.00277778,0.888889,720,b025,0.25,open,"the opening before #4288 (g3@top,b4@mid)"
55,0.542775,0.013509,0.490761,0.678126,0.268272,13,0.0152778,0.00277778,0.888889,720,b025,0.25,open,"the opening before #4288 (g3@top,b4@mid)"
56,0.545438,0.0135817,0.491655,0.682213,0.270605,13,0.0138889,0.00277778,0.890278,720,b025,0.25,open,"the opening before #4288 (g3@top,b4@mid)"
57,0.548582,0.0135354,0.492992,0.693665,0.266772,12,0.0111111,0.00277778,0.891667,720,b025,0.25,open,"the opening before #4288 (g3@top,b4@mid)"
58,0.549842,0.0134787,0.49423,0.692428,0.266715,13,0.0111111,0.00277778,0.893056,720,b025,0.25,open,"the opening before #4288 (g3@top,b4@mid)"
59,0.55173,0.013485,0.495536,0.695191,0.266129,12,0.00555556,0.00277778,0.893056,720,b025,0.25,open,"the opening before #4288 (g3@top,b4@mid)"
60,0.549374,0.0135236,0.496251,0.696347,0.264392,12,0.00694444,0.00277778,0.895833,720,b025,0.25,open,"the opening before #4288 (g3@top,b4@mid)"
61,0.549792,0.0135502,0.496935,0.690986,0.267787,12,0.00694444,0.00277778,0.895833,720,b025,0.25,open,"the opening before #4288 (g3@top,b4@mid)"
62,0.549391,0.0134673,0.49787,0.689822,0.265028,12.0015,0.00972222,0.00277778,0.897222,720,b025,0.25,open,"the opening before #4288 (g3@top,b4@mid)"
63,0.54889,0.0133149,0.498818,0.692908,0.262186,11,0.00972222,0.00277778,0.897222,720,b025,0.25,open,"the opening before #4288 (g3@top,b4@mid)"
64,0.551621,0.0132437,0.500597,0.693429,0.263547,13,0.0111111,0.00277778,0.897222,720,b025,0.25,open,"the opening before #4288 (g3@top,b4@mid)"
65,0.550336,0.0132026,0.502098,0.697651,0.256525,12,0.0125,0.00277778,0.902778,720,b025,0.25,open,"the opening before #4288 (g3@top,b4@mid)"
66,0.544328,0.0130647,0.503077,0.701483,0.244481,10,0.0111111,0.00277778,0.904167,720,b025,0.25,open,"the opening before #4288 (g3@top,b4@mid)"
67,0.545959,0.0131143,0.504198,0.703731,0.247195,10,0.0111111,0.00277778,0.905556,720,b025,0.25,open,"the opening before #4288 (g3@top,b4@mid)"
68,0.541545,0.0130341,0.505012,0.70463,0.237326,10,0.0111111,0.00277778,0.906944,720,b025,0.25,open,"the opening before #4288 (g3@top,b4@mid)"
69,0.5415,0.0130071,0.505937,0.707193,0.235789,9,0.00972222,0.00277778,0.906944,720,b025,0.25,open,"the opening before #4288 (g3@top,b4@mid)"
70,0.540818,0.0130425,0.507463,0.70709,0.235653,9,0.00833333,0.00277778,0.906944,720,b025,0.25,open,"the opening before #4288 (g3@top,b4@mid)"
71,0.542285,0.0130759,0.508781,0.706517,0.23543,9.99858,0.00833333,0.00277778,0.906944,720,b025,0.25,open,"the opening before #4288 (g3@top,b4@mid)"
72,0.546176,0.0130093,0.510058,0.711459,0.236102,9,0.00555556,0.00277778,0.908333,720,b025,0.25,open,"the opening before #4288 (g3@top,b4@mid)"
73,0.549731,0.0129847,0.511126,0.714751,0.238559,9,0.00555556,0.00277778,0.908333,720,b025,0.25,open,"the opening before #4288 (g3@top,b4@mid)"
74,0.553533,0.0130896,0.511873,0.715891,0.247214,10,0.00416667,0.00277778,0.911111,720,b025,0.25,open,"the opening before #4288 (g3@top,b4@mid)"
75,0.557779,0.0130838,0.512624,0.718136,0.25289,10,0.00277778,0.00277778,0.911111,720,b025,0.25,open,"the opening before #4288 (g3@top,b4@mid)"
76,0.561486,0.0130657,0.514502,0.718142,0.257256,10,0.00555556,0.00277778,0.913889,720,b025,0.25,open,"the opening before #4288 (g3@top,b4@mid)"
77,0.561769,0.0131784,0.51638,0.71668,0.26088,10,0.00555556,0.00277778,0.915278,720,b025,0.25,open,"the opening before #4288 (g3@top,b4@mid)"
78,0.565305,0.0131574,0.517288,0.7163,0.266604,11,0.00416667,0.00277778,0.916667,720,b025,0.25,open,"the opening before #4288 (g3@top,b4@mid)"
79,0.571266,0.0132206,0.518203,0.717274,0.27432,11,0.00694444,0.00277778,0.920833,720,b025,0.25,open,"the opening before #4288 (g3@top,b4@mid)"
80,0.57757,0.0132171,0.519325,0.717562,0.284686,11.4989,0.00694444,0.00277778,0.920833,720,b025,0.25,open,"the opening before #4288 (g3@top,b4@mid)"
81,0.578144,0.0131739,0.519912,0.715913,0.282601,12,0.00555556,0.00277778,0.920833,720,b025,0.25,open,"the opening before #4288 (g3@top,b4@mid)"
82,0.576606,0.0132801,0.521015,0.710591,0.28532,12,0.00833333,0.00277778,0.923611,720,b025,0.25,open,"the opening before #4288 (g3@top,b4@mid)"
83,0.576601,0.0132358,0.521988,0.714434,0.279651,12,0.00694444,0.00277778,0.925,720,b025,0.25,open,"the opening before #4288 (g3@top,b4@mid)"
84,0.572677,0.0132142,0.522772,0.711071,0.278034,12,0.00694444,0.00277778,0.925,720,b025,0.25,open,"the opening before #4288 (g3@top,b4@mid)"
85,0.574925,0.0131189,0.523656,0.712287,0.278398,11.9988,0.00555556,0.00277778,0.926389,720,b025,0.25,open,"the opening before #4288 (g3@top,b4@mid)"
86,0.574625,0.0131431,0.5244,0.709678,0.278693,12,0.00694444,0.00277778,0.926389,720,b025,0.25,open,"the opening before #4288 (g3@top,b4@mid)"
87,0.582004,0.0130539,0.524831,0.714231,0.281946,12,0.00833333,0.00277778,0.927778,720,b025,0.25,open,"the opening before #4288 (g3@top,b4@mid)"
88,0.583532,0.0130541,0.525748,0.716581,0.281663,12.5,0.00416667,0.00277778,0.927778,720,b025,0.25,open,"the opening before #4288 (g3@top,b4@mid)"
89,0.583944,0.0130478,0.526451,0.713979,0.283836,13,0.00416667,0.00277778,0.927778,720,b025,0.25,open,"the opening before #4288 (g3@top,b4@mid)"
90,0.583868,0.0129364,0.527255,0.715915,0.284567,13,0.00694444,0.00277778,0.927778,720,b025,0.25,open,"the opening before #4288 (g3@top,b4@mid)"
91,0.585383,0.0130513,0.528172,0.715006,0.288142,13,0.0111111,0.00277778,0.929167,720,b025,0.25,open,"the opening before #4288 (g3@top,b4@mid)"
92,0.589353,0.0129546,0.529267,0.719759,0.287077,12,0.00555556,0.00277778,0.929167,720,b025,0.25,open,"the opening before #4288 (g3@top,b4@mid)"
93,0.590464,0.0129942,0.530087,0.71826,0.29036,12,0.00833333,0.00277778,0.929167,720,b025,0.25,open,"the opening before #4288 (g3@top,b4@mid)"
94,0.593069,0.012935,0.531452,0.721815,0.290749,13,0.00555556,0.00277778,0.931944,720,b025,0.25,open,"the opening before #4288 (g3@top,b4@mid)"
95,0.594641,0.0129831,0.532256,0.720839,0.294858,14,0.00555556,0.00277778,0.931944,720,b025,0.25,open,"the opening before #4288 (g3@top,b4@mid)"
96,0.598106,0.0129088,0.532952,0.725878,0.293632,12.5,0.00138889,0.00277778,0.931944,720,b025,0.25,open,"the opening before #4288 (g3@top,b4@mid)"
97,0.598165,0.0129207,0.53343,0.725745,0.294122,13,0.00416667,0.00277778,0.934722,720,b025,0.25,open,"the opening before #4288 (g3@top,b4@mid)"
98,0.598219,0.0129455,0.534093,0.72723,0.293849,12,0.00277778,0.00277778,0.936111,720,b025,0.25,open,"the opening before #4288 (g3@top,b4@mid)"
99,0.600457,0.0129488,0.534554,0.725106,0.296944,13,0.00138889,0.00277778,0.936111,720,b025,0.25,open,"the opening before #4288 (g3@top,b4@mid)"
100,0.601873,0.0128958,0.535343,0.724447,0.29842,13,0.00277778,0.00277778,0.9375,720,b025,0.25,open,"the opening before #4288 (g3@top,b4@mid)"
101,0.600533,0.0130233,0.535786,0.724438,0.298717,13,0.00277778,0.00277778,0.938889,720,b025,0.25,open,"the opening before #4288 (g3@top,b4@mid)"
102,0.60297,0.0129892,0.536324,0.724785,0.302285,14,0.00416667,0.00277778,0.940278,720,b025,0.25,open,"the opening before #4288 (g3@top,b4@mid)"
103,0.60247,0.0130028,0.536594,0.725367,0.302091,13,0.00138889,0.00277778,0.940278,720,b025,0.25,open,"the opening before #4288 (g3@top,b4@mid)"
104,0.604494,0.0129796,0.537283,0.724544,0.305539,14,0.00277778,0.00277778,0.940278,720,b025,0.25,open,"the opening before #4288 (g3@top,b4@mid)"
105,0.607288,0.0129644,0.537896,0.72664,0.307619,14,0.00277778,0.00277778,0.941667,720,b025,0.25,open,"the opening before #4288 (g3@top,b4@mid)"
106,0.608818,0.0129556,0.538271,0.725215,0.310681,14,0.00416667,0.00277778,0.941667,720,b025,0.25,open,"the opening before #4288 (g3@top,b4@mid)"
107,0.608832,0.013021,0.538805,0.723119,0.312774,14,0.00416667,0.00277778,0.941667,720,b025,0.25,open,"the opening before #4288 (g3@top,b4@mid)"
108,0.609872,0.0130136,0.539219,0.722259,0.313523,15,0.00416667,0.00277778,0.943056,720,b025,0.25,open,"the opening before #4288 (g3@top,b4@mid)"
109,0.611578,0.0129948,0.539998,0.72095,0.317541,15,0.00138889,0.00277778,0.944444,720,b025,0.25,open,"the opening before #4288 (g3@top,b4@mid)"
110,0.61213,0.012978,0.540687,0.720319,0.321645,15.5026,0.00138889,0.00277778,0.945833,720,b025,0.25,open,"the opening before #4288 (g3@top,b4@mid)"
111,0.613403,0.0129814,0.541618,0.721899,0.32416,16,0.00416667,0.00277778,0.948611,720,b025,0.25,open,"the opening before #4288 (g3@top,b4@mid)"
112,0.612576,0.0129147,0.541871,0.722626,0.324117,16,0.00277778,0.00277778,0.948611,720,b025,0.25,open,"the opening before #4288 (g3@top,b4@mid)"
113,0.614397,0.0129281,0.542281,0.723648,0.327114,16,0.00555556,0.00277778,0.948611,720,b025,0.25,open,"the opening before #4288 (g3@top,b4@mid)"
114,0.614838,0.0129848,0.542549,0.721535,0.330126,16,0.00694444,0.00277778,0.948611,720,b025,0.25,open,"the opening before #4288 (g3@top,b4@mid)"
115,0.61444,0.0129599,0.543096,0.722322,0.329108,16,0.00694444,0.00277778,0.95,720,b025,0.25,open,"the opening before #4288 (g3@top,b4@mid)"
116,0.615808,0.012905,0.543603,0.723151,0.329454,16,0.00555556,0.00277778,0.95,720,b025,0.25,open,"the opening before #4288 (g3@top,b4@mid)"
117,0.617043,0.0128922,0.544033,0.722072,0.331383,16,0.00555556,0.00277778,0.95,720,b025,0.25,open,"the opening before #4288 (g3@top,b4@mid)"
118,0.619454,0.0128496,0.544685,0.72429,0.33141,16,0.00277778,0.00277778,0.95,720,b025,0.25,open,"the opening before #4288 (g3@top,b4@mid)"
119,0.620034,0.0128475,0.545104,0.723591,0.332839,16,0.00277778,0.00277778,0.951389,720,b025,0.25,open,"the opening before #4288 (g3@top,b4@mid)"
120,0.619682,0.0128771,0.545466,0.724847,0.334115,16,0.00416667,0.00277778,0.952778,720,b025,0.25,open,"the opening before #4288 (g3@top,b4@mid)"
121,0.620324,0.0129067,0.545779,0.722972,0.33775,16,0.00416667,0.00277778,0.954167,720,b025,0.25,open,"the opening before #4288 (g3@top,b4@mid)"
122,0.619347,0.0129547,0.546302,0.721901,0.339192,17,0.00555556,0.00277778,0.954167,720,b025,0.25,open,"the opening before #4288 (g3@top,b4@mid)"
123,0.62062,0.0129337,0.546931,0.721792,0.340518,17,0.00555556,0.00277778,0.954167,720,b025,0.25,open,"the opening before #4288 (g3@top,b4@mid)"
124,0.619443,0.0128493,0.547468,0.725965,0.339543,17,0.00555556,0.00277778,0.955556,720,b025,0.25,open,"the opening before #4288 (g3@top,b4@mid)"
125,0.622101,0.0127877,0.547655,0.726767,0.339797,17,0.00416667,0.00277778,0.956944,720,b025,0.25,open,"the opening before #4288 (g3@top,b4@mid)"
126,0.624974,0.012687,0.547848,0.729986,0.34367,17,0.00416667,0.00277778,0.959722,720,b025,0.25,open,"the opening before #4288 (g3@top,b4@mid)"
127,0.626745,0.0126776,0.548173,0.72647,0.344853,17,0.00277778,0.00277778,0.959722,720,b025,0.25,open,"the opening before #4288 (g3@top,b4@mid)"
128,0.628513,0.0127,0.548689,0.72783,0.345648,17,0.00277778,0.00277778,0.961111,720,b025,0.25,open,"the opening before #4288 (g3@top,b4@mid)"
129,0.628712,0.0127372,0.549143,0.726472,0.345675,17.5,0,0.00277778,0.961111,720,b025,0.25,open,"the opening before #4288 (g3@top,b4@mid)"
130,0.626823,0.0128154,0.549292,0.720941,0.347829,17.5,0,0.00277778,0.961111,720,b025,0.25,open,"the opening before #4288 (g3@top,b4@mid)"
131,0.627423,0.0128071,0.549501,0.718986,0.349953,17.5,0,0.00277778,0.961111,720,b025,0.25,open,"the opening before #4288 (g3@top,b4@mid)"
132,0.627906,0.0128302,0.549681,0.720073,0.351877,18,0,0.00277778,0.961111,720,b025,0.25,open,"the opening before #4288 (g3@top,b4@mid)"
133,0.629469,0.0127754,0.549974,0.723363,0.354686,18,0,0.00277778,0.961111,720,b025,0.25,open,"the opening before #4288 (g3@top,b4@mid)"
134,0.630169,0.0127897,0.550274,0.718708,0.356595,19,0,0.00277778,0.961111,720,b025,0.25,open,"the opening before #4288 (g3@top,b4@mid)"
135,0.63116,0.0127058,0.550555,0.719996,0.360954,19,0.00277778,0.00277778,0.961111,720,b025,0.25,open,"the opening before #4288 (g3@top,b4@mid)"
136,0.631769,0.0127142,0.550956,0.719104,0.363977,20,0.00277778,0.00277778,0.961111,720,b025,0.25,open,"the opening before #4288 (g3@top,b4@mid)"
137,0.63006,0.0127876,0.551284,0.715974,0.36391,20,0.00277778,0.00277778,0.961111,720,b025,0.25,open,"the opening before #4288 (g3@top,b4@mid)"
138,0.631628,0.0127182,0.55139,0.714776,0.369315,20,0.00416667,0.00277778,0.961111,720,b025,0.25,open,"the opening before #4288 (g3@top,b4@mid)"
139,0.630544,0.012769,0.551531,0.713932,0.37247,20,0.00416667,0.00277778,0.9625,720,b025,0.25,open,"the opening before #4288 (g3@top,b4@mid)"
140,0.630774,0.0128319,0.552155,0.711277,0.373316,20,0.00277778,0.00277778,0.9625,720,b025,0.25,open,"the opening before #4288 (g3@top,b4@mid)"
141,0.633504,0.0127351,0.552279,0.715224,0.377876,21,0.00416667,0.00277778,0.963889,720,b025,0.25,open,"the opening before #4288 (g3@top,b4@mid)"
142,0.633729,0.0127314,0.552656,0.715237,0.376402,20.5,0.00277778,0.00277778,0.963889,720,b025,0.25,open,"the opening before #4288 (g3@top,b4@mid)"
143,0.632022,0.0128224,0.552723,0.708465,0.378558,20.5,0.00277778,0.00277778,0.963889,720,b025,0.25,open,"the opening before #4288 (g3@top,b4@mid)"
144,0.634903,0.0127083,0.553223,0.712657,0.378716,20,0.00277778,0.00277778,0.963889,720,b025,0.25,open,"the opening before #4288 (g3@top,b4@mid)"
145,0.634038,0.0126918,0.553394,0.714377,0.376647,21,0.00138889,0.00277778,0.963889,720,b025,0.25,open,"the opening before #4288 (g3@top,b4@mid)"
146,0.632095,0.0127581,0.553279,0.710651,0.375625,20.5,0.00138889,0.00277778,0.963889,720,b025,0.25,open,"the opening before #4288 (g3@top,b4@mid)"
147,0.634672,0.0126937,0.553959,0.713351,0.376342,20.5,0.00277778,0.00277778,0.965278,720,b025,0.25,open,"the opening before #4288 (g3@top,b4@mid)"
148,0.634862,0.0126608,0.554265,0.712134,0.378541,21,0.00555556,0.00277778,0.965278,720,b025,0.25,open,"the opening before #4288 (g3@top,b4@mid)"
149,0.634524,0.0126858,0.554225,0.712563,0.377524,20,0.00416667,0.00277778,0.965278,720,b025,0.25,open,"the opening before #4288 (g3@top,b4@mid)"
150,0.636101,0.0126198,0.554653,0.715152,0.378625,20,0.00416667,0.00277778,0.965278,720,b025,0.25,open,"the opening before #4288 (g3@top,b4@mid)"
0,0.475329,0.0135966,0.417756,0.544715,0.217356,16,0,0.00833333,0,720,b025,0.25,nowalk,"New on the Hard pick, no atlas walk"
1,0.475329,0.0135966,0.417756,0.544715,0.217356,16,0,0.00833333,0,720,b025,0.25,nowalk,"New on the Hard pick, no atlas walk"
2,0.475329,0.0135966,0.417756,0.544715,0.217356,16,0,0.00833333,0,720,b025,0.25,nowalk,"New on the Hard pick, no atlas walk"
3,0.475329,0.0135966,0.417756,0.544715,0.217356,16,0,0.00833333,0,720,b025,0.25,nowalk,"New on the Hard pick, no atlas walk"
4,0.475329,0.0135966,0.417756,0.544715,0.217356,16,0,0.00833333,0,720,b025,0.25,nowalk,"New on the Hard pick, no atlas walk"
5,0.475329,0.0135966,0.417756,0.544715,0.217356,16,0,0.00833333,0,720,b025,0.25,nowalk,"New on the Hard pick, no atlas walk"
6,0.475329,0.0135966,0.417756,0.544715,0.217356,16,0,0.00833333,0,720,b025,0.25,nowalk,"New on the Hard pick, no atlas walk"
7,0.475329,0.0135966,0.417756,0.544715,0.217356,16,0,0.00833333,0,720,b025,0.25,nowalk,"New on the Hard pick, no atlas walk"
8,0.475329,0.0135966,0.417756,0.544715,0.217356,16,0,0.00833333,0,720,b025,0.25,nowalk,"New on the Hard pick, no atlas walk"
9,0.475329,0.0135966,0.417756,0.544715,0.217356,16,0,0.00833333,0,720,b025,0.25,nowalk,"New on the Hard pick, no atlas walk"
10,0.475329,0.0135966,0.417756,0.544715,0.217356,16,0,0.00833333,0,720,b025,0.25,nowalk,"New on the Hard pick, no atlas walk"
11,0.475329,0.0135966,0.417756,0.544715,0.217356,16,0,0.00833333,0,720,b025,0.25,nowalk,"New on the Hard pick, no atlas walk"
12,0.475329,0.0135966,0.417756,0.544715,0.217356,16,0,0.00833333,0,720,b025,0.25,nowalk,"New on the Hard pick, no atlas walk"
13,0.475329,0.0135966,0.417756,0.544715,0.217356,16,0,0.00833333,0,720,b025,0.25,nowalk,"New on the Hard pick, no atlas walk"
14,0.475329,0.0135966,0.417756,0.544715,0.217356,16,0,0.00833333,0,720,b025,0.25,nowalk,"New on the Hard pick, no atlas walk"
15,0.475329,0.0135966,0.417756,0.544715,0.217356,16,0,0.00833333,0,720,b025,0.25,nowalk,"New on the Hard pick, no atlas walk"
16,0.475329,0.0135966,0.417756,0.544715,0.217356,16,0,0.00833333,0,720,b025,0.25,nowalk,"New on the Hard pick, no atlas walk"
17,0.475329,0.0135966,0.417756,0.544715,0.217356,16,0,0.00833333,0,720,b025,0.25,nowalk,"New on the Hard pick, no atlas walk"
18,0.475329,0.0135966,0.417756,0.544715,0.217356,16,0,0.00833333,0,720,b025,0.25,nowalk,"New on the Hard pick, no atlas walk"
19,0.475329,0.0135966,0.417756,0.544715,0.217356,16,0,0.00833333,0,720,b025,0.25,nowalk,"New on the Hard pick, no atlas walk"
20,0.475329,0.0135966,0.417756,0.544715,0.217356,16,0,0.00833333,0,720,b025,0.25,nowalk,"New on the Hard pick, no atlas walk"
21,0.475329,0.0135966,0.417756,0.544715,0.217356,16,0,0.00833333,0,720,b025,0.25,nowalk,"New on the Hard pick, no atlas walk"
22,0.475329,0.0135966,0.417756,0.544715,0.217356,16,0,0.00833333,0,720,b025,0.25,nowalk,"New on the Hard pick, no atlas walk"
23,0.475245,0.0136004,0.417688,0.54463,0.217275,15.9999,0,0.00833333,0.00138889,720,b025,0.25,nowalk,"New on the Hard pick, no atlas walk"
24,0.451557,0.0132341,0.39743,0.517231,0.261962,16.9974,0.00277778,0.00833333,0.277778,720,b025,0.25,nowalk,"New on the Hard pick, no atlas walk"
25,0.445872,0.0131885,0.395223,0.5113,0.281312,17.9995,0.00555556,0.00833333,0.365278,720,b025,0.25,nowalk,"New on the Hard pick, no atlas walk"
26,0.451194,0.013324,0.397046,0.517166,0.285903,18,0.00416667,0.00833333,0.394444,720,b025,0.25,nowalk,"New on the Hard pick, no atlas walk"
27,0.458057,0.0135126,0.39893,0.522833,0.2847,18,0.00277778,0.00833333,0.416667,720,b025,0.25,nowalk,"New on the Hard pick, no atlas walk"
28,0.471488,0.0137458,0.404541,0.539802,0.2748,16.0022,0.00138889,0.00833333,0.434722,720,b025,0.25,nowalk,"New on the Hard pick, no atlas walk"
29,0.474657,0.0139003,0.407989,0.55504,0.258167,15.0033,0.00138889,0.00833333,0.455556,720,b025,0.25,nowalk,"New on the Hard pick, no atlas walk"
30,0.478329,0.0140111,0.409589,0.565339,0.245235,14.0039,0.00277778,0.00833333,0.469444,720,b025,0.25,nowalk,"New on the Hard pick, no atlas walk"
31,0.479906,0.0140179,0.411637,0.570967,0.233665,14,0.00138889,0.00833333,0.477778,720,b025,0.25,nowalk,"New on the Hard pick, no atlas walk"
32,0.477406,0.0139489,0.413549,0.568533,0.241071,14,0.00138889,0.00833333,0.483333,720,b025,0.25,nowalk,"New on the Hard pick, no atlas walk"
33,0.477681,0.0139597,0.416816,0.576116,0.225902,13.0019,0.00138889,0.00833333,0.488889,720,b025,0.25,nowalk,"New on the Hard pick, no atlas walk"
34,0.476975,0.0139143,0.41888,0.578806,0.216655,13,0.00555556,0.00833333,0.498611,720,b025,0.25,nowalk,"New on the Hard pick, no atlas walk"
35,0.476603,0.0138983,0.42061,0.578975,0.214722,13,0.00416667,0.00833333,0.506944,720,b025,0.25,nowalk,"New on the Hard pick, no atlas walk"
36,0.484405,0.0139664,0.422549,0.583525,0.227845,13.0002,0.00555556,0.00833333,0.518056,720,b025,0.25,nowalk,"New on the Hard pick, no atlas walk"
37,0.489213,0.0140702,0.424441,0.587349,0.233934,13.9973,0.00833333,0.00833333,0.526389,720,b025,0.25,nowalk,"New on the Hard pick, no atlas walk"
38,0.492859,0.0142249,0.425528,0.583595,0.251216,14.0048,0.00972222,0.00833333,0.534722,720,b025,0.25,nowalk,"New on the Hard pick, no atlas walk"
39,0.493907,0.0142962,0.429003,0.587022,0.250314,14,0.0166667,0.00833333,0.545833,720,b025,0.25,nowalk,"New on the Hard pick, no atlas walk"
40,0.497887,0.0142401,0.432832,0.591913,0.250282,14,0.0152778,0.00833333,0.558333,720,b025,0.25,nowalk,"New on the Hard pick, no atlas walk"
41,0.49981,0.0142972,0.435297,0.592565,0.252774,14,0.0180556,0.00833333,0.563889,720,b025,0.25,nowalk,"New on the Hard pick, no atlas walk"
42,0.497401,0.0142329,0.436619,0.594705,0.24518,13.998,0.0180556,0.00833333,0.570833,720,b025,0.25,nowalk,"New on the Hard pick, no atlas walk"
43,0.497264,0.0142627,0.437442,0.595362,0.242147,13.501,0.0194444,0.00833333,0.580556,720,b025,0.25,nowalk,"New on the Hard pick, no atlas walk"
44,0.502724,0.0142449,0.439897,0.597398,0.243428,14,0.0194444,0.00833333,0.590278,720,b025,0.25,nowalk,"New on the Hard pick, no atlas walk"
45,0.50538,0.014306,0.44218,0.597306,0.253529,14,0.0208333,0.00694444,0.601389,720,b025,0.25,nowalk,"New on the Hard pick, no atlas walk"
46,0.506402,0.0142901,0.443564,0.599917,0.252987,14,0.0180556,0.00694444,0.605556,720,b025,0.25,nowalk,"New on the Hard pick, no atlas walk"
47,0.506412,0.0143269,0.443099,0.598532,0.256039,14.0048,0.0236111,0.00694444,0.619444,720,b025,0.25,nowalk,"New on the Hard pick, no atlas walk"
48,0.504816,0.0143113,0.444724,0.597205,0.252743,14.0036,0.0208333,0.00694444,0.622222,720,b025,0.25,nowalk,"New on the Hard pick, no atlas walk"
49,0.505473,0.0142592,0.447627,0.596832,0.255539,15,0.0208333,0.00694444,0.627778,720,b025,0.25,nowalk,"New on the Hard pick, no atlas walk"
50,0.509383,0.0142069,0.44966,0.60088,0.256377,14.9977,0.0166667,0.00694444,0.627778,720,b025,0.25,nowalk,"New on the Hard pick, no atlas walk"
51,0.511988,0.01429,0.452633,0.603452,0.258525,15,0.0180556,0.00694444,0.630556,720,b025,0.25,nowalk,"New on the Hard pick, no atlas walk"
52,0.512669,0.0142476,0.454547,0.604217,0.259143,15,0.0180556,0.00555556,0.634722,720,b025,0.25,nowalk,"New on the Hard pick, no atlas walk"
53,0.517216,0.0142198,0.456363,0.606946,0.264326,15.0014,0.0180556,0.00416667,0.648611,720,b025,0.25,nowalk,"New on the Hard pick, no atlas walk"
54,0.519681,0.0142504,0.457445,0.6091,0.263662,15.0052,0.0222222,0.00416667,0.655556,720,b025,0.25,nowalk,"New on the Hard pick, no atlas walk"
55,0.517104,0.014269,0.459024,0.608434,0.269673,16,0.0277778,0.00416667,0.663889,720,b025,0.25,nowalk,"New on the Hard pick, no atlas walk"
56,0.518326,0.0143182,0.460181,0.606423,0.27132,16,0.0236111,0.00416667,0.672222,720,b025,0.25,nowalk,"New on the Hard pick, no atlas walk"
57,0.523052,0.014394,0.462087,0.614184,0.270998,16,0.0236111,0.00416667,0.677778,720,b025,0.25,nowalk,"New on the Hard pick, no atlas walk"
58,0.525599,0.0142858,0.465288,0.61815,0.273266,16.0009,0.0208333,0.00416667,0.684722,720,b025,0.25,nowalk,"New on the Hard pick, no atlas walk"
59,0.529403,0.0142524,0.470087,0.621108,0.279176,17,0.0263889,0.00416667,0.7,720,b025,0.25,nowalk,"New on the Hard pick, no atlas walk"
60,0.533711,0.0142978,0.472748,0.62416,0.282226,16,0.0263889,0.00416667,0.708333,720,b025,0.25,nowalk,"New on the Hard pick, no atlas walk"
61,0.537249,0.0142687,0.474263,0.627735,0.281989,16,0.0263889,0.00416667,0.7125,720,b025,0.25,nowalk,"New on the Hard pick, no atlas walk"
62,0.534361,0.0142536,0.475287,0.624817,0.28283,17,0.0305556,0.00416667,0.722222,720,b025,0.25,nowalk,"New on the Hard pick, no atlas walk"
63,0.534056,0.0142123,0.476825,0.625786,0.281559,16.9988,0.0333333,0.00416667,0.726389,720,b025,0.25,nowalk,"New on the Hard pick, no atlas walk"
64,0.536193,0.0141504,0.4796,0.628583,0.282668,17,0.0319444,0.00416667,0.731944,720,b025,0.25,nowalk,"New on the Hard pick, no atlas walk"
65,0.539229,0.0140998,0.482266,0.631789,0.282441,16.4995,0.0291667,0.00416667,0.738889,720,b025,0.25,nowalk,"New on the Hard pick, no atlas walk"
66,0.539279,0.0140867,0.484852,0.634267,0.283811,16.4995,0.0277778,0.00416667,0.747222,720,b025,0.25,nowalk,"New on the Hard pick, no atlas walk"
67,0.544992,0.0140687,0.48689,0.639603,0.290433,16.4995,0.0319444,0.00416667,0.754167,720,b025,0.25,nowalk,"New on the Hard pick, no atlas walk"
68,0.547903,0.0141248,0.488637,0.640697,0.295602,17,0.0277778,0.00416667,0.756944,720,b025,0.25,nowalk,"New on the Hard pick, no atlas walk"
69,0.550381,0.0140962,0.490554,0.64717,0.29113,16.9988,0.0208333,0.00416667,0.759722,720,b025,0.25,nowalk,"New on the Hard pick, no atlas walk"
70,0.551088,0.014103,0.491557,0.647585,0.293309,17,0.0208333,0.00416667,0.766667,720,b025,0.25,nowalk,"New on the Hard pick, no atlas walk"
71,0.553955,0.0141165,0.49309,0.649435,0.296775,17,0.0208333,0.00416667,0.770833,720,b025,0.25,nowalk,"New on the Hard pick, no atlas walk"
72,0.555637,0.014068,0.494679,0.650608,0.299555,17,0.0222222,0.00416667,0.776389,720,b025,0.25,nowalk,"New on the Hard pick, no atlas walk"
73,0.559068,0.0139904,0.496498,0.650582,0.302473,18,0.0180556,0.00416667,0.780556,720,b025,0.25,nowalk,"New on the Hard pick, no atlas walk"
74,0.563071,0.0140124,0.497506,0.656227,0.305585,17,0.0208333,0.00416667,0.783333,720,b025,0.25,nowalk,"New on the Hard pick, no atlas walk"
75,0.563727,0.0139742,0.499477,0.659644,0.309407,17.0027,0.0180556,0.00277778,0.790278,720,b025,0.25,nowalk,"New on the Hard pick, no atlas walk"
76,0.565763,0.0139389,0.500853,0.657911,0.313694,18.0015,0.0194444,0.00277778,0.793056,720,b025,0.25,nowalk,"New on the Hard pick, no atlas walk"
77,0.567238,0.013965,0.50163,0.653505,0.317344,20,0.0166667,0.00277778,0.801389,720,b025,0.25,nowalk,"New on the Hard pick, no atlas walk"
78,0.565196,0.0140173,0.502471,0.650336,0.323188,20,0.0180556,0.00277778,0.809722,720,b025,0.25,nowalk,"New on the Hard pick, no atlas walk"
79,0.568617,0.0139699,0.504965,0.652642,0.329748,20,0.0194444,0.00277778,0.818056,720,b025,0.25,nowalk,"New on the Hard pick, no atlas walk"
80,0.573488,0.0139117,0.506824,0.655413,0.333454,21,0.0208333,0.00277778,0.820833,720,b025,0.25,nowalk,"New on the Hard pick, no atlas walk"
81,0.575479,0.0139432,0.508146,0.654849,0.334952,20,0.0222222,0.00277778,0.826389,720,b025,0.25,nowalk,"New on the Hard pick, no atlas walk"
82,0.576614,0.0139525,0.510173,0.655094,0.336052,20,0.0222222,0.00277778,0.831944,720,b025,0.25,nowalk,"New on the Hard pick, no atlas walk"
83,0.579923,0.0138655,0.511531,0.659269,0.335384,20,0.0222222,0.00277778,0.8375,720,b025,0.25,nowalk,"New on the Hard pick, no atlas walk"
84,0.578634,0.0138447,0.512525,0.662558,0.333811,20,0.0277778,0.00277778,0.841667,720,b025,0.25,nowalk,"New on the Hard pick, no atlas walk"
85,0.579903,0.0138587,0.513611,0.664701,0.333316,19.0006,0.0277778,0.00277778,0.844444,720,b025,0.25,nowalk,"New on the Hard pick, no atlas walk"
86,0.585402,0.013816,0.514685,0.66993,0.333179,19,0.025,0.00277778,0.844444,720,b025,0.25,nowalk,"New on the Hard pick, no atlas walk"
87,0.58387,0.0138494,0.515891,0.670902,0.331316,19,0.025,0.00277778,0.85,720,b025,0.25,nowalk,"New on the Hard pick, no atlas walk"
88,0.586352,0.0137981,0.516939,0.672347,0.332486,19,0.0222222,0.00277778,0.858333,720,b025,0.25,nowalk,"New on the Hard pick, no atlas walk"
89,0.587558,0.013742,0.518707,0.674626,0.333608,19,0.0236111,0.00277778,0.8625,720,b025,0.25,nowalk,"New on the Hard pick, no atlas walk"
90,0.590647,0.0136613,0.519737,0.675934,0.3353,19,0.0208333,0.00277778,0.866667,720,b025,0.25,nowalk,"New on the Hard pick, no atlas walk"
91,0.58868,0.013725,0.520422,0.673346,0.33785,19,0.0208333,0.00277778,0.870833,720,b025,0.25,nowalk,"New on the Hard pick, no atlas walk"
92,0.591315,0.0136822,0.521317,0.675548,0.340511,19.0006,0.0166667,0.00277778,0.870833,720,b025,0.25,nowalk,"New on the Hard pick, no atlas walk"
93,0.591184,0.0136791,0.521831,0.673311,0.342612,20,0.0194444,0.00277778,0.872222,720,b025,0.25,nowalk,"New on the Hard pick, no atlas walk"
94,0.594993,0.0135918,0.522676,0.682546,0.342044,19.5006,0.0180556,0.00277778,0.876389,720,b025,0.25,nowalk,"New on the Hard pick, no atlas walk"
95,0.597677,0.0135485,0.523646,0.684487,0.341285,20,0.0152778,0.00277778,0.880556,720,b025,0.25,nowalk,"New on the Hard pick, no atlas walk"
96,0.597475,0.0135347,0.524903,0.681807,0.342857,20,0.0180556,0.00277778,0.884722,720,b025,0.25,nowalk,"New on the Hard pick, no atlas walk"
97,0.598659,0.0135232,0.526419,0.683941,0.343792,20,0.0152778,0.00277778,0.886111,720,b025,0.25,nowalk,"New on the Hard pick, no atlas walk"
98,0.601235,0.0134798,0.527711,0.689109,0.346714,20,0.0180556,0.00277778,0.890278,720,b025,0.25,nowalk,"New on the Hard pick, no atlas walk"
99,0.601111,0.0134769,0.528761,0.684407,0.348581,21,0.0208333,0.00277778,0.893056,720,b025,0.25,nowalk,"New on the Hard pick, no atlas walk"
100,0.601754,0.013495,0.529601,0.685955,0.349032,20,0.0208333,0.00277778,0.894444,720,b025,0.25,nowalk,"New on the Hard pick, no atlas walk"
101,0.600173,0.013483,0.530224,0.687518,0.347756,20,0.0194444,0.00277778,0.894444,720,b025,0.25,nowalk,"New on the Hard pick, no atlas walk"
102,0.604392,0.0134321,0.531067,0.690921,0.348796,20,0.0166667,0.00277778,0.894444,720,b025,0.25,nowalk,"New on the Hard pick, no atlas walk"
103,0.604471,0.0134569,0.531873,0.687145,0.351088,21,0.0194444,0.00277778,0.894444,720,b025,0.25,nowalk,"New on the Hard pick, no atlas walk"
104,0.607778,0.0133803,0.533386,0.691792,0.351372,21,0.0125,0.00277778,0.897222,720,b025,0.25,nowalk,"New on the Hard pick, no atlas walk"
105,0.608747,0.0133575,0.534067,0.692331,0.351947,21,0.0152778,0.00277778,0.9,720,b025,0.25,nowalk,"New on the Hard pick, no atlas walk"
106,0.608499,0.0133528,0.534659,0.691115,0.352563,22,0.0125,0.00277778,0.901389,720,b025,0.25,nowalk,"New on the Hard pick, no atlas walk"
107,0.608183,0.0133835,0.535114,0.692549,0.351541,21.5,0.00972222,0.00277778,0.905556,720,b025,0.25,nowalk,"New on the Hard pick, no atlas walk"
108,0.609726,0.0133439,0.535786,0.692273,0.352516,21,0.0111111,0.00277778,0.906944,720,b025,0.25,nowalk,"New on the Hard pick, no atlas walk"
109,0.609303,0.0133808,0.536692,0.692864,0.353549,21,0.0138889,0.00277778,0.909722,720,b025,0.25,nowalk,"New on the Hard pick, no atlas walk"
110,0.61094,0.0133814,0.537071,0.695241,0.356201,21,0.0152778,0.00277778,0.909722,720,b025,0.25,nowalk,"New on the Hard pick, no atlas walk"
111,0.610599,0.0133919,0.537676,0.691066,0.358368,22,0.0166667,0.00277778,0.9125,720,b025,0.25,nowalk,"New on the Hard pick, no atlas walk"
112,0.611385,0.0133246,0.538104,0.69261,0.36105,22,0.0180556,0.00277778,0.9125,720,b025,0.25,nowalk,"New on the Hard pick, no atlas walk"
113,0.613402,0.0133201,0.539209,0.695096,0.365303,22,0.0180556,0.00277778,0.918056,720,b025,0.25,nowalk,"New on the Hard pick, no atlas walk"
114,0.613812,0.0133563,0.540031,0.693332,0.368132,23,0.0180556,0.00277778,0.919444,720,b025,0.25,nowalk,"New on the Hard pick, no atlas walk"
115,0.614518,0.0133198,0.540584,0.693595,0.369067,23,0.0166667,0.00277778,0.920833,720,b025,0.25,nowalk,"New on the Hard pick, no atlas walk"
116,0.613817,0.0133074,0.541219,0.694071,0.371035,24,0.0152778,0.00277778,0.920833,720,b025,0.25,nowalk,"New on the Hard pick, no atlas walk"
117,0.614725,0.0133002,0.541736,0.691421,0.372377,23.5,0.0111111,0.00277778,0.922222,720,b025,0.25,nowalk,"New on the Hard pick, no atlas walk"
118,0.614402,0.0133,0.542345,0.693523,0.370677,23,0.00972222,0.00277778,0.925,720,b025,0.25,nowalk,"New on the Hard pick, no atlas walk"
119,0.616205,0.0132505,0.543106,0.698101,0.370516,23,0.0111111,0.00277778,0.925,720,b025,0.25,nowalk,"New on the Hard pick, no atlas walk"
120,0.616582,0.0132638,0.543323,0.69697,0.370907,23,0.00972222,0.00277778,0.925,720,b025,0.25,nowalk,"New on the Hard pick, no atlas walk"
121,0.616482,0.0132398,0.543795,0.696272,0.370319,23,0.0125,0.00277778,0.926389,720,b025,0.25,nowalk,"New on the Hard pick, no atlas walk"
122,0.619909,0.0131742,0.544352,0.70178,0.371688,22,0.00972222,0.00277778,0.926389,720,b025,0.25,nowalk,"New on the Hard pick, no atlas walk"
123,0.619481,0.0132067,0.544718,0.700325,0.371933,22,0.00833333,0.00277778,0.926389,720,b025,0.25,nowalk,"New on the Hard pick, no atlas walk"
124,0.620476,0.0131759,0.545181,0.699105,0.374587,24,0.0111111,0.00277778,0.926389,720,b025,0.25,nowalk,"New on the Hard pick, no atlas walk"
125,0.621451,0.0131697,0.5457,0.701284,0.375952,23,0.0125,0.00277778,0.926389,720,b025,0.25,nowalk,"New on the Hard pick, no atlas walk"
126,0.620791,0.0131272,0.545884,0.699516,0.37672,23,0.0138889,0.00277778,0.926389,720,b025,0.25,nowalk,"New on the Hard pick, no atlas walk"
127,0.623712,0.0130789,0.545913,0.700923,0.378407,23,0.00694444,0.00277778,0.926389,720,b025,0.25,nowalk,"New on the Hard pick, no atlas walk"
128,0.623063,0.0130989,0.546741,0.69989,0.378345,24,0.00972222,0.00277778,0.927778,720,b025,0.25,nowalk,"New on the Hard pick, no atlas walk"
129,0.624861,0.0129796,0.547166,0.700687,0.380344,23,0.00694444,0.00277778,0.929167,720,b025,0.25,nowalk,"New on the Hard pick, no atlas walk"
130,0.623101,0.0130345,0.54744,0.694504,0.382913,25,0.00833333,0.00277778,0.929167,720,b025,0.25,nowalk,"New on the Hard pick, no atlas walk"
131,0.625888,0.0129984,0.547647,0.698486,0.382688,25,0.00555556,0.00277778,0.929167,720,b025,0.25,nowalk,"New on the Hard pick, no atlas walk"
132,0.626463,0.0130011,0.547769,0.700042,0.382637,24,0.00555556,0.00277778,0.930556,720,b025,0.25,nowalk,"New on the Hard pick, no atlas walk"
133,0.625409,0.0129921,0.547981,0.697023,0.3842,24,0.00416667,0.00277778,0.931944,720,b025,0.25,nowalk,"New on the Hard pick, no atlas walk"
134,0.625795,0.0129716,0.54805,0.697545,0.385168,24,0.00694444,0.00277778,0.933333,720,b025,0.25,nowalk,"New on the Hard pick, no atlas walk"
135,0.626364,0.0129602,0.548871,0.694813,0.391059,25,0.00833333,0.00277778,0.9375,720,b025,0.25,nowalk,"New on the Hard pick, no atlas walk"
136,0.628141,0.0129323,0.549472,0.698376,0.392468,24,0.00694444,0.00277778,0.940278,720,b025,0.25,nowalk,"New on the Hard pick, no atlas walk"
137,0.628854,0.01291,0.549835,0.700318,0.393876,25,0.00555556,0.00277778,0.943056,720,b025,0.25,nowalk,"New on the Hard pick, no atlas walk"
138,0.628837,0.0128542,0.550333,0.700224,0.399086,26,0.00833333,0.00277778,0.943056,720,b025,0.25,nowalk,"New on the Hard pick, no atlas walk"
139,0.628376,0.0128194,0.550664,0.697114,0.400166,26,0.00416667,0.00277778,0.943056,720,b025,0.25,nowalk,"New on the Hard pick, no atlas walk"
140,0.627073,0.0128313,0.551027,0.695751,0.400862,26,0.00277778,0.00277778,0.943056,720,b025,0.25,nowalk,"New on the Hard pick, no atlas walk"
141,0.629123,0.0128047,0.551432,0.695862,0.405043,27,0.00277778,0.00277778,0.943056,720,b025,0.25,nowalk,"New on the Hard pick, no atlas walk"
142,0.627577,0.0127706,0.552096,0.692469,0.406641,27,0,0.00277778,0.943056,720,b025,0.25,nowalk,"New on the Hard pick, no atlas walk"
143,0.628696,0.0127875,0.552506,0.69507,0.40514,27,0.00416667,0.00277778,0.943056,720,b025,0.25,nowalk,"New on the Hard pick, no atlas walk"
144,0.629572,0.012754,0.552926,0.697775,0.406062,26,0.00277778,0.00277778,0.944444,720,b025,0.25,nowalk,"New on the Hard pick, no atlas walk"
145,0.630699,0.0128141,0.553183,0.696762,0.408322,27,0.00694444,0.00277778,0.947222,720,b025,0.25,nowalk,"New on the Hard pick, no atlas walk"
146,0.631719,0.0127581,0.553263,0.696375,0.410596,27,0.00972222,0.00277778,0.951389,720,b025,0.25,nowalk,"New on the Hard pick, no atlas walk"
147,0.630881,0.0128257,0.553782,0.696063,0.408214,26,0.00972222,0.00277778,0.951389,720,b025,0.25,nowalk,"New on the Hard pick, no atlas walk"
148,0.631383,0.0128089,0.55394,0.695672,0.409506,27,0.00972222,0.00277778,0.951389,720,b025,0.25,nowalk,"New on the Hard pick, no atlas walk"
149,0.633992,0.0126845,0.554352,0.700124,0.409028,26.0005,0.00972222,0.00277778,0.951389,720,b025,0.25,nowalk,"New on the Hard pick, no atlas walk"
150,0.631838,0.012762,0.554855,0.698152,0.407879,27,0.00833333,0.00277778,0.951389,720,b025,0.25,nowalk,"New on the Hard pick, no atlas walk"
0,0.366739,0.011142,0.417756,0.373313,0.433581,48.004,0.0416667,0.00138889,0,720,b1,1,ctl,today's app
1,0.366739,0.011142,0.417756,0.373313,0.433581,48.004,0.0416667,0.00138889,0,720,b1,1,ctl,today's app
2,0.366739,0.011142,0.417756,0.373313,0.433581,48.004,0.0416667,0.00138889,0,720,b1,1,ctl,today's app
3,0.366739,0.011142,0.417756,0.373313,0.433581,48.004,0.0416667,0.00138889,0,720,b1,1,ctl,today's app
4,0.366739,0.011142,0.417756,0.373313,0.433581,48.004,0.0416667,0.00138889,0,720,b1,1,ctl,today's app
5,0.366739,0.011142,0.417756,0.373313,0.433581,48.004,0.0416667,0.00138889,0,720,b1,1,ctl,today's app
6,0.366739,0.011142,0.417756,0.373313,0.433581,48.004,0.0416667,0.00138889,0,720,b1,1,ctl,today's app
7,0.366739,0.011142,0.417756,0.373313,0.433581,48.004,0.0416667,0.00138889,0,720,b1,1,ctl,today's app
8,0.366739,0.011142,0.417756,0.373313,0.433581,48.004,0.0416667,0.00138889,0,720,b1,1,ctl,today's app
9,0.366739,0.011142,0.417756,0.373313,0.433581,48.004,0.0416667,0.00138889,0,720,b1,1,ctl,today's app
10,0.366739,0.011142,0.417756,0.373313,0.433581,48.004,0.0416667,0.00138889,0,720,b1,1,ctl,today's app
11,0.366739,0.011142,0.417756,0.373313,0.433581,48.004,0.0416667,0.00138889,0,720,b1,1,ctl,today's app
12,0.366739,0.011142,0.417756,0.373313,0.433581,48.004,0.0416667,0.00138889,0,720,b1,1,ctl,today's app
13,0.366739,0.011142,0.417756,0.373313,0.433581,48.004,0.0416667,0.00138889,0,720,b1,1,ctl,today's app
14,0.366739,0.011142,0.417756,0.373313,0.433581,48.004,0.0416667,0.00138889,0,720,b1,1,ctl,today's app
15,0.366739,0.011142,0.417756,0.373313,0.433581,48.004,0.0416667,0.00138889,0,720,b1,1,ctl,today's app
16,0.366739,0.011142,0.417756,0.373313,0.433581,48.004,0.0416667,0.00138889,0,720,b1,1,ctl,today's app
17,0.366739,0.011142,0.417756,0.373313,0.433581,48.004,0.0416667,0.00138889,0,720,b1,1,ctl,today's app
18,0.366739,0.011142,0.417756,0.373313,0.433581,48.004,0.0416667,0.00138889,0,720,b1,1,ctl,today's app
19,0.366739,0.011142,0.417756,0.373313,0.433581,48.004,0.0416667,0.00138889,0,720,b1,1,ctl,today's app
20,0.366739,0.011142,0.417756,0.373313,0.433581,48.004,0.0416667,0.00138889,0,720,b1,1,ctl,today's app
21,0.366739,0.011142,0.417756,0.373313,0.433581,48.004,0.0416667,0.00138889,0,720,b1,1,ctl,today's app
22,0.366739,0.011142,0.417756,0.373313,0.433581,48.004,0.0416667,0.00138889,0,720,b1,1,ctl,today's app
23,0.366674,0.0111444,0.417688,0.373298,0.433418,48.0029,0.0416667,0.00138889,0.00138889,720,b1,1,ctl,today's app
24,0.357819,0.0110881,0.39743,0.398969,0.393698,42.9999,0.0319444,0.00138889,0.277778,720,b1,1,ctl,today's app
25,0.357083,0.0112746,0.395223,0.406267,0.390739,41.5028,0.0388889,0.00138889,0.365278,720,b1,1,ctl,today's app
26,0.359236,0.0114083,0.397883,0.411519,0.390362,41,0.0388889,0.00138889,0.394444,720,b1,1,ctl,today's app
27,0.367082,0.0116584,0.399973,0.422579,0.388264,40,0.0361111,0.00138889,0.416667,720,b1,1,ctl,today's app
28,0.373086,0.0118406,0.404964,0.432298,0.387584,40.4981,0.0305556,0.00138889,0.434722,720,b1,1,ctl,today's app
29,0.373794,0.011946,0.408507,0.451147,0.376685,38,0.0263889,0.00138889,0.455556,720,b1,1,ctl,today's app
30,0.377485,0.0120113,0.410136,0.478617,0.359226,34.9979,0.0222222,0.00138889,0.469444,720,b1,1,ctl,today's app
31,0.380345,0.0119998,0.412818,0.484461,0.356386,33.9999,0.0263889,0.00138889,0.477778,720,b1,1,ctl,today's app
32,0.379674,0.0119974,0.414557,0.483644,0.357811,34,0.0263889,0.00138889,0.483333,720,b1,1,ctl,today's app
33,0.381615,0.0120783,0.418349,0.493765,0.35525,33,0.0263889,0.00138889,0.488889,720,b1,1,ctl,today's app
34,0.378382,0.0119217,0.420683,0.498005,0.35171,31.0042,0.0305556,0.00138889,0.498611,720,b1,1,ctl,today's app
35,0.377819,0.0119327,0.422198,0.502457,0.347029,31,0.0305556,0.00138889,0.506944,720,b1,1,ctl,today's app
36,0.386934,0.0121522,0.423786,0.500357,0.359965,33,0.0291667,0.00138889,0.518056,720,b1,1,ctl,today's app
37,0.394833,0.0123288,0.426454,0.494506,0.375065,35,0.0319444,0.00138889,0.526389,720,b1,1,ctl,today's app
38,0.395853,0.0124423,0.427662,0.49464,0.379653,35.5008,0.0333333,0.00138889,0.534722,720,b1,1,ctl,today's app
39,0.398159,0.0125231,0.43126,0.497574,0.386632,35.004,0.0375,0.00138889,0.545833,720,b1,1,ctl,today's app
40,0.400637,0.0125437,0.435386,0.492931,0.392768,36.4999,0.0375,0.00138889,0.558333,720,b1,1,ctl,today's app
41,0.404912,0.0125416,0.437707,0.492118,0.399272,37,0.0388889,0.00138889,0.563889,720,b1,1,ctl,today's app
42,0.405734,0.0125215,0.439647,0.496723,0.395578,36,0.0375,0.00138889,0.570833,720,b1,1,ctl,today's app
43,0.408073,0.0126223,0.440582,0.498522,0.39788,37,0.0416667,0.00138889,0.580556,720,b1,1,ctl,today's app
44,0.410141,0.0126665,0.442314,0.497193,0.403713,37.5,0.0472222,0.00138889,0.590278,720,b1,1,ctl,today's app
45,0.412132,0.0126731,0.443977,0.494289,0.41233,38,0.05,0.00138889,0.601389,720,b1,1,ctl,today's app
46,0.413731,0.0126414,0.446457,0.492212,0.412002,38,0.0486111,0.00138889,0.605556,720,b1,1,ctl,today's app
47,0.415456,0.0127595,0.446057,0.491086,0.421191,39,0.0541667,0.00138889,0.619444,720,b1,1,ctl,today's app
48,0.416515,0.0127613,0.447328,0.493518,0.419784,39,0.0527778,0.00138889,0.622222,720,b1,1,ctl,today's app
49,0.417751,0.0127468,0.449815,0.49415,0.420879,38.5005,0.0527778,0.00138889,0.627778,720,b1,1,ctl,today's app
50,0.421178,0.0128056,0.451632,0.498748,0.421267,40,0.05,0.00138889,0.627778,720,b1,1,ctl,today's app
51,0.423257,0.0128182,0.454225,0.501783,0.420856,38,0.0472222,0.00138889,0.630556,720,b1,1,ctl,today's app
52,0.424093,0.0128107,0.456186,0.504013,0.421622,38,0.05,0.00138889,0.634722,720,b1,1,ctl,today's app
53,0.424489,0.0127918,0.457509,0.506201,0.423811,38.9995,0.0555556,0.00138889,0.648611,720,b1,1,ctl,today's app
54,0.423822,0.0127734,0.459111,0.509066,0.422753,39,0.0583333,0.00138889,0.655556,720,b1,1,ctl,today's app
55,0.426593,0.0128766,0.460129,0.51312,0.432111,39.0009,0.0694444,0.00138889,0.663889,720,b1,1,ctl,today's app
56,0.427523,0.0129181,0.461164,0.51392,0.431693,40,0.0652778,0.00138889,0.672222,720,b1,1,ctl,today's app
57,0.428104,0.0129431,0.463222,0.518246,0.428645,38,0.0611111,0.00138889,0.677778,720,b1,1,ctl,today's app
58,0.429851,0.0128943,0.465405,0.521501,0.431505,39,0.0652778,0.00138889,0.684722,720,b1,1,ctl,today's app
59,0.434361,0.0128717,0.469306,0.522035,0.441313,39,0.0708333,0.00138889,0.7,720,b1,1,ctl,today's app
60,0.436701,0.0128476,0.471671,0.5275,0.437504,39,0.0611111,0.00138889,0.708333,720,b1,1,ctl,today's app
61,0.43782,0.0128311,0.473391,0.528901,0.439134,39,0.0652778,0.00138889,0.7125,720,b1,1,ctl,today's app
62,0.438393,0.012838,0.474948,0.533455,0.440202,38.0019,0.0722222,0.00138889,0.722222,720,b1,1,ctl,today's app
63,0.436039,0.0127034,0.47579,0.5365,0.438019,37.5,0.0805556,0.00138889,0.726389,720,b1,1,ctl,today's app
64,0.43832,0.0127012,0.477906,0.537364,0.438287,39,0.0777778,0.00138889,0.731944,720,b1,1,ctl,today's app
65,0.43912,0.0127016,0.479768,0.544616,0.434583,38,0.0805556,0.00138889,0.738889,720,b1,1,ctl,today's app
66,0.438444,0.0126542,0.481913,0.548154,0.43415,37.5,0.0888889,0.00138889,0.747222,720,b1,1,ctl,today's app
67,0.440038,0.0125957,0.483573,0.549247,0.438345,38,0.0875,0.00138889,0.754167,720,b1,1,ctl,today's app
68,0.438726,0.0126083,0.484834,0.550848,0.43257,37,0.0819444,0.00138889,0.756944,720,b1,1,ctl,today's app
69,0.434992,0.0125212,0.486102,0.553307,0.425982,37,0.0791667,0.00138889,0.759722,720,b1,1,ctl,today's app
70,0.436332,0.0124625,0.486605,0.553614,0.422399,35.5023,0.0763889,0.00138889,0.766667,720,b1,1,ctl,today's app
71,0.437728,0.0125029,0.488003,0.557479,0.425398,36,0.0819444,0.00138889,0.770833,720,b1,1,ctl,today's app
72,0.438657,0.0125347,0.489227,0.558394,0.426558,36.5014,0.075,0.00138889,0.776389,720,b1,1,ctl,today's app
73,0.443652,0.0125922,0.490318,0.560339,0.431105,37,0.0763889,0.00138889,0.780556,720,b1,1,ctl,today's app
74,0.446735,0.012631,0.491469,0.56345,0.434435,36.0024,0.0777778,0.00138889,0.783333,720,b1,1,ctl,today's app
75,0.451183,0.0126687,0.492851,0.558472,0.443078,38.9995,0.0763889,0.00138889,0.790278,720,b1,1,ctl,today's app
76,0.454187,0.0126449,0.494307,0.558435,0.444957,39,0.0736111,0.00138889,0.793056,720,b1,1,ctl,today's app
77,0.456943,0.0127258,0.495294,0.558196,0.450296,39,0.0833333,0.00138889,0.801389,720,b1,1,ctl,today's app
78,0.456351,0.012733,0.496343,0.555265,0.456011,40,0.0875,0.00138889,0.809722,720,b1,1,ctl,today's app
79,0.458484,0.0127632,0.498135,0.553577,0.460065,41,0.0847222,0.00138889,0.818056,720,b1,1,ctl,today's app
80,0.460344,0.0127772,0.499533,0.550032,0.464878,42,0.0847222,0.00138889,0.820833,720,b1,1,ctl,today's app
81,0.461823,0.0127842,0.501797,0.551557,0.470307,41,0.0847222,0.00138889,0.826389,720,b1,1,ctl,today's app
82,0.46326,0.0127487,0.503618,0.55359,0.468492,41,0.0819444,0.00138889,0.831944,720,b1,1,ctl,today's app
83,0.461351,0.0126473,0.50506,0.555138,0.464528,40,0.0805556,0.00138889,0.8375,720,b1,1,ctl,today's app
84,0.463474,0.0126698,0.506455,0.557546,0.471784,41,0.0833333,0.00138889,0.841667,720,b1,1,ctl,today's app
85,0.466304,0.0127058,0.507671,0.557142,0.475659,41,0.0916667,0.00138889,0.844444,720,b1,1,ctl,today's app
86,0.468405,0.012674,0.509092,0.559711,0.473867,41,0.0861111,0.00138889,0.844444,720,b1,1,ctl,today's app
87,0.471411,0.0126843,0.510827,0.562415,0.474772,40,0.0875,0.00138889,0.85,720,b1,1,ctl,today's app
88,0.472555,0.0126605,0.512017,0.565473,0.476791,40,0.0847222,0.00138889,0.858333,720,b1,1,ctl,today's app
89,0.473468,0.0126295,0.513549,0.571519,0.474102,40.4981,0.0805556,0.00138889,0.8625,720,b1,1,ctl,today's app
90,0.475546,0.012632,0.514684,0.568457,0.478615,40,0.0819444,0.00138889,0.866667,720,b1,1,ctl,today's app
91,0.47672,0.0126298,0.51565,0.565174,0.480748,41,0.0805556,0.00138889,0.870833,720,b1,1,ctl,today's app
92,0.479366,0.0126059,0.51694,0.563711,0.482226,41,0.0805556,0.00138889,0.870833,720,b1,1,ctl,today's app
93,0.479488,0.0125777,0.517655,0.563919,0.4805,42,0.0763889,0.00138889,0.872222,720,b1,1,ctl,today's app
94,0.481403,0.0126183,0.518532,0.568798,0.480914,42,0.0722222,0.00138889,0.876389,720,b1,1,ctl,today's app
95,0.484307,0.0126207,0.519796,0.570159,0.485748,42,0.0791667,0.00138889,0.880556,720,b1,1,ctl,today's app
96,0.485727,0.012614,0.521108,0.570538,0.486867,42,0.0777778,0.00138889,0.884722,720,b1,1,ctl,today's app
97,0.488655,0.0125934,0.522503,0.573005,0.490336,42,0.0777778,0.00138889,0.886111,720,b1,1,ctl,today's app
98,0.490127,0.0125754,0.523531,0.573588,0.492546,42,0.0847222,0.00138889,0.890278,720,b1,1,ctl,today's app
99,0.492139,0.0125698,0.524493,0.568929,0.498494,43,0.0833333,0.00138889,0.893056,720,b1,1,ctl,today's app
100,0.49129,0.0126297,0.525051,0.571114,0.496624,42,0.0819444,0.00138889,0.894444,720,b1,1,ctl,today's app
101,0.493883,0.0125811,0.525454,0.572688,0.500522,43,0.0805556,0.00138889,0.894444,720,b1,1,ctl,today's app
102,0.493628,0.0126309,0.526252,0.570335,0.500072,43,0.0805556,0.00138889,0.894444,720,b1,1,ctl,today's app
103,0.495877,0.0125779,0.527663,0.57228,0.501596,43,0.0791667,0.00138889,0.894444,720,b1,1,ctl,today's app
104,0.497336,0.0125534,0.52841,0.571209,0.502978,42,0.0736111,0.00138889,0.897222,720,b1,1,ctl,today's app
105,0.497748,0.0125337,0.529378,0.570561,0.502782,43,0.0791667,0.00138889,0.9,720,b1,1,ctl,today's app
106,0.498764,0.0125104,0.530207,0.570865,0.503282,43,0.0791667,0.00138889,0.901389,720,b1,1,ctl,today's app
107,0.500501,0.0125126,0.530798,0.574677,0.50448,43,0.0791667,0.00138889,0.905556,720,b1,1,ctl,today's app
108,0.501419,0.0124903,0.531839,0.574921,0.504392,43,0.075,0.00138889,0.906944,720,b1,1,ctl,today's app
109,0.501403,0.0124897,0.532973,0.574588,0.508742,43,0.0805556,0.00138889,0.909722,720,b1,1,ctl,today's app
110,0.501707,0.012515,0.533624,0.574018,0.509983,44,0.0819444,0.00138889,0.909722,720,b1,1,ctl,today's app
111,0.502967,0.012524,0.534314,0.572668,0.514073,44,0.0819444,0.00138889,0.9125,720,b1,1,ctl,today's app
112,0.504057,0.0125256,0.53537,0.574024,0.514176,44,0.0805556,0.00138889,0.9125,720,b1,1,ctl,today's app
113,0.504855,0.0125149,0.536466,0.573131,0.515772,44,0.0736111,0.00138889,0.918056,720,b1,1,ctl,today's app
114,0.505239,0.0125036,0.536856,0.571963,0.516763,45,0.0736111,0.00138889,0.919444,720,b1,1,ctl,today's app
115,0.505885,0.0124637,0.537447,0.57056,0.517871,45,0.0791667,0.00138889,0.920833,720,b1,1,ctl,today's app
116,0.506671,0.0124552,0.537672,0.569717,0.520571,45,0.0777778,0.00138889,0.920833,720,b1,1,ctl,today's app
117,0.508145,0.0124014,0.538028,0.566837,0.52513,46,0.0819444,0.00138889,0.922222,720,b1,1,ctl,today's app
118,0.50868,0.0123891,0.538371,0.567274,0.522353,46,0.0736111,0.00138889,0.925,720,b1,1,ctl,today's app
119,0.509757,0.0123818,0.538885,0.567544,0.521221,46,0.0680556,0.00138889,0.925,720,b1,1,ctl,today's app
120,0.510614,0.0123676,0.539309,0.568346,0.521972,46,0.0694444,0.00138889,0.925,720,b1,1,ctl,today's app
121,0.512468,0.0123591,0.539875,0.568871,0.523403,46,0.0708333,0.00138889,0.926389,720,b1,1,ctl,today's app
122,0.51264,0.0123111,0.540068,0.568552,0.523656,46,0.0680556,0.00138889,0.926389,720,b1,1,ctl,today's app
123,0.513355,0.0123157,0.540547,0.569723,0.523548,46,0.0680556,0.00138889,0.926389,720,b1,1,ctl,today's app
124,0.514804,0.0123197,0.54107,0.569648,0.526113,46,0.075,0.00138889,0.926389,720,b1,1,ctl,today's app
125,0.514641,0.0123434,0.541538,0.570189,0.526218,45,0.0708333,0.00138889,0.926389,720,b1,1,ctl,today's app
126,0.513859,0.0123536,0.541788,0.566369,0.528325,46,0.0666667,0.00138889,0.926389,720,b1,1,ctl,today's app
127,0.515182,0.0123221,0.542137,0.564743,0.528207,46,0.0611111,0.00138889,0.926389,720,b1,1,ctl,today's app
128,0.516056,0.012285,0.542187,0.563686,0.529657,46,0.0583333,0.00138889,0.927778,720,b1,1,ctl,today's app
129,0.516012,0.0122544,0.542807,0.564469,0.528561,46,0.0611111,0.00138889,0.929167,720,b1,1,ctl,today's app
130,0.517281,0.0122307,0.543193,0.565902,0.528718,46,0.0569444,0.00138889,0.929167,720,b1,1,ctl,today's app
131,0.517848,0.0122209,0.543751,0.566341,0.529944,46,0.0555556,0.00138889,0.929167,720,b1,1,ctl,today's app
132,0.518624,0.0122079,0.544149,0.566022,0.532884,46,0.0638889,0.00138889,0.930556,720,b1,1,ctl,today's app
133,0.518266,0.0122458,0.544987,0.568273,0.532708,46,0.0694444,0.00138889,0.931944,720,b1,1,ctl,today's app
134,0.520657,0.0122185,0.545409,0.569891,0.534796,46,0.0680556,0.00138889,0.933333,720,b1,1,ctl,today's app
135,0.52169,0.0121429,0.546159,0.567466,0.539385,47,0.0638889,0.00138889,0.9375,720,b1,1,ctl,today's app
136,0.521713,0.0121561,0.546333,0.563919,0.542705,47,0.0625,0.00138889,0.940278,720,b1,1,ctl,today's app
137,0.522388,0.0121121,0.547284,0.563196,0.542663,48,0.0638889,0.00138889,0.943056,720,b1,1,ctl,today's app
138,0.522061,0.0121211,0.547389,0.559657,0.547233,48,0.0638889,0.00138889,0.943056,720,b1,1,ctl,today's app
139,0.522139,0.0121299,0.54792,0.559733,0.547895,48,0.0638889,0.00138889,0.943056,720,b1,1,ctl,today's app
140,0.521984,0.0121516,0.548356,0.556204,0.548028,48,0.0625,0.00138889,0.943056,720,b1,1,ctl,today's app
141,0.520899,0.0121308,0.548822,0.554345,0.550308,49,0.0694444,0.00138889,0.943056,720,b1,1,ctl,today's app
142,0.521097,0.0121338,0.549193,0.552838,0.550838,49,0.0694444,0.00138889,0.943056,720,b1,1,ctl,today's app
143,0.521479,0.0121286,0.549488,0.553291,0.551822,49,0.0708333,0.00138889,0.943056,720,b1,1,ctl,today's app
144,0.52233,0.0121378,0.549999,0.55526,0.551425,48,0.0694444,0.00138889,0.944444,720,b1,1,ctl,today's app
145,0.523177,0.0121412,0.550702,0.558459,0.552359,48,0.0680556,0.00138889,0.947222,720,b1,1,ctl,today's app
146,0.525214,0.0121164,0.550952,0.56102,0.551392,48,0.0638889,0.00138889,0.951389,720,b1,1,ctl,today's app
147,0.52575,0.0120765,0.550914,0.562509,0.552307,48,0.0583333,0.00138889,0.951389,720,b1,1,ctl,today's app
148,0.525603,0.012089,0.551475,0.560448,0.550974,47.5,0.0611111,0.00138889,0.951389,720,b1,1,ctl,today's app
149,0.525847,0.0120909,0.551692,0.561074,0.552919,48,0.0722222,0.00138889,0.951389,720,b1,1,ctl,today's app
150,0.525942,0.0120989,0.551821,0.56345,0.549801,48,0.0680556,0.00138889,0.951389,720,b1,1,ctl,today's app
0,0.366739,0.011142,0.417756,0.373313,0.433581,48.004,0.0416667,0.00138889,0,720,b1,1,open,"the opening before #4288 (g3@top,b4@mid)"
1,0.366739,0.011142,0.417756,0.373313,0.433581,48.004,0.0416667,0.00138889,0,720,b1,1,open,"the opening before #4288 (g3@top,b4@mid)"
2,0.366739,0.011142,0.417756,0.373313,0.433581,48.004,0.0416667,0.00138889,0,720,b1,1,open,"the opening before #4288 (g3@top,b4@mid)"
3,0.366739,0.011142,0.417756,0.373313,0.433581,48.004,0.0416667,0.00138889,0,720,b1,1,open,"the opening before #4288 (g3@top,b4@mid)"
4,0.366739,0.011142,0.417756,0.373313,0.433581,48.004,0.0416667,0.00138889,0,720,b1,1,open,"the opening before #4288 (g3@top,b4@mid)"
5,0.366739,0.011142,0.417756,0.373313,0.433581,48.004,0.0416667,0.00138889,0,720,b1,1,open,"the opening before #4288 (g3@top,b4@mid)"
6,0.366739,0.011142,0.417756,0.373313,0.433581,48.004,0.0416667,0.00138889,0,720,b1,1,open,"the opening before #4288 (g3@top,b4@mid)"
7,0.273067,0.0101229,0.334478,0.366173,0.351269,38,0.127778,0.00138889,0.676389,720,b1,1,open,"the opening before #4288 (g3@top,b4@mid)"
8,0.272606,0.0102769,0.344679,0.428462,0.315681,29,0.104167,0.00138889,0.6875,720,b1,1,open,"the opening before #4288 (g3@top,b4@mid)"
9,0.28581,0.010905,0.350629,0.428374,0.332335,32,0.0958333,0.00138889,0.7,720,b1,1,open,"the opening before #4288 (g3@top,b4@mid)"
10,0.275008,0.0106216,0.361664,0.485768,0.277064,22.9982,0.0638889,0.00138889,0.704167,720,b1,1,open,"the opening before #4288 (g3@top,b4@mid)"
11,0.284185,0.0106399,0.365129,0.487479,0.279746,22,0.0541667,0.00138889,0.7125,720,b1,1,open,"the opening before #4288 (g3@top,b4@mid)"
12,0.285821,0.0107029,0.369346,0.49041,0.279755,22,0.0513889,0.00138889,0.713889,720,b1,1,open,"the opening before #4288 (g3@top,b4@mid)"
13,0.298309,0.0108217,0.373032,0.478833,0.297782,24,0.0486111,0.00138889,0.719444,720,b1,1,open,"the opening before #4288 (g3@top,b4@mid)"
14,0.30483,0.0108624,0.375837,0.465384,0.31837,26.9979,0.0555556,0.00138889,0.722222,720,b1,1,open,"the opening before #4288 (g3@top,b4@mid)"
15,0.311416,0.0109427,0.383956,0.492387,0.304786,26,0.0430556,0.00138889,0.7375,720,b1,1,open,"the opening before #4288 (g3@top,b4@mid)"
16,0.324104,0.0112582,0.388804,0.498931,0.309824,27,0.0361111,0.00138889,0.745833,720,b1,1,open,"the opening before #4288 (g3@top,b4@mid)"
17,0.331654,0.0114095,0.391452,0.499381,0.316667,27,0.0375,0.00138889,0.752778,720,b1,1,open,"the opening before #4288 (g3@top,b4@mid)"
18,0.330078,0.0114016,0.393999,0.509675,0.310766,27,0.0388889,0.00138889,0.758333,720,b1,1,open,"the opening before #4288 (g3@top,b4@mid)"
19,0.333731,0.0115097,0.395302,0.51074,0.314583,27,0.0416667,0.00138889,0.765278,720,b1,1,open,"the opening before #4288 (g3@top,b4@mid)"
20,0.350387,0.0117247,0.403542,0.511554,0.331549,31,0.0402778,0.00138889,0.768056,720,b1,1,open,"the opening before #4288 (g3@top,b4@mid)"
21,0.357705,0.0117041,0.405664,0.511583,0.340661,32,0.0472222,0.00138889,0.775,720,b1,1,open,"the opening before #4288 (g3@top,b4@mid)"
22,0.360401,0.0117696,0.409193,0.515758,0.339639,31.0019,0.0513889,0.00138889,0.780556,720,b1,1,open,"the opening before #4288 (g3@top,b4@mid)"
23,0.358648,0.0116647,0.411158,0.519,0.337357,31,0.0541667,0.00138889,0.784722,720,b1,1,open,"the opening before #4288 (g3@top,b4@mid)"
24,0.361583,0.0116676,0.413026,0.518596,0.339661,31.501,0.0541667,0.00138889,0.7875,720,b1,1,open,"the opening before #4288 (g3@top,b4@mid)"
25,0.366289,0.0116433,0.418269,0.522857,0.345129,32,0.0597222,0.00138889,0.794444,720,b1,1,open,"the opening before #4288 (g3@top,b4@mid)"
26,0.368967,0.0116583,0.421371,0.517885,0.350361,32,0.0555556,0.00138889,0.798611,720,b1,1,open,"the opening before #4288 (g3@top,b4@mid)"
27,0.371389,0.0116773,0.424274,0.520925,0.353472,32,0.0541667,0.00138889,0.804167,720,b1,1,open,"the opening before #4288 (g3@top,b4@mid)"
28,0.376079,0.0117646,0.426071,0.520613,0.35907,33,0.0541667,0.00138889,0.808333,720,b1,1,open,"the opening before #4288 (g3@top,b4@mid)"
29,0.380409,0.0118293,0.428589,0.52515,0.361525,33,0.0513889,0.00138889,0.8125,720,b1,1,open,"the opening before #4288 (g3@top,b4@mid)"
30,0.385367,0.0118897,0.43375,0.5218,0.37501,34,0.0625,0.00138889,0.815278,720,b1,1,open,"the opening before #4288 (g3@top,b4@mid)"
31,0.389903,0.0119941,0.437368,0.527402,0.380192,34,0.0611111,0.00138889,0.826389,720,b1,1,open,"the opening before #4288 (g3@top,b4@mid)"
32,0.391167,0.0119223,0.439656,0.52761,0.384051,35.0007,0.0666667,0.00138889,0.8375,720,b1,1,open,"the opening before #4288 (g3@top,b4@mid)"
33,0.396923,0.0119843,0.441579,0.527227,0.387534,35,0.0625,0.00138889,0.840278,720,b1,1,open,"the opening before #4288 (g3@top,b4@mid)"
34,0.400976,0.0120601,0.444462,0.534585,0.389572,36,0.0611111,0.00138889,0.840278,720,b1,1,open,"the opening before #4288 (g3@top,b4@mid)"
35,0.405114,0.0119893,0.449136,0.537332,0.387774,35,0.0527778,0.00138889,0.841667,720,b1,1,open,"the opening before #4288 (g3@top,b4@mid)"
36,0.410271,0.0120538,0.452965,0.542846,0.386919,35,0.0513889,0.00138889,0.845833,720,b1,1,open,"the opening before #4288 (g3@top,b4@mid)"
37,0.414538,0.0121896,0.456157,0.54385,0.395255,36,0.0569444,0.00138889,0.851389,720,b1,1,open,"the opening before #4288 (g3@top,b4@mid)"
38,0.419905,0.0122585,0.459715,0.550488,0.403223,37,0.0652778,0.00138889,0.854167,720,b1,1,open,"the opening before #4288 (g3@top,b4@mid)"
39,0.424539,0.0123054,0.463053,0.54935,0.406167,37,0.0555556,0.00138889,0.855556,720,b1,1,open,"the opening before #4288 (g3@top,b4@mid)"
40,0.429771,0.0123067,0.466401,0.547455,0.414109,38,0.0583333,0.00138889,0.859722,720,b1,1,open,"the opening before #4288 (g3@top,b4@mid)"
41,0.430758,0.0123922,0.468774,0.554556,0.410128,36,0.0527778,0.00138889,0.861111,720,b1,1,open,"the opening before #4288 (g3@top,b4@mid)"
42,0.434175,0.0123881,0.47135,0.558507,0.413514,36,0.0513889,0.00138889,0.861111,720,b1,1,open,"the opening before #4288 (g3@top,b4@mid)"
43,0.437487,0.012398,0.473983,0.564539,0.414421,36,0.0486111,0.00138889,0.863889,720,b1,1,open,"the opening before #4288 (g3@top,b4@mid)"
44,0.439453,0.012394,0.476152,0.562768,0.419467,37,0.0444444,0.00138889,0.866667,720,b1,1,open,"the opening before #4288 (g3@top,b4@mid)"
45,0.443156,0.0124456,0.478596,0.563377,0.420554,36.5,0.0444444,0.00138889,0.869444,720,b1,1,open,"the opening before #4288 (g3@top,b4@mid)"
46,0.443244,0.0124435,0.480145,0.56499,0.420029,37,0.0458333,0.00138889,0.872222,720,b1,1,open,"the opening before #4288 (g3@top,b4@mid)"
47,0.443732,0.0123801,0.482419,0.56816,0.419479,36.5,0.0402778,0.00138889,0.875,720,b1,1,open,"the opening before #4288 (g3@top,b4@mid)"
48,0.442839,0.0123373,0.483518,0.568348,0.4174,36,0.0430556,0.00138889,0.875,720,b1,1,open,"the opening before #4288 (g3@top,b4@mid)"
49,0.44271,0.0123709,0.485269,0.575422,0.414765,35,0.0430556,0.00138889,0.880556,720,b1,1,open,"the opening before #4288 (g3@top,b4@mid)"
50,0.446223,0.0123609,0.487044,0.571039,0.419548,36,0.0416667,0.00138889,0.883333,720,b1,1,open,"the opening before #4288 (g3@top,b4@mid)"
51,0.447112,0.0122939,0.488053,0.571459,0.426796,37,0.05,0.00138889,0.886111,720,b1,1,open,"the opening before #4288 (g3@top,b4@mid)"
52,0.445094,0.0122625,0.488936,0.573555,0.422915,37,0.0416667,0.00138889,0.886111,720,b1,1,open,"the opening before #4288 (g3@top,b4@mid)"
53,0.445649,0.0124011,0.490346,0.582795,0.423776,36,0.05,0.00138889,0.888889,720,b1,1,open,"the opening before #4288 (g3@top,b4@mid)"
54,0.443985,0.0123466,0.490966,0.587905,0.417832,35,0.0444444,0.00138889,0.888889,720,b1,1,open,"the opening before #4288 (g3@top,b4@mid)"
55,0.444112,0.0124101,0.491801,0.587125,0.421308,35.0007,0.05,0.00138889,0.888889,720,b1,1,open,"the opening before #4288 (g3@top,b4@mid)"
56,0.444912,0.0124153,0.492589,0.593116,0.413055,34,0.0291667,0.00138889,0.890278,720,b1,1,open,"the opening before #4288 (g3@top,b4@mid)"
57,0.447479,0.0123825,0.493851,0.595162,0.416609,34,0.0375,0.00138889,0.891667,720,b1,1,open,"the opening before #4288 (g3@top,b4@mid)"
58,0.448999,0.0123956,0.494903,0.59693,0.417716,34,0.0430556,0.00138889,0.893056,720,b1,1,open,"the opening before #4288 (g3@top,b4@mid)"
59,0.448215,0.0124211,0.496138,0.5963,0.415717,34,0.0375,0.00138889,0.893056,720,b1,1,open,"the opening before #4288 (g3@top,b4@mid)"
60,0.451006,0.0124172,0.496915,0.600974,0.417605,35,0.0416667,0.00138889,0.895833,720,b1,1,open,"the opening before #4288 (g3@top,b4@mid)"
61,0.452897,0.0124433,0.498039,0.596552,0.421096,35,0.0388889,0.00138889,0.895833,720,b1,1,open,"the opening before #4288 (g3@top,b4@mid)"
62,0.453187,0.0123812,0.498768,0.591995,0.422718,35,0.0375,0.00138889,0.897222,720,b1,1,open,"the opening before #4288 (g3@top,b4@mid)"
63,0.450955,0.0123313,0.499088,0.588574,0.422329,35.5023,0.0458333,0.00138889,0.897222,720,b1,1,open,"the opening before #4288 (g3@top,b4@mid)"
64,0.452971,0.0123038,0.500838,0.588183,0.425905,35.5023,0.0472222,0.00138889,0.897222,720,b1,1,open,"the opening before #4288 (g3@top,b4@mid)"
65,0.452417,0.0121942,0.502307,0.596151,0.421113,35,0.0486111,0.00138889,0.902778,720,b1,1,open,"the opening before #4288 (g3@top,b4@mid)"
66,0.448217,0.0121095,0.50307,0.600843,0.412374,33,0.0486111,0.00138889,0.904167,720,b1,1,open,"the opening before #4288 (g3@top,b4@mid)"
67,0.449695,0.0121498,0.504163,0.604038,0.414642,33,0.0486111,0.00138889,0.905556,720,b1,1,open,"the opening before #4288 (g3@top,b4@mid)"
68,0.449215,0.0120563,0.505395,0.606611,0.411505,33,0.0472222,0.00138889,0.906944,720,b1,1,open,"the opening before #4288 (g3@top,b4@mid)"
69,0.450409,0.0120423,0.506396,0.608237,0.411596,33,0.0444444,0.00138889,0.906944,720,b1,1,open,"the opening before #4288 (g3@top,b4@mid)"
70,0.451441,0.0120571,0.508364,0.612952,0.409989,33,0.0402778,0.00138889,0.906944,720,b1,1,open,"the opening before #4288 (g3@top,b4@mid)"
71,0.453706,0.0120626,0.509279,0.614449,0.411074,33,0.0375,0.00138889,0.906944,720,b1,1,open,"the opening before #4288 (g3@top,b4@mid)"
72,0.457102,0.0120575,0.510862,0.614553,0.413096,33,0.0388889,0.00138889,0.908333,720,b1,1,open,"the opening before #4288 (g3@top,b4@mid)"
73,0.458697,0.0121104,0.511621,0.614622,0.41543,33,0.0333333,0.00138889,0.908333,720,b1,1,open,"the opening before #4288 (g3@top,b4@mid)"
74,0.461556,0.0121539,0.512168,0.61501,0.419062,34,0.0319444,0.00138889,0.911111,720,b1,1,open,"the opening before #4288 (g3@top,b4@mid)"
75,0.466866,0.0122013,0.513569,0.616174,0.42465,34,0.0291667,0.00138889,0.911111,720,b1,1,open,"the opening before #4288 (g3@top,b4@mid)"
76,0.468763,0.0121539,0.515604,0.615775,0.429653,34,0.0347222,0.00138889,0.913889,720,b1,1,open,"the opening before #4288 (g3@top,b4@mid)"
77,0.472562,0.0122265,0.517413,0.611951,0.436027,34,0.0277778,0.00138889,0.915278,720,b1,1,open,"the opening before #4288 (g3@top,b4@mid)"
78,0.473839,0.0122421,0.518133,0.609591,0.441384,36,0.0361111,0.00138889,0.916667,720,b1,1,open,"the opening before #4288 (g3@top,b4@mid)"
79,0.477305,0.0122948,0.51888,0.604382,0.449254,36,0.0388889,0.00138889,0.920833,720,b1,1,open,"the opening before #4288 (g3@top,b4@mid)"
80,0.480093,0.0123162,0.520306,0.60244,0.45593,37,0.0402778,0.00138889,0.920833,720,b1,1,open,"the opening before #4288 (g3@top,b4@mid)"
81,0.483047,0.0123029,0.521035,0.600388,0.458844,37.5,0.0416667,0.00138889,0.920833,720,b1,1,open,"the opening before #4288 (g3@top,b4@mid)"
82,0.48311,0.0122497,0.522037,0.597598,0.462028,38,0.0444444,0.00138889,0.923611,720,b1,1,open,"the opening before #4288 (g3@top,b4@mid)"
83,0.481314,0.0122116,0.522939,0.59861,0.457622,38,0.0347222,0.00138889,0.925,720,b1,1,open,"the opening before #4288 (g3@top,b4@mid)"
84,0.482075,0.0122004,0.524072,0.59858,0.45813,38,0.0361111,0.00138889,0.925,720,b1,1,open,"the opening before #4288 (g3@top,b4@mid)"
85,0.484636,0.0122103,0.524763,0.595648,0.462491,38,0.0430556,0.00138889,0.926389,720,b1,1,open,"the opening before #4288 (g3@top,b4@mid)"
86,0.48478,0.0121891,0.525316,0.59827,0.459599,38,0.0347222,0.00138889,0.926389,720,b1,1,open,"the opening before #4288 (g3@top,b4@mid)"
87,0.485602,0.0121699,0.525685,0.593346,0.463688,38,0.0416667,0.00138889,0.927778,720,b1,1,open,"the opening before #4288 (g3@top,b4@mid)"
88,0.487507,0.012173,0.526399,0.595815,0.467231,38.5,0.0430556,0.00138889,0.927778,720,b1,1,open,"the opening before #4288 (g3@top,b4@mid)"
89,0.488344,0.0121813,0.527049,0.594463,0.469333,39,0.0486111,0.00138889,0.927778,720,b1,1,open,"the opening before #4288 (g3@top,b4@mid)"
90,0.490633,0.0121416,0.527703,0.593655,0.47318,40,0.0458333,0.00138889,0.927778,720,b1,1,open,"the opening before #4288 (g3@top,b4@mid)"
91,0.493095,0.0121537,0.528428,0.592246,0.475338,40,0.0472222,0.00138889,0.929167,720,b1,1,open,"the opening before #4288 (g3@top,b4@mid)"
92,0.492666,0.0121798,0.529272,0.592305,0.472404,40,0.0375,0.00138889,0.929167,720,b1,1,open,"the opening before #4288 (g3@top,b4@mid)"
93,0.495276,0.0121826,0.530146,0.593462,0.47577,40,0.0416667,0.00138889,0.929167,720,b1,1,open,"the opening before #4288 (g3@top,b4@mid)"
94,0.498085,0.0121532,0.531475,0.597932,0.478534,41,0.0402778,0.00138889,0.931944,720,b1,1,open,"the opening before #4288 (g3@top,b4@mid)"
95,0.499229,0.0121977,0.53225,0.599867,0.478939,41,0.0402778,0.00138889,0.931944,720,b1,1,open,"the opening before #4288 (g3@top,b4@mid)"
96,0.502468,0.0120997,0.533271,0.601715,0.478173,41,0.0347222,0.00138889,0.931944,720,b1,1,open,"the opening before #4288 (g3@top,b4@mid)"
97,0.502182,0.0121451,0.533381,0.603082,0.476601,41,0.0347222,0.00138889,0.934722,720,b1,1,open,"the opening before #4288 (g3@top,b4@mid)"
98,0.503855,0.0121282,0.533713,0.602138,0.47619,41,0.0319444,0.00138889,0.936111,720,b1,1,open,"the opening before #4288 (g3@top,b4@mid)"
99,0.504189,0.0121025,0.534411,0.599738,0.47794,41,0.0319444,0.00138889,0.936111,720,b1,1,open,"the opening before #4288 (g3@top,b4@mid)"
100,0.504637,0.0121066,0.535059,0.599705,0.479883,41,0.0222222,0.00138889,0.9375,720,b1,1,open,"the opening before #4288 (g3@top,b4@mid)"
101,0.505355,0.012135,0.535844,0.601996,0.481777,41,0.0305556,0.00138889,0.938889,720,b1,1,open,"the opening before #4288 (g3@top,b4@mid)"
102,0.505482,0.0121513,0.536147,0.598662,0.483499,41,0.0361111,0.00138889,0.940278,720,b1,1,open,"the opening before #4288 (g3@top,b4@mid)"
103,0.506713,0.0120929,0.536412,0.598825,0.485426,41,0.0361111,0.00138889,0.940278,720,b1,1,open,"the opening before #4288 (g3@top,b4@mid)"
104,0.508106,0.0121271,0.537108,0.597172,0.490178,41.5,0.0444444,0.00138889,0.940278,720,b1,1,open,"the opening before #4288 (g3@top,b4@mid)"
105,0.508994,0.0121236,0.537755,0.595999,0.491328,42,0.0416667,0.00138889,0.941667,720,b1,1,open,"the opening before #4288 (g3@top,b4@mid)"
106,0.509852,0.0121261,0.538519,0.594825,0.495036,43,0.0375,0.00138889,0.941667,720,b1,1,open,"the opening before #4288 (g3@top,b4@mid)"
107,0.511759,0.0121038,0.538927,0.591298,0.496824,43,0.0375,0.00138889,0.941667,720,b1,1,open,"the opening before #4288 (g3@top,b4@mid)"
108,0.512914,0.0121296,0.539417,0.592525,0.496781,43,0.0361111,0.00138889,0.943056,720,b1,1,open,"the opening before #4288 (g3@top,b4@mid)"
109,0.514279,0.0120816,0.540274,0.587002,0.503161,43,0.0347222,0.00138889,0.944444,720,b1,1,open,"the opening before #4288 (g3@top,b4@mid)"
110,0.515522,0.0120863,0.541071,0.586711,0.504952,43,0.0319444,0.00138889,0.945833,720,b1,1,open,"the opening before #4288 (g3@top,b4@mid)"
111,0.517586,0.0120806,0.541605,0.58744,0.508076,44,0.0277778,0.00138889,0.948611,720,b1,1,open,"the opening before #4288 (g3@top,b4@mid)"
112,0.51708,0.0120845,0.54206,0.586406,0.507765,44,0.0277778,0.00138889,0.948611,720,b1,1,open,"the opening before #4288 (g3@top,b4@mid)"
113,0.517375,0.0121231,0.542559,0.587419,0.507222,44,0.0236111,0.00138889,0.948611,720,b1,1,open,"the opening before #4288 (g3@top,b4@mid)"
114,0.518304,0.0121001,0.54282,0.584929,0.509547,44.5,0.0222222,0.00138889,0.948611,720,b1,1,open,"the opening before #4288 (g3@top,b4@mid)"
115,0.517657,0.0120858,0.543563,0.584944,0.510101,44,0.0277778,0.00138889,0.95,720,b1,1,open,"the opening before #4288 (g3@top,b4@mid)"
116,0.517901,0.0120689,0.544185,0.582155,0.511502,44,0.0319444,0.00138889,0.95,720,b1,1,open,"the opening before #4288 (g3@top,b4@mid)"
117,0.518033,0.0120368,0.544768,0.579483,0.515726,45,0.0305556,0.00138889,0.95,720,b1,1,open,"the opening before #4288 (g3@top,b4@mid)"
118,0.518976,0.0120503,0.545239,0.580179,0.516088,45,0.0305556,0.00138889,0.95,720,b1,1,open,"the opening before #4288 (g3@top,b4@mid)"
119,0.520918,0.0120373,0.545783,0.579903,0.519025,46,0.0361111,0.00138889,0.951389,720,b1,1,open,"the opening before #4288 (g3@top,b4@mid)"
120,0.52122,0.0120326,0.546443,0.578798,0.522485,46,0.0402778,0.00138889,0.952778,720,b1,1,open,"the opening before #4288 (g3@top,b4@mid)"
121,0.522454,0.0120242,0.546658,0.578676,0.525196,46,0.0430556,0.00138889,0.954167,720,b1,1,open,"the opening before #4288 (g3@top,b4@mid)"
122,0.522836,0.0119968,0.547127,0.579276,0.524055,46,0.0388889,0.00138889,0.954167,720,b1,1,open,"the opening before #4288 (g3@top,b4@mid)"
123,0.523167,0.0120124,0.54777,0.579455,0.525235,46,0.0472222,0.00138889,0.954167,720,b1,1,open,"the opening before #4288 (g3@top,b4@mid)"
124,0.522835,0.0120108,0.548378,0.581214,0.523223,46,0.0375,0.00138889,0.955556,720,b1,1,open,"the opening before #4288 (g3@top,b4@mid)"
125,0.523529,0.0119953,0.548753,0.581458,0.523116,45,0.0361111,0.00138889,0.956944,720,b1,1,open,"the opening before #4288 (g3@top,b4@mid)"
126,0.524445,0.0119692,0.54898,0.578884,0.52672,45,0.0375,0.00138889,0.959722,720,b1,1,open,"the opening before #4288 (g3@top,b4@mid)"
127,0.525485,0.0119607,0.549242,0.576847,0.529135,46,0.0347222,0.00138889,0.959722,720,b1,1,open,"the opening before #4288 (g3@top,b4@mid)"
128,0.526071,0.0119762,0.549682,0.574614,0.531609,46,0.0347222,0.00138889,0.961111,720,b1,1,open,"the opening before #4288 (g3@top,b4@mid)"
129,0.526856,0.0119485,0.550015,0.577287,0.530936,46,0.0375,0.00138889,0.961111,720,b1,1,open,"the opening before #4288 (g3@top,b4@mid)"
130,0.528285,0.0119257,0.550509,0.574892,0.534133,46,0.0388889,0.00138889,0.961111,720,b1,1,open,"the opening before #4288 (g3@top,b4@mid)"
131,0.528919,0.0119079,0.550715,0.574134,0.531346,46,0.0319444,0.00138889,0.961111,720,b1,1,open,"the opening before #4288 (g3@top,b4@mid)"
132,0.528872,0.0119226,0.550739,0.573696,0.53326,46.5,0.0388889,0.00138889,0.961111,720,b1,1,open,"the opening before #4288 (g3@top,b4@mid)"
133,0.529141,0.0119237,0.551023,0.571041,0.535445,47,0.0402778,0.00138889,0.961111,720,b1,1,open,"the opening before #4288 (g3@top,b4@mid)"
134,0.529538,0.0119117,0.551201,0.570414,0.535579,47,0.0388889,0.00138889,0.961111,720,b1,1,open,"the opening before #4288 (g3@top,b4@mid)"
135,0.530183,0.0118941,0.551363,0.571707,0.538681,47.5,0.0402778,0.00138889,0.961111,720,b1,1,open,"the opening before #4288 (g3@top,b4@mid)"
136,0.530538,0.0119033,0.551689,0.57135,0.540719,47,0.0444444,0.00138889,0.961111,720,b1,1,open,"the opening before #4288 (g3@top,b4@mid)"
137,0.530699,0.0119114,0.551772,0.569929,0.542523,47,0.0444444,0.00138889,0.961111,720,b1,1,open,"the opening before #4288 (g3@top,b4@mid)"
138,0.530199,0.0118834,0.552201,0.563681,0.547757,48.5,0.0472222,0.00138889,0.961111,720,b1,1,open,"the opening before #4288 (g3@top,b4@mid)"
139,0.529185,0.011913,0.552446,0.560864,0.548921,48,0.0444444,0.00138889,0.9625,720,b1,1,open,"the opening before #4288 (g3@top,b4@mid)"
140,0.529998,0.0118826,0.552678,0.557826,0.549318,48,0.0416667,0.00138889,0.9625,720,b1,1,open,"the opening before #4288 (g3@top,b4@mid)"
141,0.530004,0.0118574,0.55281,0.556176,0.553214,49,0.0430556,0.00138889,0.963889,720,b1,1,open,"the opening before #4288 (g3@top,b4@mid)"
142,0.530403,0.0118468,0.552929,0.554161,0.554621,49,0.0402778,0.00138889,0.963889,720,b1,1,open,"the opening before #4288 (g3@top,b4@mid)"
143,0.530347,0.0118423,0.553032,0.552967,0.554528,49.5,0.0402778,0.00138889,0.963889,720,b1,1,open,"the opening before #4288 (g3@top,b4@mid)"
144,0.530212,0.0118709,0.553518,0.554943,0.554316,49,0.0430556,0.00138889,0.963889,720,b1,1,open,"the opening before #4288 (g3@top,b4@mid)"
145,0.531447,0.0118915,0.553696,0.562715,0.548057,49,0.0388889,0.00138889,0.963889,720,b1,1,open,"the opening before #4288 (g3@top,b4@mid)"
146,0.532217,0.0118523,0.553785,0.566603,0.547602,48,0.0458333,0.00138889,0.963889,720,b1,1,open,"the opening before #4288 (g3@top,b4@mid)"
147,0.532537,0.0118561,0.554259,0.566364,0.548297,48,0.0430556,0.00138889,0.965278,720,b1,1,open,"the opening before #4288 (g3@top,b4@mid)"
148,0.533173,0.0118125,0.554616,0.566349,0.551436,48.5,0.0458333,0.00138889,0.965278,720,b1,1,open,"the opening before #4288 (g3@top,b4@mid)"
149,0.533391,0.0117996,0.554589,0.565725,0.550961,48,0.0430556,0.00138889,0.965278,720,b1,1,open,"the opening before #4288 (g3@top,b4@mid)"
150,0.533249,0.0118099,0.555057,0.56266,0.552674,48,0.0444444,0.00138889,0.965278,720,b1,1,open,"the opening before #4288 (g3@top,b4@mid)"
0,0.366739,0.011142,0.417756,0.373313,0.433581,48.004,0.0416667,0.00138889,0,720,b1,1,nowalk,"New on the Hard pick, no atlas walk"
1,0.366739,0.011142,0.417756,0.373313,0.433581,48.004,0.0416667,0.00138889,0,720,b1,1,nowalk,"New on the Hard pick, no atlas walk"
2,0.366739,0.011142,0.417756,0.373313,0.433581,48.004,0.0416667,0.00138889,0,720,b1,1,nowalk,"New on the Hard pick, no atlas walk"
3,0.366739,0.011142,0.417756,0.373313,0.433581,48.004,0.0416667,0.00138889,0,720,b1,1,nowalk,"New on the Hard pick, no atlas walk"
4,0.366739,0.011142,0.417756,0.373313,0.433581,48.004,0.0416667,0.00138889,0,720,b1,1,nowalk,"New on the Hard pick, no atlas walk"
5,0.366739,0.011142,0.417756,0.373313,0.433581,48.004,0.0416667,0.00138889,0,720,b1,1,nowalk,"New on the Hard pick, no atlas walk"
6,0.366739,0.011142,0.417756,0.373313,0.433581,48.004,0.0416667,0.00138889,0,720,b1,1,nowalk,"New on the Hard pick, no atlas walk"
7,0.366739,0.011142,0.417756,0.373313,0.433581,48.004,0.0416667,0.00138889,0,720,b1,1,nowalk,"New on the Hard pick, no atlas walk"
8,0.366739,0.011142,0.417756,0.373313,0.433581,48.004,0.0416667,0.00138889,0,720,b1,1,nowalk,"New on the Hard pick, no atlas walk"
9,0.366739,0.011142,0.417756,0.373313,0.433581,48.004,0.0416667,0.00138889,0,720,b1,1,nowalk,"New on the Hard pick, no atlas walk"
10,0.366739,0.011142,0.417756,0.373313,0.433581,48.004,0.0416667,0.00138889,0,720,b1,1,nowalk,"New on the Hard pick, no atlas walk"
11,0.366739,0.011142,0.417756,0.373313,0.433581,48.004,0.0416667,0.00138889,0,720,b1,1,nowalk,"New on the Hard pick, no atlas walk"
12,0.366739,0.011142,0.417756,0.373313,0.433581,48.004,0.0416667,0.00138889,0,720,b1,1,nowalk,"New on the Hard pick, no atlas walk"
13,0.366739,0.011142,0.417756,0.373313,0.433581,48.004,0.0416667,0.00138889,0,720,b1,1,nowalk,"New on the Hard pick, no atlas walk"
14,0.366739,0.011142,0.417756,0.373313,0.433581,48.004,0.0416667,0.00138889,0,720,b1,1,nowalk,"New on the Hard pick, no atlas walk"
15,0.366739,0.011142,0.417756,0.373313,0.433581,48.004,0.0416667,0.00138889,0,720,b1,1,nowalk,"New on the Hard pick, no atlas walk"
16,0.366739,0.011142,0.417756,0.373313,0.433581,48.004,0.0416667,0.00138889,0,720,b1,1,nowalk,"New on the Hard pick, no atlas walk"
17,0.366739,0.011142,0.417756,0.373313,0.433581,48.004,0.0416667,0.00138889,0,720,b1,1,nowalk,"New on the Hard pick, no atlas walk"
18,0.366739,0.011142,0.417756,0.373313,0.433581,48.004,0.0416667,0.00138889,0,720,b1,1,nowalk,"New on the Hard pick, no atlas walk"
19,0.366739,0.011142,0.417756,0.373313,0.433581,48.004,0.0416667,0.00138889,0,720,b1,1,nowalk,"New on the Hard pick, no atlas walk"
20,0.366739,0.011142,0.417756,0.373313,0.433581,48.004,0.0416667,0.00138889,0,720,b1,1,nowalk,"New on the Hard pick, no atlas walk"
21,0.366739,0.011142,0.417756,0.373313,0.433581,48.004,0.0416667,0.00138889,0,720,b1,1,nowalk,"New on the Hard pick, no atlas walk"
22,0.366739,0.011142,0.417756,0.373313,0.433581,48.004,0.0416667,0.00138889,0,720,b1,1,nowalk,"New on the Hard pick, no atlas walk"
23,0.366674,0.0111444,0.417688,0.373298,0.433418,48.0029,0.0416667,0.00138889,0.00138889,720,b1,1,nowalk,"New on the Hard pick, no atlas walk"
24,0.357819,0.0110881,0.39743,0.398969,0.393698,42.9999,0.0319444,0.00138889,0.277778,720,b1,1,nowalk,"New on the Hard pick, no atlas walk"
25,0.357083,0.0112746,0.395223,0.406267,0.390739,41.5028,0.0388889,0.00138889,0.365278,720,b1,1,nowalk,"New on the Hard pick, no atlas walk"
26,0.363608,0.0115285,0.397046,0.418412,0.389264,41,0.0361111,0.00138889,0.394444,720,b1,1,nowalk,"New on the Hard pick, no atlas walk"
27,0.370658,0.0117541,0.39893,0.427645,0.3874,40.4981,0.0333333,0.00138889,0.416667,720,b1,1,nowalk,"New on the Hard pick, no atlas walk"
28,0.378014,0.011924,0.404541,0.442392,0.383507,39.499,0.0236111,0.00138889,0.434722,720,b1,1,nowalk,"New on the Hard pick, no atlas walk"
29,0.378033,0.0120659,0.407989,0.461499,0.3717,38,0.0263889,0.00138889,0.455556,720,b1,1,nowalk,"New on the Hard pick, no atlas walk"
30,0.38102,0.0121675,0.409589,0.47857,0.364214,35,0.0208333,0.00138889,0.469444,720,b1,1,nowalk,"New on the Hard pick, no atlas walk"
31,0.382207,0.0121383,0.411637,0.485457,0.35847,34,0.025,0.00138889,0.477778,720,b1,1,nowalk,"New on the Hard pick, no atlas walk"
32,0.381335,0.0121201,0.413549,0.479543,0.363389,34.5013,0.025,0.00138889,0.483333,720,b1,1,nowalk,"New on the Hard pick, no atlas walk"
33,0.383268,0.0121969,0.416816,0.493169,0.358002,33.0019,0.0236111,0.00138889,0.488889,720,b1,1,nowalk,"New on the Hard pick, no atlas walk"
34,0.381527,0.012055,0.41888,0.497791,0.353624,32.9986,0.0291667,0.00138889,0.498611,720,b1,1,nowalk,"New on the Hard pick, no atlas walk"
35,0.385525,0.0121292,0.42061,0.500618,0.355162,33,0.0291667,0.00138889,0.506944,720,b1,1,nowalk,"New on the Hard pick, no atlas walk"
36,0.391423,0.0122429,0.422549,0.499015,0.363133,33.9989,0.0277778,0.00138889,0.518056,720,b1,1,nowalk,"New on the Hard pick, no atlas walk"
37,0.396953,0.0123569,0.424441,0.497527,0.372498,34,0.0305556,0.00138889,0.526389,720,b1,1,nowalk,"New on the Hard pick, no atlas walk"
38,0.399821,0.0125267,0.425528,0.491859,0.383746,35.9985,0.0319444,0.00138889,0.534722,720,b1,1,nowalk,"New on the Hard pick, no atlas walk"
39,0.402149,0.0125675,0.429003,0.49633,0.388439,35.002,0.0347222,0.00138889,0.545833,720,b1,1,nowalk,"New on the Hard pick, no atlas walk"
40,0.403279,0.0125303,0.432832,0.497818,0.38927,35.003,0.0361111,0.00138889,0.558333,720,b1,1,nowalk,"New on the Hard pick, no atlas walk"
41,0.40715,0.0126152,0.435297,0.499314,0.395165,36,0.0388889,0.00138889,0.563889,720,b1,1,nowalk,"New on the Hard pick, no atlas walk"
42,0.407268,0.0126143,0.436619,0.506269,0.389894,35,0.0375,0.00138889,0.570833,720,b1,1,nowalk,"New on the Hard pick, no atlas walk"
43,0.408054,0.0126518,0.437442,0.506527,0.390984,35.003,0.0416667,0.00138889,0.580556,720,b1,1,nowalk,"New on the Hard pick, no atlas walk"
44,0.411903,0.0126333,0.439897,0.506819,0.396095,36,0.0472222,0.00138889,0.590278,720,b1,1,nowalk,"New on the Hard pick, no atlas walk"
45,0.415801,0.0127171,0.44218,0.504621,0.405985,37,0.05,0.00138889,0.601389,720,b1,1,nowalk,"New on the Hard pick, no atlas walk"
46,0.417419,0.0127186,0.443564,0.504599,0.405342,37,0.0472222,0.00138889,0.605556,720,b1,1,nowalk,"New on the Hard pick, no atlas walk"
47,0.415906,0.0127189,0.443099,0.501079,0.412219,37,0.0569444,0.00138889,0.619444,720,b1,1,nowalk,"New on the Hard pick, no atlas walk"
48,0.416001,0.0127127,0.444724,0.502776,0.410599,37,0.0541667,0.00138889,0.622222,720,b1,1,nowalk,"New on the Hard pick, no atlas walk"
49,0.417364,0.0127115,0.447627,0.503715,0.41134,36.999,0.0527778,0.00138889,0.627778,720,b1,1,nowalk,"New on the Hard pick, no atlas walk"
50,0.419638,0.0127306,0.449629,0.506732,0.410476,37,0.0472222,0.00138889,0.627778,720,b1,1,nowalk,"New on the Hard pick, no atlas walk"
51,0.42183,0.0127474,0.452606,0.510645,0.410697,36.999,0.0472222,0.00138889,0.630556,720,b1,1,nowalk,"New on the Hard pick, no atlas walk"
52,0.423447,0.0127844,0.454557,0.511469,0.414189,38,0.05,0.00138889,0.634722,720,b1,1,nowalk,"New on the Hard pick, no atlas walk"
53,0.425141,0.0128174,0.45612,0.512493,0.418112,38,0.0569444,0.00138889,0.648611,720,b1,1,nowalk,"New on the Hard pick, no atlas walk"
54,0.427047,0.0128622,0.457347,0.512459,0.423037,38,0.0597222,0.00138889,0.655556,720,b1,1,nowalk,"New on the Hard pick, no atlas walk"
55,0.42853,0.0128856,0.458913,0.51869,0.428247,38.9995,0.0680556,0.00138889,0.663889,720,b1,1,nowalk,"New on the Hard pick, no atlas walk"
56,0.430259,0.0128886,0.460079,0.517184,0.42914,39,0.0638889,0.00138889,0.672222,720,b1,1,nowalk,"New on the Hard pick, no atlas walk"
57,0.432259,0.0129619,0.461876,0.520787,0.428469,38.9995,0.0611111,0.00138889,0.677778,720,b1,1,nowalk,"New on the Hard pick, no atlas walk"
58,0.435506,0.0129397,0.465119,0.525864,0.432123,39,0.0652778,0.00138889,0.684722,720,b1,1,nowalk,"New on the Hard pick, no atlas walk"
59,0.440952,0.0129576,0.469921,0.527565,0.442982,39,0.0708333,0.00138889,0.7,720,b1,1,nowalk,"New on the Hard pick, no atlas walk"
60,0.443165,0.0129425,0.472401,0.528711,0.442486,39,0.0611111,0.00138889,0.708333,720,b1,1,nowalk,"New on the Hard pick, no atlas walk"
61,0.44546,0.0129367,0.473959,0.530156,0.444735,39.0002,0.0625,0.00138889,0.7125,720,b1,1,nowalk,"New on the Hard pick, no atlas walk"
62,0.445785,0.0129582,0.475052,0.531746,0.447851,40,0.0680556,0.00138889,0.722222,720,b1,1,nowalk,"New on the Hard pick, no atlas walk"
63,0.445411,0.0129115,0.476735,0.528643,0.451229,40,0.0777778,0.00138889,0.726389,720,b1,1,nowalk,"New on the Hard pick, no atlas walk"
64,0.448661,0.0128803,0.479205,0.530416,0.453235,41,0.0763889,0.00138889,0.731944,720,b1,1,nowalk,"New on the Hard pick, no atlas walk"
65,0.450905,0.0128712,0.481811,0.534496,0.452615,40,0.0791667,0.00138889,0.738889,720,b1,1,nowalk,"New on the Hard pick, no atlas walk"
66,0.452167,0.0128515,0.484256,0.533294,0.455419,40,0.0875,0.00138889,0.747222,720,b1,1,nowalk,"New on the Hard pick, no atlas walk"
67,0.455066,0.0128635,0.486228,0.534533,0.461347,40.4981,0.0861111,0.00138889,0.754167,720,b1,1,nowalk,"New on the Hard pick, no atlas walk"
68,0.457938,0.0129356,0.488183,0.532051,0.464536,42,0.0819444,0.00138889,0.756944,720,b1,1,nowalk,"New on the Hard pick, no atlas walk"
69,0.459984,0.012981,0.490029,0.536429,0.462678,41,0.0777778,0.00138889,0.759722,720,b1,1,nowalk,"New on the Hard pick, no atlas walk"
70,0.461505,0.012978,0.491038,0.535898,0.461929,41,0.0736111,0.00138889,0.766667,720,b1,1,nowalk,"New on the Hard pick, no atlas walk"
71,0.463497,0.013029,0.492537,0.536511,0.466056,41,0.0763889,0.00138889,0.770833,720,b1,1,nowalk,"New on the Hard pick, no atlas walk"
72,0.465328,0.01297,0.493916,0.534798,0.468966,42,0.0708333,0.00138889,0.776389,720,b1,1,nowalk,"New on the Hard pick, no atlas walk"
73,0.468356,0.0129386,0.49588,0.534626,0.471854,42.5,0.0680556,0.00138889,0.780556,720,b1,1,nowalk,"New on the Hard pick, no atlas walk"
74,0.470043,0.0129372,0.496701,0.53517,0.475339,43,0.0666667,0.00138889,0.783333,720,b1,1,nowalk,"New on the Hard pick, no atlas walk"
75,0.47285,0.0129597,0.498609,0.537648,0.478641,43,0.0680556,0.00138889,0.790278,720,b1,1,nowalk,"New on the Hard pick, no atlas walk"
76,0.473435,0.0129039,0.500038,0.531243,0.484832,44,0.0694444,0.00138889,0.793056,720,b1,1,nowalk,"New on the Hard pick, no atlas walk"
77,0.474358,0.0129085,0.500844,0.531321,0.487841,44,0.0722222,0.00138889,0.801389,720,b1,1,nowalk,"New on the Hard pick, no atlas walk"
78,0.473034,0.0129383,0.501859,0.526163,0.494182,45,0.0819444,0.00138889,0.809722,720,b1,1,nowalk,"New on the Hard pick, no atlas walk"
79,0.474214,0.0129739,0.50441,0.52094,0.500642,46,0.0791667,0.00138889,0.818056,720,b1,1,nowalk,"New on the Hard pick, no atlas walk"
80,0.477626,0.0129659,0.506319,0.522137,0.50367,46,0.0791667,0.00138889,0.820833,720,b1,1,nowalk,"New on the Hard pick, no atlas walk"
81,0.478791,0.0129683,0.507577,0.526599,0.505643,46,0.0805556,0.00138889,0.826389,720,b1,1,nowalk,"New on the Hard pick, no atlas walk"
82,0.480254,0.0129545,0.509538,0.528335,0.506988,46,0.0777778,0.00138889,0.831944,720,b1,1,nowalk,"New on the Hard pick, no atlas walk"
83,0.481763,0.0129207,0.510918,0.531089,0.506181,45,0.0763889,0.00138889,0.8375,720,b1,1,nowalk,"New on the Hard pick, no atlas walk"
84,0.482398,0.0128661,0.512067,0.534505,0.508593,45,0.0861111,0.00138889,0.841667,720,b1,1,nowalk,"New on the Hard pick, no atlas walk"
85,0.483574,0.0128821,0.51339,0.535614,0.509684,45,0.0875,0.00138889,0.844444,720,b1,1,nowalk,"New on the Hard pick, no atlas walk"
86,0.48624,0.0128592,0.514373,0.536064,0.510343,45,0.0833333,0.00138889,0.844444,720,b1,1,nowalk,"New on the Hard pick, no atlas walk"
87,0.488301,0.0128329,0.515787,0.540207,0.508643,45,0.0805556,0.00138889,0.85,720,b1,1,nowalk,"New on the Hard pick, no atlas walk"
88,0.488938,0.0127947,0.516798,0.540313,0.511873,45,0.0819444,0.00138889,0.858333,720,b1,1,nowalk,"New on the Hard pick, no atlas walk"
89,0.488254,0.0127923,0.518367,0.545012,0.509644,45,0.075,0.00138889,0.8625,720,b1,1,nowalk,"New on the Hard pick, no atlas walk"
90,0.490386,0.0127491,0.519441,0.543252,0.512853,45,0.0777778,0.00138889,0.866667,720,b1,1,nowalk,"New on the Hard pick, no atlas walk"
91,0.490304,0.0127828,0.520064,0.539638,0.513505,45,0.0736111,0.00138889,0.870833,720,b1,1,nowalk,"New on the Hard pick, no atlas walk"
92,0.492426,0.0127196,0.521166,0.539808,0.514721,45,0.0736111,0.00138889,0.870833,720,b1,1,nowalk,"New on the Hard pick, no atlas walk"
93,0.493562,0.0127054,0.521708,0.538897,0.516209,46,0.0722222,0.00138889,0.872222,720,b1,1,nowalk,"New on the Hard pick, no atlas walk"
94,0.494156,0.0126801,0.522712,0.542828,0.515387,46,0.0708333,0.00138889,0.876389,720,b1,1,nowalk,"New on the Hard pick, no atlas walk"
95,0.49588,0.0126804,0.523973,0.543353,0.516179,46,0.0680556,0.00138889,0.880556,720,b1,1,nowalk,"New on the Hard pick, no atlas walk"
96,0.498234,0.0126839,0.525126,0.545456,0.518793,46,0.0763889,0.00138889,0.884722,720,b1,1,nowalk,"New on the Hard pick, no atlas walk"
97,0.499534,0.0126607,0.526575,0.546076,0.521323,46,0.0763889,0.00138889,0.886111,720,b1,1,nowalk,"New on the Hard pick, no atlas walk"
98,0.500779,0.0126156,0.527961,0.549776,0.523241,47,0.075,0.00138889,0.890278,720,b1,1,nowalk,"New on the Hard pick, no atlas walk"
99,0.502861,0.0126152,0.52889,0.546827,0.527676,47,0.0736111,0.00138889,0.893056,720,b1,1,nowalk,"New on the Hard pick, no atlas walk"
100,0.503529,0.0126159,0.529644,0.548415,0.528091,47,0.0763889,0.00138889,0.894444,720,b1,1,nowalk,"New on the Hard pick, no atlas walk"
101,0.504235,0.0126202,0.530197,0.551043,0.52907,47,0.0777778,0.00138889,0.894444,720,b1,1,nowalk,"New on the Hard pick, no atlas walk"
102,0.50503,0.0126171,0.531127,0.552309,0.527893,46,0.0791667,0.00138889,0.894444,720,b1,1,nowalk,"New on the Hard pick, no atlas walk"
103,0.506116,0.012579,0.53183,0.551096,0.529979,46,0.0791667,0.00138889,0.894444,720,b1,1,nowalk,"New on the Hard pick, no atlas walk"
104,0.50738,0.0125377,0.533394,0.551703,0.53062,46,0.0791667,0.00138889,0.897222,720,b1,1,nowalk,"New on the Hard pick, no atlas walk"
105,0.508263,0.0124981,0.533994,0.550097,0.531816,46,0.0805556,0.00138889,0.9,720,b1,1,nowalk,"New on the Hard pick, no atlas walk"
106,0.508473,0.0124936,0.534755,0.551636,0.531437,46,0.0805556,0.00138889,0.901389,720,b1,1,nowalk,"New on the Hard pick, no atlas walk"
107,0.509077,0.0125073,0.535075,0.553199,0.532645,46,0.0777778,0.00138889,0.905556,720,b1,1,nowalk,"New on the Hard pick, no atlas walk"
108,0.510285,0.0124828,0.535656,0.552847,0.531631,46,0.0638889,0.00138889,0.906944,720,b1,1,nowalk,"New on the Hard pick, no atlas walk"
109,0.511412,0.0124779,0.536554,0.55408,0.534892,47,0.0680556,0.00138889,0.909722,720,b1,1,nowalk,"New on the Hard pick, no atlas walk"
110,0.511796,0.0124987,0.536744,0.556227,0.534668,46,0.0708333,0.00138889,0.909722,720,b1,1,nowalk,"New on the Hard pick, no atlas walk"
111,0.511685,0.012494,0.537341,0.553387,0.538007,47,0.0722222,0.00138889,0.9125,720,b1,1,nowalk,"New on the Hard pick, no atlas walk"
112,0.510808,0.0124977,0.537865,0.554897,0.535524,47,0.0708333,0.00138889,0.9125,720,b1,1,nowalk,"New on the Hard pick, no atlas walk"
113,0.511981,0.0124909,0.53889,0.554549,0.53901,47,0.0763889,0.00138889,0.918056,720,b1,1,nowalk,"New on the Hard pick, no atlas walk"
114,0.512253,0.0124894,0.539836,0.554076,0.54,47,0.075,0.00138889,0.919444,720,b1,1,nowalk,"New on the Hard pick, no atlas walk"
115,0.512844,0.0124453,0.540518,0.551754,0.544397,47,0.0763889,0.00138889,0.920833,720,b1,1,nowalk,"New on the Hard pick, no atlas walk"
116,0.514293,0.0124021,0.541171,0.550529,0.54726,48,0.0833333,0.00138889,0.920833,720,b1,1,nowalk,"New on the Hard pick, no atlas walk"
117,0.514606,0.0123913,0.541624,0.545509,0.550344,48,0.0833333,0.00138889,0.922222,720,b1,1,nowalk,"New on the Hard pick, no atlas walk"
118,0.514852,0.0123627,0.542043,0.544615,0.548498,49,0.0736111,0.00138889,0.925,720,b1,1,nowalk,"New on the Hard pick, no atlas walk"
119,0.5158,0.0123498,0.542694,0.546102,0.547914,48,0.0680556,0.00138889,0.925,720,b1,1,nowalk,"New on the Hard pick, no atlas walk"
120,0.514986,0.0123715,0.543,0.545267,0.547447,48.5,0.0763889,0.00138889,0.925,720,b1,1,nowalk,"New on the Hard pick, no atlas walk"
121,0.516264,0.0123289,0.543414,0.545185,0.549732,48,0.0694444,0.00138889,0.926389,720,b1,1,nowalk,"New on the Hard pick, no atlas walk"
122,0.517095,0.0123095,0.543919,0.546316,0.550024,48,0.0652778,0.00138889,0.926389,720,b1,1,nowalk,"New on the Hard pick, no atlas walk"
123,0.517663,0.0123147,0.544463,0.547205,0.550894,48,0.0680556,0.00138889,0.926389,720,b1,1,nowalk,"New on the Hard pick, no atlas walk"
124,0.51768,0.0123003,0.544995,0.546622,0.551435,48,0.075,0.00138889,0.926389,720,b1,1,nowalk,"New on the Hard pick, no atlas walk"
125,0.519165,0.0122686,0.545737,0.548341,0.55188,48,0.0708333,0.00138889,0.926389,720,b1,1,nowalk,"New on the Hard pick, no atlas walk"
126,0.519499,0.0122769,0.54612,0.548675,0.552077,48,0.0638889,0.00138889,0.926389,720,b1,1,nowalk,"New on the Hard pick, no atlas walk"
127,0.520778,0.0122489,0.546199,0.548549,0.550595,48,0.0694444,0.00138889,0.926389,720,b1,1,nowalk,"New on the Hard pick, no atlas walk"
128,0.521418,0.0122592,0.546945,0.550431,0.551298,48,0.0680556,0.00138889,0.927778,720,b1,1,nowalk,"New on the Hard pick, no atlas walk"
129,0.521467,0.0122304,0.547399,0.550166,0.551653,48,0.0652778,0.00138889,0.929167,720,b1,1,nowalk,"New on the Hard pick, no atlas walk"
130,0.521554,0.0122225,0.547632,0.547768,0.554571,48,0.0680556,0.00138889,0.929167,720,b1,1,nowalk,"New on the Hard pick, no atlas walk"
131,0.522168,0.0122237,0.547755,0.548285,0.553289,48,0.0708333,0.00138889,0.929167,720,b1,1,nowalk,"New on the Hard pick, no atlas walk"
132,0.523127,0.0121906,0.54778,0.548598,0.553069,48,0.0625,0.00138889,0.930556,720,b1,1,nowalk,"New on the Hard pick, no atlas walk"
133,0.524268,0.0121667,0.548088,0.549361,0.55544,48,0.0666667,0.00138889,0.931944,720,b1,1,nowalk,"New on the Hard pick, no atlas walk"
134,0.524426,0.0121473,0.548274,0.550049,0.555753,49,0.0625,0.00138889,0.933333,720,b1,1,nowalk,"New on the Hard pick, no atlas walk"
135,0.524573,0.0121582,0.549112,0.546371,0.558628,49,0.0625,0.00138889,0.9375,720,b1,1,nowalk,"New on the Hard pick, no atlas walk"
136,0.525169,0.0121469,0.549767,0.544712,0.561907,49,0.0597222,0.00138889,0.940278,720,b1,1,nowalk,"New on the Hard pick, no atlas walk"
137,0.525629,0.0121109,0.550118,0.544171,0.562872,50,0.0597222,0.00138889,0.943056,720,b1,1,nowalk,"New on the Hard pick, no atlas walk"
138,0.524306,0.0121284,0.550686,0.541547,0.566834,51,0.0708333,0.00138889,0.943056,720,b1,1,nowalk,"New on the Hard pick, no atlas walk"
139,0.524583,0.0121309,0.550929,0.538566,0.569422,51,0.0708333,0.00138889,0.943056,720,b1,1,nowalk,"New on the Hard pick, no atlas walk"
140,0.524035,0.0120776,0.551212,0.537638,0.571024,51,0.0638889,0.00138889,0.943056,720,b1,1,nowalk,"New on the Hard pick, no atlas walk"
141,0.524615,0.012059,0.551492,0.53391,0.575879,51,0.0611111,0.00138889,0.943056,720,b1,1,nowalk,"New on the Hard pick, no atlas walk"
142,0.524227,0.0120321,0.552048,0.531487,0.576645,51,0.0680556,0.00138889,0.943056,720,b1,1,nowalk,"New on the Hard pick, no atlas walk"
143,0.524475,0.0120398,0.552582,0.534773,0.575217,51,0.0625,0.00138889,0.943056,720,b1,1,nowalk,"New on the Hard pick, no atlas walk"
144,0.524026,0.0120721,0.553145,0.536829,0.571219,51,0.0597222,0.00138889,0.944444,720,b1,1,nowalk,"New on the Hard pick, no atlas walk"
145,0.524806,0.0120966,0.553344,0.537738,0.571347,50,0.0708333,0.00138889,0.947222,720,b1,1,nowalk,"New on the Hard pick, no atlas walk"
146,0.525383,0.0120605,0.553357,0.541352,0.572125,50,0.0722222,0.00138889,0.951389,720,b1,1,nowalk,"New on the Hard pick, no atlas walk"
147,0.526746,0.0120602,0.553767,0.542626,0.571573,50,0.0680556,0.00138889,0.951389,720,b1,1,nowalk,"New on the Hard pick, no atlas walk"
148,0.526857,0.0120369,0.554046,0.542665,0.572301,50,0.0708333,0.00138889,0.951389,720,b1,1,nowalk,"New on the Hard pick, no atlas walk"
149,0.526316,0.0120717,0.554313,0.544457,0.569911,49,0.0694444,0.00138889,0.951389,720,b1,1,nowalk,"New on the Hard pick, no atlas walk"
150,0.526774,0.0120434,0.554796,0.545097,0.571134,50,0.0736111,0.00138889,0.951389,720,b1,1,nowalk,"New on the Hard pick, no atlas walk"
0,0.467236,0.0111309,0.417756,0.168161,0.579668,199.001,0.491667,0,0,720,b4,4,ctl,today's app
1,0.467236,0.0111309,0.417756,0.168161,0.579668,199.001,0.491667,0,0,720,b4,4,ctl,today's app
2,0.467236,0.0111309,0.417756,0.168161,0.579668,199.001,0.491667,0,0,720,b4,4,ctl,today's app
3,0.467236,0.0111309,0.417756,0.168161,0.579668,199.001,0.491667,0,0,720,b4,4,ctl,today's app
4,0.467236,0.0111309,0.417756,0.168161,0.579668,199.001,0.491667,0,0,720,b4,4,ctl,today's app
5,0.467236,0.0111309,0.417756,0.168161,0.579668,199.001,0.491667,0,0,720,b4,4,ctl,today's app
6,0.467236,0.0111309,0.417756,0.168161,0.579668,199.001,0.491667,0,0,720,b4,4,ctl,today's app
7,0.467236,0.0111309,0.417756,0.168161,0.579668,199.001,0.491667,0,0,720,b4,4,ctl,today's app
8,0.467236,0.0111309,0.417756,0.168161,0.579668,199.001,0.491667,0,0,720,b4,4,ctl,today's app
9,0.467236,0.0111309,0.417756,0.168161,0.579668,199.001,0.491667,0,0,720,b4,4,ctl,today's app
10,0.467236,0.0111309,0.417756,0.168161,0.579668,199.001,0.491667,0,0,720,b4,4,ctl,today's app
11,0.467236,0.0111309,0.417756,0.168161,0.579668,199.001,0.491667,0,0,720,b4,4,ctl,today's app
12,0.467236,0.0111309,0.417756,0.168161,0.579668,199.001,0.491667,0,0,720,b4,4,ctl,today's app
13,0.467236,0.0111309,0.417756,0.168161,0.579668,199.001,0.491667,0,0,720,b4,4,ctl,today's app
14,0.467236,0.0111309,0.417756,0.168161,0.579668,199.001,0.491667,0,0,720,b4,4,ctl,today's app
15,0.467236,0.0111309,0.417756,0.168161,0.579668,199.001,0.491667,0,0,720,b4,4,ctl,today's app
16,0.467236,0.0111309,0.417756,0.168161,0.579668,199.001,0.491667,0,0,720,b4,4,ctl,today's app
17,0.467236,0.0111309,0.417756,0.168161,0.579668,199.001,0.491667,0,0,720,b4,4,ctl,today's app
18,0.467236,0.0111309,0.417756,0.168161,0.579668,199.001,0.491667,0,0,720,b4,4,ctl,today's app
19,0.467236,0.0111309,0.417756,0.168161,0.579668,199.001,0.491667,0,0,720,b4,4,ctl,today's app
20,0.467236,0.0111309,0.417756,0.168161,0.579668,199.001,0.491667,0,0,720,b4,4,ctl,today's app
21,0.467236,0.0111309,0.417756,0.168161,0.579668,199.001,0.491667,0,0,720,b4,4,ctl,today's app
22,0.467236,0.0111309,0.417756,0.168161,0.579668,199.001,0.491667,0,0,720,b4,4,ctl,today's app
23,0.467153,0.0111337,0.417688,0.168192,0.578688,199.001,0.491667,0,0.00138889,720,b4,4,ctl,today's app
24,0.461227,0.0112164,0.39743,0.241133,0.541471,175.003,0.383333,0,0.277778,720,b4,4,ctl,today's app
25,0.459719,0.0113594,0.395223,0.260644,0.536816,158.001,0.366667,0,0.365278,720,b4,4,ctl,today's app
26,0.462338,0.0114481,0.39772,0.272058,0.534855,155.001,0.347222,0,0.394444,720,b4,4,ctl,today's app
27,0.464664,0.0114793,0.399587,0.281991,0.534861,150.495,0.347222,0,0.416667,720,b4,4,ctl,today's app
28,0.467645,0.0115578,0.40485,0.289732,0.535005,148.998,0.338889,0,0.434722,720,b4,4,ctl,today's app
29,0.465439,0.0115972,0.408422,0.30353,0.528429,132.5,0.316667,0,0.455556,720,b4,4,ctl,today's app
30,0.467287,0.0115655,0.409986,0.316186,0.525474,118.499,0.302778,0,0.469444,720,b4,4,ctl,today's app
31,0.470276,0.0116079,0.412565,0.314616,0.526852,117.498,0.3,0,0.477778,720,b4,4,ctl,today's app
32,0.472162,0.0116777,0.41394,0.314189,0.528957,115.499,0.302778,0,0.483333,720,b4,4,ctl,today's app
33,0.473211,0.0117162,0.417831,0.317044,0.528927,112.499,0.3,0,0.488889,720,b4,4,ctl,today's app
34,0.474513,0.011718,0.42034,0.327954,0.531458,110,0.297222,0,0.498611,720,b4,4,ctl,today's app
35,0.474484,0.0116776,0.422123,0.333192,0.529656,110.001,0.3,0,0.506944,720,b4,4,ctl,today's app
36,0.478268,0.0117439,0.423491,0.327037,0.535175,111.002,0.298611,0,0.518056,720,b4,4,ctl,today's app
37,0.482757,0.0118238,0.426179,0.318908,0.542961,112.5,0.294444,0,0.526389,720,b4,4,ctl,today's app
38,0.482376,0.0118628,0.427496,0.311933,0.545642,112.5,0.301389,0,0.534722,720,b4,4,ctl,today's app
39,0.485727,0.0119736,0.431318,0.313743,0.552004,111,0.294444,0,0.545833,720,b4,4,ctl,today's app
40,0.4872,0.0120073,0.43562,0.310683,0.553828,112,0.295833,0,0.558333,720,b4,4,ctl,today's app
41,0.491265,0.0120821,0.437945,0.310102,0.560538,110.998,0.297222,0,0.563889,720,b4,4,ctl,today's app
42,0.492657,0.0120976,0.439519,0.312243,0.559351,109.503,0.288889,0,0.570833,720,b4,4,ctl,today's app
43,0.493446,0.0121218,0.440056,0.317485,0.562665,110.001,0.297222,0,0.580556,720,b4,4,ctl,today's app
44,0.496055,0.0121068,0.442005,0.316991,0.566406,111,0.304167,0,0.590278,720,b4,4,ctl,today's app
45,0.497361,0.0121286,0.443814,0.315459,0.569595,113.5,0.309722,0,0.601389,720,b4,4,ctl,today's app
46,0.500306,0.0121439,0.446164,0.312892,0.569815,111.002,0.304167,0,0.605556,720,b4,4,ctl,today's app
47,0.500873,0.0122517,0.446152,0.312861,0.578262,113,0.318056,0,0.619444,720,b4,4,ctl,today's app
48,0.501274,0.0122416,0.447501,0.315132,0.577793,113,0.318056,0,0.622222,720,b4,4,ctl,today's app
49,0.503525,0.0122455,0.449733,0.315247,0.578545,111.502,0.316667,0,0.627778,720,b4,4,ctl,today's app
50,0.505259,0.0122544,0.45112,0.318609,0.578665,110.998,0.3125,0,0.627778,720,b4,4,ctl,today's app
51,0.507159,0.0122673,0.453559,0.322112,0.58146,110.499,0.311111,0,0.630556,720,b4,4,ctl,today's app
52,0.506054,0.012246,0.455456,0.329268,0.579901,109.503,0.313889,0,0.634722,720,b4,4,ctl,today's app
53,0.506937,0.0122596,0.456814,0.331457,0.583186,108,0.316667,0,0.648611,720,b4,4,ctl,today's app
54,0.507263,0.012296,0.458576,0.338664,0.585538,108.002,0.318056,0,0.655556,720,b4,4,ctl,today's app
55,0.507813,0.0123213,0.459552,0.340477,0.589675,106.5,0.322222,0,0.663889,720,b4,4,ctl,today's app
56,0.509328,0.0123139,0.460564,0.341522,0.589984,106,0.315278,0,0.672222,720,b4,4,ctl,today's app
57,0.510056,0.0123455,0.462159,0.33951,0.588654,105,0.308333,0,0.677778,720,b4,4,ctl,today's app
58,0.511874,0.0123107,0.464005,0.345824,0.591323,104.003,0.305556,0,0.684722,720,b4,4,ctl,today's app
59,0.516744,0.0122567,0.467617,0.342952,0.603081,105.499,0.309722,0,0.7,720,b4,4,ctl,today's app
60,0.518322,0.0122212,0.469705,0.340666,0.602346,105.499,0.304167,0,0.708333,720,b4,4,ctl,today's app
61,0.519883,0.0122552,0.471149,0.343818,0.60412,106,0.305556,0,0.7125,720,b4,4,ctl,today's app
62,0.521356,0.0122406,0.472649,0.345747,0.609218,105.999,0.313889,0,0.722222,720,b4,4,ctl,today's app
63,0.52233,0.0121763,0.472979,0.348139,0.612877,108.505,0.322222,0,0.726389,720,b4,4,ctl,today's app
64,0.524569,0.0122087,0.475355,0.347902,0.613985,106.501,0.316667,0,0.731944,720,b4,4,ctl,today's app
65,0.52572,0.0121635,0.477159,0.351501,0.613701,103,0.316667,0,0.738889,720,b4,4,ctl,today's app
66,0.526023,0.0121616,0.479653,0.351111,0.612755,103,0.311111,0,0.747222,720,b4,4,ctl,today's app
67,0.527806,0.0121676,0.481104,0.352232,0.617457,103,0.3125,0,0.754167,720,b4,4,ctl,today's app
68,0.529479,0.012158,0.482635,0.353123,0.614659,101.5,0.308333,0,0.756944,720,b4,4,ctl,today's app
69,0.531968,0.0120846,0.484572,0.353891,0.615865,103,0.305556,0,0.759722,720,b4,4,ctl,today's app
70,0.531474,0.0120915,0.485085,0.357266,0.611855,102,0.298611,0,0.766667,720,b4,4,ctl,today's app
71,0.532602,0.0121105,0.486635,0.356946,0.61554,102,0.297222,0,0.770833,720,b4,4,ctl,today's app
72,0.533822,0.0121481,0.487902,0.355687,0.618336,100.002,0.301389,0,0.776389,720,b4,4,ctl,today's app
73,0.538714,0.0120531,0.489305,0.349995,0.625069,100.502,0.316667,0,0.780556,720,b4,4,ctl,today's app
74,0.539288,0.0120817,0.490086,0.347579,0.624911,105,0.308333,0,0.783333,720,b4,4,ctl,today's app
75,0.540005,0.0121077,0.491049,0.340711,0.630258,105.999,0.320833,0,0.790278,720,b4,4,ctl,today's app
76,0.542417,0.0120597,0.492609,0.336574,0.634505,107,0.323611,0,0.793056,720,b4,4,ctl,today's app
77,0.545547,0.0120811,0.493609,0.331554,0.63757,108,0.327778,0,0.801389,720,b4,4,ctl,today's app
78,0.544193,0.0121471,0.494569,0.331994,0.638429,106,0.334722,0,0.809722,720,b4,4,ctl,today's app
79,0.546503,0.0121155,0.496098,0.330479,0.642585,106.5,0.343056,0,0.818056,720,b4,4,ctl,today's app
80,0.548477,0.0121388,0.497973,0.33007,0.643159,107,0.327778,0,0.820833,720,b4,4,ctl,today's app
81,0.549315,0.0121403,0.499643,0.335809,0.644933,107.5,0.329167,0,0.826389,720,b4,4,ctl,today's app
82,0.551306,0.0120657,0.501645,0.339295,0.648628,105.499,0.330556,0,0.831944,720,b4,4,ctl,today's app
83,0.552624,0.0120372,0.502918,0.342238,0.647435,105.999,0.331944,0,0.8375,720,b4,4,ctl,today's app
84,0.555199,0.0120068,0.504301,0.344718,0.652993,109.003,0.331944,0,0.841667,720,b4,4,ctl,today's app
85,0.556051,0.0120248,0.505811,0.344098,0.653931,111.002,0.327778,0,0.844444,720,b4,4,ctl,today's app
86,0.55656,0.012003,0.507377,0.34754,0.653228,106.5,0.330556,0,0.844444,720,b4,4,ctl,today's app
87,0.559387,0.0119504,0.508879,0.345998,0.6537,107.5,0.322222,0,0.85,720,b4,4,ctl,today's app
88,0.561711,0.0118948,0.50946,0.347181,0.65877,107,0.336111,0,0.858333,720,b4,4,ctl,today's app
89,0.561781,0.01188,0.51096,0.350966,0.656075,103.5,0.329167,0,0.8625,720,b4,4,ctl,today's app
90,0.56407,0.0118788,0.511895,0.347854,0.658034,105.999,0.331944,0,0.866667,720,b4,4,ctl,today's app
91,0.56366,0.0119023,0.513014,0.34671,0.659484,105,0.338889,0,0.870833,720,b4,4,ctl,today's app
92,0.566968,0.0118972,0.514347,0.346566,0.662455,102,0.336111,0,0.870833,720,b4,4,ctl,today's app
93,0.568038,0.01186,0.515262,0.347199,0.664905,103,0.3375,0,0.872222,720,b4,4,ctl,today's app
94,0.571135,0.0118262,0.516319,0.348074,0.663323,105,0.330556,0,0.876389,720,b4,4,ctl,today's app
95,0.572138,0.0118058,0.517825,0.347116,0.667457,103,0.338889,0,0.880556,720,b4,4,ctl,today's app
96,0.573434,0.0117733,0.518955,0.349869,0.667992,106,0.331944,0,0.884722,720,b4,4,ctl,today's app
97,0.575482,0.0117897,0.520254,0.349608,0.671733,108,0.330556,0,0.886111,720,b4,4,ctl,today's app
98,0.575273,0.0118068,0.521587,0.353399,0.669768,104.5,0.325,0,0.890278,720,b4,4,ctl,today's app
99,0.57711,0.0117887,0.522632,0.349249,0.676652,107.5,0.336111,0,0.893056,720,b4,4,ctl,today's app
100,0.576868,0.0118044,0.523568,0.348156,0.677131,106,0.334722,0,0.894444,720,b4,4,ctl,today's app
101,0.578283,0.0117786,0.524191,0.348259,0.678174,110.499,0.3375,0,0.894444,720,b4,4,ctl,today's app
102,0.580728,0.0117518,0.525111,0.34564,0.681677,109.5,0.329167,0,0.894444,720,b4,4,ctl,today's app
103,0.581373,0.0117265,0.525798,0.347103,0.682177,110.499,0.326389,0,0.894444,720,b4,4,ctl,today's app
104,0.582546,0.0117238,0.526642,0.34437,0.683276,112,0.333333,0,0.897222,720,b4,4,ctl,today's app
105,0.584723,0.0116625,0.527555,0.345875,0.683541,116,0.333333,0,0.9,720,b4,4,ctl,today's app
106,0.585664,0.0116693,0.528153,0.344843,0.685648,116,0.338889,0,0.901389,720,b4,4,ctl,today's app
107,0.587919,0.0116021,0.52885,0.345224,0.690088,116.5,0.343056,0,0.905556,720,b4,4,ctl,today's app
108,0.589453,0.0115928,0.529605,0.346284,0.689968,115,0.352778,0,0.906944,720,b4,4,ctl,today's app
109,0.590446,0.0115486,0.530419,0.343251,0.692972,116,0.352778,0,0.909722,720,b4,4,ctl,today's app
110,0.589896,0.0115788,0.531322,0.343907,0.692204,118.5,0.352778,0,0.909722,720,b4,4,ctl,today's app
111,0.5902,0.0115715,0.531904,0.344309,0.694978,115,0.354167,0,0.9125,720,b4,4,ctl,today's app
112,0.590907,0.0115379,0.532448,0.346356,0.69588,114.5,0.356944,0,0.9125,720,b4,4,ctl,today's app
113,0.591517,0.0115216,0.533232,0.349389,0.696514,115.5,0.355556,0,0.918056,720,b4,4,ctl,today's app
114,0.591215,0.0115593,0.534055,0.349465,0.696757,115,0.354167,0,0.919444,720,b4,4,ctl,today's app
115,0.59295,0.0115124,0.534784,0.342018,0.70064,121,0.3625,0,0.920833,720,b4,4,ctl,today's app
116,0.59414,0.0114688,0.535567,0.33878,0.70036,123,0.363889,0,0.920833,720,b4,4,ctl,today's app
117,0.595266,0.0114035,0.536319,0.334748,0.70188,125,0.368056,0,0.922222,720,b4,4,ctl,today's app
118,0.595759,0.0113798,0.537087,0.331261,0.702449,124.5,0.370833,0,0.925,720,b4,4,ctl,today's app
119,0.594922,0.0114191,0.537626,0.331259,0.703021,129,0.358333,0,0.925,720,b4,4,ctl,today's app
120,0.596512,0.0114053,0.537995,0.327674,0.701279,129,0.365278,0,0.925,720,b4,4,ctl,today's app
121,0.596645,0.0113404,0.538373,0.327424,0.702656,130,0.359722,0,0.926389,720,b4,4,ctl,today's app
122,0.596451,0.0113567,0.53886,0.323468,0.702685,133.5,0.365278,0,0.926389,720,b4,4,ctl,today's app
123,0.597666,0.0113454,0.539244,0.328253,0.70568,129,0.3625,0,0.926389,720,b4,4,ctl,today's app
124,0.599776,0.0113162,0.539941,0.331175,0.706543,123,0.359722,0,0.926389,720,b4,4,ctl,today's app
125,0.600611,0.0112934,0.540391,0.334951,0.705837,124,0.363889,0,0.926389,720,b4,4,ctl,today's app
126,0.601876,0.0112869,0.540803,0.33634,0.704736,125,0.352778,0,0.926389,720,b4,4,ctl,today's app
127,0.601984,0.0112838,0.541326,0.335816,0.702262,124,0.354167,0,0.926389,720,b4,4,ctl,today's app
128,0.603652,0.0112286,0.54162,0.34121,0.703964,119.5,0.358333,0,0.927778,720,b4,4,ctl,today's app
129,0.604945,0.0112262,0.542321,0.342129,0.702594,123,0.351389,0,0.929167,720,b4,4,ctl,today's app
130,0.604891,0.0112221,0.542648,0.345464,0.701754,116,0.348611,0,0.929167,720,b4,4,ctl,today's app
131,0.605493,0.0112364,0.543037,0.351284,0.701086,116,0.351389,0,0.929167,720,b4,4,ctl,today's app
132,0.606138,0.0112233,0.543418,0.355042,0.701386,116,0.348611,0,0.930556,720,b4,4,ctl,today's app
133,0.606499,0.0112399,0.543636,0.355324,0.702622,119.5,0.358333,0,0.931944,720,b4,4,ctl,today's app
134,0.608054,0.0112076,0.544279,0.355029,0.704371,121,0.361111,0,0.933333,720,b4,4,ctl,today's app
135,0.60925,0.011139,0.545231,0.354999,0.707892,124,0.363889,0,0.9375,720,b4,4,ctl,today's app
136,0.610658,0.0111012,0.545466,0.349533,0.71132,122.5,0.370833,0,0.940278,720,b4,4,ctl,today's app
137,0.611761,0.0110431,0.545998,0.344043,0.715621,132.5,0.380556,0,0.943056,720,b4,4,ctl,today's app
138,0.61218,0.011044,0.546119,0.339408,0.718257,135.5,0.375,0,0.943056,720,b4,4,ctl,today's app
139,0.612131,0.0110199,0.546578,0.334693,0.717092,139,0.376389,0,0.943056,720,b4,4,ctl,today's app
140,0.612223,0.0109949,0.546959,0.333748,0.718299,137,0.384722,0,0.943056,720,b4,4,ctl,today's app
141,0.611516,0.0110103,0.547232,0.33103,0.719538,138,0.391667,0,0.943056,720,b4,4,ctl,today's app
142,0.611096,0.0109682,0.547484,0.325233,0.71705,141.5,0.395833,0,0.943056,720,b4,4,ctl,today's app
143,0.612808,0.0109161,0.54798,0.326092,0.719434,146,0.4,0,0.943056,720,b4,4,ctl,today's app
144,0.61217,0.0109392,0.548482,0.334218,0.71799,139.5,0.394444,0,0.944444,720,b4,4,ctl,today's app
145,0.61275,0.01095,0.548857,0.34171,0.716138,134,0.372222,0,0.947222,720,b4,4,ctl,today's app
146,0.614159,0.0109208,0.549429,0.350156,0.717211,131.5,0.381944,0,0.951389,720,b4,4,ctl,today's app
147,0.613088,0.0109586,0.549679,0.352897,0.714825,132,0.376389,0,0.951389,720,b4,4,ctl,today's app
148,0.614468,0.0109211,0.550083,0.354202,0.716804,126.5,0.377778,0,0.951389,720,b4,4,ctl,today's app
149,0.614192,0.0109562,0.550257,0.356055,0.716412,128.5,0.377778,0,0.951389,720,b4,4,ctl,today's app
150,0.614745,0.0109622,0.550621,0.355762,0.714873,125,0.370833,0,0.951389,720,b4,4,ctl,today's app
0,0.467236,0.0111309,0.417756,0.168161,0.579668,199.001,0.491667,0,0,720,b4,4,open,"the opening before #4288 (g3@top,b4@mid)"
1,0.467236,0.0111309,0.417756,0.168161,0.579668,199.001,0.491667,0,0,720,b4,4,open,"the opening before #4288 (g3@top,b4@mid)"
2,0.467236,0.0111309,0.417756,0.168161,0.579668,199.001,0.491667,0,0,720,b4,4,open,"the opening before #4288 (g3@top,b4@mid)"
3,0.467236,0.0111309,0.417756,0.168161,0.579668,199.001,0.491667,0,0,720,b4,4,open,"the opening before #4288 (g3@top,b4@mid)"
4,0.467236,0.0111309,0.417756,0.168161,0.579668,199.001,0.491667,0,0,720,b4,4,open,"the opening before #4288 (g3@top,b4@mid)"
5,0.467236,0.0111309,0.417756,0.168161,0.579668,199.001,0.491667,0,0,720,b4,4,open,"the opening before #4288 (g3@top,b4@mid)"
6,0.467236,0.0111309,0.417756,0.168161,0.579668,199.001,0.491667,0,0,720,b4,4,open,"the opening before #4288 (g3@top,b4@mid)"
7,0.370057,0.0105557,0.334478,0.262595,0.473999,148.999,0.368056,0,0.676389,720,b4,4,open,"the opening before #4288 (g3@top,b4@mid)"
8,0.372143,0.0108512,0.344679,0.301317,0.458373,107,0.323611,0,0.6875,720,b4,4,open,"the opening before #4288 (g3@top,b4@mid)"
9,0.371318,0.0112159,0.350629,0.310381,0.452013,100.002,0.280556,0,0.7,720,b4,4,open,"the opening before #4288 (g3@top,b4@mid)"
10,0.368577,0.0112845,0.361664,0.353037,0.422577,84.9992,0.241667,0,0.704167,720,b4,4,open,"the opening before #4288 (g3@top,b4@mid)"
11,0.381389,0.0113719,0.365102,0.332847,0.43675,89.9985,0.233333,0,0.7125,720,b4,4,open,"the opening before #4288 (g3@top,b4@mid)"
12,0.386914,0.0113902,0.369304,0.326457,0.44384,92.0025,0.2375,0,0.713889,720,b4,4,open,"the opening before #4288 (g3@top,b4@mid)"
13,0.394991,0.011433,0.372901,0.318208,0.453767,95,0.251389,0,0.719444,720,b4,4,open,"the opening before #4288 (g3@top,b4@mid)"
14,0.403007,0.0114205,0.3757,0.296369,0.469691,105,0.270833,0,0.722222,720,b4,4,open,"the opening before #4288 (g3@top,b4@mid)"
15,0.405017,0.0114298,0.38383,0.315597,0.460327,94.0023,0.2375,0,0.7375,720,b4,4,open,"the opening before #4288 (g3@top,b4@mid)"
16,0.412223,0.0115905,0.388529,0.325175,0.462058,92.5008,0.233333,0,0.745833,720,b4,4,open,"the opening before #4288 (g3@top,b4@mid)"
17,0.414243,0.0116393,0.391211,0.327227,0.463957,89.0016,0.241667,0,0.752778,720,b4,4,open,"the opening before #4288 (g3@top,b4@mid)"
18,0.41404,0.0115817,0.393676,0.342199,0.461833,86.0018,0.234722,0,0.758333,720,b4,4,open,"the opening before #4288 (g3@top,b4@mid)"
19,0.41649,0.0116522,0.395235,0.342229,0.465996,86,0.230556,0,0.765278,720,b4,4,open,"the opening before #4288 (g3@top,b4@mid)"
20,0.430535,0.011644,0.403494,0.345987,0.481347,85.9949,0.248611,0,0.768056,720,b4,4,open,"the opening before #4288 (g3@top,b4@mid)"
21,0.437153,0.011606,0.405554,0.339922,0.491573,87.9998,0.255556,0,0.775,720,b4,4,open,"the opening before #4288 (g3@top,b4@mid)"
22,0.439661,0.0116519,0.40944,0.347571,0.492694,86.0018,0.244444,0,0.780556,720,b4,4,open,"the opening before #4288 (g3@top,b4@mid)"
23,0.441378,0.0116699,0.41121,0.356937,0.494829,85,0.240278,0,0.784722,720,b4,4,open,"the opening before #4288 (g3@top,b4@mid)"
24,0.444484,0.0116441,0.412366,0.354575,0.497054,85,0.247222,0,0.7875,720,b4,4,open,"the opening before #4288 (g3@top,b4@mid)"
25,0.448667,0.0116104,0.417633,0.35529,0.505357,87.9998,0.256944,0,0.794444,720,b4,4,open,"the opening before #4288 (g3@top,b4@mid)"
26,0.452605,0.0115873,0.420766,0.352872,0.510333,88,0.263889,0,0.798611,720,b4,4,open,"the opening before #4288 (g3@top,b4@mid)"
27,0.452568,0.0115868,0.423749,0.357811,0.509631,87.9979,0.266667,0,0.804167,720,b4,4,open,"the opening before #4288 (g3@top,b4@mid)"
28,0.453665,0.0115371,0.425502,0.356602,0.510555,88,0.261111,0,0.808333,720,b4,4,open,"the opening before #4288 (g3@top,b4@mid)"
29,0.456382,0.011625,0.427765,0.359094,0.511203,88,0.255556,0,0.8125,720,b4,4,open,"the opening before #4288 (g3@top,b4@mid)"
30,0.464868,0.011649,0.432937,0.351805,0.530141,91,0.276389,0,0.815278,720,b4,4,open,"the opening before #4288 (g3@top,b4@mid)"
31,0.468258,0.0116853,0.436271,0.351818,0.53899,90.9999,0.290278,0,0.823611,720,b4,4,open,"the opening before #4288 (g3@top,b4@mid)"
32,0.470908,0.0116596,0.438404,0.354122,0.544998,93.0034,0.301389,0,0.833333,720,b4,4,open,"the opening before #4288 (g3@top,b4@mid)"
33,0.475598,0.0116864,0.439978,0.351423,0.550307,93.5026,0.309722,0,0.834722,720,b4,4,open,"the opening before #4288 (g3@top,b4@mid)"
34,0.477804,0.0116399,0.441305,0.352439,0.552288,94,0.318056,0,0.834722,720,b4,4,open,"the opening before #4288 (g3@top,b4@mid)"
35,0.48345,0.011709,0.447137,0.359357,0.554261,93.0001,0.313889,0,0.836111,720,b4,4,open,"the opening before #4288 (g3@top,b4@mid)"
36,0.486581,0.0117015,0.450582,0.359948,0.555197,92,0.306944,0,0.840278,720,b4,4,open,"the opening before #4288 (g3@top,b4@mid)"
37,0.489505,0.0117711,0.453131,0.359929,0.558903,90,0.304167,0,0.841667,720,b4,4,open,"the opening before #4288 (g3@top,b4@mid)"
38,0.493003,0.011774,0.455334,0.356761,0.564898,91,0.302778,0,0.844444,720,b4,4,open,"the opening before #4288 (g3@top,b4@mid)"
39,0.495221,0.0117851,0.456547,0.35603,0.567236,90.5028,0.301389,0,0.845833,720,b4,4,open,"the opening before #4288 (g3@top,b4@mid)"
40,0.500257,0.0118054,0.459796,0.350869,0.576253,91,0.304167,0,0.85,720,b4,4,open,"the opening before #4288 (g3@top,b4@mid)"
41,0.501447,0.0117575,0.462268,0.350651,0.581079,92,0.298611,0,0.855556,720,b4,4,open,"the opening before #4288 (g3@top,b4@mid)"
42,0.507453,0.0117489,0.4643,0.3535,0.584167,93.5026,0.305556,0,0.856944,720,b4,4,open,"the opening before #4288 (g3@top,b4@mid)"
43,0.508024,0.0118924,0.466334,0.357464,0.581199,89,0.290278,0,0.859722,720,b4,4,open,"the opening before #4288 (g3@top,b4@mid)"
44,0.512885,0.0118503,0.467729,0.352011,0.584089,91.002,0.284722,0,0.861111,720,b4,4,open,"the opening before #4288 (g3@top,b4@mid)"
45,0.51614,0.0119184,0.47019,0.353211,0.583272,91,0.279167,0,0.8625,720,b4,4,open,"the opening before #4288 (g3@top,b4@mid)"
46,0.519739,0.0119052,0.472641,0.352967,0.588381,93.5026,0.288889,0,0.863889,720,b4,4,open,"the opening before #4288 (g3@top,b4@mid)"
47,0.522967,0.0118187,0.475812,0.349225,0.591052,94,0.3,0,0.869444,720,b4,4,open,"the opening before #4288 (g3@top,b4@mid)"
48,0.524922,0.0118018,0.477565,0.355018,0.591969,93,0.288889,0,0.869444,720,b4,4,open,"the opening before #4288 (g3@top,b4@mid)"
49,0.528822,0.0117725,0.480067,0.359666,0.591327,92.5,0.273611,0,0.872222,720,b4,4,open,"the opening before #4288 (g3@top,b4@mid)"
50,0.528482,0.0118088,0.482055,0.363579,0.588923,91,0.283333,0,0.875,720,b4,4,open,"the opening before #4288 (g3@top,b4@mid)"
51,0.530545,0.011801,0.483968,0.364146,0.595523,92,0.276389,0,0.879167,720,b4,4,open,"the opening before #4288 (g3@top,b4@mid)"
52,0.530875,0.0117876,0.485718,0.368747,0.593586,89.0016,0.268056,0,0.880556,720,b4,4,open,"the opening before #4288 (g3@top,b4@mid)"
53,0.533093,0.0118308,0.487523,0.368451,0.59395,88,0.252778,0,0.881944,720,b4,4,open,"the opening before #4288 (g3@top,b4@mid)"
54,0.532305,0.0118324,0.488865,0.375861,0.596981,87.0018,0.261111,0,0.883333,720,b4,4,open,"the opening before #4288 (g3@top,b4@mid)"
55,0.532833,0.0118579,0.490211,0.380692,0.595074,85.4977,0.247222,0,0.884722,720,b4,4,open,"the opening before #4288 (g3@top,b4@mid)"
56,0.532666,0.0119124,0.491537,0.391851,0.588642,80.4987,0.233333,0,0.8875,720,b4,4,open,"the opening before #4288 (g3@top,b4@mid)"
57,0.531136,0.011933,0.492395,0.39109,0.587065,81.5,0.230556,0,0.890278,720,b4,4,open,"the opening before #4288 (g3@top,b4@mid)"
58,0.53331,0.0118758,0.494009,0.395298,0.587688,80,0.236111,0,0.891667,720,b4,4,open,"the opening before #4288 (g3@top,b4@mid)"
59,0.535863,0.0118816,0.495218,0.392359,0.586548,82,0.229167,0,0.893056,720,b4,4,open,"the opening before #4288 (g3@top,b4@mid)"
60,0.537561,0.0118788,0.49598,0.393879,0.591123,80.5,0.2375,0,0.895833,720,b4,4,open,"the opening before #4288 (g3@top,b4@mid)"
61,0.539533,0.0118845,0.496908,0.389624,0.592594,83,0.240278,0,0.895833,720,b4,4,open,"the opening before #4288 (g3@top,b4@mid)"
62,0.541379,0.0118484,0.497877,0.383089,0.601174,84,0.255556,0,0.897222,720,b4,4,open,"the opening before #4288 (g3@top,b4@mid)"
63,0.544313,0.0117797,0.499028,0.384172,0.602815,86,0.255556,0,0.898611,720,b4,4,open,"the opening before #4288 (g3@top,b4@mid)"
64,0.546494,0.0116804,0.50029,0.384151,0.606145,87.9982,0.259722,0,0.898611,720,b4,4,open,"the opening before #4288 (g3@top,b4@mid)"
65,0.544134,0.0116628,0.501625,0.39373,0.60545,84.0006,0.243056,0,0.902778,720,b4,4,open,"the opening before #4288 (g3@top,b4@mid)"
66,0.543704,0.0116909,0.502349,0.399499,0.599316,83,0.231944,0,0.904167,720,b4,4,open,"the opening before #4288 (g3@top,b4@mid)"
67,0.54393,0.0117204,0.503199,0.399006,0.597894,83,0.219444,0,0.905556,720,b4,4,open,"the opening before #4288 (g3@top,b4@mid)"
68,0.54676,0.0116744,0.504142,0.398847,0.603164,84,0.238889,0,0.906944,720,b4,4,open,"the opening before #4288 (g3@top,b4@mid)"
69,0.548063,0.0116465,0.504688,0.396513,0.604307,84,0.236111,0,0.906944,720,b4,4,open,"the opening before #4288 (g3@top,b4@mid)"
70,0.547626,0.0116034,0.505542,0.398757,0.602164,84,0.234722,0,0.906944,720,b4,4,open,"the opening before #4288 (g3@top,b4@mid)"
71,0.551247,0.011549,0.506595,0.396976,0.606576,86,0.240278,0,0.906944,720,b4,4,open,"the opening before #4288 (g3@top,b4@mid)"
72,0.552252,0.0115642,0.507551,0.398568,0.60587,87,0.236111,0,0.908333,720,b4,4,open,"the opening before #4288 (g3@top,b4@mid)"
73,0.554027,0.0115198,0.508705,0.394939,0.607467,86.0018,0.234722,0,0.908333,720,b4,4,open,"the opening before #4288 (g3@top,b4@mid)"
74,0.555427,0.0116061,0.50988,0.392721,0.608756,84.0006,0.227778,0,0.911111,720,b4,4,open,"the opening before #4288 (g3@top,b4@mid)"
75,0.554518,0.0116862,0.511359,0.380373,0.605614,88,0.215278,0,0.911111,720,b4,4,open,"the opening before #4288 (g3@top,b4@mid)"
76,0.555802,0.0117272,0.51283,0.367388,0.609061,89,0.218056,0,0.913889,720,b4,4,open,"the opening before #4288 (g3@top,b4@mid)"
77,0.556924,0.0117226,0.51379,0.360959,0.610442,89.4985,0.218056,0,0.913889,720,b4,4,open,"the opening before #4288 (g3@top,b4@mid)"
78,0.559514,0.0116981,0.514708,0.3568,0.617796,92,0.230556,0,0.915278,720,b4,4,open,"the opening before #4288 (g3@top,b4@mid)"
79,0.560745,0.0116983,0.51575,0.355563,0.620711,92.5,0.230556,0,0.920833,720,b4,4,open,"the opening before #4288 (g3@top,b4@mid)"
80,0.56411,0.0116409,0.51689,0.353214,0.625349,96,0.247222,0,0.920833,720,b4,4,open,"the opening before #4288 (g3@top,b4@mid)"
81,0.566311,0.0116299,0.517795,0.352103,0.627181,96,0.248611,0,0.920833,720,b4,4,open,"the opening before #4288 (g3@top,b4@mid)"
82,0.566991,0.0116362,0.518356,0.349678,0.631806,97.5026,0.254167,0,0.923611,720,b4,4,open,"the opening before #4288 (g3@top,b4@mid)"
83,0.568917,0.0115258,0.519478,0.348148,0.634562,103,0.263889,0,0.923611,720,b4,4,open,"the opening before #4288 (g3@top,b4@mid)"
84,0.571034,0.0115005,0.520285,0.349571,0.636726,101.5,0.269444,0,0.923611,720,b4,4,open,"the opening before #4288 (g3@top,b4@mid)"
85,0.572982,0.0115267,0.521575,0.346657,0.64066,101,0.263889,0,0.925,720,b4,4,open,"the opening before #4288 (g3@top,b4@mid)"
86,0.573703,0.011512,0.522558,0.345738,0.641513,102.503,0.263889,0,0.926389,720,b4,4,open,"the opening before #4288 (g3@top,b4@mid)"
87,0.576416,0.0114529,0.523267,0.344046,0.648041,106,0.290278,0,0.929167,720,b4,4,open,"the opening before #4288 (g3@top,b4@mid)"
88,0.576319,0.0114526,0.524069,0.34486,0.6469,103,0.281944,0,0.929167,720,b4,4,open,"the opening before #4288 (g3@top,b4@mid)"
89,0.577684,0.0114604,0.524577,0.34484,0.648665,102,0.290278,0,0.929167,720,b4,4,open,"the opening before #4288 (g3@top,b4@mid)"
90,0.577851,0.0114426,0.525559,0.346547,0.646157,102,0.284722,0,0.929167,720,b4,4,open,"the opening before #4288 (g3@top,b4@mid)"
91,0.581132,0.0113922,0.526556,0.341606,0.652789,106,0.288889,0,0.930556,720,b4,4,open,"the opening before #4288 (g3@top,b4@mid)"
92,0.580985,0.0113898,0.526942,0.340767,0.653572,104,0.284722,0,0.930556,720,b4,4,open,"the opening before #4288 (g3@top,b4@mid)"
93,0.583278,0.0113201,0.527519,0.341861,0.658118,107,0.2875,0,0.930556,720,b4,4,open,"the opening before #4288 (g3@top,b4@mid)"
94,0.583865,0.0113644,0.528283,0.347469,0.658075,106,0.2875,0,0.933333,720,b4,4,open,"the opening before #4288 (g3@top,b4@mid)"
95,0.584644,0.0113337,0.52917,0.349528,0.658769,106,0.280556,0,0.933333,720,b4,4,open,"the opening before #4288 (g3@top,b4@mid)"
96,0.58658,0.0113233,0.529766,0.347703,0.66001,104,0.281944,0,0.933333,720,b4,4,open,"the opening before #4288 (g3@top,b4@mid)"
97,0.58694,0.0113735,0.530628,0.345167,0.660329,103.5,0.2875,0,0.934722,720,b4,4,open,"the opening before #4288 (g3@top,b4@mid)"
98,0.590859,0.0112443,0.531019,0.343792,0.663769,106.5,0.294444,0,0.936111,720,b4,4,open,"the opening before #4288 (g3@top,b4@mid)"
99,0.593381,0.0112365,0.531612,0.344107,0.667206,108,0.295833,0,0.9375,720,b4,4,open,"the opening before #4288 (g3@top,b4@mid)"
100,0.594675,0.0111944,0.532536,0.345588,0.669659,110.998,0.295833,0,0.938889,720,b4,4,open,"the opening before #4288 (g3@top,b4@mid)"
101,0.597005,0.0111568,0.533105,0.345228,0.67455,113,0.298611,0,0.940278,720,b4,4,open,"the opening before #4288 (g3@top,b4@mid)"
102,0.596603,0.011149,0.533895,0.349391,0.673789,110,0.297222,0,0.941667,720,b4,4,open,"the opening before #4288 (g3@top,b4@mid)"
103,0.596748,0.011178,0.534064,0.347654,0.672583,111.502,0.291667,0,0.941667,720,b4,4,open,"the opening before #4288 (g3@top,b4@mid)"
104,0.597439,0.0111576,0.53443,0.34456,0.676123,113,0.294444,0,0.941667,720,b4,4,open,"the opening before #4288 (g3@top,b4@mid)"
105,0.59759,0.0111533,0.534875,0.344967,0.677061,112,0.302778,0,0.943056,720,b4,4,open,"the opening before #4288 (g3@top,b4@mid)"
106,0.598544,0.0111403,0.535396,0.342784,0.679836,111.502,0.304167,0,0.943056,720,b4,4,open,"the opening before #4288 (g3@top,b4@mid)"
107,0.599033,0.0111726,0.536171,0.342668,0.680385,113,0.301389,0,0.944444,720,b4,4,open,"the opening before #4288 (g3@top,b4@mid)"
108,0.601131,0.0111001,0.536663,0.34298,0.68401,117.5,0.316667,0,0.944444,720,b4,4,open,"the opening before #4288 (g3@top,b4@mid)"
109,0.6015,0.0110915,0.537051,0.340458,0.683607,118,0.309722,0,0.945833,720,b4,4,open,"the opening before #4288 (g3@top,b4@mid)"
110,0.600694,0.011134,0.537448,0.337058,0.681539,121,0.309722,0,0.945833,720,b4,4,open,"the opening before #4288 (g3@top,b4@mid)"
111,0.602814,0.0110621,0.538095,0.337023,0.684894,125.5,0.316667,0,0.947222,720,b4,4,open,"the opening before #4288 (g3@top,b4@mid)"
112,0.60206,0.011087,0.538495,0.338587,0.683301,121.5,0.309722,0,0.947222,720,b4,4,open,"the opening before #4288 (g3@top,b4@mid)"
113,0.602929,0.0110697,0.538965,0.339062,0.68339,121.5,0.313889,0,0.947222,720,b4,4,open,"the opening before #4288 (g3@top,b4@mid)"
114,0.604567,0.0110903,0.539335,0.33886,0.68296,120.5,0.308333,0,0.947222,720,b4,4,open,"the opening before #4288 (g3@top,b4@mid)"
115,0.604405,0.0110744,0.5401,0.334808,0.684471,119.5,0.298611,0,0.948611,720,b4,4,open,"the opening before #4288 (g3@top,b4@mid)"
116,0.60498,0.0110433,0.540687,0.332966,0.685279,121.5,0.320833,0,0.948611,720,b4,4,open,"the opening before #4288 (g3@top,b4@mid)"
117,0.606028,0.0110115,0.540975,0.33121,0.68761,122,0.323611,0,0.948611,720,b4,4,open,"the opening before #4288 (g3@top,b4@mid)"
118,0.606592,0.011045,0.541903,0.3318,0.688555,122,0.319444,0,0.948611,720,b4,4,open,"the opening before #4288 (g3@top,b4@mid)"
119,0.606678,0.0110214,0.541906,0.329651,0.688512,125.5,0.319444,0,0.95,720,b4,4,open,"the opening before #4288 (g3@top,b4@mid)"
120,0.607273,0.0109813,0.542639,0.323362,0.692964,128,0.326389,0,0.952778,720,b4,4,open,"the opening before #4288 (g3@top,b4@mid)"
121,0.606649,0.0110072,0.543117,0.323774,0.692629,132,0.331944,0,0.955556,720,b4,4,open,"the opening before #4288 (g3@top,b4@mid)"
122,0.608546,0.0109853,0.543411,0.321799,0.694381,131.5,0.336111,0,0.955556,720,b4,4,open,"the opening before #4288 (g3@top,b4@mid)"
123,0.608849,0.0109309,0.543949,0.321284,0.695917,135.5,0.3375,0,0.955556,720,b4,4,open,"the opening before #4288 (g3@top,b4@mid)"
124,0.610704,0.0108931,0.544521,0.324328,0.698599,131.5,0.338889,0,0.956944,720,b4,4,open,"the opening before #4288 (g3@top,b4@mid)"
125,0.611554,0.0109256,0.544877,0.327539,0.698133,128.5,0.340278,0,0.958333,720,b4,4,open,"the opening before #4288 (g3@top,b4@mid)"
126,0.610422,0.0109135,0.545084,0.326213,0.697353,128,0.330556,0,0.961111,720,b4,4,open,"the opening before #4288 (g3@top,b4@mid)"
127,0.611239,0.0109025,0.545564,0.322598,0.698184,131,0.347222,0,0.961111,720,b4,4,open,"the opening before #4288 (g3@top,b4@mid)"
128,0.611807,0.0108788,0.545422,0.323401,0.699603,133,0.354167,0,0.9625,720,b4,4,open,"the opening before #4288 (g3@top,b4@mid)"
129,0.612808,0.0108296,0.545927,0.325253,0.698078,131.5,0.358333,0,0.9625,720,b4,4,open,"the opening before #4288 (g3@top,b4@mid)"
130,0.613031,0.0108279,0.546558,0.329296,0.699586,133.5,0.354167,0,0.9625,720,b4,4,open,"the opening before #4288 (g3@top,b4@mid)"
131,0.614642,0.0108303,0.546734,0.336624,0.700262,129,0.355556,0,0.9625,720,b4,4,open,"the opening before #4288 (g3@top,b4@mid)"
132,0.616111,0.0108061,0.547325,0.337103,0.702408,128.5,0.35,0,0.9625,720,b4,4,open,"the opening before #4288 (g3@top,b4@mid)"
133,0.617516,0.0107261,0.547135,0.339167,0.704932,125,0.35,0,0.9625,720,b4,4,open,"the opening before #4288 (g3@top,b4@mid)"
134,0.617918,0.010727,0.547552,0.339922,0.704776,129,0.35,0,0.9625,720,b4,4,open,"the opening before #4288 (g3@top,b4@mid)"
135,0.619858,0.0106751,0.547986,0.340846,0.705637,125.5,0.351389,0,0.9625,720,b4,4,open,"the opening before #4288 (g3@top,b4@mid)"
136,0.621064,0.0106312,0.548212,0.335967,0.708579,130,0.355556,0,0.9625,720,b4,4,open,"the opening before #4288 (g3@top,b4@mid)"
137,0.619752,0.0105899,0.548417,0.333234,0.709691,133,0.366667,0,0.9625,720,b4,4,open,"the opening before #4288 (g3@top,b4@mid)"
138,0.619535,0.0106097,0.548604,0.332431,0.712161,137.5,0.383333,0,0.963889,720,b4,4,open,"the opening before #4288 (g3@top,b4@mid)"
139,0.618405,0.0106278,0.549314,0.331354,0.708568,140.5,0.381944,0,0.963889,720,b4,4,open,"the opening before #4288 (g3@top,b4@mid)"
140,0.617628,0.0106998,0.549507,0.329797,0.705729,145,0.373611,0,0.963889,720,b4,4,open,"the opening before #4288 (g3@top,b4@mid)"
141,0.619195,0.0106017,0.549634,0.32452,0.714511,150,0.381944,0,0.965278,720,b4,4,open,"the opening before #4288 (g3@top,b4@mid)"
142,0.618988,0.010584,0.549666,0.321494,0.715497,154,0.397222,0,0.965278,720,b4,4,open,"the opening before #4288 (g3@top,b4@mid)"
143,0.619909,0.0105998,0.550302,0.326686,0.713701,151,0.383333,0,0.965278,720,b4,4,open,"the opening before #4288 (g3@top,b4@mid)"
144,0.620557,0.0106012,0.550486,0.332464,0.710952,143,0.377778,0,0.965278,720,b4,4,open,"the opening before #4288 (g3@top,b4@mid)"
145,0.621825,0.0105826,0.550457,0.338137,0.711038,139,0.369444,0,0.965278,720,b4,4,open,"the opening before #4288 (g3@top,b4@mid)"
146,0.622255,0.0105962,0.550636,0.343803,0.710239,135,0.363889,0,0.965278,720,b4,4,open,"the opening before #4288 (g3@top,b4@mid)"
147,0.623036,0.0105655,0.551206,0.344827,0.710343,132,0.3625,0,0.966667,720,b4,4,open,"the opening before #4288 (g3@top,b4@mid)"
148,0.623486,0.010557,0.551664,0.345064,0.710888,131,0.363889,0,0.966667,720,b4,4,open,"the opening before #4288 (g3@top,b4@mid)"
149,0.625278,0.0105321,0.552077,0.3468,0.710845,127,0.3625,0,0.966667,720,b4,4,open,"the opening before #4288 (g3@top,b4@mid)"
150,0.625674,0.0105233,0.55236,0.347672,0.711792,128,0.363889,0,0.966667,720,b4,4,open,"the opening before #4288 (g3@top,b4@mid)"
0,0.467236,0.0111309,0.417756,0.168161,0.579668,199.001,0.491667,0,0,720,b4,4,nowalk,"New on the Hard pick, no atlas walk"
1,0.467236,0.0111309,0.417756,0.168161,0.579668,199.001,0.491667,0,0,720,b4,4,nowalk,"New on the Hard pick, no atlas walk"
2,0.467236,0.0111309,0.417756,0.168161,0.579668,199.001,0.491667,0,0,720,b4,4,nowalk,"New on the Hard pick, no atlas walk"
3,0.467236,0.0111309,0.417756,0.168161,0.579668,199.001,0.491667,0,0,720,b4,4,nowalk,"New on the Hard pick, no atlas walk"
4,0.467236,0.0111309,0.417756,0.168161,0.579668,199.001,0.491667,0,0,720,b4,4,nowalk,"New on the Hard pick, no atlas walk"
5,0.467236,0.0111309,0.417756,0.168161,0.579668,199.001,0.491667,0,0,720,b4,4,nowalk,"New on the Hard pick, no atlas walk"
6,0.467236,0.0111309,0.417756,0.168161,0.579668,199.001,0.491667,0,0,720,b4,4,nowalk,"New on the Hard pick, no atlas walk"
7,0.467236,0.0111309,0.417756,0.168161,0.579668,199.001,0.491667,0,0,720,b4,4,nowalk,"New on the Hard pick, no atlas walk"
8,0.467236,0.0111309,0.417756,0.168161,0.579668,199.001,0.491667,0,0,720,b4,4,nowalk,"New on the Hard pick, no atlas walk"
9,0.467236,0.0111309,0.417756,0.168161,0.579668,199.001,0.491667,0,0,720,b4,4,nowalk,"New on the Hard pick, no atlas walk"
10,0.467236,0.0111309,0.417756,0.168161,0.579668,199.001,0.491667,0,0,720,b4,4,nowalk,"New on the Hard pick, no atlas walk"
11,0.467236,0.0111309,0.417756,0.168161,0.579668,199.001,0.491667,0,0,720,b4,4,nowalk,"New on the Hard pick, no atlas walk"
12,0.467236,0.0111309,0.417756,0.168161,0.579668,199.001,0.491667,0,0,720,b4,4,nowalk,"New on the Hard pick, no atlas walk"
13,0.467236,0.0111309,0.417756,0.168161,0.579668,199.001,0.491667,0,0,720,b4,4,nowalk,"New on the Hard pick, no atlas walk"
14,0.467236,0.0111309,0.417756,0.168161,0.579668,199.001,0.491667,0,0,720,b4,4,nowalk,"New on the Hard pick, no atlas walk"
15,0.467236,0.0111309,0.417756,0.168161,0.579668,199.001,0.491667,0,0,720,b4,4,nowalk,"New on the Hard pick, no atlas walk"
16,0.467236,0.0111309,0.417756,0.168161,0.579668,199.001,0.491667,0,0,720,b4,4,nowalk,"New on the Hard pick, no atlas walk"
17,0.467236,0.0111309,0.417756,0.168161,0.579668,199.001,0.491667,0,0,720,b4,4,nowalk,"New on the Hard pick, no atlas walk"
18,0.467236,0.0111309,0.417756,0.168161,0.579668,199.001,0.491667,0,0,720,b4,4,nowalk,"New on the Hard pick, no atlas walk"
19,0.467236,0.0111309,0.417756,0.168161,0.579668,199.001,0.491667,0,0,720,b4,4,nowalk,"New on the Hard pick, no atlas walk"
20,0.467236,0.0111309,0.417756,0.168161,0.579668,199.001,0.491667,0,0,720,b4,4,nowalk,"New on the Hard pick, no atlas walk"
21,0.467236,0.0111309,0.417756,0.168161,0.579668,199.001,0.491667,0,0,720,b4,4,nowalk,"New on the Hard pick, no atlas walk"
22,0.467236,0.0111309,0.417756,0.168161,0.579668,199.001,0.491667,0,0,720,b4,4,nowalk,"New on the Hard pick, no atlas walk"
23,0.467153,0.0111337,0.417688,0.168192,0.578688,199.001,0.491667,0,0.00138889,720,b4,4,nowalk,"New on the Hard pick, no atlas walk"
24,0.461227,0.0112164,0.39743,0.241133,0.541471,175.003,0.383333,0,0.277778,720,b4,4,nowalk,"New on the Hard pick, no atlas walk"
25,0.459719,0.0113594,0.395223,0.260644,0.536816,158.001,0.366667,0,0.365278,720,b4,4,nowalk,"New on the Hard pick, no atlas walk"
26,0.462823,0.0114704,0.397046,0.272345,0.534293,151.501,0.343056,0,0.394444,720,b4,4,nowalk,"New on the Hard pick, no atlas walk"
27,0.46547,0.0115118,0.39893,0.282951,0.535206,148.998,0.345833,0,0.416667,720,b4,4,nowalk,"New on the Hard pick, no atlas walk"
28,0.468144,0.0116077,0.404541,0.290065,0.533793,134.5,0.330556,0,0.434722,720,b4,4,nowalk,"New on the Hard pick, no atlas walk"
29,0.464421,0.0116419,0.407989,0.306044,0.52633,122.502,0.3125,0,0.455556,720,b4,4,nowalk,"New on the Hard pick, no atlas walk"
30,0.465299,0.0116374,0.409589,0.313509,0.523741,115.999,0.305556,0,0.469444,720,b4,4,nowalk,"New on the Hard pick, no atlas walk"
31,0.467783,0.0116529,0.411637,0.31349,0.524513,114.499,0.302778,0,0.477778,720,b4,4,nowalk,"New on the Hard pick, no atlas walk"
32,0.469938,0.0116934,0.413549,0.309913,0.527465,115.999,0.305556,0,0.483333,720,b4,4,nowalk,"New on the Hard pick, no atlas walk"
33,0.471387,0.0117631,0.416816,0.317031,0.526411,110.001,0.294444,0,0.488889,720,b4,4,nowalk,"New on the Hard pick, no atlas walk"
34,0.471588,0.011745,0.41888,0.325101,0.528395,108.502,0.293056,0,0.498611,720,b4,4,nowalk,"New on the Hard pick, no atlas walk"
35,0.474719,0.0118125,0.42061,0.324069,0.529949,110,0.291667,0,0.506944,720,b4,4,nowalk,"New on the Hard pick, no atlas walk"
36,0.478775,0.0117942,0.422549,0.318612,0.536018,110,0.297222,0,0.518056,720,b4,4,nowalk,"New on the Hard pick, no atlas walk"
37,0.482561,0.0118428,0.424441,0.307399,0.543377,110.499,0.294444,0,0.526389,720,b4,4,nowalk,"New on the Hard pick, no atlas walk"
38,0.481062,0.011912,0.425528,0.298226,0.545362,114.499,0.293056,0,0.534722,720,b4,4,nowalk,"New on the Hard pick, no atlas walk"
39,0.484388,0.0119454,0.429003,0.296652,0.552565,118,0.3,0,0.545833,720,b4,4,nowalk,"New on the Hard pick, no atlas walk"
40,0.48571,0.0119594,0.432832,0.301202,0.553068,115.499,0.297222,0,0.558333,720,b4,4,nowalk,"New on the Hard pick, no atlas walk"
41,0.489153,0.0120626,0.435297,0.302251,0.5595,111,0.301389,0,0.563889,720,b4,4,nowalk,"New on the Hard pick, no atlas walk"
42,0.489655,0.0120692,0.436619,0.304225,0.557548,109.503,0.295833,0,0.570833,720,b4,4,nowalk,"New on the Hard pick, no atlas walk"
43,0.491601,0.0121143,0.437442,0.307138,0.562376,112.5,0.305556,0,0.580556,720,b4,4,nowalk,"New on the Hard pick, no atlas walk"
44,0.495211,0.0120532,0.439897,0.308045,0.566951,113,0.306944,0,0.590278,720,b4,4,nowalk,"New on the Hard pick, no atlas walk"
45,0.4974,0.0121149,0.44218,0.304379,0.571134,116,0.3125,0,0.601389,720,b4,4,nowalk,"New on the Hard pick, no atlas walk"
46,0.498382,0.0121203,0.443543,0.30141,0.56956,116,0.304167,0,0.605556,720,b4,4,nowalk,"New on the Hard pick, no atlas walk"
47,0.496709,0.0121471,0.44309,0.302981,0.575558,117,0.316667,0,0.619444,720,b4,4,nowalk,"New on the Hard pick, no atlas walk"
48,0.497661,0.0121412,0.444675,0.305943,0.575377,116,0.316667,0,0.622222,720,b4,4,nowalk,"New on the Hard pick, no atlas walk"
49,0.500466,0.0121595,0.447636,0.306871,0.576626,115.499,0.315278,0,0.627778,720,b4,4,nowalk,"New on the Hard pick, no atlas walk"
50,0.503037,0.012196,0.449474,0.312982,0.57654,113.5,0.315278,0,0.627778,720,b4,4,nowalk,"New on the Hard pick, no atlas walk"
51,0.505539,0.0122113,0.45228,0.317652,0.57929,113.5,0.3125,0,0.630556,720,b4,4,nowalk,"New on the Hard pick, no atlas walk"
52,0.506232,0.0122625,0.454123,0.318388,0.58081,111,0.316667,0,0.634722,720,b4,4,nowalk,"New on the Hard pick, no atlas walk"
53,0.508172,0.0123097,0.455669,0.321311,0.585364,110.998,0.322222,0,0.648611,720,b4,4,nowalk,"New on the Hard pick, no atlas walk"
54,0.509024,0.0123305,0.457116,0.321321,0.589397,112,0.326389,0,0.655556,720,b4,4,nowalk,"New on the Hard pick, no atlas walk"
55,0.5112,0.0124065,0.458624,0.32578,0.595309,111.502,0.327778,0,0.663889,720,b4,4,nowalk,"New on the Hard pick, no atlas walk"
56,0.513216,0.012375,0.459824,0.327906,0.596166,111.502,0.320833,0,0.672222,720,b4,4,nowalk,"New on the Hard pick, no atlas walk"
57,0.512759,0.0124101,0.461346,0.328098,0.593079,108.002,0.3125,0,0.677778,720,b4,4,nowalk,"New on the Hard pick, no atlas walk"
58,0.514637,0.0123368,0.463717,0.329785,0.596613,109.003,0.305556,0,0.684722,720,b4,4,nowalk,"New on the Hard pick, no atlas walk"
59,0.518815,0.012296,0.467688,0.328244,0.607066,110.499,0.309722,0,0.7,720,b4,4,nowalk,"New on the Hard pick, no atlas walk"
60,0.520358,0.0122852,0.469823,0.328287,0.60656,111,0.306944,0,0.708333,720,b4,4,nowalk,"New on the Hard pick, no atlas walk"
61,0.521913,0.0122867,0.471367,0.330288,0.606854,109.003,0.304167,0,0.7125,720,b4,4,nowalk,"New on the Hard pick, no atlas walk"
62,0.523181,0.0123084,0.472379,0.330555,0.612044,108,0.3125,0,0.722222,720,b4,4,nowalk,"New on the Hard pick, no atlas walk"
63,0.525585,0.0122971,0.473045,0.32896,0.617589,112.5,0.322222,0,0.726389,720,b4,4,nowalk,"New on the Hard pick, no atlas walk"
64,0.528794,0.0122617,0.475285,0.329046,0.619476,111.502,0.319444,0,0.731944,720,b4,4,nowalk,"New on the Hard pick, no atlas walk"
65,0.529384,0.0122494,0.477458,0.329745,0.619693,109.003,0.316667,0,0.738889,720,b4,4,nowalk,"New on the Hard pick, no atlas walk"
66,0.530809,0.0122738,0.479789,0.330607,0.619936,109,0.308333,0,0.747222,720,b4,4,nowalk,"New on the Hard pick, no atlas walk"
67,0.532646,0.0122959,0.481335,0.329159,0.625145,109.003,0.3125,0,0.754167,720,b4,4,nowalk,"New on the Hard pick, no atlas walk"
68,0.535166,0.0122691,0.483253,0.326663,0.625253,108.002,0.309722,0,0.756944,720,b4,4,nowalk,"New on the Hard pick, no atlas walk"
69,0.538115,0.0122622,0.485278,0.328172,0.624929,107.5,0.305556,0,0.759722,720,b4,4,nowalk,"New on the Hard pick, no atlas walk"
70,0.537928,0.0123017,0.486204,0.330426,0.621667,105,0.3,0,0.766667,720,b4,4,nowalk,"New on the Hard pick, no atlas walk"
71,0.539424,0.012283,0.48789,0.330998,0.625572,105,0.304167,0,0.770833,720,b4,4,nowalk,"New on the Hard pick, no atlas walk"
72,0.540017,0.0122833,0.489382,0.32894,0.627114,107,0.304167,0,0.776389,720,b4,4,nowalk,"New on the Hard pick, no atlas walk"
73,0.544696,0.0121645,0.490988,0.325909,0.632492,115,0.319444,0,0.780556,720,b4,4,nowalk,"New on the Hard pick, no atlas walk"
74,0.545538,0.012182,0.49216,0.323278,0.634085,116.499,0.320833,0,0.783333,720,b4,4,nowalk,"New on the Hard pick, no atlas walk"
75,0.547232,0.0122151,0.49355,0.321472,0.63742,116,0.325,0,0.790278,720,b4,4,nowalk,"New on the Hard pick, no atlas walk"
76,0.549293,0.0121628,0.495092,0.319715,0.641652,119,0.330556,0,0.793056,720,b4,4,nowalk,"New on the Hard pick, no atlas walk"
77,0.551525,0.0121504,0.496626,0.317948,0.642941,119,0.330556,0,0.801389,720,b4,4,nowalk,"New on the Hard pick, no atlas walk"
78,0.550843,0.0122323,0.49823,0.315065,0.645374,118,0.341667,0,0.809722,720,b4,4,nowalk,"New on the Hard pick, no atlas walk"
79,0.552652,0.012233,0.500246,0.317262,0.647251,116.5,0.330556,0,0.818056,720,b4,4,nowalk,"New on the Hard pick, no atlas walk"
80,0.555763,0.0122385,0.502267,0.319859,0.650456,119,0.329167,0,0.820833,720,b4,4,nowalk,"New on the Hard pick, no atlas walk"
81,0.554427,0.0122483,0.504128,0.321576,0.651443,113,0.320833,0,0.826389,720,b4,4,nowalk,"New on the Hard pick, no atlas walk"
82,0.557652,0.0121876,0.505672,0.326055,0.65557,116.5,0.323611,0,0.831944,720,b4,4,nowalk,"New on the Hard pick, no atlas walk"
83,0.558269,0.012179,0.5069,0.330401,0.654646,112.5,0.320833,0,0.8375,720,b4,4,nowalk,"New on the Hard pick, no atlas walk"
84,0.559734,0.0121448,0.508117,0.331748,0.659805,112,0.329167,0,0.841667,720,b4,4,nowalk,"New on the Hard pick, no atlas walk"
85,0.56028,0.0121377,0.509825,0.329721,0.66091,119,0.329167,0,0.844444,720,b4,4,nowalk,"New on the Hard pick, no atlas walk"
86,0.562918,0.0120977,0.511,0.33011,0.66245,118,0.329167,0,0.844444,720,b4,4,nowalk,"New on the Hard pick, no atlas walk"
87,0.566041,0.0120687,0.512402,0.329829,0.663804,120,0.3375,0,0.85,720,b4,4,nowalk,"New on the Hard pick, no atlas walk"
88,0.568165,0.012005,0.513374,0.330226,0.66816,119.5,0.341667,0,0.858333,720,b4,4,nowalk,"New on the Hard pick, no atlas walk"
89,0.568967,0.0120334,0.515205,0.333001,0.665814,116,0.327778,0,0.8625,720,b4,4,nowalk,"New on the Hard pick, no atlas walk"
90,0.570779,0.011987,0.516121,0.331152,0.66717,119,0.340278,0,0.866667,720,b4,4,nowalk,"New on the Hard pick, no atlas walk"
91,0.571328,0.012037,0.517357,0.330078,0.669964,119,0.347222,0,0.870833,720,b4,4,nowalk,"New on the Hard pick, no atlas walk"
92,0.572876,0.0119721,0.518543,0.330707,0.670846,117,0.338889,0,0.870833,720,b4,4,nowalk,"New on the Hard pick, no atlas walk"
93,0.574411,0.0119543,0.519622,0.331089,0.672345,117.5,0.338889,0,0.872222,720,b4,4,nowalk,"New on the Hard pick, no atlas walk"
94,0.577135,0.0118805,0.520958,0.332948,0.671083,116,0.3375,0,0.876389,720,b4,4,nowalk,"New on the Hard pick, no atlas walk"
95,0.579916,0.0118773,0.521959,0.330926,0.676474,121.5,0.341667,0,0.880556,720,b4,4,nowalk,"New on the Hard pick, no atlas walk"
96,0.580789,0.0118532,0.523164,0.331355,0.679578,119.5,0.347222,0,0.884722,720,b4,4,nowalk,"New on the Hard pick, no atlas walk"
97,0.582015,0.0118469,0.524798,0.333092,0.680506,116.5,0.3375,0,0.886111,720,b4,4,nowalk,"New on the Hard pick, no atlas walk"
98,0.583149,0.0118563,0.526007,0.333832,0.680789,118.5,0.341667,0,0.890278,720,b4,4,nowalk,"New on the Hard pick, no atlas walk"
99,0.58438,0.0117979,0.527004,0.333215,0.685635,121,0.344444,0,0.893056,720,b4,4,nowalk,"New on the Hard pick, no atlas walk"
100,0.584007,0.0117921,0.527498,0.334908,0.686238,121,0.345833,0,0.894444,720,b4,4,nowalk,"New on the Hard pick, no atlas walk"
101,0.584692,0.011776,0.528059,0.3346,0.68638,122,0.336111,0,0.894444,720,b4,4,nowalk,"New on the Hard pick, no atlas walk"
102,0.585346,0.0117563,0.529139,0.334102,0.688768,124,0.334722,0,0.894444,720,b4,4,nowalk,"New on the Hard pick, no atlas walk"
103,0.585832,0.0117285,0.529695,0.332676,0.690143,126,0.3375,0,0.894444,720,b4,4,nowalk,"New on the Hard pick, no atlas walk"
104,0.586155,0.0117441,0.530658,0.33324,0.688992,124,0.338889,0,0.897222,720,b4,4,nowalk,"New on the Hard pick, no atlas walk"
105,0.588524,0.0116643,0.531096,0.334667,0.689179,128.5,0.336111,0,0.9,720,b4,4,nowalk,"New on the Hard pick, no atlas walk"
106,0.589544,0.0116791,0.531852,0.336305,0.689735,126,0.341667,0,0.901389,720,b4,4,nowalk,"New on the Hard pick, no atlas walk"
107,0.591753,0.0116136,0.532124,0.33612,0.694556,128,0.343056,0,0.905556,720,b4,4,nowalk,"New on the Hard pick, no atlas walk"
108,0.592521,0.0116014,0.532869,0.336531,0.694456,127,0.345833,0,0.906944,720,b4,4,nowalk,"New on the Hard pick, no atlas walk"
109,0.59394,0.0115446,0.533956,0.338941,0.694806,126.5,0.343056,0,0.909722,720,b4,4,nowalk,"New on the Hard pick, no atlas walk"
110,0.593493,0.011582,0.534458,0.339098,0.694455,125,0.340278,0,0.909722,720,b4,4,nowalk,"New on the Hard pick, no atlas walk"
111,0.594862,0.0115603,0.535038,0.338148,0.699697,128,0.345833,0,0.9125,720,b4,4,nowalk,"New on the Hard pick, no atlas walk"
112,0.594397,0.0115155,0.535464,0.338312,0.700904,130.5,0.355556,0,0.9125,720,b4,4,nowalk,"New on the Hard pick, no atlas walk"
113,0.595704,0.0115443,0.536488,0.34245,0.702329,127,0.355556,0,0.918056,720,b4,4,nowalk,"New on the Hard pick, no atlas walk"
114,0.595956,0.0115589,0.537431,0.340675,0.702424,129,0.359722,0,0.919444,720,b4,4,nowalk,"New on the Hard pick, no atlas walk"
115,0.597626,0.0115215,0.538181,0.34183,0.703386,125.5,0.356944,0,0.920833,720,b4,4,nowalk,"New on the Hard pick, no atlas walk"
116,0.597898,0.0115116,0.538651,0.340578,0.699678,128.5,0.356944,0,0.920833,720,b4,4,nowalk,"New on the Hard pick, no atlas walk"
117,0.599007,0.0114021,0.539194,0.333543,0.702791,133,0.361111,0,0.922222,720,b4,4,nowalk,"New on the Hard pick, no atlas walk"
118,0.598372,0.0114083,0.539857,0.329728,0.702176,132,0.355556,0,0.925,720,b4,4,nowalk,"New on the Hard pick, no atlas walk"
119,0.597982,0.0114368,0.540347,0.3304,0.70336,132.5,0.355556,0,0.925,720,b4,4,nowalk,"New on the Hard pick, no atlas walk"
120,0.599548,0.0113805,0.540871,0.324345,0.701935,135,0.3625,0,0.925,720,b4,4,nowalk,"New on the Hard pick, no atlas walk"
121,0.600396,0.0113712,0.541506,0.324578,0.701036,136,0.358333,0,0.926389,720,b4,4,nowalk,"New on the Hard pick, no atlas walk"
122,0.601283,0.01137,0.542015,0.322648,0.702945,135.5,0.35,0,0.926389,720,b4,4,nowalk,"New on the Hard pick, no atlas walk"
123,0.601899,0.0113721,0.542181,0.326009,0.705569,134,0.361111,0,0.926389,720,b4,4,nowalk,"New on the Hard pick, no atlas walk"
124,0.603876,0.0113176,0.542881,0.330361,0.704864,132.5,0.355556,0,0.926389,720,b4,4,nowalk,"New on the Hard pick, no atlas walk"
125,0.604361,0.011299,0.543392,0.331755,0.707345,133,0.370833,0,0.926389,720,b4,4,nowalk,"New on the Hard pick, no atlas walk"
126,0.606183,0.0112749,0.544017,0.332248,0.70886,131.5,0.369444,0,0.926389,720,b4,4,nowalk,"New on the Hard pick, no atlas walk"
127,0.606004,0.0113051,0.544428,0.33651,0.704279,130.5,0.370833,0,0.926389,720,b4,4,nowalk,"New on the Hard pick, no atlas walk"
128,0.607749,0.0112335,0.544714,0.3406,0.705301,130,0.379167,0,0.927778,720,b4,4,nowalk,"New on the Hard pick, no atlas walk"
129,0.6083,0.0112253,0.545027,0.341971,0.704976,129.5,0.375,0,0.929167,720,b4,4,nowalk,"New on the Hard pick, no atlas walk"
130,0.608637,0.0111997,0.545431,0.341888,0.704793,132,0.380556,0,0.929167,720,b4,4,nowalk,"New on the Hard pick, no atlas walk"
131,0.608766,0.0112007,0.545872,0.34696,0.702975,124,0.369444,0,0.929167,720,b4,4,nowalk,"New on the Hard pick, no atlas walk"
132,0.609795,0.0111644,0.54619,0.351883,0.702688,127.5,0.363889,0,0.930556,720,b4,4,nowalk,"New on the Hard pick, no atlas walk"
133,0.610315,0.0111838,0.546866,0.353096,0.704248,129.5,0.368056,0,0.931944,720,b4,4,nowalk,"New on the Hard pick, no atlas walk"
134,0.610876,0.0111714,0.547142,0.355455,0.703573,125.5,0.359722,0,0.933333,720,b4,4,nowalk,"New on the Hard pick, no atlas walk"
135,0.611464,0.0111311,0.547764,0.354172,0.705364,129,0.363889,0,0.9375,720,b4,4,nowalk,"New on the Hard pick, no atlas walk"
136,0.613154,0.011074,0.548268,0.347546,0.710097,130,0.3625,0,0.940278,720,b4,4,nowalk,"New on the Hard pick, no atlas walk"
137,0.614403,0.0109944,0.548561,0.343634,0.716117,131,0.373611,0,0.943056,720,b4,4,nowalk,"New on the Hard pick, no atlas walk"
138,0.613465,0.0110221,0.548802,0.339313,0.716383,138.5,0.3875,0,0.943056,720,b4,4,nowalk,"New on the Hard pick, no atlas walk"
139,0.614384,0.0110137,0.5494,0.336526,0.71692,140.5,0.383333,0,0.943056,720,b4,4,nowalk,"New on the Hard pick, no atlas walk"
140,0.615088,0.0109719,0.549692,0.335794,0.716537,137,0.376389,0,0.943056,720,b4,4,nowalk,"New on the Hard pick, no atlas walk"
141,0.613906,0.0110412,0.54971,0.331944,0.715363,140,0.377778,0,0.943056,720,b4,4,nowalk,"New on the Hard pick, no atlas walk"
142,0.615172,0.0109991,0.549964,0.329725,0.71387,136.5,0.377778,0,0.943056,720,b4,4,nowalk,"New on the Hard pick, no atlas walk"
143,0.615152,0.0109515,0.550414,0.330209,0.71665,140,0.381944,0,0.943056,720,b4,4,nowalk,"New on the Hard pick, no atlas walk"
144,0.615185,0.0109409,0.551018,0.336147,0.714531,135.5,0.383333,0,0.944444,720,b4,4,nowalk,"New on the Hard pick, no atlas walk"
145,0.616059,0.0108728,0.551434,0.339736,0.716404,134,0.377778,0,0.947222,720,b4,4,nowalk,"New on the Hard pick, no atlas walk"
146,0.617027,0.0108673,0.551386,0.350406,0.715384,132.5,0.365278,0,0.951389,720,b4,4,nowalk,"New on the Hard pick, no atlas walk"
147,0.617606,0.0108685,0.551826,0.35378,0.715453,130,0.380556,0,0.951389,720,b4,4,nowalk,"New on the Hard pick, no atlas walk"
148,0.618652,0.0108187,0.552228,0.354873,0.716251,131,0.384722,0,0.951389,720,b4,4,nowalk,"New on the Hard pick, no atlas walk"
149,0.620209,0.0108137,0.552823,0.355791,0.719541,128.5,0.380556,0,0.951389,720,b4,4,nowalk,"New on the Hard pick, no atlas walk"
150,0.619551,0.0108926,0.553113,0.35495,0.715716,127.5,0.376389,0,0.951389,720,b4,4,nowalk,"New on the Hard pick, no atlas walk"
