world,beta,width,budget,walk,n,n_sessions,n_done,share_nothing,line_count_mean,n_test_pos_mean,picks_mean,picks_p50,picks_p90,picks_above_mean,picks_below_mean,rounds_mean,matches_width,matches_budget,matches_exhausted,misses_dry_run,misses_budget,misses_exhausted,misses_width,precision_cov,precision_cov_se,precision_width,precision_abs_err,precision_bias,edges_precision_cov,recall_cov,recall_cov_se,recall_width,recall_abs_err,recall_bias,edges_recall_cov,fbeta_cov,fbeta_cov_se,fbeta_width,fbeta_abs_err,fbeta_bias,edges_fbeta_cov,found_match,tail_from_model,tail_err,tail_abs_err,below_abs_err,below_true_mean,verdict_match,verdict_match_se,verdict_ship,oracle_ship,verdict_lean,oracle_lean,verdict_retrain,oracle_retrain,lean_gain_true,fbeta_true_mean,fbeta_best_cut_true_mean
0.1%,0.25,0.15,20,d0.05/w5/mw0.25,1480,370,1068,0.27837837837837837,200.74054054054054,11.164864864864866,18.20505617977528,18.0,25.0,12.722846441947565,5.4822097378277155,4.091760299625468,0.30711610486891383,0.20786516853932585,0.4850187265917603,0.18164794007490637,0.014044943820224719,0.0,0.8043071161048689,0.9868913857677902,0.0038979690967049286,0.06126648088225811,0.015055207847279057,0.0029192275594294836,0.5240675403225806,0.32209737827715357,0.026010491237561464,0.1589754497926752,0.21064303541125282,-0.023743811492552985,0.2864793346774194,0.5945692883895131,0.027168847697495762,0.06575728944657513,0.02085731148283555,0.002835173787853001,0.4461945564516129,0.40168539325842695,1.0,170.46659552445027,173.94453960088182,174.2148850853301,4.808988764044944,0.8202247191011236,0.022277023048842142,0.2762172284644195,0.26591760299625467,0.5880149812734082,0.50187265917603,0.13576779026217228,0.23220973782771537,0.1333869501007713,0.49209957703022167,0.7039125882908311
0.1%,0.25,0.15,40,d0.05/w5/mw0.25,1480,370,1068,0.27837837837837837,200.74054054054054,11.164864864864866,21.452247191011235,18.0,40.0,15.47378277153558,5.978464419475656,4.752808988764045,0.46348314606741575,0.05149812734082397,0.4850187265917603,0.17790262172284643,0.016853932584269662,0.0,0.8052434456928839,0.9868913857677902,0.0036652619355623255,0.05400509084942293,0.013299022535320731,0.0022910034377004373,0.5215473790322581,0.31741573033707865,0.02620918143277982,0.15141544330620768,0.2122770460349432,-0.022806333660204264,0.2813760080645161,0.5936329588014981,0.027099976362483305,0.05856412598747509,0.019128825528803437,0.0022283928020392536,0.44235131048387094,0.40074906367041196,1.0,165.67422833488322,169.1241813574707,171.73550806755708,4.808988764044944,0.8380149812734082,0.021037160807307515,0.2762172284644195,0.26591760299625467,0.6020599250936329,0.50187265917603,0.12172284644194757,0.23220973782771537,0.13446415396185318,0.49209957703022167,0.7039125882908311
0.1%,0.25,0.15,80,d0.05/w5/mw0.25,1480,370,1068,0.27837837837837837,200.74054054054054,11.164864864864866,22.26685393258427,18.0,40.0,16.11048689138577,6.156367041198502,4.915730337078652,0.5149812734082397,0.0,0.4850187265917603,0.18071161048689138,0.0,0.009363295880149813,0.8099250936329588,0.9897003745318352,0.0033228469066303805,0.053511860426198966,0.01319376303741888,0.0021857439397985866,0.5219884072580645,0.31741573033707865,0.02620918143277982,0.15302565641921334,0.21253650381780964,-0.022661924304625988,0.28276209677419356,0.5955056179775281,0.027172729412028508,0.058059053156665145,0.01902103716043784,0.0021206044336736594,0.4422883064516129,0.40074906367041196,0.9906367041198502,161.92882597432546,165.3466795633008,169.9102551393688,4.808988764044944,0.8455056179775281,0.02057459592936601,0.2762172284644195,0.26591760299625467,0.5945692883895131,0.50187265917603,0.12921348314606743,0.23220973782771537,0.1361474721210658,0.49209957703022167,0.7039125882908311
0.1%,0.25,0.2,20,d0.05/w5/mw0.25,1480,370,1068,0.27837837837837837,200.74054054054054,11.164864864864866,17.588014981273407,16.0,25.0,12.002808988764045,5.585205992509363,3.848314606741573,0.5421348314606742,0.1797752808988764,0.27808988764044945,0.1891385767790262,0.017790262172284643,0.0,0.7930711610486891,0.9859550561797753,0.003997322927542851,0.10114129831623517,0.024654903996065892,0.0009254464135340114,0.5621849798387096,0.34737827715355807,0.026190814888383658,0.17295695334601044,0.21012151487350011,-0.024754123911958036,0.2934727822580645,0.6956928838951311,0.024523434047863713,0.10324412720945056,0.028547267964109408,0.000865708994262361,0.5022681451612904,0.40262172284644193,1.0,170.46229767113164,173.93258231914655,174.2004342943228,4.808988764044944,0.8043071161048689,0.02277450263866255,0.2846441947565543,0.26591760299625467,0.5739700374531835,0.50187265917603,0.14138576779026218,0.23220973782771537,0.13259902360726664,0.49209957703022167,0.7039125882908311
0.1%,0.25,0.2,40,d0.05/w1/mw0.25,1480,370,1068,0.27837837837837837,200.74054054054054,11.164864864864866,20.510299625468164,16.0,40.0,14.452247191011235,6.058052434456929,4.435393258426966,0.6732209737827716,0.04868913857677903,0.27808988764044945,0.18352059925093633,0.016853932584269662,0.0,0.799625468164794,0.9859550561797753,0.003770752254454699,0.0969216831959751,0.02385276736774707,0.0006094024134181597,0.5502142137096774,0.32303370786516855,0.025297320377893437,0.15930409051822197,0.21341957029274744,-0.014943917646607996,0.2867313508064516,0.6872659176029963,0.024393664901539023,0.09854604320286418,0.027776245259763924,0.0009435334362904537,0.4884072580645161,0.40262172284644193,1.0,165.67909858291915,169.10311904928108,170.02610334784498,4.808988764044944,0.8314606741573034,0.021073633543124498,0.2818352059925094,0.26591760299625467,0.5795880149812734,0.50187265917603,0.13857677902621723,0.23220973782771537,0.13592509180895102,0.49209957703022167,0.7039125882908311
0.1%,0.25,0.2,40,d0.05/w5/mw0.25,1480,370,1068,0.27837837837837837,200.74054054054054,11.164864864864866,20.603932584269664,16.0,40.0,14.452247191011235,6.151685393258427,4.454119850187266,0.6732209737827716,0.04868913857677903,0.27808988764044945,0.19101123595505617,0.016853932584269662,0.0,0.7921348314606742,0.9859550561797753,0.003770752254454699,0.0969216831959751,0.02385276736774707,0.0006094024134181597,0.5649571572580645,0.34363295880149813,0.026242108342508525,0.1680174108489744,0.2113455151727545,-0.023361241820108153,0.2903225806451613,0.6956928838951311,0.024487523343068744,0.09908696583080813,0.027803887829432928,0.0005718408562210474,0.5044102822580645,0.399812734082397,1.0,165.66514283261753,169.10543766416325,171.7137513827371,4.808988764044944,0.8249063670411985,0.021474428728800964,0.2846441947565543,0.26591760299625467,0.5852059925093633,0.50187265917603,0.1301498127340824,0.23220973782771537,0.13467151725209442,0.49209957703022167,0.7039125882908311
0.1%,0.25,0.2,40,d0/w1/mw0.001,1480,370,1068,0.27837837837837837,200.74054054054054,11.164864864864866,51.83052434456929,50.0,75.0,14.452247191011235,37.37827715355805,10.69943820224719,0.6732209737827716,0.04868913857677903,0.27808988764044945,0.0,0.9250936329588015,0.0,0.0749063670411985,0.9859550561797753,0.003770752254454699,0.0969216831959751,0.02385276736774707,0.0006094024134181597,0.9008946572580645,0.797752808988764,0.022499613320058558,0.5606714884327637,0.16216073627967786,-0.01754085144741206,0.629914314516129,0.9307116104868914,0.011697570750852457,0.15432867158886587,0.028798557566158112,-0.00485559284749526,0.8737399193548387,0.35767790262172283,1.0,118.09467052780263,119.86364955525292,130.6848000834178,4.808988764044944,0.8632958801498127,0.018048500059277526,0.27902621722846443,0.26591760299625467,0.5468164794007491,0.50187265917603,0.17415730337078653,0.23220973782771537,0.1592069483392868,0.49209957703022167,0.7039125882908311
0.1%,0.25,0.2,40,d0/w5/mw0.001,1480,370,1068,0.27837837837837837,200.74054054054054,11.164864864864866,52.58426966292135,50.0,75.0,14.452247191011235,38.13202247191011,10.850187265917603,0.6732209737827716,0.04868913857677903,0.27808988764044945,0.0,0.9466292134831461,0.0,0.05337078651685393,0.9859550561797753,0.003770752254454699,0.0969216831959751,0.02385276736774707,0.0006094024134181597,0.8645413306451613,0.7837078651685393,0.022808197349107488,0.504242159521711,0.16561031423941305,-0.0392141093822464,0.6196446572580645,0.9279026217228464,0.011746494775395293,0.13571042837764072,0.02775899606394954,-0.003200293371362804,0.8287550403225806,0.40168539325842695,1.0,118.10587747258872,119.85244240225774,146.643027560273,4.808988764044944,0.8455056179775281,0.019878473515220717,0.2808988764044944,0.26591760299625467,0.5711610486891385,0.50187265917603,0.14794007490636704,0.23220973782771537,0.14892423128230123,0.49209957703022167,0.7039125882908311
0.1%,0.25,0.2,40,d0/w5/mw0.25,1480,370,1068,0.27837837837837837,200.74054054054054,11.164864864864866,22.640449438202246,16.0,45.0,14.452247191011235,8.188202247191011,4.861423220973783,0.6732209737827716,0.04868913857677903,0.27808988764044945,0.0,0.08801498127340825,0.0,0.9119850187265918,0.9859550561797753,0.003770752254454699,0.0969216831959751,0.02385276736774707,0.0006094024134181597,0.5826612903225806,0.35674157303370785,0.026687338470607152,0.1706773949080091,0.2080896913310689,-0.02703394315650091,0.31243699596774194,0.702247191011236,0.024268363080637113,0.09968322263942876,0.02775043234409997,0.0004613732963902658,0.5232484879032258,0.40730337078651685,1.0,163.86933767702865,166.89147045960033,170.5814656573986,4.808988764044944,0.8305243445692884,0.02123271736951356,0.2846441947565543,0.26591760299625467,0.5870786516853933,0.50187265917603,0.12827715355805244,0.23220973782771537,0.1346561775423823,0.49209957703022167,0.7039125882908311
0.1%,0.25,0.2,80,d0.05/w5/mw0.25,1480,370,1068,0.27837837837837837,200.74054054054054,11.164864864864866,21.399812734082396,16.0,40.0,15.070224719101123,6.329588014981273,4.6132958801498125,0.7219101123595506,0.0,0.27808988764044945,0.19382022471910113,0.0,0.009363295880149813,0.7968164794007491,0.9859550561797753,0.003770752254454699,0.09654292932407661,0.023802357717264834,0.0005589927629359226,0.5648941532258065,0.34363295880149813,0.026242108342508525,0.16968688471066617,0.21157267452677042,-0.02318422241315295,0.2917086693548387,0.6956928838951311,0.024487523343068744,0.09869614240441742,0.027751058677005714,0.0005190117037938313,0.5040322580645161,0.399812734082397,0.9906367041198502,161.91974047205977,165.32793586999333,169.88846591709557,4.808988764044944,0.8323970037453183,0.021039040775808072,0.2846441947565543,0.26591760299625467,0.5777153558052435,0.50187265917603,0.13764044943820225,0.23220973782771537,0.13641941428899315,0.49209957703022167,0.7039125882908311
0.1%,0.25,0.3,20,d0.05/w5/mw0.25,1480,370,1068,0.27837837837837837,200.74054054054054,11.164864864864866,17.161985018726593,15.0,25.0,11.02434456928839,6.137640449438202,3.635767790262172,0.7134831460674157,0.15730337078651685,0.12921348314606743,0.22191011235955055,0.031835205992509365,0.0,0.7462546816479401,0.9850187265917603,0.004093461404172869,0.16066830906567564,0.037955331143178686,-0.0026023700177908162,0.5909148185483871,0.38202247191011235,0.026707338144194362,0.19368701815729122,0.20913747263704457,-0.024537084841118245,0.30462449596774194,0.7846441947565543,0.020889528681336245,0.1598892414207341,0.03888781094382439,-0.002696168167424295,0.5509702620967742,0.3913857677902622,1.0,170.46109775838065,173.87840832079553,174.17787930120886,4.808988764044944,0.7883895131086143,0.02303009024322624,0.30711610486891383,0.26591760299625467,0.5646067415730337,0.50187265917603,0.12827715355805244,0.23220973782771537,0.1337124042091196,0.49209957703022167,0.7039125882908311
0.1%,0.25,0.3,40,d0.05/w5/mw0.25,1480,370,1068,0.27837837837837837,200.74054054054054,11.164864864864866,20.125468164794007,15.0,40.0,13.346441947565543,6.7790262172284645,4.228464419475656,0.8220973782771536,0.04868913857677903,0.12921348314606743,0.23782771535580524,0.016853932584269662,0.0,0.7453183520599251,0.9840823970037453,0.003970850299049512,0.15834306049491323,0.0377896240316986,-0.0022185971246140514,0.5948840725806451,0.3792134831460674,0.026742486452671573,0.18980283533161418,0.2101568553516994,-0.022868642554235322,0.3025453629032258,0.7827715355805244,0.020816507490085755,0.15762927424300294,0.038740218895948295,-0.002280798389942309,0.5540574596774194,0.38857677902621723,1.0,165.67140609373698,169.04380049194174,171.68816468019998,4.808988764044944,0.8080524344569289,0.021831525765438762,0.30711610486891383,0.26591760299625467,0.5749063670411985,0.50187265917603,0.11797752808988764,0.23220973782771537,0.13588343837660588,0.49209957703022167,0.7039125882908311
0.1%,0.25,0.3,80,d0.05/w5/mw0.25,1480,370,1068,0.27837837837837837,200.74054054054054,11.164864864864866,20.921348314606742,15.0,40.0,13.964419475655431,6.956928838951311,4.387640449438202,0.8707865168539326,0.0,0.12921348314606743,0.2406367041198502,0.0,0.009363295880149813,0.75,0.9840823970037453,0.003970850299049512,0.15796430662301475,0.03773921438121638,-0.002269006775096288,0.5948210685483871,0.3792134831460674,0.026742486452671573,0.191472309193306,0.21038401470571536,-0.022691623147280116,0.30393145161290325,0.7827715355805244,0.020816507490085755,0.15723845081661225,0.03868738974352108,-0.0023336275423695247,0.553679435483871,0.38857677902621723,0.9906367041198502,161.92600373317921,165.2662986977718,169.86287921455846,4.808988764044944,0.8155430711610487,0.021425566223275655,0.30711610486891383,0.26591760299625467,0.5674157303370787,0.50187265917603,0.1254681647940075,0.23220973782771537,0.13767906187621415,0.49209957703022167,0.7039125882908311
0.1%,1.0,0.15,20,d0.05/w5/mw0.25,1480,370,1152,0.22162162162162163,389.4135135135135,11.164864864864866,22.94184027777778,23.0,38.0,15.72829861111111,7.213541666666667,4.997395833333333,0.3177083333333333,0.3732638888888889,0.3090277777777778,0.3446180555555556,0.12239583333333333,0.003472222222222222,0.5295138888888888,0.9904513888888888,0.002828412836981035,0.08966620785046359,0.02088461504945476,0.004505229961835642,0.66,0.3611111111111111,0.025068731604417333,0.265310757362051,0.23162474985641263,0.010354824463815318,0.33955555555555555,0.65625,0.0244021502950947,0.13231430800065022,0.05505842995219014,0.030088388661149143,0.5685,0.3776041666666667,0.9965277777777778,41.684179947630305,45.46226702684061,45.80549245558437,3.7569444444444446,0.7465277777777778,0.022607800799934224,0.2725694444444444,0.25,0.5295138888888888,0.5729166666666666,0.19791666666666666,0.17708333333333334,0.11406199618986988,0.4241559947076947,0.5700801603160731
0.1%,1.0,0.15,40,d0.05/w5/mw0.25,1480,370,1152,0.22162162162162163,389.4135135135135,11.164864864864866,29.1796875,23.0,45.0,20.60763888888889,8.57204861111111,6.276909722222222,0.6119791666666666,0.07899305555555555,0.3090277777777778,0.3671875,0.06510416666666667,0.003472222222222222,0.5642361111111112,0.9904513888888888,0.0028284128369810355,0.07508552739494442,0.017874595075258827,0.005063944679517169,0.6546666666666666,0.3515625,0.02461762281016897,0.23952632658154493,0.22794125217555739,0.029130251428258154,0.3397777777777778,0.6501736111111112,0.024240169000238822,0.11537710194104024,0.052057356297264136,0.03169812699547114,0.5601666666666667,0.3819444444444444,0.9965277777777778,39.192693291910274,42.99505422082053,44.634768023205275,3.7569444444444446,0.8185763888888888,0.019663163677304824,0.2664930555555556,0.25,0.5998263888888888,0.5729166666666666,0.13368055555555555,0.17708333333333334,0.1382955640324733,0.4241559947076947,0.5700801603160731
0.1%,1.0,0.15,80,d0.05/w5/mw0.25,1480,370,1152,0.22162162162162163,389.4135135135135,11.164864864864866,31.549479166666668,23.0,60.0,21.64496527777778,9.90451388888889,6.750868055555555,0.6909722222222222,0.0,0.3090277777777778,0.4114583333333333,0.0,0.022569444444444444,0.5659722222222222,0.9904513888888888,0.002828412836981035,0.0746040825240062,0.017820040661379526,0.005009390265637869,0.6583888888888889,0.3602430555555556,0.02467174229190445,0.24634245575185165,0.22605764849533788,0.030321323423552465,0.354,0.6493055555555556,0.024212045661990183,0.11473469490304766,0.05194181897930387,0.03151229526010656,0.5626666666666666,0.3880208333333333,0.9661458333333334,31.792924614120768,35.5461742010545,41.53264711804739,3.7569444444444446,0.8272569444444444,0.01908092375899811,0.2664930555555556,0.25,0.5911458333333334,0.5729166666666666,0.1423611111111111,0.17708333333333334,0.1409081450641499,0.4241559947076947,0.5700801603160731
0.1%,1.0,0.2,20,d0.05/w5/mw0.25,1480,370,1152,0.22162162162162163,389.4135135135135,11.164864864864866,22.54340277777778,23.0,36.0,15.047743055555555,7.495659722222222,4.817708333333333,0.5416666666666666,0.3159722222222222,0.1423611111111111,0.3368055555555556,0.1423611111111111,0.003472222222222222,0.5173611111111112,0.9895833333333334,0.002948843582600116,0.12352298058265548,0.030472228036728784,0.004302169150579439,0.6979444444444445,0.3732638888888889,0.025142146204761566,0.2762445215268375,0.23069898899564403,0.008525962628103614,0.34555555555555556,0.7109375,0.022608207261014913,0.1569444663667966,0.057793171456067265,0.028798454827819706,0.6205555555555555,0.3810763888888889,0.9965277777777778,41.690793689093944,45.45008542625131,45.78588795340531,3.7569444444444446,0.7317708333333334,0.022566361484989462,0.2916666666666667,0.25,0.5164930555555556,0.5729166666666666,0.1918402777777778,0.17708333333333334,0.11372591397607286,0.4241559947076947,0.5700801603160731
0.1%,1.0,0.2,40,d0.05/w1/mw0.25,1480,370,1152,0.22162162162162163,389.4135135135135,11.164864864864866,27.874131944444443,23.0,45.0,19.015625,8.858506944444445,5.888020833333333,0.7847222222222222,0.07291666666666667,0.1423611111111111,0.3697916666666667,0.0642361111111111,0.003472222222222222,0.5625,0.9887152777777778,0.0030636884239937045,0.11725128906805143,0.02904744801772874,0.0052685010388623275,0.6943333333333334,0.3559027777777778,0.024476706119147467,0.24444879807899117,0.23001113926423442,0.04070916545871103,0.3511666666666667,0.6909722222222222,0.02277441802884705,0.14706928784065823,0.05722246862126336,0.03181882547488801,0.6132777777777778,0.3923611111111111,0.9965277777777778,39.127753642702,42.951690073816195,43.664798709548656,3.7569444444444446,0.796875,0.020353708868932324,0.2829861111111111,0.25,0.5920138888888888,0.5729166666666666,0.125,0.17708333333333334,0.1367232264615838,0.4241559947076947,0.5700801603160731
0.1%,1.0,0.2,40,d0.05/w5/mw0.25,1480,370,1152,0.22162162162162163,389.4135135135135,11.164864864864866,28.321180555555557,23.0,45.0,19.015625,9.305555555555555,5.977430555555555,0.7847222222222222,0.07291666666666667,0.1423611111111111,0.3897569444444444,0.06510416666666667,0.003472222222222222,0.5416666666666666,0.9887152777777778,0.0030636884239937045,0.11725128906805143,0.02904744801772874,0.0052685010388623275,0.7106666666666667,0.3784722222222222,0.024960413823660384,0.2598257989298445,0.22496024425106972,0.029101789669523696,0.3557777777777778,0.7109375,0.02237286285204855,0.15091102545740195,0.05675278065956879,0.031048976393190184,0.6311666666666667,0.3845486111111111,0.9965277777777778,39.150864041573854,42.90480452416503,44.531543785690516,3.7569444444444446,0.7994791666666666,0.019975795299050268,0.2838541666666667,0.25,0.5807291666666666,0.5729166666666666,0.13541666666666666,0.17708333333333334,0.13694682769904673,0.4241559947076947,0.5700801603160731
0.1%,1.0,0.2,40,d0/w1/mw0.001,1480,370,1152,0.22162162162162163,389.4135135135135,11.164864864864866,55.009548611111114,55.0,80.0,19.015625,35.993923611111114,11.315104166666666,0.7847222222222222,0.07291666666666667,0.1423611111111111,0.0,0.8793402777777778,0.010416666666666666,0.11024305555555555,0.9887152777777778,0.0030636884239937045,0.11725128906805143,0.02904744801772874,0.0052685010388623275,0.9268888888888889,0.7552083333333334,0.02349238234847397,0.6264345612536638,0.17742765005039446,-0.0014493914293241008,0.6286111111111111,0.9140625,0.012926121860129404,0.3121057847319413,0.050120745398479855,0.00529764544811261,0.8924444444444445,0.3263888888888889,0.9895833333333334,23.53237729802129,25.19024550071633,30.81541813238268,3.7569444444444446,0.8072916666666666,0.018869293209838826,0.2960069444444444,0.25,0.5512152777777778,0.5729166666666666,0.1527777777777778,0.17708333333333334,0.14976117786084348,0.4241559947076947,0.5700801603160731
0.1%,1.0,0.2,40,d0/w5/mw0.001,1480,370,1152,0.22162162162162163,389.4135135135135,11.164864864864866,56.90190972222222,55.0,80.0,19.015625,37.88628472222222,11.69357638888889,0.7847222222222222,0.07291666666666667,0.1423611111111111,0.0,0.9331597222222222,0.010416666666666666,0.05642361111111111,0.9887152777777778,0.0030636884239937045,0.11725128906805143,0.02904744801772874,0.0052685010388623275,0.9217777777777778,0.7855902777777778,0.022494111279550404,0.6062360641716215,0.18092489670027637,-0.013103921195118443,0.6357777777777778,0.9375,0.010791036880891922,0.29161886614254023,0.048559351953899356,0.008512544326975109,0.888,0.3368055555555556,0.9895833333333334,23.571928913781115,25.15026409960319,36.16963413719256,3.7569444444444446,0.8046875,0.01935090835889278,0.2977430555555556,0.25,0.5529513888888888,0.5729166666666666,0.14930555555555555,0.17708333333333334,0.1484769972496152,0.4241559947076947,0.5700801603160731
0.1%,1.0,0.2,40,d0/w5/mw0.25,1480,370,1152,0.22162162162162163,389.4135135135135,11.164864864864866,33.30381944444444,23.0,70.0,19.015625,14.288194444444445,6.973958333333333,0.7847222222222222,0.07291666666666667,0.1423611111111111,0.0,0.2586805555555556,0.010416666666666666,0.7309027777777778,0.9887152777777778,0.0030636884239937045,0.11725128906805143,0.02904744801772874,0.0052685010388623275,0.7420555555555556,0.4236111111111111,0.02589952659212224,0.2866834185223875,0.2120473836006138,0.02409564701511334,0.39766666666666667,0.7335069444444444,0.021856179472469123,0.1550596644282377,0.05633598260967587,0.029672017001108258,0.6685555555555556,0.4045138888888889,0.9895833333333334,30.741068787526753,33.96030960764213,40.08768466262078,3.7569444444444446,0.8064236111111112,0.01956679013095649,0.2838541666666667,0.25,0.5737847222222222,0.5729166666666666,0.1423611111111111,0.17708333333333334,0.14194593921679335,0.4241559947076947,0.5700801603160731
0.1%,1.0,0.2,80,d0.05/w5/mw0.25,1480,370,1152,0.22162162162162163,389.4135135135135,11.164864864864866,30.67795138888889,23.0,60.0,20.022569444444443,10.655381944444445,6.448784722222222,0.8576388888888888,0.0,0.1423611111111111,0.4340277777777778,0.0,0.022569444444444444,0.5434027777777778,0.9878472222222222,0.003173553848670687,0.11694547012682577,0.029064132415413446,0.005285185436547038,0.7141666666666666,0.3862847222222222,0.024982650932572768,0.2673249769502316,0.22286924846970577,0.030505972384429623,0.36922222222222223,0.7100694444444444,0.022350613529045403,0.15069027619574776,0.05674523689116436,0.030944785718510892,0.6337222222222222,0.3923611111111111,0.9670138888888888,31.74663756686651,35.4505910897771,41.4546730443726,3.7569444444444446,0.8090277777777778,0.019404089186074582,0.2838541666666667,0.25,0.5729166666666666,0.5729166666666666,0.14322916666666666,0.17708333333333334,0.13847865906912007,0.4241559947076947,0.5700801603160731
0.1%,1.0,0.3,20,d0.05/w5/mw0.25,1480,370,1152,0.22162162162162163,389.4135135135135,11.164864864864866,21.755208333333332,20.0,35.0,13.925347222222221,7.829861111111111,4.534722222222222,0.6935763888888888,0.2439236111111111,0.0625,0.3585069444444444,0.1519097222222222,0.003472222222222222,0.4861111111111111,0.9895833333333334,0.002948843582600116,0.17394652372119282,0.04068080762972555,-0.00016045569411405234,0.7396666666666667,0.3949652777777778,0.025294720322052388,0.2870980328266392,0.23008633008597135,0.008492669105498408,0.3547777777777778,0.8038194444444444,0.018944835117304236,0.195061419045381,0.05924162973872307,0.025179052619554727,0.6835555555555556,0.3958333333333333,0.9965277777777778,41.682869619887796,45.44365988934324,45.78862115630596,3.7569444444444446,0.7092013888888888,0.02286364532565801,0.3072916666666667,0.25,0.5095486111111112,0.5729166666666666,0.1831597222222222,0.17708333333333334,0.11251058529969685,0.4241559947076947,0.5700801603160731
0.1%,1.0,0.3,40,d0.05/w5/mw0.25,1480,370,1152,0.22162162162162163,389.4135135135135,11.164864864864866,27.336805555555557,20.0,47.0,17.34982638888889,9.986979166666666,5.651041666666667,0.8645833333333334,0.07291666666666667,0.0625,0.4270833333333333,0.0685763888888889,0.003472222222222222,0.5008680555555556,0.9835069444444444,0.0036631905741218757,0.1745317059760939,0.041700030425673,0.003991452128758676,0.7551111111111111,0.4071180555555556,0.025340764120220603,0.2760706389699912,0.2218990532740348,0.03208705831419693,0.36883333333333335,0.8046875,0.018634280237209744,0.19611948629612497,0.05965052941589039,0.031236562276925766,0.6986666666666667,0.4036458333333333,0.9965277777777778,39.10561142412284,42.84558347507506,44.53597549688664,3.7569444444444446,0.7630208333333334,0.020360093071817006,0.3055555555555556,0.25,0.5590277777777778,0.5729166666666666,0.13541666666666666,0.17708333333333334,0.13213987403154118,0.4241559947076947,0.5700801603160731
0.1%,1.0,0.3,80,d0.05/w5/mw0.25,1480,370,1152,0.22162162162162163,389.4135135135135,11.164864864864866,29.736979166666668,20.0,60.0,18.356770833333332,11.380208333333334,6.131076388888889,0.9375,0.0,0.0625,0.4748263888888889,0.0,0.022569444444444444,0.5026041666666666,0.9826388888888888,0.0037513619356181823,0.17422588703486827,0.04171671482335772,0.004008136526443388,0.7588333333333334,0.4140625,0.02533661945986074,0.28361108224166603,0.22023652302151142,0.03307193641607512,0.38222222222222224,0.8038194444444444,0.018622793623749814,0.19600705532459786,0.05966205224112781,0.030986952082467527,0.7013888888888888,0.4105902777777778,0.9670138888888888,31.69757930356478,35.38756439483641,41.5772739361069,3.7569444444444446,0.7717013888888888,0.019883050175340845,0.3055555555555556,0.25,0.5503472222222222,0.5729166666666666,0.1440972222222222,0.17708333333333334,0.1330679434364076,0.4241559947076947,0.5700801603160731
0.1%,4.0,0.15,20,d0.05/w5/mw0.25,1480,370,1208,0.1837837837837838,732.3972972972973,11.164864864864866,23.920529801324502,25.0,28.0,18.001655629139073,5.91887417218543,5.066225165562914,0.2259933774834437,0.6026490066225165,0.17135761589403972,0.847682119205298,0.048841059602649006,0.026490066225165563,0.07698675496688742,0.9768211920529801,0.005205030738716993,0.11345828543941576,0.023890854353722207,0.005147587736937531,0.7637830793905372,0.40066225165562913,0.025615322022857722,0.3957964872927776,0.22794301924261,0.016902773854951855,0.4256214915797915,0.6233443708609272,0.025033897545723653,0.34056602626059623,0.13671024593530154,0.06394504075222641,0.655322774659182,0.3468543046357616,0.9701986754966887,1.0647091402004485,4.919416410741059,4.977185691161962,2.8178807947019866,0.4461920529801324,0.02662469946667362,0.8038079470198676,0.31125827814569534,0.18956953642384106,0.5761589403973509,0.006622516556291391,0.11258278145695365,0.052377428813548906,0.4950704905165233,0.6203420052215709
0.1%,4.0,0.15,40,d0.05/w5/mw0.25,1480,370,1208,0.1837837837837838,732.3972972972973,11.164864864864866,33.169701986754966,35.0,45.0,27.337748344370862,5.831953642384106,6.956953642384106,0.6556291390728477,0.17052980132450332,0.173841059602649,0.8783112582781457,0.012417218543046357,0.026490066225165563,0.08278145695364239,0.9652317880794702,0.007043659655903597,0.09391810701990828,0.021048535438619446,0.011213074182890971,0.754410585404972,0.3352649006622517,0.02492909325954908,0.258153131696324,0.192717012470865,0.08060939835251259,0.3985064153969527,0.570364238410596,0.024973255795448762,0.2774604856590726,0.12523488872033894,0.1120560315015181,0.6230954290296712,0.4105960264900662,0.9701986754966887,1.0220028694322254,4.894678550080747,4.954778717334156,2.8178807947019866,0.47516556291390727,0.026024103918314036,0.7475165562913907,0.31125827814569534,0.1986754966887417,0.5761589403973509,0.05380794701986755,0.11258278145695365,0.06090775355918367,0.4950704905165233,0.6203420052215709
0.1%,4.0,0.15,80,d0.05/w5/mw0.25,1480,370,1208,0.1837837837837838,732.3972972972973,11.164864864864866,35.37996688741722,35.0,55.0,29.27069536423841,6.1092715231788075,7.3990066225165565,0.8261589403973509,0.0,0.173841059602649,0.8899006622516556,0.0,0.026490066225165563,0.0836092715231788,0.9710264900662252,0.0059183216994642815,0.09219882969140286,0.020478728810715646,0.010643483816889333,0.7595729751403368,0.3344370860927152,0.024869431828348464,0.24755334955570008,0.19013821846905274,0.08319436787652693,0.3999599037690457,0.5745033112582781,0.024947123570936675,0.2743009009626619,0.12439405069733951,0.11132771514080204,0.6271551724137931,0.4205298013245033,0.9668874172185431,1.0053562379547831,4.836905960037863,5.231913917120707,2.8178807947019866,0.4900662251655629,0.025845198537153526,0.7293046357615894,0.31125827814569534,0.19536423841059603,0.5761589403973509,0.07533112582781457,0.11258278145695365,0.06268254528944213,0.4950704905165233,0.6203420052215709
0.1%,4.0,0.2,20,d0.05/w5/mw0.25,1480,370,1208,0.1837837837837838,732.3972972972973,11.164864864864866,23.348509933774835,25.0,28.0,17.392384105960264,5.95612582781457,4.874172185430464,0.3882450331125828,0.5488410596026491,0.06291390728476821,0.8518211920529801,0.048841059602649006,0.026490066225165563,0.0728476821192053,0.9759933774834437,0.005258338954872789,0.13871442514864626,0.029752844161989533,0.005341893608898159,0.8095429029671211,0.3973509933774834,0.02541007774804541,0.39734111309018993,0.22721020684866533,0.015917169243413343,0.4299819566960706,0.6349337748344371,0.024415669828518963,0.34662376841517056,0.13649590064995998,0.06298303474499083,0.7046411387329591,0.34933774834437087,0.9701986754966887,1.0684100637246097,4.915715487216898,4.970438786430798,2.8178807947019866,0.4445364238410596,0.026327692675015016,0.8054635761589404,0.31125827814569534,0.1879139072847682,0.5761589403973509,0.006622516556291391,0.11258278145695365,0.050789495923958324,0.4950704905165233,0.6203420052215709
0.1%,4.0,0.2,40,d0.05/w1/mw0.25,1480,370,1208,0.1837837837837838,732.3972972972973,11.164864864864866,30.853476821192054,30.0,45.0,25.021523178807946,5.831953642384106,6.379966887417218,0.8079470198675497,0.1291390728476821,0.06291390728476821,0.8816225165562914,0.012417218543046357,0.026490066225165563,0.07947019867549669,0.9627483443708609,0.007147138726796093,0.1328591777884678,0.029883396042007647,0.013515633508179154,0.7974639133921412,0.2897350993377483,0.023807544544182643,0.242804923149491,0.1918437549821257,0.08174345985042594,0.40126303127506013,0.5918874172185431,0.024006432845840347,0.2907198935000724,0.1281815132983458,0.11520880390070504,0.6760725741780272,0.41225165562913907,0.9701986754966887,1.018371564771623,4.898319125655477,4.933239300771039,2.8178807947019866,0.4594370860927152,0.0258388994338277,0.7640728476821192,0.31125827814569534,0.17963576158940397,0.5761589403973509,0.056291390728476824,0.11258278145695365,0.056737442233326434,0.4950704905165233,0.6203420052215709
0.1%,4.0,0.2,40,d0.05/w5/mw0.25,1480,370,1208,0.1837837837837838,732.3972972972973,11.164864864864866,30.92798013245033,30.0,45.0,25.021523178807946,5.906456953642384,6.3948675496688745,0.8079470198675497,0.1291390728476821,0.06291390728476821,0.8882450331125827,0.012417218543046357,0.026490066225165563,0.0728476821192053,0.9627483443708609,0.007147138726796093,0.1328591777884678,0.029883396042007647,0.013515633508179154,0.7990176423416199,0.33195364238410596,0.024744663669861788,0.2622126696167363,0.19145692735053857,0.0812794316679908,0.40527265437048915,0.5985099337748344,0.02386146548298983,0.2955287318413765,0.12816770093686608,0.11575661941229136,0.6785785886126704,0.41142384105960267,0.9701986754966887,1.0245825561915314,4.892098863321441,4.948623868904271,2.8178807947019866,0.46688741721854304,0.025887446540076763,0.7591059602649006,0.31125827814569534,0.1870860927152318,0.5761589403973509,0.05380794701986755,0.11258278145695365,0.05742577733245723,0.4950704905165233,0.6203420052215709
0.1%,4.0,0.2,40,d0/w1/mw0.001,1480,370,1208,0.1837837837837838,732.3972972972973,11.164864864864866,55.99917218543046,60.0,80.0,25.021523178807946,30.977649006622517,11.40976821192053,0.8079470198675497,0.1291390728476821,0.06291390728476821,0.0,0.7235099337748344,0.052980132450331126,0.22350993377483444,0.9627483443708609,0.007147138726796093,0.1328591777884678,0.029883396042007647,0.013515633508179154,0.8989073777064955,0.6556291390728477,0.025650849039588162,0.5870385754679782,0.15634309083177067,0.026580160828256105,0.6148255813953488,0.8178807947019867,0.01857336233529622,0.4896778977876292,0.11317490317958105,0.0679328120115635,0.8430733761026463,0.3195364238410596,0.9470198675496688,0.22151995445960831,2.4448218718773753,4.81123112025818,2.8178807947019866,0.46688741721854304,0.024354750704879483,0.6978476821192053,0.31125827814569534,0.23344370860927152,0.5761589403973509,0.06870860927152318,0.11258278145695365,0.049515429179965195,0.4950704905165233,0.6203420052215709
0.1%,4.0,0.2,40,d0/w5/mw0.001,1480,370,1208,0.1837837837837838,732.3972972972973,11.164864864864866,56.7317880794702,60.0,80.0,25.021523178807946,31.710264900662253,11.556291390728477,0.8079470198675497,0.1291390728476821,0.06291390728476821,0.0,0.7450331125827815,0.052980132450331126,0.20198675496688742,0.9627483443708609,0.007147138726796093,0.1328591777884678,0.029883396042007647,0.013515633508179154,0.9010625501202887,0.6804635761589404,0.0253226598639779,0.5609091365010827,0.15594686756460674,0.03262745454975089,0.6233961507618284,0.8352649006622517,0.017935615640938395,0.4705805385228114,0.11095123259594758,0.07531352443932403,0.847985164394547,0.35844370860927155,0.9470198675496688,0.2514752362562706,2.4145918953079906,4.541858978978654,2.8178807947019866,0.4768211920529801,0.02500527949014498,0.7168874172185431,0.31125827814569534,0.222682119205298,0.5761589403973509,0.060430463576158944,0.11258278145695365,0.05338680707391803,0.4950704905165233,0.6203420052215709
0.1%,4.0,0.2,40,d0/w5/mw0.25,1480,370,1208,0.1837837837837838,732.3972972972973,11.164864864864866,39.35182119205298,35.0,80.0,25.021523178807946,14.330298013245033,8.080298013245033,0.8079470198675497,0.1291390728476821,0.06291390728476821,0.0,0.24668874172185432,0.052980132450331126,0.7003311258278145,0.9627483443708609,0.007147138726796093,0.1328591777884678,0.029883396042007647,0.013515633508179154,0.8351543704891741,0.39486754966887416,0.025416930997104993,0.29670855396163526,0.1810357338505324,0.08042223691727923,0.4658179631114675,0.6167218543046358,0.023440807574979995,0.3056832976309687,0.12660046967214778,0.11128355664810118,0.7230352846832397,0.41225165562913907,0.9470198675496688,-0.24594480275268352,3.2156759835700273,4.458503710649306,2.8178807947019866,0.4610927152317881,0.025418184986455917,0.7599337748344371,0.31125827814569534,0.17963576158940397,0.5761589403973509,0.060430463576158944,0.11258278145695365,0.06306226516919682,0.4950704905165233,0.6203420052215709
0.1%,4.0,0.2,80,d0.05/w5/mw0.25,1480,370,1208,0.1837837837837838,732.3972972972973,11.164864864864866,32.89403973509934,30.0,55.0,26.710264900662253,6.183774834437086,6.788079470198675,0.9370860927152318,0.0,0.06291390728476821,0.8998344370860927,0.0,0.026490066225165563,0.07367549668874172,0.9619205298013245,0.007275786975427764,0.13267088887689643,0.029989844915254093,0.013622298643327767,0.7996692060946271,0.33112582781456956,0.024684187560359033,0.2513178155960099,0.1886157383231245,0.08466124487945356,0.406425421010425,0.5985099337748344,0.02386146548298983,0.2936147050160053,0.12930728092495603,0.11705149318893623,0.6787790697674418,0.42135761589403975,0.9668874172185431,1.0079359247140893,4.834326273278558,5.225765691207379,2.8178807947019866,0.4817880794701987,0.025723526029525493,0.7408940397350994,0.31125827814569534,0.1837748344370861,0.5761589403973509,0.07533112582781457,0.11258278145695365,0.059249754555133316,0.4950704905165233,0.6203420052215709
0.1%,4.0,0.3,20,d0.05/w5/mw0.25,1480,370,1208,0.1837837837837838,732.3972972972973,11.164864864864866,22.547185430463575,25.0,26.0,16.524834437086092,6.022350993377484,4.618377483443709,0.5364238410596026,0.45364238410596025,0.009933774834437087,0.8600993377483444,0.048841059602649006,0.026490066225165563,0.06456953642384106,0.9751655629139073,0.005310683459064751,0.17336335963634772,0.035941439638988264,0.001714420687719391,0.8366579791499599,0.40728476821192056,0.025347461867561327,0.39930353490861764,0.226222886855394,0.014467775743188095,0.433841218925421,0.6506622516556292,0.023777881387594936,0.3559361702980571,0.13542329343808054,0.060953368281412984,0.740878107457899,0.3543046357615894,0.9701986754966887,1.0738015526707034,4.91035889840904,4.97013370765095,2.8178807947019866,0.4503311258278146,0.02671582503153411,0.8096026490066225,0.31125827814569534,0.1837748344370861,0.5761589403973509,0.006622516556291391,0.11258278145695365,0.05342760601377622,0.4950704905165233,0.6203420052215709
0.1%,4.0,0.3,40,d0.05/w5/mw0.25,1480,370,1208,0.1837837837837838,732.3972972972973,11.164864864864866,28.962748344370862,27.5,45.0,22.98592715231788,5.97682119205298,5.901490066225166,0.8642384105960265,0.12582781456953643,0.009933774834437087,0.8965231788079471,0.012417218543046357,0.026490066225165563,0.06456953642384106,0.9437086092715232,0.008564708492636327,0.1817136722969904,0.041854244367524746,0.016730255964309607,0.8153568564554932,0.33774834437086093,0.024496799074221,0.26368674946443305,0.190404518638175,0.08218691653764622,0.4084803528468324,0.6134105960264901,0.023229876212856392,0.3099593115059941,0.1330391406493248,0.12121205016561769,0.706495589414595,0.4230132450331126,0.9701986754966887,1.029920948648456,4.886795371002752,4.948278795475617,2.8178807947019866,0.4693708609271523,0.026201136083438034,0.7649006622516556,0.31125827814569534,0.18129139072847683,0.5761589403973509,0.05380794701986755,0.11258278145695365,0.05995517163172994,0.4950704905165233,0.6203420052215709
0.1%,4.0,0.3,80,d0.05/w5/mw0.25,1480,370,1208,0.1837837837837838,732.3972972972973,11.164864864864866,30.912251655629138,27.5,55.0,24.658112582781456,6.254139072847682,6.291390728476821,0.9900662251655629,0.0,0.009933774834437087,0.9081125827814569,0.0,0.026490066225165563,0.06539735099337748,0.9428807947019867,0.00866631345981916,0.18168653223301195,0.042048587720883795,0.016924815579570814,0.8159582999198075,0.33692052980132453,0.024436361709759685,0.25268028710243995,0.18754849769108595,0.08566063100076275,0.4096331194867682,0.6134105960264901,0.023229876212856392,0.30805453093290913,0.1343803562627369,0.12270855956758474,0.7066459502806736,0.4329470198675497,0.9668874172185431,1.0132743171710137,4.8290227809598685,5.225413995262169,2.8178807947019866,0.48427152317880795,0.02603446859421912,0.7466887417218543,0.31125827814569534,0.17798013245033112,0.5761589403973509,0.07533112582781457,0.11258278145695365,0.06188559265792149,0.4950704905165233,0.6203420052215709
0.44%,0.25,0.15,20,d0.05/w5/mw0.25,1684,421,1412,0.16152019002375298,107.04275534441805,49.802850356294535,21.64943342776204,25.0,25.0,16.525495750708217,5.123937677053824,4.555240793201133,0.5814447592067988,0.2535410764872521,0.165014164305949,0.10198300283286119,0.000708215297450425,0.0,0.8973087818696884,0.9773371104815864,0.004434707527863194,0.10219585303409578,0.02497635896660656,0.00011307947887565706,0.4439607771260997,0.12110481586402266,0.015213802999720612,0.09138782468114386,0.2435236997468181,0.1868101922060508,0.21600073313782991,0.7223796033994334,0.021566501046741807,0.10098965469929874,0.0495303636319995,0.03527785089170558,0.39626099706744866,0.3123229461756374,1.0,87.65148360016612,119.70739750534528,119.931556560107,25.662889518413596,0.8123229461756374,0.017886738581293162,0.6473087818696884,0.6118980169971672,0.2847025495750708,0.29461756373937675,0.0679886685552408,0.09348441926345609,0.06266108404922067,0.6985962769667038,0.7674761601830529
0.44%,0.25,0.15,40,d0.05/w5/mw0.25,1684,421,1412,0.16152019002375298,107.04275534441805,49.802850356294535,24.43413597733711,25.0,36.90000000000009,19.271246458923514,5.162889518413598,5.128895184135978,0.7889518413597734,0.04603399433427762,0.165014164305949,0.1048158640226629,0.00141643059490085,0.0,0.8937677053824362,0.9737960339943342,0.004868468003873016,0.0852997749567922,0.021425601349034488,0.00124713929623377,0.43342192082111436,0.11402266288951841,0.014835589177418004,0.08403122986022121,0.2443142840344179,0.18815045677021855,0.21068548387096775,0.7103399433427762,0.021501389286141884,0.08476876196669411,0.04635588684421929,0.03631065893924178,0.38063599706744866,0.31090651558073656,1.0,87.61408560720668,119.6671787453097,119.91248415453242,25.662889518413596,0.8356940509915014,0.01745207349520461,0.6621813031161473,0.6118980169971672,0.278328611898017,0.29461756373937675,0.059490084985835696,0.09348441926345609,0.06679196011173916,0.6985962769667038,0.7674761601830529
0.44%,0.25,0.15,80,d0.05/w5/mw0.25,1684,421,1412,0.16152019002375298,107.04275534441805,49.802850356294535,24.861189801699716,25.0,36.90000000000009,19.6699716713881,5.191218130311615,5.2145892351274785,0.8349858356940509,0.0,0.165014164305949,0.10127478753541076,0.0,0.00141643059490085,0.8973087818696884,0.9759206798866855,0.004743048116204349,0.08431282782357825,0.021123565394428057,0.000911090427807349,0.4340175953079179,0.11402266288951841,0.014835589177418004,0.084253264709535,0.244248402473204,0.18809588838054478,0.21114369501466276,0.7110481586402266,0.02151675859065917,0.08387512290445177,0.04607394054770189,0.03600611660560139,0.38063599706744866,0.311614730878187,0.9985835694050992,87.55160940659503,119.60470254469806,119.92012604882163,25.662889518413596,0.8371104815864022,0.017432140212477507,0.6621813031161473,0.6118980169971672,0.278328611898017,0.29461756373937675,0.059490084985835696,0.09348441926345609,0.0671307963135169,0.6985962769667038,0.7674761601830529
0.44%,0.25,0.2,20,d0.05/w5/mw0.25,1684,421,1412,0.16152019002375298,107.04275534441805,49.802850356294535,21.196175637393768,24.0,25.0,15.997875354107649,5.198300283286119,4.405099150141643,0.7471671388101983,0.16359773371104816,0.08923512747875353,0.10623229461756374,0.00141643059490085,0.0,0.8923512747875354,0.976628895184136,0.004480737151228949,0.12071614058776865,0.0298300066367611,0.00011777005119874021,0.4473973607038123,0.1281869688385269,0.015313132068465648,0.09931833820824501,0.24151123959961288,0.1848754002345857,0.21765029325513197,0.773371104815864,0.01936983845523859,0.11815243771601389,0.05130721798580018,0.03526154052929178,0.40767045454545453,0.3094900849858357,1.0,87.67980449514283,119.6790766103686,119.89890762536795,25.662889518413596,0.7981586402266289,0.018342655018954417,0.6593484419263456,0.6118980169971672,0.28257790368271957,0.29461756373937675,0.05807365439093484,0.09348441926345609,0.062071193891326266,0.6985962769667038,0.7674761601830529
0.44%,0.25,0.2,40,d0.05/w1/mw0.25,1684,421,1412,0.16152019002375298,107.04275534441805,49.802850356294535,23.057365439093484,24.0,30.0,17.78116147308782,5.276203966005665,4.778328611898017,0.8746458923512748,0.03611898016997167,0.08923512747875353,0.11614730878186968,0.000708215297450425,0.0,0.8831444759206799,0.9716713881019831,0.004988166754108789,0.11356475971264707,0.028470320638074215,0.0009518287434491159,0.4434109237536657,0.1281869688385269,0.015081448878582713,0.09453263865885049,0.2377026289270494,0.1816356531823754,0.21513013196480937,0.7662889518413598,0.019286384880611275,0.11136788766214784,0.04959692778851153,0.035586912157474004,0.4002474340175953,0.31373937677053826,1.0,87.70456674489837,119.61584637698962,119.72830039499406,25.662889518413596,0.8144475920679887,0.017681383426062267,0.6657223796033994,0.6118980169971672,0.28753541076487255,0.29461756373937675,0.046742209631728045,0.09348441926345609,0.06581991959894644,0.6985962769667038,0.7674761601830529
0.44%,0.25,0.2,40,d0.05/w5/mw0.25,1684,421,1412,0.16152019002375298,107.04275534441805,49.802850356294535,23.00070821529745,24.0,30.0,17.78116147308782,5.219546742209632,4.76699716713881,0.8746458923512748,0.03611898016997167,0.08923512747875353,0.11331444759206799,0.000708215297450425,0.0,0.8859773371104815,0.9716713881019831,0.004988166754108789,0.11356475971264707,0.028470320638074215,0.0009518287434491159,0.4416697214076246,0.1253541076487252,0.014948399511552773,0.0927746464783693,0.24241831507080158,0.1863498201223362,0.21425953079178886,0.7662889518413598,0.019286384880611275,0.11121270183902238,0.04998421444451286,0.03601569336312226,0.39937683284457476,0.31090651558073656,1.0,87.6662402977178,119.6541728241702,119.8940685283894,25.662889518413596,0.8087818696883853,0.018130047541052633,0.6706798866855525,0.6118980169971672,0.2790368271954674,0.29461756373937675,0.05028328611898017,0.09348441926345609,0.06388555399984183,0.6985962769667038,0.7674761601830529
0.44%,0.25,0.2,40,d0/w1/mw0.001,1684,421,1412,0.16152019002375298,107.04275534441805,49.802850356294535,56.98796033994334,58.0,65.0,17.78116147308782,39.20679886685552,11.564447592067989,0.8746458923512748,0.03611898016997167,0.08923512747875353,0.0,0.9773371104815864,0.0,0.0226628895184136,0.9716713881019831,0.004988166754108789,0.11356475971264707,0.028470320638074215,0.0009518287434491159,0.9110153958944281,0.863314447592068,0.015002634677276814,0.37981504798567595,0.13711449798075226,0.05113990425312014,0.6953354105571847,0.9093484419263456,0.009661718960398604,0.1565693907756257,0.040767612792800174,0.010067633028813201,0.8816440615835777,0.5113314447592068,1.0,69.5848547255429,80.41017865366496,92.19968352333464,25.662889518413596,0.8293201133144475,0.015480915459320534,0.6550991501416431,0.6118980169971672,0.29178470254957506,0.29461756373937675,0.05311614730878187,0.09348441926345609,0.0732487968626245,0.6985962769667038,0.7674761601830529
0.44%,0.25,0.2,40,d0/w5/mw0.001,1684,421,1412,0.16152019002375298,107.04275534441805,49.802850356294535,56.963172804532576,58.0,65.0,17.78116147308782,39.18201133144476,11.559490084985836,0.8746458923512748,0.03611898016997167,0.08923512747875353,0.0,0.976628895184136,0.0,0.023371104815864022,0.9716713881019831,0.004988166754108789,0.11356475971264707,0.028470320638074215,0.0009518287434491159,0.8663856304985337,0.7974504249291785,0.018224116215795,0.3224883332307653,0.14149223047086176,0.07257634610554431,0.6643603372434017,0.8746458923512748,0.01281020598155944,0.14243465185867074,0.040349061595273766,0.017823819991896597,0.8339442815249267,0.5184135977337111,1.0,69.57848229755163,80.41655108165622,100.15679624434956,25.662889518413596,0.8250708215297451,0.016422246551484797,0.6720963172804533,0.6118980169971672,0.2776203966005666,0.29461756373937675,0.05028328611898017,0.09348441926345609,0.07228337078394391,0.6985962769667038,0.7674761601830529
0.44%,0.25,0.2,40,d0/w5/mw0.25,1684,421,1412,0.16152019002375298,107.04275534441805,49.802850356294535,23.93201133144476,24.0,35.0,17.78116147308782,6.15084985835694,4.953257790368272,0.8746458923512748,0.03611898016997167,0.08923512747875353,0.0,0.02903682719546742,0.0,0.9709631728045326,0.9716713881019831,0.004988166754108789,0.11356475971264707,0.028470320638074215,0.0009518287434491159,0.4472598973607038,0.13314447592067988,0.015242061814678414,0.09271607130794197,0.23921242980420127,0.1831572263417397,0.22287390029325513,0.7669971671388102,0.019245484910933922,0.1114898244864083,0.04990432834947135,0.035898452181870835,0.40510447214076245,0.31586402266288954,1.0,87.21919974391898,118.24320291361312,119.24432630905045,25.662889518413596,0.8094900849858357,0.01794217779262942,0.669971671388102,0.6118980169971672,0.2818696883852691,0.29461756373937675,0.04815864022662889,0.09348441926345609,0.06401881735604152,0.6985962769667038,0.7674761601830529
0.44%,0.25,0.2,80,d0.05/w5/mw0.25,1684,421,1412,0.16152019002375298,107.04275534441805,49.802850356294535,23.294617563739376,24.0,30.0,18.060906515580736,5.23371104815864,4.825779036827195,0.9107648725212465,0.0,0.08923512747875353,0.11260623229461757,0.0,0.000708215297450425,0.886685552407932,0.9730878186968839,0.004805425944735461,0.11323061137409554,0.028358696476062296,0.0008450334484915695,0.44199046920821117,0.1253541076487252,0.014948399511552773,0.09292051647707314,0.24234301468435468,0.18639846182485004,0.21462609970674487,0.7669971671388102,0.01929768547608321,0.110914127982386,0.04988111974267629,0.03592237555732165,0.3992851906158358,0.31090651558073656,0.9992917847025495,87.63500219741198,119.62293472386438,119.89085716321104,25.662889518413596,0.8101983002832861,0.018116838949441275,0.6706798866855525,0.6118980169971672,0.2790368271954674,0.29461756373937675,0.05028328611898017,0.09348441926345609,0.06415761934171012,0.6985962769667038,0.7674761601830529
0.44%,0.25,0.3,20,d0.05/w5/mw0.25,1684,421,1412,0.16152019002375298,107.04275534441805,49.802850356294535,20.80169971671388,22.0,25.0,15.486543909348441,5.315155807365439,4.284702549575071,0.8703966005665722,0.08640226628895184,0.04320113314447592,0.11543909348441926,0.0035410764872521247,0.0,0.8810198300283286,0.9780453257790368,0.004387870380222202,0.14238686309739543,0.03446410002712581,-0.001064407677255167,0.453125,0.136685552407932,0.01578679038253192,0.10405583291277862,0.23874205445033447,0.18218214065868718,0.22030791788856305,0.81657223796034,0.016976447931769657,0.13857155183851727,0.051953389694926654,0.03400445929707124,0.42045454545454547,0.3094900849858357,1.0,87.74494621777201,119.6139348877394,119.85547942965096,25.662889518413596,0.7847025495750708,0.01852407969426256,0.6572237960339944,0.6118980169971672,0.29320113314447593,0.29461756373937675,0.049575070821529746,0.09348441926345609,0.05986955160945703,0.6985962769667038,0.7674761601830529
0.44%,0.25,0.3,40,d0.05/w5/mw0.25,1684,421,1412,0.16152019002375298,107.04275534441805,49.802850356294535,22.076487252124647,22.0,25.0,16.725920679886684,5.350566572237961,4.539660056657223,0.9256373937677054,0.031161473087818695,0.04320113314447592,0.12252124645892351,0.000708215297450425,0.0,0.876770538243626,0.9723796033994334,0.004948876818981006,0.14201897851145773,0.03470127403440791,-0.00010419599158060197,0.4501008064516129,0.13456090651558072,0.015598559766904217,0.09919416673500112,0.23960176892104948,0.18369268586608964,0.21783357771260997,0.8123229461756374,0.016963013076866873,0.13816861491519603,0.052092920975740885,0.03491430780392603,0.4155058651026393,0.3094900849858357,1.0,87.7434186096301,119.5769945122579,119.84885881337624,25.662889518413596,0.7861189801699717,0.018407405999538985,0.6572237960339944,0.6118980169971672,0.3002832861189802,0.29461756373937675,0.042492917847025496,0.09348441926345609,0.05958837009744536,0.6985962769667038,0.7674761601830529
0.44%,0.25,0.3,80,d0.05/w5/mw0.25,1684,421,1412,0.16152019002375298,107.04275534441805,49.802850356294535,22.3314447592068,22.0,25.0,16.96671388101983,5.364730878186969,4.590651558073654,0.9567988668555241,0.0,0.04320113314447592,0.12322946175637393,0.0,0.000708215297450425,0.8760623229461756,0.9716713881019831,0.004988166754108789,0.14212229429567974,0.03477757577731368,-2.306538162046394e-05,0.4500091642228739,0.13456090651558072,0.015598559766904217,0.099503126233485,0.23945019297726244,0.18381760312594356,0.21820014662756598,0.8116147308781869,0.01695553533123761,0.13826331611234677,0.052160441538535336,0.034991605262756444,0.4150476539589443,0.3094900849858357,0.9992917847025495,87.71218050932427,119.54575641195207,119.8438473419656,25.662889518413596,0.7875354107648725,0.018399353630078406,0.6572237960339944,0.6118980169971672,0.3002832861189802,0.29461756373937675,0.042492917847025496,0.09348441926345609,0.059841185533049374,0.6985962769667038,0.7674761601830529
0.44%,1.0,0.15,20,d0.05/w5/mw0.25,1684,421,1532,0.09026128266033254,258.32779097387174,49.802850356294535,25.18733681462141,25.0,27.0,19.45626631853786,5.731070496083551,5.135117493472585,0.32963446475195823,0.6403394255874674,0.030026109660574413,0.2924281984334204,0.03590078328981723,0.0026109660574412533,0.6690600522193212,0.9575718015665796,0.006060089527471816,0.17388468134461316,0.04055741500805392,0.005057140282082386,0.5967909731113956,0.16383812010443866,0.015989813041816146,0.13334285095497023,0.2816127924520154,0.21532867348869275,0.26872599231754163,0.512402088772846,0.021579115135739037,0.16026376161052894,0.11023681271706848,0.09837001054498169,0.47135083226632524,0.27154046997389036,0.9973890339425587,17.225555516670315,47.811154242208836,48.07576445924126,20.5065274151436,0.70822454308094,0.020201335223432017,0.6860313315926893,0.5456919060052219,0.21409921671018275,0.22193211488250653,0.09986945169712794,0.23237597911227154,0.02408169218773651,0.5503689004967524,0.5985453474344165
0.44%,1.0,0.15,40,d0.05/w5/mw0.25,1684,421,1532,0.09026128266033254,258.32779097387174,49.802850356294535,33.98237597911227,33.0,45.0,28.06201044386423,5.920365535248042,6.932114882506528,0.8035248041775457,0.1664490861618799,0.030026109660574413,0.2904699738903394,0.020234986945169713,0.0026109660574412533,0.6866840731070496,0.9608355091383812,0.0057945759010454454,0.11832681780170123,0.028621943315578262,0.001192829107941216,0.5539372599231754,0.12336814621409922,0.014404827098096401,0.11150610127463097,0.28361658113236815,0.22476536724714918,0.24667893725992318,0.43733681462140994,0.02233668457246968,0.11556927522937507,0.10256482014811288,0.09813277549655616,0.40532970550576186,0.2669712793733681,0.9973890339425587,16.237733054165354,47.0090438866733,47.651441858054376,20.5065274151436,0.737597911227154,0.019521147834126132,0.6455613577023499,0.5456919060052219,0.2597911227154047,0.22193211488250653,0.09464751958224543,0.23237597911227154,0.030781436495626712,0.5503689004967524,0.5985453474344165
0.44%,1.0,0.15,80,d0.05/w5/mw0.25,1684,421,1532,0.09026128266033254,258.32779097387174,49.802850356294535,35.984986945169716,33.0,55.0,30.002610966057443,5.9823759791122715,7.33289817232376,0.9699738903394256,0.0,0.030026109660574413,0.3113577023498694,0.0,0.0039164490861618795,0.6847258485639687,0.9614882506527415,0.005769111898123038,0.11307561282938758,0.027094971093362473,-0.0010332981626460722,0.5485755441741357,0.11618798955613577,0.013760846290531509,0.1101053419205385,0.2829058098697924,0.22466090391979512,0.24411811779769527,0.43929503916449086,0.02232214891379736,0.11021510190917268,0.1005365237243282,0.0954772692699431,0.4008082586427657,0.26240208877284593,0.9934725848563969,16.592643990830116,47.053628425113914,47.81555557904578,20.5065274151436,0.7519582245430809,0.019155768584601253,0.6305483028720626,0.5456919060052219,0.27610966057441255,0.22193211488250653,0.0933420365535248,0.23237597911227154,0.03389779064736983,0.5503689004967524,0.5985453474344165
0.44%,1.0,0.2,20,d0.05/w5/mw0.25,1684,421,1532,0.09026128266033254,258.32779097387174,49.802850356294535,24.99804177545692,25.0,26.0,19.211488250652742,5.7865535248041775,5.076370757180157,0.48759791122715407,0.4980417754569191,0.014360313315926894,0.29112271540469975,0.03720626631853786,0.0026109660574412533,0.6690600522193212,0.9569190600522193,0.006083235850790594,0.1805615748777695,0.04183556070732385,0.005237492039244584,0.5991117157490397,0.16383812010443866,0.015989813041816146,0.13556051397797642,0.2804520127259171,0.21416789376259443,0.26884603072983354,0.5163185378590078,0.02143322505579363,0.1656274339515928,0.10997480550887903,0.09810800333679226,0.47463188220230473,0.27088772845953,0.9973890339425587,17.246415683449648,47.7902940754295,48.047590813349665,20.5065274151436,0.7056135770234987,0.020186753806633977,0.6866840731070496,0.5456919060052219,0.21214099216710183,0.22193211488250653,0.10117493472584857,0.23237597911227154,0.02406393180261548,0.5503689004967524,0.5985453474344165
0.44%,1.0,0.2,40,d0.05/w1/mw0.25,1684,421,1532,0.09026128266033254,258.32779097387174,49.802850356294535,31.302872062663184,29.0,45.0,25.030026109660575,6.272845953002611,6.341383812010444,0.9086161879895561,0.07702349869451697,0.014360313315926894,0.3009138381201044,0.025456919060052218,0.0026109660574412533,0.6710182767624021,0.9530026109660574,0.006284880793027575,0.1479306004045186,0.035292428285872354,0.003481783457130441,0.5829465428937259,0.13511749347258487,0.014891688961488589,0.1247372220719455,0.2786285514600868,0.2201383574791718,0.2562019846350832,0.48172323759791125,0.021198596527561092,0.13941655337144873,0.10289700721437377,0.09733367402520787,0.44622279129321385,0.26631853785900783,0.9973890339425587,16.367391584698236,46.87938535614041,47.16834449993478,20.5065274151436,0.7193211488250653,0.01929194180540826,0.6331592689295039,0.5456919060052219,0.28067885117493474,0.22193211488250653,0.08616187989556136,0.23237597911227154,0.030749970228817546,0.5503689004967524,0.5985453474344165
0.44%,1.0,0.2,40,d0.05/w5/mw0.25,1684,421,1532,0.09026128266033254,258.32779097387174,49.802850356294535,31.162532637075717,28.0,45.0,25.030026109660575,6.132506527415144,6.31331592689295,0.9086161879895561,0.07702349869451697,0.014360313315926894,0.29112271540469975,0.024151436031331592,0.0026109660574412533,0.6821148825065274,0.9530026109660574,0.006284880793027575,0.1479306004045186,0.035292428285872354,0.003481783457130441,0.5750640204865557,0.12989556135770236,0.014550434486866985,0.11939375226400321,0.28229424624551297,0.22348521767221885,0.2529209346991037,0.4725848563968668,0.021433485250795876,0.13837245755869473,0.10466605292373342,0.09922432080055256,0.4375,0.26240208877284593,0.9973890339425587,16.31707157509776,46.929705365740894,47.56032589126417,20.5065274151436,0.7193211488250653,0.01959949618132565,0.6514360313315927,0.5456919060052219,0.2591383812010444,0.22193211488250653,0.08942558746736293,0.23237597911227154,0.0281088327725169,0.5503689004967524,0.5985453474344165
0.44%,1.0,0.2,40,d0/w1/mw0.001,1684,421,1532,0.09026128266033254,258.32779097387174,49.802850356294535,62.14817232375979,60.0,75.0,25.030026109660575,37.11814621409922,12.510443864229766,0.9086161879895561,0.07702349869451697,0.014360313315926894,0.0,0.9157963446475196,0.005221932114882507,0.07898172323759792,0.9530026109660574,0.006284880793027575,0.1479306004045186,0.035292428285872354,0.003481783457130441,0.9127720870678617,0.8335509138381201,0.016185189172981576,0.4414849467180104,0.17724308263270389,0.0894209871310563,0.6840188860435339,0.9268929503916449,0.008847663795681292,0.285853485755209,0.06526073634511373,0.032774062483892086,0.8922055057618438,0.466710182767624,0.9947780678851175,15.518159113384096,28.15793142169886,35.64243148377124,20.5065274151436,0.7434725848563969,0.01839077083976773,0.6148825065274152,0.5456919060052219,0.2885117493472585,0.22193211488250653,0.09660574412532637,0.23237597911227154,0.04187108734586769,0.5503689004967524,0.5985453474344165
0.44%,1.0,0.2,40,d0/w5/mw0.001,1684,421,1532,0.09026128266033254,258.32779097387174,49.802850356294535,62.12532637075718,60.0,75.0,25.030026109660575,37.095300261096604,12.505874673629243,0.9086161879895561,0.07702349869451697,0.014360313315926894,0.0,0.9151436031331592,0.005221932114882507,0.07963446475195822,0.9530026109660574,0.006284880793027575,0.1479306004045186,0.035292428285872354,0.003481783457130441,0.8824023687580026,0.7676240208877284,0.018125891982434927,0.38086778996800064,0.18504795868400553,0.11434797835653128,0.6511283610755442,0.8903394255874674,0.01132641471026963,0.23962894900191406,0.06785630183709707,0.05001053356305413,0.8518325864276568,0.4412532637075718,0.9947780678851175,15.496619170126419,28.17947136495724,38.30417813881666,20.5065274151436,0.741514360313316,0.018836235793483366,0.6442558746736292,0.5456919060052219,0.24673629242819844,0.22193211488250653,0.10900783289817233,0.23237597911227154,0.043085833203030784,0.5503689004967524,0.5985453474344165
0.44%,1.0,0.2,40,d0/w5/mw0.25,1684,421,1532,0.09026128266033254,258.32779097387174,49.802850356294535,33.36553524804177,30.0,45.0,25.030026109660575,8.335509138381202,6.753916449086162,0.9086161879895561,0.07702349869451697,0.014360313315926894,0.0,0.09138381201044386,0.005221932114882507,0.9033942558746736,0.9530026109660574,0.006284880793027575,0.1479306004045186,0.035292428285872354,0.003481783457130441,0.5872279129321383,0.1468668407310705,0.015367412606878468,0.12213409089170894,0.2758308426442558,0.21866103716237398,0.2666453265044814,0.4725848563968668,0.021373609167999616,0.13809737261417177,0.10429135736263104,0.09866171397363625,0.4503441101152369,0.26827676240208875,0.9947780678851175,11.180056903189968,40.64438498639673,44.350422018408395,20.5065274151436,0.7173629242819843,0.019580308754632056,0.6514360313315927,0.5456919060052219,0.2597911227154047,0.22193211488250653,0.08877284595300261,0.23237597911227154,0.03036361146032646,0.5503689004967524,0.5985453474344165
0.44%,1.0,0.2,80,d0.05/w5/mw0.25,1684,421,1532,0.09026128266033254,258.32779097387174,49.802850356294535,32.13185378590078,28.0,50.0,25.79046997389034,6.341383812010444,6.507180156657963,0.9856396866840731,0.0,0.014360313315926894,0.3191906005221932,0.0,0.0039164490861618795,0.6768929503916449,0.9497389033942559,0.006649977801838199,0.14753575845991918,0.03513005825907735,0.0033175433040137517,0.5756241997439181,0.12924281984334204,0.014462629007625807,0.12034617746033828,0.2810628851282338,0.22408793087505116,0.2560819462227913,0.47127937336814624,0.021369120832671222,0.1381742629854306,0.10457598281720469,0.09906781775777998,0.4388604353393086,0.26240208877284593,0.9928198433420365,16.646205583772993,46.944520867451764,47.97015022415461,20.5065274151436,0.7251958224543081,0.019369259439573717,0.6468668407310705,0.5456919060052219,0.2643603133159269,0.22193211488250653,0.08877284595300261,0.23237597911227154,0.029698178050118883,0.5503689004967524,0.5985453474344165
0.44%,1.0,0.3,20,d0.05/w5/mw0.25,1684,421,1532,0.09026128266033254,258.32779097387174,49.802850356294535,24.509138381201044,25.0,25.0,18.654046997389035,5.85509138381201,4.95953002610966,0.7180156657963447,0.2741514360313316,0.007832898172323759,0.2963446475195822,0.038511749347258484,0.0026109660574412533,0.662532637075718,0.95822454308094,0.005965484665553218,0.19347780479913138,0.04450774863781018,0.006302974444073322,0.602632842509603,0.16383812010443866,0.015989813041816146,0.13816589606133217,0.2795875296161737,0.21330341065285108,0.26888604353393086,0.5300261096605744,0.020940313048886633,0.17462988257526563,0.1106419155958826,0.09877511342379582,0.48047375160051214,0.27154046997389036,0.9973890339425587,17.27493785924987,47.76177189962928,48.025412795512885,20.5065274151436,0.7069190600522193,0.02017299122096625,0.6899477806788512,0.5456919060052219,0.21344647519582247,0.22193211488250653,0.09660574412532637,0.23237597911227154,0.025305562849192612,0.5503689004967524,0.5985453474344165
0.44%,1.0,0.3,40,d0.05/w5/mw0.25,1684,421,1532,0.09026128266033254,258.32779097387174,49.802850356294535,27.857702349869452,25.0,40.0,21.57832898172324,6.2793733681462145,5.629242819843342,0.9451697127937336,0.04699738903394256,0.007832898172323759,0.31201044386422977,0.022845953002610966,0.0026109660574412533,0.662532637075718,0.9471279373368147,0.006661205926531142,0.18904341497690813,0.04447387153652153,0.011436704061624428,0.6019526248399488,0.14425587467362924,0.015404311645617709,0.12670364016164376,0.28300425923195394,0.22506121723583677,0.2592829705505762,0.508485639686684,0.020235703503980993,0.16919745523615937,0.11161144122685779,0.10665178634183323,0.47107074263764404,0.26370757180156656,0.9973890339425587,16.427694954633495,46.8581605469135,47.5707936296275,20.5065274151436,0.7088772845953003,0.02013070512582467,0.6945169712793734,0.5456919060052219,0.22845953002610966,0.22193211488250653,0.07702349869451697,0.23237597911227154,0.02606364051391631,0.5503689004967524,0.5985453474344165
0.44%,1.0,0.3,80,d0.05/w5/mw0.25,1684,421,1532,0.09026128266033254,258.32779097387174,49.802850356294535,28.62467362924282,25.0,40.0,22.152741514360315,6.471932114882507,5.782637075718016,0.9921671018276762,0.0,0.007832898172323759,0.337467362924282,0.0,0.0039164490861618795,0.6586161879895561,0.9425587467362925,0.007093261434069383,0.1896376468090958,0.044896842323246915,0.011858337794264862,0.6015124839948783,0.14556135770234988,0.015482889369198146,0.12745723393928748,0.2817536719998839,0.22597538173690562,0.2622839308578745,0.5052219321148825,0.02016458534674421,0.1699546615381993,0.11221212719379689,0.10719618998993452,0.4707906530089629,0.2643603133159269,0.9928198433420365,16.737965241182476,46.88919926315725,47.99105414260688,20.5065274151436,0.7075718015665796,0.020144828809297813,0.6945169712793734,0.5456919060052219,0.22845953002610966,0.22193211488250653,0.07702349869451697,0.23237597911227154,0.025933811556208754,0.5503689004967524,0.5985453474344165
0.44%,4.0,0.15,20,d0.05/w5/mw0.25,1684,421,1552,0.07838479809976247,683.7957244655582,49.802850356294535,25.227448453608247,25.0,25.0,20.037371134020617,5.190077319587629,5.077963917525773,0.12757731958762886,0.8646907216494846,0.007731958762886598,0.625,0.006443298969072165,0.023195876288659795,0.34536082474226804,0.9362113402061856,0.006819811891815246,0.20654781317998233,0.04705956645018883,0.006333422537532294,0.7692910447761194,0.2538659793814433,0.0186529574974903,0.21175565388698137,0.2145772508960156,0.1556925472294621,0.4109328358208955,0.4497422680412371,0.022258733691986332,0.27024276906667044,0.15683026037534162,0.11196209766899869,0.6361567164179105,0.33634020618556704,0.9768041237113402,-9.50232538093935,12.743254806618786,12.882333180007,13.18298969072165,0.5380154639175257,0.023775139925529196,0.884020618556701,0.44072164948453607,0.11597938144329897,0.4072164948453608,0.0,0.15206185567010308,0.039965034444560094,0.6115513013854872,0.6776305835431442
0.44%,4.0,0.15,40,d0.05/w5/mw0.25,1684,421,1552,0.07838479809976247,683.7957244655582,49.802850356294535,40.10373711340206,45.0,45.0,34.990979381443296,5.112757731958763,8.063788659793815,0.49806701030927836,0.49420103092783507,0.007731958762886598,0.6153350515463918,0.001288659793814433,0.023195876288659795,0.360180412371134,0.9194587628865979,0.008230034394213232,0.14737589610524182,0.03722517576014223,0.012905952003272375,0.7300373134328358,0.1481958762886598,0.01595598540403125,0.10329535764040657,0.22523404669790364,0.1971145086809151,0.3451865671641791,0.2918814432989691,0.019291426372334594,0.1956771482298093,0.17079772334749616,0.16753610836401336,0.5098880597014925,0.3292525773195876,0.9768041237113402,-9.469632592070125,12.71090605424347,12.86820151915344,13.18298969072165,0.5425257731958762,0.023729094074152596,0.8807989690721649,0.44072164948453607,0.11211340206185567,0.4072164948453608,0.007087628865979381,0.15206185567010308,0.040949572655499845,0.6115513013854872,0.6776305835431442
0.44%,4.0,0.15,80,d0.05/w5/mw0.25,1684,421,1552,0.07838479809976247,683.7957244655582,49.802850356294535,46.7235824742268,50.0,65.0,41.58505154639175,5.138530927835052,9.38853092783505,0.9922680412371134,0.0,0.007731958762886598,0.6179123711340206,0.0,0.023195876288659795,0.3588917525773196,0.9362113402061856,0.007291747031833546,0.12528131406726445,0.029373989287119057,0.004017157537577364,0.7272014925373135,0.14690721649484537,0.01580344431631734,0.08893939522037901,0.22018859310305708,0.1998080257167013,0.3401865671641791,0.30347938144329895,0.0196244277031924,0.18850909012955294,0.1639717498051771,0.16054134857024782,0.5065298507462687,0.3402061855670103,0.9768041237113402,-9.45643083371392,12.697332020362785,12.85594577428459,13.18298969072165,0.5438144329896907,0.023705483254457985,0.8814432989690721,0.44072164948453607,0.11146907216494846,0.4072164948453608,0.007087628865979381,0.15206185567010308,0.04133128903535581,0.6115513013854872,0.6776305835431442
0.44%,4.0,0.2,20,d0.05/w5/mw0.25,1684,421,1552,0.07838479809976247,683.7957244655582,49.802850356294535,25.200386597938145,25.0,25.0,20.010309278350515,5.190077319587629,5.071520618556701,0.21585051546391754,0.7789948453608248,0.005154639175257732,0.625,0.006443298969072165,0.023195876288659795,0.34536082474226804,0.9362113402061856,0.006819811891815246,0.2072275605696202,0.04719031916336644,0.006415324113927871,0.7696641791044776,0.2538659793814433,0.0186529574974903,0.21179145917820277,0.21450411207980988,0.15561940841325636,0.4109701492537313,0.4497422680412371,0.022258733691986332,0.27060873605510055,0.15687866932547542,0.11201050661913248,0.636455223880597,0.33698453608247425,0.9768041237113402,-9.50232538093935,12.743254806618786,12.879835757326587,13.18298969072165,0.538659793814433,0.023781207978811926,0.8833762886597938,0.44072164948453607,0.11662371134020619,0.4072164948453608,0.0,0.15206185567010308,0.04008178826230186,0.6115513013854872,0.6776305835431442
0.44%,4.0,0.2,40,d0.05/w1/mw0.25,1684,421,1552,0.07838479809976247,683.7957244655582,49.802850356294535,37.42461340206186,40.0,45.0,32.30219072164948,5.122422680412371,7.516752577319588,0.7319587628865979,0.26288659793814434,0.005154639175257732,0.6076030927835051,0.001288659793814433,0.023195876288659795,0.36791237113402064,0.9213917525773195,0.007996862835901971,0.16613269513748613,0.04132329434178147,0.016755505935429838,0.7661567164179105,0.16172680412371135,0.01653209135273894,0.10493450898622525,0.2227237773709484,0.19441014325620848,0.35,0.3079896907216495,0.019623143035867343,0.20273035230674827,0.17007196671242442,0.16684301992219028,0.5410447761194029,0.33118556701030927,0.9768041237113402,-9.476674895309644,12.717948357482989,12.75229023769014,13.18298969072165,0.5496134020618557,0.0231694766686762,0.8460051546391752,0.44072164948453607,0.14690721649484537,0.4072164948453608,0.007087628865979381,0.15206185567010308,0.03945624912877013,0.6115513013854872,0.6776305835431442
0.44%,4.0,0.2,40,d0.05/w5/mw0.25,1684,421,1552,0.07838479809976247,683.7957244655582,49.802850356294535,37.40528350515464,40.0,45.0,32.30219072164948,5.103092783505154,7.512886597938144,0.7319587628865979,0.26288659793814434,0.005154639175257732,0.604381443298969,0.001288659793814433,0.023195876288659795,0.3711340206185567,0.9213917525773195,0.007996862835901971,0.16613269513748613,0.04132329434178147,0.016755505935429838,0.7584328358208955,0.1481958762886598,0.016111743407094085,0.10464748606954566,0.22505203427114956,0.19690358702250554,0.3483582089552239,0.28930412371134023,0.019455772389197244,0.2006348546127079,0.1720370662068955,0.16896680640955342,0.533955223880597,0.327319587628866,0.9768041237113402,-9.47709840425143,12.718371866424775,12.847644834764136,13.18298969072165,0.5438144329896907,0.023775613695457838,0.8801546391752577,0.44072164948453607,0.11275773195876289,0.4072164948453608,0.007087628865979381,0.15206185567010308,0.040137051154931824,0.6115513013854872,0.6776305835431442
0.44%,4.0,0.2,40,d0/w1/mw0.001,1684,421,1552,0.07838479809976247,683.7957244655582,49.802850356294535,63.313788659793815,70.0,80.0,32.30219072164948,31.01159793814433,12.69458762886598,0.7319587628865979,0.26288659793814434,0.005154639175257732,0.0,0.740979381443299,0.030927835051546393,0.22809278350515463,0.9213917525773195,0.007996862835901971,0.16613269513748613,0.04132329434178147,0.016755505935429838,0.898955223880597,0.7229381443298969,0.02012918971179668,0.38361002252057586,0.17130179002095025,0.11760432493993421,0.6637686567164179,0.7802835051546392,0.016864617798299824,0.40485185591277423,0.13059341109460926,0.10013495326534139,0.8486940298507463,0.4697164948453608,0.9690721649484536,-5.561276720647519,6.944395232662687,10.990169857008873,13.18298969072165,0.5708762886597938,0.020873895949223,0.6507731958762887,0.44072164948453607,0.34085051546391754,0.4072164948453608,0.008376288659793814,0.15206185567010308,0.0410655792374842,0.6115513013854872,0.6776305835431442
0.44%,4.0,0.2,40,d0/w5/mw0.001,1684,421,1552,0.07838479809976247,683.7957244655582,49.802850356294535,64.96005154639175,70.0,80.0,32.30219072164948,32.657860824742265,13.023840206185566,0.7319587628865979,0.26288659793814434,0.005154639175257732,0.0,0.7880154639175257,0.030927835051546393,0.18105670103092783,0.9213917525773195,0.007996862835901971,0.16613269513748613,0.04132329434178147,0.016755505935429838,0.9014179104477612,0.7190721649484536,0.02011479515213872,0.33966677841125964,0.17253333911772548,0.13267390786094674,0.6576492537313433,0.7847938144329897,0.01630211134117757,0.3674208025076414,0.13037062561883528,0.11403289378842175,0.8507835820895523,0.44458762886597936,0.9690721649484536,-5.330640590134423,6.713594427013859,10.42508077385083,13.18298969072165,0.601159793814433,0.021294950263280085,0.7306701030927835,0.44072164948453607,0.2609536082474227,0.4072164948453608,0.008376288659793814,0.15206185567010308,0.051606022490341324,0.6115513013854872,0.6776305835431442
0.44%,4.0,0.2,40,d0/w5/mw0.25,1684,421,1552,0.07838479809976247,683.7957244655582,49.802850356294535,40.25322164948454,40.0,45.0,32.30219072164948,7.951030927835052,8.082474226804123,0.7319587628865979,0.26288659793814434,0.005154639175257732,0.0,0.0818298969072165,0.030283505154639175,0.8878865979381443,0.9213917525773195,0.007996862835901971,0.16613269513748613,0.04132329434178147,0.016755505935429838,0.7636194029850746,0.17396907216494845,0.01704635980713943,0.11316441670536682,0.22205305317486007,0.19663971056588758,0.3655970149253731,0.2963917525773196,0.019426112689255943,0.20196061421426617,0.17099792766417962,0.16763612696710514,0.5438805970149254,0.33054123711340205,0.9697164948453608,-10.13746728999014,11.608603052122685,12.392991774723036,13.18298969072165,0.541881443298969,0.02367058938082399,0.8775773195876289,0.44072164948453607,0.11404639175257732,0.4072164948453608,0.008376288659793814,0.15206185567010308,0.04430831695055901,0.6115513013854872,0.6776305835431442
0.44%,4.0,0.2,80,d0.05/w5/mw0.25,1684,421,1552,0.07838479809976247,683.7957244655582,49.802850356294535,39.76997422680412,40.0,55.0,34.644329896907216,5.125644329896907,7.985824742268041,0.9948453608247423,0.0,0.005154639175257732,0.5998711340206185,0.0,0.023195876288659795,0.37693298969072164,0.9220360824742269,0.008541159591580456,0.16119902101873615,0.03878144720632949,0.014115009281598666,0.7631343283582089,0.14561855670103094,0.016017184462421945,0.09029040245561641,0.22113848536699274,0.20128299848828105,0.346455223880597,0.28414948453608246,0.019179439440874073,0.20023853476122608,0.17456836225371566,0.17155514237936142,0.5346268656716417,0.33569587628865977,0.9768041237113402,-9.463752972751761,12.704840297162866,12.83561234262984,13.18298969072165,0.5438144329896907,0.023775613695457838,0.8820876288659794,0.44072164948453607,0.11082474226804123,0.4072164948453608,0.007087628865979381,0.15206185567010308,0.040538487366543016,0.6115513013854872,0.6776305835431442
0.44%,4.0,0.3,20,d0.05/w5/mw0.25,1684,421,1552,0.07838479809976247,683.7957244655582,49.802850356294535,25.114690721649485,25.0,25.0,19.91172680412371,5.202963917525773,5.052835051546392,0.39368556701030927,0.6037371134020618,0.002577319587628866,0.6256443298969072,0.006443298969072165,0.023195876288659795,0.3447164948453608,0.9375,0.006789542806857185,0.2095680261607301,0.04755453688829615,0.0066166531256950266,0.7708208955223881,0.2538659793814433,0.0186529574974903,0.21186242833916447,0.21398213777992217,0.15509743411336868,0.4109701492537313,0.4497422680412371,0.022258733691986332,0.27093123524529533,0.1564087679144692,0.11154060520812625,0.6371268656716418,0.33698453608247425,0.9768041237113402,-9.497997798827056,12.738927224506492,12.872383819544188,13.18298969072165,0.5393041237113402,0.02389198793009779,0.8827319587628866,0.44072164948453607,0.1172680412371134,0.4072164948453608,0.0,0.15206185567010308,0.04105692425390411,0.6115513013854872,0.6776305835431442
0.44%,4.0,0.3,40,d0.05/w5/mw0.25,1684,421,1552,0.07838479809976247,683.7957244655582,49.802850356294535,32.77255154639175,30.0,45.0,27.68234536082474,5.09020618556701,6.584407216494846,0.8891752577319587,0.10824742268041238,0.002577319587628866,0.6185567010309279,0.001288659793814433,0.023195876288659795,0.35695876288659795,0.895618556701031,0.009222899722329852,0.20701102953940442,0.05450063023134877,0.033381651504681475,0.7912313432835821,0.15012886597938144,0.015974497334719884,0.10369450064048508,0.2271195278377455,0.19906068487771442,0.35526119402985074,0.2757731958762887,0.019288896019166668,0.20580948945015687,0.18095976363993854,0.1780909563773594,0.5602238805970149,0.3240979381443299,0.9768041237113402,-9.483300896229895,12.724574358403242,12.86943712240387,13.18298969072165,0.5393041237113402,0.023857119526837504,0.8859536082474226,0.44072164948453607,0.10695876288659793,0.4072164948453608,0.007087628865979381,0.15206185567010308,0.04203133520068384,0.6115513013854872,0.6776305835431442
0.44%,4.0,0.3,80,d0.05/w5/mw0.25,1684,421,1552,0.07838479809976247,683.7957244655582,49.802850356294535,34.09020618556701,30.0,50.0,28.98389175257732,5.106314432989691,6.847938144329897,0.9974226804123711,0.0,0.002577319587628866,0.6198453608247423,0.0,0.023195876288659795,0.35695876288659795,0.8788659793814433,0.010381037053461216,0.2086839109310071,0.055725430946843596,0.03463492571102924,0.7865298507462687,0.15141752577319587,0.016021169040796215,0.08868525940464511,0.22378760328514588,0.20429702581083073,0.3528358208955224,0.25837628865979384,0.018435880869673484,0.20604383503565293,0.18778180159182548,0.18514546616499006,0.5506343283582089,0.3337628865979381,0.9768041237113402,-9.46955080393176,12.710824266105103,12.860792861291298,13.18298969072165,0.5393041237113402,0.023857119526837504,0.8878865979381443,0.44072164948453607,0.10502577319587629,0.4072164948453608,0.007087628865979381,0.15206185567010308,0.04248980072543465,0.6115513013854872,0.6776305835431442
5%,0.25,0.15,20,d0.05/w5/mw0.25,1728,432,1668,0.034722222222222224,32.229166666666664,49.8287037037037,22.456235011990408,25.0,25.0,17.456235011990408,5.0,4.693045563549161,0.6648681055155875,0.2038369304556355,0.13129496402877697,0.04196642685851319,0.0,0.0,0.9580335731414868,0.9862110311750599,0.0027981392104069677,0.10352711542054868,0.024197788250796375,-0.0018048640611668283,0.632222451506397,0.30455635491606714,0.020151831979271766,0.05961642723689628,0.08663247452927526,0.05363019995448987,0.2964300453982666,0.776378896882494,0.017636832979581345,0.1000646587720067,0.03716124395014985,0.01617659167714158,0.574339661576558,0.657673860911271,1.0,-5.298301708024505,8.797034387137346,9.013386471052819,20.4052757793765,0.8597122302158273,0.013749185690453919,0.8087529976019184,0.7577937649880095,0.17685851318944845,0.22302158273381295,0.014388489208633094,0.019184652278177457,0.08007427916268552,0.8238123787826029,0.875694981572248
5%,0.25,0.15,40,d0.05/w5/mw0.25,1728,432,1668,0.034722222222222224,32.229166666666664,49.8287037037037,24.36990407673861,25.0,34.0,19.36990407673861,5.0,5.093525179856115,0.8615107913669064,0.007194244604316547,0.13129496402877697,0.046163069544364506,0.0,0.0,0.9538369304556354,0.986810551558753,0.0032234273623534724,0.08292793895137363,0.020148605266029154,3.7595460862660766e-05,0.6194799834915394,0.2865707434052758,0.019854054428149432,0.05456198521294747,0.08670349626777936,0.05429489534658786,0.28745356995460175,0.7661870503597122,0.017879227894055594,0.08083706812433186,0.033572442861022435,0.017974812203550905,0.5572121337185307,0.6624700239808153,1.0,-5.298301708024505,8.797034387137346,9.030319266590123,20.4052757793765,0.8806954436450839,0.013502524735677708,0.8177458033573142,0.7577937649880095,0.16786570743405277,0.22302158273381295,0.014388489208633094,0.019184652278177457,0.09021402778455485,0.8238123787826029,0.875694981572248
5%,0.25,0.15,80,d0.05/w5/mw0.25,1728,432,1668,0.034722222222222224,32.229166666666664,49.8287037037037,24.42386091127098,25.0,34.0,19.42386091127098,5.0,5.10431654676259,0.8687050359712231,0.0,0.13129496402877697,0.046163069544364506,0.0,0.0,0.9538369304556354,0.986810551558753,0.0032234273623534724,0.08264533229767487,0.020070879624097756,9.41064206514899e-05,0.6191188609162196,0.2865707434052758,0.019854054428149432,0.05442418577221247,0.08667050956061914,0.05432788205374807,0.2874019810152703,0.7661870503597122,0.017879227894055594,0.08056735844983508,0.03349418022958468,0.01802909009017104,0.5567994222038795,0.6618705035971223,1.0,-5.298301708024505,8.797034387137346,9.031927929659668,20.4052757793765,0.8812949640287769,0.013501884838954632,0.8171462829736211,0.7577937649880095,0.1684652278177458,0.22302158273381295,0.014388489208633094,0.019184652278177457,0.09009154886725704,0.8238123787826029,0.875694981572248
5%,0.25,0.2,20,d0.05/w5/mw0.25,1728,432,1668,0.034722222222222224,32.229166666666664,49.8287037037037,21.940647482014388,25.0,25.0,16.940647482014388,5.0,4.534772182254197,0.8033573141486811,0.12529976019184652,0.07134292565947242,0.04136690647482014,0.0,0.0,0.9586330935251799,0.9856115107913669,0.002854691516597032,0.12055967868568462,0.028262206331968746,-0.002338216862855364,0.637794056954189,0.31534772182254195,0.02019975167756675,0.06396732717048763,0.08638070814742844,0.0533764022720217,0.3005055716054478,0.8231414868105515,0.015447385099039411,0.11526557513120977,0.03852554198967858,0.015674500618399295,0.5902806438299628,0.6612709832134293,1.0,-5.298301708024505,8.797034387137346,9.017225382313804,20.4052757793765,0.8507194244604317,0.014106502269205828,0.8093525179856115,0.7577937649880095,0.17805755395683454,0.22302158273381295,0.012589928057553957,0.019184652278177457,0.07754886526905945,0.8238123787826029,0.875694981572248
5%,0.25,0.2,40,d0.05/w1/mw0.25,1728,432,1668,0.034722222222222224,32.229166666666664,49.8287037037037,22.868705035971225,25.0,30.0,17.868705035971225,5.0,4.723021582733813,0.9286570743405276,0.0,0.07134292565947242,0.042565947242206234,0.0,0.0,0.9574340527577938,0.987410071942446,0.00281169258399216,0.10976350476332418,0.026097625389788073,-0.0014874289305857207,0.6319129178704086,0.3009592326139089,0.019850398609526188,0.060780496188229324,0.08527476539457335,0.05248690855145936,0.29653322327692944,0.8225419664268585,0.01548910988009699,0.10507932447300862,0.036371702413087834,0.016311231248135476,0.5822327692942633,0.6672661870503597,1.0,-5.298301708024505,8.797034387137346,8.957281561158483,20.4052757793765,0.8669064748201439,0.013257205196672173,0.8045563549160671,0.7577937649880095,0.18525179856115107,0.22302158273381295,0.010191846522781775,0.019184652278177457,0.08284156215086771,0.8238123787826029,0.875694981572248
5%,0.25,0.2,40,d0.05/w5/mw0.25,1728,432,1668,0.034722222222222224,32.229166666666664,49.8287037037037,22.868705035971225,25.0,30.0,17.868705035971225,5.0,4.723021582733813,0.9286570743405276,0.0,0.07134292565947242,0.042565947242206234,0.0,0.0,0.9574340527577938,0.987410071942446,0.00281169258399216,0.10976350476332418,0.026097625389788073,-0.0014874289305857207,0.6345955427156418,0.3057553956834532,0.020018350027419356,0.060889531400394284,0.08655723929278136,0.05347374995312906,0.2960689228229468,0.8237410071942446,0.015498757029258762,0.10512593247414381,0.03656930695842362,0.01651487091159889,0.5856892282294676,0.6660671462829736,1.0,-5.298301708024505,8.797034387137346,9.030240512268477,20.4052757793765,0.8585131894484412,0.01413354816521117,0.8165467625899281,0.7577937649880095,0.17086330935251798,0.22302158273381295,0.012589928057553957,0.019184652278177457,0.08271521133872939,0.8238123787826029,0.875694981572248
5%,0.25,0.2,40,d0/w1/mw0.001,1728,432,1668,0.034722222222222224,32.229166666666664,49.8287037037037,57.155275779376495,60.0,65.0,17.868705035971225,39.28657074340528,11.580335731414868,0.9286570743405276,0.0,0.07134292565947242,0.0,0.26918465227817745,0.710431654676259,0.02038369304556355,0.987410071942446,0.00281169258399216,0.10976350476332418,0.026097625389788073,-0.0014874289305857207,0.9568200577796121,0.9490407673860911,0.007537115438265558,0.3389897843325394,0.05816745867726291,9.116287063099677e-05,0.9409306644655386,0.9640287769784173,0.005141329281318195,0.14390057264197068,0.029993065151097398,-0.003110101293597811,0.9414981427981841,0.5731414868105515,0.289568345323741,-0.06579766985697896,0.06846850730960632,7.985569529283199,20.4052757793765,0.8836930455635491,0.011696927751802602,0.7889688249400479,0.7577937649880095,0.20503597122302158,0.22302158273381295,0.005995203836930456,0.019184652278177457,0.08599469809004197,0.8238123787826029,0.875694981572248
5%,0.25,0.2,40,d0/w5/mw0.001,1728,432,1668,0.034722222222222224,32.229166666666664,49.8287037037037,57.34412470023981,60.0,65.0,17.868705035971225,39.475419664268586,11.61810551558753,0.9286570743405276,0.0,0.07134292565947242,0.0,0.26918465227817745,0.7158273381294964,0.01498800959232614,0.987410071942446,0.00281169258399216,0.10976350476332418,0.026097625389788073,-0.0014874289305857207,0.953518365662402,0.9460431654676259,0.0075108186217993115,0.2742950478994218,0.050847246089199494,0.008975673980707049,0.9425299215848122,0.9586330935251799,0.005218390969692233,0.132288458030274,0.029100318115334454,0.002843988432254552,0.9384028064382997,0.5947242206235012,0.2841726618705036,-0.0622025803198968,0.06486936923050923,6.189014609825422,20.4052757793765,0.8806954436450839,0.012476249878087153,0.8063549160671463,0.7577937649880095,0.18585131894484413,0.22302158273381295,0.0077937649880095924,0.019184652278177457,0.09187122582216742,0.8238123787826029,0.875694981572248
5%,0.25,0.2,40,d0/w5/mw0.25,1728,432,1668,0.034722222222222224,32.229166666666664,49.8287037037037,22.868705035971225,25.0,30.0,17.868705035971225,5.0,4.723021582733813,0.9286570743405276,0.0,0.07134292565947242,0.0,0.0,0.0,1.0,0.987410071942446,0.00281169258399216,0.10976350476332418,0.026097625389788073,-0.0014874289305857207,0.6345955427156418,0.3057553956834532,0.020018350027419356,0.060889531400394284,0.08655723929278136,0.05347374995312906,0.2960689228229468,0.8237410071942446,0.015498757029258762,0.10512593247414381,0.03656930695842362,0.01651487091159889,0.5856892282294676,0.6660671462829736,1.0,-5.298301708024505,8.797034387137346,9.030240512268477,20.4052757793765,0.8585131894484412,0.01413354816521117,0.8165467625899281,0.7577937649880095,0.17086330935251798,0.22302158273381295,0.012589928057553957,0.019184652278177457,0.08271521133872939,0.8238123787826029,0.875694981572248
5%,0.25,0.2,80,d0.05/w5/mw0.25,1728,432,1668,0.034722222222222224,32.229166666666664,49.8287037037037,22.868705035971225,25.0,30.0,17.868705035971225,5.0,4.723021582733813,0.9286570743405276,0.0,0.07134292565947242,0.042565947242206234,0.0,0.0,0.9574340527577938,0.987410071942446,0.00281169258399216,0.10976350476332418,0.026097625389788073,-0.0014874289305857207,0.6345955427156418,0.3057553956834532,0.020018350027419356,0.060889531400394284,0.08655723929278136,0.05347374995312906,0.2960689228229468,0.8237410071942446,0.015498757029258762,0.10512593247414381,0.03656930695842362,0.01651487091159889,0.5856892282294676,0.6660671462829736,1.0,-5.298301708024505,8.797034387137346,9.030240512268477,20.4052757793765,0.8585131894484412,0.01413354816521117,0.8165467625899281,0.7577937649880095,0.17086330935251798,0.22302158273381295,0.012589928057553957,0.019184652278177457,0.08271521133872939,0.8238123787826029,0.875694981572248
5%,0.25,0.3,20,d0.05/w5/mw0.25,1728,432,1668,0.034722222222222224,32.229166666666664,49.8287037037037,21.367505995203835,24.0,25.0,16.35851318944844,5.008992805755396,4.368705035971223,0.9484412470023981,0.020983213429256596,0.030575539568345324,0.04016786570743405,0.0,0.0,0.959832134292566,0.9856115107913669,0.002854691516597032,0.1430241831364453,0.03336887577148518,-0.0043109573435073855,0.6432624845233182,0.329136690647482,0.020357056665713916,0.07072215547290932,0.08556007423799013,0.05228924740612708,0.3074700784151878,0.8645083932853717,0.013033868740588454,0.13573268117037984,0.04077769344793336,0.013832038844688272,0.606118448204705,0.6660671462829736,1.0,-5.293761379046822,8.792494058159662,9.012520751072422,20.4052757793765,0.8387290167865707,0.014474043610911487,0.8099520383693045,0.7577937649880095,0.18225419664268586,0.22302158273381295,0.0077937649880095924,0.019184652278177457,0.0730165516527863,0.8238123787826029,0.875694981572248
5%,0.25,0.3,40,d0.05/w5/mw0.25,1728,432,1668,0.034722222222222224,32.229166666666664,49.8287037037037,21.47841726618705,24.0,25.0,16.469424460431654,5.008992805755396,4.390887290167866,0.9694244604316546,0.0,0.030575539568345324,0.04136690647482014,0.0,0.0,0.9586330935251799,0.9856115107913669,0.002854691516597032,0.14172946012930984,0.0330753130529211,-0.00418696356919542,0.643365662401981,0.32673860911270985,0.020308274379677367,0.0702782757056265,0.08561526551051712,0.05229253388711575,0.30664465538588526,0.8651079136690647,0.013034995604269338,0.13450148554682065,0.040469592802501994,0.013960209100889163,0.6063763929013619,0.6666666666666666,1.0,-5.293761379046822,8.792494058159662,9.013654648253723,20.4052757793765,0.8411270983213429,0.014438183281107296,0.8099520383693045,0.7577937649880095,0.18225419664268586,0.22302158273381295,0.0077937649880095924,0.019184652278177457,0.07352427174093971,0.8238123787826029,0.875694981572248
5%,0.25,0.3,80,d0.05/w5/mw0.25,1728,432,1668,0.034722222222222224,32.229166666666664,49.8287037037037,21.47841726618705,24.0,25.0,16.469424460431654,5.008992805755396,4.390887290167866,0.9694244604316546,0.0,0.030575539568345324,0.04136690647482014,0.0,0.0,0.9586330935251799,0.9856115107913669,0.002854691516597032,0.14172946012930984,0.0330753130529211,-0.00418696356919542,0.643365662401981,0.32673860911270985,0.020308274379677367,0.0702782757056265,0.08561526551051712,0.05229253388711575,0.30664465538588526,0.8651079136690647,0.013034995604269338,0.13450148554682065,0.040469592802501994,0.013960209100889163,0.6063763929013619,0.6666666666666666,1.0,-5.293761379046822,8.792494058159662,9.013654648253723,20.4052757793765,0.8411270983213429,0.014438183281107296,0.8099520383693045,0.7577937649880095,0.18225419664268586,0.22302158273381295,0.0077937649880095924,0.019184652278177457,0.07352427174093971,0.8238123787826029,0.875694981572248
5%,1.0,0.15,20,d0.05/w5/mw0.25,1728,432,1728,0.0,55.083333333333336,49.8287037037037,25.43287037037037,25.0,26.0,19.990162037037038,5.442708333333333,5.142361111111111,0.3113425925925926,0.6811342592592593,0.007523148148148148,0.20717592592592593,0.027777777777777776,0.0,0.7650462962962963,0.9479166666666666,0.005349419962308463,0.20969640133549047,0.050086005091028174,0.008483768597225029,0.8017273751408186,0.3402777777777778,0.019473080412718963,0.08800939006011281,0.11388062680262989,0.09624800102583836,0.3596038302666166,0.6979166666666666,0.01652233928646671,0.16213954606088093,0.07041156327455517,0.04970975558610061,0.7135279759669546,0.6192129629629629,1.0,-5.910297737129655,6.801630045921174,7.022375149375002,12.090277777777779,0.7771990740740741,0.018629274757043925,0.9195601851851852,0.75,0.07118055555555555,0.12731481481481483,0.009259259259259259,0.12268518518518519,0.026866553613645483,0.7305381220695973,0.7694446625589748
5%,1.0,0.15,40,d0.05/w5/mw0.25,1728,432,1728,0.0,55.083333333333336,49.8287037037037,35.33449074074074,35.0,45.0,30.29398148148148,5.0405092592592595,7.146412037037037,0.7754629629629629,0.2170138888888889,0.007523148148148148,0.19733796296296297,0.0,0.0005787037037037037,0.8020833333333334,0.9635416666666666,0.004700171388245997,0.12561358436222977,0.031106172718384586,-0.0023600398256552655,0.751314307172362,0.2829861111111111,0.018462691338274804,0.06661848909084901,0.11191735747561396,0.09439281021506939,0.3306890724746526,0.6313657407407407,0.018645784567672106,0.09952780761127057,0.057585627364526284,0.04353399632514772,0.6464513706346227,0.6261574074074074,0.9988425925925926,-5.803362162323007,6.811722113142474,7.0512139502843025,12.090277777777779,0.8217592592592593,0.01685579450218338,0.8796296296296297,0.75,0.09722222222222222,0.12731481481481483,0.023148148148148147,0.12268518518518519,0.054478435277533724,0.7305381220695973,0.7694446625589748
5%,1.0,0.15,80,d0.05/w5/mw0.25,1728,432,1728,0.0,55.083333333333336,49.8287037037037,37.75868055555556,35.0,55.0,32.7181712962963,5.0405092592592595,7.632523148148148,0.9924768518518519,0.0,0.007523148148148148,0.18981481481481483,0.0,0.0005787037037037037,0.8096064814814815,0.9612268518518519,0.004798985084802088,0.11532089107048071,0.02896371972757564,-0.00415245610896943,0.7424896733007886,0.2777777777777778,0.018509788910899334,0.0634897956070543,0.11146300552691543,0.09378974989113403,0.32397671798723243,0.625,0.018702228536689135,0.09077130244448482,0.05594287846385807,0.041975955010278024,0.6357491550882464,0.6319444444444444,0.9988425925925926,-5.803362162323007,6.811722113142474,7.033188567372015,12.090277777777779,0.8333333333333334,0.016243169385578037,0.8686342592592593,0.75,0.10358796296296297,0.12731481481481483,0.027777777777777776,0.12268518518518519,0.057664427804970934,0.7305381220695973,0.7694446625589748
5%,1.0,0.2,20,d0.05/w5/mw0.25,1728,432,1728,0.0,55.083333333333336,49.8287037037037,25.34837962962963,25.0,25.0,19.905671296296298,5.442708333333333,5.120949074074074,0.4375,0.5578703703703703,0.004629629629629629,0.2065972222222222,0.027777777777777776,0.0,0.765625,0.9473379629629629,0.005367618403500402,0.211465013248066,0.050499865483853816,0.008454740516525103,0.8022437101013894,0.33969907407407407,0.019436155501281766,0.08823520141796595,0.11360472249472398,0.09597209671793241,0.3596038302666166,0.7008101851851852,0.01630788360677601,0.16314308558464516,0.07025419889555155,0.04956448804275483,0.7153116785580172,0.6192129629629629,1.0,-5.910297737129655,6.801630045921174,7.0149208669675955,12.090277777777779,0.7771990740740741,0.018629274757043925,0.9195601851851852,0.75,0.07118055555555555,0.12731481481481483,0.009259259259259259,0.12268518518518519,0.027041644880348884,0.7305381220695973,0.7694446625589748
5%,1.0,0.2,40,d0.05/w1/mw0.25,1728,432,1728,0.0,55.083333333333336,49.8287037037037,32.089699074074076,30.0,45.0,27.008680555555557,5.081018518518518,6.474537037037037,0.9484953703703703,0.046875,0.004629629629629629,0.19791666666666666,0.0,0.001736111111111111,0.8003472222222222,0.9496527777777778,0.005480503577506652,0.15079581409865336,0.03736024964853284,2.070823466938835e-05,0.7707003379647015,0.29976851851851855,0.018692171407090948,0.07112278661976694,0.11079444597126889,0.09266485082500862,0.3379177619226436,0.6712962962962963,0.017257053309965603,0.11661083680585171,0.059380035289653195,0.04370097033593052,0.6731130304168231,0.6238425925925926,0.9976851851851852,-5.812393524024624,6.802342779278909,7.021588682526071,12.090277777777779,0.8177083333333334,0.016339110292365545,0.8645833333333334,0.75,0.11053240740740741,0.12731481481481483,0.02488425925925926,0.12268518518518519,0.046218413138120265,0.7305381220695973,0.7694446625589748
5%,1.0,0.2,40,d0.05/w5/mw0.25,1728,432,1728,0.0,55.083333333333336,49.8287037037037,32.089699074074076,30.0,45.0,27.008680555555557,5.081018518518518,6.474537037037037,0.9484953703703703,0.046875,0.004629629629629629,0.19733796296296297,0.0,0.0023148148148148147,0.8003472222222222,0.9496527777777778,0.005480503577506652,0.15079581409865336,0.03736024964853284,2.070823466938835e-05,0.7689166353736387,0.30266203703703703,0.018825941660630598,0.07088890680608753,0.11197772151976636,0.09454818506858774,0.338152459631994,0.6741898148148148,0.017257931305235986,0.11620992379382933,0.05997571041173844,0.04460512465294501,0.6737701840030041,0.6209490740740741,0.9976851851851852,-5.8203972796275405,6.794686995837941,7.046385508831539,12.090277777777779,0.8171296296296297,0.016720273537224283,0.8773148148148148,0.75,0.09722222222222222,0.12731481481481483,0.02546296296296296,0.12268518518518519,0.048041449575264315,0.7305381220695973,0.7694446625589748
5%,1.0,0.2,40,d0/w1/mw0.001,1728,432,1728,0.0,55.083333333333336,49.8287037037037,65.44907407407408,65.0,80.0,27.008680555555557,38.44039351851852,13.146412037037036,0.9484953703703703,0.046875,0.004629629629629629,0.0,0.18518518518518517,0.7702546296296297,0.04456018518518518,0.9496527777777778,0.005480503577506652,0.15079581409865336,0.03736024964853284,2.070823466938835e-05,0.936209162598573,0.9305555555555556,0.00963691257238032,0.4110988737719904,0.07542365871754474,0.010158737572078351,0.9333927900863688,0.9681712962962963,0.005434944632982403,0.26302311183086863,0.04385983828275681,-0.004267100835078034,0.9352703717611716,0.5,0.22974537037037038,-0.17629061426467316,0.1778307726060651,6.82735748109169,12.090277777777779,0.8263888888888888,0.015126746504049424,0.8287037037037037,0.75,0.14872685185185186,0.12731481481481483,0.022569444444444444,0.12268518518518519,0.04588098053187216,0.7305381220695973,0.7694446625589748
5%,1.0,0.2,40,d0/w5/mw0.001,1728,432,1728,0.0,55.083333333333336,49.8287037037037,66.01620370370371,65.0,80.0,27.008680555555557,39.007523148148145,13.259837962962964,0.9484953703703703,0.046875,0.004629629629629629,0.0,0.1880787037037037,0.7835648148148148,0.028356481481481483,0.9496527777777778,0.005480503577506652,0.15079581409865336,0.03736024964853284,2.070823466938835e-05,0.932876455125798,0.9427083333333334,0.008521191166862086,0.34055673254088353,0.06857546905072855,0.02867492462537185,0.9399173864063086,0.9612268518518519,0.0054537838137497996,0.21374123715176682,0.040774727413216444,0.009102062295771084,0.9314213293278257,0.5028935185185185,0.21643518518518517,-0.16591824182064774,0.16739805866348656,5.217528675957664,12.090277777777779,0.8304398148148148,0.015613856589272385,0.8628472222222222,0.75,0.11226851851851852,0.12731481481481483,0.02488425925925926,0.12268518518518519,0.06497547727310239,0.7305381220695973,0.7694446625589748
5%,1.0,0.2,40,d0/w5/mw0.25,1728,432,1728,0.0,55.083333333333336,49.8287037037037,32.089699074074076,30.0,45.0,27.008680555555557,5.081018518518518,6.474537037037037,0.9484953703703703,0.046875,0.004629629629629629,0.0,0.0,0.0023148148148148147,0.9976851851851852,0.9496527777777778,0.005480503577506652,0.15079581409865336,0.03736024964853284,2.070823466938835e-05,0.7689166353736387,0.30266203703703703,0.018825941660630598,0.07088890680608753,0.11197772151976636,0.09454818506858774,0.338152459631994,0.6741898148148148,0.017257931305235986,0.11620992379382933,0.05997571041173844,0.04460512465294501,0.6737701840030041,0.6209490740740741,0.9976851851851852,-5.8203972796275405,6.794686995837941,7.046385508831539,12.090277777777779,0.8171296296296297,0.016720273537224283,0.8773148148148148,0.75,0.09722222222222222,0.12731481481481483,0.02546296296296296,0.12268518518518519,0.048041449575264315,0.7305381220695973,0.7694446625589748
5%,1.0,0.2,80,d0.05/w5/mw0.25,1728,432,1728,0.0,55.083333333333336,49.8287037037037,32.373263888888886,30.0,45.0,27.29224537037037,5.081018518518518,6.53125,0.9953703703703703,0.0,0.004629629629629629,0.19733796296296297,0.0,0.0023148148148148147,0.8003472222222222,0.9502314814814815,0.005462112216612527,0.14951627488900984,0.037006196876130056,-0.0004092138324982398,0.769104393541119,0.30266203703703703,0.018825941660630598,0.07054805205284385,0.11197915901477024,0.09439955847843878,0.3372136687945926,0.6747685185185185,0.017254081302150722,0.1150883978258985,0.05969375007511167,0.04419280243829844,0.6735824258355239,0.6215277777777778,0.9976851851851852,-5.8203972796275405,6.794686995837941,7.042711056224967,12.090277777777779,0.8188657407407407,0.016491530224924344,0.8761574074074074,0.75,0.09780092592592593,0.12731481481481483,0.026041666666666668,0.12268518518518519,0.047971453799389115,0.7305381220695973,0.7694446625589748
5%,1.0,0.3,20,d0.05/w5/mw0.25,1728,432,1728,0.0,55.083333333333336,49.8287037037037,25.10127314814815,25.0,25.0,19.64699074074074,5.454282407407407,5.060763888888889,0.7175925925925926,0.2824074074074074,0.0,0.2065972222222222,0.028356481481481483,0.0,0.7650462962962963,0.9467592592592593,0.005447582644752522,0.2174203885652275,0.05164191309229224,0.008205395745281098,0.8034641381900113,0.33969907407407407,0.019436155501281766,0.08971030795604973,0.11341554166000849,0.09578291588321691,0.35997934660157715,0.7089120370370371,0.015965226001296996,0.16704811686374477,0.07008112227889518,0.049374956038922224,0.719770935035674,0.6192129629629629,1.0,-5.907015048463308,6.798347357254828,7.022694601912361,12.090277777777779,0.7725694444444444,0.018787103862217484,0.9236111111111112,0.75,0.06712962962962964,0.12731481481481483,0.009259259259259259,0.12268518518518519,0.02355444000555066,0.7305381220695973,0.7694446625589748
5%,1.0,0.3,40,d0.05/w5/mw0.25,1728,432,1728,0.0,55.083333333333336,49.8287037037037,26.96759259259259,25.0,35.0,21.591435185185187,5.376157407407407,5.434027777777778,1.0,0.0,0.0,0.2193287037037037,0.0,0.003472222222222222,0.7771990740740741,0.9409722222222222,0.005906117786378764,0.20011079691736078,0.04950598191582408,0.011086803188047318,0.7952966579046189,0.33101851851851855,0.01902811086900556,0.08355128850243689,0.11315411680904296,0.09719627922386344,0.35659969958693205,0.7025462962962963,0.016060650125006827,0.15145327231601408,0.06821297586495646,0.0525592721464671,0.7115095756665415,0.6197916666666666,0.9924768518518519,-5.784700397617866,6.7135496421919,7.0476563916607615,12.090277777777779,0.7818287037037037,0.018229576931497037,0.9166666666666666,0.75,0.07465277777777778,0.12731481481481483,0.008680555555555556,0.12268518518518519,0.031808926331623036,0.7305381220695973,0.7694446625589748
5%,1.0,0.3,80,d0.05/w5/mw0.25,1728,432,1728,0.0,55.083333333333336,49.8287037037037,26.96759259259259,25.0,35.0,21.591435185185187,5.376157407407407,5.434027777777778,1.0,0.0,0.0,0.2193287037037037,0.0,0.003472222222222222,0.7771990740740741,0.9409722222222222,0.005906117786378764,0.20011079691736078,0.04950598191582408,0.011086803188047318,0.7952966579046189,0.33101851851851855,0.01902811086900556,0.08355128850243689,0.11315411680904296,0.09719627922386344,0.35659969958693205,0.7025462962962963,0.016060650125006827,0.15145327231601408,0.06821297586495646,0.0525592721464671,0.7115095756665415,0.6197916666666666,0.9924768518518519,-5.784700397617866,6.7135496421919,7.0476563916607615,12.090277777777779,0.7818287037037037,0.018229576931497037,0.9166666666666666,0.75,0.07465277777777778,0.12731481481481483,0.008680555555555556,0.12268518518518519,0.031808926331623036,0.7305381220695973,0.7694446625589748
5%,4.0,0.15,20,d0.05/w5/mw0.25,1728,432,1728,0.0,116.48842592592592,49.8287037037037,25.271412037037038,25.0,25.0,20.16898148148148,5.102430555555555,5.086226851851852,0.14525462962962962,0.8547453703703703,0.0,0.7262731481481481,0.0023148148148148147,0.0,0.27141203703703703,0.9444444444444444,0.0061497466269251596,0.25402755854055037,0.05666500329012735,0.00526780695067483,0.8667638226461756,0.3003472222222222,0.018480863655595325,0.07081332929722026,0.07778490668533652,0.05587757079170053,0.4245274686451157,0.6105324074074074,0.01872512780542987,0.15162446454424977,0.06922709318032211,0.03463014303099297,0.7479243949832185,0.6961805555555556,0.9976851851851852,-3.413184793171919,3.8069349641083248,3.9178018487764708,5.111111111111111,0.8767361111111112,0.014633989823059764,0.9658564814814815,0.8611111111111112,0.03414351851851852,0.1388888888888889,0.0,0.0,0.04104148794389308,0.8399858268439201,0.8751982909025495
5%,4.0,0.15,40,d0.05/w5/mw0.25,1728,432,1728,0.0,116.48842592592592,49.8287037037037,40.49652777777778,45.0,45.0,35.489583333333336,5.006944444444445,8.131944444444445,0.38425925925925924,0.6157407407407407,0.0,0.7094907407407407,0.0,0.0,0.29050925925925924,0.9432870370370371,0.00675085903758758,0.16646288290926278,0.03896088198503748,0.007635051782918174,0.8780692457163045,0.25462962962962965,0.018283396087974982,0.03721536689880477,0.07396149526659652,0.0679183398461423,0.41534181240063595,0.5005787037037037,0.019843034054662895,0.08705311817042799,0.06361263999122595,0.05884433164983852,0.6960342695636813,0.7002314814814815,0.9976851851851852,-3.421279142403426,3.8177188881424367,3.9000337121805706,5.111111111111111,0.8819444444444444,0.014584445813765159,0.9710648148148148,0.8611111111111112,0.028935185185185185,0.1388888888888889,0.0,0.0,0.05275224018024823,0.8399858268439201,0.8751982909025495
5%,4.0,0.15,80,d0.05/w5/mw0.25,1728,432,1728,0.0,116.48842592592592,49.8287037037037,50.6099537037037,55.0,70.0,45.614583333333336,4.99537037037037,10.15625,1.0,0.0,0.0,0.7181712962962963,0.0,0.0,0.2818287037037037,0.9571759259259259,0.005288649047140639,0.1285049535700979,0.028174308962286183,-0.004359206565059508,0.8697668256491786,0.2465277777777778,0.018210407167487893,0.035897577408613705,0.07371336845763216,0.0659615413257362,0.41167638226461756,0.4861111111111111,0.020275354151390527,0.0755247893836988,0.05761229842154153,0.04984341535426398,0.6820791379614909,0.7019675925925926,0.9976851851851852,-3.421369283968158,3.8178090297071683,3.9136205194486937,5.111111111111111,0.8819444444444444,0.014676220893398907,0.9699074074074074,0.8611111111111112,0.03009259259259259,0.1388888888888889,0.0,0.0,0.054592336077191286,0.8399858268439201,0.8751982909025495
5%,4.0,0.2,20,d0.05/w5/mw0.25,1728,432,1728,0.0,116.48842592592592,49.8287037037037,25.271412037037038,25.0,25.0,20.16898148148148,5.102430555555555,5.086226851851852,0.2349537037037037,0.7650462962962963,0.0,0.7262731481481481,0.0023148148148148147,0.0,0.27141203703703703,0.9444444444444444,0.0061497466269251596,0.25402755854055037,0.05666500329012735,0.00526780695067483,0.8667638226461756,0.3003472222222222,0.018480863655595325,0.07081332929722026,0.07778490668533652,0.05587757079170053,0.4245274686451157,0.6105324074074074,0.01872512780542987,0.15162446454424977,0.06922709318032211,0.03463014303099297,0.7479243949832185,0.6961805555555556,0.9976851851851852,-3.413184793171919,3.8069349641083248,3.9178018487764708,5.111111111111111,0.8767361111111112,0.014633989823059764,0.9658564814814815,0.8611111111111112,0.03414351851851852,0.1388888888888889,0.0,0.0,0.04104148794389308,0.8399858268439201,0.8751982909025495
5%,4.0,0.2,40,d0.05/w1/mw0.25,1728,432,1728,0.0,116.48842592592592,49.8287037037037,38.39641203703704,45.0,45.0,33.395254629629626,5.001157407407407,7.711226851851852,0.6776620370370371,0.32233796296296297,0.0,0.7158564814814815,0.0,0.0,0.28414351851851855,0.9375,0.0069765948220823605,0.17914499698903527,0.04160066883903498,0.009843676306240591,0.8940558205264088,0.21238425925925927,0.016663644385191207,0.03467161930093031,0.0732900068866899,0.0668318501284779,0.41313372195725134,0.5028935185185185,0.019740801702501882,0.0893751675378866,0.06309494630875377,0.05786503491490062,0.7143172584349055,0.7013888888888888,0.9976851851851852,-3.4213242131857924,3.8177639589248025,3.8673328368737683,5.111111111111111,0.8709490740740741,0.014586976284141483,0.9438657407407407,0.8611111111111112,0.05613425925925926,0.1388888888888889,0.0,0.0,0.04615642158428445,0.8399858268439201,0.8751982909025495
5%,4.0,0.2,40,d0.05/w5/mw0.25,1728,432,1728,0.0,116.48842592592592,49.8287037037037,38.402199074074076,45.0,45.0,33.395254629629626,5.006944444444445,7.7123842592592595,0.6776620370370371,0.32233796296296297,0.0,0.7164351851851852,0.0,0.0,0.2835648148148148,0.9375,0.0069765948220823605,0.17914499698903527,0.04160066883903498,0.009843676306240591,0.8923335099805688,0.2465277777777778,0.018025133263383328,0.03740707581267772,0.07410853730441223,0.06795403229445353,0.41635753400459286,0.5028935185185185,0.019842564145877945,0.08865811080511969,0.06373471274291234,0.05886429704847059,0.7134340222575517,0.7008101851851852,0.9976851851851852,-3.421279142403426,3.8177188881424367,3.90573155894625,5.111111111111111,0.8836805555555556,0.014559250345654914,0.9704861111111112,0.8611111111111112,0.029513888888888888,0.1388888888888889,0.0,0.0,0.053501025511956145,0.8399858268439201,0.8751982909025495
5%,4.0,0.2,40,d0/w1/mw0.001,1728,432,1728,0.0,116.48842592592592,49.8287037037037,66.37673611111111,80.0,80.0,33.395254629629626,32.98148148148148,13.307291666666666,0.6776620370370371,0.32233796296296297,0.0,0.0,0.08101851851851852,0.7222222222222222,0.19675925925925927,0.9375,0.0069765948220823605,0.17914499698903527,0.04160066883903498,0.009843676306240591,0.9318583289171525,0.7881944444444444,0.017743595438869723,0.32303391352982436,0.06172262252063038,0.008086670715793973,0.8570482246952835,0.8611111111111112,0.013067007477847104,0.30600362594284425,0.05639282362789065,0.008017123613291438,0.9032856385797562,0.44907407407407407,0.2777777777777778,-0.3222741737836589,0.3256922992379134,4.374938191100943,5.111111111111111,0.7974537037037037,0.013617587230263833,0.7615740740740741,0.8611111111111112,0.23842592592592593,0.1388888888888889,0.0,0.0,0.013896663806561318,0.8399858268439201,0.8751982909025495
5%,4.0,0.2,40,d0/w5/mw0.001,1728,432,1728,0.0,116.48842592592592,49.8287037037037,68.54398148148148,80.0,80.0,33.395254629629626,35.148726851851855,13.74074074074074,0.6776620370370371,0.32233796296296297,0.0,0.0,0.09143518518518519,0.7737268518518519,0.13483796296296297,0.9375,0.0069765948220823605,0.17914499698903527,0.04160066883903498,0.009843676306240591,0.9338897721250663,0.8460648148148148,0.015548552597905711,0.27137744501633965,0.05568882359608234,0.022227102994475487,0.8934817170111288,0.8969907407407407,0.011392595229452565,0.2611494076730504,0.050688190399047754,0.02030327722123713,0.9190955661543897,0.4380787037037037,0.22627314814814814,-0.2519922690242563,0.25312852355272863,3.3586367009402722,5.111111111111111,0.8709490740740741,0.011701167746365562,0.8628472222222222,0.8611111111111112,0.1371527777777778,0.1388888888888889,0.0,0.0,0.03725569156023315,0.8399858268439201,0.8751982909025495
5%,4.0,0.2,40,d0/w5/mw0.25,1728,432,1728,0.0,116.48842592592592,49.8287037037037,38.47164351851852,45.0,45.0,33.395254629629626,5.076388888888889,7.726273148148148,0.6776620370370371,0.32233796296296297,0.0,0.0,0.0,0.004629629629629629,0.9953703703703703,0.9375,0.0069765948220823605,0.17914499698903527,0.04160066883903498,0.009843676306240591,0.8923335099805688,0.24710648148148148,0.0180532822901909,0.03788148252352412,0.07420928201956094,0.06799667411643164,0.41679915209326973,0.5028935185185185,0.019842564145877945,0.08876001077897261,0.06377630714601865,0.05888085245996644,0.7134781840664194,0.7002314814814815,0.9953703703703703,-3.4215376373690822,3.81425198356606,3.9115243446412733,5.111111111111111,0.8831018518518519,0.014560024188373549,0.9699074074074074,0.8611111111111112,0.03009259259259259,0.1388888888888889,0.0,0.0,0.0526085003586828,0.8399858268439201,0.8751982909025495
5%,4.0,0.2,80,d0.05/w5/mw0.25,1728,432,1728,0.0,116.48842592592592,49.8287037037037,40.514467592592595,45.0,53.0,35.507523148148145,5.006944444444445,8.134837962962964,1.0,0.0,0.0,0.7193287037037037,0.0,0.0,0.2806712962962963,0.9502314814814815,0.005989726196207768,0.16844373839244706,0.03695520178459995,0.003649598433931724,0.8992227521639287,0.2465277777777778,0.017969178588623305,0.037565456770859304,0.07388265391349551,0.06707206480330513,0.41931637519872816,0.5162037037037037,0.019954265573689813,0.08692123535237908,0.06031238738149578,0.05496347485237231,0.723547076488253,0.7008101851851852,0.9976851851851852,-3.421279142403426,3.8177188881424367,3.908651253281247,5.111111111111111,0.8842592592592593,0.014512235624787565,0.9699074074074074,0.8611111111111112,0.03009259259259259,0.1388888888888889,0.0,0.0,0.05313921857743412,0.8399858268439201,0.8751982909025495
5%,4.0,0.3,20,d0.05/w5/mw0.25,1728,432,1728,0.0,116.48842592592592,49.8287037037037,25.271412037037038,25.0,25.0,20.16898148148148,5.102430555555555,5.086226851851852,0.35358796296296297,0.6464120370370371,0.0,0.7262731481481481,0.0023148148148148147,0.0,0.27141203703703703,0.9444444444444444,0.0061497466269251596,0.25402755854055037,0.05666500329012735,0.00526780695067483,0.8667638226461756,0.3003472222222222,0.018480863655595325,0.07081332929722026,0.07778490668533652,0.05587757079170053,0.4245274686451157,0.6105324074074074,0.01872512780542987,0.15162446454424977,0.06922709318032211,0.03463014303099297,0.7479243949832185,0.6961805555555556,0.9976851851851852,-3.413184793171919,3.8069349641083248,3.9178018487764708,5.111111111111111,0.8767361111111112,0.014633989823059764,0.9658564814814815,0.8611111111111112,0.03414351851851852,0.1388888888888889,0.0,0.0,0.04104148794389308,0.8399858268439201,0.8751982909025495
5%,4.0,0.3,40,d0.05/w5/mw0.25,1728,432,1728,0.0,116.48842592592592,49.8287037037037,31.70949074074074,30.0,40.0,26.702546296296298,5.006944444444445,6.373842592592593,1.0,0.0,0.0,0.7146990740740741,0.0,0.0,0.28530092592592593,0.9039351851851852,0.00827944362752156,0.22865019211278273,0.058248964192678825,0.033411374860353824,0.8940116587175411,0.23958333333333334,0.017812826720672366,0.037531603679559794,0.0755664355918605,0.07019637301506158,0.413045398339516,0.4866898148148148,0.019679775938988012,0.09646709154301766,0.0714713527488892,0.06840725179769294,0.7081787670022964,0.6961805555555556,0.9976851851851852,-3.421279142403426,3.8177188881424367,3.9068722090376915,5.111111111111111,0.8831018518518519,0.014743307105273088,0.9722222222222222,0.8611111111111112,0.027777777777777776,0.1388888888888889,0.0,0.0,0.05645102654974373,0.8399858268439201,0.8751982909025495
5%,4.0,0.3,80,d0.05/w5/mw0.25,1728,432,1728,0.0,116.48842592592592,49.8287037037037,31.70949074074074,30.0,40.0,26.702546296296298,5.006944444444445,6.373842592592593,1.0,0.0,0.0,0.7146990740740741,0.0,0.0,0.28530092592592593,0.9039351851851852,0.00827944362752156,0.22865019211278273,0.058248964192678825,0.033411374860353824,0.8940116587175411,0.23958333333333334,0.017812826720672366,0.037531603679559794,0.0755664355918605,0.07019637301506158,0.413045398339516,0.4866898148148148,0.019679775938988012,0.09646709154301766,0.0714713527488892,0.06840725179769294,0.7081787670022964,0.6961805555555556,0.9976851851851852,-3.421279142403426,3.8177188881424367,3.9068722090376915,5.111111111111111,0.8831018518518519,0.014743307105273088,0.9722222222222222,0.8611111111111112,0.027777777777777776,0.1388888888888889,0.0,0.0,0.05645102654974373,0.8399858268439201,0.8751982909025495
docs,0.25,0.15,20,d0.05/w5/mw0.25,48,6,48,0.0,47.75,59.0,19.25,18.5,25.0,14.25,5.0,4.083333333333333,0.2708333333333333,0.3958333333333333,0.3333333333333333,0.5625,0.0,0.0,0.4375,0.9791666666666666,0.020833333333333336,0.10725010197752134,0.027285856687948824,-0.0037491003981258535,0.7615384615384615,0.6458333333333334,0.20518453753741883,0.12872765881562154,0.14686635378306642,0.11588538384147788,0.6794871794871795,0.9583333333333334,0.04166666666666667,0.11063403506935747,0.02746546636632495,0.0022241596991329237,0.7564102564102564,0.375,1.0,-17.0,17.0,17.400166666666667,19.166666666666668,0.9375,0.04269562819149833,0.4791666666666667,0.4166666666666667,0.5208333333333334,0.5833333333333334,0.0,0.0,0.11483186312876369,0.8583991295363589,0.9499931245084227
docs,0.25,0.15,40,d0.05/w5/mw0.25,48,6,48,0.0,47.75,59.0,24.145833333333332,18.5,45.0,19.145833333333332,5.0,5.0625,0.5,0.16666666666666666,0.3333333333333333,0.5625,0.0,0.0,0.4375,0.9583333333333334,0.0263523138347365,0.07690982105136003,0.01924835351096316,-0.0018138868711774145,0.7551282051282051,0.6458333333333334,0.20518453753741883,0.12569758461017252,0.14435835039618064,0.11352146404153679,0.6525641025641026,0.9375,0.04269562819149833,0.08087180807846402,0.02039159234803543,0.004186058946586132,0.7256410256410256,0.375,1.0,-17.0,17.0,17.272859375,19.166666666666668,0.9791666666666666,0.020833333333333336,0.4375,0.4166666666666667,0.5625,0.5833333333333334,0.0,0.0,0.11955377898137938,0.8583991295363589,0.9499931245084227
docs,0.25,0.15,80,d0.05/w5/mw0.25,48,6,48,0.0,47.75,59.0,25.979166666666668,18.5,55.0,20.979166666666668,5.0,5.4375,0.6666666666666666,0.0,0.3333333333333333,0.5625,0.0,0.0,0.4375,0.9791666666666666,0.020833333333333336,0.06824141698087106,0.01685932785323171,-0.003692702178946099,0.7448717948717949,0.6458333333333334,0.20518453753741883,0.12486726259164453,0.1483017901126009,0.11746490375795704,0.6525641025641026,0.9583333333333334,0.04166666666666667,0.07235004531232786,0.0177688942991385,0.0023852634466837754,0.7230769230769231,0.375,1.0,-17.0,17.0,17.430390625,19.166666666666668,0.9791666666666666,0.020833333333333336,0.4375,0.4166666666666667,0.5625,0.5833333333333334,0.0,0.0,0.11999764834944776,0.8583991295363589,0.9499931245084227
docs,0.25,0.2,20,d0.05/w5/mw0.25,48,6,48,0.0,47.75,59.0,18.541666666666668,18.0,25.0,13.541666666666666,5.0,3.875,0.5,0.3333333333333333,0.16666666666666666,0.5625,0.0,0.0,0.4375,0.9791666666666666,0.020833333333333336,0.13637196577680452,0.03328216045138966,-0.006453737494900067,0.7615384615384615,0.6458333333333334,0.20518453753741883,0.12843964038244182,0.14676787900164853,0.11598385862289574,0.6794871794871795,0.9583333333333334,0.04166666666666667,0.13743714424357822,0.03318737837336005,-0.0004110502994988964,0.7564102564102564,0.375,1.0,-17.0,17.0,17.39739583333333,19.166666666666668,0.8958333333333334,0.06782841915041544,0.5208333333333334,0.4166666666666667,0.4791666666666667,0.5833333333333334,0.0,0.0,0.11755622697022526,0.8583991295363589,0.9499931245084227
docs,0.25,0.2,40,d0.05/w1/mw0.25,48,6,48,0.0,47.75,59.0,22.916666666666668,18.0,45.0,17.916666666666668,5.0,4.75,0.7916666666666666,0.041666666666666664,0.16666666666666666,0.5625,0.0,0.0,0.4375,0.9583333333333334,0.0263523138347365,0.11281536606506444,0.0262115235773768,-0.005485390270924429,0.7538461538461538,0.6458333333333334,0.20518453753741883,0.12599699060601208,0.14512063804516925,0.11433661766641644,0.6525641025641026,0.9375,0.04269562819149833,0.11417351998409934,0.027071690569178897,0.0005926627338459339,0.7256410256410256,0.375,1.0,-17.0,17.0,17.303604166666666,19.166666666666668,0.9375,0.0625,0.4791666666666667,0.4166666666666667,0.5208333333333334,0.5833333333333334,0.0,0.0,0.12243794698373328,0.8583991295363589,0.9499931245084227
docs,0.25,0.2,40,d0.05/w5/mw0.25,48,6,48,0.0,47.75,59.0,22.916666666666668,18.0,45.0,17.916666666666668,5.0,4.75,0.7916666666666666,0.041666666666666664,0.16666666666666666,0.5625,0.0,0.0,0.4375,0.9583333333333334,0.0263523138347365,0.11281536606506444,0.0262115235773768,-0.005485390270924429,0.7538461538461538,0.6458333333333334,0.20518453753741883,0.12599699060601208,0.14512063804516925,0.11433661766641644,0.6525641025641026,0.9375,0.04269562819149833,0.11417351998409934,0.027071690569178897,0.0005926627338459339,0.7256410256410256,0.375,1.0,-17.0,17.0,17.303604166666666,19.166666666666668,0.9375,0.0625,0.4791666666666667,0.4166666666666667,0.5208333333333334,0.5833333333333334,0.0,0.0,0.12243794698373328,0.8583991295363589,0.9499931245084227
docs,0.25,0.2,40,d0/w1/mw0.001,48,6,48,0.0,47.75,59.0,57.916666666666664,53.0,80.0,17.916666666666668,40.0,11.75,0.7916666666666666,0.041666666666666664,0.16666666666666666,0.0,1.0,0.0,0.0,0.9583333333333334,0.0263523138347365,0.11281536606506444,0.0262115235773768,-0.005485390270924429,0.6423076923076924,0.2916666666666667,0.18446619684315546,0.4489059019559563,0.5564470454777227,-0.5564470454777227,0.5435897435897435,0.3958333333333333,0.18090244455077012,0.34881617655679015,0.17633199339679542,-0.1718015131954627,0.5423076923076923,0.14583333333333334,1.0,-4.166666666666667,4.166666666666667,76.53858854166667,19.166666666666668,0.5625,0.19297560294849023,0.8541666666666666,0.4166666666666667,0.14583333333333334,0.5833333333333334,0.0,0.0,0.1823407289489317,0.8583991295363589,0.9499931245084227
docs,0.25,0.2,40,d0/w5/mw0.001,48,6,48,0.0,47.75,59.0,57.916666666666664,53.0,80.0,17.916666666666668,40.0,11.75,0.7916666666666666,0.041666666666666664,0.16666666666666666,0.0,1.0,0.0,0.0,0.9583333333333334,0.0263523138347365,0.11281536606506444,0.0262115235773768,-0.005485390270924429,0.6423076923076924,0.2916666666666667,0.18446619684315546,0.4489059019559563,0.5564470454777227,-0.5564470454777227,0.5435897435897435,0.3958333333333333,0.18090244455077012,0.34881617655679015,0.17633199339679542,-0.1718015131954627,0.5423076923076923,0.14583333333333334,1.0,-4.166666666666667,4.166666666666667,76.53858854166667,19.166666666666668,0.5625,0.19297560294849023,0.8541666666666666,0.4166666666666667,0.14583333333333334,0.5833333333333334,0.0,0.0,0.1823407289489317,0.8583991295363589,0.9499931245084227
docs,0.25,0.2,40,d0/w5/mw0.25,48,6,48,0.0,47.75,59.0,28.75,27.5,45.0,17.916666666666668,10.833333333333334,5.916666666666667,0.7916666666666666,0.041666666666666664,0.16666666666666666,0.0,0.16666666666666666,0.0,0.8333333333333334,0.9583333333333334,0.0263523138347365,0.11281536606506444,0.0262115235773768,-0.005485390270924429,0.6717948717948717,0.4791666666666667,0.2150984916523384,0.12714122319944784,0.2890884923260388,-0.029631236614453122,0.5807692307692308,0.7708333333333334,0.15948049340837198,0.21511194962376087,0.09847195814768521,-0.07080760484466038,0.6333333333333333,0.375,1.0,-17.0,17.0,30.8758125,19.166666666666668,0.9375,0.0625,0.4791666666666667,0.4166666666666667,0.5208333333333334,0.5833333333333334,0.0,0.0,0.12243794698373328,0.8583991295363589,0.9499931245084227
docs,0.25,0.2,80,d0.05/w5/mw0.25,48,6,48,0.0,47.75,59.0,23.125,18.0,45.0,18.125,5.0,4.791666666666667,0.8333333333333334,0.0,0.16666666666666666,0.5625,0.0,0.0,0.4375,0.9583333333333334,0.0263523138347365,0.11123308758405177,0.027090149632229114,-0.006364016325776747,0.7512820512820513,0.6458333333333334,0.20518453753741883,0.12605173895462687,0.14511709266737557,0.11433307228862276,0.6525641025641026,0.9375,0.04269562819149833,0.11265333550476524,0.027524685622762834,-0.00027488458074150884,0.7230769230769231,0.375,1.0,-17.0,17.0,17.30378125,19.166666666666668,0.9375,0.0625,0.4791666666666667,0.4166666666666667,0.5208333333333334,0.5833333333333334,0.0,0.0,0.12243794698373328,0.8583991295363589,0.9499931245084227
docs,0.25,0.3,20,d0.05/w5/mw0.25,48,6,48,0.0,47.75,59.0,18.333333333333332,18.0,25.0,13.333333333333334,5.0,3.8333333333333335,0.5,0.3333333333333333,0.16666666666666666,0.5625,0.0,0.0,0.4375,0.9791666666666666,0.020833333333333336,0.1407029096238774,0.03484207184127417,-0.008013648884784575,0.7615384615384615,0.6458333333333334,0.20518453753741883,0.12867603393780092,0.14598110406535564,0.11694122319766885,0.6794871794871795,0.9583333333333334,0.04166666666666667,0.14162663671774786,0.03461921698172723,-0.0018428889078660794,0.7564102564102564,0.375,1.0,-17.0,17.0,17.3769375,19.166666666666668,0.875,0.08539125638299666,0.5,0.4166666666666667,0.5,0.5833333333333334,0.0,0.0,0.11412491818494687,0.8583991295363589,0.9499931245084227
docs,0.25,0.3,40,d0.05/w5/mw0.25,48,6,48,0.0,47.75,59.0,20.833333333333332,18.0,35.0,15.833333333333334,5.0,4.333333333333333,0.8333333333333334,0.0,0.16666666666666666,0.5625,0.0,0.0,0.4375,0.9583333333333334,0.0263523138347365,0.1274745551342768,0.034933524660733635,0.002042487647952545,0.7666666666666667,0.6458333333333334,0.20518453753741883,0.12548133961319727,0.14725428111240052,0.11821440024471373,0.6525641025641026,0.9166666666666666,0.05270462766947299,0.12844063091624183,0.03686223366130438,0.008179533861163846,0.7346153846153847,0.375,1.0,-17.0,17.0,17.376760416666666,19.166666666666668,0.8958333333333334,0.08175590362645245,0.4791666666666667,0.4166666666666667,0.5208333333333334,0.5833333333333334,0.0,0.0,0.1146630875453085,0.8583991295363589,0.9499931245084227
docs,0.25,0.3,80,d0.05/w5/mw0.25,48,6,48,0.0,47.75,59.0,20.833333333333332,18.0,35.0,15.833333333333334,5.0,4.333333333333333,0.8333333333333334,0.0,0.16666666666666666,0.5625,0.0,0.0,0.4375,0.9583333333333334,0.0263523138347365,0.1274745551342768,0.034933524660733635,0.002042487647952545,0.7666666666666667,0.6458333333333334,0.20518453753741883,0.12548133961319727,0.14725428111240052,0.11821440024471373,0.6525641025641026,0.9166666666666666,0.05270462766947299,0.12844063091624183,0.03686223366130438,0.008179533861163846,0.7346153846153847,0.375,1.0,-17.0,17.0,17.376760416666666,19.166666666666668,0.8958333333333334,0.08175590362645245,0.4791666666666667,0.4166666666666667,0.5208333333333334,0.5833333333333334,0.0,0.0,0.1146630875453085,0.8583991295363589,0.9499931245084227
docs,1.0,0.15,20,d0.05/w5/mw0.25,48,6,48,0.0,47.75,59.0,19.041666666666668,18.5,25.0,14.041666666666666,5.0,4.041666666666667,0.2916666666666667,0.375,0.3333333333333333,0.5,0.0,0.0,0.5,0.9375,0.04269562819149833,0.10900607524836864,0.03324832479921976,-0.003882567797191696,0.7205128205128205,0.6666666666666666,0.210818510677892,0.13086875696029318,0.14204826129264395,0.10981104242389687,0.6743589743589744,0.7291666666666666,0.15948049340837198,0.1311307644733797,0.06416724121026321,0.04340701421074703,0.6615384615384615,0.3333333333333333,1.0,-17.0,17.0,17.29465625,19.166666666666668,0.875,0.08539125638299666,0.9583333333333334,0.8333333333333334,0.041666666666666664,0.16666666666666666,0.0,0.0,-0.0020983324983897267,0.8400640694164928,0.889470961033702
docs,1.0,0.15,40,d0.05/w5/mw0.25,48,6,48,0.0,47.75,59.0,23.833333333333332,18.5,45.0,18.833333333333332,5.0,5.0,0.5,0.16666666666666666,0.3333333333333333,0.5,0.0,0.0,0.5,0.9583333333333334,0.04166666666666667,0.07886656904818594,0.01910201340519473,0.003164427699588364,0.7269230769230769,0.6666666666666666,0.210818510677892,0.1266925515261432,0.142347837657372,0.11020282260442106,0.6487179487179487,0.6458333333333334,0.1893427961250294,0.10592602714690619,0.06892649642698194,0.049904587352929734,0.5987179487179487,0.3333333333333333,1.0,-17.0,17.0,17.262885416666666,19.166666666666668,0.875,0.08539125638299666,0.9166666666666666,0.8333333333333334,0.08333333333333333,0.16666666666666666,0.0,0.0,0.015028976148352566,0.8400640694164928,0.889470961033702
docs,1.0,0.15,80,d0.05/w5/mw0.25,48,6,48,0.0,47.75,59.0,25.8125,18.5,55.0,20.8125,5.0,5.395833333333333,0.6666666666666666,0.0,0.3333333333333333,0.5,0.0,0.0,0.5,0.9583333333333334,0.04166666666666667,0.0704866205497992,0.01517719412621731,0.0004996682989926784,0.7217948717948718,0.6666666666666666,0.210818510677892,0.126480741847807,0.1414005093962112,0.10925549434326028,0.6487179487179487,0.625,0.20155644370746376,0.0992246274381028,0.06684289873262174,0.04782098965856952,0.5884615384615385,0.3333333333333333,1.0,-17.0,17.0,17.232427083333334,19.166666666666668,0.8333333333333334,0.105409255338946,0.875,0.8333333333333334,0.125,0.16666666666666666,0.0,0.0,0.03215628479509486,0.8400640694164928,0.889470961033702
docs,1.0,0.2,20,d0.05/w5/mw0.25,48,6,48,0.0,47.75,59.0,18.4375,18.0,25.0,13.4375,5.0,3.8541666666666665,0.5,0.3333333333333333,0.16666666666666666,0.5,0.0,0.0,0.5,0.9375,0.04269562819149833,0.13745589603689912,0.038949601680940166,-0.007938011345578812,0.7205128205128205,0.6666666666666666,0.210818510677892,0.13072474774370332,0.14197387780960138,0.1098854259069394,0.6743589743589744,0.7291666666666666,0.15948049340837198,0.13977621178264668,0.0674704354328079,0.04081928530227162,0.6615384615384615,0.3333333333333333,1.0,-17.0,17.0,17.292187499999997,19.166666666666668,0.875,0.08539125638299666,0.9583333333333334,0.8333333333333334,0.041666666666666664,0.16666666666666666,0.0,0.0,-0.0020983324983897267,0.8400640694164928,0.889470961033702
docs,1.0,0.2,40,d0.05/w1/mw0.25,48,6,48,0.0,47.75,59.0,22.708333333333332,18.0,41.50000000000002,17.708333333333332,5.0,4.708333333333333,0.8125,0.020833333333333332,0.16666666666666666,0.5,0.0,0.0,0.5,0.9375,0.04269562819149833,0.11237239759098183,0.027704619435867484,-0.0015061201280563905,0.7256410256410256,0.6666666666666666,0.210818510677892,0.12707109664140742,0.14045126669346206,0.10836281479080001,0.6487179487179487,0.6458333333333334,0.1893427961250294,0.11752268991119656,0.07320623942067443,0.04655508929013816,0.6,0.3333333333333333,1.0,-17.0,17.0,17.198802083333334,19.166666666666668,0.9166666666666666,0.08333333333333334,0.9166666666666666,0.8333333333333334,0.08333333333333333,0.16666666666666666,0.0,0.0,0.014675861049997366,0.8400640694164928,0.889470961033702
docs,1.0,0.2,40,d0.05/w5/mw0.25,48,6,48,0.0,47.75,59.0,22.708333333333332,18.0,41.50000000000002,17.708333333333332,5.0,4.708333333333333,0.8125,0.020833333333333332,0.16666666666666666,0.5,0.0,0.0,0.5,0.9375,0.04269562819149833,0.11237239759098183,0.027704619435867484,-0.0015061201280563905,0.7256410256410256,0.6666666666666666,0.210818510677892,0.12707109664140742,0.14045126669346206,0.10836281479080001,0.6487179487179487,0.6458333333333334,0.1893427961250294,0.11752268991119656,0.07320623942067443,0.04655508929013816,0.6,0.3333333333333333,1.0,-17.0,17.0,17.198802083333334,19.166666666666668,0.9166666666666666,0.08333333333333334,0.9166666666666666,0.8333333333333334,0.08333333333333333,0.16666666666666666,0.0,0.0,0.014675861049997366,0.8400640694164928,0.889470961033702
docs,1.0,0.2,40,d0/w1/mw0.001,48,6,48,0.0,47.75,59.0,57.708333333333336,53.0,76.50000000000003,17.708333333333332,40.0,11.708333333333334,0.8125,0.020833333333333332,0.16666666666666666,0.0,1.0,0.0,0.0,0.9375,0.04269562819149833,0.11237239759098183,0.027704619435867484,-0.0015061201280563905,0.6282051282051282,0.3125,0.1983000672381799,0.4517822740359048,0.5518869720671232,-0.5518869720671232,0.5564102564102564,0.3125,0.1983000672381799,0.48459111382141584,0.4566760024452314,-0.4566760024452314,0.47307692307692306,0.14583333333333334,1.0,-4.166666666666667,4.166666666666667,74.60517708333333,19.166666666666668,0.8333333333333334,0.16666666666666669,0.6666666666666666,0.8333333333333334,0.16666666666666666,0.16666666666666666,0.16666666666666666,0.0,0.08675955083691,0.8400640694164928,0.889470961033702
docs,1.0,0.2,40,d0/w5/mw0.001,48,6,48,0.0,47.75,59.0,57.708333333333336,53.0,76.50000000000003,17.708333333333332,40.0,11.708333333333334,0.8125,0.020833333333333332,0.16666666666666666,0.0,1.0,0.0,0.0,0.9375,0.04269562819149833,0.11237239759098183,0.027704619435867484,-0.0015061201280563905,0.6282051282051282,0.3125,0.1983000672381799,0.4517822740359048,0.5518869720671232,-0.5518869720671232,0.5564102564102564,0.3125,0.1983000672381799,0.48459111382141584,0.4566760024452314,-0.4566760024452314,0.47307692307692306,0.14583333333333334,1.0,-4.166666666666667,4.166666666666667,74.60517708333333,19.166666666666668,0.8333333333333334,0.16666666666666669,0.6666666666666666,0.8333333333333334,0.16666666666666666,0.16666666666666666,0.16666666666666666,0.0,0.08675955083691,0.8400640694164928,0.889470961033702
docs,1.0,0.2,40,d0/w5/mw0.25,48,6,48,0.0,47.75,59.0,28.541666666666668,27.5,45.0,17.708333333333332,10.833333333333334,5.875,0.8125,0.020833333333333332,0.16666666666666666,0.0,0.16666666666666666,0.0,0.8333333333333334,0.9375,0.04269562819149833,0.11237239759098183,0.027704619435867484,-0.0015061201280563905,0.6435897435897436,0.5,0.22360679774997896,0.12821532923484322,0.2844191209743316,-0.03560503949006954,0.5769230769230769,0.4791666666666667,0.20004339806929675,0.1625995748318315,0.2083637133368004,-0.08860238462598784,0.48717948717948717,0.3333333333333333,1.0,-17.0,17.0,30.771010416666666,19.166666666666668,0.75,0.17078251276599332,0.75,0.8333333333333334,0.08333333333333333,0.16666666666666666,0.16666666666666666,0.0,0.014675861049997366,0.8400640694164928,0.889470961033702
docs,1.0,0.2,80,d0.05/w5/mw0.25,48,6,48,0.0,47.75,59.0,22.8125,18.0,41.50000000000002,17.8125,5.0,4.729166666666667,0.8333333333333334,0.0,0.16666666666666666,0.5,0.0,0.0,0.5,0.9375,0.04269562819149833,0.11158125835047551,0.028637174815614324,-0.0024386755078032256,0.7230769230769231,0.6666666666666666,0.210818510677892,0.12714356040952338,0.1404414218615977,0.10835296995893566,0.6487179487179487,0.6458333333333334,0.1893427961250294,0.11735437685245032,0.07246896232726396,0.045817812196727696,0.6,0.3333333333333333,1.0,-17.0,17.0,17.198723958333332,19.166666666666668,0.8958333333333334,0.08175590362645245,0.8958333333333334,0.8333333333333334,0.10416666666666667,0.16666666666666666,0.0,0.0,0.017532423397841168,0.8400640694164928,0.889470961033702
docs,1.0,0.3,20,d0.05/w5/mw0.25,48,6,48,0.0,47.75,59.0,18.333333333333332,18.0,25.0,13.333333333333334,5.0,3.8333333333333335,0.5,0.3333333333333333,0.16666666666666666,0.5,0.0,0.0,0.5,0.9375,0.04269562819149833,0.1394720250691572,0.038232867809972426,-0.0072212774746110734,0.7205128205128205,0.6666666666666666,0.210818510677892,0.13066963310525534,0.1419681674873205,0.10989113622922031,0.6743589743589744,0.7291666666666666,0.15948049340837198,0.14051854894739765,0.06705261050342631,0.041237110231653204,0.6615384615384615,0.3333333333333333,1.0,-17.0,17.0,17.292265625,19.166666666666668,0.875,0.08539125638299666,0.9583333333333334,0.8333333333333334,0.041666666666666664,0.16666666666666666,0.0,0.0,-0.0020983324983897267,0.8400640694164928,0.889470961033702
docs,1.0,0.3,40,d0.05/w5/mw0.25,48,6,48,0.0,47.75,59.0,20.729166666666668,18.0,35.0,15.729166666666666,5.0,4.3125,0.8333333333333334,0.0,0.16666666666666666,0.5,0.0,0.0,0.5,0.8958333333333334,0.06782841915041544,0.12725516536734513,0.03474424492826535,0.005717790616825473,0.7256410256410256,0.6666666666666666,0.210818510677892,0.12712282486924734,0.14251851431818444,0.11044148306008424,0.65,0.6458333333333334,0.1893427961250294,0.1275980105617601,0.07841424508888155,0.05259874481710843,0.6115384615384616,0.3333333333333333,1.0,-17.0,17.0,17.229541666666666,19.166666666666668,0.8541666666666666,0.09363418772601764,0.9791666666666666,0.8333333333333334,0.020833333333333332,0.16666666666666666,0.0,0.0,-0.03955056179775279,0.8400640694164928,0.889470961033702
docs,1.0,0.3,80,d0.05/w5/mw0.25,48,6,48,0.0,47.75,59.0,20.729166666666668,18.0,35.0,15.729166666666666,5.0,4.3125,0.8333333333333334,0.0,0.16666666666666666,0.5,0.0,0.0,0.5,0.8958333333333334,0.06782841915041544,0.12725516536734513,0.03474424492826535,0.005717790616825473,0.7256410256410256,0.6666666666666666,0.210818510677892,0.12712282486924734,0.14251851431818444,0.11044148306008424,0.65,0.6458333333333334,0.1893427961250294,0.1275980105617601,0.07841424508888155,0.05259874481710843,0.6115384615384616,0.3333333333333333,1.0,-17.0,17.0,17.229541666666666,19.166666666666668,0.8541666666666666,0.09363418772601764,0.9791666666666666,0.8333333333333334,0.020833333333333332,0.16666666666666666,0.0,0.0,-0.03955056179775279,0.8400640694164928,0.889470961033702
docs,4.0,0.15,20,d0.05/w5/mw0.25,48,6,48,0.0,58.083333333333336,59.0,21.729166666666668,25.0,28.0,16.729166666666668,5.0,4.645833333333333,0.14583333333333334,0.5208333333333334,0.3333333333333333,0.7708333333333334,0.0,0.0,0.22916666666666666,1.0,0.0,0.12898819019600635,0.026207713508050096,-0.01313206667552832,0.8156565656565656,0.6666666666666666,0.210818510677892,0.12378934855540356,0.11477208795497466,0.08671312311505713,0.7121212121212122,0.6666666666666666,0.210818510677892,0.12797800881083018,0.10081013354790663,0.07394845100657826,0.702020202020202,0.5833333333333334,1.0,-12.0,12.0,12.117213541666667,12.75,0.8958333333333334,0.10416666666666666,0.9375,0.8333333333333334,0.0625,0.16666666666666666,0.0,0.0,0.04126079199392979,0.8737214298465664,0.9176510842129314
docs,4.0,0.15,40,d0.05/w5/mw0.25,48,6,48,0.0,58.083333333333336,59.0,28.3125,31.0,45.0,23.3125,5.0,6.0,0.4791666666666667,0.1875,0.3333333333333333,0.75,0.0,0.0,0.25,1.0,0.0,0.08442677534428807,0.018598243162785147,-0.004004026549655481,0.8093434343434344,0.6666666666666666,0.210818510677892,0.1186182622040567,0.11705372456461094,0.08889524921188748,0.6843434343434344,0.6666666666666666,0.210818510677892,0.11474719677104672,0.10629162708037353,0.0784693597376439,0.6654040404040404,0.5833333333333334,1.0,-12.0,12.0,12.209541666666667,12.75,0.8958333333333334,0.10416666666666666,0.9375,0.8333333333333334,0.0625,0.16666666666666666,0.0,0.0,0.04126079199392979,0.8737214298465664,0.9176510842129314
docs,4.0,0.15,80,d0.05/w5/mw0.25,48,6,48,0.0,58.083333333333336,59.0,30.395833333333332,31.0,55.0,25.395833333333332,5.0,6.416666666666667,0.6666666666666666,0.0,0.3333333333333333,0.75,0.0,0.0,0.25,0.9791666666666666,0.020833333333333336,0.07471874602463906,0.020167160994011335,-0.005055612226500933,0.7967171717171717,0.6666666666666666,0.210818510677892,0.11827951803148556,0.11509120559441448,0.08693273024169101,0.6843434343434344,0.6666666666666666,0.210818510677892,0.11283292021831315,0.10478420044645338,0.07696193310372378,0.6616161616161617,0.5833333333333334,1.0,-12.0,12.0,12.147505208333333,12.75,0.8958333333333334,0.10416666666666666,0.9375,0.8333333333333334,0.0625,0.16666666666666666,0.0,0.0,0.04126079199392979,0.8737214298465664,0.9176510842129314
docs,4.0,0.2,20,d0.05/w5/mw0.25,48,6,48,0.0,58.083333333333336,59.0,20.75,25.0,28.0,15.75,5.0,4.25,0.6666666666666666,0.3333333333333333,0.0,0.7708333333333334,0.0,0.0,0.22916666666666666,1.0,0.0,0.1895006423032861,0.04219029253103857,-0.018689717537597322,0.8156565656565656,0.6666666666666666,0.210818510677892,0.12244184162530487,0.11486122867464009,0.0866239823953917,0.7121212121212122,0.6666666666666666,0.210818510677892,0.12701425395936652,0.10155451578283002,0.07320406877165488,0.702020202020202,0.625,1.0,-12.0,12.0,12.116791666666666,12.75,0.8958333333333334,0.10416666666666666,0.9375,0.8333333333333334,0.0625,0.16666666666666666,0.0,0.0,0.04126079199392979,0.8737214298465664,0.9176510842129314
docs,4.0,0.2,40,d0.05/w1/mw0.25,48,6,48,0.0,58.083333333333336,59.0,25.75,26.5,45.0,20.75,5.0,5.25,0.9583333333333334,0.041666666666666664,0.0,0.7708333333333334,0.0,0.0,0.22916666666666666,1.0,0.0,0.16394623747207085,0.0331081740199781,-0.007562973772193067,0.8106060606060606,0.6666666666666666,0.210818510677892,0.11721351585556981,0.1156973319089185,0.08746008562967011,0.6830808080808081,0.6666666666666666,0.210818510677892,0.11560942925157036,0.10573770654515853,0.07738725953398339,0.6654040404040404,0.625,1.0,-12.0,12.0,12.209984375,12.75,0.9166666666666666,0.08333333333333334,0.9166666666666666,0.8333333333333334,0.08333333333333333,0.16666666666666666,0.0,0.0,0.04126079199392979,0.8737214298465664,0.9176510842129314
docs,4.0,0.2,40,d0.05/w5/mw0.25,48,6,48,0.0,58.083333333333336,59.0,25.75,26.5,45.0,20.75,5.0,5.25,0.9583333333333334,0.041666666666666664,0.0,0.7708333333333334,0.0,0.0,0.22916666666666666,1.0,0.0,0.16394623747207085,0.0331081740199781,-0.007562973772193067,0.8106060606060606,0.6666666666666666,0.210818510677892,0.11721351585556981,0.1156973319089185,0.08746008562967011,0.6830808080808081,0.6666666666666666,0.210818510677892,0.11560942925157036,0.10573770654515853,0.07738725953398339,0.6654040404040404,0.625,1.0,-12.0,12.0,12.209984375,12.75,0.9166666666666666,0.08333333333333334,0.9166666666666666,0.8333333333333334,0.08333333333333333,0.16666666666666666,0.0,0.0,0.04126079199392979,0.8737214298465664,0.9176510842129314
docs,4.0,0.2,40,d0/w1/mw0.001,48,6,48,0.0,58.083333333333336,59.0,60.75,61.5,80.0,20.75,40.0,12.25,0.9583333333333334,0.041666666666666664,0.0,0.0,1.0,0.0,0.0,1.0,0.0,0.16394623747207085,0.0331081740199781,-0.007562973772193067,0.61489898989899,0.22916666666666666,0.14583333333333337,0.47392888963670793,0.5867711005196855,-0.5867711005196855,0.5164141414141414,0.22916666666666666,0.14583333333333337,0.47308987078002335,0.5672043003857241,-0.5672043003857241,0.369949494949495,0.20833333333333334,1.0,-3.5833333333333335,3.5833333333333335,79.20475520833334,12.75,0.16666666666666666,0.16666666666666669,0.0,0.8333333333333334,1.0,0.16666666666666666,0.0,0.0,-0.5376967278919467,0.8737214298465664,0.9176510842129314
docs,4.0,0.2,40,d0/w5/mw0.001,48,6,48,0.0,58.083333333333336,59.0,60.75,61.5,80.0,20.75,40.0,12.25,0.9583333333333334,0.041666666666666664,0.0,0.0,1.0,0.0,0.0,1.0,0.0,0.16394623747207085,0.0331081740199781,-0.007562973772193067,0.61489898989899,0.22916666666666666,0.14583333333333337,0.47392888963670793,0.5867711005196855,-0.5867711005196855,0.5164141414141414,0.22916666666666666,0.14583333333333337,0.47308987078002335,0.5672043003857241,-0.5672043003857241,0.369949494949495,0.20833333333333334,1.0,-3.5833333333333335,3.5833333333333335,79.20475520833334,12.75,0.16666666666666666,0.16666666666666669,0.0,0.8333333333333334,1.0,0.16666666666666666,0.0,0.0,-0.5376967278919467,0.8737214298465664,0.9176510842129314
docs,4.0,0.2,40,d0/w5/mw0.25,48,6,48,0.0,58.083333333333336,59.0,30.125,28.0,45.0,20.75,9.375,6.125,0.9583333333333334,0.041666666666666664,0.0,0.0,0.125,0.0,0.875,1.0,0.0,0.16394623747207085,0.0331081740199781,-0.007562973772193067,0.75,0.5416666666666666,0.20833333333333331,0.11819452924076952,0.22398576964585257,-0.020828352107263932,0.6300505050505051,0.5416666666666666,0.20833333333333331,0.1201471640104832,0.21189882859024858,-0.028773862511106682,0.5820707070707071,0.625,1.0,-12.0,12.0,22.390703125,12.75,0.7916666666666666,0.1356568383008309,0.7916666666666666,0.8333333333333334,0.20833333333333334,0.16666666666666666,0.0,0.0,-0.5305729930704357,0.8737214298465664,0.9176510842129314
docs,4.0,0.2,80,d0.05/w5/mw0.25,48,6,48,0.0,58.083333333333336,59.0,25.958333333333332,26.5,45.0,20.958333333333332,5.0,5.291666666666667,1.0,0.0,0.0,0.7708333333333334,0.0,0.0,0.22916666666666666,1.0,0.0,0.16236395899105818,0.03297789975837472,-0.007432699510589692,0.8093434343434344,0.6666666666666666,0.210818510677892,0.11719278111239717,0.11570843202948371,0.08747118575023531,0.6830808080808081,0.6666666666666666,0.210818510677892,0.11538653465775507,0.10578134576163194,0.07743089875045678,0.6654040404040404,0.625,1.0,-12.0,12.0,12.210380208333333,12.75,0.9166666666666666,0.08333333333333334,0.9166666666666666,0.8333333333333334,0.08333333333333333,0.16666666666666666,0.0,0.0,0.04126079199392979,0.8737214298465664,0.9176510842129314
docs,4.0,0.3,20,d0.05/w5/mw0.25,48,6,48,0.0,58.083333333333336,59.0,19.916666666666668,21.5,25.0,14.916666666666666,5.0,4.083333333333333,0.6666666666666666,0.3333333333333333,0.0,0.7708333333333334,0.0,0.0,0.22916666666666666,1.0,0.0,0.2050726182200896,0.05064671015555964,-0.016592563733546974,0.8156565656565656,0.6666666666666666,0.210818510677892,0.12153366507515162,0.11478407025543158,0.08670114081460019,0.7070707070707071,0.6666666666666666,0.210818510677892,0.12724569298561947,0.10183939502882651,0.0739327691451344,0.696969696969697,0.625,1.0,-12.0,12.0,12.116567708333335,12.75,0.8958333333333334,0.10416666666666666,0.9375,0.8333333333333334,0.0625,0.16666666666666666,0.0,0.0,0.04126079199392979,0.8737214298465664,0.9176510842129314
docs,4.0,0.3,40,d0.05/w5/mw0.25,48,6,48,0.0,58.083333333333336,59.0,22.729166666666668,21.5,35.0,17.729166666666668,5.0,4.645833333333333,1.0,0.0,0.0,0.7708333333333334,0.0,0.0,0.22916666666666666,1.0,0.0,0.19203552105903887,0.04216069184939256,-0.003130958706170876,0.8207070707070707,0.6666666666666666,0.210818510677892,0.11865071223945028,0.11319946789425424,0.08511653845342286,0.678030303030303,0.6666666666666666,0.210818510677892,0.11998320122806107,0.10417809029526463,0.07627146441157251,0.6628787878787878,0.625,1.0,-12.0,12.0,12.116453125000001,12.75,0.9166666666666666,0.08333333333333334,0.9166666666666666,0.8333333333333334,0.08333333333333333,0.16666666666666666,0.0,0.0,0.04126079199392979,0.8737214298465664,0.9176510842129314
docs,4.0,0.3,80,d0.05/w5/mw0.25,48,6,48,0.0,58.083333333333336,59.0,22.729166666666668,21.5,35.0,17.729166666666668,5.0,4.645833333333333,1.0,0.0,0.0,0.7708333333333334,0.0,0.0,0.22916666666666666,1.0,0.0,0.19203552105903887,0.04216069184939256,-0.003130958706170876,0.8207070707070707,0.6666666666666666,0.210818510677892,0.11865071223945028,0.11319946789425424,0.08511653845342286,0.678030303030303,0.6666666666666666,0.210818510677892,0.11998320122806107,0.10417809029526463,0.07627146441157251,0.6628787878787878,0.625,1.0,-12.0,12.0,12.116453125000001,12.75,0.9166666666666666,0.08333333333333334,0.9166666666666666,0.8333333333333334,0.08333333333333333,0.16666666666666666,0.0,0.0,0.04126079199392979,0.8737214298465664,0.9176510842129314
