preset,beta,rung_order,rung,label,arm,t,mean,se,n,coverage,ap_mean,ap_se
b025,0.25,1,b1,cross-calibration,b1_xcal,0,0.0123441,0.000177819,720,0,0.417756,0.0133893
b025,0.25,1,b1,cross-calibration,b1_xcal,1,0.0123441,0.000177819,720,0,0.417756,0.0133893
b025,0.25,1,b1,cross-calibration,b1_xcal,2,0.0123441,0.000177819,720,0,0.417756,0.0133893
b025,0.25,1,b1,cross-calibration,b1_xcal,3,0.0123441,0.000177819,720,0,0.417756,0.0133893
b025,0.25,1,b1,cross-calibration,b1_xcal,4,0.0123441,0.000177819,720,0,0.417756,0.0133893
b025,0.25,1,b1,cross-calibration,b1_xcal,5,0.0123441,0.000177819,720,0,0.417756,0.0133893
b025,0.25,1,b1,cross-calibration,b1_xcal,6,0.0123441,0.000177819,720,0,0.417756,0.0133893
b025,0.25,1,b1,cross-calibration,b1_xcal,7,0.0123441,0.000177819,720,0,0.417756,0.0133893
b025,0.25,1,b1,cross-calibration,b1_xcal,8,0.0123441,0.000177819,720,0,0.417756,0.0133893
b025,0.25,1,b1,cross-calibration,b1_xcal,9,0.0123441,0.000177819,720,0,0.417756,0.0133893
b025,0.25,1,b1,cross-calibration,b1_xcal,10,0.0123441,0.000177819,720,0,0.417756,0.0133893
b025,0.25,1,b1,cross-calibration,b1_xcal,11,0.0123441,0.000177819,720,0,0.417756,0.0133893
b025,0.25,1,b1,cross-calibration,b1_xcal,12,0.0123441,0.000177819,720,0,0.417756,0.0133893
b025,0.25,1,b1,cross-calibration,b1_xcal,13,0.0123441,0.000177819,720,0,0.417756,0.0133893
b025,0.25,1,b1,cross-calibration,b1_xcal,14,0.0123441,0.000177819,720,0,0.417756,0.0133893
b025,0.25,1,b1,cross-calibration,b1_xcal,15,0.0123441,0.000177819,720,0,0.417756,0.0133893
b025,0.25,1,b1,cross-calibration,b1_xcal,16,0.0123441,0.000177819,720,0,0.417756,0.0133893
b025,0.25,1,b1,cross-calibration,b1_xcal,17,0.0123441,0.000177819,720,0,0.417756,0.0133893
b025,0.25,1,b1,cross-calibration,b1_xcal,18,0.0123441,0.000177819,720,0,0.417756,0.0133893
b025,0.25,1,b1,cross-calibration,b1_xcal,19,0.0123441,0.000177819,720,0,0.417756,0.0133893
b025,0.25,1,b1,cross-calibration,b1_xcal,20,0.0123441,0.000177819,720,0,0.417756,0.0133893
b025,0.25,1,b1,cross-calibration,b1_xcal,21,0.0123441,0.000177819,720,0,0.417756,0.0133893
b025,0.25,1,b1,cross-calibration,b1_xcal,22,0.0123441,0.000177819,720,0,0.417756,0.0133893
b025,0.25,1,b1,cross-calibration,b1_xcal,23,0.0124366,0.000204089,720,0.00138889,0.417688,0.0133919
b025,0.25,1,b1,cross-calibration,b1_xcal,24,0.204219,0.0128897,720,0.277778,0.397438,0.012683
b025,0.25,1,b1,cross-calibration,b1_xcal,25,0.249178,0.0135394,720,0.365278,0.395206,0.0126943
b025,0.25,1,b1,cross-calibration,b1_xcal,26,0.272947,0.0139647,720,0.394444,0.400795,0.0129466
b025,0.25,1,b1,cross-calibration,b1_xcal,27,0.288906,0.0141032,720,0.416667,0.403818,0.0130739
b025,0.25,1,b1,cross-calibration,b1_xcal,28,0.30172,0.0141683,720,0.434722,0.408061,0.0132064
b025,0.25,1,b1,cross-calibration,b1_xcal,29,0.329214,0.0147345,720,0.455556,0.412488,0.0133565
b025,0.25,1,b1,cross-calibration,b1_xcal,30,0.356695,0.0151553,720,0.469444,0.416217,0.0134521
b025,0.25,1,b1,cross-calibration,b1_xcal,31,0.36819,0.01533,720,0.477778,0.419571,0.0135419
b025,0.25,1,b1,cross-calibration,b1_xcal,32,0.371558,0.015362,720,0.483333,0.423885,0.0136378
b025,0.25,1,b1,cross-calibration,b1_xcal,33,0.380652,0.0155206,720,0.488889,0.426905,0.0136881
b025,0.25,1,b1,cross-calibration,b1_xcal,34,0.392966,0.0157717,720,0.498611,0.431688,0.0138307
b025,0.25,1,b1,cross-calibration,b1_xcal,35,0.395604,0.0157525,720,0.506944,0.434142,0.013897
b025,0.25,1,b1,cross-calibration,b1_xcal,36,0.400421,0.0157385,720,0.518056,0.436207,0.0139383
b025,0.25,1,b1,cross-calibration,b1_xcal,37,0.400879,0.0155867,720,0.526389,0.43833,0.0139829
b025,0.25,1,b1,cross-calibration,b1_xcal,38,0.403267,0.0154676,720,0.534722,0.440673,0.0140157
b025,0.25,1,b1,cross-calibration,b1_xcal,39,0.399222,0.015408,720,0.545833,0.442968,0.0140346
b025,0.25,1,b1,cross-calibration,b1_xcal,40,0.404864,0.0154383,720,0.558333,0.445616,0.0140742
b025,0.25,1,b1,cross-calibration,b1_xcal,41,0.409221,0.0154666,720,0.563889,0.44774,0.0141063
b025,0.25,1,b1,cross-calibration,b1_xcal,42,0.4186,0.0155015,720,0.570833,0.449664,0.0141536
b025,0.25,1,b1,cross-calibration,b1_xcal,43,0.417027,0.0154484,720,0.580556,0.450705,0.0141823
b025,0.25,1,b1,cross-calibration,b1_xcal,44,0.419552,0.0154362,720,0.590278,0.452693,0.0142077
b025,0.25,1,b1,cross-calibration,b1_xcal,45,0.422598,0.0154346,720,0.601389,0.454266,0.0142337
b025,0.25,1,b1,cross-calibration,b1_xcal,46,0.42721,0.0154839,720,0.605556,0.456628,0.0142542
b025,0.25,1,b1,cross-calibration,b1_xcal,47,0.429106,0.0154399,720,0.619444,0.457417,0.0143118
b025,0.25,1,b1,cross-calibration,b1_xcal,48,0.426298,0.0154193,720,0.622222,0.459217,0.0143281
b025,0.25,1,b1,cross-calibration,b1_xcal,49,0.423777,0.0153209,720,0.627778,0.461465,0.0143291
b025,0.25,1,b1,cross-calibration,b1_xcal,50,0.429084,0.0153021,720,0.627778,0.463649,0.0143379
b025,0.25,1,b1,cross-calibration,b1_xcal,51,0.42687,0.0151646,720,0.630556,0.465577,0.0143409
b025,0.25,1,b1,cross-calibration,b1_xcal,52,0.430669,0.01522,720,0.634722,0.467199,0.0143569
b025,0.25,1,b1,cross-calibration,b1_xcal,53,0.434486,0.0152696,720,0.648611,0.468215,0.0143418
b025,0.25,1,b1,cross-calibration,b1_xcal,54,0.434611,0.0151996,720,0.655556,0.46923,0.0143651
b025,0.25,1,b1,cross-calibration,b1_xcal,55,0.443621,0.015418,720,0.663889,0.470331,0.0143636
b025,0.25,1,b1,cross-calibration,b1_xcal,56,0.455109,0.0155762,720,0.672222,0.47199,0.0143711
b025,0.25,1,b1,cross-calibration,b1_xcal,57,0.460473,0.0155977,720,0.677778,0.473426,0.0143635
b025,0.25,1,b1,cross-calibration,b1_xcal,58,0.457338,0.0154975,720,0.684722,0.475806,0.0143413
b025,0.25,1,b1,cross-calibration,b1_xcal,59,0.461058,0.0155236,720,0.7,0.478428,0.014323
b025,0.25,1,b1,cross-calibration,b1_xcal,60,0.462384,0.015421,720,0.708333,0.48012,0.0143075
b025,0.25,1,b1,cross-calibration,b1_xcal,61,0.46627,0.0154643,720,0.7125,0.481581,0.014302
b025,0.25,1,b1,cross-calibration,b1_xcal,62,0.464096,0.0153108,720,0.722222,0.48297,0.014305
b025,0.25,1,b1,cross-calibration,b1_xcal,63,0.454363,0.0151672,720,0.726389,0.484118,0.0143077
b025,0.25,1,b1,cross-calibration,b1_xcal,64,0.455306,0.0151493,720,0.731944,0.485565,0.0142952
b025,0.25,1,b1,cross-calibration,b1_xcal,65,0.458521,0.0151011,720,0.738889,0.48718,0.0143014
b025,0.25,1,b1,cross-calibration,b1_xcal,66,0.464116,0.015169,720,0.747222,0.488847,0.0142879
b025,0.25,1,b1,cross-calibration,b1_xcal,67,0.460317,0.0150095,720,0.754167,0.490667,0.0142706
b025,0.25,1,b1,cross-calibration,b1_xcal,68,0.46381,0.0150488,720,0.756944,0.491786,0.014271
b025,0.25,1,b1,cross-calibration,b1_xcal,69,0.464684,0.0149968,720,0.759722,0.493347,0.0142681
b025,0.25,1,b1,cross-calibration,b1_xcal,70,0.465513,0.0149194,720,0.766667,0.494201,0.0142718
b025,0.25,1,b1,cross-calibration,b1_xcal,71,0.466759,0.0149421,720,0.770833,0.495693,0.014251
b025,0.25,1,b1,cross-calibration,b1_xcal,72,0.466612,0.0148471,720,0.776389,0.49693,0.0142437
b025,0.25,1,b1,cross-calibration,b1_xcal,73,0.461381,0.0147013,720,0.780556,0.497825,0.0142326
b025,0.25,1,b1,cross-calibration,b1_xcal,74,0.45804,0.0146371,720,0.783333,0.499248,0.0142249
b025,0.25,1,b1,cross-calibration,b1_xcal,75,0.455306,0.0145497,720,0.790278,0.500403,0.0142099
b025,0.25,1,b1,cross-calibration,b1_xcal,76,0.449958,0.0143796,720,0.793056,0.501412,0.0142018
b025,0.25,1,b1,cross-calibration,b1_xcal,77,0.445194,0.0141447,720,0.801389,0.502402,0.014194
b025,0.25,1,b1,cross-calibration,b1_xcal,78,0.444533,0.014169,720,0.809722,0.503417,0.0141779
b025,0.25,1,b1,cross-calibration,b1_xcal,79,0.447139,0.0141921,720,0.818056,0.50427,0.0141687
b025,0.25,1,b1,cross-calibration,b1_xcal,80,0.453882,0.0142433,720,0.820833,0.506025,0.0141494
b025,0.25,1,b1,cross-calibration,b1_xcal,81,0.449218,0.0142031,720,0.826389,0.507175,0.0141362
b025,0.25,1,b1,cross-calibration,b1_xcal,82,0.445807,0.0141603,720,0.831944,0.508568,0.0141279
b025,0.25,1,b1,cross-calibration,b1_xcal,83,0.449349,0.0141944,720,0.8375,0.509507,0.0141031
b025,0.25,1,b1,cross-calibration,b1_xcal,84,0.448809,0.0141015,720,0.841667,0.510458,0.014084
b025,0.25,1,b1,cross-calibration,b1_xcal,85,0.452394,0.0141487,720,0.844444,0.511542,0.0140695
b025,0.25,1,b1,cross-calibration,b1_xcal,86,0.449526,0.0141476,720,0.844444,0.512206,0.0140577
b025,0.25,1,b1,cross-calibration,b1_xcal,87,0.450459,0.0141685,720,0.85,0.512842,0.0140488
b025,0.25,1,b1,cross-calibration,b1_xcal,88,0.455888,0.0141889,720,0.858333,0.513896,0.0140292
b025,0.25,1,b1,cross-calibration,b1_xcal,89,0.454169,0.0141638,720,0.8625,0.514906,0.0140037
b025,0.25,1,b1,cross-calibration,b1_xcal,90,0.455598,0.0141837,720,0.866667,0.515431,0.0139848
b025,0.25,1,b1,cross-calibration,b1_xcal,91,0.454788,0.0140443,720,0.870833,0.516343,0.0139811
b025,0.25,1,b1,cross-calibration,b1_xcal,92,0.459688,0.0141573,720,0.870833,0.517183,0.0139678
b025,0.25,1,b1,cross-calibration,b1_xcal,93,0.460279,0.0140396,720,0.872222,0.517695,0.0139633
b025,0.25,1,b1,cross-calibration,b1_xcal,94,0.459803,0.0140437,720,0.876389,0.517863,0.0139523
b025,0.25,1,b1,cross-calibration,b1_xcal,95,0.464155,0.0139811,720,0.880556,0.518818,0.0139333
b025,0.25,1,b1,cross-calibration,b1_xcal,96,0.464633,0.0138286,720,0.884722,0.519563,0.0139074
b025,0.25,1,b1,cross-calibration,b1_xcal,97,0.47071,0.0140547,720,0.886111,0.520965,0.0138922
b025,0.25,1,b1,cross-calibration,b1_xcal,98,0.46628,0.0139917,720,0.890278,0.522216,0.0138708
b025,0.25,1,b1,cross-calibration,b1_xcal,99,0.468711,0.0139815,720,0.893056,0.522409,0.0138774
b025,0.25,1,b1,cross-calibration,b1_xcal,100,0.471912,0.0139932,720,0.894444,0.5228,0.0138702
b025,0.25,1,b1,cross-calibration,b1_xcal,101,0.473647,0.0141291,720,0.894444,0.52373,0.0138619
b025,0.25,1,b1,cross-calibration,b1_xcal,102,0.476062,0.0141607,720,0.894444,0.524434,0.0138565
b025,0.25,1,b1,cross-calibration,b1_xcal,103,0.479188,0.0141436,720,0.894444,0.525054,0.0138502
b025,0.25,1,b1,cross-calibration,b1_xcal,104,0.478242,0.0140385,720,0.897222,0.52571,0.0138477
b025,0.25,1,b1,cross-calibration,b1_xcal,105,0.480433,0.0140804,720,0.9,0.526272,0.0138396
b025,0.25,1,b1,cross-calibration,b1_xcal,106,0.478235,0.0140494,720,0.901389,0.526574,0.0138401
b025,0.25,1,b1,cross-calibration,b1_xcal,107,0.477628,0.0140109,720,0.905556,0.527071,0.013827
b025,0.25,1,b1,cross-calibration,b1_xcal,108,0.480518,0.0140371,720,0.906944,0.527556,0.0138274
b025,0.25,1,b1,cross-calibration,b1_xcal,109,0.479266,0.0139882,720,0.909722,0.528425,0.0138001
b025,0.25,1,b1,cross-calibration,b1_xcal,110,0.477648,0.0138427,720,0.909722,0.528769,0.0137986
b025,0.25,1,b1,cross-calibration,b1_xcal,111,0.474886,0.0138565,720,0.9125,0.529307,0.013795
b025,0.25,1,b1,cross-calibration,b1_xcal,112,0.474521,0.0138371,720,0.9125,0.529608,0.0137964
b025,0.25,1,b1,cross-calibration,b1_xcal,113,0.476269,0.0137391,720,0.918056,0.53016,0.0137763
b025,0.25,1,b1,cross-calibration,b1_xcal,114,0.471197,0.0136374,720,0.919444,0.530356,0.0137741
b025,0.25,1,b1,cross-calibration,b1_xcal,115,0.46989,0.013702,720,0.920833,0.530812,0.0137645
b025,0.25,1,b1,cross-calibration,b1_xcal,116,0.470081,0.0136359,720,0.920833,0.5312,0.0137562
b025,0.25,1,b1,cross-calibration,b1_xcal,117,0.472128,0.0137242,720,0.922222,0.53164,0.0137421
b025,0.25,1,b1,cross-calibration,b1_xcal,118,0.473073,0.0136827,720,0.925,0.532086,0.0137265
b025,0.25,1,b1,cross-calibration,b1_xcal,119,0.472666,0.0137137,720,0.925,0.532561,0.0137235
b025,0.25,1,b1,cross-calibration,b1_xcal,120,0.470639,0.013576,720,0.925,0.532974,0.0137161
b025,0.25,1,b1,cross-calibration,b1_xcal,121,0.46734,0.0135656,720,0.926389,0.533215,0.0137081
b025,0.25,1,b1,cross-calibration,b1_xcal,122,0.469698,0.0134454,720,0.926389,0.533456,0.0137029
b025,0.25,1,b1,cross-calibration,b1_xcal,123,0.464632,0.013354,720,0.926389,0.53395,0.0136914
b025,0.25,1,b1,cross-calibration,b1_xcal,124,0.466446,0.0134519,720,0.926389,0.534354,0.0136808
b025,0.25,1,b1,cross-calibration,b1_xcal,125,0.469201,0.0134308,720,0.926389,0.534457,0.0136721
b025,0.25,1,b1,cross-calibration,b1_xcal,126,0.469698,0.0133959,720,0.926389,0.53487,0.0136724
b025,0.25,1,b1,cross-calibration,b1_xcal,127,0.466935,0.0133136,720,0.926389,0.535191,0.0136661
b025,0.25,1,b1,cross-calibration,b1_xcal,128,0.470953,0.0133432,720,0.927778,0.535393,0.0136518
b025,0.25,1,b1,cross-calibration,b1_xcal,129,0.468773,0.0133737,720,0.929167,0.535654,0.0136371
b025,0.25,1,b1,cross-calibration,b1_xcal,130,0.471189,0.013386,720,0.929167,0.536147,0.013628
b025,0.25,1,b1,cross-calibration,b1_xcal,131,0.469461,0.0132858,720,0.929167,0.536258,0.0136267
b025,0.25,1,b1,cross-calibration,b1_xcal,132,0.473225,0.0133901,720,0.930556,0.536876,0.0136102
b025,0.25,1,b1,cross-calibration,b1_xcal,133,0.472219,0.0133369,720,0.931944,0.536979,0.0136009
b025,0.25,1,b1,cross-calibration,b1_xcal,134,0.468501,0.0132954,720,0.933333,0.537204,0.0135929
b025,0.25,1,b1,cross-calibration,b1_xcal,135,0.468761,0.0132559,720,0.9375,0.537993,0.0135678
b025,0.25,1,b1,cross-calibration,b1_xcal,136,0.463368,0.0131321,720,0.940278,0.538223,0.0135573
b025,0.25,1,b1,cross-calibration,b1_xcal,137,0.46515,0.013013,720,0.943056,0.538472,0.0135476
b025,0.25,1,b1,cross-calibration,b1_xcal,138,0.464956,0.013043,720,0.943056,0.538724,0.0135419
b025,0.25,1,b1,cross-calibration,b1_xcal,139,0.462797,0.0130985,720,0.943056,0.53876,0.0135436
b025,0.25,1,b1,cross-calibration,b1_xcal,140,0.461838,0.0129643,720,0.943056,0.538896,0.0135429
b025,0.25,1,b1,cross-calibration,b1_xcal,141,0.4626,0.0129999,720,0.943056,0.538942,0.0135384
b025,0.25,1,b1,cross-calibration,b1_xcal,142,0.455369,0.0128941,720,0.943056,0.539153,0.0135342
b025,0.25,1,b1,cross-calibration,b1_xcal,143,0.457749,0.0130149,720,0.943056,0.539548,0.0135225
b025,0.25,1,b1,cross-calibration,b1_xcal,144,0.459996,0.0130418,720,0.944444,0.539761,0.0135209
b025,0.25,1,b1,cross-calibration,b1_xcal,145,0.461416,0.012997,720,0.947222,0.540086,0.0135059
b025,0.25,1,b1,cross-calibration,b1_xcal,146,0.46322,0.0130033,720,0.951389,0.540256,0.0134983
b025,0.25,1,b1,cross-calibration,b1_xcal,147,0.462278,0.0130018,720,0.951389,0.540706,0.0134829
b025,0.25,1,b1,cross-calibration,b1_xcal,148,0.459515,0.0129327,720,0.951389,0.540949,0.0134769
b025,0.25,1,b1,cross-calibration,b1_xcal,149,0.464929,0.0129327,720,0.951389,0.54124,0.0134733
b025,0.25,1,b1,cross-calibration,b1_xcal,150,0.463187,0.0130179,720,0.951389,0.541314,0.0134698
b025,0.25,2,b2,the labels line at the preset,b2_labels_b025,0,0.0123441,0.000177819,720,0,0.417756,0.0133893
b025,0.25,2,b2,the labels line at the preset,b2_labels_b025,1,0.0123441,0.000177819,720,0,0.417756,0.0133893
b025,0.25,2,b2,the labels line at the preset,b2_labels_b025,2,0.0123441,0.000177819,720,0,0.417756,0.0133893
b025,0.25,2,b2,the labels line at the preset,b2_labels_b025,3,0.0123441,0.000177819,720,0,0.417756,0.0133893
b025,0.25,2,b2,the labels line at the preset,b2_labels_b025,4,0.0123441,0.000177819,720,0,0.417756,0.0133893
b025,0.25,2,b2,the labels line at the preset,b2_labels_b025,5,0.0123441,0.000177819,720,0,0.417756,0.0133893
b025,0.25,2,b2,the labels line at the preset,b2_labels_b025,6,0.0123441,0.000177819,720,0,0.417756,0.0133893
b025,0.25,2,b2,the labels line at the preset,b2_labels_b025,7,0.0123441,0.000177819,720,0,0.417756,0.0133893
b025,0.25,2,b2,the labels line at the preset,b2_labels_b025,8,0.0123441,0.000177819,720,0,0.417756,0.0133893
b025,0.25,2,b2,the labels line at the preset,b2_labels_b025,9,0.0123441,0.000177819,720,0,0.417756,0.0133893
b025,0.25,2,b2,the labels line at the preset,b2_labels_b025,10,0.0123441,0.000177819,720,0,0.417756,0.0133893
b025,0.25,2,b2,the labels line at the preset,b2_labels_b025,11,0.0123441,0.000177819,720,0,0.417756,0.0133893
b025,0.25,2,b2,the labels line at the preset,b2_labels_b025,12,0.0123441,0.000177819,720,0,0.417756,0.0133893
b025,0.25,2,b2,the labels line at the preset,b2_labels_b025,13,0.0123441,0.000177819,720,0,0.417756,0.0133893
b025,0.25,2,b2,the labels line at the preset,b2_labels_b025,14,0.0123441,0.000177819,720,0,0.417756,0.0133893
b025,0.25,2,b2,the labels line at the preset,b2_labels_b025,15,0.0123441,0.000177819,720,0,0.417756,0.0133893
b025,0.25,2,b2,the labels line at the preset,b2_labels_b025,16,0.0123441,0.000177819,720,0,0.417756,0.0133893
b025,0.25,2,b2,the labels line at the preset,b2_labels_b025,17,0.0123441,0.000177819,720,0,0.417756,0.0133893
b025,0.25,2,b2,the labels line at the preset,b2_labels_b025,18,0.0123441,0.000177819,720,0,0.417756,0.0133893
b025,0.25,2,b2,the labels line at the preset,b2_labels_b025,19,0.0123441,0.000177819,720,0,0.417756,0.0133893
b025,0.25,2,b2,the labels line at the preset,b2_labels_b025,20,0.0123441,0.000177819,720,0,0.417756,0.0133893
b025,0.25,2,b2,the labels line at the preset,b2_labels_b025,21,0.0123441,0.000177819,720,0,0.417756,0.0133893
b025,0.25,2,b2,the labels line at the preset,b2_labels_b025,22,0.0123441,0.000177819,720,0,0.417756,0.0133893
b025,0.25,2,b2,the labels line at the preset,b2_labels_b025,23,0.012319,0.000178464,720,0.00138889,0.417688,0.0133919
b025,0.25,2,b2,the labels line at the preset,b2_labels_b025,24,0.214572,0.0131631,720,0.277778,0.397433,0.0126832
b025,0.25,2,b2,the labels line at the preset,b2_labels_b025,25,0.283323,0.0143507,720,0.365278,0.393545,0.0126446
b025,0.25,2,b2,the labels line at the preset,b2_labels_b025,26,0.303654,0.0147205,720,0.394444,0.394803,0.0127466
b025,0.25,2,b2,the labels line at the preset,b2_labels_b025,27,0.322133,0.0149126,720,0.416667,0.397397,0.0128735
b025,0.25,2,b2,the labels line at the preset,b2_labels_b025,28,0.33509,0.0149863,720,0.434722,0.401697,0.0129852
b025,0.25,2,b2,the labels line at the preset,b2_labels_b025,29,0.349798,0.015127,720,0.455556,0.404433,0.0131095
b025,0.25,2,b2,the labels line at the preset,b2_labels_b025,30,0.368084,0.0153353,720,0.469444,0.408059,0.013238
b025,0.25,2,b2,the labels line at the preset,b2_labels_b025,31,0.378149,0.0154319,720,0.477778,0.412088,0.0133334
b025,0.25,2,b2,the labels line at the preset,b2_labels_b025,32,0.386861,0.0155736,720,0.483333,0.416899,0.0134316
b025,0.25,2,b2,the labels line at the preset,b2_labels_b025,33,0.391826,0.0155892,720,0.488889,0.420779,0.0135012
b025,0.25,2,b2,the labels line at the preset,b2_labels_b025,34,0.400982,0.0156899,720,0.498611,0.424941,0.0136164
b025,0.25,2,b2,the labels line at the preset,b2_labels_b025,35,0.410507,0.0157986,720,0.506944,0.428055,0.0136909
b025,0.25,2,b2,the labels line at the preset,b2_labels_b025,36,0.418422,0.0158888,720,0.518056,0.430642,0.0137612
b025,0.25,2,b2,the labels line at the preset,b2_labels_b025,37,0.4208,0.015868,720,0.526389,0.432977,0.0138025
b025,0.25,2,b2,the labels line at the preset,b2_labels_b025,38,0.429937,0.0159104,720,0.534722,0.436088,0.0138558
b025,0.25,2,b2,the labels line at the preset,b2_labels_b025,39,0.433121,0.0158852,720,0.545833,0.438918,0.0138841
b025,0.25,2,b2,the labels line at the preset,b2_labels_b025,40,0.438227,0.0157994,720,0.558333,0.441427,0.0139042
b025,0.25,2,b2,the labels line at the preset,b2_labels_b025,41,0.440253,0.0158202,720,0.563889,0.442872,0.0139413
b025,0.25,2,b2,the labels line at the preset,b2_labels_b025,42,0.444614,0.0158069,720,0.570833,0.44413,0.0139635
b025,0.25,2,b2,the labels line at the preset,b2_labels_b025,43,0.448989,0.0157735,720,0.580556,0.444684,0.0139893
b025,0.25,2,b2,the labels line at the preset,b2_labels_b025,44,0.451341,0.015648,720,0.590278,0.446504,0.0139939
b025,0.25,2,b2,the labels line at the preset,b2_labels_b025,45,0.453775,0.0156087,720,0.601389,0.447229,0.014011
b025,0.25,2,b2,the labels line at the preset,b2_labels_b025,46,0.455858,0.0156093,720,0.605556,0.448708,0.0140224
b025,0.25,2,b2,the labels line at the preset,b2_labels_b025,47,0.457894,0.0155772,720,0.619444,0.44831,0.0140572
b025,0.25,2,b2,the labels line at the preset,b2_labels_b025,48,0.46044,0.0156063,720,0.622222,0.449289,0.0140587
b025,0.25,2,b2,the labels line at the preset,b2_labels_b025,49,0.462602,0.0155017,720,0.627778,0.450759,0.0140547
b025,0.25,2,b2,the labels line at the preset,b2_labels_b025,50,0.464578,0.0154673,720,0.627778,0.45217,0.0140458
b025,0.25,2,b2,the labels line at the preset,b2_labels_b025,51,0.466663,0.0154666,720,0.630556,0.454118,0.0140465
b025,0.25,2,b2,the labels line at the preset,b2_labels_b025,52,0.467722,0.0154333,720,0.634722,0.455253,0.0140371
b025,0.25,2,b2,the labels line at the preset,b2_labels_b025,53,0.469443,0.0153712,720,0.648611,0.455964,0.0140211
b025,0.25,2,b2,the labels line at the preset,b2_labels_b025,54,0.468689,0.0153213,720,0.655556,0.456463,0.0140193
b025,0.25,2,b2,the labels line at the preset,b2_labels_b025,55,0.470347,0.0153045,720,0.663889,0.457217,0.0140218
b025,0.25,2,b2,the labels line at the preset,b2_labels_b025,56,0.470724,0.015301,720,0.672222,0.45842,0.0140294
b025,0.25,2,b2,the labels line at the preset,b2_labels_b025,57,0.475876,0.0152007,720,0.677778,0.459494,0.014009
b025,0.25,2,b2,the labels line at the preset,b2_labels_b025,58,0.477667,0.0152715,720,0.684722,0.461624,0.0139916
b025,0.25,2,b2,the labels line at the preset,b2_labels_b025,59,0.479776,0.0151944,720,0.7,0.464296,0.0139862
b025,0.25,2,b2,the labels line at the preset,b2_labels_b025,60,0.484682,0.01508,720,0.708333,0.465958,0.0139757
b025,0.25,2,b2,the labels line at the preset,b2_labels_b025,61,0.490348,0.0150807,720,0.7125,0.467423,0.0139747
b025,0.25,2,b2,the labels line at the preset,b2_labels_b025,62,0.489819,0.015068,720,0.722222,0.469131,0.0139751
b025,0.25,2,b2,the labels line at the preset,b2_labels_b025,63,0.49102,0.0150748,720,0.726389,0.470234,0.0139637
b025,0.25,2,b2,the labels line at the preset,b2_labels_b025,64,0.496458,0.0150952,720,0.731944,0.472341,0.013951
b025,0.25,2,b2,the labels line at the preset,b2_labels_b025,65,0.498223,0.0150585,720,0.738889,0.474296,0.0139598
b025,0.25,2,b2,the labels line at the preset,b2_labels_b025,66,0.502214,0.0149955,720,0.747222,0.476223,0.0139479
b025,0.25,2,b2,the labels line at the preset,b2_labels_b025,67,0.501844,0.0149171,720,0.754167,0.478202,0.0139371
b025,0.25,2,b2,the labels line at the preset,b2_labels_b025,68,0.502058,0.0148873,720,0.756944,0.479709,0.0139303
b025,0.25,2,b2,the labels line at the preset,b2_labels_b025,69,0.505907,0.0148799,720,0.759722,0.48101,0.0139282
b025,0.25,2,b2,the labels line at the preset,b2_labels_b025,70,0.507614,0.0148478,720,0.766667,0.481897,0.0139267
b025,0.25,2,b2,the labels line at the preset,b2_labels_b025,71,0.511803,0.0148317,720,0.770833,0.483464,0.0139129
b025,0.25,2,b2,the labels line at the preset,b2_labels_b025,72,0.513495,0.0147999,720,0.776389,0.484782,0.0139039
b025,0.25,2,b2,the labels line at the preset,b2_labels_b025,73,0.514578,0.01475,720,0.780556,0.485339,0.0139036
b025,0.25,2,b2,the labels line at the preset,b2_labels_b025,74,0.515941,0.0147199,720,0.783333,0.486297,0.0139048
b025,0.25,2,b2,the labels line at the preset,b2_labels_b025,75,0.517988,0.0146713,720,0.790278,0.487491,0.0138864
b025,0.25,2,b2,the labels line at the preset,b2_labels_b025,76,0.520462,0.0146216,720,0.793056,0.488348,0.0138829
b025,0.25,2,b2,the labels line at the preset,b2_labels_b025,77,0.519722,0.0145312,720,0.801389,0.4896,0.0138724
b025,0.25,2,b2,the labels line at the preset,b2_labels_b025,78,0.521356,0.0145198,720,0.809722,0.490399,0.013861
b025,0.25,2,b2,the labels line at the preset,b2_labels_b025,79,0.524496,0.0144538,720,0.818056,0.491461,0.0138421
b025,0.25,2,b2,the labels line at the preset,b2_labels_b025,80,0.528615,0.0143445,720,0.820833,0.493471,0.0138196
b025,0.25,2,b2,the labels line at the preset,b2_labels_b025,81,0.528754,0.01433,720,0.826389,0.494482,0.01381
b025,0.25,2,b2,the labels line at the preset,b2_labels_b025,82,0.535456,0.0142195,720,0.831944,0.496083,0.0137923
b025,0.25,2,b2,the labels line at the preset,b2_labels_b025,83,0.535566,0.0141503,720,0.8375,0.49725,0.013779
b025,0.25,2,b2,the labels line at the preset,b2_labels_b025,84,0.537482,0.0142116,720,0.841667,0.498714,0.0137691
b025,0.25,2,b2,the labels line at the preset,b2_labels_b025,85,0.536572,0.0142242,720,0.844444,0.500112,0.0137495
b025,0.25,2,b2,the labels line at the preset,b2_labels_b025,86,0.538495,0.0141879,720,0.844444,0.501029,0.0137443
b025,0.25,2,b2,the labels line at the preset,b2_labels_b025,87,0.541612,0.0141452,720,0.85,0.501926,0.0137423
b025,0.25,2,b2,the labels line at the preset,b2_labels_b025,88,0.543183,0.0141325,720,0.858333,0.503088,0.0137206
b025,0.25,2,b2,the labels line at the preset,b2_labels_b025,89,0.54448,0.014087,720,0.8625,0.504162,0.0137008
b025,0.25,2,b2,the labels line at the preset,b2_labels_b025,90,0.54611,0.0140289,720,0.866667,0.505213,0.0136871
b025,0.25,2,b2,the labels line at the preset,b2_labels_b025,91,0.548737,0.0139665,720,0.870833,0.506207,0.0136774
b025,0.25,2,b2,the labels line at the preset,b2_labels_b025,92,0.548466,0.0140244,720,0.870833,0.506993,0.01367
b025,0.25,2,b2,the labels line at the preset,b2_labels_b025,93,0.554191,0.0139481,720,0.872222,0.50752,0.0136603
b025,0.25,2,b2,the labels line at the preset,b2_labels_b025,94,0.55625,0.0138984,720,0.876389,0.50856,0.0136384
b025,0.25,2,b2,the labels line at the preset,b2_labels_b025,95,0.559242,0.0138612,720,0.880556,0.509413,0.0136285
b025,0.25,2,b2,the labels line at the preset,b2_labels_b025,96,0.561578,0.013906,720,0.884722,0.510459,0.0136109
b025,0.25,2,b2,the labels line at the preset,b2_labels_b025,97,0.565248,0.0137996,720,0.886111,0.512268,0.0135905
b025,0.25,2,b2,the labels line at the preset,b2_labels_b025,98,0.566168,0.0138161,720,0.890278,0.513516,0.013569
b025,0.25,2,b2,the labels line at the preset,b2_labels_b025,99,0.565257,0.0138041,720,0.893056,0.513938,0.0135781
b025,0.25,2,b2,the labels line at the preset,b2_labels_b025,100,0.569403,0.0137691,720,0.894444,0.514459,0.013583
b025,0.25,2,b2,the labels line at the preset,b2_labels_b025,101,0.569279,0.013705,720,0.894444,0.515173,0.0135664
b025,0.25,2,b2,the labels line at the preset,b2_labels_b025,102,0.569583,0.0136996,720,0.894444,0.515538,0.0135634
b025,0.25,2,b2,the labels line at the preset,b2_labels_b025,103,0.571566,0.0136644,720,0.894444,0.516159,0.0135561
b025,0.25,2,b2,the labels line at the preset,b2_labels_b025,104,0.571732,0.0137062,720,0.897222,0.516825,0.0135504
b025,0.25,2,b2,the labels line at the preset,b2_labels_b025,105,0.572708,0.013675,720,0.9,0.517597,0.0135431
b025,0.25,2,b2,the labels line at the preset,b2_labels_b025,106,0.573561,0.0136404,720,0.901389,0.517772,0.0135428
b025,0.25,2,b2,the labels line at the preset,b2_labels_b025,107,0.573963,0.0137018,720,0.905556,0.51821,0.0135374
b025,0.25,2,b2,the labels line at the preset,b2_labels_b025,108,0.576429,0.0137264,720,0.906944,0.518925,0.0135235
b025,0.25,2,b2,the labels line at the preset,b2_labels_b025,109,0.576286,0.0136545,720,0.909722,0.520064,0.0134969
b025,0.25,2,b2,the labels line at the preset,b2_labels_b025,110,0.579202,0.0136262,720,0.909722,0.520412,0.0134903
b025,0.25,2,b2,the labels line at the preset,b2_labels_b025,111,0.577643,0.0136421,720,0.9125,0.521134,0.0134763
b025,0.25,2,b2,the labels line at the preset,b2_labels_b025,112,0.579892,0.0136214,720,0.9125,0.521622,0.0134578
b025,0.25,2,b2,the labels line at the preset,b2_labels_b025,113,0.58191,0.0135276,720,0.918056,0.522602,0.0134337
b025,0.25,2,b2,the labels line at the preset,b2_labels_b025,114,0.581458,0.0134674,720,0.919444,0.522951,0.0134377
b025,0.25,2,b2,the labels line at the preset,b2_labels_b025,115,0.581737,0.0135172,720,0.920833,0.523678,0.0134221
b025,0.25,2,b2,the labels line at the preset,b2_labels_b025,116,0.582123,0.0134908,720,0.920833,0.52401,0.0134195
b025,0.25,2,b2,the labels line at the preset,b2_labels_b025,117,0.586018,0.0134838,720,0.922222,0.524858,0.0134103
b025,0.25,2,b2,the labels line at the preset,b2_labels_b025,118,0.585279,0.0134824,720,0.925,0.52523,0.0134039
b025,0.25,2,b2,the labels line at the preset,b2_labels_b025,119,0.582585,0.0134517,720,0.925,0.525738,0.013401
b025,0.25,2,b2,the labels line at the preset,b2_labels_b025,120,0.581156,0.0134625,720,0.925,0.525891,0.0133981
b025,0.25,2,b2,the labels line at the preset,b2_labels_b025,121,0.583537,0.0133957,720,0.926389,0.52624,0.0133943
b025,0.25,2,b2,the labels line at the preset,b2_labels_b025,122,0.585078,0.0133958,720,0.926389,0.526758,0.0133881
b025,0.25,2,b2,the labels line at the preset,b2_labels_b025,123,0.585181,0.0134145,720,0.926389,0.527162,0.0133808
b025,0.25,2,b2,the labels line at the preset,b2_labels_b025,124,0.584661,0.0134397,720,0.926389,0.528147,0.0133713
b025,0.25,2,b2,the labels line at the preset,b2_labels_b025,125,0.588377,0.0134141,720,0.926389,0.528798,0.0133582
b025,0.25,2,b2,the labels line at the preset,b2_labels_b025,126,0.587507,0.0133526,720,0.926389,0.529279,0.0133523
b025,0.25,2,b2,the labels line at the preset,b2_labels_b025,127,0.588003,0.0133221,720,0.926389,0.529406,0.0133507
b025,0.25,2,b2,the labels line at the preset,b2_labels_b025,128,0.589937,0.01327,720,0.927778,0.529822,0.0133452
b025,0.25,2,b2,the labels line at the preset,b2_labels_b025,129,0.58875,0.0132055,720,0.929167,0.530477,0.0133293
b025,0.25,2,b2,the labels line at the preset,b2_labels_b025,130,0.59177,0.0132037,720,0.929167,0.530643,0.0133303
b025,0.25,2,b2,the labels line at the preset,b2_labels_b025,131,0.591252,0.0131763,720,0.929167,0.531058,0.0133237
b025,0.25,2,b2,the labels line at the preset,b2_labels_b025,132,0.591113,0.0132498,720,0.930556,0.531272,0.0133145
b025,0.25,2,b2,the labels line at the preset,b2_labels_b025,133,0.593322,0.0131564,720,0.931944,0.531636,0.0133081
b025,0.25,2,b2,the labels line at the preset,b2_labels_b025,134,0.59103,0.0132042,720,0.933333,0.532008,0.0133009
b025,0.25,2,b2,the labels line at the preset,b2_labels_b025,135,0.592534,0.0132146,720,0.9375,0.532779,0.0132749
b025,0.25,2,b2,the labels line at the preset,b2_labels_b025,136,0.594115,0.0131467,720,0.940278,0.533414,0.0132572
b025,0.25,2,b2,the labels line at the preset,b2_labels_b025,137,0.5955,0.0131197,720,0.943056,0.534011,0.0132475
b025,0.25,2,b2,the labels line at the preset,b2_labels_b025,138,0.594052,0.013179,720,0.943056,0.534364,0.0132396
b025,0.25,2,b2,the labels line at the preset,b2_labels_b025,139,0.595791,0.0131481,720,0.943056,0.534788,0.013236
b025,0.25,2,b2,the labels line at the preset,b2_labels_b025,140,0.595261,0.0130583,720,0.943056,0.534906,0.0132351
b025,0.25,2,b2,the labels line at the preset,b2_labels_b025,141,0.59482,0.0130592,720,0.943056,0.535268,0.0132263
b025,0.25,2,b2,the labels line at the preset,b2_labels_b025,142,0.596663,0.0130477,720,0.943056,0.535551,0.013224
b025,0.25,2,b2,the labels line at the preset,b2_labels_b025,143,0.593604,0.0131233,720,0.943056,0.535819,0.0132206
b025,0.25,2,b2,the labels line at the preset,b2_labels_b025,144,0.594462,0.013116,720,0.944444,0.536321,0.013208
b025,0.25,2,b2,the labels line at the preset,b2_labels_b025,145,0.592662,0.0131688,720,0.947222,0.53679,0.0131952
b025,0.25,2,b2,the labels line at the preset,b2_labels_b025,146,0.594344,0.0131262,720,0.951389,0.5372,0.0131876
b025,0.25,2,b2,the labels line at the preset,b2_labels_b025,147,0.592831,0.0131191,720,0.951389,0.537146,0.0131858
b025,0.25,2,b2,the labels line at the preset,b2_labels_b025,148,0.59344,0.0131653,720,0.951389,0.53712,0.0131854
b025,0.25,2,b2,the labels line at the preset,b2_labels_b025,149,0.596357,0.0130904,720,0.951389,0.537351,0.0131849
b025,0.25,2,b2,the labels line at the preset,b2_labels_b025,150,0.5945,0.0131611,720,0.951389,0.53746,0.0131867
b025,0.25,3,b3,+ the relative spread floor,b3_floor_b025,0,0.0123441,0.000177819,720,0,0.417756,0.0133893
b025,0.25,3,b3,+ the relative spread floor,b3_floor_b025,1,0.0123441,0.000177819,720,0,0.417756,0.0133893
b025,0.25,3,b3,+ the relative spread floor,b3_floor_b025,2,0.0123441,0.000177819,720,0,0.417756,0.0133893
b025,0.25,3,b3,+ the relative spread floor,b3_floor_b025,3,0.0123441,0.000177819,720,0,0.417756,0.0133893
b025,0.25,3,b3,+ the relative spread floor,b3_floor_b025,4,0.0123441,0.000177819,720,0,0.417756,0.0133893
b025,0.25,3,b3,+ the relative spread floor,b3_floor_b025,5,0.0123441,0.000177819,720,0,0.417756,0.0133893
b025,0.25,3,b3,+ the relative spread floor,b3_floor_b025,6,0.0123441,0.000177819,720,0,0.417756,0.0133893
b025,0.25,3,b3,+ the relative spread floor,b3_floor_b025,7,0.0123441,0.000177819,720,0,0.417756,0.0133893
b025,0.25,3,b3,+ the relative spread floor,b3_floor_b025,8,0.0123441,0.000177819,720,0,0.417756,0.0133893
b025,0.25,3,b3,+ the relative spread floor,b3_floor_b025,9,0.0123441,0.000177819,720,0,0.417756,0.0133893
b025,0.25,3,b3,+ the relative spread floor,b3_floor_b025,10,0.0123441,0.000177819,720,0,0.417756,0.0133893
b025,0.25,3,b3,+ the relative spread floor,b3_floor_b025,11,0.0123441,0.000177819,720,0,0.417756,0.0133893
b025,0.25,3,b3,+ the relative spread floor,b3_floor_b025,12,0.0123441,0.000177819,720,0,0.417756,0.0133893
b025,0.25,3,b3,+ the relative spread floor,b3_floor_b025,13,0.0123441,0.000177819,720,0,0.417756,0.0133893
b025,0.25,3,b3,+ the relative spread floor,b3_floor_b025,14,0.0123441,0.000177819,720,0,0.417756,0.0133893
b025,0.25,3,b3,+ the relative spread floor,b3_floor_b025,15,0.0123441,0.000177819,720,0,0.417756,0.0133893
b025,0.25,3,b3,+ the relative spread floor,b3_floor_b025,16,0.0123441,0.000177819,720,0,0.417756,0.0133893
b025,0.25,3,b3,+ the relative spread floor,b3_floor_b025,17,0.0123441,0.000177819,720,0,0.417756,0.0133893
b025,0.25,3,b3,+ the relative spread floor,b3_floor_b025,18,0.0123441,0.000177819,720,0,0.417756,0.0133893
b025,0.25,3,b3,+ the relative spread floor,b3_floor_b025,19,0.0123441,0.000177819,720,0,0.417756,0.0133893
b025,0.25,3,b3,+ the relative spread floor,b3_floor_b025,20,0.0123441,0.000177819,720,0,0.417756,0.0133893
b025,0.25,3,b3,+ the relative spread floor,b3_floor_b025,21,0.0123441,0.000177819,720,0,0.417756,0.0133893
b025,0.25,3,b3,+ the relative spread floor,b3_floor_b025,22,0.0123441,0.000177819,720,0,0.417756,0.0133893
b025,0.25,3,b3,+ the relative spread floor,b3_floor_b025,23,0.012319,0.000178464,720,0.00138889,0.417688,0.0133919
b025,0.25,3,b3,+ the relative spread floor,b3_floor_b025,24,0.21941,0.013303,720,0.277778,0.397433,0.0126832
b025,0.25,3,b3,+ the relative spread floor,b3_floor_b025,25,0.2812,0.0142463,720,0.365278,0.393038,0.0126224
b025,0.25,3,b3,+ the relative spread floor,b3_floor_b025,26,0.300374,0.0143937,720,0.394444,0.394783,0.0127418
b025,0.25,3,b3,+ the relative spread floor,b3_floor_b025,27,0.312488,0.014447,720,0.416667,0.397072,0.0128651
b025,0.25,3,b3,+ the relative spread floor,b3_floor_b025,28,0.335992,0.0148168,720,0.434722,0.401818,0.012991
b025,0.25,3,b3,+ the relative spread floor,b3_floor_b025,29,0.351754,0.0149555,720,0.455556,0.404002,0.0131048
b025,0.25,3,b3,+ the relative spread floor,b3_floor_b025,30,0.371152,0.0152557,720,0.469444,0.407105,0.0132156
b025,0.25,3,b3,+ the relative spread floor,b3_floor_b025,31,0.383282,0.0154361,720,0.477778,0.411737,0.0133315
b025,0.25,3,b3,+ the relative spread floor,b3_floor_b025,32,0.382233,0.0153588,720,0.483333,0.416909,0.0134471
b025,0.25,3,b3,+ the relative spread floor,b3_floor_b025,33,0.388432,0.0154511,720,0.488889,0.420803,0.0135168
b025,0.25,3,b3,+ the relative spread floor,b3_floor_b025,34,0.397648,0.0155453,720,0.498611,0.425072,0.0136334
b025,0.25,3,b3,+ the relative spread floor,b3_floor_b025,35,0.401566,0.0155424,720,0.506944,0.428153,0.0136999
b025,0.25,3,b3,+ the relative spread floor,b3_floor_b025,36,0.413439,0.0156474,720,0.518056,0.430448,0.0137552
b025,0.25,3,b3,+ the relative spread floor,b3_floor_b025,37,0.420908,0.0157626,720,0.526389,0.432702,0.0138021
b025,0.25,3,b3,+ the relative spread floor,b3_floor_b025,38,0.428071,0.0157998,720,0.534722,0.436172,0.0138559
b025,0.25,3,b3,+ the relative spread floor,b3_floor_b025,39,0.432635,0.0157597,720,0.545833,0.439141,0.0138818
b025,0.25,3,b3,+ the relative spread floor,b3_floor_b025,40,0.439684,0.0157744,720,0.558333,0.441377,0.0139106
b025,0.25,3,b3,+ the relative spread floor,b3_floor_b025,41,0.439498,0.0157555,720,0.563889,0.442744,0.0139419
b025,0.25,3,b3,+ the relative spread floor,b3_floor_b025,42,0.443495,0.0157081,720,0.570833,0.444094,0.0139717
b025,0.25,3,b3,+ the relative spread floor,b3_floor_b025,43,0.446583,0.0157067,720,0.580556,0.444736,0.0139957
b025,0.25,3,b3,+ the relative spread floor,b3_floor_b025,44,0.454197,0.0157237,720,0.590278,0.446945,0.0140174
b025,0.25,3,b3,+ the relative spread floor,b3_floor_b025,45,0.457467,0.0156968,720,0.601389,0.44792,0.0140279
b025,0.25,3,b3,+ the relative spread floor,b3_floor_b025,46,0.457367,0.0156857,720,0.605556,0.449723,0.0140347
b025,0.25,3,b3,+ the relative spread floor,b3_floor_b025,47,0.460025,0.015682,720,0.619444,0.449147,0.0140712
b025,0.25,3,b3,+ the relative spread floor,b3_floor_b025,48,0.462002,0.015666,720,0.622222,0.450654,0.0140725
b025,0.25,3,b3,+ the relative spread floor,b3_floor_b025,49,0.465452,0.0156259,720,0.627778,0.451959,0.0140504
b025,0.25,3,b3,+ the relative spread floor,b3_floor_b025,50,0.466055,0.0155507,720,0.627778,0.453016,0.0140457
b025,0.25,3,b3,+ the relative spread floor,b3_floor_b025,51,0.470028,0.0155342,720,0.630556,0.454758,0.0140485
b025,0.25,3,b3,+ the relative spread floor,b3_floor_b025,52,0.470436,0.0155443,720,0.634722,0.455905,0.014049
b025,0.25,3,b3,+ the relative spread floor,b3_floor_b025,53,0.472589,0.015523,720,0.648611,0.456978,0.0140388
b025,0.25,3,b3,+ the relative spread floor,b3_floor_b025,54,0.473559,0.0154566,720,0.655556,0.457685,0.0140432
b025,0.25,3,b3,+ the relative spread floor,b3_floor_b025,55,0.476844,0.0154622,720,0.663889,0.458364,0.0140402
b025,0.25,3,b3,+ the relative spread floor,b3_floor_b025,56,0.478592,0.0154274,720,0.672222,0.459486,0.0140369
b025,0.25,3,b3,+ the relative spread floor,b3_floor_b025,57,0.483109,0.0153537,720,0.677778,0.460846,0.0140224
b025,0.25,3,b3,+ the relative spread floor,b3_floor_b025,58,0.484065,0.0153335,720,0.684722,0.462787,0.0140008
b025,0.25,3,b3,+ the relative spread floor,b3_floor_b025,59,0.4863,0.0152596,720,0.7,0.465336,0.0139868
b025,0.25,3,b3,+ the relative spread floor,b3_floor_b025,60,0.493307,0.0152339,720,0.708333,0.466983,0.0139773
b025,0.25,3,b3,+ the relative spread floor,b3_floor_b025,61,0.498572,0.0151523,720,0.7125,0.468488,0.0139732
b025,0.25,3,b3,+ the relative spread floor,b3_floor_b025,62,0.500905,0.0151781,720,0.722222,0.470334,0.01398
b025,0.25,3,b3,+ the relative spread floor,b3_floor_b025,63,0.498621,0.0150728,720,0.726389,0.471465,0.0139639
b025,0.25,3,b3,+ the relative spread floor,b3_floor_b025,64,0.49835,0.0150803,720,0.731944,0.472952,0.0139549
b025,0.25,3,b3,+ the relative spread floor,b3_floor_b025,65,0.50211,0.0150452,720,0.738889,0.474987,0.0139522
b025,0.25,3,b3,+ the relative spread floor,b3_floor_b025,66,0.502677,0.014983,720,0.747222,0.47674,0.0139399
b025,0.25,3,b3,+ the relative spread floor,b3_floor_b025,67,0.507766,0.0149252,720,0.754167,0.478778,0.0139258
b025,0.25,3,b3,+ the relative spread floor,b3_floor_b025,68,0.508347,0.0149185,720,0.756944,0.48013,0.0139157
b025,0.25,3,b3,+ the relative spread floor,b3_floor_b025,69,0.510242,0.0148675,720,0.759722,0.481506,0.0139253
b025,0.25,3,b3,+ the relative spread floor,b3_floor_b025,70,0.512615,0.014871,720,0.766667,0.482669,0.0139269
b025,0.25,3,b3,+ the relative spread floor,b3_floor_b025,71,0.517836,0.0148344,720,0.770833,0.484155,0.0139114
b025,0.25,3,b3,+ the relative spread floor,b3_floor_b025,72,0.518673,0.0148512,720,0.776389,0.48527,0.0139106
b025,0.25,3,b3,+ the relative spread floor,b3_floor_b025,73,0.519178,0.0147741,720,0.780556,0.485977,0.0138967
b025,0.25,3,b3,+ the relative spread floor,b3_floor_b025,74,0.521513,0.0148235,720,0.783333,0.486937,0.0138981
b025,0.25,3,b3,+ the relative spread floor,b3_floor_b025,75,0.521216,0.014746,720,0.790278,0.488059,0.0138845
b025,0.25,3,b3,+ the relative spread floor,b3_floor_b025,76,0.527613,0.0147061,720,0.793056,0.489074,0.0138793
b025,0.25,3,b3,+ the relative spread floor,b3_floor_b025,77,0.526652,0.0147956,720,0.801389,0.490405,0.0138704
b025,0.25,3,b3,+ the relative spread floor,b3_floor_b025,78,0.531813,0.0146877,720,0.809722,0.491693,0.0138551
b025,0.25,3,b3,+ the relative spread floor,b3_floor_b025,79,0.535004,0.014578,720,0.818056,0.493091,0.0138374
b025,0.25,3,b3,+ the relative spread floor,b3_floor_b025,80,0.538468,0.0146013,720,0.820833,0.494458,0.0138236
b025,0.25,3,b3,+ the relative spread floor,b3_floor_b025,81,0.54261,0.01449,720,0.826389,0.495693,0.013802
b025,0.25,3,b3,+ the relative spread floor,b3_floor_b025,82,0.546346,0.0144511,720,0.831944,0.497031,0.0137834
b025,0.25,3,b3,+ the relative spread floor,b3_floor_b025,83,0.546668,0.0143999,720,0.8375,0.498347,0.0137726
b025,0.25,3,b3,+ the relative spread floor,b3_floor_b025,84,0.54927,0.0143873,720,0.841667,0.499491,0.0137685
b025,0.25,3,b3,+ the relative spread floor,b3_floor_b025,85,0.552546,0.014342,720,0.844444,0.500948,0.0137434
b025,0.25,3,b3,+ the relative spread floor,b3_floor_b025,86,0.55335,0.0143569,720,0.844444,0.501994,0.0137209
b025,0.25,3,b3,+ the relative spread floor,b3_floor_b025,87,0.559474,0.0143048,720,0.85,0.503187,0.0137176
b025,0.25,3,b3,+ the relative spread floor,b3_floor_b025,88,0.558613,0.0142822,720,0.858333,0.504464,0.0137049
b025,0.25,3,b3,+ the relative spread floor,b3_floor_b025,89,0.560254,0.0142596,720,0.8625,0.505543,0.013686
b025,0.25,3,b3,+ the relative spread floor,b3_floor_b025,90,0.564304,0.0141873,720,0.866667,0.506828,0.0136678
b025,0.25,3,b3,+ the relative spread floor,b3_floor_b025,91,0.564312,0.0141438,720,0.870833,0.507482,0.0136579
b025,0.25,3,b3,+ the relative spread floor,b3_floor_b025,92,0.565838,0.0142397,720,0.870833,0.508418,0.0136458
b025,0.25,3,b3,+ the relative spread floor,b3_floor_b025,93,0.566129,0.0141847,720,0.872222,0.508496,0.0136501
b025,0.25,3,b3,+ the relative spread floor,b3_floor_b025,94,0.567512,0.0141181,720,0.876389,0.509171,0.0136439
b025,0.25,3,b3,+ the relative spread floor,b3_floor_b025,95,0.571321,0.0139975,720,0.880556,0.510273,0.0136295
b025,0.25,3,b3,+ the relative spread floor,b3_floor_b025,96,0.57115,0.0140041,720,0.884722,0.511398,0.0136035
b025,0.25,3,b3,+ the relative spread floor,b3_floor_b025,97,0.573695,0.0139524,720,0.886111,0.512736,0.0135945
b025,0.25,3,b3,+ the relative spread floor,b3_floor_b025,98,0.575454,0.0139069,720,0.890278,0.514091,0.0135715
b025,0.25,3,b3,+ the relative spread floor,b3_floor_b025,99,0.575271,0.0139056,720,0.893056,0.514333,0.0135864
b025,0.25,3,b3,+ the relative spread floor,b3_floor_b025,100,0.576361,0.0139772,720,0.894444,0.514788,0.0135766
b025,0.25,3,b3,+ the relative spread floor,b3_floor_b025,101,0.579606,0.013864,720,0.894444,0.51557,0.0135652
b025,0.25,3,b3,+ the relative spread floor,b3_floor_b025,102,0.575508,0.0139698,720,0.894444,0.515992,0.0135601
b025,0.25,3,b3,+ the relative spread floor,b3_floor_b025,103,0.578661,0.013883,720,0.894444,0.516569,0.0135484
b025,0.25,3,b3,+ the relative spread floor,b3_floor_b025,104,0.580649,0.0138668,720,0.897222,0.517091,0.0135505
b025,0.25,3,b3,+ the relative spread floor,b3_floor_b025,105,0.582205,0.0138458,720,0.9,0.517835,0.0135305
b025,0.25,3,b3,+ the relative spread floor,b3_floor_b025,106,0.581119,0.0138309,720,0.901389,0.518013,0.0135227
b025,0.25,3,b3,+ the relative spread floor,b3_floor_b025,107,0.583221,0.013847,720,0.905556,0.518528,0.0135095
b025,0.25,3,b3,+ the relative spread floor,b3_floor_b025,108,0.585106,0.0137902,720,0.906944,0.519326,0.0134899
b025,0.25,3,b3,+ the relative spread floor,b3_floor_b025,109,0.584756,0.0138644,720,0.909722,0.520506,0.0134666
b025,0.25,3,b3,+ the relative spread floor,b3_floor_b025,110,0.586701,0.0137988,720,0.909722,0.521094,0.0134593
b025,0.25,3,b3,+ the relative spread floor,b3_floor_b025,111,0.588323,0.0138109,720,0.9125,0.521804,0.0134519
b025,0.25,3,b3,+ the relative spread floor,b3_floor_b025,112,0.587193,0.0137628,720,0.9125,0.522246,0.0134447
b025,0.25,3,b3,+ the relative spread floor,b3_floor_b025,113,0.589441,0.0137072,720,0.918056,0.523052,0.0134223
b025,0.25,3,b3,+ the relative spread floor,b3_floor_b025,114,0.590622,0.0136935,720,0.919444,0.523783,0.0134167
b025,0.25,3,b3,+ the relative spread floor,b3_floor_b025,115,0.589281,0.0137286,720,0.920833,0.523826,0.0134186
b025,0.25,3,b3,+ the relative spread floor,b3_floor_b025,116,0.591825,0.0136571,720,0.920833,0.524237,0.0134129
b025,0.25,3,b3,+ the relative spread floor,b3_floor_b025,117,0.592071,0.0137282,720,0.922222,0.525091,0.0133935
b025,0.25,3,b3,+ the relative spread floor,b3_floor_b025,118,0.594177,0.0136462,720,0.925,0.525725,0.0133848
b025,0.25,3,b3,+ the relative spread floor,b3_floor_b025,119,0.594805,0.0136229,720,0.925,0.526265,0.0133742
b025,0.25,3,b3,+ the relative spread floor,b3_floor_b025,120,0.593283,0.0135713,720,0.925,0.526915,0.0133661
b025,0.25,3,b3,+ the relative spread floor,b3_floor_b025,121,0.596447,0.0135106,720,0.926389,0.52716,0.0133645
b025,0.25,3,b3,+ the relative spread floor,b3_floor_b025,122,0.596364,0.0134859,720,0.926389,0.527355,0.0133586
b025,0.25,3,b3,+ the relative spread floor,b3_floor_b025,123,0.597029,0.0135285,720,0.926389,0.527576,0.013363
b025,0.25,3,b3,+ the relative spread floor,b3_floor_b025,124,0.595701,0.0136155,720,0.926389,0.528277,0.0133576
b025,0.25,3,b3,+ the relative spread floor,b3_floor_b025,125,0.594777,0.0136479,720,0.926389,0.528579,0.0133465
b025,0.25,3,b3,+ the relative spread floor,b3_floor_b025,126,0.594811,0.0136053,720,0.926389,0.528834,0.0133456
b025,0.25,3,b3,+ the relative spread floor,b3_floor_b025,127,0.595615,0.0135822,720,0.926389,0.529126,0.0133431
b025,0.25,3,b3,+ the relative spread floor,b3_floor_b025,128,0.597415,0.013559,720,0.927778,0.529493,0.0133366
b025,0.25,3,b3,+ the relative spread floor,b3_floor_b025,129,0.598656,0.0135086,720,0.929167,0.530144,0.0133268
b025,0.25,3,b3,+ the relative spread floor,b3_floor_b025,130,0.600211,0.013471,720,0.929167,0.530391,0.0133231
b025,0.25,3,b3,+ the relative spread floor,b3_floor_b025,131,0.600128,0.0134608,720,0.929167,0.530891,0.0133187
b025,0.25,3,b3,+ the relative spread floor,b3_floor_b025,132,0.598599,0.0134749,720,0.930556,0.53141,0.0133025
b025,0.25,3,b3,+ the relative spread floor,b3_floor_b025,133,0.598781,0.0134037,720,0.931944,0.5317,0.0132958
b025,0.25,3,b3,+ the relative spread floor,b3_floor_b025,134,0.599506,0.0134456,720,0.933333,0.531879,0.0132881
b025,0.25,3,b3,+ the relative spread floor,b3_floor_b025,135,0.599559,0.0133867,720,0.9375,0.532935,0.0132604
b025,0.25,3,b3,+ the relative spread floor,b3_floor_b025,136,0.59911,0.0133913,720,0.940278,0.533301,0.0132469
b025,0.25,3,b3,+ the relative spread floor,b3_floor_b025,137,0.59991,0.0132929,720,0.943056,0.533781,0.0132311
b025,0.25,3,b3,+ the relative spread floor,b3_floor_b025,138,0.599001,0.0133164,720,0.943056,0.534339,0.0132176
b025,0.25,3,b3,+ the relative spread floor,b3_floor_b025,139,0.600479,0.0132981,720,0.943056,0.534632,0.0132167
b025,0.25,3,b3,+ the relative spread floor,b3_floor_b025,140,0.599785,0.0132417,720,0.943056,0.534904,0.0132155
b025,0.25,3,b3,+ the relative spread floor,b3_floor_b025,141,0.599976,0.0132085,720,0.943056,0.535365,0.0132049
b025,0.25,3,b3,+ the relative spread floor,b3_floor_b025,142,0.598506,0.0132764,720,0.943056,0.535306,0.0132167
b025,0.25,3,b3,+ the relative spread floor,b3_floor_b025,143,0.598194,0.0132976,720,0.943056,0.535757,0.0132028
b025,0.25,3,b3,+ the relative spread floor,b3_floor_b025,144,0.59889,0.0132707,720,0.944444,0.536221,0.0132016
b025,0.25,3,b3,+ the relative spread floor,b3_floor_b025,145,0.596769,0.0133651,720,0.947222,0.536678,0.013197
b025,0.25,3,b3,+ the relative spread floor,b3_floor_b025,146,0.598789,0.0133297,720,0.951389,0.536979,0.0131916
b025,0.25,3,b3,+ the relative spread floor,b3_floor_b025,147,0.59777,0.013274,720,0.951389,0.537007,0.0131857
b025,0.25,3,b3,+ the relative spread floor,b3_floor_b025,148,0.599854,0.0132477,720,0.951389,0.537388,0.0131778
b025,0.25,3,b3,+ the relative spread floor,b3_floor_b025,149,0.604094,0.0131572,720,0.951389,0.537825,0.0131674
b025,0.25,3,b3,+ the relative spread floor,b3_floor_b025,150,0.603087,0.0131076,720,0.951389,0.537951,0.0131646
b025,0.25,4,b4,+ the weak-separation check,b4_check_b025,0,0.0123441,0.000177819,720,0,0.417756,0.0133893
b025,0.25,4,b4,+ the weak-separation check,b4_check_b025,1,0.0123441,0.000177819,720,0,0.417756,0.0133893
b025,0.25,4,b4,+ the weak-separation check,b4_check_b025,2,0.0123441,0.000177819,720,0,0.417756,0.0133893
b025,0.25,4,b4,+ the weak-separation check,b4_check_b025,3,0.0123441,0.000177819,720,0,0.417756,0.0133893
b025,0.25,4,b4,+ the weak-separation check,b4_check_b025,4,0.0123441,0.000177819,720,0,0.417756,0.0133893
b025,0.25,4,b4,+ the weak-separation check,b4_check_b025,5,0.0123441,0.000177819,720,0,0.417756,0.0133893
b025,0.25,4,b4,+ the weak-separation check,b4_check_b025,6,0.0123441,0.000177819,720,0,0.417756,0.0133893
b025,0.25,4,b4,+ the weak-separation check,b4_check_b025,7,0.0123441,0.000177819,720,0,0.417756,0.0133893
b025,0.25,4,b4,+ the weak-separation check,b4_check_b025,8,0.0123441,0.000177819,720,0,0.417756,0.0133893
b025,0.25,4,b4,+ the weak-separation check,b4_check_b025,9,0.0123441,0.000177819,720,0,0.417756,0.0133893
b025,0.25,4,b4,+ the weak-separation check,b4_check_b025,10,0.0123441,0.000177819,720,0,0.417756,0.0133893
b025,0.25,4,b4,+ the weak-separation check,b4_check_b025,11,0.0123441,0.000177819,720,0,0.417756,0.0133893
b025,0.25,4,b4,+ the weak-separation check,b4_check_b025,12,0.0123441,0.000177819,720,0,0.417756,0.0133893
b025,0.25,4,b4,+ the weak-separation check,b4_check_b025,13,0.0123441,0.000177819,720,0,0.417756,0.0133893
b025,0.25,4,b4,+ the weak-separation check,b4_check_b025,14,0.0123441,0.000177819,720,0,0.417756,0.0133893
b025,0.25,4,b4,+ the weak-separation check,b4_check_b025,15,0.0123441,0.000177819,720,0,0.417756,0.0133893
b025,0.25,4,b4,+ the weak-separation check,b4_check_b025,16,0.0123441,0.000177819,720,0,0.417756,0.0133893
b025,0.25,4,b4,+ the weak-separation check,b4_check_b025,17,0.0123441,0.000177819,720,0,0.417756,0.0133893
b025,0.25,4,b4,+ the weak-separation check,b4_check_b025,18,0.0123441,0.000177819,720,0,0.417756,0.0133893
b025,0.25,4,b4,+ the weak-separation check,b4_check_b025,19,0.0123441,0.000177819,720,0,0.417756,0.0133893
b025,0.25,4,b4,+ the weak-separation check,b4_check_b025,20,0.0123441,0.000177819,720,0,0.417756,0.0133893
b025,0.25,4,b4,+ the weak-separation check,b4_check_b025,21,0.0123441,0.000177819,720,0,0.417756,0.0133893
b025,0.25,4,b4,+ the weak-separation check,b4_check_b025,22,0.0123441,0.000177819,720,0,0.417756,0.0133893
b025,0.25,4,b4,+ the weak-separation check,b4_check_b025,23,0.012319,0.000178464,720,0.00138889,0.417688,0.0133919
b025,0.25,4,b4,+ the weak-separation check,b4_check_b025,24,0.21941,0.013303,720,0.277778,0.397433,0.0126832
b025,0.25,4,b4,+ the weak-separation check,b4_check_b025,25,0.2812,0.0142463,720,0.365278,0.393038,0.0126224
b025,0.25,4,b4,+ the weak-separation check,b4_check_b025,26,0.300374,0.0143937,720,0.394444,0.394783,0.0127418
b025,0.25,4,b4,+ the weak-separation check,b4_check_b025,27,0.312579,0.0144475,720,0.416667,0.397026,0.0128598
b025,0.25,4,b4,+ the weak-separation check,b4_check_b025,28,0.33619,0.0148096,720,0.434722,0.401702,0.0129863
b025,0.25,4,b4,+ the weak-separation check,b4_check_b025,29,0.351686,0.0149397,720,0.455556,0.403902,0.0130986
b025,0.25,4,b4,+ the weak-separation check,b4_check_b025,30,0.370513,0.0152382,720,0.469444,0.406789,0.0132064
b025,0.25,4,b4,+ the weak-separation check,b4_check_b025,31,0.38108,0.0154009,720,0.477778,0.410834,0.013325
b025,0.25,4,b4,+ the weak-separation check,b4_check_b025,32,0.37874,0.015303,720,0.483333,0.41465,0.0134197
b025,0.25,4,b4,+ the weak-separation check,b4_check_b025,33,0.385708,0.0153967,720,0.488889,0.418037,0.0134732
b025,0.25,4,b4,+ the weak-separation check,b4_check_b025,34,0.394448,0.015504,720,0.498611,0.421664,0.013592
b025,0.25,4,b4,+ the weak-separation check,b4_check_b025,35,0.400153,0.0155461,720,0.506944,0.424334,0.0136594
b025,0.25,4,b4,+ the weak-separation check,b4_check_b025,36,0.409491,0.0155928,720,0.518056,0.426008,0.0136983
b025,0.25,4,b4,+ the weak-separation check,b4_check_b025,37,0.416163,0.0156783,720,0.526389,0.428093,0.013744
b025,0.25,4,b4,+ the weak-separation check,b4_check_b025,38,0.420977,0.0156963,720,0.534722,0.430956,0.0137916
b025,0.25,4,b4,+ the weak-separation check,b4_check_b025,39,0.426118,0.0156614,720,0.545833,0.433658,0.0138099
b025,0.25,4,b4,+ the weak-separation check,b4_check_b025,40,0.43445,0.0157117,720,0.558333,0.436256,0.0138661
b025,0.25,4,b4,+ the weak-separation check,b4_check_b025,41,0.434971,0.0156878,720,0.563889,0.437788,0.0139029
b025,0.25,4,b4,+ the weak-separation check,b4_check_b025,42,0.440677,0.0156842,720,0.570833,0.439181,0.0139364
b025,0.25,4,b4,+ the weak-separation check,b4_check_b025,43,0.444569,0.0156771,720,0.580556,0.440453,0.0139748
b025,0.25,4,b4,+ the weak-separation check,b4_check_b025,44,0.451979,0.0157148,720,0.590278,0.442933,0.0140011
b025,0.25,4,b4,+ the weak-separation check,b4_check_b025,45,0.457543,0.0157069,720,0.601389,0.443064,0.0140031
b025,0.25,4,b4,+ the weak-separation check,b4_check_b025,46,0.45641,0.0157143,720,0.605556,0.445232,0.0140067
b025,0.25,4,b4,+ the weak-separation check,b4_check_b025,47,0.459171,0.015757,720,0.619444,0.444957,0.0140555
b025,0.25,4,b4,+ the weak-separation check,b4_check_b025,48,0.462629,0.0157413,720,0.622222,0.446675,0.0140663
b025,0.25,4,b4,+ the weak-separation check,b4_check_b025,49,0.466162,0.0156862,720,0.627778,0.448405,0.0140307
b025,0.25,4,b4,+ the weak-separation check,b4_check_b025,50,0.466196,0.0156343,720,0.627778,0.449595,0.0140333
b025,0.25,4,b4,+ the weak-separation check,b4_check_b025,51,0.472248,0.0156468,720,0.630556,0.451476,0.0140416
b025,0.25,4,b4,+ the weak-separation check,b4_check_b025,52,0.471437,0.0156096,720,0.634722,0.452906,0.0140512
b025,0.25,4,b4,+ the weak-separation check,b4_check_b025,53,0.474831,0.0155118,720,0.648611,0.453762,0.0140455
b025,0.25,4,b4,+ the weak-separation check,b4_check_b025,54,0.47578,0.0154913,720,0.655556,0.454967,0.0140538
b025,0.25,4,b4,+ the weak-separation check,b4_check_b025,55,0.478906,0.01551,720,0.663889,0.456594,0.014058
b025,0.25,4,b4,+ the weak-separation check,b4_check_b025,56,0.4816,0.0154801,720,0.672222,0.458382,0.0140631
b025,0.25,4,b4,+ the weak-separation check,b4_check_b025,57,0.488191,0.0154165,720,0.677778,0.460634,0.0140537
b025,0.25,4,b4,+ the weak-separation check,b4_check_b025,58,0.489308,0.0153199,720,0.684722,0.462675,0.0140199
b025,0.25,4,b4,+ the weak-separation check,b4_check_b025,59,0.494174,0.0152624,720,0.7,0.465919,0.0140105
b025,0.25,4,b4,+ the weak-separation check,b4_check_b025,60,0.499435,0.0152022,720,0.708333,0.467603,0.0140098
b025,0.25,4,b4,+ the weak-separation check,b4_check_b025,61,0.504615,0.0152014,720,0.7125,0.468765,0.0140093
b025,0.25,4,b4,+ the weak-separation check,b4_check_b025,62,0.506719,0.015183,720,0.722222,0.470635,0.0140127
b025,0.25,4,b4,+ the weak-separation check,b4_check_b025,63,0.504361,0.0151111,720,0.726389,0.471478,0.0140005
b025,0.25,4,b4,+ the weak-separation check,b4_check_b025,64,0.50408,0.0150543,720,0.731944,0.473117,0.0139955
b025,0.25,4,b4,+ the weak-separation check,b4_check_b025,65,0.509355,0.0149723,720,0.738889,0.475311,0.0139917
b025,0.25,4,b4,+ the weak-separation check,b4_check_b025,66,0.510405,0.0149101,720,0.747222,0.47677,0.0139674
b025,0.25,4,b4,+ the weak-separation check,b4_check_b025,67,0.51497,0.014949,720,0.754167,0.478387,0.0139588
b025,0.25,4,b4,+ the weak-separation check,b4_check_b025,68,0.516635,0.0148726,720,0.756944,0.479487,0.0139414
b025,0.25,4,b4,+ the weak-separation check,b4_check_b025,69,0.517731,0.0148661,720,0.759722,0.480772,0.0139405
b025,0.25,4,b4,+ the weak-separation check,b4_check_b025,70,0.520146,0.0148435,720,0.766667,0.481731,0.0139487
b025,0.25,4,b4,+ the weak-separation check,b4_check_b025,71,0.521221,0.0148224,720,0.770833,0.483312,0.0139318
b025,0.25,4,b4,+ the weak-separation check,b4_check_b025,72,0.520585,0.0148727,720,0.776389,0.483873,0.0139307
b025,0.25,4,b4,+ the weak-separation check,b4_check_b025,73,0.525523,0.0147633,720,0.780556,0.485164,0.0139173
b025,0.25,4,b4,+ the weak-separation check,b4_check_b025,74,0.527361,0.0147593,720,0.783333,0.486163,0.013923
b025,0.25,4,b4,+ the weak-separation check,b4_check_b025,75,0.529064,0.0147087,720,0.790278,0.487366,0.013909
b025,0.25,4,b4,+ the weak-separation check,b4_check_b025,76,0.532608,0.0146338,720,0.793056,0.488644,0.013888
b025,0.25,4,b4,+ the weak-separation check,b4_check_b025,77,0.535859,0.0146084,720,0.801389,0.489906,0.0138787
b025,0.25,4,b4,+ the weak-separation check,b4_check_b025,78,0.539148,0.0145841,720,0.809722,0.491118,0.0138565
b025,0.25,4,b4,+ the weak-separation check,b4_check_b025,79,0.541572,0.0144708,720,0.818056,0.492408,0.0138397
b025,0.25,4,b4,+ the weak-separation check,b4_check_b025,80,0.543758,0.0144681,720,0.820833,0.49375,0.0138314
b025,0.25,4,b4,+ the weak-separation check,b4_check_b025,81,0.544231,0.0144458,720,0.826389,0.494887,0.0138224
b025,0.25,4,b4,+ the weak-separation check,b4_check_b025,82,0.548226,0.0143572,720,0.831944,0.496485,0.0138027
b025,0.25,4,b4,+ the weak-separation check,b4_check_b025,83,0.551774,0.0142924,720,0.8375,0.497798,0.0137921
b025,0.25,4,b4,+ the weak-separation check,b4_check_b025,84,0.554043,0.0143318,720,0.841667,0.499107,0.0137771
b025,0.25,4,b4,+ the weak-separation check,b4_check_b025,85,0.557336,0.0143228,720,0.844444,0.500422,0.0137581
b025,0.25,4,b4,+ the weak-separation check,b4_check_b025,86,0.559171,0.0143085,720,0.844444,0.501537,0.0137382
b025,0.25,4,b4,+ the weak-separation check,b4_check_b025,87,0.561854,0.0142282,720,0.85,0.503036,0.0137185
b025,0.25,4,b4,+ the weak-separation check,b4_check_b025,88,0.56318,0.0142094,720,0.858333,0.504178,0.0137068
b025,0.25,4,b4,+ the weak-separation check,b4_check_b025,89,0.565394,0.0141631,720,0.8625,0.505337,0.0136937
b025,0.25,4,b4,+ the weak-separation check,b4_check_b025,90,0.569414,0.0140512,720,0.866667,0.506974,0.0136782
b025,0.25,4,b4,+ the weak-separation check,b4_check_b025,91,0.571359,0.0140138,720,0.870833,0.507936,0.0136768
b025,0.25,4,b4,+ the weak-separation check,b4_check_b025,92,0.572529,0.0140631,720,0.870833,0.509285,0.0136573
b025,0.25,4,b4,+ the weak-separation check,b4_check_b025,93,0.573301,0.0140126,720,0.872222,0.509835,0.0136516
b025,0.25,4,b4,+ the weak-separation check,b4_check_b025,94,0.572059,0.0140223,720,0.876389,0.510647,0.0136483
b025,0.25,4,b4,+ the weak-separation check,b4_check_b025,95,0.575771,0.0139334,720,0.880556,0.511732,0.0136221
b025,0.25,4,b4,+ the weak-separation check,b4_check_b025,96,0.578138,0.013875,720,0.884722,0.512796,0.0135933
b025,0.25,4,b4,+ the weak-separation check,b4_check_b025,97,0.581035,0.0138226,720,0.886111,0.514413,0.0135755
b025,0.25,4,b4,+ the weak-separation check,b4_check_b025,98,0.58193,0.0138456,720,0.890278,0.515427,0.0135536
b025,0.25,4,b4,+ the weak-separation check,b4_check_b025,99,0.583782,0.013813,720,0.893056,0.516022,0.0135459
b025,0.25,4,b4,+ the weak-separation check,b4_check_b025,100,0.585347,0.0137666,720,0.894444,0.517031,0.0135345
b025,0.25,4,b4,+ the weak-separation check,b4_check_b025,101,0.585881,0.0137497,720,0.894444,0.517792,0.0135215
b025,0.25,4,b4,+ the weak-separation check,b4_check_b025,102,0.584596,0.0137232,720,0.894444,0.518348,0.013511
b025,0.25,4,b4,+ the weak-separation check,b4_check_b025,103,0.585879,0.0136955,720,0.894444,0.51871,0.0135029
b025,0.25,4,b4,+ the weak-separation check,b4_check_b025,104,0.586014,0.0136405,720,0.897222,0.519757,0.0134907
b025,0.25,4,b4,+ the weak-separation check,b4_check_b025,105,0.589851,0.013569,720,0.9,0.520848,0.0134712
b025,0.25,4,b4,+ the weak-separation check,b4_check_b025,106,0.592241,0.013535,720,0.901389,0.521451,0.0134584
b025,0.25,4,b4,+ the weak-separation check,b4_check_b025,107,0.595183,0.0134569,720,0.905556,0.52197,0.013447
b025,0.25,4,b4,+ the weak-separation check,b4_check_b025,108,0.593323,0.0135038,720,0.906944,0.522514,0.0134451
b025,0.25,4,b4,+ the weak-separation check,b4_check_b025,109,0.596008,0.0134417,720,0.909722,0.523541,0.0134196
b025,0.25,4,b4,+ the weak-separation check,b4_check_b025,110,0.597048,0.0134806,720,0.909722,0.524234,0.0134064
b025,0.25,4,b4,+ the weak-separation check,b4_check_b025,111,0.596794,0.0135013,720,0.9125,0.52471,0.0134009
b025,0.25,4,b4,+ the weak-separation check,b4_check_b025,112,0.595576,0.0135172,720,0.9125,0.525273,0.0133987
b025,0.25,4,b4,+ the weak-separation check,b4_check_b025,113,0.596236,0.0134824,720,0.918056,0.525777,0.0133832
b025,0.25,4,b4,+ the weak-separation check,b4_check_b025,114,0.597865,0.0134392,720,0.919444,0.526292,0.0133776
b025,0.25,4,b4,+ the weak-separation check,b4_check_b025,115,0.599508,0.0133894,720,0.920833,0.526386,0.0133736
b025,0.25,4,b4,+ the weak-separation check,b4_check_b025,116,0.602474,0.0133643,720,0.920833,0.526766,0.013374
b025,0.25,4,b4,+ the weak-separation check,b4_check_b025,117,0.602614,0.0133911,720,0.922222,0.526979,0.013369
b025,0.25,4,b4,+ the weak-separation check,b4_check_b025,118,0.602112,0.0133813,720,0.925,0.527278,0.0133628
b025,0.25,4,b4,+ the weak-separation check,b4_check_b025,119,0.600606,0.0134095,720,0.925,0.527695,0.0133563
b025,0.25,4,b4,+ the weak-separation check,b4_check_b025,120,0.604429,0.0132833,720,0.925,0.528229,0.013349
b025,0.25,4,b4,+ the weak-separation check,b4_check_b025,121,0.603108,0.0132648,720,0.926389,0.528721,0.0133416
b025,0.25,4,b4,+ the weak-separation check,b4_check_b025,122,0.602946,0.0132971,720,0.926389,0.529208,0.0133396
b025,0.25,4,b4,+ the weak-separation check,b4_check_b025,123,0.60578,0.013209,720,0.926389,0.529714,0.0133371
b025,0.25,4,b4,+ the weak-separation check,b4_check_b025,124,0.607316,0.0132271,720,0.926389,0.530214,0.013329
b025,0.25,4,b4,+ the weak-separation check,b4_check_b025,125,0.606782,0.013256,720,0.926389,0.530338,0.0133346
b025,0.25,4,b4,+ the weak-separation check,b4_check_b025,126,0.607833,0.0132732,720,0.926389,0.53053,0.0133311
b025,0.25,4,b4,+ the weak-separation check,b4_check_b025,127,0.610214,0.0132251,720,0.926389,0.531022,0.0133236
b025,0.25,4,b4,+ the weak-separation check,b4_check_b025,128,0.610726,0.013229,720,0.927778,0.531531,0.0133149
b025,0.25,4,b4,+ the weak-separation check,b4_check_b025,129,0.61105,0.0131749,720,0.929167,0.532263,0.0133024
b025,0.25,4,b4,+ the weak-separation check,b4_check_b025,130,0.613738,0.0130972,720,0.929167,0.532581,0.0133005
b025,0.25,4,b4,+ the weak-separation check,b4_check_b025,131,0.61263,0.0131987,720,0.929167,0.533034,0.0132963
b025,0.25,4,b4,+ the weak-separation check,b4_check_b025,132,0.613282,0.0131076,720,0.930556,0.533611,0.0132741
b025,0.25,4,b4,+ the weak-separation check,b4_check_b025,133,0.612652,0.0130766,720,0.931944,0.534128,0.0132656
b025,0.25,4,b4,+ the weak-separation check,b4_check_b025,134,0.612786,0.0131651,720,0.933333,0.534137,0.0132627
b025,0.25,4,b4,+ the weak-separation check,b4_check_b025,135,0.611448,0.0130899,720,0.9375,0.534723,0.0132417
b025,0.25,4,b4,+ the weak-separation check,b4_check_b025,136,0.612928,0.0130434,720,0.940278,0.535295,0.0132216
b025,0.25,4,b4,+ the weak-separation check,b4_check_b025,137,0.612816,0.0130017,720,0.943056,0.535541,0.0132156
b025,0.25,4,b4,+ the weak-separation check,b4_check_b025,138,0.612469,0.0130255,720,0.943056,0.535954,0.0132086
b025,0.25,4,b4,+ the weak-separation check,b4_check_b025,139,0.611838,0.0130427,720,0.943056,0.536039,0.0132095
b025,0.25,4,b4,+ the weak-separation check,b4_check_b025,140,0.61227,0.0130204,720,0.943056,0.536542,0.0132083
b025,0.25,4,b4,+ the weak-separation check,b4_check_b025,141,0.616025,0.0129673,720,0.943056,0.537039,0.0131965
b025,0.25,4,b4,+ the weak-separation check,b4_check_b025,142,0.613869,0.0129679,720,0.943056,0.537474,0.0131926
b025,0.25,4,b4,+ the weak-separation check,b4_check_b025,143,0.613315,0.0129201,720,0.943056,0.538082,0.0131792
b025,0.25,4,b4,+ the weak-separation check,b4_check_b025,144,0.614371,0.0129402,720,0.944444,0.538538,0.0131736
b025,0.25,4,b4,+ the weak-separation check,b4_check_b025,145,0.613651,0.0129499,720,0.947222,0.539099,0.013167
b025,0.25,4,b4,+ the weak-separation check,b4_check_b025,146,0.615794,0.0129356,720,0.951389,0.539373,0.013164
b025,0.25,4,b4,+ the weak-separation check,b4_check_b025,147,0.615114,0.0128852,720,0.951389,0.539589,0.0131563
b025,0.25,4,b4,+ the weak-separation check,b4_check_b025,148,0.612885,0.0130054,720,0.951389,0.539861,0.0131566
b025,0.25,4,b4,+ the weak-separation check,b4_check_b025,149,0.616494,0.0129541,720,0.951389,0.540182,0.0131591
b025,0.25,4,b4,+ the weak-separation check,b4_check_b025,150,0.614184,0.0130151,720,0.951389,0.540458,0.0131505
b025,0.25,5,b5,+ even-odds asking (today's sessions),b5_app_b025,0,0.0123441,0.000177819,720,0,0.417756,0.0133893
b025,0.25,5,b5,+ even-odds asking (today's sessions),b5_app_b025,1,0.0123441,0.000177819,720,0,0.417756,0.0133893
b025,0.25,5,b5,+ even-odds asking (today's sessions),b5_app_b025,2,0.0123441,0.000177819,720,0,0.417756,0.0133893
b025,0.25,5,b5,+ even-odds asking (today's sessions),b5_app_b025,3,0.0123441,0.000177819,720,0,0.417756,0.0133893
b025,0.25,5,b5,+ even-odds asking (today's sessions),b5_app_b025,4,0.0123441,0.000177819,720,0,0.417756,0.0133893
b025,0.25,5,b5,+ even-odds asking (today's sessions),b5_app_b025,5,0.0123441,0.000177819,720,0,0.417756,0.0133893
b025,0.25,5,b5,+ even-odds asking (today's sessions),b5_app_b025,6,0.0123441,0.000177819,720,0,0.417756,0.0133893
b025,0.25,5,b5,+ even-odds asking (today's sessions),b5_app_b025,7,0.0123441,0.000177819,720,0,0.417756,0.0133893
b025,0.25,5,b5,+ even-odds asking (today's sessions),b5_app_b025,8,0.0123441,0.000177819,720,0,0.417756,0.0133893
b025,0.25,5,b5,+ even-odds asking (today's sessions),b5_app_b025,9,0.0123441,0.000177819,720,0,0.417756,0.0133893
b025,0.25,5,b5,+ even-odds asking (today's sessions),b5_app_b025,10,0.0123441,0.000177819,720,0,0.417756,0.0133893
b025,0.25,5,b5,+ even-odds asking (today's sessions),b5_app_b025,11,0.0123441,0.000177819,720,0,0.417756,0.0133893
b025,0.25,5,b5,+ even-odds asking (today's sessions),b5_app_b025,12,0.0123441,0.000177819,720,0,0.417756,0.0133893
b025,0.25,5,b5,+ even-odds asking (today's sessions),b5_app_b025,13,0.0123441,0.000177819,720,0,0.417756,0.0133893
b025,0.25,5,b5,+ even-odds asking (today's sessions),b5_app_b025,14,0.0123441,0.000177819,720,0,0.417756,0.0133893
b025,0.25,5,b5,+ even-odds asking (today's sessions),b5_app_b025,15,0.0123441,0.000177819,720,0,0.417756,0.0133893
b025,0.25,5,b5,+ even-odds asking (today's sessions),b5_app_b025,16,0.0123441,0.000177819,720,0,0.417756,0.0133893
b025,0.25,5,b5,+ even-odds asking (today's sessions),b5_app_b025,17,0.0123441,0.000177819,720,0,0.417756,0.0133893
b025,0.25,5,b5,+ even-odds asking (today's sessions),b5_app_b025,18,0.0123441,0.000177819,720,0,0.417756,0.0133893
b025,0.25,5,b5,+ even-odds asking (today's sessions),b5_app_b025,19,0.0123441,0.000177819,720,0,0.417756,0.0133893
b025,0.25,5,b5,+ even-odds asking (today's sessions),b5_app_b025,20,0.0123441,0.000177819,720,0,0.417756,0.0133893
b025,0.25,5,b5,+ even-odds asking (today's sessions),b5_app_b025,21,0.0123441,0.000177819,720,0,0.417756,0.0133893
b025,0.25,5,b5,+ even-odds asking (today's sessions),b5_app_b025,22,0.0123441,0.000177819,720,0,0.417756,0.0133893
b025,0.25,5,b5,+ even-odds asking (today's sessions),b5_app_b025,23,0.012319,0.000178464,720,0.00138889,0.417688,0.0133919
b025,0.25,5,b5,+ even-odds asking (today's sessions),b5_app_b025,24,0.219507,0.0133011,720,0.277778,0.39743,0.0126834
b025,0.25,5,b5,+ even-odds asking (today's sessions),b5_app_b025,25,0.283779,0.0143679,720,0.365278,0.395223,0.0127119
b025,0.25,5,b5,+ even-odds asking (today's sessions),b5_app_b025,26,0.303211,0.0145193,720,0.394444,0.397916,0.0128598
b025,0.25,5,b5,+ even-odds asking (today's sessions),b5_app_b025,27,0.32467,0.0148832,720,0.416667,0.399902,0.012984
b025,0.25,5,b5,+ even-odds asking (today's sessions),b5_app_b025,28,0.344817,0.0151345,720,0.434722,0.404818,0.0131292
b025,0.25,5,b5,+ even-odds asking (today's sessions),b5_app_b025,29,0.362496,0.01531,720,0.455556,0.408396,0.0132668
b025,0.25,5,b5,+ even-odds asking (today's sessions),b5_app_b025,30,0.379131,0.0154942,720,0.469444,0.410038,0.0133459
b025,0.25,5,b5,+ even-odds asking (today's sessions),b5_app_b025,31,0.386095,0.0155091,720,0.477778,0.412672,0.0134369
b025,0.25,5,b5,+ even-odds asking (today's sessions),b5_app_b025,32,0.388226,0.0154685,720,0.483333,0.414474,0.0134734
b025,0.25,5,b5,+ even-odds asking (today's sessions),b5_app_b025,33,0.390334,0.0154565,720,0.488889,0.418221,0.0135505
b025,0.25,5,b5,+ even-odds asking (today's sessions),b5_app_b025,34,0.391486,0.0153009,720,0.498611,0.42059,0.0136227
b025,0.25,5,b5,+ even-odds asking (today's sessions),b5_app_b025,35,0.391826,0.0151967,720,0.506944,0.422053,0.0136672
b025,0.25,5,b5,+ even-odds asking (today's sessions),b5_app_b025,36,0.406651,0.0153738,720,0.518056,0.423677,0.0136814
b025,0.25,5,b5,+ even-odds asking (today's sessions),b5_app_b025,37,0.415721,0.0155276,720,0.526389,0.426347,0.0137161
b025,0.25,5,b5,+ even-odds asking (today's sessions),b5_app_b025,38,0.420786,0.015539,720,0.534722,0.427745,0.0137523
b025,0.25,5,b5,+ even-odds asking (today's sessions),b5_app_b025,39,0.423751,0.0155852,720,0.545833,0.431094,0.0137897
b025,0.25,5,b5,+ even-odds asking (today's sessions),b5_app_b025,40,0.431236,0.0155556,720,0.558333,0.434975,0.0138545
b025,0.25,5,b5,+ even-odds asking (today's sessions),b5_app_b025,41,0.436218,0.0155997,720,0.563889,0.437313,0.0138966
b025,0.25,5,b5,+ even-odds asking (today's sessions),b5_app_b025,42,0.440097,0.0155868,720,0.570833,0.439287,0.0139281
b025,0.25,5,b5,+ even-odds asking (today's sessions),b5_app_b025,43,0.443989,0.0155939,720,0.580556,0.440112,0.0139812
b025,0.25,5,b5,+ even-odds asking (today's sessions),b5_app_b025,44,0.449793,0.0155642,720,0.590278,0.441794,0.0139813
b025,0.25,5,b5,+ even-odds asking (today's sessions),b5_app_b025,45,0.450562,0.0154977,720,0.601389,0.443575,0.0140045
b025,0.25,5,b5,+ even-odds asking (today's sessions),b5_app_b025,46,0.452686,0.0154772,720,0.605556,0.446027,0.0140121
b025,0.25,5,b5,+ even-odds asking (today's sessions),b5_app_b025,47,0.459402,0.0154745,720,0.619444,0.445679,0.0140691
b025,0.25,5,b5,+ even-odds asking (today's sessions),b5_app_b025,48,0.461152,0.0155364,720,0.622222,0.446917,0.0140786
b025,0.25,5,b5,+ even-odds asking (today's sessions),b5_app_b025,49,0.461624,0.0155035,720,0.627778,0.449452,0.0140888
b025,0.25,5,b5,+ even-odds asking (today's sessions),b5_app_b025,50,0.464133,0.0154945,720,0.627778,0.451332,0.0141189
b025,0.25,5,b5,+ even-odds asking (today's sessions),b5_app_b025,51,0.467594,0.0155441,720,0.630556,0.453917,0.0141525
b025,0.25,5,b5,+ even-odds asking (today's sessions),b5_app_b025,52,0.469827,0.0155348,720,0.634722,0.45594,0.0141717
b025,0.25,5,b5,+ even-odds asking (today's sessions),b5_app_b025,53,0.473054,0.0154686,720,0.648611,0.457351,0.0141788
b025,0.25,5,b5,+ even-odds asking (today's sessions),b5_app_b025,54,0.475721,0.0154456,720,0.655556,0.459076,0.0142051
b025,0.25,5,b5,+ even-odds asking (today's sessions),b5_app_b025,55,0.475322,0.0154404,720,0.663889,0.460373,0.0142082
b025,0.25,5,b5,+ even-odds asking (today's sessions),b5_app_b025,56,0.477905,0.0154641,720,0.672222,0.461567,0.0142124
b025,0.25,5,b5,+ even-odds asking (today's sessions),b5_app_b025,57,0.48417,0.0154489,720,0.677778,0.463752,0.0142091
b025,0.25,5,b5,+ even-odds asking (today's sessions),b5_app_b025,58,0.486261,0.015348,720,0.684722,0.465724,0.0141763
b025,0.25,5,b5,+ even-odds asking (today's sessions),b5_app_b025,59,0.492198,0.0152639,720,0.7,0.469569,0.0141326
b025,0.25,5,b5,+ even-odds asking (today's sessions),b5_app_b025,60,0.496548,0.0152026,720,0.708333,0.472173,0.0141395
b025,0.25,5,b5,+ even-odds asking (today's sessions),b5_app_b025,61,0.502721,0.0151491,720,0.7125,0.473936,0.0141503
b025,0.25,5,b5,+ even-odds asking (today's sessions),b5_app_b025,62,0.502668,0.0150787,720,0.722222,0.47571,0.01415
b025,0.25,5,b5,+ even-odds asking (today's sessions),b5_app_b025,63,0.497075,0.0149507,720,0.726389,0.476257,0.0141574
b025,0.25,5,b5,+ even-odds asking (today's sessions),b5_app_b025,64,0.500088,0.0148819,720,0.731944,0.478339,0.0141481
b025,0.25,5,b5,+ even-odds asking (today's sessions),b5_app_b025,65,0.502842,0.0147981,720,0.738889,0.480292,0.0141405
b025,0.25,5,b5,+ even-odds asking (today's sessions),b5_app_b025,66,0.501019,0.0146825,720,0.747222,0.482523,0.0141223
b025,0.25,5,b5,+ even-odds asking (today's sessions),b5_app_b025,67,0.502552,0.0146243,720,0.754167,0.483648,0.0141084
b025,0.25,5,b5,+ even-odds asking (today's sessions),b5_app_b025,68,0.500386,0.0145612,720,0.756944,0.484769,0.0140966
b025,0.25,5,b5,+ even-odds asking (today's sessions),b5_app_b025,69,0.497225,0.0144048,720,0.759722,0.486064,0.0140936
b025,0.25,5,b5,+ even-odds asking (today's sessions),b5_app_b025,70,0.49772,0.0142731,720,0.766667,0.486593,0.0140974
b025,0.25,5,b5,+ even-odds asking (today's sessions),b5_app_b025,71,0.499598,0.0143176,720,0.770833,0.48781,0.0140741
b025,0.25,5,b5,+ even-odds asking (today's sessions),b5_app_b025,72,0.499939,0.0143734,720,0.776389,0.488544,0.0140728
b025,0.25,5,b5,+ even-odds asking (today's sessions),b5_app_b025,73,0.503423,0.0143287,720,0.780556,0.489745,0.0140634
b025,0.25,5,b5,+ even-odds asking (today's sessions),b5_app_b025,74,0.511096,0.0144341,720,0.783333,0.490979,0.0140579
b025,0.25,5,b5,+ even-odds asking (today's sessions),b5_app_b025,75,0.514038,0.0144584,720,0.790278,0.492384,0.0140383
b025,0.25,5,b5,+ even-odds asking (today's sessions),b5_app_b025,76,0.519763,0.0143789,720,0.793056,0.494085,0.0140233
b025,0.25,5,b5,+ even-odds asking (today's sessions),b5_app_b025,77,0.524531,0.0143905,720,0.801389,0.495113,0.0140129
b025,0.25,5,b5,+ even-odds asking (today's sessions),b5_app_b025,78,0.526101,0.0143819,720,0.809722,0.496141,0.0140015
b025,0.25,5,b5,+ even-odds asking (today's sessions),b5_app_b025,79,0.532141,0.014321,720,0.818056,0.497937,0.0139958
b025,0.25,5,b5,+ even-odds asking (today's sessions),b5_app_b025,80,0.537031,0.014312,720,0.820833,0.499756,0.0139927
b025,0.25,5,b5,+ even-odds asking (today's sessions),b5_app_b025,81,0.541524,0.0142127,720,0.826389,0.502056,0.0139667
b025,0.25,5,b5,+ even-odds asking (today's sessions),b5_app_b025,82,0.545426,0.0141923,720,0.831944,0.503872,0.0139479
b025,0.25,5,b5,+ even-odds asking (today's sessions),b5_app_b025,83,0.545304,0.0140314,720,0.8375,0.50534,0.0139271
b025,0.25,5,b5,+ even-odds asking (today's sessions),b5_app_b025,84,0.548897,0.0140464,720,0.841667,0.506844,0.0139115
b025,0.25,5,b5,+ even-odds asking (today's sessions),b5_app_b025,85,0.554332,0.0140876,720,0.844444,0.5079,0.0139049
b025,0.25,5,b5,+ even-odds asking (today's sessions),b5_app_b025,86,0.555633,0.0140639,720,0.844444,0.509593,0.0139009
b025,0.25,5,b5,+ even-odds asking (today's sessions),b5_app_b025,87,0.556548,0.0140493,720,0.85,0.511092,0.0138794
b025,0.25,5,b5,+ even-odds asking (today's sessions),b5_app_b025,88,0.559746,0.0139586,720,0.858333,0.512128,0.0138739
b025,0.25,5,b5,+ even-odds asking (today's sessions),b5_app_b025,89,0.564724,0.0138302,720,0.8625,0.513596,0.0138637
b025,0.25,5,b5,+ even-odds asking (today's sessions),b5_app_b025,90,0.564514,0.0138673,720,0.866667,0.514564,0.0138555
b025,0.25,5,b5,+ even-odds asking (today's sessions),b5_app_b025,91,0.564255,0.0138327,720,0.870833,0.515687,0.0138431
b025,0.25,5,b5,+ even-odds asking (today's sessions),b5_app_b025,92,0.569164,0.0137444,720,0.870833,0.517013,0.0138231
b025,0.25,5,b5,+ even-odds asking (today's sessions),b5_app_b025,93,0.568482,0.0138016,720,0.872222,0.517645,0.0138128
b025,0.25,5,b5,+ even-odds asking (today's sessions),b5_app_b025,94,0.574966,0.0137543,720,0.876389,0.518612,0.0137945
b025,0.25,5,b5,+ even-odds asking (today's sessions),b5_app_b025,95,0.577121,0.0136735,720,0.880556,0.519655,0.0137776
b025,0.25,5,b5,+ even-odds asking (today's sessions),b5_app_b025,96,0.579841,0.0136887,720,0.884722,0.520786,0.0137533
b025,0.25,5,b5,+ even-odds asking (today's sessions),b5_app_b025,97,0.582432,0.0136628,720,0.886111,0.522186,0.0137338
b025,0.25,5,b5,+ even-odds asking (today's sessions),b5_app_b025,98,0.581239,0.0136683,720,0.890278,0.523455,0.0137091
b025,0.25,5,b5,+ even-odds asking (today's sessions),b5_app_b025,99,0.585316,0.0136603,720,0.893056,0.524329,0.0137092
b025,0.25,5,b5,+ even-odds asking (today's sessions),b5_app_b025,100,0.583253,0.0135641,720,0.894444,0.525225,0.0137033
b025,0.25,5,b5,+ even-odds asking (today's sessions),b5_app_b025,101,0.583704,0.0135361,720,0.894444,0.525463,0.0136927
b025,0.25,5,b5,+ even-odds asking (today's sessions),b5_app_b025,102,0.58506,0.0135451,720,0.894444,0.526223,0.0136833
b025,0.25,5,b5,+ even-odds asking (today's sessions),b5_app_b025,103,0.586662,0.0134944,720,0.894444,0.527602,0.0136631
b025,0.25,5,b5,+ even-odds asking (today's sessions),b5_app_b025,104,0.588248,0.0134964,720,0.897222,0.528425,0.0136447
b025,0.25,5,b5,+ even-odds asking (today's sessions),b5_app_b025,105,0.589466,0.0134987,720,0.9,0.529138,0.0136289
b025,0.25,5,b5,+ even-odds asking (today's sessions),b5_app_b025,106,0.588942,0.0134934,720,0.901389,0.529931,0.0136251
b025,0.25,5,b5,+ even-odds asking (today's sessions),b5_app_b025,107,0.59236,0.0134398,720,0.905556,0.530637,0.0136185
b025,0.25,5,b5,+ even-odds asking (today's sessions),b5_app_b025,108,0.593012,0.013435,720,0.906944,0.53158,0.01361
b025,0.25,5,b5,+ even-odds asking (today's sessions),b5_app_b025,109,0.59406,0.013389,720,0.909722,0.532711,0.0135861
b025,0.25,5,b5,+ even-odds asking (today's sessions),b5_app_b025,110,0.593502,0.0134534,720,0.909722,0.53356,0.0135716
b025,0.25,5,b5,+ even-odds asking (today's sessions),b5_app_b025,111,0.595113,0.0134053,720,0.9125,0.534322,0.0135554
b025,0.25,5,b5,+ even-odds asking (today's sessions),b5_app_b025,112,0.595871,0.0134192,720,0.9125,0.535027,0.0135521
b025,0.25,5,b5,+ even-odds asking (today's sessions),b5_app_b025,113,0.598263,0.0133918,720,0.918056,0.535971,0.013536
b025,0.25,5,b5,+ even-odds asking (today's sessions),b5_app_b025,114,0.598654,0.0134284,720,0.919444,0.536453,0.0135193
b025,0.25,5,b5,+ even-odds asking (today's sessions),b5_app_b025,115,0.599866,0.0133583,720,0.920833,0.53712,0.0135034
b025,0.25,5,b5,+ even-odds asking (today's sessions),b5_app_b025,116,0.604653,0.013243,720,0.920833,0.537561,0.0134971
b025,0.25,5,b5,+ even-odds asking (today's sessions),b5_app_b025,117,0.604272,0.0131767,720,0.922222,0.538064,0.0134819
b025,0.25,5,b5,+ even-odds asking (today's sessions),b5_app_b025,118,0.604714,0.0131764,720,0.925,0.538214,0.013473
b025,0.25,5,b5,+ even-odds asking (today's sessions),b5_app_b025,119,0.609371,0.0130816,720,0.925,0.538893,0.0134647
b025,0.25,5,b5,+ even-odds asking (today's sessions),b5_app_b025,120,0.609354,0.0131369,720,0.925,0.539184,0.0134656
b025,0.25,5,b5,+ even-odds asking (today's sessions),b5_app_b025,121,0.6113,0.0130595,720,0.926389,0.539666,0.0134572
b025,0.25,5,b5,+ even-odds asking (today's sessions),b5_app_b025,122,0.610297,0.0131354,720,0.926389,0.539828,0.013449
b025,0.25,5,b5,+ even-odds asking (today's sessions),b5_app_b025,123,0.608603,0.0131498,720,0.926389,0.540186,0.0134512
b025,0.25,5,b5,+ even-odds asking (today's sessions),b5_app_b025,124,0.609605,0.0131416,720,0.926389,0.540714,0.0134358
b025,0.25,5,b5,+ even-odds asking (today's sessions),b5_app_b025,125,0.611653,0.013063,720,0.926389,0.540933,0.0134392
b025,0.25,5,b5,+ even-odds asking (today's sessions),b5_app_b025,126,0.614088,0.0130271,720,0.926389,0.541361,0.0134368
b025,0.25,5,b5,+ even-odds asking (today's sessions),b5_app_b025,127,0.615831,0.0130628,720,0.926389,0.541778,0.013428
b025,0.25,5,b5,+ even-odds asking (today's sessions),b5_app_b025,128,0.617429,0.0129881,720,0.927778,0.541764,0.0134194
b025,0.25,5,b5,+ even-odds asking (today's sessions),b5_app_b025,129,0.617776,0.0129267,720,0.929167,0.542351,0.0134056
b025,0.25,5,b5,+ even-odds asking (today's sessions),b5_app_b025,130,0.618308,0.0129736,720,0.929167,0.54277,0.0134012
b025,0.25,5,b5,+ even-odds asking (today's sessions),b5_app_b025,131,0.618206,0.0130013,720,0.929167,0.543324,0.0133977
b025,0.25,5,b5,+ even-odds asking (today's sessions),b5_app_b025,132,0.619581,0.0129416,720,0.930556,0.543699,0.0133812
b025,0.25,5,b5,+ even-odds asking (today's sessions),b5_app_b025,133,0.619607,0.0129895,720,0.931944,0.544331,0.0133721
b025,0.25,5,b5,+ even-odds asking (today's sessions),b5_app_b025,134,0.621529,0.0129471,720,0.933333,0.544563,0.0133657
b025,0.25,5,b5,+ even-odds asking (today's sessions),b5_app_b025,135,0.621812,0.0129387,720,0.9375,0.545468,0.0133406
b025,0.25,5,b5,+ even-odds asking (today's sessions),b5_app_b025,136,0.623495,0.0128703,720,0.940278,0.545951,0.0133272
b025,0.25,5,b5,+ even-odds asking (today's sessions),b5_app_b025,137,0.624999,0.0128262,720,0.943056,0.546802,0.0133084
b025,0.25,5,b5,+ even-odds asking (today's sessions),b5_app_b025,138,0.626177,0.0128584,720,0.943056,0.547127,0.0133045
b025,0.25,5,b5,+ even-odds asking (today's sessions),b5_app_b025,139,0.624099,0.0128561,720,0.943056,0.547593,0.013292
b025,0.25,5,b5,+ even-odds asking (today's sessions),b5_app_b025,140,0.624191,0.0129196,720,0.943056,0.547834,0.013287
b025,0.25,5,b5,+ even-odds asking (today's sessions),b5_app_b025,141,0.624513,0.0129344,720,0.943056,0.548426,0.0132734
b025,0.25,5,b5,+ even-odds asking (today's sessions),b5_app_b025,142,0.623204,0.0129137,720,0.943056,0.548691,0.0132653
b025,0.25,5,b5,+ even-odds asking (today's sessions),b5_app_b025,143,0.624696,0.0128671,720,0.943056,0.54905,0.013256
b025,0.25,5,b5,+ even-odds asking (today's sessions),b5_app_b025,144,0.627529,0.0127774,720,0.944444,0.549477,0.0132393
b025,0.25,5,b5,+ even-odds asking (today's sessions),b5_app_b025,145,0.628323,0.0128112,720,0.947222,0.549931,0.0132308
b025,0.25,5,b5,+ even-odds asking (today's sessions),b5_app_b025,146,0.627836,0.0128057,720,0.951389,0.550229,0.0132267
b025,0.25,5,b5,+ even-odds asking (today's sessions),b5_app_b025,147,0.626956,0.0128658,720,0.951389,0.550486,0.0132233
b025,0.25,5,b5,+ even-odds asking (today's sessions),b5_app_b025,148,0.627753,0.0127933,720,0.951389,0.550925,0.0132095
b025,0.25,5,b5,+ even-odds asking (today's sessions),b5_app_b025,149,0.629983,0.0127585,720,0.951389,0.550997,0.0132118
b025,0.25,5,b5,+ even-odds asking (today's sessions),b5_app_b025,150,0.63154,0.0126532,720,0.951389,0.551385,0.0132078
b025,0.25,6,b6,+ the typed query's per-preset line (today's app),b5_app_b025,0,0.475329,0.0135966,720,0,0.417756,0.0133893
b025,0.25,6,b6,+ the typed query's per-preset line (today's app),b5_app_b025,1,0.475329,0.0135966,720,0,0.417756,0.0133893
b025,0.25,6,b6,+ the typed query's per-preset line (today's app),b5_app_b025,2,0.475329,0.0135966,720,0,0.417756,0.0133893
b025,0.25,6,b6,+ the typed query's per-preset line (today's app),b5_app_b025,3,0.475329,0.0135966,720,0,0.417756,0.0133893
b025,0.25,6,b6,+ the typed query's per-preset line (today's app),b5_app_b025,4,0.475329,0.0135966,720,0,0.417756,0.0133893
b025,0.25,6,b6,+ the typed query's per-preset line (today's app),b5_app_b025,5,0.475329,0.0135966,720,0,0.417756,0.0133893
b025,0.25,6,b6,+ the typed query's per-preset line (today's app),b5_app_b025,6,0.475329,0.0135966,720,0,0.417756,0.0133893
b025,0.25,6,b6,+ the typed query's per-preset line (today's app),b5_app_b025,7,0.475329,0.0135966,720,0,0.417756,0.0133893
b025,0.25,6,b6,+ the typed query's per-preset line (today's app),b5_app_b025,8,0.475329,0.0135966,720,0,0.417756,0.0133893
b025,0.25,6,b6,+ the typed query's per-preset line (today's app),b5_app_b025,9,0.475329,0.0135966,720,0,0.417756,0.0133893
b025,0.25,6,b6,+ the typed query's per-preset line (today's app),b5_app_b025,10,0.475329,0.0135966,720,0,0.417756,0.0133893
b025,0.25,6,b6,+ the typed query's per-preset line (today's app),b5_app_b025,11,0.475329,0.0135966,720,0,0.417756,0.0133893
b025,0.25,6,b6,+ the typed query's per-preset line (today's app),b5_app_b025,12,0.475329,0.0135966,720,0,0.417756,0.0133893
b025,0.25,6,b6,+ the typed query's per-preset line (today's app),b5_app_b025,13,0.475329,0.0135966,720,0,0.417756,0.0133893
b025,0.25,6,b6,+ the typed query's per-preset line (today's app),b5_app_b025,14,0.475329,0.0135966,720,0,0.417756,0.0133893
b025,0.25,6,b6,+ the typed query's per-preset line (today's app),b5_app_b025,15,0.475329,0.0135966,720,0,0.417756,0.0133893
b025,0.25,6,b6,+ the typed query's per-preset line (today's app),b5_app_b025,16,0.475329,0.0135966,720,0,0.417756,0.0133893
b025,0.25,6,b6,+ the typed query's per-preset line (today's app),b5_app_b025,17,0.475329,0.0135966,720,0,0.417756,0.0133893
b025,0.25,6,b6,+ the typed query's per-preset line (today's app),b5_app_b025,18,0.475329,0.0135966,720,0,0.417756,0.0133893
b025,0.25,6,b6,+ the typed query's per-preset line (today's app),b5_app_b025,19,0.475329,0.0135966,720,0,0.417756,0.0133893
b025,0.25,6,b6,+ the typed query's per-preset line (today's app),b5_app_b025,20,0.475329,0.0135966,720,0,0.417756,0.0133893
b025,0.25,6,b6,+ the typed query's per-preset line (today's app),b5_app_b025,21,0.475329,0.0135966,720,0,0.417756,0.0133893
b025,0.25,6,b6,+ the typed query's per-preset line (today's app),b5_app_b025,22,0.475329,0.0135966,720,0,0.417756,0.0133893
b025,0.25,6,b6,+ the typed query's per-preset line (today's app),b5_app_b025,23,0.475245,0.0136004,720,0.00138889,0.417688,0.0133919
b025,0.25,6,b6,+ the typed query's per-preset line (today's app),b5_app_b025,24,0.451557,0.0132341,720,0.277778,0.39743,0.0126834
b025,0.25,6,b6,+ the typed query's per-preset line (today's app),b5_app_b025,25,0.445872,0.0131885,720,0.365278,0.395223,0.0127119
b025,0.25,6,b6,+ the typed query's per-preset line (today's app),b5_app_b025,26,0.445405,0.0131836,720,0.394444,0.397916,0.0128598
b025,0.25,6,b6,+ the typed query's per-preset line (today's app),b5_app_b025,27,0.451742,0.0133979,720,0.416667,0.399902,0.012984
b025,0.25,6,b6,+ the typed query's per-preset line (today's app),b5_app_b025,28,0.460134,0.0135443,720,0.434722,0.404818,0.0131292
b025,0.25,6,b6,+ the typed query's per-preset line (today's app),b5_app_b025,29,0.465556,0.013726,720,0.455556,0.408396,0.0132668
b025,0.25,6,b6,+ the typed query's per-preset line (today's app),b5_app_b025,30,0.474294,0.0138904,720,0.469444,0.410038,0.0133459
b025,0.25,6,b6,+ the typed query's per-preset line (today's app),b5_app_b025,31,0.477582,0.0139041,720,0.477778,0.412672,0.0134369
b025,0.25,6,b6,+ the typed query's per-preset line (today's app),b5_app_b025,32,0.477869,0.0138798,720,0.483333,0.414474,0.0134734
b025,0.25,6,b6,+ the typed query's per-preset line (today's app),b5_app_b025,33,0.477254,0.0138965,720,0.488889,0.418221,0.0135505
b025,0.25,6,b6,+ the typed query's per-preset line (today's app),b5_app_b025,34,0.474431,0.0137868,720,0.498611,0.42059,0.0136227
b025,0.25,6,b6,+ the typed query's per-preset line (today's app),b5_app_b025,35,0.47063,0.0137301,720,0.506944,0.422053,0.0136672
b025,0.25,6,b6,+ the typed query's per-preset line (today's app),b5_app_b025,36,0.481025,0.0138791,720,0.518056,0.423677,0.0136814
b025,0.25,6,b6,+ the typed query's per-preset line (today's app),b5_app_b025,37,0.487415,0.0140428,720,0.526389,0.426347,0.0137161
b025,0.25,6,b6,+ the typed query's per-preset line (today's app),b5_app_b025,38,0.488368,0.0140968,720,0.534722,0.427745,0.0137523
b025,0.25,6,b6,+ the typed query's per-preset line (today's app),b5_app_b025,39,0.48871,0.0141903,720,0.545833,0.431094,0.0137897
b025,0.25,6,b6,+ the typed query's per-preset line (today's app),b5_app_b025,40,0.492637,0.0141887,720,0.558333,0.434975,0.0138545
b025,0.25,6,b6,+ the typed query's per-preset line (today's app),b5_app_b025,41,0.49654,0.0142356,720,0.563889,0.437313,0.0138966
b025,0.25,6,b6,+ the typed query's per-preset line (today's app),b5_app_b025,42,0.498118,0.0142301,720,0.570833,0.439287,0.0139281
b025,0.25,6,b6,+ the typed query's per-preset line (today's app),b5_app_b025,43,0.498508,0.014297,720,0.580556,0.440112,0.0139812
b025,0.25,6,b6,+ the typed query's per-preset line (today's app),b5_app_b025,44,0.501587,0.014311,720,0.590278,0.441794,0.0139813
b025,0.25,6,b6,+ the typed query's per-preset line (today's app),b5_app_b025,45,0.500968,0.0142813,720,0.601389,0.443575,0.0140045
b025,0.25,6,b6,+ the typed query's per-preset line (today's app),b5_app_b025,46,0.502069,0.0142587,720,0.605556,0.446027,0.0140121
b025,0.25,6,b6,+ the typed query's per-preset line (today's app),b5_app_b025,47,0.503843,0.0143008,720,0.619444,0.445679,0.0140691
b025,0.25,6,b6,+ the typed query's per-preset line (today's app),b5_app_b025,48,0.505069,0.0143752,720,0.622222,0.446917,0.0140786
b025,0.25,6,b6,+ the typed query's per-preset line (today's app),b5_app_b025,49,0.505024,0.0143516,720,0.627778,0.449452,0.0140888
b025,0.25,6,b6,+ the typed query's per-preset line (today's app),b5_app_b025,50,0.507533,0.0143312,720,0.627778,0.451332,0.0141189
b025,0.25,6,b6,+ the typed query's per-preset line (today's app),b5_app_b025,51,0.510843,0.0143766,720,0.630556,0.453917,0.0141525
b025,0.25,6,b6,+ the typed query's per-preset line (today's app),b5_app_b025,52,0.512993,0.0143608,720,0.634722,0.45594,0.0141717
b025,0.25,6,b6,+ the typed query's per-preset line (today's app),b5_app_b025,53,0.51463,0.0143249,720,0.648611,0.457351,0.0141788
b025,0.25,6,b6,+ the typed query's per-preset line (today's app),b5_app_b025,54,0.515368,0.0143362,720,0.655556,0.459076,0.0142051
b025,0.25,6,b6,+ the typed query's per-preset line (today's app),b5_app_b025,55,0.514164,0.0143619,720,0.663889,0.460373,0.0142082
b025,0.25,6,b6,+ the typed query's per-preset line (today's app),b5_app_b025,56,0.515061,0.0144152,720,0.672222,0.461567,0.0142124
b025,0.25,6,b6,+ the typed query's per-preset line (today's app),b5_app_b025,57,0.520334,0.0144025,720,0.677778,0.463752,0.0142091
b025,0.25,6,b6,+ the typed query's per-preset line (today's app),b5_app_b025,58,0.521944,0.0143026,720,0.684722,0.465724,0.0141763
b025,0.25,6,b6,+ the typed query's per-preset line (today's app),b5_app_b025,59,0.525798,0.0142486,720,0.7,0.469569,0.0141326
b025,0.25,6,b6,+ the typed query's per-preset line (today's app),b5_app_b025,60,0.526702,0.014263,720,0.708333,0.472173,0.0141395
b025,0.25,6,b6,+ the typed query's per-preset line (today's app),b5_app_b025,61,0.532129,0.0142156,720,0.7125,0.473936,0.0141503
b025,0.25,6,b6,+ the typed query's per-preset line (today's app),b5_app_b025,62,0.531177,0.0141776,720,0.722222,0.47571,0.01415
b025,0.25,6,b6,+ the typed query's per-preset line (today's app),b5_app_b025,63,0.52527,0.0140713,720,0.726389,0.476257,0.0141574
b025,0.25,6,b6,+ the typed query's per-preset line (today's app),b5_app_b025,64,0.526862,0.0140225,720,0.731944,0.478339,0.0141481
b025,0.25,6,b6,+ the typed query's per-preset line (today's app),b5_app_b025,65,0.528172,0.013985,720,0.738889,0.480292,0.0141405
b025,0.25,6,b6,+ the typed query's per-preset line (today's app),b5_app_b025,66,0.525006,0.0139123,720,0.747222,0.482523,0.0141223
b025,0.25,6,b6,+ the typed query's per-preset line (today's app),b5_app_b025,67,0.526248,0.013858,720,0.754167,0.483648,0.0141084
b025,0.25,6,b6,+ the typed query's per-preset line (today's app),b5_app_b025,68,0.523833,0.0138068,720,0.756944,0.484769,0.0140966
b025,0.25,6,b6,+ the typed query's per-preset line (today's app),b5_app_b025,69,0.520499,0.0136571,720,0.759722,0.486064,0.0140936
b025,0.25,6,b6,+ the typed query's per-preset line (today's app),b5_app_b025,70,0.519112,0.0135726,720,0.766667,0.486593,0.0140974
b025,0.25,6,b6,+ the typed query's per-preset line (today's app),b5_app_b025,71,0.520633,0.0136305,720,0.770833,0.48781,0.0140741
b025,0.25,6,b6,+ the typed query's per-preset line (today's app),b5_app_b025,72,0.520934,0.0136902,720,0.776389,0.488544,0.0140728
b025,0.25,6,b6,+ the typed query's per-preset line (today's app),b5_app_b025,73,0.523785,0.0136613,720,0.780556,0.489745,0.0140634
b025,0.25,6,b6,+ the typed query's per-preset line (today's app),b5_app_b025,74,0.531298,0.0137639,720,0.783333,0.490979,0.0140579
b025,0.25,6,b6,+ the typed query's per-preset line (today's app),b5_app_b025,75,0.532993,0.0138327,720,0.790278,0.492384,0.0140383
b025,0.25,6,b6,+ the typed query's per-preset line (today's app),b5_app_b025,76,0.538394,0.0137516,720,0.793056,0.494085,0.0140233
b025,0.25,6,b6,+ the typed query's per-preset line (today's app),b5_app_b025,77,0.539944,0.0138282,720,0.801389,0.495113,0.0140129
b025,0.25,6,b6,+ the typed query's per-preset line (today's app),b5_app_b025,78,0.538861,0.0139062,720,0.809722,0.496141,0.0140015
b025,0.25,6,b6,+ the typed query's per-preset line (today's app),b5_app_b025,79,0.543335,0.0138947,720,0.818056,0.497937,0.0139958
b025,0.25,6,b6,+ the typed query's per-preset line (today's app),b5_app_b025,80,0.548039,0.0138885,720,0.820833,0.499756,0.0139927
b025,0.25,6,b6,+ the typed query's per-preset line (today's app),b5_app_b025,81,0.552056,0.0138014,720,0.826389,0.502056,0.0139667
b025,0.25,6,b6,+ the typed query's per-preset line (today's app),b5_app_b025,82,0.555254,0.0138068,720,0.831944,0.503872,0.0139479
b025,0.25,6,b6,+ the typed query's per-preset line (today's app),b5_app_b025,83,0.555022,0.0136465,720,0.8375,0.50534,0.0139271
b025,0.25,6,b6,+ the typed query's per-preset line (today's app),b5_app_b025,84,0.558112,0.0136798,720,0.841667,0.506844,0.0139115
b025,0.25,6,b6,+ the typed query's per-preset line (today's app),b5_app_b025,85,0.563332,0.0137278,720,0.844444,0.5079,0.0139049
b025,0.25,6,b6,+ the typed query's per-preset line (today's app),b5_app_b025,86,0.564633,0.0137022,720,0.844444,0.509593,0.0139009
b025,0.25,6,b6,+ the typed query's per-preset line (today's app),b5_app_b025,87,0.565198,0.0137034,720,0.85,0.511092,0.0138794
b025,0.25,6,b6,+ the typed query's per-preset line (today's app),b5_app_b025,88,0.566671,0.0136768,720,0.858333,0.512128,0.0138739
b025,0.25,6,b6,+ the typed query's per-preset line (today's app),b5_app_b025,89,0.570911,0.0135731,720,0.8625,0.513596,0.0138637
b025,0.25,6,b6,+ the typed query's per-preset line (today's app),b5_app_b025,90,0.570236,0.0136316,720,0.866667,0.514564,0.0138555
b025,0.25,6,b6,+ the typed query's per-preset line (today's app),b5_app_b025,91,0.5685,0.0136536,720,0.870833,0.515687,0.0138431
b025,0.25,6,b6,+ the typed query's per-preset line (today's app),b5_app_b025,92,0.573408,0.013562,720,0.870833,0.517013,0.0138231
b025,0.25,6,b6,+ the typed query's per-preset line (today's app),b5_app_b025,93,0.57196,0.0136428,720,0.872222,0.517645,0.0138128
b025,0.25,6,b6,+ the typed query's per-preset line (today's app),b5_app_b025,94,0.578062,0.013611,720,0.876389,0.518612,0.0137945
b025,0.25,6,b6,+ the typed query's per-preset line (today's app),b5_app_b025,95,0.579916,0.0135444,720,0.880556,0.519655,0.0137776
b025,0.25,6,b6,+ the typed query's per-preset line (today's app),b5_app_b025,96,0.582393,0.0135707,720,0.884722,0.520786,0.0137533
b025,0.25,6,b6,+ the typed query's per-preset line (today's app),b5_app_b025,97,0.585,0.0135429,720,0.886111,0.522186,0.0137338
b025,0.25,6,b6,+ the typed query's per-preset line (today's app),b5_app_b025,98,0.583718,0.0135535,720,0.890278,0.523455,0.0137091
b025,0.25,6,b6,+ the typed query's per-preset line (today's app),b5_app_b025,99,0.586953,0.0135789,720,0.893056,0.524329,0.0137092
b025,0.25,6,b6,+ the typed query's per-preset line (today's app),b5_app_b025,100,0.584863,0.0134841,720,0.894444,0.525225,0.0137033
b025,0.25,6,b6,+ the typed query's per-preset line (today's app),b5_app_b025,101,0.585314,0.0134558,720,0.894444,0.525463,0.0136927
b025,0.25,6,b6,+ the typed query's per-preset line (today's app),b5_app_b025,102,0.58667,0.0134647,720,0.894444,0.526223,0.0136833
b025,0.25,6,b6,+ the typed query's per-preset line (today's app),b5_app_b025,103,0.588272,0.0134134,720,0.894444,0.527602,0.0136631
b025,0.25,6,b6,+ the typed query's per-preset line (today's app),b5_app_b025,104,0.589693,0.0134244,720,0.897222,0.528425,0.0136447
b025,0.25,6,b6,+ the typed query's per-preset line (today's app),b5_app_b025,105,0.590938,0.0134249,720,0.9,0.529138,0.0136289
b025,0.25,6,b6,+ the typed query's per-preset line (today's app),b5_app_b025,106,0.58998,0.0134387,720,0.901389,0.529931,0.0136251
b025,0.25,6,b6,+ the typed query's per-preset line (today's app),b5_app_b025,107,0.593433,0.0133825,720,0.905556,0.530637,0.0136185
b025,0.25,6,b6,+ the typed query's per-preset line (today's app),b5_app_b025,108,0.593974,0.0133839,720,0.906944,0.53158,0.01361
b025,0.25,6,b6,+ the typed query's per-preset line (today's app),b5_app_b025,109,0.59499,0.0133393,720,0.909722,0.532711,0.0135861
b025,0.25,6,b6,+ the typed query's per-preset line (today's app),b5_app_b025,110,0.594433,0.0134041,720,0.909722,0.53356,0.0135716
b025,0.25,6,b6,+ the typed query's per-preset line (today's app),b5_app_b025,111,0.59607,0.013354,720,0.9125,0.534322,0.0135554
b025,0.25,6,b6,+ the typed query's per-preset line (today's app),b5_app_b025,112,0.596829,0.0133679,720,0.9125,0.535027,0.0135521
b025,0.25,6,b6,+ the typed query's per-preset line (today's app),b5_app_b025,113,0.598796,0.0133636,720,0.918056,0.535971,0.013536
b025,0.25,6,b6,+ the typed query's per-preset line (today's app),b5_app_b025,114,0.599202,0.0133993,720,0.919444,0.536453,0.0135193
b025,0.25,6,b6,+ the typed query's per-preset line (today's app),b5_app_b025,115,0.600332,0.0133337,720,0.920833,0.53712,0.0135034
b025,0.25,6,b6,+ the typed query's per-preset line (today's app),b5_app_b025,116,0.605119,0.013218,720,0.920833,0.537561,0.0134971
b025,0.25,6,b6,+ the typed query's per-preset line (today's app),b5_app_b025,117,0.604726,0.0131524,720,0.922222,0.538064,0.0134819
b025,0.25,6,b6,+ the typed query's per-preset line (today's app),b5_app_b025,118,0.605073,0.0131576,720,0.925,0.538214,0.013473
b025,0.25,6,b6,+ the typed query's per-preset line (today's app),b5_app_b025,119,0.60973,0.0130625,720,0.925,0.538893,0.0134647
b025,0.25,6,b6,+ the typed query's per-preset line (today's app),b5_app_b025,120,0.609713,0.0131178,720,0.925,0.539184,0.0134656
b025,0.25,6,b6,+ the typed query's per-preset line (today's app),b5_app_b025,121,0.611585,0.0130448,720,0.926389,0.539666,0.0134572
b025,0.25,6,b6,+ the typed query's per-preset line (today's app),b5_app_b025,122,0.610582,0.0131208,720,0.926389,0.539828,0.013449
b025,0.25,6,b6,+ the typed query's per-preset line (today's app),b5_app_b025,123,0.608888,0.0131353,720,0.926389,0.540186,0.0134512
b025,0.25,6,b6,+ the typed query's per-preset line (today's app),b5_app_b025,124,0.60989,0.013127,720,0.926389,0.540714,0.0134358
b025,0.25,6,b6,+ the typed query's per-preset line (today's app),b5_app_b025,125,0.611938,0.0130483,720,0.926389,0.540933,0.0134392
b025,0.25,6,b6,+ the typed query's per-preset line (today's app),b5_app_b025,126,0.614373,0.0130123,720,0.926389,0.541361,0.0134368
b025,0.25,6,b6,+ the typed query's per-preset line (today's app),b5_app_b025,127,0.616116,0.013048,720,0.926389,0.541778,0.013428
b025,0.25,6,b6,+ the typed query's per-preset line (today's app),b5_app_b025,128,0.617701,0.012974,720,0.927778,0.541764,0.0134194
b025,0.25,6,b6,+ the typed query's per-preset line (today's app),b5_app_b025,129,0.618058,0.0129118,720,0.929167,0.542351,0.0134056
b025,0.25,6,b6,+ the typed query's per-preset line (today's app),b5_app_b025,130,0.618591,0.0129587,720,0.929167,0.54277,0.0134012
b025,0.25,6,b6,+ the typed query's per-preset line (today's app),b5_app_b025,131,0.618488,0.0129865,720,0.929167,0.543324,0.0133977
b025,0.25,6,b6,+ the typed query's per-preset line (today's app),b5_app_b025,132,0.619875,0.012926,720,0.930556,0.543699,0.0133812
b025,0.25,6,b6,+ the typed query's per-preset line (today's app),b5_app_b025,133,0.619769,0.0129816,720,0.931944,0.544331,0.0133721
b025,0.25,6,b6,+ the typed query's per-preset line (today's app),b5_app_b025,134,0.62167,0.0129405,720,0.933333,0.544563,0.0133657
b025,0.25,6,b6,+ the typed query's per-preset line (today's app),b5_app_b025,135,0.621993,0.0129294,720,0.9375,0.545468,0.0133406
b025,0.25,6,b6,+ the typed query's per-preset line (today's app),b5_app_b025,136,0.623599,0.0128659,720,0.940278,0.545951,0.0133272
b025,0.25,6,b6,+ the typed query's per-preset line (today's app),b5_app_b025,137,0.625044,0.0128254,720,0.943056,0.546802,0.0133084
b025,0.25,6,b6,+ the typed query's per-preset line (today's app),b5_app_b025,138,0.626222,0.0128576,720,0.943056,0.547127,0.0133045
b025,0.25,6,b6,+ the typed query's per-preset line (today's app),b5_app_b025,139,0.624144,0.0128554,720,0.943056,0.547593,0.013292
b025,0.25,6,b6,+ the typed query's per-preset line (today's app),b5_app_b025,140,0.624236,0.0129188,720,0.943056,0.547834,0.013287
b025,0.25,6,b6,+ the typed query's per-preset line (today's app),b5_app_b025,141,0.624558,0.0129337,720,0.943056,0.548426,0.0132734
b025,0.25,6,b6,+ the typed query's per-preset line (today's app),b5_app_b025,142,0.623249,0.012913,720,0.943056,0.548691,0.0132653
b025,0.25,6,b6,+ the typed query's per-preset line (today's app),b5_app_b025,143,0.624741,0.0128664,720,0.943056,0.54905,0.013256
b025,0.25,6,b6,+ the typed query's per-preset line (today's app),b5_app_b025,144,0.627454,0.0127842,720,0.944444,0.549477,0.0132393
b025,0.25,6,b6,+ the typed query's per-preset line (today's app),b5_app_b025,145,0.628273,0.0128162,720,0.947222,0.549931,0.0132308
b025,0.25,6,b6,+ the typed query's per-preset line (today's app),b5_app_b025,146,0.627676,0.0128176,720,0.951389,0.550229,0.0132267
b025,0.25,6,b6,+ the typed query's per-preset line (today's app),b5_app_b025,147,0.626796,0.0128776,720,0.951389,0.550486,0.0132233
b025,0.25,6,b6,+ the typed query's per-preset line (today's app),b5_app_b025,148,0.627594,0.0128051,720,0.951389,0.550925,0.0132095
b025,0.25,6,b6,+ the typed query's per-preset line (today's app),b5_app_b025,149,0.629823,0.0127704,720,0.951389,0.550997,0.0132118
b025,0.25,6,b6,+ the typed query's per-preset line (today's app),b5_app_b025,150,0.631381,0.0126652,720,0.951389,0.551385,0.0132078
b025,0.25,7,b7,+ the detector walk (not shipped),b7_walk_b025,0,0.475329,0.0135966,720,0,0.417756,0.0133893
b025,0.25,7,b7,+ the detector walk (not shipped),b7_walk_b025,1,0.475329,0.0135966,720,0,0.417756,0.0133893
b025,0.25,7,b7,+ the detector walk (not shipped),b7_walk_b025,2,0.475329,0.0135966,720,0,0.417756,0.0133893
b025,0.25,7,b7,+ the detector walk (not shipped),b7_walk_b025,3,0.475329,0.0135966,720,0,0.417756,0.0133893
b025,0.25,7,b7,+ the detector walk (not shipped),b7_walk_b025,4,0.475329,0.0135966,720,0,0.417756,0.0133893
b025,0.25,7,b7,+ the detector walk (not shipped),b7_walk_b025,5,0.475329,0.0135966,720,0,0.417756,0.0133893
b025,0.25,7,b7,+ the detector walk (not shipped),b7_walk_b025,6,0.475329,0.0135966,720,0,0.417756,0.0133893
b025,0.25,7,b7,+ the detector walk (not shipped),b7_walk_b025,7,0.475329,0.0135966,720,0,0.417756,0.0133893
b025,0.25,7,b7,+ the detector walk (not shipped),b7_walk_b025,8,0.475329,0.0135966,720,0,0.417756,0.0133893
b025,0.25,7,b7,+ the detector walk (not shipped),b7_walk_b025,9,0.475329,0.0135966,720,0,0.417756,0.0133893
b025,0.25,7,b7,+ the detector walk (not shipped),b7_walk_b025,10,0.475329,0.0135966,720,0,0.417756,0.0133893
b025,0.25,7,b7,+ the detector walk (not shipped),b7_walk_b025,11,0.475329,0.0135966,720,0,0.417756,0.0133893
b025,0.25,7,b7,+ the detector walk (not shipped),b7_walk_b025,12,0.475329,0.0135966,720,0,0.417756,0.0133893
b025,0.25,7,b7,+ the detector walk (not shipped),b7_walk_b025,13,0.475329,0.0135966,720,0,0.417756,0.0133893
b025,0.25,7,b7,+ the detector walk (not shipped),b7_walk_b025,14,0.475329,0.0135966,720,0,0.417756,0.0133893
b025,0.25,7,b7,+ the detector walk (not shipped),b7_walk_b025,15,0.475329,0.0135966,720,0,0.417756,0.0133893
b025,0.25,7,b7,+ the detector walk (not shipped),b7_walk_b025,16,0.475329,0.0135966,720,0,0.417756,0.0133893
b025,0.25,7,b7,+ the detector walk (not shipped),b7_walk_b025,17,0.475329,0.0135966,720,0,0.417756,0.0133893
b025,0.25,7,b7,+ the detector walk (not shipped),b7_walk_b025,18,0.475329,0.0135966,720,0,0.417756,0.0133893
b025,0.25,7,b7,+ the detector walk (not shipped),b7_walk_b025,19,0.475329,0.0135966,720,0,0.417756,0.0133893
b025,0.25,7,b7,+ the detector walk (not shipped),b7_walk_b025,20,0.475329,0.0135966,720,0,0.417756,0.0133893
b025,0.25,7,b7,+ the detector walk (not shipped),b7_walk_b025,21,0.475329,0.0135966,720,0,0.417756,0.0133893
b025,0.25,7,b7,+ the detector walk (not shipped),b7_walk_b025,22,0.475329,0.0135966,720,0,0.417756,0.0133893
b025,0.25,7,b7,+ the detector walk (not shipped),b7_walk_b025,23,0.474378,0.013626,720,0.00277778,0.417372,0.0134021
b025,0.25,7,b7,+ the detector walk (not shipped),b7_walk_b025,24,0.469578,0.0136218,720,0.222222,0.40056,0.0127095
b025,0.25,7,b7,+ the detector walk (not shipped),b7_walk_b025,25,0.467505,0.0136014,720,0.3125,0.397292,0.0126395
b025,0.25,7,b7,+ the detector walk (not shipped),b7_walk_b025,26,0.473171,0.0136402,720,0.380556,0.400499,0.0126706
b025,0.25,7,b7,+ the detector walk (not shipped),b7_walk_b025,27,0.477026,0.0137267,720,0.411111,0.40892,0.012931
b025,0.25,7,b7,+ the detector walk (not shipped),b7_walk_b025,28,0.475729,0.0137253,720,0.445833,0.409791,0.0129827
b025,0.25,7,b7,+ the detector walk (not shipped),b7_walk_b025,29,0.479828,0.0137505,720,0.468056,0.415521,0.0131425
b025,0.25,7,b7,+ the detector walk (not shipped),b7_walk_b025,30,0.478415,0.0138368,720,0.481944,0.421013,0.0132864
b025,0.25,7,b7,+ the detector walk (not shipped),b7_walk_b025,31,0.480544,0.0138451,720,0.493056,0.424605,0.0133461
b025,0.25,7,b7,+ the detector walk (not shipped),b7_walk_b025,32,0.470526,0.013649,720,0.506944,0.428314,0.0134041
b025,0.25,7,b7,+ the detector walk (not shipped),b7_walk_b025,33,0.47135,0.013602,720,0.516667,0.43065,0.0134373
b025,0.25,7,b7,+ the detector walk (not shipped),b7_walk_b025,34,0.464995,0.0133531,720,0.534722,0.433141,0.0134792
b025,0.25,7,b7,+ the detector walk (not shipped),b7_walk_b025,35,0.462541,0.0132933,720,0.541667,0.434978,0.0134853
b025,0.25,7,b7,+ the detector walk (not shipped),b7_walk_b025,36,0.477994,0.0136628,720,0.548611,0.436932,0.0135126
b025,0.25,7,b7,+ the detector walk (not shipped),b7_walk_b025,37,0.479335,0.0136852,720,0.559722,0.439315,0.0135421
b025,0.25,7,b7,+ the detector walk (not shipped),b7_walk_b025,38,0.484371,0.0137665,720,0.570833,0.442587,0.0135919
b025,0.25,7,b7,+ the detector walk (not shipped),b7_walk_b025,39,0.486374,0.0137831,720,0.572222,0.444331,0.0136251
b025,0.25,7,b7,+ the detector walk (not shipped),b7_walk_b025,40,0.489121,0.0138273,720,0.583333,0.445377,0.0136607
b025,0.25,7,b7,+ the detector walk (not shipped),b7_walk_b025,41,0.490484,0.0138409,720,0.588889,0.446749,0.0136655
b025,0.25,7,b7,+ the detector walk (not shipped),b7_walk_b025,42,0.492301,0.0138192,720,0.597222,0.449188,0.0136791
b025,0.25,7,b7,+ the detector walk (not shipped),b7_walk_b025,43,0.492226,0.0137424,720,0.6125,0.452497,0.0136506
b025,0.25,7,b7,+ the detector walk (not shipped),b7_walk_b025,44,0.495053,0.0137996,720,0.622222,0.454192,0.0136593
b025,0.25,7,b7,+ the detector walk (not shipped),b7_walk_b025,45,0.495269,0.0137663,720,0.627778,0.455083,0.0136764
b025,0.25,7,b7,+ the detector walk (not shipped),b7_walk_b025,46,0.497951,0.0138345,720,0.638889,0.456875,0.0136704
b025,0.25,7,b7,+ the detector walk (not shipped),b7_walk_b025,47,0.499305,0.0137731,720,0.645833,0.457695,0.0136752
b025,0.25,7,b7,+ the detector walk (not shipped),b7_walk_b025,48,0.501423,0.0137717,720,0.65,0.458924,0.0136844
b025,0.25,7,b7,+ the detector walk (not shipped),b7_walk_b025,49,0.503694,0.0137304,720,0.6625,0.461137,0.0136547
b025,0.25,7,b7,+ the detector walk (not shipped),b7_walk_b025,50,0.507244,0.0137278,720,0.665278,0.462875,0.0136642
b025,0.25,7,b7,+ the detector walk (not shipped),b7_walk_b025,51,0.509366,0.0136889,720,0.676389,0.464793,0.0136631
b025,0.25,7,b7,+ the detector walk (not shipped),b7_walk_b025,52,0.51362,0.0137156,720,0.681944,0.467426,0.0136769
b025,0.25,7,b7,+ the detector walk (not shipped),b7_walk_b025,53,0.517778,0.0137997,720,0.690278,0.47023,0.0137063
b025,0.25,7,b7,+ the detector walk (not shipped),b7_walk_b025,54,0.523205,0.0137813,720,0.698611,0.474041,0.0137191
b025,0.25,7,b7,+ the detector walk (not shipped),b7_walk_b025,55,0.529204,0.0138614,720,0.704167,0.476527,0.0137355
b025,0.25,7,b7,+ the detector walk (not shipped),b7_walk_b025,56,0.536961,0.0139216,720,0.711111,0.480772,0.0137437
b025,0.25,7,b7,+ the detector walk (not shipped),b7_walk_b025,57,0.543409,0.0139642,720,0.716667,0.483737,0.0137387
b025,0.25,7,b7,+ the detector walk (not shipped),b7_walk_b025,58,0.546845,0.0139754,720,0.723611,0.486322,0.0137439
b025,0.25,7,b7,+ the detector walk (not shipped),b7_walk_b025,59,0.548313,0.0139629,720,0.723611,0.488017,0.0137638
b025,0.25,7,b7,+ the detector walk (not shipped),b7_walk_b025,60,0.55115,0.0139649,720,0.726389,0.490224,0.0137781
b025,0.25,7,b7,+ the detector walk (not shipped),b7_walk_b025,61,0.550099,0.013876,720,0.730556,0.491772,0.0137849
b025,0.25,7,b7,+ the detector walk (not shipped),b7_walk_b025,62,0.549652,0.0139183,720,0.734722,0.493298,0.0138019
b025,0.25,7,b7,+ the detector walk (not shipped),b7_walk_b025,63,0.544637,0.0138262,720,0.740278,0.494665,0.0138047
b025,0.25,7,b7,+ the detector walk (not shipped),b7_walk_b025,64,0.545676,0.013769,720,0.744444,0.496831,0.0138126
b025,0.25,7,b7,+ the detector walk (not shipped),b7_walk_b025,65,0.540781,0.0136976,720,0.745833,0.4983,0.0138138
b025,0.25,7,b7,+ the detector walk (not shipped),b7_walk_b025,66,0.536381,0.0136413,720,0.752778,0.500324,0.0138209
b025,0.25,7,b7,+ the detector walk (not shipped),b7_walk_b025,67,0.539524,0.0135671,720,0.759722,0.501981,0.013796
b025,0.25,7,b7,+ the detector walk (not shipped),b7_walk_b025,68,0.535786,0.013552,720,0.761111,0.50319,0.0138116
b025,0.25,7,b7,+ the detector walk (not shipped),b7_walk_b025,69,0.535192,0.0134369,720,0.761111,0.504085,0.0138208
b025,0.25,7,b7,+ the detector walk (not shipped),b7_walk_b025,70,0.534011,0.0134087,720,0.769444,0.505128,0.0138019
b025,0.25,7,b7,+ the detector walk (not shipped),b7_walk_b025,71,0.535462,0.013445,720,0.772222,0.506003,0.0137878
b025,0.25,7,b7,+ the detector walk (not shipped),b7_walk_b025,72,0.53499,0.0134401,720,0.777778,0.506676,0.0137936
b025,0.25,7,b7,+ the detector walk (not shipped),b7_walk_b025,73,0.538219,0.0134285,720,0.784722,0.508431,0.0137675
b025,0.25,7,b7,+ the detector walk (not shipped),b7_walk_b025,74,0.544681,0.0135363,720,0.7875,0.509337,0.0137646
b025,0.25,7,b7,+ the detector walk (not shipped),b7_walk_b025,75,0.553446,0.0135524,720,0.793056,0.510831,0.0137581
b025,0.25,7,b7,+ the detector walk (not shipped),b7_walk_b025,76,0.557284,0.0135797,720,0.794444,0.512259,0.013762
b025,0.25,7,b7,+ the detector walk (not shipped),b7_walk_b025,77,0.55856,0.0135215,720,0.798611,0.5134,0.013755
b025,0.25,7,b7,+ the detector walk (not shipped),b7_walk_b025,78,0.565065,0.013532,720,0.804167,0.51447,0.0137311
b025,0.25,7,b7,+ the detector walk (not shipped),b7_walk_b025,79,0.569343,0.0135023,720,0.808333,0.515569,0.0137073
b025,0.25,7,b7,+ the detector walk (not shipped),b7_walk_b025,80,0.570682,0.0135155,720,0.809722,0.516543,0.0137104
b025,0.25,7,b7,+ the detector walk (not shipped),b7_walk_b025,81,0.57218,0.0134584,720,0.8125,0.517513,0.0137091
b025,0.25,7,b7,+ the detector walk (not shipped),b7_walk_b025,82,0.573367,0.0134092,720,0.813889,0.518322,0.0137202
b025,0.25,7,b7,+ the detector walk (not shipped),b7_walk_b025,83,0.56959,0.0133902,720,0.815278,0.519316,0.0137206
b025,0.25,7,b7,+ the detector walk (not shipped),b7_walk_b025,84,0.571334,0.01335,720,0.816667,0.519857,0.0137149
b025,0.25,7,b7,+ the detector walk (not shipped),b7_walk_b025,85,0.570886,0.0133176,720,0.820833,0.520604,0.0137134
b025,0.25,7,b7,+ the detector walk (not shipped),b7_walk_b025,86,0.571541,0.0133254,720,0.829167,0.521799,0.0136819
b025,0.25,7,b7,+ the detector walk (not shipped),b7_walk_b025,87,0.571909,0.0133231,720,0.830556,0.522338,0.0136934
b025,0.25,7,b7,+ the detector walk (not shipped),b7_walk_b025,88,0.571018,0.0133735,720,0.830556,0.522852,0.0136952
b025,0.25,7,b7,+ the detector walk (not shipped),b7_walk_b025,89,0.573911,0.0132754,720,0.838889,0.524293,0.0136626
b025,0.25,7,b7,+ the detector walk (not shipped),b7_walk_b025,90,0.575157,0.0132382,720,0.841667,0.525041,0.0136566
b025,0.25,7,b7,+ the detector walk (not shipped),b7_walk_b025,91,0.576873,0.0132168,720,0.841667,0.525358,0.0136631
b025,0.25,7,b7,+ the detector walk (not shipped),b7_walk_b025,92,0.58046,0.0132024,720,0.843056,0.525976,0.013664
b025,0.25,7,b7,+ the detector walk (not shipped),b7_walk_b025,93,0.58206,0.0131895,720,0.848611,0.527518,0.0136265
b025,0.25,7,b7,+ the detector walk (not shipped),b7_walk_b025,94,0.579535,0.0132462,720,0.85,0.528082,0.0136107
b025,0.25,7,b7,+ the detector walk (not shipped),b7_walk_b025,95,0.580505,0.0133138,720,0.852778,0.528346,0.0136176
b025,0.25,7,b7,+ the detector walk (not shipped),b7_walk_b025,96,0.584784,0.013245,720,0.855556,0.528994,0.0136093
b025,0.25,7,b7,+ the detector walk (not shipped),b7_walk_b025,97,0.587019,0.0132412,720,0.858333,0.529554,0.0136069
b025,0.25,7,b7,+ the detector walk (not shipped),b7_walk_b025,98,0.588674,0.0132361,720,0.861111,0.529869,0.0136103
b025,0.25,7,b7,+ the detector walk (not shipped),b7_walk_b025,99,0.590905,0.0131953,720,0.866667,0.530514,0.0136048
b025,0.25,7,b7,+ the detector walk (not shipped),b7_walk_b025,100,0.590932,0.0132094,720,0.866667,0.531115,0.0136087
b025,0.25,7,b7,+ the detector walk (not shipped),b7_walk_b025,101,0.594527,0.0131478,720,0.870833,0.532126,0.0135749
b025,0.25,7,b7,+ the detector walk (not shipped),b7_walk_b025,102,0.59738,0.0131448,720,0.876389,0.533154,0.0135636
b025,0.25,7,b7,+ the detector walk (not shipped),b7_walk_b025,103,0.597909,0.01317,720,0.876389,0.533626,0.0135617
b025,0.25,7,b7,+ the detector walk (not shipped),b7_walk_b025,104,0.59872,0.0131643,720,0.880556,0.534826,0.0135523
b025,0.25,7,b7,+ the detector walk (not shipped),b7_walk_b025,105,0.599514,0.0131466,720,0.884722,0.535694,0.0135286
b025,0.25,7,b7,+ the detector walk (not shipped),b7_walk_b025,106,0.600349,0.013158,720,0.890278,0.536299,0.0135127
b025,0.25,7,b7,+ the detector walk (not shipped),b7_walk_b025,107,0.601863,0.013175,720,0.893056,0.537061,0.0135116
b025,0.25,7,b7,+ the detector walk (not shipped),b7_walk_b025,108,0.60249,0.0131646,720,0.894444,0.537342,0.0135076
b025,0.25,7,b7,+ the detector walk (not shipped),b7_walk_b025,109,0.604464,0.0131023,720,0.897222,0.538142,0.0134951
b025,0.25,7,b7,+ the detector walk (not shipped),b7_walk_b025,110,0.607624,0.0131048,720,0.897222,0.538729,0.0134899
b025,0.25,7,b7,+ the detector walk (not shipped),b7_walk_b025,111,0.609984,0.0130945,720,0.898611,0.539155,0.0134896
b025,0.25,7,b7,+ the detector walk (not shipped),b7_walk_b025,112,0.610305,0.0131144,720,0.901389,0.539489,0.0134879
b025,0.25,7,b7,+ the detector walk (not shipped),b7_walk_b025,113,0.612505,0.013084,720,0.904167,0.539833,0.0134814
b025,0.25,7,b7,+ the detector walk (not shipped),b7_walk_b025,114,0.612007,0.013124,720,0.905556,0.540233,0.0134748
b025,0.25,7,b7,+ the detector walk (not shipped),b7_walk_b025,115,0.615295,0.0130917,720,0.905556,0.540669,0.0134665
b025,0.25,7,b7,+ the detector walk (not shipped),b7_walk_b025,116,0.617164,0.0131122,720,0.905556,0.541001,0.0134574
b025,0.25,7,b7,+ the detector walk (not shipped),b7_walk_b025,117,0.617751,0.0130121,720,0.906944,0.541759,0.0134373
b025,0.25,7,b7,+ the detector walk (not shipped),b7_walk_b025,118,0.621591,0.0129721,720,0.911111,0.542812,0.0134163
b025,0.25,7,b7,+ the detector walk (not shipped),b7_walk_b025,119,0.62225,0.0129376,720,0.9125,0.543355,0.0134007
b025,0.25,7,b7,+ the detector walk (not shipped),b7_walk_b025,120,0.621776,0.0129736,720,0.916667,0.543856,0.013396
b025,0.25,7,b7,+ the detector walk (not shipped),b7_walk_b025,121,0.621266,0.0129632,720,0.918056,0.544573,0.0133796
b025,0.25,7,b7,+ the detector walk (not shipped),b7_walk_b025,122,0.621713,0.0129703,720,0.918056,0.544887,0.0133827
b025,0.25,7,b7,+ the detector walk (not shipped),b7_walk_b025,123,0.623195,0.0129337,720,0.918056,0.54526,0.0133726
b025,0.25,7,b7,+ the detector walk (not shipped),b7_walk_b025,124,0.623445,0.012961,720,0.919444,0.545771,0.0133577
b025,0.25,7,b7,+ the detector walk (not shipped),b7_walk_b025,125,0.624005,0.0129729,720,0.919444,0.546272,0.0133546
b025,0.25,7,b7,+ the detector walk (not shipped),b7_walk_b025,126,0.625578,0.0128854,720,0.920833,0.546505,0.0133492
b025,0.25,7,b7,+ the detector walk (not shipped),b7_walk_b025,127,0.62581,0.0129521,720,0.920833,0.546549,0.0133509
b025,0.25,7,b7,+ the detector walk (not shipped),b7_walk_b025,128,0.627481,0.0129279,720,0.920833,0.547091,0.013342
b025,0.25,7,b7,+ the detector walk (not shipped),b7_walk_b025,129,0.627981,0.0129538,720,0.922222,0.547718,0.0133282
b025,0.25,7,b7,+ the detector walk (not shipped),b7_walk_b025,130,0.629912,0.0129089,720,0.922222,0.548196,0.013323
b025,0.25,7,b7,+ the detector walk (not shipped),b7_walk_b025,131,0.628342,0.0129235,720,0.922222,0.548317,0.0133243
b025,0.25,7,b7,+ the detector walk (not shipped),b7_walk_b025,132,0.627516,0.012976,720,0.923611,0.548535,0.0133178
b025,0.25,7,b7,+ the detector walk (not shipped),b7_walk_b025,133,0.627014,0.0130143,720,0.923611,0.548652,0.0133185
b025,0.25,7,b7,+ the detector walk (not shipped),b7_walk_b025,134,0.628291,0.012942,720,0.923611,0.548865,0.0133113
b025,0.25,7,b7,+ the detector walk (not shipped),b7_walk_b025,135,0.629369,0.0129398,720,0.925,0.549394,0.0132858
b025,0.25,7,b7,+ the detector walk (not shipped),b7_walk_b025,136,0.63165,0.0129132,720,0.927778,0.549572,0.0132785
b025,0.25,7,b7,+ the detector walk (not shipped),b7_walk_b025,137,0.632066,0.0128699,720,0.927778,0.549664,0.013281
b025,0.25,7,b7,+ the detector walk (not shipped),b7_walk_b025,138,0.631194,0.012905,720,0.927778,0.549866,0.0132798
b025,0.25,7,b7,+ the detector walk (not shipped),b7_walk_b025,139,0.631507,0.0128403,720,0.927778,0.55042,0.0132693
b025,0.25,7,b7,+ the detector walk (not shipped),b7_walk_b025,140,0.63086,0.0129288,720,0.927778,0.550917,0.0132608
b025,0.25,7,b7,+ the detector walk (not shipped),b7_walk_b025,141,0.631889,0.0128608,720,0.929167,0.551096,0.0132506
b025,0.25,7,b7,+ the detector walk (not shipped),b7_walk_b025,142,0.629192,0.0129218,720,0.929167,0.55152,0.013239
b025,0.25,7,b7,+ the detector walk (not shipped),b7_walk_b025,143,0.630698,0.0128917,720,0.929167,0.55183,0.0132273
b025,0.25,7,b7,+ the detector walk (not shipped),b7_walk_b025,144,0.63187,0.012893,720,0.930556,0.552404,0.0132038
b025,0.25,7,b7,+ the detector walk (not shipped),b7_walk_b025,145,0.631364,0.0129217,720,0.931944,0.552689,0.0131956
b025,0.25,7,b7,+ the detector walk (not shipped),b7_walk_b025,146,0.632664,0.0129047,720,0.931944,0.553074,0.0131948
b025,0.25,7,b7,+ the detector walk (not shipped),b7_walk_b025,147,0.63313,0.0129171,720,0.931944,0.55333,0.0131951
b025,0.25,7,b7,+ the detector walk (not shipped),b7_walk_b025,148,0.634477,0.0128975,720,0.931944,0.553548,0.0131932
b025,0.25,7,b7,+ the detector walk (not shipped),b7_walk_b025,149,0.636197,0.0127939,720,0.934722,0.554106,0.0131732
b025,0.25,7,b7,+ the detector walk (not shipped),b7_walk_b025,150,0.636077,0.0128236,720,0.934722,0.554462,0.0131695
b1,1,1,b1,cross-calibration,b1_xcal,0,0.0229324,0.000324973,720,0,0.417756,0.0133893
b1,1,1,b1,cross-calibration,b1_xcal,1,0.0229324,0.000324973,720,0,0.417756,0.0133893
b1,1,1,b1,cross-calibration,b1_xcal,2,0.0229324,0.000324973,720,0,0.417756,0.0133893
b1,1,1,b1,cross-calibration,b1_xcal,3,0.0229324,0.000324973,720,0,0.417756,0.0133893
b1,1,1,b1,cross-calibration,b1_xcal,4,0.0229324,0.000324973,720,0,0.417756,0.0133893
b1,1,1,b1,cross-calibration,b1_xcal,5,0.0229324,0.000324973,720,0,0.417756,0.0133893
b1,1,1,b1,cross-calibration,b1_xcal,6,0.0229324,0.000324973,720,0,0.417756,0.0133893
b1,1,1,b1,cross-calibration,b1_xcal,7,0.0229324,0.000324973,720,0,0.417756,0.0133893
b1,1,1,b1,cross-calibration,b1_xcal,8,0.0229324,0.000324973,720,0,0.417756,0.0133893
b1,1,1,b1,cross-calibration,b1_xcal,9,0.0229324,0.000324973,720,0,0.417756,0.0133893
b1,1,1,b1,cross-calibration,b1_xcal,10,0.0229324,0.000324973,720,0,0.417756,0.0133893
b1,1,1,b1,cross-calibration,b1_xcal,11,0.0229324,0.000324973,720,0,0.417756,0.0133893
b1,1,1,b1,cross-calibration,b1_xcal,12,0.0229324,0.000324973,720,0,0.417756,0.0133893
b1,1,1,b1,cross-calibration,b1_xcal,13,0.0229324,0.000324973,720,0,0.417756,0.0133893
b1,1,1,b1,cross-calibration,b1_xcal,14,0.0229324,0.000324973,720,0,0.417756,0.0133893
b1,1,1,b1,cross-calibration,b1_xcal,15,0.0229324,0.000324973,720,0,0.417756,0.0133893
b1,1,1,b1,cross-calibration,b1_xcal,16,0.0229324,0.000324973,720,0,0.417756,0.0133893
b1,1,1,b1,cross-calibration,b1_xcal,17,0.0229324,0.000324973,720,0,0.417756,0.0133893
b1,1,1,b1,cross-calibration,b1_xcal,18,0.0229324,0.000324973,720,0,0.417756,0.0133893
b1,1,1,b1,cross-calibration,b1_xcal,19,0.0229324,0.000324973,720,0,0.417756,0.0133893
b1,1,1,b1,cross-calibration,b1_xcal,20,0.0229324,0.000324973,720,0,0.417756,0.0133893
b1,1,1,b1,cross-calibration,b1_xcal,21,0.0229324,0.000324973,720,0,0.417756,0.0133893
b1,1,1,b1,cross-calibration,b1_xcal,22,0.0229324,0.000324973,720,0,0.417756,0.0133893
b1,1,1,b1,cross-calibration,b1_xcal,23,0.0229994,0.00033473,720,0.00138889,0.417688,0.0133919
b1,1,1,b1,cross-calibration,b1_xcal,24,0.195012,0.0113314,720,0.277778,0.397438,0.012683
b1,1,1,b1,cross-calibration,b1_xcal,25,0.244187,0.0122032,720,0.365278,0.395206,0.0126943
b1,1,1,b1,cross-calibration,b1_xcal,26,0.267167,0.0126567,720,0.394444,0.400795,0.0129466
b1,1,1,b1,cross-calibration,b1_xcal,27,0.283299,0.0129008,720,0.416667,0.403818,0.0130739
b1,1,1,b1,cross-calibration,b1_xcal,28,0.295742,0.0129185,720,0.434722,0.408061,0.0132064
b1,1,1,b1,cross-calibration,b1_xcal,29,0.314223,0.0131974,720,0.455556,0.412488,0.0133565
b1,1,1,b1,cross-calibration,b1_xcal,30,0.328736,0.0132965,720,0.469444,0.416217,0.0134521
b1,1,1,b1,cross-calibration,b1_xcal,31,0.330423,0.0131959,720,0.477778,0.419571,0.0135419
b1,1,1,b1,cross-calibration,b1_xcal,32,0.332352,0.0132384,720,0.483333,0.423885,0.0136378
b1,1,1,b1,cross-calibration,b1_xcal,33,0.337151,0.0132495,720,0.488889,0.426905,0.0136881
b1,1,1,b1,cross-calibration,b1_xcal,34,0.339954,0.0132018,720,0.498611,0.431688,0.0138307
b1,1,1,b1,cross-calibration,b1_xcal,35,0.343177,0.0132061,720,0.506944,0.434142,0.013897
b1,1,1,b1,cross-calibration,b1_xcal,36,0.353945,0.0134074,720,0.518056,0.436207,0.0139383
b1,1,1,b1,cross-calibration,b1_xcal,37,0.360205,0.0135379,720,0.526389,0.43833,0.0139829
b1,1,1,b1,cross-calibration,b1_xcal,38,0.366772,0.0135604,720,0.534722,0.440673,0.0140157
b1,1,1,b1,cross-calibration,b1_xcal,39,0.367418,0.013564,720,0.545833,0.442968,0.0140346
b1,1,1,b1,cross-calibration,b1_xcal,40,0.372346,0.0136485,720,0.558333,0.445616,0.0140742
b1,1,1,b1,cross-calibration,b1_xcal,41,0.377216,0.0137013,720,0.563889,0.44774,0.0141063
b1,1,1,b1,cross-calibration,b1_xcal,42,0.382229,0.0137185,720,0.570833,0.449664,0.0141536
b1,1,1,b1,cross-calibration,b1_xcal,43,0.385424,0.0137803,720,0.580556,0.450705,0.0141823
b1,1,1,b1,cross-calibration,b1_xcal,44,0.387191,0.0137569,720,0.590278,0.452693,0.0142077
b1,1,1,b1,cross-calibration,b1_xcal,45,0.390662,0.0137646,720,0.601389,0.454266,0.0142337
b1,1,1,b1,cross-calibration,b1_xcal,46,0.397085,0.0138455,720,0.605556,0.456628,0.0142542
b1,1,1,b1,cross-calibration,b1_xcal,47,0.397574,0.0138008,720,0.619444,0.457417,0.0143118
b1,1,1,b1,cross-calibration,b1_xcal,48,0.399353,0.0138455,720,0.622222,0.459217,0.0143281
b1,1,1,b1,cross-calibration,b1_xcal,49,0.39981,0.0138227,720,0.627778,0.461465,0.0143291
b1,1,1,b1,cross-calibration,b1_xcal,50,0.404463,0.0138327,720,0.627778,0.463649,0.0143379
b1,1,1,b1,cross-calibration,b1_xcal,51,0.406455,0.0137841,720,0.630556,0.465577,0.0143409
b1,1,1,b1,cross-calibration,b1_xcal,52,0.406314,0.0137381,720,0.634722,0.467199,0.0143569
b1,1,1,b1,cross-calibration,b1_xcal,53,0.407984,0.0137503,720,0.648611,0.468215,0.0143418
b1,1,1,b1,cross-calibration,b1_xcal,54,0.41024,0.0137592,720,0.655556,0.46923,0.0143651
b1,1,1,b1,cross-calibration,b1_xcal,55,0.412496,0.0137504,720,0.663889,0.470331,0.0143636
b1,1,1,b1,cross-calibration,b1_xcal,56,0.416372,0.0138129,720,0.672222,0.47199,0.0143711
b1,1,1,b1,cross-calibration,b1_xcal,57,0.420588,0.0137845,720,0.677778,0.473426,0.0143635
b1,1,1,b1,cross-calibration,b1_xcal,58,0.42097,0.0137628,720,0.684722,0.475806,0.0143413
b1,1,1,b1,cross-calibration,b1_xcal,59,0.425421,0.013795,720,0.7,0.478428,0.014323
b1,1,1,b1,cross-calibration,b1_xcal,60,0.426797,0.0137033,720,0.708333,0.48012,0.0143075
b1,1,1,b1,cross-calibration,b1_xcal,61,0.42912,0.0137375,720,0.7125,0.481581,0.014302
b1,1,1,b1,cross-calibration,b1_xcal,62,0.430397,0.0136813,720,0.722222,0.48297,0.014305
b1,1,1,b1,cross-calibration,b1_xcal,63,0.429715,0.013642,720,0.726389,0.484118,0.0143077
b1,1,1,b1,cross-calibration,b1_xcal,64,0.433019,0.0136363,720,0.731944,0.485565,0.0142952
b1,1,1,b1,cross-calibration,b1_xcal,65,0.436402,0.0136335,720,0.738889,0.48718,0.0143014
b1,1,1,b1,cross-calibration,b1_xcal,66,0.440188,0.0136708,720,0.747222,0.488847,0.0142879
b1,1,1,b1,cross-calibration,b1_xcal,67,0.442126,0.0136345,720,0.754167,0.490667,0.0142706
b1,1,1,b1,cross-calibration,b1_xcal,68,0.442654,0.0135902,720,0.756944,0.491786,0.014271
b1,1,1,b1,cross-calibration,b1_xcal,69,0.445672,0.0136263,720,0.759722,0.493347,0.0142681
b1,1,1,b1,cross-calibration,b1_xcal,70,0.445336,0.0135491,720,0.766667,0.494201,0.0142718
b1,1,1,b1,cross-calibration,b1_xcal,71,0.448086,0.0135472,720,0.770833,0.495693,0.014251
b1,1,1,b1,cross-calibration,b1_xcal,72,0.448289,0.0134885,720,0.776389,0.49693,0.0142437
b1,1,1,b1,cross-calibration,b1_xcal,73,0.449215,0.0134805,720,0.780556,0.497825,0.0142326
b1,1,1,b1,cross-calibration,b1_xcal,74,0.449148,0.0134712,720,0.783333,0.499248,0.0142249
b1,1,1,b1,cross-calibration,b1_xcal,75,0.450925,0.0135089,720,0.790278,0.500403,0.0142099
b1,1,1,b1,cross-calibration,b1_xcal,76,0.451479,0.0134846,720,0.793056,0.501412,0.0142018
b1,1,1,b1,cross-calibration,b1_xcal,77,0.451821,0.0133626,720,0.801389,0.502402,0.014194
b1,1,1,b1,cross-calibration,b1_xcal,78,0.451629,0.0133795,720,0.809722,0.503417,0.0141779
b1,1,1,b1,cross-calibration,b1_xcal,79,0.453007,0.0133077,720,0.818056,0.50427,0.0141687
b1,1,1,b1,cross-calibration,b1_xcal,80,0.457164,0.013328,720,0.820833,0.506025,0.0141494
b1,1,1,b1,cross-calibration,b1_xcal,81,0.455634,0.0133412,720,0.826389,0.507175,0.0141362
b1,1,1,b1,cross-calibration,b1_xcal,82,0.454181,0.0132995,720,0.831944,0.508568,0.0141279
b1,1,1,b1,cross-calibration,b1_xcal,83,0.457387,0.0133217,720,0.8375,0.509507,0.0141031
b1,1,1,b1,cross-calibration,b1_xcal,84,0.458368,0.013266,720,0.841667,0.510458,0.014084
b1,1,1,b1,cross-calibration,b1_xcal,85,0.460326,0.0132915,720,0.844444,0.511542,0.0140695
b1,1,1,b1,cross-calibration,b1_xcal,86,0.457744,0.0132495,720,0.844444,0.512206,0.0140577
b1,1,1,b1,cross-calibration,b1_xcal,87,0.461089,0.0132671,720,0.85,0.512842,0.0140488
b1,1,1,b1,cross-calibration,b1_xcal,88,0.464337,0.0132488,720,0.858333,0.513896,0.0140292
b1,1,1,b1,cross-calibration,b1_xcal,89,0.462433,0.0132287,720,0.8625,0.514906,0.0140037
b1,1,1,b1,cross-calibration,b1_xcal,90,0.462682,0.0132073,720,0.866667,0.515431,0.0139848
b1,1,1,b1,cross-calibration,b1_xcal,91,0.466384,0.0131359,720,0.870833,0.516343,0.0139811
b1,1,1,b1,cross-calibration,b1_xcal,92,0.46842,0.0132032,720,0.870833,0.517183,0.0139678
b1,1,1,b1,cross-calibration,b1_xcal,93,0.470817,0.0131661,720,0.872222,0.517695,0.0139633
b1,1,1,b1,cross-calibration,b1_xcal,94,0.470598,0.013161,720,0.876389,0.517863,0.0139523
b1,1,1,b1,cross-calibration,b1_xcal,95,0.472623,0.0130877,720,0.880556,0.518818,0.0139333
b1,1,1,b1,cross-calibration,b1_xcal,96,0.475056,0.0129917,720,0.884722,0.519563,0.0139074
b1,1,1,b1,cross-calibration,b1_xcal,97,0.478327,0.0131056,720,0.886111,0.520965,0.0138922
b1,1,1,b1,cross-calibration,b1_xcal,98,0.476181,0.0130634,720,0.890278,0.522216,0.0138708
b1,1,1,b1,cross-calibration,b1_xcal,99,0.478664,0.0130479,720,0.893056,0.522409,0.0138774
b1,1,1,b1,cross-calibration,b1_xcal,100,0.478521,0.0130484,720,0.894444,0.5228,0.0138702
b1,1,1,b1,cross-calibration,b1_xcal,101,0.479511,0.0130852,720,0.894444,0.52373,0.0138619
b1,1,1,b1,cross-calibration,b1_xcal,102,0.481691,0.0130615,720,0.894444,0.524434,0.0138565
b1,1,1,b1,cross-calibration,b1_xcal,103,0.481835,0.0130344,720,0.894444,0.525054,0.0138502
b1,1,1,b1,cross-calibration,b1_xcal,104,0.482246,0.0130049,720,0.897222,0.52571,0.0138477
b1,1,1,b1,cross-calibration,b1_xcal,105,0.483859,0.0129948,720,0.9,0.526272,0.0138396
b1,1,1,b1,cross-calibration,b1_xcal,106,0.484162,0.012959,720,0.901389,0.526574,0.0138401
b1,1,1,b1,cross-calibration,b1_xcal,107,0.483516,0.0129623,720,0.905556,0.527071,0.013827
b1,1,1,b1,cross-calibration,b1_xcal,108,0.485422,0.0129077,720,0.906944,0.527556,0.0138274
b1,1,1,b1,cross-calibration,b1_xcal,109,0.485666,0.0129521,720,0.909722,0.528425,0.0138001
b1,1,1,b1,cross-calibration,b1_xcal,110,0.486797,0.0128934,720,0.909722,0.528769,0.0137986
b1,1,1,b1,cross-calibration,b1_xcal,111,0.486262,0.0129257,720,0.9125,0.529307,0.013795
b1,1,1,b1,cross-calibration,b1_xcal,112,0.487617,0.0129046,720,0.9125,0.529608,0.0137964
b1,1,1,b1,cross-calibration,b1_xcal,113,0.490039,0.0128652,720,0.918056,0.53016,0.0137763
b1,1,1,b1,cross-calibration,b1_xcal,114,0.486381,0.0128197,720,0.919444,0.530356,0.0137741
b1,1,1,b1,cross-calibration,b1_xcal,115,0.485719,0.0128737,720,0.920833,0.530812,0.0137645
b1,1,1,b1,cross-calibration,b1_xcal,116,0.486922,0.0128471,720,0.920833,0.5312,0.0137562
b1,1,1,b1,cross-calibration,b1_xcal,117,0.487281,0.012877,720,0.922222,0.53164,0.0137421
b1,1,1,b1,cross-calibration,b1_xcal,118,0.487174,0.012812,720,0.925,0.532086,0.0137265
b1,1,1,b1,cross-calibration,b1_xcal,119,0.48692,0.0128434,720,0.925,0.532561,0.0137235
b1,1,1,b1,cross-calibration,b1_xcal,120,0.488432,0.0128158,720,0.925,0.532974,0.0137161
b1,1,1,b1,cross-calibration,b1_xcal,121,0.485071,0.0128332,720,0.926389,0.533215,0.0137081
b1,1,1,b1,cross-calibration,b1_xcal,122,0.488277,0.0127318,720,0.926389,0.533456,0.0137029
b1,1,1,b1,cross-calibration,b1_xcal,123,0.48691,0.0127056,720,0.926389,0.53395,0.0136914
b1,1,1,b1,cross-calibration,b1_xcal,124,0.487582,0.0127834,720,0.926389,0.534354,0.0136808
b1,1,1,b1,cross-calibration,b1_xcal,125,0.488246,0.012733,720,0.926389,0.534457,0.0136721
b1,1,1,b1,cross-calibration,b1_xcal,126,0.489356,0.0126831,720,0.926389,0.53487,0.0136724
b1,1,1,b1,cross-calibration,b1_xcal,127,0.487528,0.0126758,720,0.926389,0.535191,0.0136661
b1,1,1,b1,cross-calibration,b1_xcal,128,0.490189,0.0126763,720,0.927778,0.535393,0.0136518
b1,1,1,b1,cross-calibration,b1_xcal,129,0.490059,0.0126758,720,0.929167,0.535654,0.0136371
b1,1,1,b1,cross-calibration,b1_xcal,130,0.490738,0.0126668,720,0.929167,0.536147,0.013628
b1,1,1,b1,cross-calibration,b1_xcal,131,0.490004,0.0125903,720,0.929167,0.536258,0.0136267
b1,1,1,b1,cross-calibration,b1_xcal,132,0.493286,0.0126477,720,0.930556,0.536876,0.0136102
b1,1,1,b1,cross-calibration,b1_xcal,133,0.49283,0.012603,720,0.931944,0.536979,0.0136009
b1,1,1,b1,cross-calibration,b1_xcal,134,0.491029,0.0125873,720,0.933333,0.537204,0.0135929
b1,1,1,b1,cross-calibration,b1_xcal,135,0.491402,0.012573,720,0.9375,0.537993,0.0135678
b1,1,1,b1,cross-calibration,b1_xcal,136,0.490489,0.012504,720,0.940278,0.538223,0.0135573
b1,1,1,b1,cross-calibration,b1_xcal,137,0.4916,0.0124231,720,0.943056,0.538472,0.0135476
b1,1,1,b1,cross-calibration,b1_xcal,138,0.491578,0.0124291,720,0.943056,0.538724,0.0135419
b1,1,1,b1,cross-calibration,b1_xcal,139,0.491041,0.0124908,720,0.943056,0.53876,0.0135436
b1,1,1,b1,cross-calibration,b1_xcal,140,0.491274,0.0124022,720,0.943056,0.538896,0.0135429
b1,1,1,b1,cross-calibration,b1_xcal,141,0.490711,0.0124014,720,0.943056,0.538942,0.0135384
b1,1,1,b1,cross-calibration,b1_xcal,142,0.488474,0.0124341,720,0.943056,0.539153,0.0135342
b1,1,1,b1,cross-calibration,b1_xcal,143,0.488373,0.0124553,720,0.943056,0.539548,0.0135225
b1,1,1,b1,cross-calibration,b1_xcal,144,0.489995,0.0124909,720,0.944444,0.539761,0.0135209
b1,1,1,b1,cross-calibration,b1_xcal,145,0.491041,0.0124452,720,0.947222,0.540086,0.0135059
b1,1,1,b1,cross-calibration,b1_xcal,146,0.491307,0.0124258,720,0.951389,0.540256,0.0134983
b1,1,1,b1,cross-calibration,b1_xcal,147,0.490961,0.0124222,720,0.951389,0.540706,0.0134829
b1,1,1,b1,cross-calibration,b1_xcal,148,0.489089,0.0123873,720,0.951389,0.540949,0.0134769
b1,1,1,b1,cross-calibration,b1_xcal,149,0.494193,0.0123859,720,0.951389,0.54124,0.0134733
b1,1,1,b1,cross-calibration,b1_xcal,150,0.491835,0.0124094,720,0.951389,0.541314,0.0134698
b1,1,2,b2,the labels line at the preset,b2_labels_b1,0,0.0229324,0.000324973,720,0,0.417756,0.0133893
b1,1,2,b2,the labels line at the preset,b2_labels_b1,1,0.0229324,0.000324973,720,0,0.417756,0.0133893
b1,1,2,b2,the labels line at the preset,b2_labels_b1,2,0.0229324,0.000324973,720,0,0.417756,0.0133893
b1,1,2,b2,the labels line at the preset,b2_labels_b1,3,0.0229324,0.000324973,720,0,0.417756,0.0133893
b1,1,2,b2,the labels line at the preset,b2_labels_b1,4,0.0229324,0.000324973,720,0,0.417756,0.0133893
b1,1,2,b2,the labels line at the preset,b2_labels_b1,5,0.0229324,0.000324973,720,0,0.417756,0.0133893
b1,1,2,b2,the labels line at the preset,b2_labels_b1,6,0.0229324,0.000324973,720,0,0.417756,0.0133893
b1,1,2,b2,the labels line at the preset,b2_labels_b1,7,0.0229324,0.000324973,720,0,0.417756,0.0133893
b1,1,2,b2,the labels line at the preset,b2_labels_b1,8,0.0229324,0.000324973,720,0,0.417756,0.0133893
b1,1,2,b2,the labels line at the preset,b2_labels_b1,9,0.0229324,0.000324973,720,0,0.417756,0.0133893
b1,1,2,b2,the labels line at the preset,b2_labels_b1,10,0.0229324,0.000324973,720,0,0.417756,0.0133893
b1,1,2,b2,the labels line at the preset,b2_labels_b1,11,0.0229324,0.000324973,720,0,0.417756,0.0133893
b1,1,2,b2,the labels line at the preset,b2_labels_b1,12,0.0229324,0.000324973,720,0,0.417756,0.0133893
b1,1,2,b2,the labels line at the preset,b2_labels_b1,13,0.0229324,0.000324973,720,0,0.417756,0.0133893
b1,1,2,b2,the labels line at the preset,b2_labels_b1,14,0.0229324,0.000324973,720,0,0.417756,0.0133893
b1,1,2,b2,the labels line at the preset,b2_labels_b1,15,0.0229324,0.000324973,720,0,0.417756,0.0133893
b1,1,2,b2,the labels line at the preset,b2_labels_b1,16,0.0229324,0.000324973,720,0,0.417756,0.0133893
b1,1,2,b2,the labels line at the preset,b2_labels_b1,17,0.0229324,0.000324973,720,0,0.417756,0.0133893
b1,1,2,b2,the labels line at the preset,b2_labels_b1,18,0.0229324,0.000324973,720,0,0.417756,0.0133893
b1,1,2,b2,the labels line at the preset,b2_labels_b1,19,0.0229324,0.000324973,720,0,0.417756,0.0133893
b1,1,2,b2,the labels line at the preset,b2_labels_b1,20,0.0229324,0.000324973,720,0,0.417756,0.0133893
b1,1,2,b2,the labels line at the preset,b2_labels_b1,21,0.0229324,0.000324973,720,0,0.417756,0.0133893
b1,1,2,b2,the labels line at the preset,b2_labels_b1,22,0.0229324,0.000324973,720,0,0.417756,0.0133893
b1,1,2,b2,the labels line at the preset,b2_labels_b1,23,0.022886,0.000326201,720,0.00138889,0.417688,0.0133919
b1,1,2,b2,the labels line at the preset,b2_labels_b1,24,0.179114,0.0109007,720,0.277778,0.397433,0.0126832
b1,1,2,b2,the labels line at the preset,b2_labels_b1,25,0.231415,0.0118588,720,0.365278,0.393127,0.0126276
b1,1,2,b2,the labels line at the preset,b2_labels_b1,26,0.249864,0.0122066,720,0.394444,0.395214,0.0127577
b1,1,2,b2,the labels line at the preset,b2_labels_b1,27,0.264273,0.0124162,720,0.416667,0.398204,0.0128994
b1,1,2,b2,the labels line at the preset,b2_labels_b1,28,0.277213,0.0126514,720,0.434722,0.402248,0.0130104
b1,1,2,b2,the labels line at the preset,b2_labels_b1,29,0.289415,0.0127931,720,0.455556,0.40525,0.0131306
b1,1,2,b2,the labels line at the preset,b2_labels_b1,30,0.303351,0.0129604,720,0.469444,0.40766,0.0132321
b1,1,2,b2,the labels line at the preset,b2_labels_b1,31,0.314177,0.0130874,720,0.477778,0.412316,0.0133398
b1,1,2,b2,the labels line at the preset,b2_labels_b1,32,0.322005,0.0132146,720,0.483333,0.417835,0.0134613
b1,1,2,b2,the labels line at the preset,b2_labels_b1,33,0.326314,0.0132275,720,0.488889,0.421232,0.0135164
b1,1,2,b2,the labels line at the preset,b2_labels_b1,34,0.336069,0.0133009,720,0.498611,0.425181,0.0136253
b1,1,2,b2,the labels line at the preset,b2_labels_b1,35,0.344012,0.0134585,720,0.506944,0.428569,0.0136877
b1,1,2,b2,the labels line at the preset,b2_labels_b1,36,0.351535,0.0135662,720,0.518056,0.4308,0.013743
b1,1,2,b2,the labels line at the preset,b2_labels_b1,37,0.354877,0.0135428,720,0.526389,0.433467,0.0137986
b1,1,2,b2,the labels line at the preset,b2_labels_b1,38,0.362222,0.0135558,720,0.534722,0.43635,0.0138457
b1,1,2,b2,the labels line at the preset,b2_labels_b1,39,0.36613,0.0136147,720,0.545833,0.43916,0.0138755
b1,1,2,b2,the labels line at the preset,b2_labels_b1,40,0.370734,0.0136005,720,0.558333,0.441615,0.0138965
b1,1,2,b2,the labels line at the preset,b2_labels_b1,41,0.373669,0.0136245,720,0.563889,0.443644,0.0139388
b1,1,2,b2,the labels line at the preset,b2_labels_b1,42,0.377281,0.013614,720,0.570833,0.445047,0.01397
b1,1,2,b2,the labels line at the preset,b2_labels_b1,43,0.380674,0.0136183,720,0.580556,0.445612,0.0139952
b1,1,2,b2,the labels line at the preset,b2_labels_b1,44,0.382268,0.0135653,720,0.590278,0.447271,0.0139988
b1,1,2,b2,the labels line at the preset,b2_labels_b1,45,0.384719,0.0135568,720,0.601389,0.448318,0.0140208
b1,1,2,b2,the labels line at the preset,b2_labels_b1,46,0.388387,0.0135401,720,0.605556,0.44996,0.0140184
b1,1,2,b2,the labels line at the preset,b2_labels_b1,47,0.3919,0.0135457,720,0.619444,0.449319,0.0140569
b1,1,2,b2,the labels line at the preset,b2_labels_b1,48,0.392963,0.0135785,720,0.622222,0.450571,0.0140614
b1,1,2,b2,the labels line at the preset,b2_labels_b1,49,0.394477,0.0135084,720,0.627778,0.451944,0.0140389
b1,1,2,b2,the labels line at the preset,b2_labels_b1,50,0.39545,0.013514,720,0.627778,0.452928,0.0140479
b1,1,2,b2,the labels line at the preset,b2_labels_b1,51,0.398251,0.0134795,720,0.630556,0.454932,0.0140441
b1,1,2,b2,the labels line at the preset,b2_labels_b1,52,0.398062,0.0134646,720,0.634722,0.456113,0.0140455
b1,1,2,b2,the labels line at the preset,b2_labels_b1,53,0.401436,0.0134562,720,0.648611,0.457053,0.0140327
b1,1,2,b2,the labels line at the preset,b2_labels_b1,54,0.403022,0.0134163,720,0.655556,0.457459,0.0140422
b1,1,2,b2,the labels line at the preset,b2_labels_b1,55,0.405571,0.0134809,720,0.663889,0.458657,0.0140421
b1,1,2,b2,the labels line at the preset,b2_labels_b1,56,0.406213,0.0134678,720,0.672222,0.459864,0.0140429
b1,1,2,b2,the labels line at the preset,b2_labels_b1,57,0.408193,0.0134519,720,0.677778,0.461299,0.014028
b1,1,2,b2,the labels line at the preset,b2_labels_b1,58,0.409812,0.0133939,720,0.684722,0.462584,0.0140028
b1,1,2,b2,the labels line at the preset,b2_labels_b1,59,0.412337,0.0133877,720,0.7,0.465208,0.0139893
b1,1,2,b2,the labels line at the preset,b2_labels_b1,60,0.413198,0.0133208,720,0.708333,0.467158,0.0139801
b1,1,2,b2,the labels line at the preset,b2_labels_b1,61,0.419202,0.0133101,720,0.7125,0.468489,0.0139784
b1,1,2,b2,the labels line at the preset,b2_labels_b1,62,0.418807,0.0132532,720,0.722222,0.470022,0.013978
b1,1,2,b2,the labels line at the preset,b2_labels_b1,63,0.420874,0.0132358,720,0.726389,0.470975,0.0139748
b1,1,2,b2,the labels line at the preset,b2_labels_b1,64,0.420564,0.0132468,720,0.731944,0.47256,0.0139649
b1,1,2,b2,the labels line at the preset,b2_labels_b1,65,0.425045,0.0132592,720,0.738889,0.474705,0.0139745
b1,1,2,b2,the labels line at the preset,b2_labels_b1,66,0.426608,0.013213,720,0.747222,0.476463,0.0139655
b1,1,2,b2,the labels line at the preset,b2_labels_b1,67,0.42859,0.01323,720,0.754167,0.478209,0.0139412
b1,1,2,b2,the labels line at the preset,b2_labels_b1,68,0.428633,0.0132024,720,0.756944,0.479458,0.0139362
b1,1,2,b2,the labels line at the preset,b2_labels_b1,69,0.432523,0.013201,720,0.759722,0.480421,0.0139311
b1,1,2,b2,the labels line at the preset,b2_labels_b1,70,0.43339,0.0131756,720,0.766667,0.481178,0.0139347
b1,1,2,b2,the labels line at the preset,b2_labels_b1,71,0.435565,0.013164,720,0.770833,0.482655,0.0139237
b1,1,2,b2,the labels line at the preset,b2_labels_b1,72,0.436906,0.0131679,720,0.776389,0.484097,0.0139085
b1,1,2,b2,the labels line at the preset,b2_labels_b1,73,0.438778,0.0131562,720,0.780556,0.484932,0.0139169
b1,1,2,b2,the labels line at the preset,b2_labels_b1,74,0.438058,0.0131559,720,0.783333,0.486322,0.0139191
b1,1,2,b2,the labels line at the preset,b2_labels_b1,75,0.438153,0.0131445,720,0.790278,0.487587,0.0139035
b1,1,2,b2,the labels line at the preset,b2_labels_b1,76,0.441002,0.0131036,720,0.793056,0.488733,0.0139028
b1,1,2,b2,the labels line at the preset,b2_labels_b1,77,0.442373,0.0130665,720,0.801389,0.490082,0.0138978
b1,1,2,b2,the labels line at the preset,b2_labels_b1,78,0.443932,0.0130511,720,0.809722,0.490891,0.0138799
b1,1,2,b2,the labels line at the preset,b2_labels_b1,79,0.446201,0.0130099,720,0.818056,0.492256,0.0138639
b1,1,2,b2,the labels line at the preset,b2_labels_b1,80,0.448806,0.0129567,720,0.820833,0.493834,0.0138482
b1,1,2,b2,the labels line at the preset,b2_labels_b1,81,0.449536,0.0129153,720,0.826389,0.494935,0.0138402
b1,1,2,b2,the labels line at the preset,b2_labels_b1,82,0.451963,0.012932,720,0.831944,0.496185,0.0138235
b1,1,2,b2,the labels line at the preset,b2_labels_b1,83,0.453084,0.012895,720,0.8375,0.497451,0.0137938
b1,1,2,b2,the labels line at the preset,b2_labels_b1,84,0.454973,0.0128777,720,0.841667,0.498776,0.0137871
b1,1,2,b2,the labels line at the preset,b2_labels_b1,85,0.45664,0.0128797,720,0.844444,0.500208,0.0137761
b1,1,2,b2,the labels line at the preset,b2_labels_b1,86,0.4583,0.0129035,720,0.844444,0.501098,0.0137653
b1,1,2,b2,the labels line at the preset,b2_labels_b1,87,0.458934,0.0128741,720,0.85,0.502042,0.0137696
b1,1,2,b2,the labels line at the preset,b2_labels_b1,88,0.460353,0.0128698,720,0.858333,0.502997,0.0137486
b1,1,2,b2,the labels line at the preset,b2_labels_b1,89,0.461799,0.0128601,720,0.8625,0.504254,0.0137363
b1,1,2,b2,the labels line at the preset,b2_labels_b1,90,0.46273,0.0128311,720,0.866667,0.505878,0.0137126
b1,1,2,b2,the labels line at the preset,b2_labels_b1,91,0.464728,0.0127624,720,0.870833,0.506623,0.0137075
b1,1,2,b2,the labels line at the preset,b2_labels_b1,92,0.465187,0.0127964,720,0.870833,0.507467,0.0137089
b1,1,2,b2,the labels line at the preset,b2_labels_b1,93,0.466077,0.0127687,720,0.872222,0.508079,0.0136997
b1,1,2,b2,the labels line at the preset,b2_labels_b1,94,0.467945,0.0127767,720,0.876389,0.508633,0.0137063
b1,1,2,b2,the labels line at the preset,b2_labels_b1,95,0.469538,0.0127842,720,0.880556,0.509446,0.013692
b1,1,2,b2,the labels line at the preset,b2_labels_b1,96,0.471425,0.0127676,720,0.884722,0.510195,0.013676
b1,1,2,b2,the labels line at the preset,b2_labels_b1,97,0.475959,0.0126936,720,0.886111,0.511124,0.0136564
b1,1,2,b2,the labels line at the preset,b2_labels_b1,98,0.476916,0.0126601,720,0.890278,0.512159,0.0136407
b1,1,2,b2,the labels line at the preset,b2_labels_b1,99,0.476738,0.0126492,720,0.893056,0.512473,0.0136507
b1,1,2,b2,the labels line at the preset,b2_labels_b1,100,0.477769,0.012662,720,0.894444,0.512913,0.013643
b1,1,2,b2,the labels line at the preset,b2_labels_b1,101,0.479684,0.0126544,720,0.894444,0.513911,0.0136318
b1,1,2,b2,the labels line at the preset,b2_labels_b1,102,0.479758,0.0126559,720,0.894444,0.514416,0.0136251
b1,1,2,b2,the labels line at the preset,b2_labels_b1,103,0.4811,0.0126549,720,0.894444,0.515006,0.0136159
b1,1,2,b2,the labels line at the preset,b2_labels_b1,104,0.481653,0.0126759,720,0.897222,0.515742,0.0136093
b1,1,2,b2,the labels line at the preset,b2_labels_b1,105,0.482052,0.0126592,720,0.9,0.516285,0.0136045
b1,1,2,b2,the labels line at the preset,b2_labels_b1,106,0.483889,0.0126323,720,0.901389,0.516771,0.0135929
b1,1,2,b2,the labels line at the preset,b2_labels_b1,107,0.483981,0.0126477,720,0.905556,0.517522,0.0135855
b1,1,2,b2,the labels line at the preset,b2_labels_b1,108,0.48476,0.0126168,720,0.906944,0.517882,0.0135789
b1,1,2,b2,the labels line at the preset,b2_labels_b1,109,0.483379,0.0126239,720,0.909722,0.518719,0.0135527
b1,1,2,b2,the labels line at the preset,b2_labels_b1,110,0.484177,0.0126183,720,0.909722,0.51953,0.0135373
b1,1,2,b2,the labels line at the preset,b2_labels_b1,111,0.484446,0.0126156,720,0.9125,0.51983,0.0135286
b1,1,2,b2,the labels line at the preset,b2_labels_b1,112,0.486177,0.0125948,720,0.9125,0.520347,0.0135227
b1,1,2,b2,the labels line at the preset,b2_labels_b1,113,0.486503,0.0125979,720,0.918056,0.520579,0.0135133
b1,1,2,b2,the labels line at the preset,b2_labels_b1,114,0.487053,0.0125704,720,0.919444,0.521325,0.0134988
b1,1,2,b2,the labels line at the preset,b2_labels_b1,115,0.487743,0.0125714,720,0.920833,0.521988,0.0134986
b1,1,2,b2,the labels line at the preset,b2_labels_b1,116,0.487732,0.0125748,720,0.920833,0.522283,0.0134911
b1,1,2,b2,the labels line at the preset,b2_labels_b1,117,0.488304,0.0125574,720,0.922222,0.522587,0.013483
b1,1,2,b2,the labels line at the preset,b2_labels_b1,118,0.489825,0.0125226,720,0.925,0.522776,0.013479
b1,1,2,b2,the labels line at the preset,b2_labels_b1,119,0.488195,0.0125846,720,0.925,0.523519,0.0134701
b1,1,2,b2,the labels line at the preset,b2_labels_b1,120,0.48878,0.0125263,720,0.925,0.524058,0.0134616
b1,1,2,b2,the labels line at the preset,b2_labels_b1,121,0.487858,0.0125817,720,0.926389,0.524284,0.0134681
b1,1,2,b2,the labels line at the preset,b2_labels_b1,122,0.486848,0.0125671,720,0.926389,0.52447,0.0134696
b1,1,2,b2,the labels line at the preset,b2_labels_b1,123,0.48908,0.0124997,720,0.926389,0.525016,0.0134574
b1,1,2,b2,the labels line at the preset,b2_labels_b1,124,0.489865,0.0125889,720,0.926389,0.525667,0.0134613
b1,1,2,b2,the labels line at the preset,b2_labels_b1,125,0.491376,0.0125601,720,0.926389,0.525919,0.0134553
b1,1,2,b2,the labels line at the preset,b2_labels_b1,126,0.491157,0.0125274,720,0.926389,0.526323,0.0134547
b1,1,2,b2,the labels line at the preset,b2_labels_b1,127,0.491915,0.0124957,720,0.926389,0.526537,0.0134549
b1,1,2,b2,the labels line at the preset,b2_labels_b1,128,0.493122,0.0124964,720,0.927778,0.526933,0.013441
b1,1,2,b2,the labels line at the preset,b2_labels_b1,129,0.493661,0.0124862,720,0.929167,0.52741,0.0134315
b1,1,2,b2,the labels line at the preset,b2_labels_b1,130,0.494007,0.0124618,720,0.929167,0.527964,0.0134263
b1,1,2,b2,the labels line at the preset,b2_labels_b1,131,0.49492,0.0124735,720,0.929167,0.528513,0.0134189
b1,1,2,b2,the labels line at the preset,b2_labels_b1,132,0.495145,0.0124468,720,0.930556,0.528694,0.0134088
b1,1,2,b2,the labels line at the preset,b2_labels_b1,133,0.49595,0.0124414,720,0.931944,0.528815,0.0134148
b1,1,2,b2,the labels line at the preset,b2_labels_b1,134,0.495546,0.0124788,720,0.933333,0.529305,0.0134099
b1,1,2,b2,the labels line at the preset,b2_labels_b1,135,0.497691,0.0124528,720,0.9375,0.53002,0.0133784
b1,1,2,b2,the labels line at the preset,b2_labels_b1,136,0.497957,0.0124799,720,0.940278,0.530437,0.0133715
b1,1,2,b2,the labels line at the preset,b2_labels_b1,137,0.498013,0.0124362,720,0.943056,0.53069,0.0133625
b1,1,2,b2,the labels line at the preset,b2_labels_b1,138,0.499725,0.0124177,720,0.943056,0.530925,0.0133543
b1,1,2,b2,the labels line at the preset,b2_labels_b1,139,0.497106,0.0124568,720,0.943056,0.530975,0.0133657
b1,1,2,b2,the labels line at the preset,b2_labels_b1,140,0.496989,0.0124521,720,0.943056,0.531298,0.0133602
b1,1,2,b2,the labels line at the preset,b2_labels_b1,141,0.497745,0.0124213,720,0.943056,0.531944,0.0133525
b1,1,2,b2,the labels line at the preset,b2_labels_b1,142,0.4965,0.01243,720,0.943056,0.532196,0.0133537
b1,1,2,b2,the labels line at the preset,b2_labels_b1,143,0.497921,0.0124049,720,0.943056,0.532514,0.0133447
b1,1,2,b2,the labels line at the preset,b2_labels_b1,144,0.497295,0.0124508,720,0.944444,0.532635,0.013342
b1,1,2,b2,the labels line at the preset,b2_labels_b1,145,0.497378,0.012469,720,0.947222,0.532943,0.0133324
b1,1,2,b2,the labels line at the preset,b2_labels_b1,146,0.499036,0.0124548,720,0.951389,0.533285,0.0133215
b1,1,2,b2,the labels line at the preset,b2_labels_b1,147,0.499325,0.0124366,720,0.951389,0.53336,0.0133215
b1,1,2,b2,the labels line at the preset,b2_labels_b1,148,0.498988,0.0124791,720,0.951389,0.53378,0.0133103
b1,1,2,b2,the labels line at the preset,b2_labels_b1,149,0.500063,0.0124383,720,0.951389,0.533838,0.0133123
b1,1,2,b2,the labels line at the preset,b2_labels_b1,150,0.499907,0.0124181,720,0.951389,0.534255,0.0133046
b1,1,3,b3,+ the relative spread floor,b3_floor_b1,0,0.0229324,0.000324973,720,0,0.417756,0.0133893
b1,1,3,b3,+ the relative spread floor,b3_floor_b1,1,0.0229324,0.000324973,720,0,0.417756,0.0133893
b1,1,3,b3,+ the relative spread floor,b3_floor_b1,2,0.0229324,0.000324973,720,0,0.417756,0.0133893
b1,1,3,b3,+ the relative spread floor,b3_floor_b1,3,0.0229324,0.000324973,720,0,0.417756,0.0133893
b1,1,3,b3,+ the relative spread floor,b3_floor_b1,4,0.0229324,0.000324973,720,0,0.417756,0.0133893
b1,1,3,b3,+ the relative spread floor,b3_floor_b1,5,0.0229324,0.000324973,720,0,0.417756,0.0133893
b1,1,3,b3,+ the relative spread floor,b3_floor_b1,6,0.0229324,0.000324973,720,0,0.417756,0.0133893
b1,1,3,b3,+ the relative spread floor,b3_floor_b1,7,0.0229324,0.000324973,720,0,0.417756,0.0133893
b1,1,3,b3,+ the relative spread floor,b3_floor_b1,8,0.0229324,0.000324973,720,0,0.417756,0.0133893
b1,1,3,b3,+ the relative spread floor,b3_floor_b1,9,0.0229324,0.000324973,720,0,0.417756,0.0133893
b1,1,3,b3,+ the relative spread floor,b3_floor_b1,10,0.0229324,0.000324973,720,0,0.417756,0.0133893
b1,1,3,b3,+ the relative spread floor,b3_floor_b1,11,0.0229324,0.000324973,720,0,0.417756,0.0133893
b1,1,3,b3,+ the relative spread floor,b3_floor_b1,12,0.0229324,0.000324973,720,0,0.417756,0.0133893
b1,1,3,b3,+ the relative spread floor,b3_floor_b1,13,0.0229324,0.000324973,720,0,0.417756,0.0133893
b1,1,3,b3,+ the relative spread floor,b3_floor_b1,14,0.0229324,0.000324973,720,0,0.417756,0.0133893
b1,1,3,b3,+ the relative spread floor,b3_floor_b1,15,0.0229324,0.000324973,720,0,0.417756,0.0133893
b1,1,3,b3,+ the relative spread floor,b3_floor_b1,16,0.0229324,0.000324973,720,0,0.417756,0.0133893
b1,1,3,b3,+ the relative spread floor,b3_floor_b1,17,0.0229324,0.000324973,720,0,0.417756,0.0133893
b1,1,3,b3,+ the relative spread floor,b3_floor_b1,18,0.0229324,0.000324973,720,0,0.417756,0.0133893
b1,1,3,b3,+ the relative spread floor,b3_floor_b1,19,0.0229324,0.000324973,720,0,0.417756,0.0133893
b1,1,3,b3,+ the relative spread floor,b3_floor_b1,20,0.0229324,0.000324973,720,0,0.417756,0.0133893
b1,1,3,b3,+ the relative spread floor,b3_floor_b1,21,0.0229324,0.000324973,720,0,0.417756,0.0133893
b1,1,3,b3,+ the relative spread floor,b3_floor_b1,22,0.0229324,0.000324973,720,0,0.417756,0.0133893
b1,1,3,b3,+ the relative spread floor,b3_floor_b1,23,0.0229491,0.00032615,720,0.00138889,0.417688,0.0133919
b1,1,3,b3,+ the relative spread floor,b3_floor_b1,24,0.19452,0.0113541,720,0.277778,0.397433,0.0126832
b1,1,3,b3,+ the relative spread floor,b3_floor_b1,25,0.246188,0.012186,720,0.365278,0.393206,0.012629
b1,1,3,b3,+ the relative spread floor,b3_floor_b1,26,0.261179,0.0122812,720,0.394444,0.394586,0.0127372
b1,1,3,b3,+ the relative spread floor,b3_floor_b1,27,0.274779,0.0124982,720,0.416667,0.397784,0.0128946
b1,1,3,b3,+ the relative spread floor,b3_floor_b1,28,0.293562,0.0127538,720,0.434722,0.402513,0.0130117
b1,1,3,b3,+ the relative spread floor,b3_floor_b1,29,0.306011,0.0129464,720,0.455556,0.40479,0.0131189
b1,1,3,b3,+ the relative spread floor,b3_floor_b1,30,0.31984,0.0130721,720,0.469444,0.409001,0.0132674
b1,1,3,b3,+ the relative spread floor,b3_floor_b1,31,0.327753,0.0131661,720,0.477778,0.41325,0.0133695
b1,1,3,b3,+ the relative spread floor,b3_floor_b1,32,0.328858,0.0131176,720,0.483333,0.417931,0.0134652
b1,1,3,b3,+ the relative spread floor,b3_floor_b1,33,0.332242,0.0131627,720,0.488889,0.42167,0.0135432
b1,1,3,b3,+ the relative spread floor,b3_floor_b1,34,0.340982,0.0132896,720,0.498611,0.425462,0.0136516
b1,1,3,b3,+ the relative spread floor,b3_floor_b1,35,0.343626,0.013289,720,0.506944,0.428301,0.0137026
b1,1,3,b3,+ the relative spread floor,b3_floor_b1,36,0.352571,0.0134117,720,0.518056,0.430147,0.0137396
b1,1,3,b3,+ the relative spread floor,b3_floor_b1,37,0.358275,0.0134856,720,0.526389,0.433136,0.0138104
b1,1,3,b3,+ the relative spread floor,b3_floor_b1,38,0.363091,0.0135237,720,0.534722,0.435888,0.0138564
b1,1,3,b3,+ the relative spread floor,b3_floor_b1,39,0.365054,0.013486,720,0.545833,0.439028,0.0138791
b1,1,3,b3,+ the relative spread floor,b3_floor_b1,40,0.372961,0.0135362,720,0.558333,0.441798,0.013916
b1,1,3,b3,+ the relative spread floor,b3_floor_b1,41,0.377744,0.0136132,720,0.563889,0.443453,0.0139485
b1,1,3,b3,+ the relative spread floor,b3_floor_b1,42,0.378963,0.0135701,720,0.570833,0.444706,0.0139754
b1,1,3,b3,+ the relative spread floor,b3_floor_b1,43,0.383369,0.0135982,720,0.580556,0.445346,0.0140039
b1,1,3,b3,+ the relative spread floor,b3_floor_b1,44,0.386806,0.0136119,720,0.590278,0.44712,0.0140085
b1,1,3,b3,+ the relative spread floor,b3_floor_b1,45,0.389289,0.0136092,720,0.601389,0.448215,0.0140211
b1,1,3,b3,+ the relative spread floor,b3_floor_b1,46,0.393078,0.0136315,720,0.605556,0.449825,0.0140304
b1,1,3,b3,+ the relative spread floor,b3_floor_b1,47,0.393021,0.0135633,720,0.619444,0.449473,0.0140705
b1,1,3,b3,+ the relative spread floor,b3_floor_b1,48,0.394666,0.0135696,720,0.622222,0.450926,0.0140703
b1,1,3,b3,+ the relative spread floor,b3_floor_b1,49,0.395117,0.0135344,720,0.627778,0.452188,0.0140578
b1,1,3,b3,+ the relative spread floor,b3_floor_b1,50,0.396407,0.0135255,720,0.627778,0.453342,0.0140496
b1,1,3,b3,+ the relative spread floor,b3_floor_b1,51,0.398343,0.0135056,720,0.630556,0.455297,0.0140446
b1,1,3,b3,+ the relative spread floor,b3_floor_b1,52,0.399196,0.0135113,720,0.634722,0.455905,0.0140477
b1,1,3,b3,+ the relative spread floor,b3_floor_b1,53,0.400239,0.0134734,720,0.648611,0.456618,0.0140326
b1,1,3,b3,+ the relative spread floor,b3_floor_b1,54,0.402072,0.0134594,720,0.655556,0.457165,0.0140449
b1,1,3,b3,+ the relative spread floor,b3_floor_b1,55,0.403779,0.0135036,720,0.663889,0.458094,0.0140452
b1,1,3,b3,+ the relative spread floor,b3_floor_b1,56,0.403319,0.0134183,720,0.672222,0.459257,0.0140477
b1,1,3,b3,+ the relative spread floor,b3_floor_b1,57,0.406617,0.0134478,720,0.677778,0.460668,0.014031
b1,1,3,b3,+ the relative spread floor,b3_floor_b1,58,0.409048,0.0134169,720,0.684722,0.462423,0.0139951
b1,1,3,b3,+ the relative spread floor,b3_floor_b1,59,0.411497,0.0133564,720,0.7,0.46517,0.0139865
b1,1,3,b3,+ the relative spread floor,b3_floor_b1,60,0.413244,0.0133033,720,0.708333,0.467071,0.0139802
b1,1,3,b3,+ the relative spread floor,b3_floor_b1,61,0.41641,0.0132604,720,0.7125,0.46866,0.0139758
b1,1,3,b3,+ the relative spread floor,b3_floor_b1,62,0.419973,0.0132675,720,0.722222,0.470079,0.0139717
b1,1,3,b3,+ the relative spread floor,b3_floor_b1,63,0.42078,0.0132566,720,0.726389,0.470885,0.0139694
b1,1,3,b3,+ the relative spread floor,b3_floor_b1,64,0.417864,0.0132554,720,0.731944,0.47244,0.0139522
b1,1,3,b3,+ the relative spread floor,b3_floor_b1,65,0.419311,0.0131935,720,0.738889,0.474432,0.0139445
b1,1,3,b3,+ the relative spread floor,b3_floor_b1,66,0.420447,0.0131967,720,0.747222,0.476437,0.0139388
b1,1,3,b3,+ the relative spread floor,b3_floor_b1,67,0.422407,0.013129,720,0.754167,0.478264,0.0139234
b1,1,3,b3,+ the relative spread floor,b3_floor_b1,68,0.424391,0.0130928,720,0.756944,0.479523,0.0139124
b1,1,3,b3,+ the relative spread floor,b3_floor_b1,69,0.42541,0.0130946,720,0.759722,0.480666,0.0139087
b1,1,3,b3,+ the relative spread floor,b3_floor_b1,70,0.428631,0.0130564,720,0.766667,0.48174,0.0139155
b1,1,3,b3,+ the relative spread floor,b3_floor_b1,71,0.429738,0.0130391,720,0.770833,0.483194,0.0139007
b1,1,3,b3,+ the relative spread floor,b3_floor_b1,72,0.42931,0.0130548,720,0.776389,0.484616,0.0138896
b1,1,3,b3,+ the relative spread floor,b3_floor_b1,73,0.430589,0.0129888,720,0.780556,0.48549,0.0138934
b1,1,3,b3,+ the relative spread floor,b3_floor_b1,74,0.432981,0.0130433,720,0.783333,0.486565,0.0138936
b1,1,3,b3,+ the relative spread floor,b3_floor_b1,75,0.436416,0.013114,720,0.790278,0.487943,0.0138843
b1,1,3,b3,+ the relative spread floor,b3_floor_b1,76,0.438519,0.0131383,720,0.793056,0.488831,0.0138771
b1,1,3,b3,+ the relative spread floor,b3_floor_b1,77,0.441456,0.0130653,720,0.801389,0.490144,0.0138685
b1,1,3,b3,+ the relative spread floor,b3_floor_b1,78,0.444906,0.013058,720,0.809722,0.491372,0.0138449
b1,1,3,b3,+ the relative spread floor,b3_floor_b1,79,0.445295,0.0130059,720,0.818056,0.492652,0.0138328
b1,1,3,b3,+ the relative spread floor,b3_floor_b1,80,0.448048,0.0130214,720,0.820833,0.494366,0.0138186
b1,1,3,b3,+ the relative spread floor,b3_floor_b1,81,0.449485,0.0130133,720,0.826389,0.495457,0.0138119
b1,1,3,b3,+ the relative spread floor,b3_floor_b1,82,0.451962,0.0129865,720,0.831944,0.496581,0.0137962
b1,1,3,b3,+ the relative spread floor,b3_floor_b1,83,0.454202,0.0129686,720,0.8375,0.498026,0.0137747
b1,1,3,b3,+ the relative spread floor,b3_floor_b1,84,0.458872,0.0130045,720,0.841667,0.499225,0.0137779
b1,1,3,b3,+ the relative spread floor,b3_floor_b1,85,0.459803,0.0130154,720,0.844444,0.500477,0.0137673
b1,1,3,b3,+ the relative spread floor,b3_floor_b1,86,0.460581,0.0129846,720,0.844444,0.501714,0.0137552
b1,1,3,b3,+ the relative spread floor,b3_floor_b1,87,0.460686,0.0129767,720,0.85,0.502705,0.0137581
b1,1,3,b3,+ the relative spread floor,b3_floor_b1,88,0.462675,0.0129188,720,0.858333,0.503395,0.0137361
b1,1,3,b3,+ the relative spread floor,b3_floor_b1,89,0.463405,0.0129088,720,0.8625,0.504625,0.013714
b1,1,3,b3,+ the relative spread floor,b3_floor_b1,90,0.465572,0.0128754,720,0.866667,0.505336,0.0137066
b1,1,3,b3,+ the relative spread floor,b3_floor_b1,91,0.46658,0.0128373,720,0.870833,0.506112,0.0137031
b1,1,3,b3,+ the relative spread floor,b3_floor_b1,92,0.467645,0.0128604,720,0.870833,0.507172,0.0136873
b1,1,3,b3,+ the relative spread floor,b3_floor_b1,93,0.468055,0.0128331,720,0.872222,0.508045,0.0136804
b1,1,3,b3,+ the relative spread floor,b3_floor_b1,94,0.469541,0.0128175,720,0.876389,0.508575,0.0136788
b1,1,3,b3,+ the relative spread floor,b3_floor_b1,95,0.46966,0.0128233,720,0.880556,0.509435,0.0136634
b1,1,3,b3,+ the relative spread floor,b3_floor_b1,96,0.473154,0.0127754,720,0.884722,0.510394,0.0136444
b1,1,3,b3,+ the relative spread floor,b3_floor_b1,97,0.475831,0.0127293,720,0.886111,0.511349,0.0136286
b1,1,3,b3,+ the relative spread floor,b3_floor_b1,98,0.476287,0.0126889,720,0.890278,0.512586,0.0136026
b1,1,3,b3,+ the relative spread floor,b3_floor_b1,99,0.477768,0.0127006,720,0.893056,0.512794,0.0136125
b1,1,3,b3,+ the relative spread floor,b3_floor_b1,100,0.478297,0.0126776,720,0.894444,0.513498,0.0136052
b1,1,3,b3,+ the relative spread floor,b3_floor_b1,101,0.479167,0.0126427,720,0.894444,0.514094,0.0135867
b1,1,3,b3,+ the relative spread floor,b3_floor_b1,102,0.479451,0.0126621,720,0.894444,0.514316,0.0135777
b1,1,3,b3,+ the relative spread floor,b3_floor_b1,103,0.479739,0.0126716,720,0.894444,0.514953,0.0135716
b1,1,3,b3,+ the relative spread floor,b3_floor_b1,104,0.48064,0.0126758,720,0.897222,0.515759,0.0135665
b1,1,3,b3,+ the relative spread floor,b3_floor_b1,105,0.480369,0.0126692,720,0.9,0.516406,0.0135574
b1,1,3,b3,+ the relative spread floor,b3_floor_b1,106,0.481601,0.0126144,720,0.901389,0.516807,0.013543
b1,1,3,b3,+ the relative spread floor,b3_floor_b1,107,0.4836,0.012646,720,0.905556,0.517446,0.0135361
b1,1,3,b3,+ the relative spread floor,b3_floor_b1,108,0.48199,0.0126519,720,0.906944,0.518029,0.0135232
b1,1,3,b3,+ the relative spread floor,b3_floor_b1,109,0.482853,0.0126391,720,0.909722,0.518658,0.0135007
b1,1,3,b3,+ the relative spread floor,b3_floor_b1,110,0.482964,0.0126435,720,0.909722,0.518994,0.0134989
b1,1,3,b3,+ the relative spread floor,b3_floor_b1,111,0.483831,0.0126317,720,0.9125,0.519377,0.0134887
b1,1,3,b3,+ the relative spread floor,b3_floor_b1,112,0.485206,0.0126398,720,0.9125,0.520216,0.0134793
b1,1,3,b3,+ the relative spread floor,b3_floor_b1,113,0.48555,0.0126829,720,0.918056,0.520854,0.0134716
b1,1,3,b3,+ the relative spread floor,b3_floor_b1,114,0.486173,0.0126807,720,0.919444,0.521501,0.013463
b1,1,3,b3,+ the relative spread floor,b3_floor_b1,115,0.487538,0.0126231,720,0.920833,0.521918,0.0134614
b1,1,3,b3,+ the relative spread floor,b3_floor_b1,116,0.487899,0.0126494,720,0.920833,0.522383,0.0134509
b1,1,3,b3,+ the relative spread floor,b3_floor_b1,117,0.488757,0.0126266,720,0.922222,0.523048,0.013438
b1,1,3,b3,+ the relative spread floor,b3_floor_b1,118,0.489447,0.0125725,720,0.925,0.523142,0.0134384
b1,1,3,b3,+ the relative spread floor,b3_floor_b1,119,0.488831,0.0126136,720,0.925,0.524,0.0134264
b1,1,3,b3,+ the relative spread floor,b3_floor_b1,120,0.488915,0.0126453,720,0.925,0.524744,0.0134157
b1,1,3,b3,+ the relative spread floor,b3_floor_b1,121,0.489607,0.012631,720,0.926389,0.525268,0.0134093
b1,1,3,b3,+ the relative spread floor,b3_floor_b1,122,0.490363,0.0126071,720,0.926389,0.525447,0.0134114
b1,1,3,b3,+ the relative spread floor,b3_floor_b1,123,0.49047,0.0126388,720,0.926389,0.5259,0.0134001
b1,1,3,b3,+ the relative spread floor,b3_floor_b1,124,0.490423,0.0126318,720,0.926389,0.526228,0.0134037
b1,1,3,b3,+ the relative spread floor,b3_floor_b1,125,0.491735,0.0126071,720,0.926389,0.526432,0.0133954
b1,1,3,b3,+ the relative spread floor,b3_floor_b1,126,0.492946,0.0125628,720,0.926389,0.526891,0.0133938
b1,1,3,b3,+ the relative spread floor,b3_floor_b1,127,0.492053,0.0125953,720,0.926389,0.527073,0.0133936
b1,1,3,b3,+ the relative spread floor,b3_floor_b1,128,0.49447,0.012551,720,0.927778,0.52738,0.0133888
b1,1,3,b3,+ the relative spread floor,b3_floor_b1,129,0.494498,0.0125378,720,0.929167,0.527595,0.0133864
b1,1,3,b3,+ the relative spread floor,b3_floor_b1,130,0.493837,0.0125385,720,0.929167,0.527908,0.0133875
b1,1,3,b3,+ the relative spread floor,b3_floor_b1,131,0.493726,0.0125506,720,0.929167,0.528218,0.0133859
b1,1,3,b3,+ the relative spread floor,b3_floor_b1,132,0.494441,0.0125349,720,0.930556,0.528626,0.0133727
b1,1,3,b3,+ the relative spread floor,b3_floor_b1,133,0.494333,0.0125347,720,0.931944,0.529066,0.0133631
b1,1,3,b3,+ the relative spread floor,b3_floor_b1,134,0.494631,0.0125127,720,0.933333,0.529519,0.0133595
b1,1,3,b3,+ the relative spread floor,b3_floor_b1,135,0.496381,0.0124965,720,0.9375,0.530228,0.0133382
b1,1,3,b3,+ the relative spread floor,b3_floor_b1,136,0.497958,0.0124909,720,0.940278,0.530864,0.0133292
b1,1,3,b3,+ the relative spread floor,b3_floor_b1,137,0.499061,0.0124099,720,0.943056,0.531404,0.013317
b1,1,3,b3,+ the relative spread floor,b3_floor_b1,138,0.498615,0.0124384,720,0.943056,0.531666,0.0133169
b1,1,3,b3,+ the relative spread floor,b3_floor_b1,139,0.497746,0.0124668,720,0.943056,0.531824,0.0133192
b1,1,3,b3,+ the relative spread floor,b3_floor_b1,140,0.497478,0.0124533,720,0.943056,0.53194,0.0133193
b1,1,3,b3,+ the relative spread floor,b3_floor_b1,141,0.498781,0.0124236,720,0.943056,0.532198,0.0133126
b1,1,3,b3,+ the relative spread floor,b3_floor_b1,142,0.500307,0.0124145,720,0.943056,0.532592,0.0133067
b1,1,3,b3,+ the relative spread floor,b3_floor_b1,143,0.499014,0.0124633,720,0.943056,0.532669,0.0133077
b1,1,3,b3,+ the relative spread floor,b3_floor_b1,144,0.498231,0.0125028,720,0.944444,0.533003,0.0133035
b1,1,3,b3,+ the relative spread floor,b3_floor_b1,145,0.498287,0.0125109,720,0.947222,0.533671,0.0132838
b1,1,3,b3,+ the relative spread floor,b3_floor_b1,146,0.499165,0.0125166,720,0.951389,0.534023,0.0132754
b1,1,3,b3,+ the relative spread floor,b3_floor_b1,147,0.499297,0.0124811,720,0.951389,0.534178,0.0132763
b1,1,3,b3,+ the relative spread floor,b3_floor_b1,148,0.499946,0.0124978,720,0.951389,0.534513,0.0132668
b1,1,3,b3,+ the relative spread floor,b3_floor_b1,149,0.501026,0.0124578,720,0.951389,0.534473,0.0132682
b1,1,3,b3,+ the relative spread floor,b3_floor_b1,150,0.500241,0.0124945,720,0.951389,0.534463,0.0132698
b1,1,4,b4,+ the weak-separation check,b4_check_b1,0,0.0229324,0.000324973,720,0,0.417756,0.0133893
b1,1,4,b4,+ the weak-separation check,b4_check_b1,1,0.0229324,0.000324973,720,0,0.417756,0.0133893
b1,1,4,b4,+ the weak-separation check,b4_check_b1,2,0.0229324,0.000324973,720,0,0.417756,0.0133893
b1,1,4,b4,+ the weak-separation check,b4_check_b1,3,0.0229324,0.000324973,720,0,0.417756,0.0133893
b1,1,4,b4,+ the weak-separation check,b4_check_b1,4,0.0229324,0.000324973,720,0,0.417756,0.0133893
b1,1,4,b4,+ the weak-separation check,b4_check_b1,5,0.0229324,0.000324973,720,0,0.417756,0.0133893
b1,1,4,b4,+ the weak-separation check,b4_check_b1,6,0.0229324,0.000324973,720,0,0.417756,0.0133893
b1,1,4,b4,+ the weak-separation check,b4_check_b1,7,0.0229324,0.000324973,720,0,0.417756,0.0133893
b1,1,4,b4,+ the weak-separation check,b4_check_b1,8,0.0229324,0.000324973,720,0,0.417756,0.0133893
b1,1,4,b4,+ the weak-separation check,b4_check_b1,9,0.0229324,0.000324973,720,0,0.417756,0.0133893
b1,1,4,b4,+ the weak-separation check,b4_check_b1,10,0.0229324,0.000324973,720,0,0.417756,0.0133893
b1,1,4,b4,+ the weak-separation check,b4_check_b1,11,0.0229324,0.000324973,720,0,0.417756,0.0133893
b1,1,4,b4,+ the weak-separation check,b4_check_b1,12,0.0229324,0.000324973,720,0,0.417756,0.0133893
b1,1,4,b4,+ the weak-separation check,b4_check_b1,13,0.0229324,0.000324973,720,0,0.417756,0.0133893
b1,1,4,b4,+ the weak-separation check,b4_check_b1,14,0.0229324,0.000324973,720,0,0.417756,0.0133893
b1,1,4,b4,+ the weak-separation check,b4_check_b1,15,0.0229324,0.000324973,720,0,0.417756,0.0133893
b1,1,4,b4,+ the weak-separation check,b4_check_b1,16,0.0229324,0.000324973,720,0,0.417756,0.0133893
b1,1,4,b4,+ the weak-separation check,b4_check_b1,17,0.0229324,0.000324973,720,0,0.417756,0.0133893
b1,1,4,b4,+ the weak-separation check,b4_check_b1,18,0.0229324,0.000324973,720,0,0.417756,0.0133893
b1,1,4,b4,+ the weak-separation check,b4_check_b1,19,0.0229324,0.000324973,720,0,0.417756,0.0133893
b1,1,4,b4,+ the weak-separation check,b4_check_b1,20,0.0229324,0.000324973,720,0,0.417756,0.0133893
b1,1,4,b4,+ the weak-separation check,b4_check_b1,21,0.0229324,0.000324973,720,0,0.417756,0.0133893
b1,1,4,b4,+ the weak-separation check,b4_check_b1,22,0.0229324,0.000324973,720,0,0.417756,0.0133893
b1,1,4,b4,+ the weak-separation check,b4_check_b1,23,0.0229491,0.00032615,720,0.00138889,0.417688,0.0133919
b1,1,4,b4,+ the weak-separation check,b4_check_b1,24,0.19452,0.0113541,720,0.277778,0.397433,0.0126832
b1,1,4,b4,+ the weak-separation check,b4_check_b1,25,0.246188,0.012186,720,0.365278,0.393206,0.012629
b1,1,4,b4,+ the weak-separation check,b4_check_b1,26,0.261179,0.0122812,720,0.394444,0.394586,0.0127372
b1,1,4,b4,+ the weak-separation check,b4_check_b1,27,0.274644,0.0124897,720,0.416667,0.397677,0.0128911
b1,1,4,b4,+ the weak-separation check,b4_check_b1,28,0.293349,0.0127445,720,0.434722,0.402307,0.0130096
b1,1,4,b4,+ the weak-separation check,b4_check_b1,29,0.305738,0.0129329,720,0.455556,0.404519,0.0131176
b1,1,4,b4,+ the weak-separation check,b4_check_b1,30,0.318133,0.0130325,720,0.469444,0.407896,0.0132471
b1,1,4,b4,+ the weak-separation check,b4_check_b1,31,0.325941,0.0131338,720,0.477778,0.411806,0.0133505
b1,1,4,b4,+ the weak-separation check,b4_check_b1,32,0.32635,0.0130827,720,0.483333,0.415468,0.0134383
b1,1,4,b4,+ the weak-separation check,b4_check_b1,33,0.329831,0.0131048,720,0.488889,0.418727,0.0135049
b1,1,4,b4,+ the weak-separation check,b4_check_b1,34,0.337725,0.0132548,720,0.498611,0.42203,0.013614
b1,1,4,b4,+ the weak-separation check,b4_check_b1,35,0.34103,0.0132679,720,0.506944,0.42437,0.01367
b1,1,4,b4,+ the weak-separation check,b4_check_b1,36,0.349485,0.0133765,720,0.518056,0.425697,0.0136922
b1,1,4,b4,+ the weak-separation check,b4_check_b1,37,0.35475,0.0134413,720,0.526389,0.428504,0.0137497
b1,1,4,b4,+ the weak-separation check,b4_check_b1,38,0.358414,0.0134638,720,0.534722,0.43078,0.0137893
b1,1,4,b4,+ the weak-separation check,b4_check_b1,39,0.360979,0.0134365,720,0.545833,0.433545,0.0138005
b1,1,4,b4,+ the weak-separation check,b4_check_b1,40,0.36914,0.0135066,720,0.558333,0.436598,0.0138645
b1,1,4,b4,+ the weak-separation check,b4_check_b1,41,0.374082,0.0135904,720,0.563889,0.437958,0.0138965
b1,1,4,b4,+ the weak-separation check,b4_check_b1,42,0.374575,0.0135456,720,0.570833,0.439226,0.0139285
b1,1,4,b4,+ the weak-separation check,b4_check_b1,43,0.379333,0.0135747,720,0.580556,0.440161,0.0139611
b1,1,4,b4,+ the weak-separation check,b4_check_b1,44,0.383977,0.0136096,720,0.590278,0.442618,0.013985
b1,1,4,b4,+ the weak-separation check,b4_check_b1,45,0.386625,0.0136161,720,0.601389,0.443798,0.013998
b1,1,4,b4,+ the weak-separation check,b4_check_b1,46,0.390623,0.0136145,720,0.605556,0.445753,0.0140064
b1,1,4,b4,+ the weak-separation check,b4_check_b1,47,0.391411,0.0135679,720,0.619444,0.44559,0.0140586
b1,1,4,b4,+ the weak-separation check,b4_check_b1,48,0.392582,0.0135698,720,0.622222,0.447117,0.0140633
b1,1,4,b4,+ the weak-separation check,b4_check_b1,49,0.393656,0.0135018,720,0.627778,0.448396,0.0140373
b1,1,4,b4,+ the weak-separation check,b4_check_b1,50,0.395474,0.0135082,720,0.627778,0.449726,0.0140353
b1,1,4,b4,+ the weak-separation check,b4_check_b1,51,0.396749,0.0135139,720,0.630556,0.451809,0.0140364
b1,1,4,b4,+ the weak-separation check,b4_check_b1,52,0.398206,0.0135239,720,0.634722,0.453574,0.0140416
b1,1,4,b4,+ the weak-separation check,b4_check_b1,53,0.400044,0.0134699,720,0.648611,0.454675,0.0140297
b1,1,4,b4,+ the weak-separation check,b4_check_b1,54,0.401866,0.0134615,720,0.655556,0.455658,0.0140427
b1,1,4,b4,+ the weak-separation check,b4_check_b1,55,0.404943,0.0134923,720,0.663889,0.45709,0.0140563
b1,1,4,b4,+ the weak-separation check,b4_check_b1,56,0.405686,0.013426,720,0.672222,0.458484,0.0140651
b1,1,4,b4,+ the weak-separation check,b4_check_b1,57,0.408488,0.0134467,720,0.677778,0.46036,0.0140467
b1,1,4,b4,+ the weak-separation check,b4_check_b1,58,0.411225,0.0134305,720,0.684722,0.462385,0.0140114
b1,1,4,b4,+ the weak-separation check,b4_check_b1,59,0.414405,0.0133756,720,0.7,0.466302,0.0139987
b1,1,4,b4,+ the weak-separation check,b4_check_b1,60,0.417559,0.0133286,720,0.708333,0.468378,0.0139953
b1,1,4,b4,+ the weak-separation check,b4_check_b1,61,0.420077,0.0132907,720,0.7125,0.469904,0.0139874
b1,1,4,b4,+ the weak-separation check,b4_check_b1,62,0.421026,0.013313,720,0.722222,0.471151,0.0139848
b1,1,4,b4,+ the weak-separation check,b4_check_b1,63,0.42215,0.0132534,720,0.726389,0.472054,0.013976
b1,1,4,b4,+ the weak-separation check,b4_check_b1,64,0.42152,0.0132576,720,0.731944,0.473411,0.013972
b1,1,4,b4,+ the weak-separation check,b4_check_b1,65,0.424257,0.0131864,720,0.738889,0.475524,0.0139622
b1,1,4,b4,+ the weak-separation check,b4_check_b1,66,0.425301,0.0131443,720,0.747222,0.477311,0.0139492
b1,1,4,b4,+ the weak-separation check,b4_check_b1,67,0.426396,0.013097,720,0.754167,0.478456,0.0139388
b1,1,4,b4,+ the weak-separation check,b4_check_b1,68,0.427391,0.0130821,720,0.756944,0.479567,0.0139206
b1,1,4,b4,+ the weak-separation check,b4_check_b1,69,0.429224,0.0130657,720,0.759722,0.480726,0.0139141
b1,1,4,b4,+ the weak-separation check,b4_check_b1,70,0.431193,0.013054,720,0.766667,0.481593,0.0139298
b1,1,4,b4,+ the weak-separation check,b4_check_b1,71,0.431384,0.013034,720,0.770833,0.483121,0.0139138
b1,1,4,b4,+ the weak-separation check,b4_check_b1,72,0.43398,0.0130115,720,0.776389,0.484281,0.0139013
b1,1,4,b4,+ the weak-separation check,b4_check_b1,73,0.434236,0.0129424,720,0.780556,0.485548,0.0138937
b1,1,4,b4,+ the weak-separation check,b4_check_b1,74,0.437467,0.0129902,720,0.783333,0.486844,0.0139031
b1,1,4,b4,+ the weak-separation check,b4_check_b1,75,0.440212,0.0130461,720,0.790278,0.48783,0.0138888
b1,1,4,b4,+ the weak-separation check,b4_check_b1,76,0.441398,0.01305,720,0.793056,0.488723,0.0138765
b1,1,4,b4,+ the weak-separation check,b4_check_b1,77,0.4441,0.0130168,720,0.801389,0.490341,0.0138682
b1,1,4,b4,+ the weak-separation check,b4_check_b1,78,0.447477,0.0130171,720,0.809722,0.491549,0.0138399
b1,1,4,b4,+ the weak-separation check,b4_check_b1,79,0.447387,0.0129316,720,0.818056,0.492722,0.0138274
b1,1,4,b4,+ the weak-separation check,b4_check_b1,80,0.450868,0.0129691,720,0.820833,0.494828,0.0138123
b1,1,4,b4,+ the weak-separation check,b4_check_b1,81,0.454883,0.012922,720,0.826389,0.496354,0.0137886
b1,1,4,b4,+ the weak-separation check,b4_check_b1,82,0.457677,0.0129099,720,0.831944,0.497752,0.0137651
b1,1,4,b4,+ the weak-separation check,b4_check_b1,83,0.459611,0.0128789,720,0.8375,0.499101,0.0137482
b1,1,4,b4,+ the weak-separation check,b4_check_b1,84,0.46323,0.0128992,720,0.841667,0.500571,0.0137333
b1,1,4,b4,+ the weak-separation check,b4_check_b1,85,0.464163,0.0128955,720,0.844444,0.501684,0.013725
b1,1,4,b4,+ the weak-separation check,b4_check_b1,86,0.464491,0.0128631,720,0.844444,0.503078,0.0137058
b1,1,4,b4,+ the weak-separation check,b4_check_b1,87,0.466908,0.0127971,720,0.85,0.504139,0.013695
b1,1,4,b4,+ the weak-separation check,b4_check_b1,88,0.469178,0.0127257,720,0.858333,0.505049,0.0136725
b1,1,4,b4,+ the weak-separation check,b4_check_b1,89,0.469801,0.0127383,720,0.8625,0.506073,0.0136608
b1,1,4,b4,+ the weak-separation check,b4_check_b1,90,0.472235,0.0126977,720,0.866667,0.507394,0.0136441
b1,1,4,b4,+ the weak-separation check,b4_check_b1,91,0.471973,0.0126857,720,0.870833,0.508469,0.0136408
b1,1,4,b4,+ the weak-separation check,b4_check_b1,92,0.473904,0.0127058,720,0.870833,0.509638,0.0136253
b1,1,4,b4,+ the weak-separation check,b4_check_b1,93,0.476455,0.0126479,720,0.872222,0.510173,0.013622
b1,1,4,b4,+ the weak-separation check,b4_check_b1,94,0.477168,0.0126494,720,0.876389,0.510854,0.0136139
b1,1,4,b4,+ the weak-separation check,b4_check_b1,95,0.477562,0.0126472,720,0.880556,0.511847,0.0135928
b1,1,4,b4,+ the weak-separation check,b4_check_b1,96,0.479207,0.0126187,720,0.884722,0.512798,0.0135687
b1,1,4,b4,+ the weak-separation check,b4_check_b1,97,0.481774,0.0125724,720,0.886111,0.514554,0.0135379
b1,1,4,b4,+ the weak-separation check,b4_check_b1,98,0.481731,0.0125455,720,0.890278,0.515595,0.0135148
b1,1,4,b4,+ the weak-separation check,b4_check_b1,99,0.485219,0.0125066,720,0.893056,0.516421,0.0135075
b1,1,4,b4,+ the weak-separation check,b4_check_b1,100,0.486079,0.0125122,720,0.894444,0.516865,0.0135048
b1,1,4,b4,+ the weak-separation check,b4_check_b1,101,0.486266,0.0124856,720,0.894444,0.517325,0.0134939
b1,1,4,b4,+ the weak-separation check,b4_check_b1,102,0.487112,0.0124752,720,0.894444,0.518068,0.0134741
b1,1,4,b4,+ the weak-separation check,b4_check_b1,103,0.48795,0.0124463,720,0.894444,0.518888,0.0134607
b1,1,4,b4,+ the weak-separation check,b4_check_b1,104,0.489433,0.012458,720,0.897222,0.520045,0.0134469
b1,1,4,b4,+ the weak-separation check,b4_check_b1,105,0.489996,0.0124224,720,0.9,0.520781,0.0134367
b1,1,4,b4,+ the weak-separation check,b4_check_b1,106,0.490072,0.0124235,720,0.901389,0.521391,0.0134272
b1,1,4,b4,+ the weak-separation check,b4_check_b1,107,0.491734,0.0124489,720,0.905556,0.522222,0.0134242
b1,1,4,b4,+ the weak-separation check,b4_check_b1,108,0.491609,0.0124043,720,0.906944,0.522928,0.0134073
b1,1,4,b4,+ the weak-separation check,b4_check_b1,109,0.492269,0.0124127,720,0.909722,0.524301,0.0133681
b1,1,4,b4,+ the weak-separation check,b4_check_b1,110,0.493686,0.0123937,720,0.909722,0.524968,0.0133555
b1,1,4,b4,+ the weak-separation check,b4_check_b1,111,0.493715,0.0123952,720,0.9125,0.52536,0.0133544
b1,1,4,b4,+ the weak-separation check,b4_check_b1,112,0.496067,0.0123733,720,0.9125,0.526269,0.0133411
b1,1,4,b4,+ the weak-separation check,b4_check_b1,113,0.497615,0.0123808,720,0.918056,0.527098,0.013336
b1,1,4,b4,+ the weak-separation check,b4_check_b1,114,0.497885,0.0123937,720,0.919444,0.527727,0.0133252
b1,1,4,b4,+ the weak-separation check,b4_check_b1,115,0.499305,0.0123504,720,0.920833,0.528188,0.0133173
b1,1,4,b4,+ the weak-separation check,b4_check_b1,116,0.499306,0.0123664,720,0.920833,0.528472,0.0133128
b1,1,4,b4,+ the weak-separation check,b4_check_b1,117,0.500459,0.0123492,720,0.922222,0.529069,0.0133028
b1,1,4,b4,+ the weak-separation check,b4_check_b1,118,0.500008,0.012301,720,0.925,0.529465,0.0132933
b1,1,4,b4,+ the weak-separation check,b4_check_b1,119,0.501573,0.0123131,720,0.925,0.529973,0.0132958
b1,1,4,b4,+ the weak-separation check,b4_check_b1,120,0.502136,0.0123093,720,0.925,0.530354,0.013293
b1,1,4,b4,+ the weak-separation check,b4_check_b1,121,0.503011,0.0122976,720,0.926389,0.530817,0.0132926
b1,1,4,b4,+ the weak-separation check,b4_check_b1,122,0.503425,0.0122537,720,0.926389,0.530958,0.0132944
b1,1,4,b4,+ the weak-separation check,b4_check_b1,123,0.503693,0.0122784,720,0.926389,0.531579,0.0132806
b1,1,4,b4,+ the weak-separation check,b4_check_b1,124,0.503478,0.0122858,720,0.926389,0.531982,0.0132854
b1,1,4,b4,+ the weak-separation check,b4_check_b1,125,0.505322,0.0122472,720,0.926389,0.531967,0.0132876
b1,1,4,b4,+ the weak-separation check,b4_check_b1,126,0.504893,0.0122546,720,0.926389,0.532128,0.0132898
b1,1,4,b4,+ the weak-separation check,b4_check_b1,127,0.504939,0.0122325,720,0.926389,0.532468,0.0132841
b1,1,4,b4,+ the weak-separation check,b4_check_b1,128,0.506133,0.0122017,720,0.927778,0.532619,0.0132762
b1,1,4,b4,+ the weak-separation check,b4_check_b1,129,0.507054,0.012199,720,0.929167,0.533003,0.0132678
b1,1,4,b4,+ the weak-separation check,b4_check_b1,130,0.506621,0.0121997,720,0.929167,0.533691,0.0132591
b1,1,4,b4,+ the weak-separation check,b4_check_b1,131,0.506102,0.0122156,720,0.929167,0.53386,0.0132598
b1,1,4,b4,+ the weak-separation check,b4_check_b1,132,0.507251,0.0121897,720,0.930556,0.534463,0.0132427
b1,1,4,b4,+ the weak-separation check,b4_check_b1,133,0.507631,0.0122019,720,0.931944,0.534832,0.0132308
b1,1,4,b4,+ the weak-separation check,b4_check_b1,134,0.507784,0.0121654,720,0.933333,0.535064,0.0132199
b1,1,4,b4,+ the weak-separation check,b4_check_b1,135,0.50947,0.0121528,720,0.9375,0.535765,0.0131945
b1,1,4,b4,+ the weak-separation check,b4_check_b1,136,0.511271,0.0121229,720,0.940278,0.536674,0.013181
b1,1,4,b4,+ the weak-separation check,b4_check_b1,137,0.511102,0.0120857,720,0.943056,0.537287,0.0131626
b1,1,4,b4,+ the weak-separation check,b4_check_b1,138,0.510628,0.0121177,720,0.943056,0.537525,0.0131626
b1,1,4,b4,+ the weak-separation check,b4_check_b1,139,0.510618,0.0120948,720,0.943056,0.537697,0.0131623
b1,1,4,b4,+ the weak-separation check,b4_check_b1,140,0.510187,0.0121045,720,0.943056,0.538204,0.0131552
b1,1,4,b4,+ the weak-separation check,b4_check_b1,141,0.511933,0.0120781,720,0.943056,0.538375,0.0131492
b1,1,4,b4,+ the weak-separation check,b4_check_b1,142,0.512309,0.0120962,720,0.943056,0.538359,0.013156
b1,1,4,b4,+ the weak-separation check,b4_check_b1,143,0.513105,0.0120671,720,0.943056,0.5387,0.0131535
b1,1,4,b4,+ the weak-separation check,b4_check_b1,144,0.514095,0.0120745,720,0.944444,0.539132,0.0131469
b1,1,4,b4,+ the weak-separation check,b4_check_b1,145,0.513356,0.0120995,720,0.947222,0.539521,0.0131367
b1,1,4,b4,+ the weak-separation check,b4_check_b1,146,0.513714,0.0120824,720,0.951389,0.53959,0.0131347
b1,1,4,b4,+ the weak-separation check,b4_check_b1,147,0.513515,0.0120936,720,0.951389,0.539513,0.0131377
b1,1,4,b4,+ the weak-separation check,b4_check_b1,148,0.513352,0.0120863,720,0.951389,0.539954,0.0131266
b1,1,4,b4,+ the weak-separation check,b4_check_b1,149,0.513639,0.0121163,720,0.951389,0.540222,0.013127
b1,1,4,b4,+ the weak-separation check,b4_check_b1,150,0.513146,0.0121271,720,0.951389,0.540264,0.013126
b1,1,5,b5,+ even-odds asking (today's sessions),b5_app_b1,0,0.0229324,0.000324973,720,0,0.417756,0.0133893
b1,1,5,b5,+ even-odds asking (today's sessions),b5_app_b1,1,0.0229324,0.000324973,720,0,0.417756,0.0133893
b1,1,5,b5,+ even-odds asking (today's sessions),b5_app_b1,2,0.0229324,0.000324973,720,0,0.417756,0.0133893
b1,1,5,b5,+ even-odds asking (today's sessions),b5_app_b1,3,0.0229324,0.000324973,720,0,0.417756,0.0133893
b1,1,5,b5,+ even-odds asking (today's sessions),b5_app_b1,4,0.0229324,0.000324973,720,0,0.417756,0.0133893
b1,1,5,b5,+ even-odds asking (today's sessions),b5_app_b1,5,0.0229324,0.000324973,720,0,0.417756,0.0133893
b1,1,5,b5,+ even-odds asking (today's sessions),b5_app_b1,6,0.0229324,0.000324973,720,0,0.417756,0.0133893
b1,1,5,b5,+ even-odds asking (today's sessions),b5_app_b1,7,0.0229324,0.000324973,720,0,0.417756,0.0133893
b1,1,5,b5,+ even-odds asking (today's sessions),b5_app_b1,8,0.0229324,0.000324973,720,0,0.417756,0.0133893
b1,1,5,b5,+ even-odds asking (today's sessions),b5_app_b1,9,0.0229324,0.000324973,720,0,0.417756,0.0133893
b1,1,5,b5,+ even-odds asking (today's sessions),b5_app_b1,10,0.0229324,0.000324973,720,0,0.417756,0.0133893
b1,1,5,b5,+ even-odds asking (today's sessions),b5_app_b1,11,0.0229324,0.000324973,720,0,0.417756,0.0133893
b1,1,5,b5,+ even-odds asking (today's sessions),b5_app_b1,12,0.0229324,0.000324973,720,0,0.417756,0.0133893
b1,1,5,b5,+ even-odds asking (today's sessions),b5_app_b1,13,0.0229324,0.000324973,720,0,0.417756,0.0133893
b1,1,5,b5,+ even-odds asking (today's sessions),b5_app_b1,14,0.0229324,0.000324973,720,0,0.417756,0.0133893
b1,1,5,b5,+ even-odds asking (today's sessions),b5_app_b1,15,0.0229324,0.000324973,720,0,0.417756,0.0133893
b1,1,5,b5,+ even-odds asking (today's sessions),b5_app_b1,16,0.0229324,0.000324973,720,0,0.417756,0.0133893
b1,1,5,b5,+ even-odds asking (today's sessions),b5_app_b1,17,0.0229324,0.000324973,720,0,0.417756,0.0133893
b1,1,5,b5,+ even-odds asking (today's sessions),b5_app_b1,18,0.0229324,0.000324973,720,0,0.417756,0.0133893
b1,1,5,b5,+ even-odds asking (today's sessions),b5_app_b1,19,0.0229324,0.000324973,720,0,0.417756,0.0133893
b1,1,5,b5,+ even-odds asking (today's sessions),b5_app_b1,20,0.0229324,0.000324973,720,0,0.417756,0.0133893
b1,1,5,b5,+ even-odds asking (today's sessions),b5_app_b1,21,0.0229324,0.000324973,720,0,0.417756,0.0133893
b1,1,5,b5,+ even-odds asking (today's sessions),b5_app_b1,22,0.0229324,0.000324973,720,0,0.417756,0.0133893
b1,1,5,b5,+ even-odds asking (today's sessions),b5_app_b1,23,0.0229491,0.00032615,720,0.00138889,0.417688,0.0133919
b1,1,5,b5,+ even-odds asking (today's sessions),b5_app_b1,24,0.194604,0.0113527,720,0.277778,0.39743,0.0126834
b1,1,5,b5,+ even-odds asking (today's sessions),b5_app_b1,25,0.248665,0.0123464,720,0.365278,0.395223,0.0127119
b1,1,5,b5,+ even-odds asking (today's sessions),b5_app_b1,26,0.265341,0.0125545,720,0.394444,0.397883,0.0128591
b1,1,5,b5,+ even-odds asking (today's sessions),b5_app_b1,27,0.284134,0.0128768,720,0.416667,0.399973,0.0129846
b1,1,5,b5,+ even-odds asking (today's sessions),b5_app_b1,28,0.299387,0.0130882,720,0.434722,0.404964,0.0131304
b1,1,5,b5,+ even-odds asking (today's sessions),b5_app_b1,29,0.309379,0.0131515,720,0.455556,0.408507,0.0132673
b1,1,5,b5,+ even-odds asking (today's sessions),b5_app_b1,30,0.318527,0.013183,720,0.469444,0.410136,0.0133473
b1,1,5,b5,+ even-odds asking (today's sessions),b5_app_b1,31,0.323848,0.0131634,720,0.477778,0.412818,0.0134393
b1,1,5,b5,+ even-odds asking (today's sessions),b5_app_b1,32,0.324481,0.0131387,720,0.483333,0.414557,0.0134764
b1,1,5,b5,+ even-odds asking (today's sessions),b5_app_b1,33,0.328609,0.013201,720,0.488889,0.418349,0.013554
b1,1,5,b5,+ even-odds asking (today's sessions),b5_app_b1,34,0.327837,0.0130068,720,0.498611,0.420683,0.0136264
b1,1,5,b5,+ even-odds asking (today's sessions),b5_app_b1,35,0.329484,0.0129802,720,0.506944,0.422198,0.0136711
b1,1,5,b5,+ even-odds asking (today's sessions),b5_app_b1,36,0.341941,0.0131931,720,0.518056,0.423786,0.0136862
b1,1,5,b5,+ even-odds asking (today's sessions),b5_app_b1,37,0.351662,0.0133644,720,0.526389,0.426454,0.0137214
b1,1,5,b5,+ even-odds asking (today's sessions),b5_app_b1,38,0.355322,0.0134348,720,0.534722,0.427662,0.0137524
b1,1,5,b5,+ even-odds asking (today's sessions),b5_app_b1,39,0.359707,0.0134806,720,0.545833,0.43126,0.0137923
b1,1,5,b5,+ even-odds asking (today's sessions),b5_app_b1,40,0.364126,0.0134719,720,0.558333,0.435386,0.0138572
b1,1,5,b5,+ even-odds asking (today's sessions),b5_app_b1,41,0.369152,0.0134681,720,0.563889,0.437707,0.0139001
b1,1,5,b5,+ even-odds asking (today's sessions),b5_app_b1,42,0.371176,0.013429,720,0.570833,0.439647,0.0139309
b1,1,5,b5,+ even-odds asking (today's sessions),b5_app_b1,43,0.375752,0.0134876,720,0.580556,0.440582,0.0139813
b1,1,5,b5,+ even-odds asking (today's sessions),b5_app_b1,44,0.37922,0.0135012,720,0.590278,0.442314,0.0139814
b1,1,5,b5,+ even-odds asking (today's sessions),b5_app_b1,45,0.382341,0.0134843,720,0.601389,0.443977,0.0140038
b1,1,5,b5,+ even-odds asking (today's sessions),b5_app_b1,46,0.384523,0.013449,720,0.605556,0.446457,0.0140127
b1,1,5,b5,+ even-odds asking (today's sessions),b5_app_b1,47,0.389442,0.0135118,720,0.619444,0.446057,0.0140704
b1,1,5,b5,+ even-odds asking (today's sessions),b5_app_b1,48,0.390605,0.013513,720,0.622222,0.447328,0.0140811
b1,1,5,b5,+ even-odds asking (today's sessions),b5_app_b1,49,0.392122,0.0134944,720,0.627778,0.449815,0.0140915
b1,1,5,b5,+ even-odds asking (today's sessions),b5_app_b1,50,0.39555,0.013559,720,0.627778,0.451632,0.0141178
b1,1,5,b5,+ even-odds asking (today's sessions),b5_app_b1,51,0.397842,0.0135696,720,0.630556,0.454225,0.0141511
b1,1,5,b5,+ even-odds asking (today's sessions),b5_app_b1,52,0.398978,0.0135552,720,0.634722,0.456186,0.0141744
b1,1,5,b5,+ even-odds asking (today's sessions),b5_app_b1,53,0.400564,0.0135062,720,0.648611,0.457509,0.0141757
b1,1,5,b5,+ even-odds asking (today's sessions),b5_app_b1,54,0.400801,0.0134636,720,0.655556,0.459111,0.014202
b1,1,5,b5,+ even-odds asking (today's sessions),b5_app_b1,55,0.404099,0.0135517,720,0.663889,0.460129,0.0142023
b1,1,5,b5,+ even-odds asking (today's sessions),b5_app_b1,56,0.405756,0.0135747,720,0.672222,0.461164,0.0142082
b1,1,5,b5,+ even-odds asking (today's sessions),b5_app_b1,57,0.407133,0.0135798,720,0.677778,0.463222,0.0142091
b1,1,5,b5,+ even-odds asking (today's sessions),b5_app_b1,58,0.409325,0.0135237,720,0.684722,0.465405,0.0141778
b1,1,5,b5,+ even-odds asking (today's sessions),b5_app_b1,59,0.415024,0.0134798,720,0.7,0.469306,0.0141334
b1,1,5,b5,+ even-odds asking (today's sessions),b5_app_b1,60,0.418886,0.013416,720,0.708333,0.471671,0.0141313
b1,1,5,b5,+ even-odds asking (today's sessions),b5_app_b1,61,0.4206,0.0133837,720,0.7125,0.473391,0.0141375
b1,1,5,b5,+ even-odds asking (today's sessions),b5_app_b1,62,0.421694,0.013374,720,0.722222,0.474948,0.0141348
b1,1,5,b5,+ even-odds asking (today's sessions),b5_app_b1,63,0.419638,0.0132315,720,0.726389,0.47579,0.0141482
b1,1,5,b5,+ even-odds asking (today's sessions),b5_app_b1,64,0.422882,0.0132129,720,0.731944,0.477906,0.0141426
b1,1,5,b5,+ even-odds asking (today's sessions),b5_app_b1,65,0.424683,0.0131801,720,0.738889,0.479768,0.0141297
b1,1,5,b5,+ even-odds asking (today's sessions),b5_app_b1,66,0.424974,0.013103,720,0.747222,0.481913,0.0141101
b1,1,5,b5,+ even-odds asking (today's sessions),b5_app_b1,67,0.426932,0.0130369,720,0.754167,0.483573,0.0140956
b1,1,5,b5,+ even-odds asking (today's sessions),b5_app_b1,68,0.425894,0.0130373,720,0.756944,0.484834,0.0140848
b1,1,5,b5,+ even-odds asking (today's sessions),b5_app_b1,69,0.422509,0.0129374,720,0.759722,0.486102,0.0140811
b1,1,5,b5,+ even-odds asking (today's sessions),b5_app_b1,70,0.424764,0.0128528,720,0.766667,0.486605,0.0140857
b1,1,5,b5,+ even-odds asking (today's sessions),b5_app_b1,71,0.426336,0.0128868,720,0.770833,0.488003,0.0140644
b1,1,5,b5,+ even-odds asking (today's sessions),b5_app_b1,72,0.42735,0.012916,720,0.776389,0.489227,0.014056
b1,1,5,b5,+ even-odds asking (today's sessions),b5_app_b1,73,0.432595,0.0129686,720,0.780556,0.490318,0.0140484
b1,1,5,b5,+ even-odds asking (today's sessions),b5_app_b1,74,0.43573,0.0130078,720,0.783333,0.491469,0.014045
b1,1,5,b5,+ even-odds asking (today's sessions),b5_app_b1,75,0.440829,0.0130251,720,0.790278,0.492851,0.0140217
b1,1,5,b5,+ even-odds asking (today's sessions),b5_app_b1,76,0.444064,0.0129969,720,0.793056,0.494307,0.0140055
b1,1,5,b5,+ even-odds asking (today's sessions),b5_app_b1,77,0.448339,0.0130394,720,0.801389,0.495294,0.0139994
b1,1,5,b5,+ even-odds asking (today's sessions),b5_app_b1,78,0.449649,0.0129844,720,0.809722,0.496343,0.0139921
b1,1,5,b5,+ even-odds asking (today's sessions),b5_app_b1,79,0.45255,0.0129869,720,0.818056,0.498135,0.0139803
b1,1,5,b5,+ even-odds asking (today's sessions),b5_app_b1,80,0.454531,0.0129965,720,0.820833,0.499533,0.0139799
b1,1,5,b5,+ even-odds asking (today's sessions),b5_app_b1,81,0.45614,0.0129993,720,0.826389,0.501797,0.0139537
b1,1,5,b5,+ even-odds asking (today's sessions),b5_app_b1,82,0.458427,0.0129366,720,0.831944,0.503618,0.0139376
b1,1,5,b5,+ even-odds asking (today's sessions),b5_app_b1,83,0.456719,0.0128278,720,0.8375,0.50506,0.0139247
b1,1,5,b5,+ even-odds asking (today's sessions),b5_app_b1,84,0.45915,0.0128395,720,0.841667,0.506455,0.0139061
b1,1,5,b5,+ even-odds asking (today's sessions),b5_app_b1,85,0.462222,0.0128677,720,0.844444,0.507671,0.0138886
b1,1,5,b5,+ even-odds asking (today's sessions),b5_app_b1,86,0.464322,0.0128372,720,0.844444,0.509092,0.0138856
b1,1,5,b5,+ even-odds asking (today's sessions),b5_app_b1,87,0.467742,0.0128316,720,0.85,0.510827,0.0138559
b1,1,5,b5,+ even-odds asking (today's sessions),b5_app_b1,88,0.469612,0.0127793,720,0.858333,0.512017,0.0138528
b1,1,5,b5,+ even-odds asking (today's sessions),b5_app_b1,89,0.471135,0.0127248,720,0.8625,0.513549,0.0138441
b1,1,5,b5,+ even-odds asking (today's sessions),b5_app_b1,90,0.473383,0.0127198,720,0.866667,0.514684,0.0138359
b1,1,5,b5,+ even-odds asking (today's sessions),b5_app_b1,91,0.475119,0.012695,720,0.870833,0.51565,0.0138263
b1,1,5,b5,+ even-odds asking (today's sessions),b5_app_b1,92,0.477765,0.0126717,720,0.870833,0.51694,0.0138072
b1,1,5,b5,+ even-odds asking (today's sessions),b5_app_b1,93,0.478115,0.0126341,720,0.872222,0.517655,0.0137989
b1,1,5,b5,+ even-odds asking (today's sessions),b5_app_b1,94,0.480402,0.0126592,720,0.876389,0.518532,0.0137766
b1,1,5,b5,+ even-odds asking (today's sessions),b5_app_b1,95,0.483409,0.0126571,720,0.880556,0.519796,0.0137539
b1,1,5,b5,+ even-odds asking (today's sessions),b5_app_b1,96,0.484992,0.0126428,720,0.884722,0.521108,0.0137306
b1,1,5,b5,+ even-odds asking (today's sessions),b5_app_b1,97,0.487945,0.0126212,720,0.886111,0.522503,0.0137211
b1,1,5,b5,+ even-odds asking (today's sessions),b5_app_b1,98,0.489539,0.0125974,720,0.890278,0.523531,0.0136945
b1,1,5,b5,+ even-odds asking (today's sessions),b5_app_b1,99,0.491988,0.0125734,720,0.893056,0.524493,0.0136964
b1,1,5,b5,+ even-odds asking (today's sessions),b5_app_b1,100,0.491174,0.0126316,720,0.894444,0.525051,0.0137055
b1,1,5,b5,+ even-odds asking (today's sessions),b5_app_b1,101,0.493767,0.0125831,720,0.894444,0.525454,0.0136906
b1,1,5,b5,+ even-odds asking (today's sessions),b5_app_b1,102,0.493512,0.0126328,720,0.894444,0.526252,0.0136713
b1,1,5,b5,+ even-odds asking (today's sessions),b5_app_b1,103,0.49576,0.0125799,720,0.894444,0.527663,0.0136576
b1,1,5,b5,+ even-odds asking (today's sessions),b5_app_b1,104,0.49728,0.0125523,720,0.897222,0.52841,0.0136353
b1,1,5,b5,+ even-odds asking (today's sessions),b5_app_b1,105,0.497728,0.0125309,720,0.9,0.529378,0.0136156
b1,1,5,b5,+ even-odds asking (today's sessions),b5_app_b1,106,0.498885,0.0125008,720,0.901389,0.530207,0.0136099
b1,1,5,b5,+ even-odds asking (today's sessions),b5_app_b1,107,0.500635,0.0125023,720,0.905556,0.530798,0.0136042
b1,1,5,b5,+ even-odds asking (today's sessions),b5_app_b1,108,0.501574,0.0124789,720,0.906944,0.531839,0.0136012
b1,1,5,b5,+ even-odds asking (today's sessions),b5_app_b1,109,0.501562,0.0124781,720,0.909722,0.532973,0.0135799
b1,1,5,b5,+ even-odds asking (today's sessions),b5_app_b1,110,0.501865,0.0125035,720,0.909722,0.533624,0.0135692
b1,1,5,b5,+ even-odds asking (today's sessions),b5_app_b1,111,0.503076,0.0125152,720,0.9125,0.534314,0.0135598
b1,1,5,b5,+ even-odds asking (today's sessions),b5_app_b1,112,0.504166,0.0125167,720,0.9125,0.53537,0.0135491
b1,1,5,b5,+ even-odds asking (today's sessions),b5_app_b1,113,0.505091,0.0124996,720,0.918056,0.536466,0.013526
b1,1,5,b5,+ even-odds asking (today's sessions),b5_app_b1,114,0.505448,0.0124897,720,0.919444,0.536856,0.0135179
b1,1,5,b5,+ even-odds asking (today's sessions),b5_app_b1,115,0.506157,0.0124466,720,0.920833,0.537447,0.0134997
b1,1,5,b5,+ even-odds asking (today's sessions),b5_app_b1,116,0.506943,0.0124381,720,0.920833,0.537672,0.0134966
b1,1,5,b5,+ even-odds asking (today's sessions),b5_app_b1,117,0.508404,0.0123849,720,0.922222,0.538028,0.0134804
b1,1,5,b5,+ even-odds asking (today's sessions),b5_app_b1,118,0.508968,0.012371,720,0.925,0.538371,0.0134683
b1,1,5,b5,+ even-odds asking (today's sessions),b5_app_b1,119,0.510045,0.0123637,720,0.925,0.538885,0.0134669
b1,1,5,b5,+ even-odds asking (today's sessions),b5_app_b1,120,0.510901,0.0123494,720,0.925,0.539309,0.013459
b1,1,5,b5,+ even-odds asking (today's sessions),b5_app_b1,121,0.512812,0.0123377,720,0.926389,0.539875,0.0134467
b1,1,5,b5,+ even-odds asking (today's sessions),b5_app_b1,122,0.512984,0.0122896,720,0.926389,0.540068,0.0134391
b1,1,5,b5,+ even-odds asking (today's sessions),b5_app_b1,123,0.513699,0.0122942,720,0.926389,0.540547,0.0134366
b1,1,5,b5,+ even-odds asking (today's sessions),b5_app_b1,124,0.515149,0.0122982,720,0.926389,0.54107,0.0134238
b1,1,5,b5,+ even-odds asking (today's sessions),b5_app_b1,125,0.514986,0.012322,720,0.926389,0.541538,0.0134174
b1,1,5,b5,+ even-odds asking (today's sessions),b5_app_b1,126,0.514203,0.0123322,720,0.926389,0.541788,0.013418
b1,1,5,b5,+ even-odds asking (today's sessions),b5_app_b1,127,0.515527,0.0123005,720,0.926389,0.542137,0.0134148
b1,1,5,b5,+ even-odds asking (today's sessions),b5_app_b1,128,0.516387,0.0122642,720,0.927778,0.542187,0.0134084
b1,1,5,b5,+ even-odds asking (today's sessions),b5_app_b1,129,0.516323,0.0122347,720,0.929167,0.542807,0.0133898
b1,1,5,b5,+ even-odds asking (today's sessions),b5_app_b1,130,0.517593,0.0122108,720,0.929167,0.543193,0.013388
b1,1,5,b5,+ even-odds asking (today's sessions),b5_app_b1,131,0.51816,0.012201,720,0.929167,0.543751,0.013377
b1,1,5,b5,+ even-odds asking (today's sessions),b5_app_b1,132,0.518915,0.0121892,720,0.930556,0.544149,0.013362
b1,1,5,b5,+ even-odds asking (today's sessions),b5_app_b1,133,0.518647,0.0122227,720,0.931944,0.544987,0.0133464
b1,1,5,b5,+ even-odds asking (today's sessions),b5_app_b1,134,0.521027,0.0121958,720,0.933333,0.545409,0.0133381
b1,1,5,b5,+ even-odds asking (today's sessions),b5_app_b1,135,0.521986,0.0121244,720,0.9375,0.546159,0.0133153
b1,1,5,b5,+ even-odds asking (today's sessions),b5_app_b1,136,0.522041,0.0121359,720,0.940278,0.546333,0.0133112
b1,1,5,b5,+ even-odds asking (today's sessions),b5_app_b1,137,0.522702,0.0120926,720,0.943056,0.547284,0.013291
b1,1,5,b5,+ even-odds asking (today's sessions),b5_app_b1,138,0.522375,0.0121016,720,0.943056,0.547389,0.0132933
b1,1,5,b5,+ even-odds asking (today's sessions),b5_app_b1,139,0.522453,0.0121105,720,0.943056,0.54792,0.0132785
b1,1,5,b5,+ even-odds asking (today's sessions),b5_app_b1,140,0.522298,0.0121322,720,0.943056,0.548356,0.0132683
b1,1,5,b5,+ even-odds asking (today's sessions),b5_app_b1,141,0.521213,0.0121113,720,0.943056,0.548822,0.0132614
b1,1,5,b5,+ even-odds asking (today's sessions),b5_app_b1,142,0.521411,0.0121144,720,0.943056,0.549193,0.0132498
b1,1,5,b5,+ even-odds asking (today's sessions),b5_app_b1,143,0.521793,0.0121092,720,0.943056,0.549488,0.0132445
b1,1,5,b5,+ even-odds asking (today's sessions),b5_app_b1,144,0.522671,0.0121168,720,0.944444,0.549999,0.0132359
b1,1,5,b5,+ even-odds asking (today's sessions),b5_app_b1,145,0.523492,0.0121217,720,0.947222,0.550702,0.0132147
b1,1,5,b5,+ even-odds asking (today's sessions),b5_app_b1,146,0.525626,0.0120914,720,0.951389,0.550952,0.0132122
b1,1,5,b5,+ even-odds asking (today's sessions),b5_app_b1,147,0.526162,0.0120514,720,0.951389,0.550914,0.0132206
b1,1,5,b5,+ even-odds asking (today's sessions),b5_app_b1,148,0.526015,0.012064,720,0.951389,0.551475,0.0132061
b1,1,5,b5,+ even-odds asking (today's sessions),b5_app_b1,149,0.526259,0.0120659,720,0.951389,0.551692,0.0132006
b1,1,5,b5,+ even-odds asking (today's sessions),b5_app_b1,150,0.526354,0.0120739,720,0.951389,0.551821,0.0132024
b1,1,6,b6,+ the typed query's per-preset line (today's app),b5_app_b1,0,0.366739,0.011142,720,0,0.417756,0.0133893
b1,1,6,b6,+ the typed query's per-preset line (today's app),b5_app_b1,1,0.366739,0.011142,720,0,0.417756,0.0133893
b1,1,6,b6,+ the typed query's per-preset line (today's app),b5_app_b1,2,0.366739,0.011142,720,0,0.417756,0.0133893
b1,1,6,b6,+ the typed query's per-preset line (today's app),b5_app_b1,3,0.366739,0.011142,720,0,0.417756,0.0133893
b1,1,6,b6,+ the typed query's per-preset line (today's app),b5_app_b1,4,0.366739,0.011142,720,0,0.417756,0.0133893
b1,1,6,b6,+ the typed query's per-preset line (today's app),b5_app_b1,5,0.366739,0.011142,720,0,0.417756,0.0133893
b1,1,6,b6,+ the typed query's per-preset line (today's app),b5_app_b1,6,0.366739,0.011142,720,0,0.417756,0.0133893
b1,1,6,b6,+ the typed query's per-preset line (today's app),b5_app_b1,7,0.366739,0.011142,720,0,0.417756,0.0133893
b1,1,6,b6,+ the typed query's per-preset line (today's app),b5_app_b1,8,0.366739,0.011142,720,0,0.417756,0.0133893
b1,1,6,b6,+ the typed query's per-preset line (today's app),b5_app_b1,9,0.366739,0.011142,720,0,0.417756,0.0133893
b1,1,6,b6,+ the typed query's per-preset line (today's app),b5_app_b1,10,0.366739,0.011142,720,0,0.417756,0.0133893
b1,1,6,b6,+ the typed query's per-preset line (today's app),b5_app_b1,11,0.366739,0.011142,720,0,0.417756,0.0133893
b1,1,6,b6,+ the typed query's per-preset line (today's app),b5_app_b1,12,0.366739,0.011142,720,0,0.417756,0.0133893
b1,1,6,b6,+ the typed query's per-preset line (today's app),b5_app_b1,13,0.366739,0.011142,720,0,0.417756,0.0133893
b1,1,6,b6,+ the typed query's per-preset line (today's app),b5_app_b1,14,0.366739,0.011142,720,0,0.417756,0.0133893
b1,1,6,b6,+ the typed query's per-preset line (today's app),b5_app_b1,15,0.366739,0.011142,720,0,0.417756,0.0133893
b1,1,6,b6,+ the typed query's per-preset line (today's app),b5_app_b1,16,0.366739,0.011142,720,0,0.417756,0.0133893
b1,1,6,b6,+ the typed query's per-preset line (today's app),b5_app_b1,17,0.366739,0.011142,720,0,0.417756,0.0133893
b1,1,6,b6,+ the typed query's per-preset line (today's app),b5_app_b1,18,0.366739,0.011142,720,0,0.417756,0.0133893
b1,1,6,b6,+ the typed query's per-preset line (today's app),b5_app_b1,19,0.366739,0.011142,720,0,0.417756,0.0133893
b1,1,6,b6,+ the typed query's per-preset line (today's app),b5_app_b1,20,0.366739,0.011142,720,0,0.417756,0.0133893
b1,1,6,b6,+ the typed query's per-preset line (today's app),b5_app_b1,21,0.366739,0.011142,720,0,0.417756,0.0133893
b1,1,6,b6,+ the typed query's per-preset line (today's app),b5_app_b1,22,0.366739,0.011142,720,0,0.417756,0.0133893
b1,1,6,b6,+ the typed query's per-preset line (today's app),b5_app_b1,23,0.366674,0.0111444,720,0.00138889,0.417688,0.0133919
b1,1,6,b6,+ the typed query's per-preset line (today's app),b5_app_b1,24,0.357819,0.0110881,720,0.277778,0.39743,0.0126834
b1,1,6,b6,+ the typed query's per-preset line (today's app),b5_app_b1,25,0.357083,0.0112746,720,0.365278,0.395223,0.0127119
b1,1,6,b6,+ the typed query's per-preset line (today's app),b5_app_b1,26,0.359236,0.0114083,720,0.394444,0.397883,0.0128591
b1,1,6,b6,+ the typed query's per-preset line (today's app),b5_app_b1,27,0.367082,0.0116584,720,0.416667,0.399973,0.0129846
b1,1,6,b6,+ the typed query's per-preset line (today's app),b5_app_b1,28,0.373086,0.0118406,720,0.434722,0.404964,0.0131304
b1,1,6,b6,+ the typed query's per-preset line (today's app),b5_app_b1,29,0.373794,0.011946,720,0.455556,0.408507,0.0132673
b1,1,6,b6,+ the typed query's per-preset line (today's app),b5_app_b1,30,0.377485,0.0120113,720,0.469444,0.410136,0.0133473
b1,1,6,b6,+ the typed query's per-preset line (today's app),b5_app_b1,31,0.380345,0.0119998,720,0.477778,0.412818,0.0134393
b1,1,6,b6,+ the typed query's per-preset line (today's app),b5_app_b1,32,0.379674,0.0119974,720,0.483333,0.414557,0.0134764
b1,1,6,b6,+ the typed query's per-preset line (today's app),b5_app_b1,33,0.381615,0.0120783,720,0.488889,0.418349,0.013554
b1,1,6,b6,+ the typed query's per-preset line (today's app),b5_app_b1,34,0.378382,0.0119217,720,0.498611,0.420683,0.0136264
b1,1,6,b6,+ the typed query's per-preset line (today's app),b5_app_b1,35,0.377819,0.0119327,720,0.506944,0.422198,0.0136711
b1,1,6,b6,+ the typed query's per-preset line (today's app),b5_app_b1,36,0.386934,0.0121522,720,0.518056,0.423786,0.0136862
b1,1,6,b6,+ the typed query's per-preset line (today's app),b5_app_b1,37,0.394833,0.0123288,720,0.526389,0.426454,0.0137214
b1,1,6,b6,+ the typed query's per-preset line (today's app),b5_app_b1,38,0.395853,0.0124423,720,0.534722,0.427662,0.0137524
b1,1,6,b6,+ the typed query's per-preset line (today's app),b5_app_b1,39,0.398159,0.0125231,720,0.545833,0.43126,0.0137923
b1,1,6,b6,+ the typed query's per-preset line (today's app),b5_app_b1,40,0.400637,0.0125437,720,0.558333,0.435386,0.0138572
b1,1,6,b6,+ the typed query's per-preset line (today's app),b5_app_b1,41,0.404912,0.0125416,720,0.563889,0.437707,0.0139001
b1,1,6,b6,+ the typed query's per-preset line (today's app),b5_app_b1,42,0.405734,0.0125215,720,0.570833,0.439647,0.0139309
b1,1,6,b6,+ the typed query's per-preset line (today's app),b5_app_b1,43,0.408073,0.0126223,720,0.580556,0.440582,0.0139813
b1,1,6,b6,+ the typed query's per-preset line (today's app),b5_app_b1,44,0.410141,0.0126665,720,0.590278,0.442314,0.0139814
b1,1,6,b6,+ the typed query's per-preset line (today's app),b5_app_b1,45,0.412132,0.0126731,720,0.601389,0.443977,0.0140038
b1,1,6,b6,+ the typed query's per-preset line (today's app),b5_app_b1,46,0.413731,0.0126414,720,0.605556,0.446457,0.0140127
b1,1,6,b6,+ the typed query's per-preset line (today's app),b5_app_b1,47,0.415456,0.0127595,720,0.619444,0.446057,0.0140704
b1,1,6,b6,+ the typed query's per-preset line (today's app),b5_app_b1,48,0.416515,0.0127613,720,0.622222,0.447328,0.0140811
b1,1,6,b6,+ the typed query's per-preset line (today's app),b5_app_b1,49,0.417751,0.0127468,720,0.627778,0.449815,0.0140915
b1,1,6,b6,+ the typed query's per-preset line (today's app),b5_app_b1,50,0.421178,0.0128056,720,0.627778,0.451632,0.0141178
b1,1,6,b6,+ the typed query's per-preset line (today's app),b5_app_b1,51,0.423257,0.0128182,720,0.630556,0.454225,0.0141511
b1,1,6,b6,+ the typed query's per-preset line (today's app),b5_app_b1,52,0.424093,0.0128107,720,0.634722,0.456186,0.0141744
b1,1,6,b6,+ the typed query's per-preset line (today's app),b5_app_b1,53,0.424489,0.0127918,720,0.648611,0.457509,0.0141757
b1,1,6,b6,+ the typed query's per-preset line (today's app),b5_app_b1,54,0.423822,0.0127734,720,0.655556,0.459111,0.014202
b1,1,6,b6,+ the typed query's per-preset line (today's app),b5_app_b1,55,0.426593,0.0128766,720,0.663889,0.460129,0.0142023
b1,1,6,b6,+ the typed query's per-preset line (today's app),b5_app_b1,56,0.427523,0.0129181,720,0.672222,0.461164,0.0142082
b1,1,6,b6,+ the typed query's per-preset line (today's app),b5_app_b1,57,0.428104,0.0129431,720,0.677778,0.463222,0.0142091
b1,1,6,b6,+ the typed query's per-preset line (today's app),b5_app_b1,58,0.429851,0.0128943,720,0.684722,0.465405,0.0141778
b1,1,6,b6,+ the typed query's per-preset line (today's app),b5_app_b1,59,0.434361,0.0128717,720,0.7,0.469306,0.0141334
b1,1,6,b6,+ the typed query's per-preset line (today's app),b5_app_b1,60,0.436701,0.0128476,720,0.708333,0.471671,0.0141313
b1,1,6,b6,+ the typed query's per-preset line (today's app),b5_app_b1,61,0.43782,0.0128311,720,0.7125,0.473391,0.0141375
b1,1,6,b6,+ the typed query's per-preset line (today's app),b5_app_b1,62,0.438393,0.012838,720,0.722222,0.474948,0.0141348
b1,1,6,b6,+ the typed query's per-preset line (today's app),b5_app_b1,63,0.436039,0.0127034,720,0.726389,0.47579,0.0141482
b1,1,6,b6,+ the typed query's per-preset line (today's app),b5_app_b1,64,0.43832,0.0127012,720,0.731944,0.477906,0.0141426
b1,1,6,b6,+ the typed query's per-preset line (today's app),b5_app_b1,65,0.43912,0.0127016,720,0.738889,0.479768,0.0141297
b1,1,6,b6,+ the typed query's per-preset line (today's app),b5_app_b1,66,0.438444,0.0126542,720,0.747222,0.481913,0.0141101
b1,1,6,b6,+ the typed query's per-preset line (today's app),b5_app_b1,67,0.440038,0.0125957,720,0.754167,0.483573,0.0140956
b1,1,6,b6,+ the typed query's per-preset line (today's app),b5_app_b1,68,0.438726,0.0126083,720,0.756944,0.484834,0.0140848
b1,1,6,b6,+ the typed query's per-preset line (today's app),b5_app_b1,69,0.434992,0.0125212,720,0.759722,0.486102,0.0140811
b1,1,6,b6,+ the typed query's per-preset line (today's app),b5_app_b1,70,0.436332,0.0124625,720,0.766667,0.486605,0.0140857
b1,1,6,b6,+ the typed query's per-preset line (today's app),b5_app_b1,71,0.437728,0.0125029,720,0.770833,0.488003,0.0140644
b1,1,6,b6,+ the typed query's per-preset line (today's app),b5_app_b1,72,0.438657,0.0125347,720,0.776389,0.489227,0.014056
b1,1,6,b6,+ the typed query's per-preset line (today's app),b5_app_b1,73,0.443652,0.0125922,720,0.780556,0.490318,0.0140484
b1,1,6,b6,+ the typed query's per-preset line (today's app),b5_app_b1,74,0.446735,0.012631,720,0.783333,0.491469,0.014045
b1,1,6,b6,+ the typed query's per-preset line (today's app),b5_app_b1,75,0.451183,0.0126687,720,0.790278,0.492851,0.0140217
b1,1,6,b6,+ the typed query's per-preset line (today's app),b5_app_b1,76,0.454187,0.0126449,720,0.793056,0.494307,0.0140055
b1,1,6,b6,+ the typed query's per-preset line (today's app),b5_app_b1,77,0.456943,0.0127258,720,0.801389,0.495294,0.0139994
b1,1,6,b6,+ the typed query's per-preset line (today's app),b5_app_b1,78,0.456351,0.012733,720,0.809722,0.496343,0.0139921
b1,1,6,b6,+ the typed query's per-preset line (today's app),b5_app_b1,79,0.458484,0.0127632,720,0.818056,0.498135,0.0139803
b1,1,6,b6,+ the typed query's per-preset line (today's app),b5_app_b1,80,0.460344,0.0127772,720,0.820833,0.499533,0.0139799
b1,1,6,b6,+ the typed query's per-preset line (today's app),b5_app_b1,81,0.461823,0.0127842,720,0.826389,0.501797,0.0139537
b1,1,6,b6,+ the typed query's per-preset line (today's app),b5_app_b1,82,0.46326,0.0127487,720,0.831944,0.503618,0.0139376
b1,1,6,b6,+ the typed query's per-preset line (today's app),b5_app_b1,83,0.461351,0.0126473,720,0.8375,0.50506,0.0139247
b1,1,6,b6,+ the typed query's per-preset line (today's app),b5_app_b1,84,0.463474,0.0126698,720,0.841667,0.506455,0.0139061
b1,1,6,b6,+ the typed query's per-preset line (today's app),b5_app_b1,85,0.466304,0.0127058,720,0.844444,0.507671,0.0138886
b1,1,6,b6,+ the typed query's per-preset line (today's app),b5_app_b1,86,0.468405,0.012674,720,0.844444,0.509092,0.0138856
b1,1,6,b6,+ the typed query's per-preset line (today's app),b5_app_b1,87,0.471411,0.0126843,720,0.85,0.510827,0.0138559
b1,1,6,b6,+ the typed query's per-preset line (today's app),b5_app_b1,88,0.472555,0.0126605,720,0.858333,0.512017,0.0138528
b1,1,6,b6,+ the typed query's per-preset line (today's app),b5_app_b1,89,0.473468,0.0126295,720,0.8625,0.513549,0.0138441
b1,1,6,b6,+ the typed query's per-preset line (today's app),b5_app_b1,90,0.475546,0.012632,720,0.866667,0.514684,0.0138359
b1,1,6,b6,+ the typed query's per-preset line (today's app),b5_app_b1,91,0.47672,0.0126298,720,0.870833,0.51565,0.0138263
b1,1,6,b6,+ the typed query's per-preset line (today's app),b5_app_b1,92,0.479366,0.0126059,720,0.870833,0.51694,0.0138072
b1,1,6,b6,+ the typed query's per-preset line (today's app),b5_app_b1,93,0.479488,0.0125777,720,0.872222,0.517655,0.0137989
b1,1,6,b6,+ the typed query's per-preset line (today's app),b5_app_b1,94,0.481403,0.0126183,720,0.876389,0.518532,0.0137766
b1,1,6,b6,+ the typed query's per-preset line (today's app),b5_app_b1,95,0.484307,0.0126207,720,0.880556,0.519796,0.0137539
b1,1,6,b6,+ the typed query's per-preset line (today's app),b5_app_b1,96,0.485727,0.012614,720,0.884722,0.521108,0.0137306
b1,1,6,b6,+ the typed query's per-preset line (today's app),b5_app_b1,97,0.488655,0.0125934,720,0.886111,0.522503,0.0137211
b1,1,6,b6,+ the typed query's per-preset line (today's app),b5_app_b1,98,0.490127,0.0125754,720,0.890278,0.523531,0.0136945
b1,1,6,b6,+ the typed query's per-preset line (today's app),b5_app_b1,99,0.492139,0.0125698,720,0.893056,0.524493,0.0136964
b1,1,6,b6,+ the typed query's per-preset line (today's app),b5_app_b1,100,0.49129,0.0126297,720,0.894444,0.525051,0.0137055
b1,1,6,b6,+ the typed query's per-preset line (today's app),b5_app_b1,101,0.493883,0.0125811,720,0.894444,0.525454,0.0136906
b1,1,6,b6,+ the typed query's per-preset line (today's app),b5_app_b1,102,0.493628,0.0126309,720,0.894444,0.526252,0.0136713
b1,1,6,b6,+ the typed query's per-preset line (today's app),b5_app_b1,103,0.495877,0.0125779,720,0.894444,0.527663,0.0136576
b1,1,6,b6,+ the typed query's per-preset line (today's app),b5_app_b1,104,0.497336,0.0125534,720,0.897222,0.52841,0.0136353
b1,1,6,b6,+ the typed query's per-preset line (today's app),b5_app_b1,105,0.497748,0.0125337,720,0.9,0.529378,0.0136156
b1,1,6,b6,+ the typed query's per-preset line (today's app),b5_app_b1,106,0.498764,0.0125104,720,0.901389,0.530207,0.0136099
b1,1,6,b6,+ the typed query's per-preset line (today's app),b5_app_b1,107,0.500501,0.0125126,720,0.905556,0.530798,0.0136042
b1,1,6,b6,+ the typed query's per-preset line (today's app),b5_app_b1,108,0.501419,0.0124903,720,0.906944,0.531839,0.0136012
b1,1,6,b6,+ the typed query's per-preset line (today's app),b5_app_b1,109,0.501403,0.0124897,720,0.909722,0.532973,0.0135799
b1,1,6,b6,+ the typed query's per-preset line (today's app),b5_app_b1,110,0.501707,0.012515,720,0.909722,0.533624,0.0135692
b1,1,6,b6,+ the typed query's per-preset line (today's app),b5_app_b1,111,0.502967,0.012524,720,0.9125,0.534314,0.0135598
b1,1,6,b6,+ the typed query's per-preset line (today's app),b5_app_b1,112,0.504057,0.0125256,720,0.9125,0.53537,0.0135491
b1,1,6,b6,+ the typed query's per-preset line (today's app),b5_app_b1,113,0.504855,0.0125149,720,0.918056,0.536466,0.013526
b1,1,6,b6,+ the typed query's per-preset line (today's app),b5_app_b1,114,0.505239,0.0125036,720,0.919444,0.536856,0.0135179
b1,1,6,b6,+ the typed query's per-preset line (today's app),b5_app_b1,115,0.505885,0.0124637,720,0.920833,0.537447,0.0134997
b1,1,6,b6,+ the typed query's per-preset line (today's app),b5_app_b1,116,0.506671,0.0124552,720,0.920833,0.537672,0.0134966
b1,1,6,b6,+ the typed query's per-preset line (today's app),b5_app_b1,117,0.508145,0.0124014,720,0.922222,0.538028,0.0134804
b1,1,6,b6,+ the typed query's per-preset line (today's app),b5_app_b1,118,0.50868,0.0123891,720,0.925,0.538371,0.0134683
b1,1,6,b6,+ the typed query's per-preset line (today's app),b5_app_b1,119,0.509757,0.0123818,720,0.925,0.538885,0.0134669
b1,1,6,b6,+ the typed query's per-preset line (today's app),b5_app_b1,120,0.510614,0.0123676,720,0.925,0.539309,0.013459
b1,1,6,b6,+ the typed query's per-preset line (today's app),b5_app_b1,121,0.512468,0.0123591,720,0.926389,0.539875,0.0134467
b1,1,6,b6,+ the typed query's per-preset line (today's app),b5_app_b1,122,0.51264,0.0123111,720,0.926389,0.540068,0.0134391
b1,1,6,b6,+ the typed query's per-preset line (today's app),b5_app_b1,123,0.513355,0.0123157,720,0.926389,0.540547,0.0134366
b1,1,6,b6,+ the typed query's per-preset line (today's app),b5_app_b1,124,0.514804,0.0123197,720,0.926389,0.54107,0.0134238
b1,1,6,b6,+ the typed query's per-preset line (today's app),b5_app_b1,125,0.514641,0.0123434,720,0.926389,0.541538,0.0134174
b1,1,6,b6,+ the typed query's per-preset line (today's app),b5_app_b1,126,0.513859,0.0123536,720,0.926389,0.541788,0.013418
b1,1,6,b6,+ the typed query's per-preset line (today's app),b5_app_b1,127,0.515182,0.0123221,720,0.926389,0.542137,0.0134148
b1,1,6,b6,+ the typed query's per-preset line (today's app),b5_app_b1,128,0.516056,0.012285,720,0.927778,0.542187,0.0134084
b1,1,6,b6,+ the typed query's per-preset line (today's app),b5_app_b1,129,0.516012,0.0122544,720,0.929167,0.542807,0.0133898
b1,1,6,b6,+ the typed query's per-preset line (today's app),b5_app_b1,130,0.517281,0.0122307,720,0.929167,0.543193,0.013388
b1,1,6,b6,+ the typed query's per-preset line (today's app),b5_app_b1,131,0.517848,0.0122209,720,0.929167,0.543751,0.013377
b1,1,6,b6,+ the typed query's per-preset line (today's app),b5_app_b1,132,0.518624,0.0122079,720,0.930556,0.544149,0.013362
b1,1,6,b6,+ the typed query's per-preset line (today's app),b5_app_b1,133,0.518266,0.0122458,720,0.931944,0.544987,0.0133464
b1,1,6,b6,+ the typed query's per-preset line (today's app),b5_app_b1,134,0.520657,0.0122185,720,0.933333,0.545409,0.0133381
b1,1,6,b6,+ the typed query's per-preset line (today's app),b5_app_b1,135,0.52169,0.0121429,720,0.9375,0.546159,0.0133153
b1,1,6,b6,+ the typed query's per-preset line (today's app),b5_app_b1,136,0.521713,0.0121561,720,0.940278,0.546333,0.0133112
b1,1,6,b6,+ the typed query's per-preset line (today's app),b5_app_b1,137,0.522388,0.0121121,720,0.943056,0.547284,0.013291
b1,1,6,b6,+ the typed query's per-preset line (today's app),b5_app_b1,138,0.522061,0.0121211,720,0.943056,0.547389,0.0132933
b1,1,6,b6,+ the typed query's per-preset line (today's app),b5_app_b1,139,0.522139,0.0121299,720,0.943056,0.54792,0.0132785
b1,1,6,b6,+ the typed query's per-preset line (today's app),b5_app_b1,140,0.521984,0.0121516,720,0.943056,0.548356,0.0132683
b1,1,6,b6,+ the typed query's per-preset line (today's app),b5_app_b1,141,0.520899,0.0121308,720,0.943056,0.548822,0.0132614
b1,1,6,b6,+ the typed query's per-preset line (today's app),b5_app_b1,142,0.521097,0.0121338,720,0.943056,0.549193,0.0132498
b1,1,6,b6,+ the typed query's per-preset line (today's app),b5_app_b1,143,0.521479,0.0121286,720,0.943056,0.549488,0.0132445
b1,1,6,b6,+ the typed query's per-preset line (today's app),b5_app_b1,144,0.52233,0.0121378,720,0.944444,0.549999,0.0132359
b1,1,6,b6,+ the typed query's per-preset line (today's app),b5_app_b1,145,0.523177,0.0121412,720,0.947222,0.550702,0.0132147
b1,1,6,b6,+ the typed query's per-preset line (today's app),b5_app_b1,146,0.525214,0.0121164,720,0.951389,0.550952,0.0132122
b1,1,6,b6,+ the typed query's per-preset line (today's app),b5_app_b1,147,0.52575,0.0120765,720,0.951389,0.550914,0.0132206
b1,1,6,b6,+ the typed query's per-preset line (today's app),b5_app_b1,148,0.525603,0.012089,720,0.951389,0.551475,0.0132061
b1,1,6,b6,+ the typed query's per-preset line (today's app),b5_app_b1,149,0.525847,0.0120909,720,0.951389,0.551692,0.0132006
b1,1,6,b6,+ the typed query's per-preset line (today's app),b5_app_b1,150,0.525942,0.0120989,720,0.951389,0.551821,0.0132024
b1,1,7,b7,+ the detector walk (not shipped),b7_walk_b1,0,0.366739,0.011142,720,0,0.417756,0.0133893
b1,1,7,b7,+ the detector walk (not shipped),b7_walk_b1,1,0.366739,0.011142,720,0,0.417756,0.0133893
b1,1,7,b7,+ the detector walk (not shipped),b7_walk_b1,2,0.366739,0.011142,720,0,0.417756,0.0133893
b1,1,7,b7,+ the detector walk (not shipped),b7_walk_b1,3,0.366739,0.011142,720,0,0.417756,0.0133893
b1,1,7,b7,+ the detector walk (not shipped),b7_walk_b1,4,0.366739,0.011142,720,0,0.417756,0.0133893
b1,1,7,b7,+ the detector walk (not shipped),b7_walk_b1,5,0.366739,0.011142,720,0,0.417756,0.0133893
b1,1,7,b7,+ the detector walk (not shipped),b7_walk_b1,6,0.366739,0.011142,720,0,0.417756,0.0133893
b1,1,7,b7,+ the detector walk (not shipped),b7_walk_b1,7,0.366739,0.011142,720,0,0.417756,0.0133893
b1,1,7,b7,+ the detector walk (not shipped),b7_walk_b1,8,0.366739,0.011142,720,0,0.417756,0.0133893
b1,1,7,b7,+ the detector walk (not shipped),b7_walk_b1,9,0.366739,0.011142,720,0,0.417756,0.0133893
b1,1,7,b7,+ the detector walk (not shipped),b7_walk_b1,10,0.366739,0.011142,720,0,0.417756,0.0133893
b1,1,7,b7,+ the detector walk (not shipped),b7_walk_b1,11,0.366739,0.011142,720,0,0.417756,0.0133893
b1,1,7,b7,+ the detector walk (not shipped),b7_walk_b1,12,0.366739,0.011142,720,0,0.417756,0.0133893
b1,1,7,b7,+ the detector walk (not shipped),b7_walk_b1,13,0.366739,0.011142,720,0,0.417756,0.0133893
b1,1,7,b7,+ the detector walk (not shipped),b7_walk_b1,14,0.366739,0.011142,720,0,0.417756,0.0133893
b1,1,7,b7,+ the detector walk (not shipped),b7_walk_b1,15,0.366739,0.011142,720,0,0.417756,0.0133893
b1,1,7,b7,+ the detector walk (not shipped),b7_walk_b1,16,0.366739,0.011142,720,0,0.417756,0.0133893
b1,1,7,b7,+ the detector walk (not shipped),b7_walk_b1,17,0.366739,0.011142,720,0,0.417756,0.0133893
b1,1,7,b7,+ the detector walk (not shipped),b7_walk_b1,18,0.366739,0.011142,720,0,0.417756,0.0133893
b1,1,7,b7,+ the detector walk (not shipped),b7_walk_b1,19,0.366739,0.011142,720,0,0.417756,0.0133893
b1,1,7,b7,+ the detector walk (not shipped),b7_walk_b1,20,0.366739,0.011142,720,0,0.417756,0.0133893
b1,1,7,b7,+ the detector walk (not shipped),b7_walk_b1,21,0.366739,0.011142,720,0,0.417756,0.0133893
b1,1,7,b7,+ the detector walk (not shipped),b7_walk_b1,22,0.366739,0.011142,720,0,0.417756,0.0133893
b1,1,7,b7,+ the detector walk (not shipped),b7_walk_b1,23,0.366133,0.0111586,720,0.00277778,0.417372,0.0134021
b1,1,7,b7,+ the detector walk (not shipped),b7_walk_b1,24,0.363446,0.0110725,720,0.222222,0.40056,0.0127095
b1,1,7,b7,+ the detector walk (not shipped),b7_walk_b1,25,0.364683,0.0111625,720,0.3125,0.397292,0.0126395
b1,1,7,b7,+ the detector walk (not shipped),b7_walk_b1,26,0.372571,0.0113313,720,0.380556,0.400493,0.0126704
b1,1,7,b7,+ the detector walk (not shipped),b7_walk_b1,27,0.378606,0.0115808,720,0.411111,0.408988,0.0129342
b1,1,7,b7,+ the detector walk (not shipped),b7_walk_b1,28,0.378625,0.0116146,720,0.445833,0.409868,0.0129866
b1,1,7,b7,+ the detector walk (not shipped),b7_walk_b1,29,0.380346,0.011538,720,0.468056,0.415571,0.0131449
b1,1,7,b7,+ the detector walk (not shipped),b7_walk_b1,30,0.378949,0.0116082,720,0.481944,0.421088,0.0132901
b1,1,7,b7,+ the detector walk (not shipped),b7_walk_b1,31,0.380666,0.0116603,720,0.493056,0.424694,0.0133505
b1,1,7,b7,+ the detector walk (not shipped),b7_walk_b1,32,0.378409,0.0117644,720,0.506944,0.428404,0.0134084
b1,1,7,b7,+ the detector walk (not shipped),b7_walk_b1,33,0.373428,0.0115399,720,0.516667,0.430775,0.0134431
b1,1,7,b7,+ the detector walk (not shipped),b7_walk_b1,34,0.369299,0.0113437,720,0.534722,0.433253,0.0134842
b1,1,7,b7,+ the detector walk (not shipped),b7_walk_b1,35,0.366097,0.0112326,720,0.541667,0.435099,0.0134907
b1,1,7,b7,+ the detector walk (not shipped),b7_walk_b1,36,0.380621,0.0116263,720,0.548611,0.437053,0.0135179
b1,1,7,b7,+ the detector walk (not shipped),b7_walk_b1,37,0.386436,0.0118476,720,0.559722,0.439528,0.0135507
b1,1,7,b7,+ the detector walk (not shipped),b7_walk_b1,38,0.391875,0.0120039,720,0.570833,0.442735,0.0135982
b1,1,7,b7,+ the detector walk (not shipped),b7_walk_b1,39,0.392811,0.0120006,720,0.572222,0.444443,0.0136308
b1,1,7,b7,+ the detector walk (not shipped),b7_walk_b1,40,0.396825,0.0120524,720,0.583333,0.445493,0.0136666
b1,1,7,b7,+ the detector walk (not shipped),b7_walk_b1,41,0.398544,0.0120941,720,0.588889,0.446872,0.0136716
b1,1,7,b7,+ the detector walk (not shipped),b7_walk_b1,42,0.401727,0.0121388,720,0.597222,0.44931,0.0136851
b1,1,7,b7,+ the detector walk (not shipped),b7_walk_b1,43,0.401021,0.0121055,720,0.6125,0.452632,0.013657
b1,1,7,b7,+ the detector walk (not shipped),b7_walk_b1,44,0.404495,0.0121583,720,0.622222,0.454326,0.0136657
b1,1,7,b7,+ the detector walk (not shipped),b7_walk_b1,45,0.405808,0.0122135,720,0.627778,0.455199,0.0136822
b1,1,7,b7,+ the detector walk (not shipped),b7_walk_b1,46,0.409419,0.0122449,720,0.638889,0.456991,0.0136761
b1,1,7,b7,+ the detector walk (not shipped),b7_walk_b1,47,0.410124,0.0122479,720,0.645833,0.457808,0.0136808
b1,1,7,b7,+ the detector walk (not shipped),b7_walk_b1,48,0.411577,0.0122494,720,0.65,0.459037,0.01369
b1,1,7,b7,+ the detector walk (not shipped),b7_walk_b1,49,0.412187,0.0122163,720,0.6625,0.461249,0.0136603
b1,1,7,b7,+ the detector walk (not shipped),b7_walk_b1,50,0.41521,0.0122407,720,0.665278,0.462924,0.0136699
b1,1,7,b7,+ the detector walk (not shipped),b7_walk_b1,51,0.415582,0.0122149,720,0.676389,0.464764,0.0136649
b1,1,7,b7,+ the detector walk (not shipped),b7_walk_b1,52,0.417318,0.0121676,720,0.681944,0.467411,0.013679
b1,1,7,b7,+ the detector walk (not shipped),b7_walk_b1,53,0.419723,0.0121971,720,0.690278,0.469981,0.0137007
b1,1,7,b7,+ the detector walk (not shipped),b7_walk_b1,54,0.422354,0.012231,720,0.698611,0.473707,0.0137133
b1,1,7,b7,+ the detector walk (not shipped),b7_walk_b1,55,0.426087,0.0122615,720,0.704167,0.476203,0.0137209
b1,1,7,b7,+ the detector walk (not shipped),b7_walk_b1,56,0.432793,0.0123993,720,0.711111,0.480111,0.0137336
b1,1,7,b7,+ the detector walk (not shipped),b7_walk_b1,57,0.437528,0.012423,720,0.716667,0.482664,0.0137294
b1,1,7,b7,+ the detector walk (not shipped),b7_walk_b1,58,0.438438,0.0123589,720,0.723611,0.484805,0.0137339
b1,1,7,b7,+ the detector walk (not shipped),b7_walk_b1,59,0.440101,0.0123704,720,0.723611,0.486226,0.0137506
b1,1,7,b7,+ the detector walk (not shipped),b7_walk_b1,60,0.4441,0.0123946,720,0.726389,0.488561,0.0137685
b1,1,7,b7,+ the detector walk (not shipped),b7_walk_b1,61,0.444136,0.0123747,720,0.730556,0.490198,0.0137729
b1,1,7,b7,+ the detector walk (not shipped),b7_walk_b1,62,0.443575,0.0123714,720,0.734722,0.492106,0.0137834
b1,1,7,b7,+ the detector walk (not shipped),b7_walk_b1,63,0.443302,0.0123026,720,0.740278,0.493784,0.0137912
b1,1,7,b7,+ the detector walk (not shipped),b7_walk_b1,64,0.443402,0.0122487,720,0.744444,0.496208,0.0138062
b1,1,7,b7,+ the detector walk (not shipped),b7_walk_b1,65,0.443143,0.0122838,720,0.745833,0.497653,0.0138152
b1,1,7,b7,+ the detector walk (not shipped),b7_walk_b1,66,0.443348,0.0122961,720,0.752778,0.499859,0.0138243
b1,1,7,b7,+ the detector walk (not shipped),b7_walk_b1,67,0.445785,0.0122712,720,0.759722,0.501613,0.0137994
b1,1,7,b7,+ the detector walk (not shipped),b7_walk_b1,68,0.445006,0.0122695,720,0.761111,0.502848,0.013816
b1,1,7,b7,+ the detector walk (not shipped),b7_walk_b1,69,0.440215,0.0121385,720,0.761111,0.503693,0.0138235
b1,1,7,b7,+ the detector walk (not shipped),b7_walk_b1,70,0.439965,0.012134,720,0.769444,0.504831,0.0138059
b1,1,7,b7,+ the detector walk (not shipped),b7_walk_b1,71,0.443176,0.0121493,720,0.772222,0.506052,0.0137937
b1,1,7,b7,+ the detector walk (not shipped),b7_walk_b1,72,0.443617,0.0121926,720,0.777778,0.506673,0.0137973
b1,1,7,b7,+ the detector walk (not shipped),b7_walk_b1,73,0.44885,0.0122338,720,0.784722,0.508225,0.0137739
b1,1,7,b7,+ the detector walk (not shipped),b7_walk_b1,74,0.454399,0.0123553,720,0.7875,0.509194,0.0137712
b1,1,7,b7,+ the detector walk (not shipped),b7_walk_b1,75,0.45995,0.0123792,720,0.793056,0.510639,0.0137644
b1,1,7,b7,+ the detector walk (not shipped),b7_walk_b1,76,0.46437,0.012447,720,0.794444,0.512086,0.0137685
b1,1,7,b7,+ the detector walk (not shipped),b7_walk_b1,77,0.46751,0.012465,720,0.798611,0.512999,0.0137581
b1,1,7,b7,+ the detector walk (not shipped),b7_walk_b1,78,0.470902,0.0124785,720,0.804167,0.514136,0.0137326
b1,1,7,b7,+ the detector walk (not shipped),b7_walk_b1,79,0.471348,0.0124712,720,0.808333,0.515258,0.0137094
b1,1,7,b7,+ the detector walk (not shipped),b7_walk_b1,80,0.474128,0.0124708,720,0.809722,0.516321,0.0137085
b1,1,7,b7,+ the detector walk (not shipped),b7_walk_b1,81,0.473675,0.0124332,720,0.8125,0.517289,0.0137055
b1,1,7,b7,+ the detector walk (not shipped),b7_walk_b1,82,0.474087,0.0123865,720,0.813889,0.518102,0.0137176
b1,1,7,b7,+ the detector walk (not shipped),b7_walk_b1,83,0.475364,0.012363,720,0.815278,0.519158,0.0137154
b1,1,7,b7,+ the detector walk (not shipped),b7_walk_b1,84,0.474851,0.0123571,720,0.816667,0.519746,0.0137114
b1,1,7,b7,+ the detector walk (not shipped),b7_walk_b1,85,0.476323,0.0123265,720,0.820833,0.520404,0.0137088
b1,1,7,b7,+ the detector walk (not shipped),b7_walk_b1,86,0.477605,0.0122977,720,0.829167,0.52157,0.0136792
b1,1,7,b7,+ the detector walk (not shipped),b7_walk_b1,87,0.47824,0.0123351,720,0.830556,0.522071,0.0136918
b1,1,7,b7,+ the detector walk (not shipped),b7_walk_b1,88,0.478049,0.0123948,720,0.830556,0.522702,0.013694
b1,1,7,b7,+ the detector walk (not shipped),b7_walk_b1,89,0.480052,0.0123055,720,0.838889,0.524123,0.0136636
b1,1,7,b7,+ the detector walk (not shipped),b7_walk_b1,90,0.480868,0.0122946,720,0.841667,0.524882,0.0136542
b1,1,7,b7,+ the detector walk (not shipped),b7_walk_b1,91,0.4839,0.0123165,720,0.841667,0.525057,0.0136602
b1,1,7,b7,+ the detector walk (not shipped),b7_walk_b1,92,0.48591,0.0123295,720,0.843056,0.525754,0.0136626
b1,1,7,b7,+ the detector walk (not shipped),b7_walk_b1,93,0.486776,0.0122961,720,0.848611,0.527282,0.0136266
b1,1,7,b7,+ the detector walk (not shipped),b7_walk_b1,94,0.487899,0.0123071,720,0.85,0.52792,0.0136102
b1,1,7,b7,+ the detector walk (not shipped),b7_walk_b1,95,0.489433,0.0123584,720,0.852778,0.528055,0.0136206
b1,1,7,b7,+ the detector walk (not shipped),b7_walk_b1,96,0.491754,0.0123656,720,0.855556,0.528661,0.0136125
b1,1,7,b7,+ the detector walk (not shipped),b7_walk_b1,97,0.49335,0.012348,720,0.858333,0.529276,0.0136101
b1,1,7,b7,+ the detector walk (not shipped),b7_walk_b1,98,0.494418,0.0123492,720,0.861111,0.529708,0.0136131
b1,1,7,b7,+ the detector walk (not shipped),b7_walk_b1,99,0.495556,0.0123405,720,0.866667,0.530391,0.0136068
b1,1,7,b7,+ the detector walk (not shipped),b7_walk_b1,100,0.495708,0.0123613,720,0.866667,0.530693,0.01361
b1,1,7,b7,+ the detector walk (not shipped),b7_walk_b1,101,0.498037,0.0123303,720,0.870833,0.531644,0.013579
b1,1,7,b7,+ the detector walk (not shipped),b7_walk_b1,102,0.50036,0.0123419,720,0.876389,0.532542,0.0135654
b1,1,7,b7,+ the detector walk (not shipped),b7_walk_b1,103,0.500726,0.0123665,720,0.876389,0.53295,0.0135632
b1,1,7,b7,+ the detector walk (not shipped),b7_walk_b1,104,0.503063,0.012326,720,0.880556,0.533961,0.0135516
b1,1,7,b7,+ the detector walk (not shipped),b7_walk_b1,105,0.504024,0.0123145,720,0.884722,0.535124,0.013526
b1,1,7,b7,+ the detector walk (not shipped),b7_walk_b1,106,0.505578,0.0123149,720,0.890278,0.535817,0.0135104
b1,1,7,b7,+ the detector walk (not shipped),b7_walk_b1,107,0.506694,0.0122971,720,0.893056,0.53658,0.0135067
b1,1,7,b7,+ the detector walk (not shipped),b7_walk_b1,108,0.508241,0.0122832,720,0.894444,0.536912,0.0135009
b1,1,7,b7,+ the detector walk (not shipped),b7_walk_b1,109,0.509573,0.0122613,720,0.897222,0.537728,0.0134872
b1,1,7,b7,+ the detector walk (not shipped),b7_walk_b1,110,0.510205,0.012248,720,0.897222,0.538195,0.0134812
b1,1,7,b7,+ the detector walk (not shipped),b7_walk_b1,111,0.51139,0.0122356,720,0.898611,0.538526,0.0134797
b1,1,7,b7,+ the detector walk (not shipped),b7_walk_b1,112,0.511948,0.0122245,720,0.901389,0.538966,0.0134759
b1,1,7,b7,+ the detector walk (not shipped),b7_walk_b1,113,0.511915,0.0122436,720,0.904167,0.539515,0.0134744
b1,1,7,b7,+ the detector walk (not shipped),b7_walk_b1,114,0.514033,0.0122541,720,0.905556,0.539872,0.0134701
b1,1,7,b7,+ the detector walk (not shipped),b7_walk_b1,115,0.514321,0.0122484,720,0.905556,0.540176,0.0134616
b1,1,7,b7,+ the detector walk (not shipped),b7_walk_b1,116,0.515305,0.0122644,720,0.905556,0.540616,0.0134535
b1,1,7,b7,+ the detector walk (not shipped),b7_walk_b1,117,0.514283,0.0122616,720,0.906944,0.541317,0.0134357
b1,1,7,b7,+ the detector walk (not shipped),b7_walk_b1,118,0.516511,0.0122294,720,0.911111,0.542103,0.0134149
b1,1,7,b7,+ the detector walk (not shipped),b7_walk_b1,119,0.51919,0.0122216,720,0.9125,0.542747,0.0134004
b1,1,7,b7,+ the detector walk (not shipped),b7_walk_b1,120,0.520074,0.0122147,720,0.916667,0.543273,0.0133943
b1,1,7,b7,+ the detector walk (not shipped),b7_walk_b1,121,0.520324,0.0122308,720,0.918056,0.543994,0.0133748
b1,1,7,b7,+ the detector walk (not shipped),b7_walk_b1,122,0.520828,0.0122099,720,0.918056,0.544201,0.0133774
b1,1,7,b7,+ the detector walk (not shipped),b7_walk_b1,123,0.521366,0.0122003,720,0.918056,0.54454,0.0133696
b1,1,7,b7,+ the detector walk (not shipped),b7_walk_b1,124,0.521303,0.0122069,720,0.919444,0.545189,0.0133526
b1,1,7,b7,+ the detector walk (not shipped),b7_walk_b1,125,0.523206,0.0121866,720,0.919444,0.545849,0.0133529
b1,1,7,b7,+ the detector walk (not shipped),b7_walk_b1,126,0.522053,0.0121794,720,0.920833,0.54609,0.0133491
b1,1,7,b7,+ the detector walk (not shipped),b7_walk_b1,127,0.522974,0.0121966,720,0.920833,0.546043,0.013353
b1,1,7,b7,+ the detector walk (not shipped),b7_walk_b1,128,0.522694,0.0121984,720,0.920833,0.54667,0.0133455
b1,1,7,b7,+ the detector walk (not shipped),b7_walk_b1,129,0.523657,0.0121859,720,0.922222,0.547217,0.0133313
b1,1,7,b7,+ the detector walk (not shipped),b7_walk_b1,130,0.522932,0.0121725,720,0.922222,0.547712,0.0133252
b1,1,7,b7,+ the detector walk (not shipped),b7_walk_b1,131,0.523603,0.0121669,720,0.922222,0.547765,0.0133265
b1,1,7,b7,+ the detector walk (not shipped),b7_walk_b1,132,0.524176,0.0121777,720,0.923611,0.547966,0.0133245
b1,1,7,b7,+ the detector walk (not shipped),b7_walk_b1,133,0.524619,0.0121729,720,0.923611,0.548045,0.0133235
b1,1,7,b7,+ the detector walk (not shipped),b7_walk_b1,134,0.526066,0.0121502,720,0.923611,0.548434,0.0133141
b1,1,7,b7,+ the detector walk (not shipped),b7_walk_b1,135,0.527777,0.01208,720,0.925,0.548906,0.0132933
b1,1,7,b7,+ the detector walk (not shipped),b7_walk_b1,136,0.527586,0.0120859,720,0.927778,0.54922,0.0132837
b1,1,7,b7,+ the detector walk (not shipped),b7_walk_b1,137,0.527139,0.0121061,720,0.927778,0.549289,0.0132836
b1,1,7,b7,+ the detector walk (not shipped),b7_walk_b1,138,0.527474,0.0120843,720,0.927778,0.549445,0.0132816
b1,1,7,b7,+ the detector walk (not shipped),b7_walk_b1,139,0.527654,0.0120708,720,0.927778,0.549986,0.0132729
b1,1,7,b7,+ the detector walk (not shipped),b7_walk_b1,140,0.526914,0.0120811,720,0.927778,0.550529,0.0132638
b1,1,7,b7,+ the detector walk (not shipped),b7_walk_b1,141,0.527221,0.0120562,720,0.929167,0.550871,0.0132516
b1,1,7,b7,+ the detector walk (not shipped),b7_walk_b1,142,0.526591,0.0120872,720,0.929167,0.551357,0.0132395
b1,1,7,b7,+ the detector walk (not shipped),b7_walk_b1,143,0.526142,0.0120648,720,0.929167,0.551658,0.0132309
b1,1,7,b7,+ the detector walk (not shipped),b7_walk_b1,144,0.527702,0.0120709,720,0.930556,0.5524,0.013206
b1,1,7,b7,+ the detector walk (not shipped),b7_walk_b1,145,0.52859,0.0120543,720,0.931944,0.552602,0.0132007
b1,1,7,b7,+ the detector walk (not shipped),b7_walk_b1,146,0.529881,0.0120327,720,0.931944,0.552726,0.0132036
b1,1,7,b7,+ the detector walk (not shipped),b7_walk_b1,147,0.529333,0.0120701,720,0.931944,0.553065,0.013201
b1,1,7,b7,+ the detector walk (not shipped),b7_walk_b1,148,0.530153,0.0120711,720,0.931944,0.553387,0.013197
b1,1,7,b7,+ the detector walk (not shipped),b7_walk_b1,149,0.531783,0.0120256,720,0.934722,0.553863,0.0131782
b1,1,7,b7,+ the detector walk (not shipped),b7_walk_b1,150,0.532193,0.0120229,720,0.934722,0.55425,0.0131723
b4,4,1,b1,cross-calibration,b1_xcal,0,0.161905,0.00187239,720,0,0.417756,0.0133893
b4,4,1,b1,cross-calibration,b1_xcal,1,0.161905,0.00187239,720,0,0.417756,0.0133893
b4,4,1,b1,cross-calibration,b1_xcal,2,0.161905,0.00187239,720,0,0.417756,0.0133893
b4,4,1,b1,cross-calibration,b1_xcal,3,0.161905,0.00187239,720,0,0.417756,0.0133893
b4,4,1,b1,cross-calibration,b1_xcal,4,0.161905,0.00187239,720,0,0.417756,0.0133893
b4,4,1,b1,cross-calibration,b1_xcal,5,0.161905,0.00187239,720,0,0.417756,0.0133893
b4,4,1,b1,cross-calibration,b1_xcal,6,0.161905,0.00187239,720,0,0.417756,0.0133893
b4,4,1,b1,cross-calibration,b1_xcal,7,0.161905,0.00187239,720,0,0.417756,0.0133893
b4,4,1,b1,cross-calibration,b1_xcal,8,0.161905,0.00187239,720,0,0.417756,0.0133893
b4,4,1,b1,cross-calibration,b1_xcal,9,0.161905,0.00187239,720,0,0.417756,0.0133893
b4,4,1,b1,cross-calibration,b1_xcal,10,0.161905,0.00187239,720,0,0.417756,0.0133893
b4,4,1,b1,cross-calibration,b1_xcal,11,0.161905,0.00187239,720,0,0.417756,0.0133893
b4,4,1,b1,cross-calibration,b1_xcal,12,0.161905,0.00187239,720,0,0.417756,0.0133893
b4,4,1,b1,cross-calibration,b1_xcal,13,0.161905,0.00187239,720,0,0.417756,0.0133893
b4,4,1,b1,cross-calibration,b1_xcal,14,0.161905,0.00187239,720,0,0.417756,0.0133893
b4,4,1,b1,cross-calibration,b1_xcal,15,0.161905,0.00187239,720,0,0.417756,0.0133893
b4,4,1,b1,cross-calibration,b1_xcal,16,0.161905,0.00187239,720,0,0.417756,0.0133893
b4,4,1,b1,cross-calibration,b1_xcal,17,0.161905,0.00187239,720,0,0.417756,0.0133893
b4,4,1,b1,cross-calibration,b1_xcal,18,0.161905,0.00187239,720,0,0.417756,0.0133893
b4,4,1,b1,cross-calibration,b1_xcal,19,0.161905,0.00187239,720,0,0.417756,0.0133893
b4,4,1,b1,cross-calibration,b1_xcal,20,0.161905,0.00187239,720,0,0.417756,0.0133893
b4,4,1,b1,cross-calibration,b1_xcal,21,0.161905,0.00187239,720,0,0.417756,0.0133893
b4,4,1,b1,cross-calibration,b1_xcal,22,0.161905,0.00187239,720,0,0.417756,0.0133893
b4,4,1,b1,cross-calibration,b1_xcal,23,0.161704,0.00187399,720,0.00138889,0.417688,0.0133919
b4,4,1,b1,cross-calibration,b1_xcal,24,0.291392,0.00915947,720,0.277778,0.397438,0.012683
b4,4,1,b1,cross-calibration,b1_xcal,25,0.341861,0.0102284,720,0.365278,0.395206,0.0126943
b4,4,1,b1,cross-calibration,b1_xcal,26,0.359563,0.0106244,720,0.394444,0.400795,0.0129466
b4,4,1,b1,cross-calibration,b1_xcal,27,0.372335,0.010819,720,0.416667,0.403818,0.0130739
b4,4,1,b1,cross-calibration,b1_xcal,28,0.382979,0.0109697,720,0.434722,0.408061,0.0132064
b4,4,1,b1,cross-calibration,b1_xcal,29,0.388485,0.0108516,720,0.455556,0.412488,0.0133565
b4,4,1,b1,cross-calibration,b1_xcal,30,0.387844,0.0107108,720,0.469444,0.416217,0.0134521
b4,4,1,b1,cross-calibration,b1_xcal,31,0.382831,0.0105358,720,0.477778,0.419571,0.0135419
b4,4,1,b1,cross-calibration,b1_xcal,32,0.385581,0.0106812,720,0.483333,0.423885,0.0136378
b4,4,1,b1,cross-calibration,b1_xcal,33,0.384318,0.0104465,720,0.488889,0.426905,0.0136881
b4,4,1,b1,cross-calibration,b1_xcal,34,0.378892,0.010176,720,0.498611,0.431688,0.0138307
b4,4,1,b1,cross-calibration,b1_xcal,35,0.383151,0.0102307,720,0.506944,0.434142,0.013897
b4,4,1,b1,cross-calibration,b1_xcal,36,0.395312,0.0105485,720,0.518056,0.436207,0.0139383
b4,4,1,b1,cross-calibration,b1_xcal,37,0.403994,0.0108398,720,0.526389,0.43833,0.0139829
b4,4,1,b1,cross-calibration,b1_xcal,38,0.412352,0.0109641,720,0.534722,0.440673,0.0140157
b4,4,1,b1,cross-calibration,b1_xcal,39,0.419633,0.0110678,720,0.545833,0.442968,0.0140346
b4,4,1,b1,cross-calibration,b1_xcal,40,0.424469,0.0111862,720,0.558333,0.445616,0.0140742
b4,4,1,b1,cross-calibration,b1_xcal,41,0.426654,0.0111953,720,0.563889,0.44774,0.0141063
b4,4,1,b1,cross-calibration,b1_xcal,42,0.427525,0.0112045,720,0.570833,0.449664,0.0141536
b4,4,1,b1,cross-calibration,b1_xcal,43,0.434467,0.0113314,720,0.580556,0.450705,0.0141823
b4,4,1,b1,cross-calibration,b1_xcal,44,0.436051,0.0113066,720,0.590278,0.452693,0.0142077
b4,4,1,b1,cross-calibration,b1_xcal,45,0.439715,0.0113552,720,0.601389,0.454266,0.0142337
b4,4,1,b1,cross-calibration,b1_xcal,46,0.44468,0.0113286,720,0.605556,0.456628,0.0142542
b4,4,1,b1,cross-calibration,b1_xcal,47,0.446073,0.0114039,720,0.619444,0.457417,0.0143118
b4,4,1,b1,cross-calibration,b1_xcal,48,0.45245,0.0115002,720,0.622222,0.459217,0.0143281
b4,4,1,b1,cross-calibration,b1_xcal,49,0.456568,0.0115472,720,0.627778,0.461465,0.0143291
b4,4,1,b1,cross-calibration,b1_xcal,50,0.457894,0.0115438,720,0.627778,0.463649,0.0143379
b4,4,1,b1,cross-calibration,b1_xcal,51,0.462201,0.0115431,720,0.630556,0.465577,0.0143409
b4,4,1,b1,cross-calibration,b1_xcal,52,0.458601,0.0115032,720,0.634722,0.467199,0.0143569
b4,4,1,b1,cross-calibration,b1_xcal,53,0.459721,0.0114705,720,0.648611,0.468215,0.0143418
b4,4,1,b1,cross-calibration,b1_xcal,54,0.463656,0.0114403,720,0.655556,0.46923,0.0143651
b4,4,1,b1,cross-calibration,b1_xcal,55,0.459058,0.011344,720,0.663889,0.470331,0.0143636
b4,4,1,b1,cross-calibration,b1_xcal,56,0.456877,0.0112493,720,0.672222,0.47199,0.0143711
b4,4,1,b1,cross-calibration,b1_xcal,57,0.458107,0.0111612,720,0.677778,0.473426,0.0143635
b4,4,1,b1,cross-calibration,b1_xcal,58,0.462623,0.0112203,720,0.684722,0.475806,0.0143413
b4,4,1,b1,cross-calibration,b1_xcal,59,0.466814,0.0111016,720,0.7,0.478428,0.014323
b4,4,1,b1,cross-calibration,b1_xcal,60,0.469173,0.0111105,720,0.708333,0.48012,0.0143075
b4,4,1,b1,cross-calibration,b1_xcal,61,0.470043,0.0111273,720,0.7125,0.481581,0.014302
b4,4,1,b1,cross-calibration,b1_xcal,62,0.475432,0.0111557,720,0.722222,0.48297,0.014305
b4,4,1,b1,cross-calibration,b1_xcal,63,0.482979,0.0111805,720,0.726389,0.484118,0.0143077
b4,4,1,b1,cross-calibration,b1_xcal,64,0.484916,0.0112265,720,0.731944,0.485565,0.0142952
b4,4,1,b1,cross-calibration,b1_xcal,65,0.487174,0.0111471,720,0.738889,0.48718,0.0143014
b4,4,1,b1,cross-calibration,b1_xcal,66,0.489753,0.0112206,720,0.747222,0.488847,0.0142879
b4,4,1,b1,cross-calibration,b1_xcal,67,0.496052,0.0112051,720,0.754167,0.490667,0.0142706
b4,4,1,b1,cross-calibration,b1_xcal,68,0.495458,0.0111755,720,0.756944,0.491786,0.014271
b4,4,1,b1,cross-calibration,b1_xcal,69,0.497438,0.0112271,720,0.759722,0.493347,0.0142681
b4,4,1,b1,cross-calibration,b1_xcal,70,0.497231,0.0113073,720,0.766667,0.494201,0.0142718
b4,4,1,b1,cross-calibration,b1_xcal,71,0.500758,0.01119,720,0.770833,0.495693,0.014251
b4,4,1,b1,cross-calibration,b1_xcal,72,0.502674,0.0111823,720,0.776389,0.49693,0.0142437
b4,4,1,b1,cross-calibration,b1_xcal,73,0.507562,0.0113172,720,0.780556,0.497825,0.0142326
b4,4,1,b1,cross-calibration,b1_xcal,74,0.511632,0.0113517,720,0.783333,0.499248,0.0142249
b4,4,1,b1,cross-calibration,b1_xcal,75,0.520106,0.0114208,720,0.790278,0.500403,0.0142099
b4,4,1,b1,cross-calibration,b1_xcal,76,0.525072,0.0115376,720,0.793056,0.501412,0.0142018
b4,4,1,b1,cross-calibration,b1_xcal,77,0.529789,0.0115466,720,0.801389,0.502402,0.014194
b4,4,1,b1,cross-calibration,b1_xcal,78,0.532481,0.0115717,720,0.809722,0.503417,0.0141779
b4,4,1,b1,cross-calibration,b1_xcal,79,0.533345,0.0114248,720,0.818056,0.50427,0.0141687
b4,4,1,b1,cross-calibration,b1_xcal,80,0.532946,0.0113673,720,0.820833,0.506025,0.0141494
b4,4,1,b1,cross-calibration,b1_xcal,81,0.538655,0.0113784,720,0.826389,0.507175,0.0141362
b4,4,1,b1,cross-calibration,b1_xcal,82,0.54073,0.0113581,720,0.831944,0.508568,0.0141279
b4,4,1,b1,cross-calibration,b1_xcal,83,0.542853,0.011292,720,0.8375,0.509507,0.0141031
b4,4,1,b1,cross-calibration,b1_xcal,84,0.545696,0.0112842,720,0.841667,0.510458,0.014084
b4,4,1,b1,cross-calibration,b1_xcal,85,0.545776,0.0112922,720,0.844444,0.511542,0.0140695
b4,4,1,b1,cross-calibration,b1_xcal,86,0.544796,0.0112261,720,0.844444,0.512206,0.0140577
b4,4,1,b1,cross-calibration,b1_xcal,87,0.54896,0.0111825,720,0.85,0.512842,0.0140488
b4,4,1,b1,cross-calibration,b1_xcal,88,0.54949,0.0111318,720,0.858333,0.513896,0.0140292
b4,4,1,b1,cross-calibration,b1_xcal,89,0.550136,0.011116,720,0.8625,0.514906,0.0140037
b4,4,1,b1,cross-calibration,b1_xcal,90,0.549002,0.011126,720,0.866667,0.515431,0.0139848
b4,4,1,b1,cross-calibration,b1_xcal,91,0.555102,0.0110885,720,0.870833,0.516343,0.0139811
b4,4,1,b1,cross-calibration,b1_xcal,92,0.554848,0.01107,720,0.870833,0.517183,0.0139678
b4,4,1,b1,cross-calibration,b1_xcal,93,0.555976,0.0110594,720,0.872222,0.517695,0.0139633
b4,4,1,b1,cross-calibration,b1_xcal,94,0.556988,0.0110525,720,0.876389,0.517863,0.0139523
b4,4,1,b1,cross-calibration,b1_xcal,95,0.555229,0.0110612,720,0.880556,0.518818,0.0139333
b4,4,1,b1,cross-calibration,b1_xcal,96,0.556519,0.0110137,720,0.884722,0.519563,0.0139074
b4,4,1,b1,cross-calibration,b1_xcal,97,0.557003,0.0109327,720,0.886111,0.520965,0.0138922
b4,4,1,b1,cross-calibration,b1_xcal,98,0.558456,0.0109436,720,0.890278,0.522216,0.0138708
b4,4,1,b1,cross-calibration,b1_xcal,99,0.561395,0.0109227,720,0.893056,0.522409,0.0138774
b4,4,1,b1,cross-calibration,b1_xcal,100,0.557977,0.0109237,720,0.894444,0.5228,0.0138702
b4,4,1,b1,cross-calibration,b1_xcal,101,0.560367,0.010834,720,0.894444,0.52373,0.0138619
b4,4,1,b1,cross-calibration,b1_xcal,102,0.561355,0.0107408,720,0.894444,0.524434,0.0138565
b4,4,1,b1,cross-calibration,b1_xcal,103,0.558447,0.0107861,720,0.894444,0.525054,0.0138502
b4,4,1,b1,cross-calibration,b1_xcal,104,0.558923,0.0107839,720,0.897222,0.52571,0.0138477
b4,4,1,b1,cross-calibration,b1_xcal,105,0.559744,0.0107532,720,0.9,0.526272,0.0138396
b4,4,1,b1,cross-calibration,b1_xcal,106,0.564297,0.0106571,720,0.901389,0.526574,0.0138401
b4,4,1,b1,cross-calibration,b1_xcal,107,0.563274,0.0107237,720,0.905556,0.527071,0.013827
b4,4,1,b1,cross-calibration,b1_xcal,108,0.562423,0.0106781,720,0.906944,0.527556,0.0138274
b4,4,1,b1,cross-calibration,b1_xcal,109,0.565027,0.0107072,720,0.909722,0.528425,0.0138001
b4,4,1,b1,cross-calibration,b1_xcal,110,0.566377,0.010836,720,0.909722,0.528769,0.0137986
b4,4,1,b1,cross-calibration,b1_xcal,111,0.571176,0.0107943,720,0.9125,0.529307,0.013795
b4,4,1,b1,cross-calibration,b1_xcal,112,0.574083,0.0106924,720,0.9125,0.529608,0.0137964
b4,4,1,b1,cross-calibration,b1_xcal,113,0.57475,0.0107221,720,0.918056,0.53016,0.0137763
b4,4,1,b1,cross-calibration,b1_xcal,114,0.573358,0.0107374,720,0.919444,0.530356,0.0137741
b4,4,1,b1,cross-calibration,b1_xcal,115,0.576183,0.01075,720,0.920833,0.530812,0.0137645
b4,4,1,b1,cross-calibration,b1_xcal,116,0.577312,0.010747,720,0.920833,0.5312,0.0137562
b4,4,1,b1,cross-calibration,b1_xcal,117,0.576959,0.0107148,720,0.922222,0.53164,0.0137421
b4,4,1,b1,cross-calibration,b1_xcal,118,0.576119,0.0107507,720,0.925,0.532086,0.0137265
b4,4,1,b1,cross-calibration,b1_xcal,119,0.574162,0.0107392,720,0.925,0.532561,0.0137235
b4,4,1,b1,cross-calibration,b1_xcal,120,0.578896,0.0107903,720,0.925,0.532974,0.0137161
b4,4,1,b1,cross-calibration,b1_xcal,121,0.578533,0.0108203,720,0.926389,0.533215,0.0137081
b4,4,1,b1,cross-calibration,b1_xcal,122,0.580495,0.0107936,720,0.926389,0.533456,0.0137029
b4,4,1,b1,cross-calibration,b1_xcal,123,0.583111,0.0107795,720,0.926389,0.53395,0.0136914
b4,4,1,b1,cross-calibration,b1_xcal,124,0.582957,0.010775,720,0.926389,0.534354,0.0136808
b4,4,1,b1,cross-calibration,b1_xcal,125,0.581097,0.0107276,720,0.926389,0.534457,0.0136721
b4,4,1,b1,cross-calibration,b1_xcal,126,0.582667,0.0106788,720,0.926389,0.53487,0.0136724
b4,4,1,b1,cross-calibration,b1_xcal,127,0.583125,0.0107647,720,0.926389,0.535191,0.0136661
b4,4,1,b1,cross-calibration,b1_xcal,128,0.58209,0.0107374,720,0.927778,0.535393,0.0136518
b4,4,1,b1,cross-calibration,b1_xcal,129,0.586024,0.0106316,720,0.929167,0.535654,0.0136371
b4,4,1,b1,cross-calibration,b1_xcal,130,0.583517,0.0106288,720,0.929167,0.536147,0.013628
b4,4,1,b1,cross-calibration,b1_xcal,131,0.583736,0.0106761,720,0.929167,0.536258,0.0136267
b4,4,1,b1,cross-calibration,b1_xcal,132,0.586253,0.0105624,720,0.930556,0.536876,0.0136102
b4,4,1,b1,cross-calibration,b1_xcal,133,0.585294,0.0105802,720,0.931944,0.536979,0.0136009
b4,4,1,b1,cross-calibration,b1_xcal,134,0.586904,0.0106085,720,0.933333,0.537204,0.0135929
b4,4,1,b1,cross-calibration,b1_xcal,135,0.587339,0.0105597,720,0.9375,0.537993,0.0135678
b4,4,1,b1,cross-calibration,b1_xcal,136,0.589805,0.0105801,720,0.940278,0.538223,0.0135573
b4,4,1,b1,cross-calibration,b1_xcal,137,0.589839,0.0105877,720,0.943056,0.538472,0.0135476
b4,4,1,b1,cross-calibration,b1_xcal,138,0.590859,0.0105221,720,0.943056,0.538724,0.0135419
b4,4,1,b1,cross-calibration,b1_xcal,139,0.592118,0.0105717,720,0.943056,0.53876,0.0135436
b4,4,1,b1,cross-calibration,b1_xcal,140,0.593721,0.0105363,720,0.943056,0.538896,0.0135429
b4,4,1,b1,cross-calibration,b1_xcal,141,0.593031,0.0105897,720,0.943056,0.538942,0.0135384
b4,4,1,b1,cross-calibration,b1_xcal,142,0.597835,0.0106057,720,0.943056,0.539153,0.0135342
b4,4,1,b1,cross-calibration,b1_xcal,143,0.59757,0.0105514,720,0.943056,0.539548,0.0135225
b4,4,1,b1,cross-calibration,b1_xcal,144,0.596348,0.0105109,720,0.944444,0.539761,0.0135209
b4,4,1,b1,cross-calibration,b1_xcal,145,0.596393,0.0105487,720,0.947222,0.540086,0.0135059
b4,4,1,b1,cross-calibration,b1_xcal,146,0.592472,0.010592,720,0.951389,0.540256,0.0134983
b4,4,1,b1,cross-calibration,b1_xcal,147,0.595849,0.0105359,720,0.951389,0.540706,0.0134829
b4,4,1,b1,cross-calibration,b1_xcal,148,0.594701,0.0105499,720,0.951389,0.540949,0.0134769
b4,4,1,b1,cross-calibration,b1_xcal,149,0.595843,0.0105158,720,0.951389,0.54124,0.0134733
b4,4,1,b1,cross-calibration,b1_xcal,150,0.595695,0.0104603,720,0.951389,0.541314,0.0134698
b4,4,2,b2,the labels line at the preset,b2_labels_b4,0,0.161905,0.00187239,720,0,0.417756,0.0133893
b4,4,2,b2,the labels line at the preset,b2_labels_b4,1,0.161905,0.00187239,720,0,0.417756,0.0133893
b4,4,2,b2,the labels line at the preset,b2_labels_b4,2,0.161905,0.00187239,720,0,0.417756,0.0133893
b4,4,2,b2,the labels line at the preset,b2_labels_b4,3,0.161905,0.00187239,720,0,0.417756,0.0133893
b4,4,2,b2,the labels line at the preset,b2_labels_b4,4,0.161905,0.00187239,720,0,0.417756,0.0133893
b4,4,2,b2,the labels line at the preset,b2_labels_b4,5,0.161905,0.00187239,720,0,0.417756,0.0133893
b4,4,2,b2,the labels line at the preset,b2_labels_b4,6,0.161905,0.00187239,720,0,0.417756,0.0133893
b4,4,2,b2,the labels line at the preset,b2_labels_b4,7,0.161905,0.00187239,720,0,0.417756,0.0133893
b4,4,2,b2,the labels line at the preset,b2_labels_b4,8,0.161905,0.00187239,720,0,0.417756,0.0133893
b4,4,2,b2,the labels line at the preset,b2_labels_b4,9,0.161905,0.00187239,720,0,0.417756,0.0133893
b4,4,2,b2,the labels line at the preset,b2_labels_b4,10,0.161905,0.00187239,720,0,0.417756,0.0133893
b4,4,2,b2,the labels line at the preset,b2_labels_b4,11,0.161905,0.00187239,720,0,0.417756,0.0133893
b4,4,2,b2,the labels line at the preset,b2_labels_b4,12,0.161905,0.00187239,720,0,0.417756,0.0133893
b4,4,2,b2,the labels line at the preset,b2_labels_b4,13,0.161905,0.00187239,720,0,0.417756,0.0133893
b4,4,2,b2,the labels line at the preset,b2_labels_b4,14,0.161905,0.00187239,720,0,0.417756,0.0133893
b4,4,2,b2,the labels line at the preset,b2_labels_b4,15,0.161905,0.00187239,720,0,0.417756,0.0133893
b4,4,2,b2,the labels line at the preset,b2_labels_b4,16,0.161905,0.00187239,720,0,0.417756,0.0133893
b4,4,2,b2,the labels line at the preset,b2_labels_b4,17,0.161905,0.00187239,720,0,0.417756,0.0133893
b4,4,2,b2,the labels line at the preset,b2_labels_b4,18,0.161905,0.00187239,720,0,0.417756,0.0133893
b4,4,2,b2,the labels line at the preset,b2_labels_b4,19,0.161905,0.00187239,720,0,0.417756,0.0133893
b4,4,2,b2,the labels line at the preset,b2_labels_b4,20,0.161905,0.00187239,720,0,0.417756,0.0133893
b4,4,2,b2,the labels line at the preset,b2_labels_b4,21,0.161905,0.00187239,720,0,0.417756,0.0133893
b4,4,2,b2,the labels line at the preset,b2_labels_b4,22,0.161905,0.00187239,720,0,0.417756,0.0133893
b4,4,2,b2,the labels line at the preset,b2_labels_b4,23,0.161595,0.00188389,720,0.00138889,0.417688,0.0133919
b4,4,2,b2,the labels line at the preset,b2_labels_b4,24,0.297282,0.0102465,720,0.277778,0.397433,0.0126832
b4,4,2,b2,the labels line at the preset,b2_labels_b4,25,0.345041,0.011188,720,0.365278,0.393392,0.0126439
b4,4,2,b2,the labels line at the preset,b2_labels_b4,26,0.361991,0.0115254,720,0.394444,0.395816,0.0127738
b4,4,2,b2,the labels line at the preset,b2_labels_b4,27,0.372868,0.0116909,720,0.416667,0.397749,0.0128895
b4,4,2,b2,the labels line at the preset,b2_labels_b4,28,0.385066,0.011882,720,0.434722,0.402983,0.0130394
b4,4,2,b2,the labels line at the preset,b2_labels_b4,29,0.393005,0.0119879,720,0.455556,0.406298,0.013178
b4,4,2,b2,the labels line at the preset,b2_labels_b4,30,0.401947,0.0120445,720,0.469444,0.409211,0.0132812
b4,4,2,b2,the labels line at the preset,b2_labels_b4,31,0.410934,0.0121001,720,0.477778,0.413529,0.0133951
b4,4,2,b2,the labels line at the preset,b2_labels_b4,32,0.418712,0.0122179,720,0.483333,0.417495,0.0134663
b4,4,2,b2,the labels line at the preset,b2_labels_b4,33,0.423565,0.0121724,720,0.488889,0.421678,0.0135475
b4,4,2,b2,the labels line at the preset,b2_labels_b4,34,0.433456,0.012199,720,0.498611,0.425587,0.0136624
b4,4,2,b2,the labels line at the preset,b2_labels_b4,35,0.435714,0.0122708,720,0.506944,0.42793,0.0137107
b4,4,2,b2,the labels line at the preset,b2_labels_b4,36,0.442193,0.0123315,720,0.518056,0.430346,0.013778
b4,4,2,b2,the labels line at the preset,b2_labels_b4,37,0.446873,0.0123464,720,0.526389,0.433029,0.0138431
b4,4,2,b2,the labels line at the preset,b2_labels_b4,38,0.452554,0.0123741,720,0.534722,0.436105,0.0138953
b4,4,2,b2,the labels line at the preset,b2_labels_b4,39,0.456243,0.0124046,720,0.545833,0.438604,0.0139089
b4,4,2,b2,the labels line at the preset,b2_labels_b4,40,0.461268,0.0124206,720,0.558333,0.441708,0.0139578
b4,4,2,b2,the labels line at the preset,b2_labels_b4,41,0.463067,0.0124547,720,0.563889,0.443429,0.0139879
b4,4,2,b2,the labels line at the preset,b2_labels_b4,42,0.465313,0.0124993,720,0.570833,0.444569,0.014028
b4,4,2,b2,the labels line at the preset,b2_labels_b4,43,0.468433,0.0124955,720,0.580556,0.44523,0.014049
b4,4,2,b2,the labels line at the preset,b2_labels_b4,44,0.472734,0.0125207,720,0.590278,0.447477,0.0140638
b4,4,2,b2,the labels line at the preset,b2_labels_b4,45,0.474423,0.012512,720,0.601389,0.448568,0.0140827
b4,4,2,b2,the labels line at the preset,b2_labels_b4,46,0.47863,0.0125423,720,0.605556,0.450131,0.0140788
b4,4,2,b2,the labels line at the preset,b2_labels_b4,47,0.481806,0.0125641,720,0.619444,0.449917,0.0141144
b4,4,2,b2,the labels line at the preset,b2_labels_b4,48,0.48244,0.0125407,720,0.622222,0.450957,0.0141197
b4,4,2,b2,the labels line at the preset,b2_labels_b4,49,0.486103,0.0124955,720,0.627778,0.45245,0.0141156
b4,4,2,b2,the labels line at the preset,b2_labels_b4,50,0.48795,0.0124738,720,0.627778,0.453523,0.0141097
b4,4,2,b2,the labels line at the preset,b2_labels_b4,51,0.492638,0.0124479,720,0.630556,0.455278,0.0141085
b4,4,2,b2,the labels line at the preset,b2_labels_b4,52,0.493694,0.0125059,720,0.634722,0.456562,0.014099
b4,4,2,b2,the labels line at the preset,b2_labels_b4,53,0.494726,0.0124738,720,0.648611,0.457666,0.0140852
b4,4,2,b2,the labels line at the preset,b2_labels_b4,54,0.496316,0.0124878,720,0.655556,0.458144,0.0140956
b4,4,2,b2,the labels line at the preset,b2_labels_b4,55,0.497537,0.0124614,720,0.663889,0.458885,0.014088
b4,4,2,b2,the labels line at the preset,b2_labels_b4,56,0.499088,0.0124503,720,0.672222,0.460072,0.0140941
b4,4,2,b2,the labels line at the preset,b2_labels_b4,57,0.499338,0.0124624,720,0.677778,0.461162,0.014076
b4,4,2,b2,the labels line at the preset,b2_labels_b4,58,0.502556,0.0123949,720,0.684722,0.463226,0.0140512
b4,4,2,b2,the labels line at the preset,b2_labels_b4,59,0.506748,0.0123551,720,0.7,0.465461,0.0140364
b4,4,2,b2,the labels line at the preset,b2_labels_b4,60,0.509478,0.0123152,720,0.708333,0.467159,0.0140216
b4,4,2,b2,the labels line at the preset,b2_labels_b4,61,0.512886,0.0122798,720,0.7125,0.468397,0.0140129
b4,4,2,b2,the labels line at the preset,b2_labels_b4,62,0.515168,0.0122472,720,0.722222,0.469546,0.0140193
b4,4,2,b2,the labels line at the preset,b2_labels_b4,63,0.516849,0.0122046,720,0.726389,0.47073,0.014009
b4,4,2,b2,the labels line at the preset,b2_labels_b4,64,0.518978,0.0121923,720,0.731944,0.472453,0.0139934
b4,4,2,b2,the labels line at the preset,b2_labels_b4,65,0.519188,0.012155,720,0.738889,0.474406,0.0139876
b4,4,2,b2,the labels line at the preset,b2_labels_b4,66,0.521708,0.0121321,720,0.747222,0.475945,0.0139755
b4,4,2,b2,the labels line at the preset,b2_labels_b4,67,0.523984,0.0120779,720,0.754167,0.47769,0.0139652
b4,4,2,b2,the labels line at the preset,b2_labels_b4,68,0.527591,0.0120095,720,0.756944,0.478433,0.0139564
b4,4,2,b2,the labels line at the preset,b2_labels_b4,69,0.527018,0.0120334,720,0.759722,0.479615,0.0139636
b4,4,2,b2,the labels line at the preset,b2_labels_b4,70,0.528043,0.0120311,720,0.766667,0.480339,0.0139733
b4,4,2,b2,the labels line at the preset,b2_labels_b4,71,0.530641,0.0119576,720,0.770833,0.481825,0.0139661
b4,4,2,b2,the labels line at the preset,b2_labels_b4,72,0.53127,0.0120019,720,0.776389,0.483348,0.0139547
b4,4,2,b2,the labels line at the preset,b2_labels_b4,73,0.528979,0.0120741,720,0.780556,0.4839,0.0139468
b4,4,2,b2,the labels line at the preset,b2_labels_b4,74,0.529731,0.0121194,720,0.783333,0.484699,0.0139438
b4,4,2,b2,the labels line at the preset,b2_labels_b4,75,0.531129,0.0121204,720,0.790278,0.486301,0.013922
b4,4,2,b2,the labels line at the preset,b2_labels_b4,76,0.534124,0.01207,720,0.793056,0.487113,0.0139119
b4,4,2,b2,the labels line at the preset,b2_labels_b4,77,0.537916,0.0119931,720,0.801389,0.488553,0.0139017
b4,4,2,b2,the labels line at the preset,b2_labels_b4,78,0.539125,0.0119837,720,0.809722,0.489525,0.0138937
b4,4,2,b2,the labels line at the preset,b2_labels_b4,79,0.542525,0.0119323,720,0.818056,0.490981,0.0138836
b4,4,2,b2,the labels line at the preset,b2_labels_b4,80,0.545735,0.0118736,720,0.820833,0.492725,0.0138631
b4,4,2,b2,the labels line at the preset,b2_labels_b4,81,0.546272,0.0118804,720,0.826389,0.493905,0.013854
b4,4,2,b2,the labels line at the preset,b2_labels_b4,82,0.546327,0.0119092,720,0.831944,0.495084,0.0138279
b4,4,2,b2,the labels line at the preset,b2_labels_b4,83,0.546872,0.0119119,720,0.8375,0.496249,0.0138189
b4,4,2,b2,the labels line at the preset,b2_labels_b4,84,0.551357,0.0117932,720,0.841667,0.497173,0.0138152
b4,4,2,b2,the labels line at the preset,b2_labels_b4,85,0.5508,0.0118836,720,0.844444,0.498389,0.0138035
b4,4,2,b2,the labels line at the preset,b2_labels_b4,86,0.553996,0.0118256,720,0.844444,0.498968,0.0137996
b4,4,2,b2,the labels line at the preset,b2_labels_b4,87,0.553064,0.0118427,720,0.85,0.499786,0.0137975
b4,4,2,b2,the labels line at the preset,b2_labels_b4,88,0.555879,0.0118099,720,0.858333,0.501094,0.0137787
b4,4,2,b2,the labels line at the preset,b2_labels_b4,89,0.557011,0.0117869,720,0.8625,0.501953,0.013764
b4,4,2,b2,the labels line at the preset,b2_labels_b4,90,0.55902,0.0117713,720,0.866667,0.502954,0.0137596
b4,4,2,b2,the labels line at the preset,b2_labels_b4,91,0.5605,0.0117919,720,0.870833,0.503439,0.0137516
b4,4,2,b2,the labels line at the preset,b2_labels_b4,92,0.563124,0.0117195,720,0.870833,0.504084,0.0137452
b4,4,2,b2,the labels line at the preset,b2_labels_b4,93,0.564074,0.0116658,720,0.872222,0.504719,0.0137343
b4,4,2,b2,the labels line at the preset,b2_labels_b4,94,0.564246,0.0116972,720,0.876389,0.505202,0.0137302
b4,4,2,b2,the labels line at the preset,b2_labels_b4,95,0.565627,0.0115663,720,0.880556,0.505778,0.0137176
b4,4,2,b2,the labels line at the preset,b2_labels_b4,96,0.566568,0.0115952,720,0.884722,0.507058,0.0136938
b4,4,2,b2,the labels line at the preset,b2_labels_b4,97,0.569948,0.0114907,720,0.886111,0.508294,0.0136768
b4,4,2,b2,the labels line at the preset,b2_labels_b4,98,0.571763,0.011462,720,0.890278,0.509099,0.0136688
b4,4,2,b2,the labels line at the preset,b2_labels_b4,99,0.572638,0.0114626,720,0.893056,0.509517,0.0136831
b4,4,2,b2,the labels line at the preset,b2_labels_b4,100,0.573566,0.0114331,720,0.894444,0.509939,0.0136796
b4,4,2,b2,the labels line at the preset,b2_labels_b4,101,0.574509,0.0113788,720,0.894444,0.510462,0.0136734
b4,4,2,b2,the labels line at the preset,b2_labels_b4,102,0.573767,0.0114171,720,0.894444,0.511066,0.01367
b4,4,2,b2,the labels line at the preset,b2_labels_b4,103,0.574081,0.0114137,720,0.894444,0.511502,0.013662
b4,4,2,b2,the labels line at the preset,b2_labels_b4,104,0.574782,0.0114687,720,0.897222,0.5117,0.0136694
b4,4,2,b2,the labels line at the preset,b2_labels_b4,105,0.577026,0.0113443,720,0.9,0.512207,0.0136563
b4,4,2,b2,the labels line at the preset,b2_labels_b4,106,0.577004,0.011392,720,0.901389,0.512886,0.0136481
b4,4,2,b2,the labels line at the preset,b2_labels_b4,107,0.579128,0.0113723,720,0.905556,0.513415,0.0136398
b4,4,2,b2,the labels line at the preset,b2_labels_b4,108,0.577746,0.0114252,720,0.906944,0.513966,0.0136371
b4,4,2,b2,the labels line at the preset,b2_labels_b4,109,0.578725,0.0114139,720,0.909722,0.514981,0.0136114
b4,4,2,b2,the labels line at the preset,b2_labels_b4,110,0.580023,0.0113802,720,0.909722,0.515396,0.0136058
b4,4,2,b2,the labels line at the preset,b2_labels_b4,111,0.578986,0.011362,720,0.9125,0.515686,0.0135976
b4,4,2,b2,the labels line at the preset,b2_labels_b4,112,0.579665,0.0113465,720,0.9125,0.515888,0.0135951
b4,4,2,b2,the labels line at the preset,b2_labels_b4,113,0.580622,0.0112657,720,0.918056,0.516825,0.0135719
b4,4,2,b2,the labels line at the preset,b2_labels_b4,114,0.580619,0.0113183,720,0.919444,0.517192,0.0135731
b4,4,2,b2,the labels line at the preset,b2_labels_b4,115,0.581501,0.0113092,720,0.920833,0.517582,0.0135722
b4,4,2,b2,the labels line at the preset,b2_labels_b4,116,0.584004,0.0112469,720,0.920833,0.518003,0.0135685
b4,4,2,b2,the labels line at the preset,b2_labels_b4,117,0.583699,0.0112575,720,0.922222,0.518493,0.0135549
b4,4,2,b2,the labels line at the preset,b2_labels_b4,118,0.583928,0.011225,720,0.925,0.519114,0.0135517
b4,4,2,b2,the labels line at the preset,b2_labels_b4,119,0.582857,0.011314,720,0.925,0.519539,0.0135479
b4,4,2,b2,the labels line at the preset,b2_labels_b4,120,0.583887,0.0112908,720,0.925,0.520334,0.0135358
b4,4,2,b2,the labels line at the preset,b2_labels_b4,121,0.582613,0.0113331,720,0.926389,0.520761,0.0135295
b4,4,2,b2,the labels line at the preset,b2_labels_b4,122,0.583282,0.0113325,720,0.926389,0.521231,0.0135354
b4,4,2,b2,the labels line at the preset,b2_labels_b4,123,0.584599,0.0113134,720,0.926389,0.521409,0.013534
b4,4,2,b2,the labels line at the preset,b2_labels_b4,124,0.585559,0.0112379,720,0.926389,0.521712,0.0135253
b4,4,2,b2,the labels line at the preset,b2_labels_b4,125,0.586113,0.0112212,720,0.926389,0.522093,0.0135173
b4,4,2,b2,the labels line at the preset,b2_labels_b4,126,0.585494,0.0112928,720,0.926389,0.522404,0.0135201
b4,4,2,b2,the labels line at the preset,b2_labels_b4,127,0.585854,0.0112408,720,0.926389,0.522709,0.0135147
b4,4,2,b2,the labels line at the preset,b2_labels_b4,128,0.589521,0.0111545,720,0.927778,0.523149,0.013507
b4,4,2,b2,the labels line at the preset,b2_labels_b4,129,0.590224,0.0110706,720,0.929167,0.52358,0.0134984
b4,4,2,b2,the labels line at the preset,b2_labels_b4,130,0.590141,0.0110702,720,0.929167,0.523637,0.0135033
b4,4,2,b2,the labels line at the preset,b2_labels_b4,131,0.590531,0.0110884,720,0.929167,0.523991,0.0134989
b4,4,2,b2,the labels line at the preset,b2_labels_b4,132,0.590011,0.0111126,720,0.930556,0.524291,0.0134936
b4,4,2,b2,the labels line at the preset,b2_labels_b4,133,0.591145,0.0110584,720,0.931944,0.524864,0.013481
b4,4,2,b2,the labels line at the preset,b2_labels_b4,134,0.590624,0.0110789,720,0.933333,0.524797,0.0134797
b4,4,2,b2,the labels line at the preset,b2_labels_b4,135,0.591935,0.0110707,720,0.9375,0.525186,0.0134622
b4,4,2,b2,the labels line at the preset,b2_labels_b4,136,0.592446,0.0110598,720,0.940278,0.525517,0.013448
b4,4,2,b2,the labels line at the preset,b2_labels_b4,137,0.592083,0.0110432,720,0.943056,0.525538,0.013447
b4,4,2,b2,the labels line at the preset,b2_labels_b4,138,0.591464,0.0110632,720,0.943056,0.525924,0.0134354
b4,4,2,b2,the labels line at the preset,b2_labels_b4,139,0.592228,0.0110334,720,0.943056,0.526173,0.013432
b4,4,2,b2,the labels line at the preset,b2_labels_b4,140,0.594247,0.0109591,720,0.943056,0.526506,0.0134306
b4,4,2,b2,the labels line at the preset,b2_labels_b4,141,0.595055,0.0109494,720,0.943056,0.526913,0.0134238
b4,4,2,b2,the labels line at the preset,b2_labels_b4,142,0.595488,0.0110123,720,0.943056,0.527145,0.0134307
b4,4,2,b2,the labels line at the preset,b2_labels_b4,143,0.592984,0.0110681,720,0.943056,0.527438,0.0134328
b4,4,2,b2,the labels line at the preset,b2_labels_b4,144,0.592703,0.011039,720,0.944444,0.527845,0.0134222
b4,4,2,b2,the labels line at the preset,b2_labels_b4,145,0.593618,0.0110105,720,0.947222,0.528471,0.013408
b4,4,2,b2,the labels line at the preset,b2_labels_b4,146,0.594921,0.0110005,720,0.951389,0.528944,0.0133993
b4,4,2,b2,the labels line at the preset,b2_labels_b4,147,0.5938,0.0109764,720,0.951389,0.529164,0.0133955
b4,4,2,b2,the labels line at the preset,b2_labels_b4,148,0.595773,0.0109405,720,0.951389,0.529316,0.0133908
b4,4,2,b2,the labels line at the preset,b2_labels_b4,149,0.596071,0.0109502,720,0.951389,0.529354,0.0133916
b4,4,2,b2,the labels line at the preset,b2_labels_b4,150,0.59543,0.0109639,720,0.951389,0.529599,0.0133887
b4,4,3,b3,+ the relative spread floor,b3_floor_b4,0,0.161905,0.00187239,720,0,0.417756,0.0133893
b4,4,3,b3,+ the relative spread floor,b3_floor_b4,1,0.161905,0.00187239,720,0,0.417756,0.0133893
b4,4,3,b3,+ the relative spread floor,b3_floor_b4,2,0.161905,0.00187239,720,0,0.417756,0.0133893
b4,4,3,b3,+ the relative spread floor,b3_floor_b4,3,0.161905,0.00187239,720,0,0.417756,0.0133893
b4,4,3,b3,+ the relative spread floor,b3_floor_b4,4,0.161905,0.00187239,720,0,0.417756,0.0133893
b4,4,3,b3,+ the relative spread floor,b3_floor_b4,5,0.161905,0.00187239,720,0,0.417756,0.0133893
b4,4,3,b3,+ the relative spread floor,b3_floor_b4,6,0.161905,0.00187239,720,0,0.417756,0.0133893
b4,4,3,b3,+ the relative spread floor,b3_floor_b4,7,0.161905,0.00187239,720,0,0.417756,0.0133893
b4,4,3,b3,+ the relative spread floor,b3_floor_b4,8,0.161905,0.00187239,720,0,0.417756,0.0133893
b4,4,3,b3,+ the relative spread floor,b3_floor_b4,9,0.161905,0.00187239,720,0,0.417756,0.0133893
b4,4,3,b3,+ the relative spread floor,b3_floor_b4,10,0.161905,0.00187239,720,0,0.417756,0.0133893
b4,4,3,b3,+ the relative spread floor,b3_floor_b4,11,0.161905,0.00187239,720,0,0.417756,0.0133893
b4,4,3,b3,+ the relative spread floor,b3_floor_b4,12,0.161905,0.00187239,720,0,0.417756,0.0133893
b4,4,3,b3,+ the relative spread floor,b3_floor_b4,13,0.161905,0.00187239,720,0,0.417756,0.0133893
b4,4,3,b3,+ the relative spread floor,b3_floor_b4,14,0.161905,0.00187239,720,0,0.417756,0.0133893
b4,4,3,b3,+ the relative spread floor,b3_floor_b4,15,0.161905,0.00187239,720,0,0.417756,0.0133893
b4,4,3,b3,+ the relative spread floor,b3_floor_b4,16,0.161905,0.00187239,720,0,0.417756,0.0133893
b4,4,3,b3,+ the relative spread floor,b3_floor_b4,17,0.161905,0.00187239,720,0,0.417756,0.0133893
b4,4,3,b3,+ the relative spread floor,b3_floor_b4,18,0.161905,0.00187239,720,0,0.417756,0.0133893
b4,4,3,b3,+ the relative spread floor,b3_floor_b4,19,0.161905,0.00187239,720,0,0.417756,0.0133893
b4,4,3,b3,+ the relative spread floor,b3_floor_b4,20,0.161905,0.00187239,720,0,0.417756,0.0133893
b4,4,3,b3,+ the relative spread floor,b3_floor_b4,21,0.161905,0.00187239,720,0,0.417756,0.0133893
b4,4,3,b3,+ the relative spread floor,b3_floor_b4,22,0.161905,0.00187239,720,0,0.417756,0.0133893
b4,4,3,b3,+ the relative spread floor,b3_floor_b4,23,0.161833,0.00187049,720,0.00138889,0.417688,0.0133919
b4,4,3,b3,+ the relative spread floor,b3_floor_b4,24,0.312258,0.0106204,720,0.277778,0.397433,0.0126832
b4,4,3,b3,+ the relative spread floor,b3_floor_b4,25,0.359908,0.0113819,720,0.365278,0.39321,0.0126295
b4,4,3,b3,+ the relative spread floor,b3_floor_b4,26,0.376627,0.01156,720,0.394444,0.394961,0.0127551
b4,4,3,b3,+ the relative spread floor,b3_floor_b4,27,0.388193,0.011688,720,0.416667,0.39711,0.0128752
b4,4,3,b3,+ the relative spread floor,b3_floor_b4,28,0.402618,0.0117813,720,0.434722,0.402222,0.0130198
b4,4,3,b3,+ the relative spread floor,b3_floor_b4,29,0.411248,0.0119621,720,0.455556,0.406612,0.0131624
b4,4,3,b3,+ the relative spread floor,b3_floor_b4,30,0.419058,0.0119011,720,0.469444,0.409249,0.0132653
b4,4,3,b3,+ the relative spread floor,b3_floor_b4,31,0.424712,0.0119524,720,0.477778,0.413285,0.013378
b4,4,3,b3,+ the relative spread floor,b3_floor_b4,32,0.429341,0.0120018,720,0.483333,0.418746,0.0134987
b4,4,3,b3,+ the relative spread floor,b3_floor_b4,33,0.431858,0.011976,720,0.488889,0.422554,0.0135672
b4,4,3,b3,+ the relative spread floor,b3_floor_b4,34,0.437522,0.0120511,720,0.498611,0.426631,0.0136854
b4,4,3,b3,+ the relative spread floor,b3_floor_b4,35,0.440562,0.0120074,720,0.506944,0.429578,0.0137472
b4,4,3,b3,+ the relative spread floor,b3_floor_b4,36,0.447439,0.0121214,720,0.518056,0.432478,0.0138245
b4,4,3,b3,+ the relative spread floor,b3_floor_b4,37,0.45119,0.012191,720,0.526389,0.434847,0.0138799
b4,4,3,b3,+ the relative spread floor,b3_floor_b4,38,0.455762,0.0121983,720,0.534722,0.437927,0.0139285
b4,4,3,b3,+ the relative spread floor,b3_floor_b4,39,0.458748,0.012245,720,0.545833,0.439638,0.0139329
b4,4,3,b3,+ the relative spread floor,b3_floor_b4,40,0.46425,0.012289,720,0.558333,0.441931,0.0139678
b4,4,3,b3,+ the relative spread floor,b3_floor_b4,41,0.46617,0.0122489,720,0.563889,0.443609,0.0139992
b4,4,3,b3,+ the relative spread floor,b3_floor_b4,42,0.468623,0.0122612,720,0.570833,0.445379,0.0140475
b4,4,3,b3,+ the relative spread floor,b3_floor_b4,43,0.46876,0.0122206,720,0.580556,0.445628,0.0140693
b4,4,3,b3,+ the relative spread floor,b3_floor_b4,44,0.471854,0.0121976,720,0.590278,0.447495,0.0140819
b4,4,3,b3,+ the relative spread floor,b3_floor_b4,45,0.473259,0.0122393,720,0.601389,0.448448,0.0141086
b4,4,3,b3,+ the relative spread floor,b3_floor_b4,46,0.475656,0.0122315,720,0.605556,0.45001,0.0141079
b4,4,3,b3,+ the relative spread floor,b3_floor_b4,47,0.47889,0.0122775,720,0.619444,0.449868,0.0141375
b4,4,3,b3,+ the relative spread floor,b3_floor_b4,48,0.47845,0.0122382,720,0.622222,0.450979,0.0141311
b4,4,3,b3,+ the relative spread floor,b3_floor_b4,49,0.48065,0.0122262,720,0.627778,0.452225,0.0141218
b4,4,3,b3,+ the relative spread floor,b3_floor_b4,50,0.481415,0.0122052,720,0.627778,0.453712,0.0141167
b4,4,3,b3,+ the relative spread floor,b3_floor_b4,51,0.483543,0.0122406,720,0.630556,0.455141,0.0141264
b4,4,3,b3,+ the relative spread floor,b3_floor_b4,52,0.484812,0.0122397,720,0.634722,0.456289,0.0141178
b4,4,3,b3,+ the relative spread floor,b3_floor_b4,53,0.486258,0.0122196,720,0.648611,0.457712,0.014113
b4,4,3,b3,+ the relative spread floor,b3_floor_b4,54,0.488002,0.0122022,720,0.655556,0.458205,0.0141143
b4,4,3,b3,+ the relative spread floor,b3_floor_b4,55,0.488246,0.0121677,720,0.663889,0.459021,0.0141166
b4,4,3,b3,+ the relative spread floor,b3_floor_b4,56,0.4917,0.012184,720,0.672222,0.45986,0.0141199
b4,4,3,b3,+ the relative spread floor,b3_floor_b4,57,0.492944,0.0121719,720,0.677778,0.461059,0.0141015
b4,4,3,b3,+ the relative spread floor,b3_floor_b4,58,0.492771,0.0121714,720,0.684722,0.463263,0.0140768
b4,4,3,b3,+ the relative spread floor,b3_floor_b4,59,0.497735,0.0120809,720,0.7,0.465741,0.0140604
b4,4,3,b3,+ the relative spread floor,b3_floor_b4,60,0.50004,0.0120087,720,0.708333,0.467517,0.0140633
b4,4,3,b3,+ the relative spread floor,b3_floor_b4,61,0.501385,0.0120281,720,0.7125,0.468566,0.0140537
b4,4,3,b3,+ the relative spread floor,b3_floor_b4,62,0.504509,0.0120467,720,0.722222,0.470067,0.014059
b4,4,3,b3,+ the relative spread floor,b3_floor_b4,63,0.506237,0.0120091,720,0.726389,0.471404,0.0140547
b4,4,3,b3,+ the relative spread floor,b3_floor_b4,64,0.505741,0.0120345,720,0.731944,0.472889,0.0140484
b4,4,3,b3,+ the relative spread floor,b3_floor_b4,65,0.508199,0.0120095,720,0.738889,0.474919,0.0140437
b4,4,3,b3,+ the relative spread floor,b3_floor_b4,66,0.510573,0.0119095,720,0.747222,0.47686,0.0140146
b4,4,3,b3,+ the relative spread floor,b3_floor_b4,67,0.512378,0.0118987,720,0.754167,0.478434,0.0140062
b4,4,3,b3,+ the relative spread floor,b3_floor_b4,68,0.512969,0.0118561,720,0.756944,0.479939,0.0139916
b4,4,3,b3,+ the relative spread floor,b3_floor_b4,69,0.515138,0.0118595,720,0.759722,0.481329,0.0139891
b4,4,3,b3,+ the relative spread floor,b3_floor_b4,70,0.516398,0.0118828,720,0.766667,0.482069,0.0139956
b4,4,3,b3,+ the relative spread floor,b3_floor_b4,71,0.517695,0.0117995,720,0.770833,0.483035,0.0139797
b4,4,3,b3,+ the relative spread floor,b3_floor_b4,72,0.518193,0.0118155,720,0.776389,0.483896,0.0139814
b4,4,3,b3,+ the relative spread floor,b3_floor_b4,73,0.517809,0.0118651,720,0.780556,0.485132,0.0139687
b4,4,3,b3,+ the relative spread floor,b3_floor_b4,74,0.519523,0.0118991,720,0.783333,0.486211,0.0139649
b4,4,3,b3,+ the relative spread floor,b3_floor_b4,75,0.521404,0.011925,720,0.790278,0.487769,0.0139522
b4,4,3,b3,+ the relative spread floor,b3_floor_b4,76,0.523601,0.0119304,720,0.793056,0.488787,0.0139402
b4,4,3,b3,+ the relative spread floor,b3_floor_b4,77,0.525411,0.011897,720,0.801389,0.489745,0.0139327
b4,4,3,b3,+ the relative spread floor,b3_floor_b4,78,0.52776,0.0118813,720,0.809722,0.490863,0.0139222
b4,4,3,b3,+ the relative spread floor,b3_floor_b4,79,0.530983,0.0118257,720,0.818056,0.492214,0.0139101
b4,4,3,b3,+ the relative spread floor,b3_floor_b4,80,0.532739,0.0118335,720,0.820833,0.493734,0.0138825
b4,4,3,b3,+ the relative spread floor,b3_floor_b4,81,0.533991,0.0118109,720,0.826389,0.494686,0.013874
b4,4,3,b3,+ the relative spread floor,b3_floor_b4,82,0.534553,0.0118144,720,0.831944,0.49607,0.0138538
b4,4,3,b3,+ the relative spread floor,b3_floor_b4,83,0.537469,0.0118001,720,0.8375,0.497168,0.0138373
b4,4,3,b3,+ the relative spread floor,b3_floor_b4,84,0.539177,0.0117619,720,0.841667,0.498152,0.0138302
b4,4,3,b3,+ the relative spread floor,b3_floor_b4,85,0.538622,0.0117877,720,0.844444,0.499374,0.0138198
b4,4,3,b3,+ the relative spread floor,b3_floor_b4,86,0.541668,0.0117559,720,0.844444,0.500252,0.013814
b4,4,3,b3,+ the relative spread floor,b3_floor_b4,87,0.543508,0.0117592,720,0.85,0.501026,0.0138103
b4,4,3,b3,+ the relative spread floor,b3_floor_b4,88,0.545917,0.0117118,720,0.858333,0.50184,0.0137997
b4,4,3,b3,+ the relative spread floor,b3_floor_b4,89,0.544865,0.0117877,720,0.8625,0.502743,0.0137895
b4,4,3,b3,+ the relative spread floor,b3_floor_b4,90,0.548577,0.0117158,720,0.866667,0.503788,0.0137916
b4,4,3,b3,+ the relative spread floor,b3_floor_b4,91,0.550543,0.0117166,720,0.870833,0.504273,0.0137887
b4,4,3,b3,+ the relative spread floor,b3_floor_b4,92,0.552377,0.0116515,720,0.870833,0.504861,0.0137868
b4,4,3,b3,+ the relative spread floor,b3_floor_b4,93,0.554381,0.0116053,720,0.872222,0.505284,0.0137852
b4,4,3,b3,+ the relative spread floor,b3_floor_b4,94,0.556872,0.0114721,720,0.876389,0.506207,0.0137744
b4,4,3,b3,+ the relative spread floor,b3_floor_b4,95,0.556386,0.0114989,720,0.880556,0.506841,0.0137578
b4,4,3,b3,+ the relative spread floor,b3_floor_b4,96,0.558917,0.0114467,720,0.884722,0.507578,0.013739
b4,4,3,b3,+ the relative spread floor,b3_floor_b4,97,0.559714,0.0114578,720,0.886111,0.508645,0.0137256
b4,4,3,b3,+ the relative spread floor,b3_floor_b4,98,0.560787,0.0114509,720,0.890278,0.509524,0.0137075
b4,4,3,b3,+ the relative spread floor,b3_floor_b4,99,0.562297,0.0114347,720,0.893056,0.509815,0.0137252
b4,4,3,b3,+ the relative spread floor,b3_floor_b4,100,0.561584,0.0114293,720,0.894444,0.510322,0.0137165
b4,4,3,b3,+ the relative spread floor,b3_floor_b4,101,0.562253,0.0114388,720,0.894444,0.511147,0.0137049
b4,4,3,b3,+ the relative spread floor,b3_floor_b4,102,0.562603,0.0114469,720,0.894444,0.511901,0.0137026
b4,4,3,b3,+ the relative spread floor,b3_floor_b4,103,0.562387,0.0114604,720,0.894444,0.512362,0.0136985
b4,4,3,b3,+ the relative spread floor,b3_floor_b4,104,0.561767,0.0115011,720,0.897222,0.512722,0.0136972
b4,4,3,b3,+ the relative spread floor,b3_floor_b4,105,0.563342,0.0114995,720,0.9,0.513271,0.0136864
b4,4,3,b3,+ the relative spread floor,b3_floor_b4,106,0.565634,0.0114284,720,0.901389,0.514005,0.0136818
b4,4,3,b3,+ the relative spread floor,b3_floor_b4,107,0.566841,0.0113899,720,0.905556,0.514757,0.0136686
b4,4,3,b3,+ the relative spread floor,b3_floor_b4,108,0.568455,0.0113941,720,0.906944,0.515329,0.0136619
b4,4,3,b3,+ the relative spread floor,b3_floor_b4,109,0.568465,0.0114553,720,0.909722,0.516087,0.0136425
b4,4,3,b3,+ the relative spread floor,b3_floor_b4,110,0.570059,0.0114136,720,0.909722,0.516379,0.0136343
b4,4,3,b3,+ the relative spread floor,b3_floor_b4,111,0.569141,0.0114296,720,0.9125,0.516779,0.0136318
b4,4,3,b3,+ the relative spread floor,b3_floor_b4,112,0.569561,0.0114229,720,0.9125,0.517255,0.0136222
b4,4,3,b3,+ the relative spread floor,b3_floor_b4,113,0.570311,0.0114196,720,0.918056,0.517862,0.0136113
b4,4,3,b3,+ the relative spread floor,b3_floor_b4,114,0.570738,0.011424,720,0.919444,0.518219,0.0136035
b4,4,3,b3,+ the relative spread floor,b3_floor_b4,115,0.572947,0.0113755,720,0.920833,0.518581,0.0136023
b4,4,3,b3,+ the relative spread floor,b3_floor_b4,116,0.573794,0.0113761,720,0.920833,0.519201,0.0136004
b4,4,3,b3,+ the relative spread floor,b3_floor_b4,117,0.575703,0.0113487,720,0.922222,0.519661,0.0135858
b4,4,3,b3,+ the relative spread floor,b3_floor_b4,118,0.574973,0.0113246,720,0.925,0.520192,0.0135814
b4,4,3,b3,+ the relative spread floor,b3_floor_b4,119,0.574669,0.0113507,720,0.925,0.5207,0.0135767
b4,4,3,b3,+ the relative spread floor,b3_floor_b4,120,0.575174,0.011368,720,0.925,0.520992,0.0135664
b4,4,3,b3,+ the relative spread floor,b3_floor_b4,121,0.576992,0.0113292,720,0.926389,0.52161,0.0135609
b4,4,3,b3,+ the relative spread floor,b3_floor_b4,122,0.577101,0.011339,720,0.926389,0.521922,0.0135568
b4,4,3,b3,+ the relative spread floor,b3_floor_b4,123,0.578417,0.0113134,720,0.926389,0.521937,0.013557
b4,4,3,b3,+ the relative spread floor,b3_floor_b4,124,0.576701,0.0113452,720,0.926389,0.522097,0.0135559
b4,4,3,b3,+ the relative spread floor,b3_floor_b4,125,0.579097,0.0112859,720,0.926389,0.522502,0.0135589
b4,4,3,b3,+ the relative spread floor,b3_floor_b4,126,0.578837,0.0112984,720,0.926389,0.522618,0.0135607
b4,4,3,b3,+ the relative spread floor,b3_floor_b4,127,0.580094,0.0113541,720,0.926389,0.522721,0.0135577
b4,4,3,b3,+ the relative spread floor,b3_floor_b4,128,0.581551,0.0113064,720,0.927778,0.523203,0.0135407
b4,4,3,b3,+ the relative spread floor,b3_floor_b4,129,0.583803,0.0111881,720,0.929167,0.523749,0.0135348
b4,4,3,b3,+ the relative spread floor,b3_floor_b4,130,0.584474,0.0111857,720,0.929167,0.524061,0.0135283
b4,4,3,b3,+ the relative spread floor,b3_floor_b4,131,0.583599,0.0111644,720,0.929167,0.52437,0.0135225
b4,4,3,b3,+ the relative spread floor,b3_floor_b4,132,0.583946,0.011156,720,0.930556,0.524728,0.0135122
b4,4,3,b3,+ the relative spread floor,b3_floor_b4,133,0.584061,0.0111788,720,0.931944,0.524963,0.0135095
b4,4,3,b3,+ the relative spread floor,b3_floor_b4,134,0.584807,0.0111392,720,0.933333,0.52507,0.0135052
b4,4,3,b3,+ the relative spread floor,b3_floor_b4,135,0.584325,0.0111602,720,0.9375,0.525407,0.0134914
b4,4,3,b3,+ the relative spread floor,b3_floor_b4,136,0.58394,0.0112413,720,0.940278,0.525705,0.0134836
b4,4,3,b3,+ the relative spread floor,b3_floor_b4,137,0.58564,0.0111588,720,0.943056,0.526115,0.0134823
b4,4,3,b3,+ the relative spread floor,b3_floor_b4,138,0.584768,0.0112327,720,0.943056,0.526121,0.0134775
b4,4,3,b3,+ the relative spread floor,b3_floor_b4,139,0.587414,0.011146,720,0.943056,0.52652,0.0134751
b4,4,3,b3,+ the relative spread floor,b3_floor_b4,140,0.589187,0.0110852,720,0.943056,0.526819,0.0134735
b4,4,3,b3,+ the relative spread floor,b3_floor_b4,141,0.59031,0.0110866,720,0.943056,0.526993,0.0134709
b4,4,3,b3,+ the relative spread floor,b3_floor_b4,142,0.58931,0.011105,720,0.943056,0.527403,0.0134703
b4,4,3,b3,+ the relative spread floor,b3_floor_b4,143,0.588394,0.011141,720,0.943056,0.527395,0.0134772
b4,4,3,b3,+ the relative spread floor,b3_floor_b4,144,0.586093,0.0111809,720,0.944444,0.527552,0.0134757
b4,4,3,b3,+ the relative spread floor,b3_floor_b4,145,0.585234,0.0112177,720,0.947222,0.527906,0.0134609
b4,4,3,b3,+ the relative spread floor,b3_floor_b4,146,0.585663,0.0111753,720,0.951389,0.528027,0.0134536
b4,4,3,b3,+ the relative spread floor,b3_floor_b4,147,0.588863,0.0110545,720,0.951389,0.528258,0.0134459
b4,4,3,b3,+ the relative spread floor,b3_floor_b4,148,0.587631,0.0111305,720,0.951389,0.52861,0.0134402
b4,4,3,b3,+ the relative spread floor,b3_floor_b4,149,0.590241,0.0110509,720,0.951389,0.529295,0.0134354
b4,4,3,b3,+ the relative spread floor,b3_floor_b4,150,0.590165,0.0110597,720,0.951389,0.52971,0.0134291
b4,4,4,b4,+ the weak-separation check,b4_check_b4,0,0.161905,0.00187239,720,0,0.417756,0.0133893
b4,4,4,b4,+ the weak-separation check,b4_check_b4,1,0.161905,0.00187239,720,0,0.417756,0.0133893
b4,4,4,b4,+ the weak-separation check,b4_check_b4,2,0.161905,0.00187239,720,0,0.417756,0.0133893
b4,4,4,b4,+ the weak-separation check,b4_check_b4,3,0.161905,0.00187239,720,0,0.417756,0.0133893
b4,4,4,b4,+ the weak-separation check,b4_check_b4,4,0.161905,0.00187239,720,0,0.417756,0.0133893
b4,4,4,b4,+ the weak-separation check,b4_check_b4,5,0.161905,0.00187239,720,0,0.417756,0.0133893
b4,4,4,b4,+ the weak-separation check,b4_check_b4,6,0.161905,0.00187239,720,0,0.417756,0.0133893
b4,4,4,b4,+ the weak-separation check,b4_check_b4,7,0.161905,0.00187239,720,0,0.417756,0.0133893
b4,4,4,b4,+ the weak-separation check,b4_check_b4,8,0.161905,0.00187239,720,0,0.417756,0.0133893
b4,4,4,b4,+ the weak-separation check,b4_check_b4,9,0.161905,0.00187239,720,0,0.417756,0.0133893
b4,4,4,b4,+ the weak-separation check,b4_check_b4,10,0.161905,0.00187239,720,0,0.417756,0.0133893
b4,4,4,b4,+ the weak-separation check,b4_check_b4,11,0.161905,0.00187239,720,0,0.417756,0.0133893
b4,4,4,b4,+ the weak-separation check,b4_check_b4,12,0.161905,0.00187239,720,0,0.417756,0.0133893
b4,4,4,b4,+ the weak-separation check,b4_check_b4,13,0.161905,0.00187239,720,0,0.417756,0.0133893
b4,4,4,b4,+ the weak-separation check,b4_check_b4,14,0.161905,0.00187239,720,0,0.417756,0.0133893
b4,4,4,b4,+ the weak-separation check,b4_check_b4,15,0.161905,0.00187239,720,0,0.417756,0.0133893
b4,4,4,b4,+ the weak-separation check,b4_check_b4,16,0.161905,0.00187239,720,0,0.417756,0.0133893
b4,4,4,b4,+ the weak-separation check,b4_check_b4,17,0.161905,0.00187239,720,0,0.417756,0.0133893
b4,4,4,b4,+ the weak-separation check,b4_check_b4,18,0.161905,0.00187239,720,0,0.417756,0.0133893
b4,4,4,b4,+ the weak-separation check,b4_check_b4,19,0.161905,0.00187239,720,0,0.417756,0.0133893
b4,4,4,b4,+ the weak-separation check,b4_check_b4,20,0.161905,0.00187239,720,0,0.417756,0.0133893
b4,4,4,b4,+ the weak-separation check,b4_check_b4,21,0.161905,0.00187239,720,0,0.417756,0.0133893
b4,4,4,b4,+ the weak-separation check,b4_check_b4,22,0.161905,0.00187239,720,0,0.417756,0.0133893
b4,4,4,b4,+ the weak-separation check,b4_check_b4,23,0.161833,0.00187049,720,0.00138889,0.417688,0.0133919
b4,4,4,b4,+ the weak-separation check,b4_check_b4,24,0.312258,0.0106204,720,0.277778,0.397433,0.0126832
b4,4,4,b4,+ the weak-separation check,b4_check_b4,25,0.359908,0.0113819,720,0.365278,0.39321,0.0126295
b4,4,4,b4,+ the weak-separation check,b4_check_b4,26,0.376627,0.01156,720,0.394444,0.394961,0.0127551
b4,4,4,b4,+ the weak-separation check,b4_check_b4,27,0.388043,0.0116885,720,0.416667,0.397005,0.0128717
b4,4,4,b4,+ the weak-separation check,b4_check_b4,28,0.402032,0.0117879,720,0.434722,0.402039,0.0130169
b4,4,4,b4,+ the weak-separation check,b4_check_b4,29,0.410767,0.0119573,720,0.455556,0.406144,0.0131628
b4,4,4,b4,+ the weak-separation check,b4_check_b4,30,0.417955,0.0118914,720,0.469444,0.408549,0.0132647
b4,4,4,b4,+ the weak-separation check,b4_check_b4,31,0.42334,0.0119387,720,0.477778,0.412205,0.0133732
b4,4,4,b4,+ the weak-separation check,b4_check_b4,32,0.427369,0.0119708,720,0.483333,0.416714,0.013476
b4,4,4,b4,+ the weak-separation check,b4_check_b4,33,0.430259,0.0119396,720,0.488889,0.420268,0.0135318
b4,4,4,b4,+ the weak-separation check,b4_check_b4,34,0.4355,0.0120157,720,0.498611,0.423696,0.0136479
b4,4,4,b4,+ the weak-separation check,b4_check_b4,35,0.438271,0.0119728,720,0.506944,0.426106,0.0137076
b4,4,4,b4,+ the weak-separation check,b4_check_b4,36,0.445007,0.0120533,720,0.518056,0.427987,0.0137671
b4,4,4,b4,+ the weak-separation check,b4_check_b4,37,0.448645,0.0121198,720,0.526389,0.430221,0.0138174
b4,4,4,b4,+ the weak-separation check,b4_check_b4,38,0.452134,0.0121291,720,0.534722,0.43254,0.0138617
b4,4,4,b4,+ the weak-separation check,b4_check_b4,39,0.455402,0.0121702,720,0.545833,0.434604,0.0138707
b4,4,4,b4,+ the weak-separation check,b4_check_b4,40,0.459671,0.0122264,720,0.558333,0.437041,0.0139271
b4,4,4,b4,+ the weak-separation check,b4_check_b4,41,0.461148,0.0122252,720,0.563889,0.43849,0.0139641
b4,4,4,b4,+ the weak-separation check,b4_check_b4,42,0.463297,0.0122312,720,0.570833,0.44067,0.0140138
b4,4,4,b4,+ the weak-separation check,b4_check_b4,43,0.463981,0.0122068,720,0.580556,0.441249,0.0140399
b4,4,4,b4,+ the weak-separation check,b4_check_b4,44,0.466959,0.0121991,720,0.590278,0.443166,0.0140557
b4,4,4,b4,+ the weak-separation check,b4_check_b4,45,0.468836,0.0121728,720,0.601389,0.44428,0.0140687
b4,4,4,b4,+ the weak-separation check,b4_check_b4,46,0.471173,0.0121609,720,0.605556,0.44609,0.0140712
b4,4,4,b4,+ the weak-separation check,b4_check_b4,47,0.473471,0.0122038,720,0.619444,0.445766,0.0141034
b4,4,4,b4,+ the weak-separation check,b4_check_b4,48,0.475065,0.0121838,720,0.622222,0.447101,0.0140915
b4,4,4,b4,+ the weak-separation check,b4_check_b4,49,0.477155,0.0121465,720,0.627778,0.448237,0.0140722
b4,4,4,b4,+ the weak-separation check,b4_check_b4,50,0.477959,0.0121515,720,0.627778,0.449409,0.0140736
b4,4,4,b4,+ the weak-separation check,b4_check_b4,51,0.481167,0.0121845,720,0.630556,0.450982,0.0140808
b4,4,4,b4,+ the weak-separation check,b4_check_b4,52,0.482061,0.0121915,720,0.634722,0.452344,0.0140834
b4,4,4,b4,+ the weak-separation check,b4_check_b4,53,0.483315,0.0121585,720,0.648611,0.453506,0.0140746
b4,4,4,b4,+ the weak-separation check,b4_check_b4,54,0.485067,0.0121501,720,0.655556,0.454267,0.0140864
b4,4,4,b4,+ the weak-separation check,b4_check_b4,55,0.484998,0.0121557,720,0.663889,0.456196,0.0140859
b4,4,4,b4,+ the weak-separation check,b4_check_b4,56,0.488586,0.0121877,720,0.672222,0.457752,0.0140796
b4,4,4,b4,+ the weak-separation check,b4_check_b4,57,0.489626,0.0121973,720,0.677778,0.459262,0.0140743
b4,4,4,b4,+ the weak-separation check,b4_check_b4,58,0.490735,0.0121869,720,0.684722,0.461128,0.0140453
b4,4,4,b4,+ the weak-separation check,b4_check_b4,59,0.495548,0.0121548,720,0.7,0.464635,0.0140187
b4,4,4,b4,+ the weak-separation check,b4_check_b4,60,0.499822,0.0120731,720,0.708333,0.466958,0.0140078
b4,4,4,b4,+ the weak-separation check,b4_check_b4,61,0.50178,0.0120741,720,0.7125,0.468411,0.0140162
b4,4,4,b4,+ the weak-separation check,b4_check_b4,62,0.503572,0.0121243,720,0.722222,0.469626,0.0140223
b4,4,4,b4,+ the weak-separation check,b4_check_b4,63,0.505532,0.0120611,720,0.726389,0.470625,0.0140176
b4,4,4,b4,+ the weak-separation check,b4_check_b4,64,0.507636,0.0120415,720,0.731944,0.472326,0.0140197
b4,4,4,b4,+ the weak-separation check,b4_check_b4,65,0.510044,0.0120078,720,0.738889,0.474829,0.0140118
b4,4,4,b4,+ the weak-separation check,b4_check_b4,66,0.511642,0.0119313,720,0.747222,0.476754,0.0139864
b4,4,4,b4,+ the weak-separation check,b4_check_b4,67,0.514271,0.0119203,720,0.754167,0.478294,0.0139839
b4,4,4,b4,+ the weak-separation check,b4_check_b4,68,0.515332,0.0118821,720,0.756944,0.479377,0.0139694
b4,4,4,b4,+ the weak-separation check,b4_check_b4,69,0.516187,0.0118709,720,0.759722,0.480953,0.013962
b4,4,4,b4,+ the weak-separation check,b4_check_b4,70,0.517385,0.0118474,720,0.766667,0.481983,0.0139811
b4,4,4,b4,+ the weak-separation check,b4_check_b4,71,0.516955,0.011853,720,0.770833,0.483231,0.0139629
b4,4,4,b4,+ the weak-separation check,b4_check_b4,72,0.518732,0.0118168,720,0.776389,0.483988,0.0139633
b4,4,4,b4,+ the weak-separation check,b4_check_b4,73,0.521636,0.0117904,720,0.780556,0.48541,0.0139465
b4,4,4,b4,+ the weak-separation check,b4_check_b4,74,0.522905,0.011855,720,0.783333,0.486152,0.0139542
b4,4,4,b4,+ the weak-separation check,b4_check_b4,75,0.525631,0.0118681,720,0.790278,0.487333,0.0139398
b4,4,4,b4,+ the weak-separation check,b4_check_b4,76,0.526316,0.011926,720,0.793056,0.488355,0.0139193
b4,4,4,b4,+ the weak-separation check,b4_check_b4,77,0.529541,0.011888,720,0.801389,0.489187,0.0139065
b4,4,4,b4,+ the weak-separation check,b4_check_b4,78,0.530366,0.0118818,720,0.809722,0.490777,0.0138763
b4,4,4,b4,+ the weak-separation check,b4_check_b4,79,0.533079,0.0118444,720,0.818056,0.492074,0.0138596
b4,4,4,b4,+ the weak-separation check,b4_check_b4,80,0.535378,0.0117923,720,0.820833,0.493333,0.0138414
b4,4,4,b4,+ the weak-separation check,b4_check_b4,81,0.538224,0.0117313,720,0.826389,0.494292,0.0138293
b4,4,4,b4,+ the weak-separation check,b4_check_b4,82,0.540046,0.0117388,720,0.831944,0.49578,0.0138043
b4,4,4,b4,+ the weak-separation check,b4_check_b4,83,0.54164,0.0117431,720,0.8375,0.496838,0.0137862
b4,4,4,b4,+ the weak-separation check,b4_check_b4,84,0.543984,0.0116914,720,0.841667,0.497876,0.0137726
b4,4,4,b4,+ the weak-separation check,b4_check_b4,85,0.546579,0.0116396,720,0.844444,0.499145,0.0137595
b4,4,4,b4,+ the weak-separation check,b4_check_b4,86,0.546688,0.0116564,720,0.844444,0.500006,0.0137507
b4,4,4,b4,+ the weak-separation check,b4_check_b4,87,0.549314,0.0116179,720,0.85,0.500955,0.0137414
b4,4,4,b4,+ the weak-separation check,b4_check_b4,88,0.552097,0.0115479,720,0.858333,0.501756,0.0137304
b4,4,4,b4,+ the weak-separation check,b4_check_b4,89,0.553716,0.0115442,720,0.8625,0.502818,0.0137192
b4,4,4,b4,+ the weak-separation check,b4_check_b4,90,0.555509,0.0115364,720,0.866667,0.50391,0.0137156
b4,4,4,b4,+ the weak-separation check,b4_check_b4,91,0.557959,0.0115241,720,0.870833,0.504575,0.0137072
b4,4,4,b4,+ the weak-separation check,b4_check_b4,92,0.558753,0.0114696,720,0.870833,0.505718,0.0136936
b4,4,4,b4,+ the weak-separation check,b4_check_b4,93,0.558827,0.0114802,720,0.872222,0.506298,0.0137004
b4,4,4,b4,+ the weak-separation check,b4_check_b4,94,0.560799,0.0113894,720,0.876389,0.507171,0.0136978
b4,4,4,b4,+ the weak-separation check,b4_check_b4,95,0.560999,0.0113899,720,0.880556,0.508126,0.0136721
b4,4,4,b4,+ the weak-separation check,b4_check_b4,96,0.563053,0.0113782,720,0.884722,0.509109,0.0136499
b4,4,4,b4,+ the weak-separation check,b4_check_b4,97,0.565709,0.0113658,720,0.886111,0.51036,0.0136357
b4,4,4,b4,+ the weak-separation check,b4_check_b4,98,0.566688,0.0113816,720,0.890278,0.511407,0.0136179
b4,4,4,b4,+ the weak-separation check,b4_check_b4,99,0.567705,0.0113483,720,0.893056,0.512618,0.0136101
b4,4,4,b4,+ the weak-separation check,b4_check_b4,100,0.567229,0.011325,720,0.894444,0.512832,0.0136067
b4,4,4,b4,+ the weak-separation check,b4_check_b4,101,0.569024,0.0112581,720,0.894444,0.513365,0.0135959
b4,4,4,b4,+ the weak-separation check,b4_check_b4,102,0.570512,0.011212,720,0.894444,0.514366,0.0135839
b4,4,4,b4,+ the weak-separation check,b4_check_b4,103,0.570064,0.0112334,720,0.894444,0.514996,0.0135775
b4,4,4,b4,+ the weak-separation check,b4_check_b4,104,0.571519,0.0112404,720,0.897222,0.516315,0.0135509
b4,4,4,b4,+ the weak-separation check,b4_check_b4,105,0.573336,0.0111891,720,0.9,0.516985,0.0135429
b4,4,4,b4,+ the weak-separation check,b4_check_b4,106,0.574556,0.011161,720,0.901389,0.517529,0.0135274
b4,4,4,b4,+ the weak-separation check,b4_check_b4,107,0.574884,0.0111829,720,0.905556,0.518345,0.0135106
b4,4,4,b4,+ the weak-separation check,b4_check_b4,108,0.575923,0.0111306,720,0.906944,0.519068,0.0134948
b4,4,4,b4,+ the weak-separation check,b4_check_b4,109,0.578477,0.011121,720,0.909722,0.520341,0.0134681
b4,4,4,b4,+ the weak-separation check,b4_check_b4,110,0.578105,0.0111476,720,0.909722,0.520889,0.0134599
b4,4,4,b4,+ the weak-separation check,b4_check_b4,111,0.578074,0.0111799,720,0.9125,0.52143,0.0134495
b4,4,4,b4,+ the weak-separation check,b4_check_b4,112,0.578772,0.0111327,720,0.9125,0.521873,0.0134415
b4,4,4,b4,+ the weak-separation check,b4_check_b4,113,0.580562,0.0111491,720,0.918056,0.522474,0.0134275
b4,4,4,b4,+ the weak-separation check,b4_check_b4,114,0.582902,0.0110823,720,0.919444,0.523119,0.0134183
b4,4,4,b4,+ the weak-separation check,b4_check_b4,115,0.582717,0.0110758,720,0.920833,0.523761,0.0134069
b4,4,4,b4,+ the weak-separation check,b4_check_b4,116,0.584727,0.0110566,720,0.920833,0.524359,0.0133984
b4,4,4,b4,+ the weak-separation check,b4_check_b4,117,0.584028,0.0110801,720,0.922222,0.524694,0.0133892
b4,4,4,b4,+ the weak-separation check,b4_check_b4,118,0.585118,0.0110423,720,0.925,0.525429,0.0133765
b4,4,4,b4,+ the weak-separation check,b4_check_b4,119,0.585416,0.0110731,720,0.925,0.526208,0.01336
b4,4,4,b4,+ the weak-separation check,b4_check_b4,120,0.588605,0.0110426,720,0.925,0.52643,0.0133571
b4,4,4,b4,+ the weak-separation check,b4_check_b4,121,0.589343,0.0110033,720,0.926389,0.527131,0.0133454
b4,4,4,b4,+ the weak-separation check,b4_check_b4,122,0.589185,0.0109496,720,0.926389,0.527172,0.0133426
b4,4,4,b4,+ the weak-separation check,b4_check_b4,123,0.59051,0.0109456,720,0.926389,0.527453,0.0133402
b4,4,4,b4,+ the weak-separation check,b4_check_b4,124,0.590512,0.0108744,720,0.926389,0.52783,0.0133348
b4,4,4,b4,+ the weak-separation check,b4_check_b4,125,0.591435,0.0109122,720,0.926389,0.527968,0.0133408
b4,4,4,b4,+ the weak-separation check,b4_check_b4,126,0.593279,0.0108609,720,0.926389,0.52826,0.0133407
b4,4,4,b4,+ the weak-separation check,b4_check_b4,127,0.594545,0.0108872,720,0.926389,0.528449,0.0133369
b4,4,4,b4,+ the weak-separation check,b4_check_b4,128,0.595989,0.0108299,720,0.927778,0.528928,0.0133306
b4,4,4,b4,+ the weak-separation check,b4_check_b4,129,0.596778,0.0108047,720,0.929167,0.529701,0.0133264
b4,4,4,b4,+ the weak-separation check,b4_check_b4,130,0.599267,0.0107206,720,0.929167,0.529969,0.0133217
b4,4,4,b4,+ the weak-separation check,b4_check_b4,131,0.59794,0.0107709,720,0.929167,0.530046,0.0133168
b4,4,4,b4,+ the weak-separation check,b4_check_b4,132,0.599245,0.0106896,720,0.930556,0.530284,0.01331
b4,4,4,b4,+ the weak-separation check,b4_check_b4,133,0.600101,0.0107197,720,0.931944,0.530695,0.0133047
b4,4,4,b4,+ the weak-separation check,b4_check_b4,134,0.599873,0.0107415,720,0.933333,0.530974,0.0132994
b4,4,4,b4,+ the weak-separation check,b4_check_b4,135,0.600231,0.0107276,720,0.9375,0.532093,0.01327
b4,4,4,b4,+ the weak-separation check,b4_check_b4,136,0.601271,0.010738,720,0.940278,0.532516,0.0132609
b4,4,4,b4,+ the weak-separation check,b4_check_b4,137,0.601149,0.0107359,720,0.943056,0.53286,0.0132567
b4,4,4,b4,+ the weak-separation check,b4_check_b4,138,0.602587,0.010708,720,0.943056,0.533074,0.0132514
b4,4,4,b4,+ the weak-separation check,b4_check_b4,139,0.601345,0.0107662,720,0.943056,0.533558,0.0132471
b4,4,4,b4,+ the weak-separation check,b4_check_b4,140,0.602895,0.0106939,720,0.943056,0.53361,0.0132456
b4,4,4,b4,+ the weak-separation check,b4_check_b4,141,0.60332,0.0107255,720,0.943056,0.534136,0.013235
b4,4,4,b4,+ the weak-separation check,b4_check_b4,142,0.602855,0.0107107,720,0.943056,0.534433,0.0132335
b4,4,4,b4,+ the weak-separation check,b4_check_b4,143,0.603162,0.0106986,720,0.943056,0.53471,0.0132281
b4,4,4,b4,+ the weak-separation check,b4_check_b4,144,0.603382,0.0106549,720,0.944444,0.535051,0.0132235
b4,4,4,b4,+ the weak-separation check,b4_check_b4,145,0.602766,0.0106599,720,0.947222,0.535389,0.0132087
b4,4,4,b4,+ the weak-separation check,b4_check_b4,146,0.604642,0.0105789,720,0.951389,0.53555,0.0132028
b4,4,4,b4,+ the weak-separation check,b4_check_b4,147,0.605044,0.0105899,720,0.951389,0.535698,0.0132042
b4,4,4,b4,+ the weak-separation check,b4_check_b4,148,0.605449,0.0105667,720,0.951389,0.53591,0.0132041
b4,4,4,b4,+ the weak-separation check,b4_check_b4,149,0.605327,0.0106157,720,0.951389,0.53615,0.013206
b4,4,4,b4,+ the weak-separation check,b4_check_b4,150,0.606921,0.0105544,720,0.951389,0.536384,0.0131993
b4,4,5,b5,+ even-odds asking (today's sessions),b5_app_b4,0,0.161905,0.00187239,720,0,0.417756,0.0133893
b4,4,5,b5,+ even-odds asking (today's sessions),b5_app_b4,1,0.161905,0.00187239,720,0,0.417756,0.0133893
b4,4,5,b5,+ even-odds asking (today's sessions),b5_app_b4,2,0.161905,0.00187239,720,0,0.417756,0.0133893
b4,4,5,b5,+ even-odds asking (today's sessions),b5_app_b4,3,0.161905,0.00187239,720,0,0.417756,0.0133893
b4,4,5,b5,+ even-odds asking (today's sessions),b5_app_b4,4,0.161905,0.00187239,720,0,0.417756,0.0133893
b4,4,5,b5,+ even-odds asking (today's sessions),b5_app_b4,5,0.161905,0.00187239,720,0,0.417756,0.0133893
b4,4,5,b5,+ even-odds asking (today's sessions),b5_app_b4,6,0.161905,0.00187239,720,0,0.417756,0.0133893
b4,4,5,b5,+ even-odds asking (today's sessions),b5_app_b4,7,0.161905,0.00187239,720,0,0.417756,0.0133893
b4,4,5,b5,+ even-odds asking (today's sessions),b5_app_b4,8,0.161905,0.00187239,720,0,0.417756,0.0133893
b4,4,5,b5,+ even-odds asking (today's sessions),b5_app_b4,9,0.161905,0.00187239,720,0,0.417756,0.0133893
b4,4,5,b5,+ even-odds asking (today's sessions),b5_app_b4,10,0.161905,0.00187239,720,0,0.417756,0.0133893
b4,4,5,b5,+ even-odds asking (today's sessions),b5_app_b4,11,0.161905,0.00187239,720,0,0.417756,0.0133893
b4,4,5,b5,+ even-odds asking (today's sessions),b5_app_b4,12,0.161905,0.00187239,720,0,0.417756,0.0133893
b4,4,5,b5,+ even-odds asking (today's sessions),b5_app_b4,13,0.161905,0.00187239,720,0,0.417756,0.0133893
b4,4,5,b5,+ even-odds asking (today's sessions),b5_app_b4,14,0.161905,0.00187239,720,0,0.417756,0.0133893
b4,4,5,b5,+ even-odds asking (today's sessions),b5_app_b4,15,0.161905,0.00187239,720,0,0.417756,0.0133893
b4,4,5,b5,+ even-odds asking (today's sessions),b5_app_b4,16,0.161905,0.00187239,720,0,0.417756,0.0133893
b4,4,5,b5,+ even-odds asking (today's sessions),b5_app_b4,17,0.161905,0.00187239,720,0,0.417756,0.0133893
b4,4,5,b5,+ even-odds asking (today's sessions),b5_app_b4,18,0.161905,0.00187239,720,0,0.417756,0.0133893
b4,4,5,b5,+ even-odds asking (today's sessions),b5_app_b4,19,0.161905,0.00187239,720,0,0.417756,0.0133893
b4,4,5,b5,+ even-odds asking (today's sessions),b5_app_b4,20,0.161905,0.00187239,720,0,0.417756,0.0133893
b4,4,5,b5,+ even-odds asking (today's sessions),b5_app_b4,21,0.161905,0.00187239,720,0,0.417756,0.0133893
b4,4,5,b5,+ even-odds asking (today's sessions),b5_app_b4,22,0.161905,0.00187239,720,0,0.417756,0.0133893
b4,4,5,b5,+ even-odds asking (today's sessions),b5_app_b4,23,0.161833,0.00187049,720,0.00138889,0.417688,0.0133919
b4,4,5,b5,+ even-odds asking (today's sessions),b5_app_b4,24,0.312242,0.0106207,720,0.277778,0.39743,0.0126834
b4,4,5,b5,+ even-odds asking (today's sessions),b5_app_b4,25,0.361203,0.011518,720,0.365278,0.395223,0.0127119
b4,4,5,b5,+ even-odds asking (today's sessions),b5_app_b4,26,0.377317,0.0117381,720,0.394444,0.39772,0.012856
b4,4,5,b5,+ even-odds asking (today's sessions),b5_app_b4,27,0.389847,0.0118309,720,0.416667,0.399587,0.0129813
b4,4,5,b5,+ even-odds asking (today's sessions),b5_app_b4,28,0.402865,0.011996,720,0.434722,0.40485,0.0131293
b4,4,5,b5,+ even-odds asking (today's sessions),b5_app_b4,29,0.410634,0.0120481,720,0.455556,0.408422,0.0132687
b4,4,5,b5,+ even-odds asking (today's sessions),b5_app_b4,30,0.417346,0.0120027,720,0.469444,0.409986,0.0133432
b4,4,5,b5,+ even-odds asking (today's sessions),b5_app_b4,31,0.422855,0.0120521,720,0.477778,0.412565,0.0134368
b4,4,5,b5,+ even-odds asking (today's sessions),b5_app_b4,32,0.425583,0.0121268,720,0.483333,0.41394,0.01347
b4,4,5,b5,+ even-odds asking (today's sessions),b5_app_b4,33,0.429174,0.012163,720,0.488889,0.417831,0.013548
b4,4,5,b5,+ even-odds asking (today's sessions),b5_app_b4,34,0.433204,0.0121471,720,0.498611,0.42034,0.0136256
b4,4,5,b5,+ even-odds asking (today's sessions),b5_app_b4,35,0.435341,0.0120856,720,0.506944,0.422123,0.0136631
b4,4,5,b5,+ even-odds asking (today's sessions),b5_app_b4,36,0.441946,0.0121476,720,0.518056,0.423491,0.0136724
b4,4,5,b5,+ even-odds asking (today's sessions),b5_app_b4,37,0.448404,0.0122225,720,0.526389,0.426179,0.0137073
b4,4,5,b5,+ even-odds asking (today's sessions),b5_app_b4,38,0.450529,0.0122309,720,0.534722,0.427496,0.0137407
b4,4,5,b5,+ even-odds asking (today's sessions),b5_app_b4,39,0.456371,0.0123251,720,0.545833,0.431318,0.0137821
b4,4,5,b5,+ even-odds asking (today's sessions),b5_app_b4,40,0.459797,0.0123246,720,0.558333,0.43562,0.0138504
b4,4,5,b5,+ even-odds asking (today's sessions),b5_app_b4,41,0.46451,0.0123981,720,0.563889,0.437945,0.0138892
b4,4,5,b5,+ even-odds asking (today's sessions),b5_app_b4,42,0.46701,0.0123993,720,0.570833,0.439519,0.0139209
b4,4,5,b5,+ even-odds asking (today's sessions),b5_app_b4,43,0.469605,0.0123948,720,0.580556,0.440056,0.0139639
b4,4,5,b5,+ even-odds asking (today's sessions),b5_app_b4,44,0.47313,0.0123736,720,0.590278,0.442005,0.0139644
b4,4,5,b5,+ even-odds asking (today's sessions),b5_app_b4,45,0.475441,0.0123761,720,0.601389,0.443814,0.0139878
b4,4,5,b5,+ even-odds asking (today's sessions),b5_app_b4,46,0.478899,0.0123915,720,0.605556,0.446164,0.0139978
b4,4,5,b5,+ even-odds asking (today's sessions),b5_app_b4,47,0.482472,0.0124543,720,0.619444,0.446152,0.0140643
b4,4,5,b5,+ even-odds asking (today's sessions),b5_app_b4,48,0.482914,0.012445,720,0.622222,0.447501,0.0140753
b4,4,5,b5,+ even-odds asking (today's sessions),b5_app_b4,49,0.48531,0.0124493,720,0.627778,0.449733,0.014087
b4,4,5,b5,+ even-odds asking (today's sessions),b5_app_b4,50,0.487045,0.0124616,720,0.627778,0.45112,0.0141153
b4,4,5,b5,+ even-odds asking (today's sessions),b5_app_b4,51,0.489209,0.0124704,720,0.630556,0.453559,0.0141451
b4,4,5,b5,+ even-odds asking (today's sessions),b5_app_b4,52,0.488636,0.0124408,720,0.634722,0.455456,0.0141631
b4,4,5,b5,+ even-odds asking (today's sessions),b5_app_b4,53,0.490562,0.0124328,720,0.648611,0.456814,0.0141649
b4,4,5,b5,+ even-odds asking (today's sessions),b5_app_b4,54,0.4918,0.0124542,720,0.655556,0.458576,0.0141925
b4,4,5,b5,+ even-odds asking (today's sessions),b5_app_b4,55,0.492776,0.0124678,720,0.663889,0.459552,0.0141863
b4,4,5,b5,+ even-odds asking (today's sessions),b5_app_b4,56,0.494758,0.0124565,720,0.672222,0.460564,0.0141851
b4,4,5,b5,+ even-odds asking (today's sessions),b5_app_b4,57,0.496565,0.0124726,720,0.677778,0.462159,0.014177
b4,4,5,b5,+ even-odds asking (today's sessions),b5_app_b4,58,0.498646,0.0124353,720,0.684722,0.464005,0.0141492
b4,4,5,b5,+ even-odds asking (today's sessions),b5_app_b4,59,0.504217,0.0123815,720,0.7,0.467617,0.0141012
b4,4,5,b5,+ even-odds asking (today's sessions),b5_app_b4,60,0.507503,0.0123109,720,0.708333,0.469705,0.0141004
b4,4,5,b5,+ even-odds asking (today's sessions),b5_app_b4,61,0.509474,0.0123333,720,0.7125,0.471149,0.0141067
b4,4,5,b5,+ even-odds asking (today's sessions),b5_app_b4,62,0.511728,0.0123031,720,0.722222,0.472649,0.0141096
b4,4,5,b5,+ even-odds asking (today's sessions),b5_app_b4,63,0.512994,0.0122368,720,0.726389,0.472979,0.0141156
b4,4,5,b5,+ even-odds asking (today's sessions),b5_app_b4,64,0.515967,0.0122604,720,0.731944,0.475355,0.0141064
b4,4,5,b5,+ even-odds asking (today's sessions),b5_app_b4,65,0.518218,0.0121882,720,0.738889,0.477159,0.0140943
b4,4,5,b5,+ even-odds asking (today's sessions),b5_app_b4,66,0.519772,0.0121535,720,0.747222,0.479653,0.0140806
b4,4,5,b5,+ even-odds asking (today's sessions),b5_app_b4,67,0.52149,0.0121671,720,0.754167,0.481104,0.0140679
b4,4,5,b5,+ even-odds asking (today's sessions),b5_app_b4,68,0.523389,0.0121529,720,0.756944,0.482635,0.0140565
b4,4,5,b5,+ even-odds asking (today's sessions),b5_app_b4,69,0.52645,0.0120723,720,0.759722,0.484572,0.0140546
b4,4,5,b5,+ even-odds asking (today's sessions),b5_app_b4,70,0.526728,0.0120629,720,0.766667,0.485085,0.0140542
b4,4,5,b5,+ even-odds asking (today's sessions),b5_app_b4,71,0.528045,0.0120748,720,0.770833,0.486635,0.0140301
b4,4,5,b5,+ even-odds asking (today's sessions),b5_app_b4,72,0.5294,0.0121134,720,0.776389,0.487902,0.0140247
b4,4,5,b5,+ even-odds asking (today's sessions),b5_app_b4,73,0.534719,0.0120076,720,0.780556,0.489305,0.0140103
b4,4,5,b5,+ even-odds asking (today's sessions),b5_app_b4,74,0.535246,0.012039,720,0.783333,0.490086,0.0140084
b4,4,5,b5,+ even-odds asking (today's sessions),b5_app_b4,75,0.53684,0.0120341,720,0.790278,0.491049,0.0139952
b4,4,5,b5,+ even-odds asking (today's sessions),b5_app_b4,76,0.539518,0.0119767,720,0.793056,0.492609,0.0139839
b4,4,5,b5,+ even-odds asking (today's sessions),b5_app_b4,77,0.543442,0.0119771,720,0.801389,0.493609,0.0139756
b4,4,5,b5,+ even-odds asking (today's sessions),b5_app_b4,78,0.543833,0.01199,720,0.809722,0.494569,0.0139683
b4,4,5,b5,+ even-odds asking (today's sessions),b5_app_b4,79,0.546837,0.0119426,720,0.818056,0.496098,0.0139508
b4,4,5,b5,+ even-odds asking (today's sessions),b5_app_b4,80,0.549148,0.0119558,720,0.820833,0.497973,0.0139465
b4,4,5,b5,+ even-odds asking (today's sessions),b5_app_b4,81,0.549953,0.0119599,720,0.826389,0.499643,0.0139232
b4,4,5,b5,+ even-odds asking (today's sessions),b5_app_b4,82,0.552781,0.0118684,720,0.831944,0.501645,0.0139001
b4,4,5,b5,+ even-odds asking (today's sessions),b5_app_b4,83,0.554319,0.0118359,720,0.8375,0.502918,0.0138902
b4,4,5,b5,+ even-odds asking (today's sessions),b5_app_b4,84,0.556955,0.0118029,720,0.841667,0.504301,0.0138724
b4,4,5,b5,+ even-odds asking (today's sessions),b5_app_b4,85,0.55828,0.0118102,720,0.844444,0.505811,0.0138545
b4,4,5,b5,+ even-odds asking (today's sessions),b5_app_b4,86,0.558788,0.0117878,720,0.844444,0.507377,0.0138525
b4,4,5,b5,+ even-odds asking (today's sessions),b5_app_b4,87,0.561643,0.0117337,720,0.85,0.508879,0.0138307
b4,4,5,b5,+ even-odds asking (today's sessions),b5_app_b4,88,0.56462,0.011649,720,0.858333,0.50946,0.0138259
b4,4,5,b5,+ even-odds asking (today's sessions),b5_app_b4,89,0.565381,0.0116079,720,0.8625,0.51096,0.0138192
b4,4,5,b5,+ even-odds asking (today's sessions),b5_app_b4,90,0.567943,0.0115936,720,0.866667,0.511895,0.013814
b4,4,5,b5,+ even-odds asking (today's sessions),b5_app_b4,91,0.568063,0.0115961,720,0.870833,0.513014,0.0138094
b4,4,5,b5,+ even-odds asking (today's sessions),b5_app_b4,92,0.57137,0.0115891,720,0.870833,0.514347,0.0137985
b4,4,5,b5,+ even-odds asking (today's sessions),b5_app_b4,93,0.572588,0.0115434,720,0.872222,0.515262,0.0138012
b4,4,5,b5,+ even-odds asking (today's sessions),b5_app_b4,94,0.575795,0.0115031,720,0.876389,0.516319,0.0137909
b4,4,5,b5,+ even-odds asking (today's sessions),b5_app_b4,95,0.576824,0.0114825,720,0.880556,0.517825,0.0137742
b4,4,5,b5,+ even-odds asking (today's sessions),b5_app_b4,96,0.578304,0.0114404,720,0.884722,0.518955,0.0137533
b4,4,5,b5,+ even-odds asking (today's sessions),b5_app_b4,97,0.580674,0.0114443,720,0.886111,0.520254,0.0137318
b4,4,5,b5,+ even-odds asking (today's sessions),b5_app_b4,98,0.580632,0.0114582,720,0.890278,0.521587,0.0137123
b4,4,5,b5,+ even-odds asking (today's sessions),b5_app_b4,99,0.583017,0.0114213,720,0.893056,0.522632,0.0137016
b4,4,5,b5,+ even-odds asking (today's sessions),b5_app_b4,100,0.582741,0.0114391,720,0.894444,0.523568,0.0136841
b4,4,5,b5,+ even-odds asking (today's sessions),b5_app_b4,101,0.584156,0.0114115,720,0.894444,0.524191,0.013675
b4,4,5,b5,+ even-odds asking (today's sessions),b5_app_b4,102,0.586602,0.0113821,720,0.894444,0.525111,0.0136585
b4,4,5,b5,+ even-odds asking (today's sessions),b5_app_b4,103,0.587247,0.0113555,720,0.894444,0.525798,0.0136412
b4,4,5,b5,+ even-odds asking (today's sessions),b5_app_b4,104,0.588417,0.011352,720,0.897222,0.526642,0.0136184
b4,4,5,b5,+ even-odds asking (today's sessions),b5_app_b4,105,0.590572,0.0112886,720,0.9,0.527555,0.0136169
b4,4,5,b5,+ even-odds asking (today's sessions),b5_app_b4,106,0.591759,0.0112833,720,0.901389,0.528153,0.0136166
b4,4,5,b5,+ even-odds asking (today's sessions),b5_app_b4,107,0.593781,0.011227,720,0.905556,0.52885,0.0136102
b4,4,5,b5,+ even-odds asking (today's sessions),b5_app_b4,108,0.595215,0.0112228,720,0.906944,0.529605,0.0136001
b4,4,5,b5,+ even-odds asking (today's sessions),b5_app_b4,109,0.596235,0.0111759,720,0.909722,0.530419,0.013579
b4,4,5,b5,+ even-odds asking (today's sessions),b5_app_b4,110,0.595685,0.0112076,720,0.909722,0.531322,0.0135708
b4,4,5,b5,+ even-odds asking (today's sessions),b5_app_b4,111,0.595751,0.0112151,720,0.9125,0.531904,0.0135628
b4,4,5,b5,+ even-odds asking (today's sessions),b5_app_b4,112,0.596458,0.01118,720,0.9125,0.532448,0.0135595
b4,4,5,b5,+ even-odds asking (today's sessions),b5_app_b4,113,0.596862,0.0111752,720,0.918056,0.533232,0.0135399
b4,4,5,b5,+ even-odds asking (today's sessions),b5_app_b4,114,0.596385,0.0112254,720,0.919444,0.534055,0.0135244
b4,4,5,b5,+ even-odds asking (today's sessions),b5_app_b4,115,0.59807,0.0111784,720,0.920833,0.534784,0.0135069
b4,4,5,b5,+ even-odds asking (today's sessions),b5_app_b4,116,0.59926,0.0111327,720,0.920833,0.535567,0.0135002
b4,4,5,b5,+ even-odds asking (today's sessions),b5_app_b4,117,0.600293,0.0110705,720,0.922222,0.536319,0.0134849
b4,4,5,b5,+ even-odds asking (today's sessions),b5_app_b4,118,0.600655,0.0110546,720,0.925,0.537087,0.0134658
b4,4,5,b5,+ even-odds asking (today's sessions),b5_app_b4,119,0.599818,0.0110956,720,0.925,0.537626,0.0134545
b4,4,5,b5,+ even-odds asking (today's sessions),b5_app_b4,120,0.601408,0.0110804,720,0.925,0.537995,0.0134558
b4,4,5,b5,+ even-odds asking (today's sessions),b5_app_b4,121,0.601566,0.0110121,720,0.926389,0.538373,0.013445
b4,4,5,b5,+ even-odds asking (today's sessions),b5_app_b4,122,0.601372,0.011029,720,0.926389,0.53886,0.0134407
b4,4,5,b5,+ even-odds asking (today's sessions),b5_app_b4,123,0.602587,0.0110166,720,0.926389,0.539244,0.0134306
b4,4,5,b5,+ even-odds asking (today's sessions),b5_app_b4,124,0.604697,0.0109852,720,0.926389,0.539941,0.0134222
b4,4,5,b5,+ even-odds asking (today's sessions),b5_app_b4,125,0.605532,0.0109612,720,0.926389,0.540391,0.0134169
b4,4,5,b5,+ even-odds asking (today's sessions),b5_app_b4,126,0.606797,0.0109536,720,0.926389,0.540803,0.0134128
b4,4,5,b5,+ even-odds asking (today's sessions),b5_app_b4,127,0.606905,0.0109504,720,0.926389,0.541326,0.0134084
b4,4,5,b5,+ even-odds asking (today's sessions),b5_app_b4,128,0.608482,0.0108983,720,0.927778,0.54162,0.0134066
b4,4,5,b5,+ even-odds asking (today's sessions),b5_app_b4,129,0.609682,0.0109014,720,0.929167,0.542321,0.0133965
b4,4,5,b5,+ even-odds asking (today's sessions),b5_app_b4,130,0.609627,0.0108973,720,0.929167,0.542648,0.0133892
b4,4,5,b5,+ even-odds asking (today's sessions),b5_app_b4,131,0.610229,0.0109116,720,0.929167,0.543037,0.0133831
b4,4,5,b5,+ even-odds asking (today's sessions),b5_app_b4,132,0.610749,0.0109065,720,0.930556,0.543418,0.01337
b4,4,5,b5,+ even-odds asking (today's sessions),b5_app_b4,133,0.611069,0.0109251,720,0.931944,0.543636,0.0133672
b4,4,5,b5,+ even-odds asking (today's sessions),b5_app_b4,134,0.612486,0.0109002,720,0.933333,0.544279,0.0133591
b4,4,5,b5,+ even-odds asking (today's sessions),b5_app_b4,135,0.613336,0.0108529,720,0.9375,0.545231,0.0133359
b4,4,5,b5,+ even-odds asking (today's sessions),b5_app_b4,136,0.614558,0.0108266,720,0.940278,0.545466,0.0133246
b4,4,5,b5,+ even-odds asking (today's sessions),b5_app_b4,137,0.615516,0.0107769,720,0.943056,0.545998,0.0133025
b4,4,5,b5,+ even-odds asking (today's sessions),b5_app_b4,138,0.615935,0.0107776,720,0.943056,0.546119,0.0132997
b4,4,5,b5,+ even-odds asking (today's sessions),b5_app_b4,139,0.615885,0.0107529,720,0.943056,0.546578,0.0132897
b4,4,5,b5,+ even-odds asking (today's sessions),b5_app_b4,140,0.615977,0.0107273,720,0.943056,0.546959,0.0132805
b4,4,5,b5,+ even-odds asking (today's sessions),b5_app_b4,141,0.615271,0.0107434,720,0.943056,0.547232,0.0132811
b4,4,5,b5,+ even-odds asking (today's sessions),b5_app_b4,142,0.61485,0.0107004,720,0.943056,0.547484,0.0132836
b4,4,5,b5,+ even-odds asking (today's sessions),b5_app_b4,143,0.616562,0.0106462,720,0.943056,0.54798,0.0132715
b4,4,5,b5,+ even-odds asking (today's sessions),b5_app_b4,144,0.61586,0.010675,720,0.944444,0.548482,0.0132642
b4,4,5,b5,+ even-odds asking (today's sessions),b5_app_b4,145,0.616283,0.010697,720,0.947222,0.548857,0.0132532
b4,4,5,b5,+ even-odds asking (today's sessions),b5_app_b4,146,0.617469,0.0106825,720,0.951389,0.549429,0.0132414
b4,4,5,b5,+ even-odds asking (today's sessions),b5_app_b4,147,0.616398,0.0107216,720,0.951389,0.549679,0.0132441
b4,4,5,b5,+ even-odds asking (today's sessions),b5_app_b4,148,0.617778,0.0106828,720,0.951389,0.550083,0.0132294
b4,4,5,b5,+ even-odds asking (today's sessions),b5_app_b4,149,0.617502,0.0107187,720,0.951389,0.550257,0.013225
b4,4,5,b5,+ even-odds asking (today's sessions),b5_app_b4,150,0.618055,0.0107246,720,0.951389,0.550621,0.0132192
b4,4,6,b6,+ the typed query's per-preset line (today's app),b5_app_b4,0,0.467236,0.0111309,720,0,0.417756,0.0133893
b4,4,6,b6,+ the typed query's per-preset line (today's app),b5_app_b4,1,0.467236,0.0111309,720,0,0.417756,0.0133893
b4,4,6,b6,+ the typed query's per-preset line (today's app),b5_app_b4,2,0.467236,0.0111309,720,0,0.417756,0.0133893
b4,4,6,b6,+ the typed query's per-preset line (today's app),b5_app_b4,3,0.467236,0.0111309,720,0,0.417756,0.0133893
b4,4,6,b6,+ the typed query's per-preset line (today's app),b5_app_b4,4,0.467236,0.0111309,720,0,0.417756,0.0133893
b4,4,6,b6,+ the typed query's per-preset line (today's app),b5_app_b4,5,0.467236,0.0111309,720,0,0.417756,0.0133893
b4,4,6,b6,+ the typed query's per-preset line (today's app),b5_app_b4,6,0.467236,0.0111309,720,0,0.417756,0.0133893
b4,4,6,b6,+ the typed query's per-preset line (today's app),b5_app_b4,7,0.467236,0.0111309,720,0,0.417756,0.0133893
b4,4,6,b6,+ the typed query's per-preset line (today's app),b5_app_b4,8,0.467236,0.0111309,720,0,0.417756,0.0133893
b4,4,6,b6,+ the typed query's per-preset line (today's app),b5_app_b4,9,0.467236,0.0111309,720,0,0.417756,0.0133893
b4,4,6,b6,+ the typed query's per-preset line (today's app),b5_app_b4,10,0.467236,0.0111309,720,0,0.417756,0.0133893
b4,4,6,b6,+ the typed query's per-preset line (today's app),b5_app_b4,11,0.467236,0.0111309,720,0,0.417756,0.0133893
b4,4,6,b6,+ the typed query's per-preset line (today's app),b5_app_b4,12,0.467236,0.0111309,720,0,0.417756,0.0133893
b4,4,6,b6,+ the typed query's per-preset line (today's app),b5_app_b4,13,0.467236,0.0111309,720,0,0.417756,0.0133893
b4,4,6,b6,+ the typed query's per-preset line (today's app),b5_app_b4,14,0.467236,0.0111309,720,0,0.417756,0.0133893
b4,4,6,b6,+ the typed query's per-preset line (today's app),b5_app_b4,15,0.467236,0.0111309,720,0,0.417756,0.0133893
b4,4,6,b6,+ the typed query's per-preset line (today's app),b5_app_b4,16,0.467236,0.0111309,720,0,0.417756,0.0133893
b4,4,6,b6,+ the typed query's per-preset line (today's app),b5_app_b4,17,0.467236,0.0111309,720,0,0.417756,0.0133893
b4,4,6,b6,+ the typed query's per-preset line (today's app),b5_app_b4,18,0.467236,0.0111309,720,0,0.417756,0.0133893
b4,4,6,b6,+ the typed query's per-preset line (today's app),b5_app_b4,19,0.467236,0.0111309,720,0,0.417756,0.0133893
b4,4,6,b6,+ the typed query's per-preset line (today's app),b5_app_b4,20,0.467236,0.0111309,720,0,0.417756,0.0133893
b4,4,6,b6,+ the typed query's per-preset line (today's app),b5_app_b4,21,0.467236,0.0111309,720,0,0.417756,0.0133893
b4,4,6,b6,+ the typed query's per-preset line (today's app),b5_app_b4,22,0.467236,0.0111309,720,0,0.417756,0.0133893
b4,4,6,b6,+ the typed query's per-preset line (today's app),b5_app_b4,23,0.467153,0.0111337,720,0.00138889,0.417688,0.0133919
b4,4,6,b6,+ the typed query's per-preset line (today's app),b5_app_b4,24,0.461227,0.0112164,720,0.277778,0.39743,0.0126834
b4,4,6,b6,+ the typed query's per-preset line (today's app),b5_app_b4,25,0.459719,0.0113594,720,0.365278,0.395223,0.0127119
b4,4,6,b6,+ the typed query's per-preset line (today's app),b5_app_b4,26,0.462338,0.0114481,720,0.394444,0.39772,0.012856
b4,4,6,b6,+ the typed query's per-preset line (today's app),b5_app_b4,27,0.464664,0.0114793,720,0.416667,0.399587,0.0129813
b4,4,6,b6,+ the typed query's per-preset line (today's app),b5_app_b4,28,0.467645,0.0115578,720,0.434722,0.40485,0.0131293
b4,4,6,b6,+ the typed query's per-preset line (today's app),b5_app_b4,29,0.465439,0.0115972,720,0.455556,0.408422,0.0132687
b4,4,6,b6,+ the typed query's per-preset line (today's app),b5_app_b4,30,0.467287,0.0115655,720,0.469444,0.409986,0.0133432
b4,4,6,b6,+ the typed query's per-preset line (today's app),b5_app_b4,31,0.470276,0.0116079,720,0.477778,0.412565,0.0134368
b4,4,6,b6,+ the typed query's per-preset line (today's app),b5_app_b4,32,0.472162,0.0116777,720,0.483333,0.41394,0.01347
b4,4,6,b6,+ the typed query's per-preset line (today's app),b5_app_b4,33,0.473211,0.0117162,720,0.488889,0.417831,0.013548
b4,4,6,b6,+ the typed query's per-preset line (today's app),b5_app_b4,34,0.474513,0.011718,720,0.498611,0.42034,0.0136256
b4,4,6,b6,+ the typed query's per-preset line (today's app),b5_app_b4,35,0.474484,0.0116776,720,0.506944,0.422123,0.0136631
b4,4,6,b6,+ the typed query's per-preset line (today's app),b5_app_b4,36,0.478268,0.0117439,720,0.518056,0.423491,0.0136724
b4,4,6,b6,+ the typed query's per-preset line (today's app),b5_app_b4,37,0.482757,0.0118238,720,0.526389,0.426179,0.0137073
b4,4,6,b6,+ the typed query's per-preset line (today's app),b5_app_b4,38,0.482376,0.0118628,720,0.534722,0.427496,0.0137407
b4,4,6,b6,+ the typed query's per-preset line (today's app),b5_app_b4,39,0.485727,0.0119736,720,0.545833,0.431318,0.0137821
b4,4,6,b6,+ the typed query's per-preset line (today's app),b5_app_b4,40,0.4872,0.0120073,720,0.558333,0.43562,0.0138504
b4,4,6,b6,+ the typed query's per-preset line (today's app),b5_app_b4,41,0.491265,0.0120821,720,0.563889,0.437945,0.0138892
b4,4,6,b6,+ the typed query's per-preset line (today's app),b5_app_b4,42,0.492657,0.0120976,720,0.570833,0.439519,0.0139209
b4,4,6,b6,+ the typed query's per-preset line (today's app),b5_app_b4,43,0.493446,0.0121218,720,0.580556,0.440056,0.0139639
b4,4,6,b6,+ the typed query's per-preset line (today's app),b5_app_b4,44,0.496055,0.0121068,720,0.590278,0.442005,0.0139644
b4,4,6,b6,+ the typed query's per-preset line (today's app),b5_app_b4,45,0.497361,0.0121286,720,0.601389,0.443814,0.0139878
b4,4,6,b6,+ the typed query's per-preset line (today's app),b5_app_b4,46,0.500306,0.0121439,720,0.605556,0.446164,0.0139978
b4,4,6,b6,+ the typed query's per-preset line (today's app),b5_app_b4,47,0.500873,0.0122517,720,0.619444,0.446152,0.0140643
b4,4,6,b6,+ the typed query's per-preset line (today's app),b5_app_b4,48,0.501274,0.0122416,720,0.622222,0.447501,0.0140753
b4,4,6,b6,+ the typed query's per-preset line (today's app),b5_app_b4,49,0.503525,0.0122455,720,0.627778,0.449733,0.014087
b4,4,6,b6,+ the typed query's per-preset line (today's app),b5_app_b4,50,0.505259,0.0122544,720,0.627778,0.45112,0.0141153
b4,4,6,b6,+ the typed query's per-preset line (today's app),b5_app_b4,51,0.507159,0.0122673,720,0.630556,0.453559,0.0141451
b4,4,6,b6,+ the typed query's per-preset line (today's app),b5_app_b4,52,0.506054,0.012246,720,0.634722,0.455456,0.0141631
b4,4,6,b6,+ the typed query's per-preset line (today's app),b5_app_b4,53,0.506937,0.0122596,720,0.648611,0.456814,0.0141649
b4,4,6,b6,+ the typed query's per-preset line (today's app),b5_app_b4,54,0.507263,0.012296,720,0.655556,0.458576,0.0141925
b4,4,6,b6,+ the typed query's per-preset line (today's app),b5_app_b4,55,0.507813,0.0123213,720,0.663889,0.459552,0.0141863
b4,4,6,b6,+ the typed query's per-preset line (today's app),b5_app_b4,56,0.509328,0.0123139,720,0.672222,0.460564,0.0141851
b4,4,6,b6,+ the typed query's per-preset line (today's app),b5_app_b4,57,0.510056,0.0123455,720,0.677778,0.462159,0.014177
b4,4,6,b6,+ the typed query's per-preset line (today's app),b5_app_b4,58,0.511874,0.0123107,720,0.684722,0.464005,0.0141492
b4,4,6,b6,+ the typed query's per-preset line (today's app),b5_app_b4,59,0.516744,0.0122567,720,0.7,0.467617,0.0141012
b4,4,6,b6,+ the typed query's per-preset line (today's app),b5_app_b4,60,0.518322,0.0122212,720,0.708333,0.469705,0.0141004
b4,4,6,b6,+ the typed query's per-preset line (today's app),b5_app_b4,61,0.519883,0.0122552,720,0.7125,0.471149,0.0141067
b4,4,6,b6,+ the typed query's per-preset line (today's app),b5_app_b4,62,0.521356,0.0122406,720,0.722222,0.472649,0.0141096
b4,4,6,b6,+ the typed query's per-preset line (today's app),b5_app_b4,63,0.52233,0.0121763,720,0.726389,0.472979,0.0141156
b4,4,6,b6,+ the typed query's per-preset line (today's app),b5_app_b4,64,0.524569,0.0122087,720,0.731944,0.475355,0.0141064
b4,4,6,b6,+ the typed query's per-preset line (today's app),b5_app_b4,65,0.52572,0.0121635,720,0.738889,0.477159,0.0140943
b4,4,6,b6,+ the typed query's per-preset line (today's app),b5_app_b4,66,0.526023,0.0121616,720,0.747222,0.479653,0.0140806
b4,4,6,b6,+ the typed query's per-preset line (today's app),b5_app_b4,67,0.527806,0.0121676,720,0.754167,0.481104,0.0140679
b4,4,6,b6,+ the typed query's per-preset line (today's app),b5_app_b4,68,0.529479,0.012158,720,0.756944,0.482635,0.0140565
b4,4,6,b6,+ the typed query's per-preset line (today's app),b5_app_b4,69,0.531968,0.0120846,720,0.759722,0.484572,0.0140546
b4,4,6,b6,+ the typed query's per-preset line (today's app),b5_app_b4,70,0.531474,0.0120915,720,0.766667,0.485085,0.0140542
b4,4,6,b6,+ the typed query's per-preset line (today's app),b5_app_b4,71,0.532602,0.0121105,720,0.770833,0.486635,0.0140301
b4,4,6,b6,+ the typed query's per-preset line (today's app),b5_app_b4,72,0.533822,0.0121481,720,0.776389,0.487902,0.0140247
b4,4,6,b6,+ the typed query's per-preset line (today's app),b5_app_b4,73,0.538714,0.0120531,720,0.780556,0.489305,0.0140103
b4,4,6,b6,+ the typed query's per-preset line (today's app),b5_app_b4,74,0.539288,0.0120817,720,0.783333,0.490086,0.0140084
b4,4,6,b6,+ the typed query's per-preset line (today's app),b5_app_b4,75,0.540005,0.0121077,720,0.790278,0.491049,0.0139952
b4,4,6,b6,+ the typed query's per-preset line (today's app),b5_app_b4,76,0.542417,0.0120597,720,0.793056,0.492609,0.0139839
b4,4,6,b6,+ the typed query's per-preset line (today's app),b5_app_b4,77,0.545547,0.0120811,720,0.801389,0.493609,0.0139756
b4,4,6,b6,+ the typed query's per-preset line (today's app),b5_app_b4,78,0.544193,0.0121471,720,0.809722,0.494569,0.0139683
b4,4,6,b6,+ the typed query's per-preset line (today's app),b5_app_b4,79,0.546503,0.0121155,720,0.818056,0.496098,0.0139508
b4,4,6,b6,+ the typed query's per-preset line (today's app),b5_app_b4,80,0.548477,0.0121388,720,0.820833,0.497973,0.0139465
b4,4,6,b6,+ the typed query's per-preset line (today's app),b5_app_b4,81,0.549315,0.0121403,720,0.826389,0.499643,0.0139232
b4,4,6,b6,+ the typed query's per-preset line (today's app),b5_app_b4,82,0.551306,0.0120657,720,0.831944,0.501645,0.0139001
b4,4,6,b6,+ the typed query's per-preset line (today's app),b5_app_b4,83,0.552624,0.0120372,720,0.8375,0.502918,0.0138902
b4,4,6,b6,+ the typed query's per-preset line (today's app),b5_app_b4,84,0.555199,0.0120068,720,0.841667,0.504301,0.0138724
b4,4,6,b6,+ the typed query's per-preset line (today's app),b5_app_b4,85,0.556051,0.0120248,720,0.844444,0.505811,0.0138545
b4,4,6,b6,+ the typed query's per-preset line (today's app),b5_app_b4,86,0.55656,0.012003,720,0.844444,0.507377,0.0138525
b4,4,6,b6,+ the typed query's per-preset line (today's app),b5_app_b4,87,0.559387,0.0119504,720,0.85,0.508879,0.0138307
b4,4,6,b6,+ the typed query's per-preset line (today's app),b5_app_b4,88,0.561711,0.0118948,720,0.858333,0.50946,0.0138259
b4,4,6,b6,+ the typed query's per-preset line (today's app),b5_app_b4,89,0.561781,0.01188,720,0.8625,0.51096,0.0138192
b4,4,6,b6,+ the typed query's per-preset line (today's app),b5_app_b4,90,0.56407,0.0118788,720,0.866667,0.511895,0.013814
b4,4,6,b6,+ the typed query's per-preset line (today's app),b5_app_b4,91,0.56366,0.0119023,720,0.870833,0.513014,0.0138094
b4,4,6,b6,+ the typed query's per-preset line (today's app),b5_app_b4,92,0.566968,0.0118972,720,0.870833,0.514347,0.0137985
b4,4,6,b6,+ the typed query's per-preset line (today's app),b5_app_b4,93,0.568038,0.01186,720,0.872222,0.515262,0.0138012
b4,4,6,b6,+ the typed query's per-preset line (today's app),b5_app_b4,94,0.571135,0.0118262,720,0.876389,0.516319,0.0137909
b4,4,6,b6,+ the typed query's per-preset line (today's app),b5_app_b4,95,0.572138,0.0118058,720,0.880556,0.517825,0.0137742
b4,4,6,b6,+ the typed query's per-preset line (today's app),b5_app_b4,96,0.573434,0.0117733,720,0.884722,0.518955,0.0137533
b4,4,6,b6,+ the typed query's per-preset line (today's app),b5_app_b4,97,0.575482,0.0117897,720,0.886111,0.520254,0.0137318
b4,4,6,b6,+ the typed query's per-preset line (today's app),b5_app_b4,98,0.575273,0.0118068,720,0.890278,0.521587,0.0137123
b4,4,6,b6,+ the typed query's per-preset line (today's app),b5_app_b4,99,0.57711,0.0117887,720,0.893056,0.522632,0.0137016
b4,4,6,b6,+ the typed query's per-preset line (today's app),b5_app_b4,100,0.576868,0.0118044,720,0.894444,0.523568,0.0136841
b4,4,6,b6,+ the typed query's per-preset line (today's app),b5_app_b4,101,0.578283,0.0117786,720,0.894444,0.524191,0.013675
b4,4,6,b6,+ the typed query's per-preset line (today's app),b5_app_b4,102,0.580728,0.0117518,720,0.894444,0.525111,0.0136585
b4,4,6,b6,+ the typed query's per-preset line (today's app),b5_app_b4,103,0.581373,0.0117265,720,0.894444,0.525798,0.0136412
b4,4,6,b6,+ the typed query's per-preset line (today's app),b5_app_b4,104,0.582546,0.0117238,720,0.897222,0.526642,0.0136184
b4,4,6,b6,+ the typed query's per-preset line (today's app),b5_app_b4,105,0.584723,0.0116625,720,0.9,0.527555,0.0136169
b4,4,6,b6,+ the typed query's per-preset line (today's app),b5_app_b4,106,0.585664,0.0116693,720,0.901389,0.528153,0.0136166
b4,4,6,b6,+ the typed query's per-preset line (today's app),b5_app_b4,107,0.587919,0.0116021,720,0.905556,0.52885,0.0136102
b4,4,6,b6,+ the typed query's per-preset line (today's app),b5_app_b4,108,0.589453,0.0115928,720,0.906944,0.529605,0.0136001
b4,4,6,b6,+ the typed query's per-preset line (today's app),b5_app_b4,109,0.590446,0.0115486,720,0.909722,0.530419,0.013579
b4,4,6,b6,+ the typed query's per-preset line (today's app),b5_app_b4,110,0.589896,0.0115788,720,0.909722,0.531322,0.0135708
b4,4,6,b6,+ the typed query's per-preset line (today's app),b5_app_b4,111,0.5902,0.0115715,720,0.9125,0.531904,0.0135628
b4,4,6,b6,+ the typed query's per-preset line (today's app),b5_app_b4,112,0.590907,0.0115379,720,0.9125,0.532448,0.0135595
b4,4,6,b6,+ the typed query's per-preset line (today's app),b5_app_b4,113,0.591517,0.0115216,720,0.918056,0.533232,0.0135399
b4,4,6,b6,+ the typed query's per-preset line (today's app),b5_app_b4,114,0.591215,0.0115593,720,0.919444,0.534055,0.0135244
b4,4,6,b6,+ the typed query's per-preset line (today's app),b5_app_b4,115,0.59295,0.0115124,720,0.920833,0.534784,0.0135069
b4,4,6,b6,+ the typed query's per-preset line (today's app),b5_app_b4,116,0.59414,0.0114688,720,0.920833,0.535567,0.0135002
b4,4,6,b6,+ the typed query's per-preset line (today's app),b5_app_b4,117,0.595266,0.0114035,720,0.922222,0.536319,0.0134849
b4,4,6,b6,+ the typed query's per-preset line (today's app),b5_app_b4,118,0.595759,0.0113798,720,0.925,0.537087,0.0134658
b4,4,6,b6,+ the typed query's per-preset line (today's app),b5_app_b4,119,0.594922,0.0114191,720,0.925,0.537626,0.0134545
b4,4,6,b6,+ the typed query's per-preset line (today's app),b5_app_b4,120,0.596512,0.0114053,720,0.925,0.537995,0.0134558
b4,4,6,b6,+ the typed query's per-preset line (today's app),b5_app_b4,121,0.596645,0.0113404,720,0.926389,0.538373,0.013445
b4,4,6,b6,+ the typed query's per-preset line (today's app),b5_app_b4,122,0.596451,0.0113567,720,0.926389,0.53886,0.0134407
b4,4,6,b6,+ the typed query's per-preset line (today's app),b5_app_b4,123,0.597666,0.0113454,720,0.926389,0.539244,0.0134306
b4,4,6,b6,+ the typed query's per-preset line (today's app),b5_app_b4,124,0.599776,0.0113162,720,0.926389,0.539941,0.0134222
b4,4,6,b6,+ the typed query's per-preset line (today's app),b5_app_b4,125,0.600611,0.0112934,720,0.926389,0.540391,0.0134169
b4,4,6,b6,+ the typed query's per-preset line (today's app),b5_app_b4,126,0.601876,0.0112869,720,0.926389,0.540803,0.0134128
b4,4,6,b6,+ the typed query's per-preset line (today's app),b5_app_b4,127,0.601984,0.0112838,720,0.926389,0.541326,0.0134084
b4,4,6,b6,+ the typed query's per-preset line (today's app),b5_app_b4,128,0.603652,0.0112286,720,0.927778,0.54162,0.0134066
b4,4,6,b6,+ the typed query's per-preset line (today's app),b5_app_b4,129,0.604945,0.0112262,720,0.929167,0.542321,0.0133965
b4,4,6,b6,+ the typed query's per-preset line (today's app),b5_app_b4,130,0.604891,0.0112221,720,0.929167,0.542648,0.0133892
b4,4,6,b6,+ the typed query's per-preset line (today's app),b5_app_b4,131,0.605493,0.0112364,720,0.929167,0.543037,0.0133831
b4,4,6,b6,+ the typed query's per-preset line (today's app),b5_app_b4,132,0.606138,0.0112233,720,0.930556,0.543418,0.01337
b4,4,6,b6,+ the typed query's per-preset line (today's app),b5_app_b4,133,0.606499,0.0112399,720,0.931944,0.543636,0.0133672
b4,4,6,b6,+ the typed query's per-preset line (today's app),b5_app_b4,134,0.608054,0.0112076,720,0.933333,0.544279,0.0133591
b4,4,6,b6,+ the typed query's per-preset line (today's app),b5_app_b4,135,0.60925,0.011139,720,0.9375,0.545231,0.0133359
b4,4,6,b6,+ the typed query's per-preset line (today's app),b5_app_b4,136,0.610658,0.0111012,720,0.940278,0.545466,0.0133246
b4,4,6,b6,+ the typed query's per-preset line (today's app),b5_app_b4,137,0.611761,0.0110431,720,0.943056,0.545998,0.0133025
b4,4,6,b6,+ the typed query's per-preset line (today's app),b5_app_b4,138,0.61218,0.011044,720,0.943056,0.546119,0.0132997
b4,4,6,b6,+ the typed query's per-preset line (today's app),b5_app_b4,139,0.612131,0.0110199,720,0.943056,0.546578,0.0132897
b4,4,6,b6,+ the typed query's per-preset line (today's app),b5_app_b4,140,0.612223,0.0109949,720,0.943056,0.546959,0.0132805
b4,4,6,b6,+ the typed query's per-preset line (today's app),b5_app_b4,141,0.611516,0.0110103,720,0.943056,0.547232,0.0132811
b4,4,6,b6,+ the typed query's per-preset line (today's app),b5_app_b4,142,0.611096,0.0109682,720,0.943056,0.547484,0.0132836
b4,4,6,b6,+ the typed query's per-preset line (today's app),b5_app_b4,143,0.612808,0.0109161,720,0.943056,0.54798,0.0132715
b4,4,6,b6,+ the typed query's per-preset line (today's app),b5_app_b4,144,0.61217,0.0109392,720,0.944444,0.548482,0.0132642
b4,4,6,b6,+ the typed query's per-preset line (today's app),b5_app_b4,145,0.61275,0.01095,720,0.947222,0.548857,0.0132532
b4,4,6,b6,+ the typed query's per-preset line (today's app),b5_app_b4,146,0.614159,0.0109208,720,0.951389,0.549429,0.0132414
b4,4,6,b6,+ the typed query's per-preset line (today's app),b5_app_b4,147,0.613088,0.0109586,720,0.951389,0.549679,0.0132441
b4,4,6,b6,+ the typed query's per-preset line (today's app),b5_app_b4,148,0.614468,0.0109211,720,0.951389,0.550083,0.0132294
b4,4,6,b6,+ the typed query's per-preset line (today's app),b5_app_b4,149,0.614192,0.0109562,720,0.951389,0.550257,0.013225
b4,4,6,b6,+ the typed query's per-preset line (today's app),b5_app_b4,150,0.614745,0.0109622,720,0.951389,0.550621,0.0132192
b4,4,7,b7,+ the detector walk (not shipped),b7_walk_b4,0,0.467236,0.0111309,720,0,0.417756,0.0133893
b4,4,7,b7,+ the detector walk (not shipped),b7_walk_b4,1,0.467236,0.0111309,720,0,0.417756,0.0133893
b4,4,7,b7,+ the detector walk (not shipped),b7_walk_b4,2,0.467236,0.0111309,720,0,0.417756,0.0133893
b4,4,7,b7,+ the detector walk (not shipped),b7_walk_b4,3,0.467236,0.0111309,720,0,0.417756,0.0133893
b4,4,7,b7,+ the detector walk (not shipped),b7_walk_b4,4,0.467236,0.0111309,720,0,0.417756,0.0133893
b4,4,7,b7,+ the detector walk (not shipped),b7_walk_b4,5,0.467236,0.0111309,720,0,0.417756,0.0133893
b4,4,7,b7,+ the detector walk (not shipped),b7_walk_b4,6,0.467236,0.0111309,720,0,0.417756,0.0133893
b4,4,7,b7,+ the detector walk (not shipped),b7_walk_b4,7,0.467236,0.0111309,720,0,0.417756,0.0133893
b4,4,7,b7,+ the detector walk (not shipped),b7_walk_b4,8,0.467236,0.0111309,720,0,0.417756,0.0133893
b4,4,7,b7,+ the detector walk (not shipped),b7_walk_b4,9,0.467236,0.0111309,720,0,0.417756,0.0133893
b4,4,7,b7,+ the detector walk (not shipped),b7_walk_b4,10,0.467236,0.0111309,720,0,0.417756,0.0133893
b4,4,7,b7,+ the detector walk (not shipped),b7_walk_b4,11,0.467236,0.0111309,720,0,0.417756,0.0133893
b4,4,7,b7,+ the detector walk (not shipped),b7_walk_b4,12,0.467236,0.0111309,720,0,0.417756,0.0133893
b4,4,7,b7,+ the detector walk (not shipped),b7_walk_b4,13,0.467236,0.0111309,720,0,0.417756,0.0133893
b4,4,7,b7,+ the detector walk (not shipped),b7_walk_b4,14,0.467236,0.0111309,720,0,0.417756,0.0133893
b4,4,7,b7,+ the detector walk (not shipped),b7_walk_b4,15,0.467236,0.0111309,720,0,0.417756,0.0133893
b4,4,7,b7,+ the detector walk (not shipped),b7_walk_b4,16,0.467236,0.0111309,720,0,0.417756,0.0133893
b4,4,7,b7,+ the detector walk (not shipped),b7_walk_b4,17,0.467236,0.0111309,720,0,0.417756,0.0133893
b4,4,7,b7,+ the detector walk (not shipped),b7_walk_b4,18,0.467236,0.0111309,720,0,0.417756,0.0133893
b4,4,7,b7,+ the detector walk (not shipped),b7_walk_b4,19,0.467236,0.0111309,720,0,0.417756,0.0133893
b4,4,7,b7,+ the detector walk (not shipped),b7_walk_b4,20,0.467236,0.0111309,720,0,0.417756,0.0133893
b4,4,7,b7,+ the detector walk (not shipped),b7_walk_b4,21,0.467236,0.0111309,720,0,0.417756,0.0133893
b4,4,7,b7,+ the detector walk (not shipped),b7_walk_b4,22,0.467236,0.0111309,720,0,0.417756,0.0133893
b4,4,7,b7,+ the detector walk (not shipped),b7_walk_b4,23,0.4664,0.0111608,720,0.00277778,0.417372,0.0134021
b4,4,7,b7,+ the detector walk (not shipped),b7_walk_b4,24,0.453389,0.0108031,720,0.222222,0.40056,0.0127095
b4,4,7,b7,+ the detector walk (not shipped),b7_walk_b4,25,0.452428,0.0108264,720,0.3125,0.397292,0.0126395
b4,4,7,b7,+ the detector walk (not shipped),b7_walk_b4,26,0.455052,0.0109001,720,0.380556,0.4005,0.0126704
b4,4,7,b7,+ the detector walk (not shipped),b7_walk_b4,27,0.460839,0.0111444,720,0.411111,0.408945,0.0129348
b4,4,7,b7,+ the detector walk (not shipped),b7_walk_b4,28,0.460926,0.0111573,720,0.445833,0.410014,0.0129927
b4,4,7,b7,+ the detector walk (not shipped),b7_walk_b4,29,0.465475,0.011169,720,0.468056,0.415745,0.0131505
b4,4,7,b7,+ the detector walk (not shipped),b7_walk_b4,30,0.467394,0.0112478,720,0.481944,0.421413,0.0133007
b4,4,7,b7,+ the detector walk (not shipped),b7_walk_b4,31,0.468205,0.0112489,720,0.493056,0.42502,0.0133585
b4,4,7,b7,+ the detector walk (not shipped),b7_walk_b4,32,0.470142,0.0113548,720,0.506944,0.428777,0.0134165
b4,4,7,b7,+ the detector walk (not shipped),b7_walk_b4,33,0.470249,0.0112803,720,0.516667,0.431003,0.0134493
b4,4,7,b7,+ the detector walk (not shipped),b7_walk_b4,34,0.470156,0.011232,720,0.534722,0.433395,0.01349
b4,4,7,b7,+ the detector walk (not shipped),b7_walk_b4,35,0.468111,0.0111806,720,0.541667,0.43527,0.0134966
b4,4,7,b7,+ the detector walk (not shipped),b7_walk_b4,36,0.475051,0.0113624,720,0.548611,0.437242,0.0135235
b4,4,7,b7,+ the detector walk (not shipped),b7_walk_b4,37,0.479655,0.0115333,720,0.559722,0.439712,0.0135563
b4,4,7,b7,+ the detector walk (not shipped),b7_walk_b4,38,0.483867,0.0116486,720,0.570833,0.442889,0.0136043
b4,4,7,b7,+ the detector walk (not shipped),b7_walk_b4,39,0.484928,0.0116776,720,0.572222,0.444584,0.0136368
b4,4,7,b7,+ the detector walk (not shipped),b7_walk_b4,40,0.487269,0.011775,720,0.583333,0.445682,0.0136731
b4,4,7,b7,+ the detector walk (not shipped),b7_walk_b4,41,0.488531,0.0118087,720,0.588889,0.447064,0.0136781
b4,4,7,b7,+ the detector walk (not shipped),b7_walk_b4,42,0.4915,0.0118219,720,0.597222,0.449488,0.0136915
b4,4,7,b7,+ the detector walk (not shipped),b7_walk_b4,43,0.49136,0.0118104,720,0.6125,0.452838,0.0136629
b4,4,7,b7,+ the detector walk (not shipped),b7_walk_b4,44,0.493989,0.0118939,720,0.622222,0.454539,0.01367
b4,4,7,b7,+ the detector walk (not shipped),b7_walk_b4,45,0.495208,0.011894,720,0.627778,0.45531,0.0136884
b4,4,7,b7,+ the detector walk (not shipped),b7_walk_b4,46,0.499244,0.0119246,720,0.638889,0.457188,0.0136823
b4,4,7,b7,+ the detector walk (not shipped),b7_walk_b4,47,0.500653,0.0119189,720,0.645833,0.457944,0.0136877
b4,4,7,b7,+ the detector walk (not shipped),b7_walk_b4,48,0.501481,0.0119109,720,0.65,0.459192,0.0136966
b4,4,7,b7,+ the detector walk (not shipped),b7_walk_b4,49,0.503066,0.0119104,720,0.6625,0.461451,0.0136673
b4,4,7,b7,+ the detector walk (not shipped),b7_walk_b4,50,0.503332,0.0118918,720,0.665278,0.462388,0.0136688
b4,4,7,b7,+ the detector walk (not shipped),b7_walk_b4,51,0.503974,0.0118951,720,0.676389,0.464015,0.0136547
b4,4,7,b7,+ the detector walk (not shipped),b7_walk_b4,52,0.505391,0.0118442,720,0.681944,0.465109,0.0136516
b4,4,7,b7,+ the detector walk (not shipped),b7_walk_b4,53,0.505952,0.011818,720,0.690278,0.466281,0.0136374
b4,4,7,b7,+ the detector walk (not shipped),b7_walk_b4,54,0.50608,0.0117818,720,0.698611,0.467841,0.0136188
b4,4,7,b7,+ the detector walk (not shipped),b7_walk_b4,55,0.5072,0.0117779,720,0.704167,0.46904,0.0136061
b4,4,7,b7,+ the detector walk (not shipped),b7_walk_b4,56,0.509157,0.011808,720,0.711111,0.470639,0.0135794
b4,4,7,b7,+ the detector walk (not shipped),b7_walk_b4,57,0.510375,0.0118127,720,0.716667,0.472003,0.0135633
b4,4,7,b7,+ the detector walk (not shipped),b7_walk_b4,58,0.511511,0.0117894,720,0.723611,0.472957,0.0135589
b4,4,7,b7,+ the detector walk (not shipped),b7_walk_b4,59,0.510972,0.0118035,720,0.723611,0.473305,0.0135653
b4,4,7,b7,+ the detector walk (not shipped),b7_walk_b4,60,0.51491,0.011768,720,0.726389,0.475108,0.0135728
b4,4,7,b7,+ the detector walk (not shipped),b7_walk_b4,61,0.516369,0.0117839,720,0.730556,0.476863,0.0135918
b4,4,7,b7,+ the detector walk (not shipped),b7_walk_b4,62,0.517298,0.0117889,720,0.734722,0.479884,0.0136271
b4,4,7,b7,+ the detector walk (not shipped),b7_walk_b4,63,0.521116,0.0118272,720,0.740278,0.483913,0.0136927
b4,4,7,b7,+ the detector walk (not shipped),b7_walk_b4,64,0.524542,0.01185,720,0.744444,0.487998,0.0137409
b4,4,7,b7,+ the detector walk (not shipped),b7_walk_b4,65,0.525987,0.0118678,720,0.745833,0.489658,0.0137553
b4,4,7,b7,+ the detector walk (not shipped),b7_walk_b4,66,0.531289,0.0118834,720,0.752778,0.493517,0.0137736
b4,4,7,b7,+ the detector walk (not shipped),b7_walk_b4,67,0.535302,0.0118736,720,0.759722,0.49578,0.0137493
b4,4,7,b7,+ the detector walk (not shipped),b7_walk_b4,68,0.535398,0.0118408,720,0.761111,0.497166,0.0137716
b4,4,7,b7,+ the detector walk (not shipped),b7_walk_b4,69,0.537169,0.0118407,720,0.761111,0.499166,0.0137743
b4,4,7,b7,+ the detector walk (not shipped),b7_walk_b4,70,0.53896,0.0118157,720,0.769444,0.50133,0.013774
b4,4,7,b7,+ the detector walk (not shipped),b7_walk_b4,71,0.542305,0.0118165,720,0.772222,0.50261,0.0137636
b4,4,7,b7,+ the detector walk (not shipped),b7_walk_b4,72,0.544725,0.0118396,720,0.777778,0.503713,0.0137689
b4,4,7,b7,+ the detector walk (not shipped),b7_walk_b4,73,0.545768,0.0118272,720,0.784722,0.504791,0.0137605
b4,4,7,b7,+ the detector walk (not shipped),b7_walk_b4,74,0.549173,0.0119377,720,0.7875,0.506309,0.0137739
b4,4,7,b7,+ the detector walk (not shipped),b7_walk_b4,75,0.551219,0.0119762,720,0.793056,0.507229,0.0137725
b4,4,7,b7,+ the detector walk (not shipped),b7_walk_b4,76,0.554867,0.0120192,720,0.794444,0.50883,0.0137908
b4,4,7,b7,+ the detector walk (not shipped),b7_walk_b4,77,0.556275,0.0119995,720,0.798611,0.509989,0.0137691
b4,4,7,b7,+ the detector walk (not shipped),b7_walk_b4,78,0.557513,0.0119713,720,0.804167,0.511741,0.0137393
b4,4,7,b7,+ the detector walk (not shipped),b7_walk_b4,79,0.559583,0.0119637,720,0.808333,0.513031,0.0137216
b4,4,7,b7,+ the detector walk (not shipped),b7_walk_b4,80,0.561737,0.0119268,720,0.809722,0.513651,0.0137234
b4,4,7,b7,+ the detector walk (not shipped),b7_walk_b4,81,0.564627,0.011879,720,0.8125,0.514791,0.0137182
b4,4,7,b7,+ the detector walk (not shipped),b7_walk_b4,82,0.564469,0.0119075,720,0.813889,0.515653,0.0137288
b4,4,7,b7,+ the detector walk (not shipped),b7_walk_b4,83,0.564877,0.0119029,720,0.815278,0.516984,0.0137131
b4,4,7,b7,+ the detector walk (not shipped),b7_walk_b4,84,0.566555,0.0118487,720,0.816667,0.517676,0.0137073
b4,4,7,b7,+ the detector walk (not shipped),b7_walk_b4,85,0.56874,0.011832,720,0.820833,0.518567,0.0136992
b4,4,7,b7,+ the detector walk (not shipped),b7_walk_b4,86,0.57174,0.0117519,720,0.829167,0.520093,0.0136711
b4,4,7,b7,+ the detector walk (not shipped),b7_walk_b4,87,0.571331,0.0117696,720,0.830556,0.520527,0.0136778
b4,4,7,b7,+ the detector walk (not shipped),b7_walk_b4,88,0.570971,0.0117635,720,0.830556,0.521184,0.013686
b4,4,7,b7,+ the detector walk (not shipped),b7_walk_b4,89,0.574235,0.0116837,720,0.838889,0.522886,0.0136595
b4,4,7,b7,+ the detector walk (not shipped),b7_walk_b4,90,0.573157,0.011712,720,0.841667,0.523515,0.0136546
b4,4,7,b7,+ the detector walk (not shipped),b7_walk_b4,91,0.574322,0.0116874,720,0.841667,0.523823,0.0136617
b4,4,7,b7,+ the detector walk (not shipped),b7_walk_b4,92,0.576603,0.0117162,720,0.843056,0.524435,0.0136622
b4,4,7,b7,+ the detector walk (not shipped),b7_walk_b4,93,0.578168,0.011596,720,0.848611,0.525982,0.0136206
b4,4,7,b7,+ the detector walk (not shipped),b7_walk_b4,94,0.580044,0.011658,720,0.85,0.5265,0.0136177
b4,4,7,b7,+ the detector walk (not shipped),b7_walk_b4,95,0.579874,0.0116766,720,0.852778,0.527023,0.0136167
b4,4,7,b7,+ the detector walk (not shipped),b7_walk_b4,96,0.581052,0.0116722,720,0.855556,0.527745,0.0136115
b4,4,7,b7,+ the detector walk (not shipped),b7_walk_b4,97,0.583468,0.0116206,720,0.858333,0.528172,0.0136199
b4,4,7,b7,+ the detector walk (not shipped),b7_walk_b4,98,0.584662,0.0116431,720,0.861111,0.529119,0.0136139
b4,4,7,b7,+ the detector walk (not shipped),b7_walk_b4,99,0.585983,0.0116,720,0.866667,0.529915,0.0135958
b4,4,7,b7,+ the detector walk (not shipped),b7_walk_b4,100,0.586763,0.0115656,720,0.866667,0.530103,0.0135985
b4,4,7,b7,+ the detector walk (not shipped),b7_walk_b4,101,0.588971,0.0115448,720,0.870833,0.531309,0.013575
b4,4,7,b7,+ the detector walk (not shipped),b7_walk_b4,102,0.589576,0.0115003,720,0.876389,0.531834,0.0135546
b4,4,7,b7,+ the detector walk (not shipped),b7_walk_b4,103,0.589785,0.0115406,720,0.876389,0.53205,0.0135527
b4,4,7,b7,+ the detector walk (not shipped),b7_walk_b4,104,0.591937,0.0114336,720,0.880556,0.532892,0.0135316
b4,4,7,b7,+ the detector walk (not shipped),b7_walk_b4,105,0.593006,0.0114113,720,0.884722,0.533678,0.0135164
b4,4,7,b7,+ the detector walk (not shipped),b7_walk_b4,106,0.593632,0.0113782,720,0.890278,0.534263,0.0135033
b4,4,7,b7,+ the detector walk (not shipped),b7_walk_b4,107,0.594563,0.0113831,720,0.893056,0.534999,0.0135006
b4,4,7,b7,+ the detector walk (not shipped),b7_walk_b4,108,0.595545,0.0113905,720,0.894444,0.535048,0.0134981
b4,4,7,b7,+ the detector walk (not shipped),b7_walk_b4,109,0.596172,0.0113568,720,0.897222,0.535754,0.013488
b4,4,7,b7,+ the detector walk (not shipped),b7_walk_b4,110,0.59627,0.0113394,720,0.897222,0.535997,0.0134872
b4,4,7,b7,+ the detector walk (not shipped),b7_walk_b4,111,0.596112,0.0113599,720,0.898611,0.536089,0.0134871
b4,4,7,b7,+ the detector walk (not shipped),b7_walk_b4,112,0.596061,0.0113607,720,0.901389,0.536549,0.0134824
b4,4,7,b7,+ the detector walk (not shipped),b7_walk_b4,113,0.597379,0.0113391,720,0.904167,0.536864,0.0134747
b4,4,7,b7,+ the detector walk (not shipped),b7_walk_b4,114,0.598744,0.0113107,720,0.905556,0.537115,0.0134654
b4,4,7,b7,+ the detector walk (not shipped),b7_walk_b4,115,0.597409,0.0113482,720,0.905556,0.537134,0.0134717
b4,4,7,b7,+ the detector walk (not shipped),b7_walk_b4,116,0.599385,0.0113307,720,0.905556,0.537245,0.0134759
b4,4,7,b7,+ the detector walk (not shipped),b7_walk_b4,117,0.600347,0.0112946,720,0.906944,0.537794,0.0134572
b4,4,7,b7,+ the detector walk (not shipped),b7_walk_b4,118,0.601591,0.011238,720,0.911111,0.538567,0.0134336
b4,4,7,b7,+ the detector walk (not shipped),b7_walk_b4,119,0.60217,0.0111821,720,0.9125,0.53887,0.0134224
b4,4,7,b7,+ the detector walk (not shipped),b7_walk_b4,120,0.603784,0.0111572,720,0.916667,0.539511,0.0134114
b4,4,7,b7,+ the detector walk (not shipped),b7_walk_b4,121,0.604277,0.0111649,720,0.918056,0.540266,0.0133935
b4,4,7,b7,+ the detector walk (not shipped),b7_walk_b4,122,0.605679,0.0111373,720,0.918056,0.540609,0.0133988
b4,4,7,b7,+ the detector walk (not shipped),b7_walk_b4,123,0.606463,0.0111244,720,0.918056,0.540646,0.0133984
b4,4,7,b7,+ the detector walk (not shipped),b7_walk_b4,124,0.606971,0.0111271,720,0.919444,0.540948,0.0133924
b4,4,7,b7,+ the detector walk (not shipped),b7_walk_b4,125,0.607176,0.0111151,720,0.919444,0.54139,0.0133884
b4,4,7,b7,+ the detector walk (not shipped),b7_walk_b4,126,0.608259,0.0111099,720,0.920833,0.541731,0.0133864
b4,4,7,b7,+ the detector walk (not shipped),b7_walk_b4,127,0.608562,0.0110673,720,0.920833,0.542364,0.0133831
b4,4,7,b7,+ the detector walk (not shipped),b7_walk_b4,128,0.608837,0.0110508,720,0.920833,0.542865,0.0133814
b4,4,7,b7,+ the detector walk (not shipped),b7_walk_b4,129,0.608901,0.011058,720,0.922222,0.543486,0.0133591
b4,4,7,b7,+ the detector walk (not shipped),b7_walk_b4,130,0.608145,0.011047,720,0.922222,0.544253,0.0133528
b4,4,7,b7,+ the detector walk (not shipped),b7_walk_b4,131,0.609144,0.0110821,720,0.922222,0.54469,0.0133437
b4,4,7,b7,+ the detector walk (not shipped),b7_walk_b4,132,0.611514,0.011034,720,0.923611,0.545234,0.0133362
b4,4,7,b7,+ the detector walk (not shipped),b7_walk_b4,133,0.612349,0.011004,720,0.923611,0.545602,0.0133322
b4,4,7,b7,+ the detector walk (not shipped),b7_walk_b4,134,0.611505,0.0110441,720,0.923611,0.545822,0.0133299
b4,4,7,b7,+ the detector walk (not shipped),b7_walk_b4,135,0.613731,0.0110139,720,0.925,0.546828,0.0133097
b4,4,7,b7,+ the detector walk (not shipped),b7_walk_b4,136,0.61405,0.010992,720,0.927778,0.547462,0.0132892
b4,4,7,b7,+ the detector walk (not shipped),b7_walk_b4,137,0.611478,0.0111035,720,0.927778,0.547739,0.0132844
b4,4,7,b7,+ the detector walk (not shipped),b7_walk_b4,138,0.612958,0.0110385,720,0.927778,0.548518,0.0132741
b4,4,7,b7,+ the detector walk (not shipped),b7_walk_b4,139,0.612114,0.0110686,720,0.927778,0.548949,0.01328
b4,4,7,b7,+ the detector walk (not shipped),b7_walk_b4,140,0.612172,0.0110292,720,0.927778,0.549146,0.013282
b4,4,7,b7,+ the detector walk (not shipped),b7_walk_b4,141,0.613282,0.010987,720,0.929167,0.549487,0.0132689
b4,4,7,b7,+ the detector walk (not shipped),b7_walk_b4,142,0.614327,0.0109534,720,0.929167,0.549914,0.0132689
b4,4,7,b7,+ the detector walk (not shipped),b7_walk_b4,143,0.612607,0.0109575,720,0.929167,0.550273,0.0132617
b4,4,7,b7,+ the detector walk (not shipped),b7_walk_b4,144,0.613669,0.0109129,720,0.930556,0.55083,0.0132431
b4,4,7,b7,+ the detector walk (not shipped),b7_walk_b4,145,0.615936,0.0108983,720,0.931944,0.551391,0.0132255
b4,4,7,b7,+ the detector walk (not shipped),b7_walk_b4,146,0.615308,0.0109186,720,0.931944,0.551923,0.0132152
b4,4,7,b7,+ the detector walk (not shipped),b7_walk_b4,147,0.614478,0.0109777,720,0.931944,0.552093,0.013214
b4,4,7,b7,+ the detector walk (not shipped),b7_walk_b4,148,0.614862,0.0110189,720,0.931944,0.552179,0.0132125
b4,4,7,b7,+ the detector walk (not shipped),b7_walk_b4,149,0.617479,0.0108949,720,0.934722,0.552706,0.0131913
b4,4,7,b7,+ the detector walk (not shipped),b7_walk_b4,150,0.61841,0.0108768,720,0.934722,0.553529,0.0131776
