t,showing_detector,precision,recall,returned_median,over_200,returned_none,preset,rung,label
0,0,0.0116283,0.911761,4254,1,0,b025,b1,cross-calibration
1,0,0.0116283,0.911761,4254,1,0,b025,b1,cross-calibration
2,0,0.0116283,0.911761,4254,1,0,b025,b1,cross-calibration
3,0,0.0116283,0.911761,4254,1,0,b025,b1,cross-calibration
4,0,0.0116283,0.911761,4254,1,0,b025,b1,cross-calibration
5,0,0.0116283,0.911761,4254,1,0,b025,b1,cross-calibration
6,0,0.0116283,0.911761,4254,1,0,b025,b1,cross-calibration
7,0,0.0116283,0.911761,4254,1,0,b025,b1,cross-calibration
8,0,0.0116283,0.911761,4254,1,0,b025,b1,cross-calibration
9,0,0.0116283,0.911761,4254,1,0,b025,b1,cross-calibration
10,0,0.0116283,0.911761,4254,1,0,b025,b1,cross-calibration
11,0,0.0116283,0.911761,4254,1,0,b025,b1,cross-calibration
12,0,0.0116283,0.911761,4254,1,0,b025,b1,cross-calibration
13,0,0.0116283,0.911761,4254,1,0,b025,b1,cross-calibration
14,0,0.0116283,0.911761,4254,1,0,b025,b1,cross-calibration
15,0,0.0116283,0.911761,4254,1,0,b025,b1,cross-calibration
16,0,0.0116283,0.911761,4254,1,0,b025,b1,cross-calibration
17,0,0.0116283,0.911761,4254,1,0,b025,b1,cross-calibration
18,0,0.0116283,0.911761,4254,1,0,b025,b1,cross-calibration
19,0,0.0116283,0.911761,4254,1,0,b025,b1,cross-calibration
20,0,0.0116283,0.911761,4254,1,0,b025,b1,cross-calibration
21,0,0.0116283,0.911761,4254,1,0,b025,b1,cross-calibration
22,0,0.0116283,0.911761,4254,1,0,b025,b1,cross-calibration
23,0.00138889,0.0117228,0.91059,4254,0.998611,0,b025,b1,cross-calibration
24,0.277778,0.20767,0.824696,4031,0.747222,0,b025,b1,cross-calibration
25,0.365278,0.252501,0.809075,3813,0.675,0,b025,b1,cross-calibration
26,0.394444,0.276336,0.804481,3784,0.640278,0,b025,b1,cross-calibration
27,0.416667,0.292104,0.797979,3737,0.626389,0,b025,b1,cross-calibration
28,0.434722,0.304715,0.792373,3687,0.593056,0,b025,b1,cross-calibration
29,0.455556,0.333508,0.779385,3134.5,0.569444,0,b025,b1,cross-calibration
30,0.469444,0.36371,0.762441,2916,0.541667,0,b025,b1,cross-calibration
31,0.477778,0.377395,0.750978,2747.5,0.533333,0,b025,b1,cross-calibration
32,0.483333,0.381754,0.750889,2584,0.536111,0,b025,b1,cross-calibration
33,0.488889,0.392341,0.743349,2203,0.523611,0,b025,b1,cross-calibration
34,0.498611,0.406067,0.731728,2042,0.522222,0,b025,b1,cross-calibration
35,0.506944,0.408965,0.729928,1059,0.516667,0,b025,b1,cross-calibration
36,0.518056,0.410993,0.734109,332.5,0.505556,0,b025,b1,cross-calibration
37,0.526389,0.410213,0.738655,206.5,0.501389,0,b025,b1,cross-calibration
38,0.534722,0.411589,0.740039,148,0.488889,0,b025,b1,cross-calibration
39,0.545833,0.406745,0.744241,175.5,0.495833,0,b025,b1,cross-calibration
40,0.558333,0.412982,0.740636,137.5,0.4875,0,b025,b1,cross-calibration
41,0.563889,0.416829,0.739841,125.5,0.477778,0,b025,b1,cross-calibration
42,0.570833,0.428178,0.734774,101.5,0.475,0,b025,b1,cross-calibration
43,0.580556,0.424971,0.737689,108.5,0.472222,0,b025,b1,cross-calibration
44,0.590278,0.427492,0.73425,96.5,0.472222,0,b025,b1,cross-calibration
45,0.601389,0.430526,0.73119,94,0.466667,0.00138889,b025,b1,cross-calibration
46,0.605556,0.435158,0.732866,95.5,0.454167,0,b025,b1,cross-calibration
47,0.619444,0.437256,0.728261,98.5,0.447222,0,b025,b1,cross-calibration
48,0.622222,0.433207,0.734273,97.5,0.45,0,b025,b1,cross-calibration
49,0.627778,0.430397,0.736195,99.5,0.452778,0,b025,b1,cross-calibration
50,0.627778,0.435742,0.731684,91,0.440278,0,b025,b1,cross-calibration
51,0.630556,0.432737,0.734475,87,0.436111,0,b025,b1,cross-calibration
52,0.634722,0.43724,0.730265,81,0.434722,0,b025,b1,cross-calibration
53,0.648611,0.441826,0.724572,80.5,0.429167,0,b025,b1,cross-calibration
54,0.655556,0.442135,0.724661,75,0.436111,0,b025,b1,cross-calibration
55,0.663889,0.451499,0.716859,73,0.420833,0.00138889,b025,b1,cross-calibration
56,0.672222,0.46488,0.709659,62,0.422222,0,b025,b1,cross-calibration
57,0.677778,0.469706,0.705613,62,0.419444,0,b025,b1,cross-calibration
58,0.684722,0.466004,0.707127,64.5,0.411111,0,b025,b1,cross-calibration
59,0.7,0.469468,0.702218,59.5,0.411111,0,b025,b1,cross-calibration
60,0.708333,0.470996,0.699318,61,0.405556,0,b025,b1,cross-calibration
61,0.7125,0.475284,0.697003,58,0.397222,0,b025,b1,cross-calibration
62,0.722222,0.472757,0.694915,60,0.395833,0,b025,b1,cross-calibration
63,0.726389,0.461062,0.703401,68,0.401389,0,b025,b1,cross-calibration
64,0.731944,0.461211,0.703805,69,0.384722,0,b025,b1,cross-calibration
65,0.738889,0.464261,0.700641,64,0.383333,0,b025,b1,cross-calibration
66,0.747222,0.470346,0.699211,62,0.379167,0,b025,b1,cross-calibration
67,0.754167,0.465418,0.701492,66,0.376389,0,b025,b1,cross-calibration
68,0.756944,0.470545,0.696722,63,0.373611,0,b025,b1,cross-calibration
69,0.759722,0.46968,0.696922,60.5,0.369444,0,b025,b1,cross-calibration
70,0.766667,0.471149,0.692074,62,0.359722,0,b025,b1,cross-calibration
71,0.770833,0.471906,0.693761,61,0.355556,0,b025,b1,cross-calibration
72,0.776389,0.471875,0.694369,61,0.369444,0,b025,b1,cross-calibration
73,0.780556,0.465466,0.696379,63,0.354167,0,b025,b1,cross-calibration
74,0.783333,0.461484,0.698736,70,0.359722,0,b025,b1,cross-calibration
75,0.790278,0.458334,0.70613,69,0.363889,0,b025,b1,cross-calibration
76,0.793056,0.452359,0.70827,72,0.358333,0,b025,b1,cross-calibration
77,0.801389,0.4466,0.707332,75,0.345833,0,b025,b1,cross-calibration
78,0.809722,0.44592,0.708344,77,0.359722,0,b025,b1,cross-calibration
79,0.818056,0.448674,0.702588,74,0.35,0,b025,b1,cross-calibration
80,0.820833,0.455708,0.700131,72,0.347222,0,b025,b1,cross-calibration
81,0.826389,0.450783,0.705791,76,0.352778,0,b025,b1,cross-calibration
82,0.831944,0.447213,0.704279,77,0.352778,0,b025,b1,cross-calibration
83,0.8375,0.450413,0.703801,74,0.355556,0,b025,b1,cross-calibration
84,0.841667,0.450074,0.704597,72,0.35,0,b025,b1,cross-calibration
85,0.844444,0.454462,0.703772,75,0.348611,0,b025,b1,cross-calibration
86,0.844444,0.450607,0.701045,73.5,0.35,0,b025,b1,cross-calibration
87,0.85,0.451002,0.701652,75,0.35,0,b025,b1,cross-calibration
88,0.858333,0.457026,0.694326,72,0.343056,0,b025,b1,cross-calibration
89,0.8625,0.455755,0.698718,72,0.348611,0,b025,b1,cross-calibration
90,0.866667,0.457141,0.692294,73.5,0.340278,0,b025,b1,cross-calibration
91,0.870833,0.455239,0.694878,75.5,0.333333,0,b025,b1,cross-calibration
92,0.870833,0.46075,0.692528,72,0.343056,0,b025,b1,cross-calibration
93,0.872222,0.460776,0.693293,72.5,0.333333,0,b025,b1,cross-calibration
94,0.876389,0.460357,0.692203,72.5,0.336111,0,b025,b1,cross-calibration
95,0.880556,0.465184,0.688848,73,0.322222,0,b025,b1,cross-calibration
96,0.884722,0.465661,0.684163,70,0.306944,0,b025,b1,cross-calibration
97,0.886111,0.471595,0.683509,67,0.309722,0,b025,b1,cross-calibration
98,0.890278,0.466936,0.685514,71,0.306944,0,b025,b1,cross-calibration
99,0.893056,0.469257,0.682616,67,0.316667,0.00138889,b025,b1,cross-calibration
100,0.894444,0.47325,0.682125,65,0.323611,0,b025,b1,cross-calibration
101,0.894444,0.474986,0.683578,65,0.327778,0.00138889,b025,b1,cross-calibration
102,0.894444,0.477296,0.681802,65.5,0.327778,0.00138889,b025,b1,cross-calibration
103,0.894444,0.481054,0.680066,63,0.322222,0,b025,b1,cross-calibration
104,0.897222,0.479895,0.678949,64,0.318056,0,b025,b1,cross-calibration
105,0.9,0.482122,0.677189,64.5,0.308333,0,b025,b1,cross-calibration
106,0.901389,0.479528,0.680168,66,0.320833,0,b025,b1,cross-calibration
107,0.905556,0.479006,0.678083,65,0.304167,0,b025,b1,cross-calibration
108,0.906944,0.481986,0.673894,65.5,0.293056,0,b025,b1,cross-calibration
109,0.909722,0.480582,0.678273,66.5,0.301389,0,b025,b1,cross-calibration
110,0.909722,0.478461,0.676694,66,0.283333,0,b025,b1,cross-calibration
111,0.9125,0.475336,0.682638,69,0.302778,0,b025,b1,cross-calibration
112,0.9125,0.474589,0.683561,68.5,0.309722,0,b025,b1,cross-calibration
113,0.918056,0.476271,0.680726,69,0.305556,0,b025,b1,cross-calibration
114,0.919444,0.470931,0.679306,66,0.3,0,b025,b1,cross-calibration
115,0.920833,0.46965,0.684035,70,0.3125,0,b025,b1,cross-calibration
116,0.920833,0.469712,0.683786,69.5,0.306944,0,b025,b1,cross-calibration
117,0.922222,0.472033,0.683905,72,0.309722,0,b025,b1,cross-calibration
118,0.925,0.473251,0.682601,68,0.295833,0,b025,b1,cross-calibration
119,0.925,0.47256,0.679993,67,0.302778,0,b025,b1,cross-calibration
120,0.925,0.470029,0.684992,65,0.305556,0,b025,b1,cross-calibration
121,0.926389,0.46679,0.687778,67,0.305556,0,b025,b1,cross-calibration
122,0.926389,0.469206,0.686823,69,0.291667,0,b025,b1,cross-calibration
123,0.926389,0.463405,0.688769,70,0.302778,0,b025,b1,cross-calibration
124,0.926389,0.465333,0.692567,70.5,0.305556,0,b025,b1,cross-calibration
125,0.926389,0.468477,0.688481,70,0.301389,0,b025,b1,cross-calibration
126,0.926389,0.468906,0.688085,70,0.297222,0,b025,b1,cross-calibration
127,0.926389,0.466304,0.691344,72,0.301389,0,b025,b1,cross-calibration
128,0.927778,0.470545,0.688659,69,0.295833,0,b025,b1,cross-calibration
129,0.929167,0.467781,0.690609,70,0.3,0,b025,b1,cross-calibration
130,0.929167,0.470391,0.686922,69,0.3,0,b025,b1,cross-calibration
131,0.929167,0.468638,0.685906,69,0.293056,0,b025,b1,cross-calibration
132,0.930556,0.472458,0.686956,67.5,0.290278,0,b025,b1,cross-calibration
133,0.931944,0.471137,0.683937,67.5,0.288889,0,b025,b1,cross-calibration
134,0.933333,0.467231,0.685903,69,0.295833,0,b025,b1,cross-calibration
135,0.9375,0.46749,0.685477,68,0.293056,0,b025,b1,cross-calibration
136,0.940278,0.461454,0.68689,71,0.286111,0,b025,b1,cross-calibration
137,0.943056,0.463398,0.684021,70.5,0.273611,0,b025,b1,cross-calibration
138,0.943056,0.463375,0.685602,70,0.2875,0,b025,b1,cross-calibration
139,0.943056,0.460738,0.687629,71,0.288889,0,b025,b1,cross-calibration
140,0.943056,0.45963,0.686077,72,0.290278,0,b025,b1,cross-calibration
141,0.943056,0.460751,0.684183,72,0.293056,0,b025,b1,cross-calibration
142,0.943056,0.452762,0.695651,75,0.293056,0,b025,b1,cross-calibration
143,0.943056,0.4555,0.698567,74,0.291667,0,b025,b1,cross-calibration
144,0.944444,0.457727,0.69748,72,0.290278,0,b025,b1,cross-calibration
145,0.947222,0.459228,0.695289,72,0.281944,0,b025,b1,cross-calibration
146,0.951389,0.461198,0.688431,72,0.276389,0,b025,b1,cross-calibration
147,0.951389,0.460361,0.690561,72,0.281944,0,b025,b1,cross-calibration
148,0.951389,0.457413,0.689466,72,0.284722,0,b025,b1,cross-calibration
149,0.951389,0.462676,0.688048,69,0.276389,0,b025,b1,cross-calibration
150,0.951389,0.461196,0.69024,73,0.284722,0,b025,b1,cross-calibration
0,0,0.0116283,0.911761,4254,1,0,b025,b2,the labels line at the preset
1,0,0.0116283,0.911761,4254,1,0,b025,b2,the labels line at the preset
2,0,0.0116283,0.911761,4254,1,0,b025,b2,the labels line at the preset
3,0,0.0116283,0.911761,4254,1,0,b025,b2,the labels line at the preset
4,0,0.0116283,0.911761,4254,1,0,b025,b2,the labels line at the preset
5,0,0.0116283,0.911761,4254,1,0,b025,b2,the labels line at the preset
6,0,0.0116283,0.911761,4254,1,0,b025,b2,the labels line at the preset
7,0,0.0116283,0.911761,4254,1,0,b025,b2,the labels line at the preset
8,0,0.0116283,0.911761,4254,1,0,b025,b2,the labels line at the preset
9,0,0.0116283,0.911761,4254,1,0,b025,b2,the labels line at the preset
10,0,0.0116283,0.911761,4254,1,0,b025,b2,the labels line at the preset
11,0,0.0116283,0.911761,4254,1,0,b025,b2,the labels line at the preset
12,0,0.0116283,0.911761,4254,1,0,b025,b2,the labels line at the preset
13,0,0.0116283,0.911761,4254,1,0,b025,b2,the labels line at the preset
14,0,0.0116283,0.911761,4254,1,0,b025,b2,the labels line at the preset
15,0,0.0116283,0.911761,4254,1,0,b025,b2,the labels line at the preset
16,0,0.0116283,0.911761,4254,1,0,b025,b2,the labels line at the preset
17,0,0.0116283,0.911761,4254,1,0,b025,b2,the labels line at the preset
18,0,0.0116283,0.911761,4254,1,0,b025,b2,the labels line at the preset
19,0,0.0116283,0.911761,4254,1,0,b025,b2,the labels line at the preset
20,0,0.0116283,0.911761,4254,1,0,b025,b2,the labels line at the preset
21,0,0.0116283,0.911761,4254,1,0,b025,b2,the labels line at the preset
22,0,0.0116283,0.911761,4254,1,0,b025,b2,the labels line at the preset
23,0.00138889,0.0116046,0.910481,4254,0.998611,0,b025,b2,the labels line at the preset
24,0.277778,0.26283,0.745873,4031,0.722222,0,b025,b2,the labels line at the preset
25,0.365278,0.340771,0.697709,3813,0.634722,0,b025,b2,the labels line at the preset
26,0.394444,0.360241,0.697881,3784,0.609722,0,b025,b2,the labels line at the preset
27,0.416667,0.378298,0.690135,3737,0.584722,0,b025,b2,the labels line at the preset
28,0.434722,0.394388,0.685089,3687,0.568056,0,b025,b2,the labels line at the preset
29,0.455556,0.410438,0.675203,3074,0.544444,0,b025,b2,the labels line at the preset
30,0.469444,0.429487,0.666626,2916,0.530556,0,b025,b2,the labels line at the preset
31,0.477778,0.434816,0.666322,2747.5,0.523611,0,b025,b2,the labels line at the preset
32,0.483333,0.444131,0.664531,2584,0.520833,0,b025,b2,the labels line at the preset
33,0.488889,0.449511,0.666273,2203,0.513889,0,b025,b2,the labels line at the preset
34,0.498611,0.452013,0.665586,1982,0.506944,0,b025,b2,the labels line at the preset
35,0.506944,0.462399,0.660901,120.5,0.495833,0,b025,b2,the labels line at the preset
36,0.518056,0.464649,0.666572,79,0.484722,0,b025,b2,the labels line at the preset
37,0.526389,0.462284,0.668906,69,0.477778,0,b025,b2,the labels line at the preset
38,0.534722,0.470509,0.665613,56.5,0.472222,0,b025,b2,the labels line at the preset
39,0.545833,0.478413,0.663383,56,0.465278,0,b025,b2,the labels line at the preset
40,0.558333,0.482895,0.657973,51,0.447222,0,b025,b2,the labels line at the preset
41,0.563889,0.481782,0.660898,51,0.445833,0,b025,b2,the labels line at the preset
42,0.570833,0.48095,0.663072,50.5,0.438889,0,b025,b2,the labels line at the preset
43,0.580556,0.486198,0.657346,49,0.431944,0,b025,b2,the labels line at the preset
44,0.590278,0.489423,0.656771,49,0.422222,0,b025,b2,the labels line at the preset
45,0.601389,0.490979,0.655176,50,0.409722,0,b025,b2,the labels line at the preset
46,0.605556,0.489306,0.656623,49,0.409722,0,b025,b2,the labels line at the preset
47,0.619444,0.490166,0.651557,48,0.405556,0,b025,b2,the labels line at the preset
48,0.622222,0.490623,0.65016,49,0.4,0,b025,b2,the labels line at the preset
49,0.627778,0.495543,0.647305,48.5,0.383333,0,b025,b2,the labels line at the preset
50,0.627778,0.499677,0.645639,48,0.380556,0,b025,b2,the labels line at the preset
51,0.630556,0.500314,0.646099,48,0.381944,0,b025,b2,the labels line at the preset
52,0.634722,0.498897,0.64708,48,0.380556,0,b025,b2,the labels line at the preset
53,0.648611,0.503858,0.63897,48,0.370833,0,b025,b2,the labels line at the preset
54,0.655556,0.508703,0.633381,48,0.369444,0,b025,b2,the labels line at the preset
55,0.663889,0.508067,0.62991,47,0.3625,0,b025,b2,the labels line at the preset
56,0.672222,0.511222,0.621919,46,0.352778,0,b025,b2,the labels line at the preset
57,0.677778,0.520606,0.616628,46,0.35,0,b025,b2,the labels line at the preset
58,0.684722,0.520774,0.610113,45,0.341667,0,b025,b2,the labels line at the preset
59,0.7,0.523744,0.606369,46,0.331944,0,b025,b2,the labels line at the preset
60,0.708333,0.530997,0.597806,46,0.327778,0,b025,b2,the labels line at the preset
61,0.7125,0.536274,0.596198,45,0.318056,0,b025,b2,the labels line at the preset
62,0.722222,0.537212,0.591576,45,0.319444,0,b025,b2,the labels line at the preset
63,0.726389,0.535447,0.593357,45.5,0.316667,0,b025,b2,the labels line at the preset
64,0.731944,0.540189,0.585685,45,0.311111,0,b025,b2,the labels line at the preset
65,0.738889,0.546472,0.576879,44,0.294444,0,b025,b2,the labels line at the preset
66,0.747222,0.555057,0.566096,44,0.284722,0,b025,b2,the labels line at the preset
67,0.754167,0.559404,0.558276,43,0.277778,0,b025,b2,the labels line at the preset
68,0.756944,0.556371,0.559555,44,0.277778,0,b025,b2,the labels line at the preset
69,0.759722,0.561061,0.551431,43,0.272222,0,b025,b2,the labels line at the preset
70,0.766667,0.55961,0.550062,43,0.266667,0,b025,b2,the labels line at the preset
71,0.770833,0.564673,0.547963,43,0.265278,0,b025,b2,the labels line at the preset
72,0.776389,0.570436,0.542074,41,0.259722,0,b025,b2,the labels line at the preset
73,0.780556,0.574159,0.541903,42,0.252778,0,b025,b2,the labels line at the preset
74,0.783333,0.574457,0.542437,42.5,0.25,0,b025,b2,the labels line at the preset
75,0.790278,0.571595,0.542648,43,0.243056,0,b025,b2,the labels line at the preset
76,0.793056,0.570981,0.541934,42,0.241667,0,b025,b2,the labels line at the preset
77,0.801389,0.573605,0.537864,42,0.233333,0,b025,b2,the labels line at the preset
78,0.809722,0.570733,0.535306,42,0.225,0,b025,b2,the labels line at the preset
79,0.818056,0.574269,0.529797,42,0.209722,0,b025,b2,the labels line at the preset
80,0.820833,0.579548,0.528873,42.5,0.204167,0,b025,b2,the labels line at the preset
81,0.826389,0.577165,0.530542,43,0.209722,0,b025,b2,the labels line at the preset
82,0.831944,0.585008,0.530259,43,0.211111,0,b025,b2,the labels line at the preset
83,0.8375,0.588384,0.527703,42.5,0.202778,0,b025,b2,the labels line at the preset
84,0.841667,0.587842,0.523985,42,0.198611,0,b025,b2,the labels line at the preset
85,0.844444,0.582499,0.525061,43,0.198611,0,b025,b2,the labels line at the preset
86,0.844444,0.586027,0.522698,42.5,0.193056,0,b025,b2,the labels line at the preset
87,0.85,0.589211,0.518446,42,0.197222,0,b025,b2,the labels line at the preset
88,0.858333,0.592823,0.510939,41,0.181944,0,b025,b2,the labels line at the preset
89,0.8625,0.592146,0.511232,42,0.181944,0,b025,b2,the labels line at the preset
90,0.866667,0.595177,0.504782,40,0.172222,0,b025,b2,the labels line at the preset
91,0.870833,0.595576,0.505096,41,0.173611,0,b025,b2,the labels line at the preset
92,0.870833,0.593464,0.506997,41,0.163889,0,b025,b2,the labels line at the preset
93,0.872222,0.60357,0.503866,41,0.166667,0,b025,b2,the labels line at the preset
94,0.876389,0.605222,0.500329,40,0.158333,0,b025,b2,the labels line at the preset
95,0.880556,0.609827,0.494728,39,0.152778,0,b025,b2,the labels line at the preset
96,0.884722,0.614343,0.490131,39,0.148611,0,b025,b2,the labels line at the preset
97,0.886111,0.616685,0.489147,38,0.151389,0,b025,b2,the labels line at the preset
98,0.890278,0.617914,0.489532,39,0.144444,0,b025,b2,the labels line at the preset
99,0.893056,0.617647,0.493532,39,0.163889,0,b025,b2,the labels line at the preset
100,0.894444,0.620832,0.4877,39,0.148611,0,b025,b2,the labels line at the preset
101,0.894444,0.621709,0.487196,39,0.151389,0,b025,b2,the labels line at the preset
102,0.894444,0.62068,0.487303,39,0.138889,0,b025,b2,the labels line at the preset
103,0.894444,0.62308,0.484509,39,0.143056,0,b025,b2,the labels line at the preset
104,0.897222,0.624097,0.484785,38,0.140278,0,b025,b2,the labels line at the preset
105,0.9,0.623762,0.482171,39,0.1375,0,b025,b2,the labels line at the preset
106,0.901389,0.623922,0.48081,38,0.138889,0,b025,b2,the labels line at the preset
107,0.905556,0.624828,0.477465,38,0.136111,0,b025,b2,the labels line at the preset
108,0.906944,0.630767,0.476164,37,0.134722,0,b025,b2,the labels line at the preset
109,0.909722,0.628793,0.477215,38,0.126389,0,b025,b2,the labels line at the preset
110,0.909722,0.635197,0.47525,37,0.120833,0,b025,b2,the labels line at the preset
111,0.9125,0.630088,0.474745,37,0.123611,0,b025,b2,the labels line at the preset
112,0.9125,0.630432,0.473901,38,0.122222,0,b025,b2,the labels line at the preset
113,0.918056,0.636189,0.475476,37,0.119444,0,b025,b2,the labels line at the preset
114,0.919444,0.633287,0.477622,38,0.123611,0,b025,b2,the labels line at the preset
115,0.920833,0.634468,0.471174,37.5,0.120833,0,b025,b2,the labels line at the preset
116,0.920833,0.636614,0.470228,38,0.116667,0,b025,b2,the labels line at the preset
117,0.922222,0.638012,0.47076,37,0.119444,0,b025,b2,the labels line at the preset
118,0.925,0.638305,0.468373,36,0.1125,0,b025,b2,the labels line at the preset
119,0.925,0.635976,0.472111,38,0.113889,0,b025,b2,the labels line at the preset
120,0.925,0.632572,0.474138,38,0.109722,0,b025,b2,the labels line at the preset
121,0.926389,0.635614,0.472659,37,0.113889,0,b025,b2,the labels line at the preset
122,0.926389,0.637847,0.471509,37,0.111111,0,b025,b2,the labels line at the preset
123,0.926389,0.635537,0.472342,37,0.113889,0,b025,b2,the labels line at the preset
124,0.926389,0.635107,0.471894,36.5,0.111111,0,b025,b2,the labels line at the preset
125,0.926389,0.637267,0.473421,37,0.1125,0,b025,b2,the labels line at the preset
126,0.926389,0.637275,0.472712,37,0.105556,0,b025,b2,the labels line at the preset
127,0.926389,0.637895,0.473254,38,0.111111,0,b025,b2,the labels line at the preset
128,0.927778,0.6396,0.47209,37,0.108333,0,b025,b2,the labels line at the preset
129,0.929167,0.638591,0.47389,37,0.106944,0,b025,b2,the labels line at the preset
130,0.929167,0.639945,0.473226,37,0.109722,0,b025,b2,the labels line at the preset
131,0.929167,0.641465,0.472539,37,0.108333,0,b025,b2,the labels line at the preset
132,0.930556,0.64203,0.471664,36,0.104167,0,b025,b2,the labels line at the preset
133,0.931944,0.641995,0.46965,37,0.0972222,0,b025,b2,the labels line at the preset
134,0.933333,0.641033,0.471576,37,0.102778,0,b025,b2,the labels line at the preset
135,0.9375,0.6432,0.468754,36,0.108333,0,b025,b2,the labels line at the preset
136,0.940278,0.644755,0.470541,37,0.104167,0,b025,b2,the labels line at the preset
137,0.943056,0.647298,0.468388,37,0.0986111,0,b025,b2,the labels line at the preset
138,0.943056,0.644545,0.469518,38,0.0986111,0,b025,b2,the labels line at the preset
139,0.943056,0.644698,0.472466,38,0.0972222,0,b025,b2,the labels line at the preset
140,0.943056,0.645286,0.475498,38,0.0930556,0,b025,b2,the labels line at the preset
141,0.943056,0.644267,0.474925,38,0.0916667,0,b025,b2,the labels line at the preset
142,0.943056,0.644502,0.476115,37,0.0916667,0,b025,b2,the labels line at the preset
143,0.943056,0.642611,0.476164,37,0.0972222,0,b025,b2,the labels line at the preset
144,0.944444,0.643298,0.477299,38,0.0986111,0,b025,b2,the labels line at the preset
145,0.947222,0.642823,0.47671,39,0.0944444,0,b025,b2,the labels line at the preset
146,0.951389,0.645322,0.471806,38,0.0763889,0,b025,b2,the labels line at the preset
147,0.951389,0.640553,0.471204,37,0.0805556,0,b025,b2,the labels line at the preset
148,0.951389,0.63999,0.471622,37,0.0819444,0,b025,b2,the labels line at the preset
149,0.951389,0.643778,0.472514,37,0.0902778,0,b025,b2,the labels line at the preset
150,0.951389,0.638121,0.475148,38,0.0958333,0,b025,b2,the labels line at the preset
0,0,0.0116283,0.911761,4254,1,0,b025,b3,+ the relative spread floor
1,0,0.0116283,0.911761,4254,1,0,b025,b3,+ the relative spread floor
2,0,0.0116283,0.911761,4254,1,0,b025,b3,+ the relative spread floor
3,0,0.0116283,0.911761,4254,1,0,b025,b3,+ the relative spread floor
4,0,0.0116283,0.911761,4254,1,0,b025,b3,+ the relative spread floor
5,0,0.0116283,0.911761,4254,1,0,b025,b3,+ the relative spread floor
6,0,0.0116283,0.911761,4254,1,0,b025,b3,+ the relative spread floor
7,0,0.0116283,0.911761,4254,1,0,b025,b3,+ the relative spread floor
8,0,0.0116283,0.911761,4254,1,0,b025,b3,+ the relative spread floor
9,0,0.0116283,0.911761,4254,1,0,b025,b3,+ the relative spread floor
10,0,0.0116283,0.911761,4254,1,0,b025,b3,+ the relative spread floor
11,0,0.0116283,0.911761,4254,1,0,b025,b3,+ the relative spread floor
12,0,0.0116283,0.911761,4254,1,0,b025,b3,+ the relative spread floor
13,0,0.0116283,0.911761,4254,1,0,b025,b3,+ the relative spread floor
14,0,0.0116283,0.911761,4254,1,0,b025,b3,+ the relative spread floor
15,0,0.0116283,0.911761,4254,1,0,b025,b3,+ the relative spread floor
16,0,0.0116283,0.911761,4254,1,0,b025,b3,+ the relative spread floor
17,0,0.0116283,0.911761,4254,1,0,b025,b3,+ the relative spread floor
18,0,0.0116283,0.911761,4254,1,0,b025,b3,+ the relative spread floor
19,0,0.0116283,0.911761,4254,1,0,b025,b3,+ the relative spread floor
20,0,0.0116283,0.911761,4254,1,0,b025,b3,+ the relative spread floor
21,0,0.0116283,0.911761,4254,1,0,b025,b3,+ the relative spread floor
22,0,0.0116283,0.911761,4254,1,0,b025,b3,+ the relative spread floor
23,0.00138889,0.0116046,0.910481,4254,0.998611,0,b025,b3,+ the relative spread floor
24,0.277778,0.236273,0.799143,4031,0.725,0,b025,b3,+ the relative spread floor
25,0.365278,0.302581,0.76565,3813,0.638889,0,b025,b3,+ the relative spread floor
26,0.394444,0.321973,0.756858,3784,0.613889,0,b025,b3,+ the relative spread floor
27,0.416667,0.339928,0.743817,3737,0.5875,0,b025,b3,+ the relative spread floor
28,0.434722,0.358114,0.736563,3687,0.568056,0,b025,b3,+ the relative spread floor
29,0.455556,0.384363,0.714016,3074,0.544444,0,b025,b3,+ the relative spread floor
30,0.469444,0.414447,0.681849,2916,0.531944,0,b025,b3,+ the relative spread floor
31,0.477778,0.428065,0.677041,2747.5,0.526389,0,b025,b3,+ the relative spread floor
32,0.483333,0.432632,0.670983,2584,0.519444,0,b025,b3,+ the relative spread floor
33,0.488889,0.442797,0.662464,2203,0.5125,0,b025,b3,+ the relative spread floor
34,0.498611,0.451135,0.659656,1997,0.506944,0,b025,b3,+ the relative spread floor
35,0.506944,0.457913,0.647387,169,0.498611,0,b025,b3,+ the relative spread floor
36,0.518056,0.4628,0.653819,73,0.4875,0,b025,b3,+ the relative spread floor
37,0.526389,0.465356,0.654706,60.5,0.481944,0,b025,b3,+ the relative spread floor
38,0.534722,0.474809,0.654044,57,0.473611,0,b025,b3,+ the relative spread floor
39,0.545833,0.483458,0.64805,54.5,0.469444,0,b025,b3,+ the relative spread floor
40,0.558333,0.488225,0.64217,51.5,0.451389,0,b025,b3,+ the relative spread floor
41,0.563889,0.484161,0.646554,51,0.452778,0,b025,b3,+ the relative spread floor
42,0.570833,0.490515,0.641423,49,0.448611,0,b025,b3,+ the relative spread floor
43,0.580556,0.490519,0.636566,50,0.441667,0,b025,b3,+ the relative spread floor
44,0.590278,0.501008,0.634832,48,0.431944,0,b025,b3,+ the relative spread floor
45,0.601389,0.503987,0.630024,48,0.420833,0,b025,b3,+ the relative spread floor
46,0.605556,0.504439,0.62917,47,0.419444,0,b025,b3,+ the relative spread floor
47,0.619444,0.506933,0.624541,46.5,0.4125,0,b025,b3,+ the relative spread floor
48,0.622222,0.505559,0.624293,46.5,0.406944,0,b025,b3,+ the relative spread floor
49,0.627778,0.509631,0.61752,45,0.401389,0,b025,b3,+ the relative spread floor
50,0.627778,0.515268,0.613339,45,0.398611,0,b025,b3,+ the relative spread floor
51,0.630556,0.52188,0.611162,45,0.391667,0,b025,b3,+ the relative spread floor
52,0.634722,0.518033,0.612109,46,0.388889,0,b025,b3,+ the relative spread floor
53,0.648611,0.521273,0.604424,45,0.377778,0,b025,b3,+ the relative spread floor
54,0.655556,0.529903,0.592306,43,0.370833,0,b025,b3,+ the relative spread floor
55,0.663889,0.529271,0.596995,43.5,0.375,0,b025,b3,+ the relative spread floor
56,0.672222,0.530964,0.586751,43,0.35,0,b025,b3,+ the relative spread floor
57,0.677778,0.538403,0.583559,42,0.35,0,b025,b3,+ the relative spread floor
58,0.684722,0.540119,0.5788,42,0.343056,0,b025,b3,+ the relative spread floor
59,0.7,0.544214,0.569691,41,0.331944,0,b025,b3,+ the relative spread floor
60,0.708333,0.554238,0.562258,42,0.327778,0,b025,b3,+ the relative spread floor
61,0.7125,0.56052,0.558552,41,0.320833,0,b025,b3,+ the relative spread floor
62,0.722222,0.564259,0.554873,40,0.318056,0,b025,b3,+ the relative spread floor
63,0.726389,0.565031,0.545297,40,0.309722,0,b025,b3,+ the relative spread floor
64,0.731944,0.566614,0.539424,40,0.311111,0,b025,b3,+ the relative spread floor
65,0.738889,0.572595,0.532342,39,0.304167,0,b025,b3,+ the relative spread floor
66,0.747222,0.57901,0.51647,37,0.290278,0,b025,b3,+ the relative spread floor
67,0.754167,0.586656,0.511165,36.5,0.284722,0,b025,b3,+ the relative spread floor
68,0.756944,0.585836,0.509952,37,0.281944,0,b025,b3,+ the relative spread floor
69,0.759722,0.589902,0.503806,36,0.276389,0,b025,b3,+ the relative spread floor
70,0.766667,0.593061,0.498212,36,0.272222,0,b025,b3,+ the relative spread floor
71,0.770833,0.595644,0.494637,35.5,0.268056,0,b025,b3,+ the relative spread floor
72,0.776389,0.600544,0.490055,34,0.263889,0,b025,b3,+ the relative spread floor
73,0.780556,0.603384,0.488665,34,0.265278,0,b025,b3,+ the relative spread floor
74,0.783333,0.602992,0.49067,34,0.266667,0,b025,b3,+ the relative spread floor
75,0.790278,0.598412,0.489771,35,0.259722,0,b025,b3,+ the relative spread floor
76,0.793056,0.603702,0.484864,35,0.245833,0,b025,b3,+ the relative spread floor
77,0.801389,0.601636,0.490508,35,0.25,0,b025,b3,+ the relative spread floor
78,0.809722,0.603016,0.485895,35,0.240278,0,b025,b3,+ the relative spread floor
79,0.818056,0.608416,0.484493,35,0.2375,0,b025,b3,+ the relative spread floor
80,0.820833,0.608546,0.485253,35,0.230556,0,b025,b3,+ the relative spread floor
81,0.826389,0.61493,0.48194,34,0.223611,0,b025,b3,+ the relative spread floor
82,0.831944,0.618981,0.480452,34,0.222222,0,b025,b3,+ the relative spread floor
83,0.8375,0.622966,0.473146,35,0.209722,0,b025,b3,+ the relative spread floor
84,0.841667,0.622636,0.47001,34,0.2,0,b025,b3,+ the relative spread floor
85,0.844444,0.622257,0.473993,34,0.205556,0,b025,b3,+ the relative spread floor
86,0.844444,0.623852,0.474344,34,0.202778,0,b025,b3,+ the relative spread floor
87,0.85,0.628999,0.472335,34,0.198611,0,b025,b3,+ the relative spread floor
88,0.858333,0.62775,0.465286,34,0.186111,0,b025,b3,+ the relative spread floor
89,0.8625,0.629879,0.466345,34,0.195833,0,b025,b3,+ the relative spread floor
90,0.866667,0.632801,0.461015,33,0.190278,0,b025,b3,+ the relative spread floor
91,0.870833,0.633442,0.457383,33,0.179167,0,b025,b3,+ the relative spread floor
92,0.870833,0.630539,0.459143,33.5,0.172222,0,b025,b3,+ the relative spread floor
93,0.872222,0.631972,0.458835,33,0.180556,0,b025,b3,+ the relative spread floor
94,0.876389,0.633833,0.45668,34,0.170833,0,b025,b3,+ the relative spread floor
95,0.880556,0.640695,0.449872,33,0.165278,0,b025,b3,+ the relative spread floor
96,0.884722,0.640583,0.448296,33,0.1625,0,b025,b3,+ the relative spread floor
97,0.886111,0.640027,0.448246,33,0.159722,0,b025,b3,+ the relative spread floor
98,0.890278,0.641314,0.448748,33,0.155556,0,b025,b3,+ the relative spread floor
99,0.893056,0.64305,0.442417,32,0.144444,0,b025,b3,+ the relative spread floor
100,0.894444,0.64146,0.449117,34,0.155556,0,b025,b3,+ the relative spread floor
101,0.894444,0.646956,0.445978,33,0.147222,0,b025,b3,+ the relative spread floor
102,0.894444,0.639755,0.445195,32,0.141667,0,b025,b3,+ the relative spread floor
103,0.894444,0.64759,0.4449,31,0.141667,0,b025,b3,+ the relative spread floor
104,0.897222,0.646746,0.446782,32,0.141667,0,b025,b3,+ the relative spread floor
105,0.9,0.647154,0.444273,32.5,0.138889,0,b025,b3,+ the relative spread floor
106,0.901389,0.648582,0.443568,33,0.130556,0,b025,b3,+ the relative spread floor
107,0.905556,0.650384,0.440122,31,0.134722,0,b025,b3,+ the relative spread floor
108,0.906944,0.654737,0.441271,32,0.1375,0,b025,b3,+ the relative spread floor
109,0.909722,0.652144,0.445534,33,0.1375,0,b025,b3,+ the relative spread floor
110,0.909722,0.654899,0.445182,33,0.134722,0,b025,b3,+ the relative spread floor
111,0.9125,0.655874,0.442948,32,0.133333,0,b025,b3,+ the relative spread floor
112,0.9125,0.655626,0.443656,33,0.130556,0,b025,b3,+ the relative spread floor
113,0.918056,0.657719,0.443725,33,0.130556,0,b025,b3,+ the relative spread floor
114,0.919444,0.654937,0.443151,33,0.127778,0,b025,b3,+ the relative spread floor
115,0.920833,0.651672,0.44275,33,0.129167,0,b025,b3,+ the relative spread floor
116,0.920833,0.660353,0.438847,33,0.125,0,b025,b3,+ the relative spread floor
117,0.922222,0.656629,0.441203,33,0.126389,0,b025,b3,+ the relative spread floor
118,0.925,0.655855,0.444039,33,0.123611,0,b025,b3,+ the relative spread floor
119,0.925,0.655766,0.446406,33,0.122222,0,b025,b3,+ the relative spread floor
120,0.925,0.657506,0.444296,32,0.116667,0,b025,b3,+ the relative spread floor
121,0.926389,0.660483,0.447106,33,0.113889,0,b025,b3,+ the relative spread floor
122,0.926389,0.658176,0.446375,32,0.119444,0,b025,b3,+ the relative spread floor
123,0.926389,0.656239,0.447492,33,0.113889,0,b025,b3,+ the relative spread floor
124,0.926389,0.654816,0.449738,33,0.113889,0,b025,b3,+ the relative spread floor
125,0.926389,0.652445,0.451605,34.5,0.119444,0,b025,b3,+ the relative spread floor
126,0.926389,0.650514,0.456582,35,0.122222,0,b025,b3,+ the relative spread floor
127,0.926389,0.649973,0.456009,35,0.118056,0,b025,b3,+ the relative spread floor
128,0.927778,0.651819,0.454956,34,0.116667,0,b025,b3,+ the relative spread floor
129,0.929167,0.652818,0.455379,34,0.116667,0,b025,b3,+ the relative spread floor
130,0.929167,0.653703,0.451984,34,0.104167,0,b025,b3,+ the relative spread floor
131,0.929167,0.655127,0.451146,34,0.104167,0,b025,b3,+ the relative spread floor
132,0.930556,0.653616,0.455157,34,0.109722,0,b025,b3,+ the relative spread floor
133,0.931944,0.65045,0.450167,34,0.1,0,b025,b3,+ the relative spread floor
134,0.933333,0.653414,0.453853,34.5,0.105556,0,b025,b3,+ the relative spread floor
135,0.9375,0.649981,0.452429,34,0.102778,0,b025,b3,+ the relative spread floor
136,0.940278,0.649537,0.455627,35,0.108333,0,b025,b3,+ the relative spread floor
137,0.943056,0.65368,0.447389,34,0.0847222,0,b025,b3,+ the relative spread floor
138,0.943056,0.652497,0.450967,34,0.0972222,0,b025,b3,+ the relative spread floor
139,0.943056,0.653811,0.450648,35,0.0958333,0,b025,b3,+ the relative spread floor
140,0.943056,0.65209,0.454874,36,0.0958333,0,b025,b3,+ the relative spread floor
141,0.943056,0.653284,0.45661,36,0.0847222,0,b025,b3,+ the relative spread floor
142,0.943056,0.647702,0.459766,35,0.0958333,0,b025,b3,+ the relative spread floor
143,0.943056,0.651218,0.462342,35,0.104167,0,b025,b3,+ the relative spread floor
144,0.944444,0.650227,0.461721,36,0.0972222,0,b025,b3,+ the relative spread floor
145,0.947222,0.649835,0.460266,36,0.0944444,0,b025,b3,+ the relative spread floor
146,0.951389,0.649761,0.459045,36,0.0944444,0,b025,b3,+ the relative spread floor
147,0.951389,0.648149,0.453368,36,0.0847222,0,b025,b3,+ the relative spread floor
148,0.951389,0.648299,0.455298,34,0.0805556,0,b025,b3,+ the relative spread floor
149,0.951389,0.653778,0.456375,34,0.1,0,b025,b3,+ the relative spread floor
150,0.951389,0.653052,0.453133,34,0.0861111,0,b025,b3,+ the relative spread floor
0,0,0.0116283,0.911761,4254,1,0,b025,b4,+ the weak-separation check
1,0,0.0116283,0.911761,4254,1,0,b025,b4,+ the weak-separation check
2,0,0.0116283,0.911761,4254,1,0,b025,b4,+ the weak-separation check
3,0,0.0116283,0.911761,4254,1,0,b025,b4,+ the weak-separation check
4,0,0.0116283,0.911761,4254,1,0,b025,b4,+ the weak-separation check
5,0,0.0116283,0.911761,4254,1,0,b025,b4,+ the weak-separation check
6,0,0.0116283,0.911761,4254,1,0,b025,b4,+ the weak-separation check
7,0,0.0116283,0.911761,4254,1,0,b025,b4,+ the weak-separation check
8,0,0.0116283,0.911761,4254,1,0,b025,b4,+ the weak-separation check
9,0,0.0116283,0.911761,4254,1,0,b025,b4,+ the weak-separation check
10,0,0.0116283,0.911761,4254,1,0,b025,b4,+ the weak-separation check
11,0,0.0116283,0.911761,4254,1,0,b025,b4,+ the weak-separation check
12,0,0.0116283,0.911761,4254,1,0,b025,b4,+ the weak-separation check
13,0,0.0116283,0.911761,4254,1,0,b025,b4,+ the weak-separation check
14,0,0.0116283,0.911761,4254,1,0,b025,b4,+ the weak-separation check
15,0,0.0116283,0.911761,4254,1,0,b025,b4,+ the weak-separation check
16,0,0.0116283,0.911761,4254,1,0,b025,b4,+ the weak-separation check
17,0,0.0116283,0.911761,4254,1,0,b025,b4,+ the weak-separation check
18,0,0.0116283,0.911761,4254,1,0,b025,b4,+ the weak-separation check
19,0,0.0116283,0.911761,4254,1,0,b025,b4,+ the weak-separation check
20,0,0.0116283,0.911761,4254,1,0,b025,b4,+ the weak-separation check
21,0,0.0116283,0.911761,4254,1,0,b025,b4,+ the weak-separation check
22,0,0.0116283,0.911761,4254,1,0,b025,b4,+ the weak-separation check
23,0.00138889,0.0116046,0.910481,4254,0.998611,0,b025,b4,+ the weak-separation check
24,0.277778,0.236273,0.799143,4031,0.725,0,b025,b4,+ the weak-separation check
25,0.365278,0.302581,0.76565,3813,0.638889,0,b025,b4,+ the weak-separation check
26,0.394444,0.321973,0.756858,3784,0.613889,0,b025,b4,+ the weak-separation check
27,0.416667,0.340104,0.744074,3737,0.588889,0,b025,b4,+ the weak-separation check
28,0.434722,0.358756,0.736066,3687,0.570833,0,b025,b4,+ the weak-separation check
29,0.455556,0.384512,0.714277,3074,0.547222,0,b025,b4,+ the weak-separation check
30,0.469444,0.413555,0.682064,2916,0.534722,0,b025,b4,+ the weak-separation check
31,0.477778,0.426015,0.67469,2747.5,0.525,0,b025,b4,+ the weak-separation check
32,0.483333,0.429292,0.670231,2584,0.519444,0,b025,b4,+ the weak-separation check
33,0.488889,0.439823,0.66131,2203,0.5125,0,b025,b4,+ the weak-separation check
34,0.498611,0.446689,0.659852,1997,0.506944,0,b025,b4,+ the weak-separation check
35,0.506944,0.455336,0.647692,125,0.497222,0,b025,b4,+ the weak-separation check
36,0.518056,0.457795,0.65219,90,0.488889,0,b025,b4,+ the weak-separation check
37,0.526389,0.4639,0.650751,64.5,0.483333,0,b025,b4,+ the weak-separation check
38,0.534722,0.470022,0.650677,65,0.476389,0,b025,b4,+ the weak-separation check
39,0.545833,0.477437,0.646629,56.5,0.472222,0,b025,b4,+ the weak-separation check
40,0.558333,0.484492,0.639084,51.5,0.456944,0,b025,b4,+ the weak-separation check
41,0.563889,0.481064,0.641471,50.5,0.452778,0,b025,b4,+ the weak-separation check
42,0.570833,0.489689,0.637091,48,0.447222,0,b025,b4,+ the weak-separation check
43,0.580556,0.493538,0.631506,49,0.440278,0,b025,b4,+ the weak-separation check
44,0.590278,0.500932,0.629327,47.5,0.433333,0,b025,b4,+ the weak-separation check
45,0.601389,0.506073,0.6257,46,0.425,0,b025,b4,+ the weak-separation check
46,0.605556,0.506387,0.62226,46,0.422222,0,b025,b4,+ the weak-separation check
47,0.619444,0.508085,0.617175,46,0.419444,0,b025,b4,+ the weak-separation check
48,0.622222,0.508249,0.615236,45.5,0.409722,0,b025,b4,+ the weak-separation check
49,0.627778,0.512458,0.609017,44,0.402778,0,b025,b4,+ the weak-separation check
50,0.627778,0.515979,0.606755,44,0.402778,0,b025,b4,+ the weak-separation check
51,0.630556,0.523199,0.605473,44,0.398611,0,b025,b4,+ the weak-separation check
52,0.634722,0.518726,0.608056,44,0.397222,0,b025,b4,+ the weak-separation check
53,0.648611,0.524862,0.596689,43,0.380556,0,b025,b4,+ the weak-separation check
54,0.655556,0.529352,0.589697,43,0.376389,0,b025,b4,+ the weak-separation check
55,0.663889,0.531783,0.587287,42,0.376389,0,b025,b4,+ the weak-separation check
56,0.672222,0.535565,0.582237,42,0.361111,0,b025,b4,+ the weak-separation check
57,0.677778,0.545563,0.574973,41,0.352778,0,b025,b4,+ the weak-separation check
58,0.684722,0.549279,0.569569,41,0.341667,0,b025,b4,+ the weak-separation check
59,0.7,0.553312,0.564871,40.5,0.330556,0,b025,b4,+ the weak-separation check
60,0.708333,0.564574,0.554207,40.5,0.322222,0,b025,b4,+ the weak-separation check
61,0.7125,0.568208,0.552359,39,0.315278,0,b025,b4,+ the weak-separation check
62,0.722222,0.570263,0.54601,38,0.308333,0,b025,b4,+ the weak-separation check
63,0.726389,0.571402,0.537542,39,0.301389,0,b025,b4,+ the weak-separation check
64,0.731944,0.574167,0.530625,38,0.297222,0,b025,b4,+ the weak-separation check
65,0.738889,0.582363,0.524808,38,0.290278,0,b025,b4,+ the weak-separation check
66,0.747222,0.58542,0.512262,36,0.283333,0,b025,b4,+ the weak-separation check
67,0.754167,0.588629,0.50952,35,0.277778,0,b025,b4,+ the weak-separation check
68,0.756944,0.592554,0.504343,35,0.275,0,b025,b4,+ the weak-separation check
69,0.759722,0.596703,0.49759,34,0.269444,0,b025,b4,+ the weak-separation check
70,0.766667,0.602871,0.489679,33,0.2625,0,b025,b4,+ the weak-separation check
71,0.770833,0.601565,0.487403,33,0.261111,0,b025,b4,+ the weak-separation check
72,0.776389,0.600901,0.483432,32.5,0.256944,0,b025,b4,+ the weak-separation check
73,0.780556,0.606231,0.481382,32,0.25,0,b025,b4,+ the weak-separation check
74,0.783333,0.609623,0.481829,33,0.247222,0,b025,b4,+ the weak-separation check
75,0.790278,0.611084,0.476989,33,0.236111,0,b025,b4,+ the weak-separation check
76,0.793056,0.618238,0.473149,32,0.225,0,b025,b4,+ the weak-separation check
77,0.801389,0.621124,0.468288,31,0.208333,0,b025,b4,+ the weak-separation check
78,0.809722,0.621894,0.467261,32,0.206944,0,b025,b4,+ the weak-separation check
79,0.818056,0.623648,0.465147,32,0.201389,0,b025,b4,+ the weak-separation check
80,0.820833,0.621274,0.467871,31,0.201389,0,b025,b4,+ the weak-separation check
81,0.826389,0.620396,0.465383,32,0.191667,0,b025,b4,+ the weak-separation check
82,0.831944,0.624544,0.464979,33,0.1875,0,b025,b4,+ the weak-separation check
83,0.8375,0.628069,0.466094,33,0.190278,0,b025,b4,+ the weak-separation check
84,0.841667,0.629344,0.463725,31,0.184722,0,b025,b4,+ the weak-separation check
85,0.844444,0.629204,0.46473,33,0.180556,0,b025,b4,+ the weak-separation check
86,0.844444,0.634516,0.461239,31,0.179167,0,b025,b4,+ the weak-separation check
87,0.85,0.637078,0.456626,31,0.176389,0,b025,b4,+ the weak-separation check
88,0.858333,0.638169,0.451435,32,0.165278,0,b025,b4,+ the weak-separation check
89,0.8625,0.643103,0.447102,31,0.163889,0,b025,b4,+ the weak-separation check
90,0.866667,0.646238,0.441935,30,0.155556,0,b025,b4,+ the weak-separation check
91,0.870833,0.650226,0.443089,31,0.155556,0,b025,b4,+ the weak-separation check
92,0.870833,0.649324,0.444655,31,0.159722,0,b025,b4,+ the weak-separation check
93,0.872222,0.647387,0.444909,31,0.156944,0,b025,b4,+ the weak-separation check
94,0.876389,0.647944,0.440159,30,0.155556,0,b025,b4,+ the weak-separation check
95,0.880556,0.651918,0.436977,30,0.151389,0,b025,b4,+ the weak-separation check
96,0.884722,0.657267,0.431719,30,0.141667,0,b025,b4,+ the weak-separation check
97,0.886111,0.659446,0.430223,29,0.134722,0,b025,b4,+ the weak-separation check
98,0.890278,0.659208,0.431892,29,0.136111,0,b025,b4,+ the weak-separation check
99,0.893056,0.659063,0.430854,29,0.133333,0,b025,b4,+ the weak-separation check
100,0.894444,0.661659,0.431899,29,0.127778,0,b025,b4,+ the weak-separation check
101,0.894444,0.66058,0.432581,29,0.127778,0,b025,b4,+ the weak-separation check
102,0.894444,0.660048,0.433828,30,0.127778,0,b025,b4,+ the weak-separation check
103,0.894444,0.659968,0.434386,29,0.125,0,b025,b4,+ the weak-separation check
104,0.897222,0.664616,0.431827,29,0.120833,0,b025,b4,+ the weak-separation check
105,0.9,0.668753,0.427228,29,0.111111,0,b025,b4,+ the weak-separation check
106,0.901389,0.671168,0.426362,29,0.111111,0,b025,b4,+ the weak-separation check
107,0.905556,0.675754,0.421773,28,0.102778,0,b025,b4,+ the weak-separation check
108,0.906944,0.672347,0.421547,28,0.105556,0,b025,b4,+ the weak-separation check
109,0.909722,0.67739,0.424123,30,0.104167,0,b025,b4,+ the weak-separation check
110,0.909722,0.678745,0.422496,28,0.0986111,0,b025,b4,+ the weak-separation check
111,0.9125,0.677452,0.421547,28,0.104167,0,b025,b4,+ the weak-separation check
112,0.9125,0.673734,0.424873,29,0.1,0,b025,b4,+ the weak-separation check
113,0.918056,0.674313,0.421302,28.5,0.0972222,0,b025,b4,+ the weak-separation check
114,0.919444,0.674389,0.421142,28,0.1,0,b025,b4,+ the weak-separation check
115,0.920833,0.674814,0.420515,28,0.0986111,0,b025,b4,+ the weak-separation check
116,0.920833,0.67845,0.421746,28,0.0972222,0,b025,b4,+ the weak-separation check
117,0.922222,0.67919,0.419679,29,0.0944444,0,b025,b4,+ the weak-separation check
118,0.925,0.678313,0.420855,28,0.0930556,0,b025,b4,+ the weak-separation check
119,0.925,0.676303,0.42202,29,0.0944444,0,b025,b4,+ the weak-separation check
120,0.925,0.680574,0.422136,29,0.0944444,0,b025,b4,+ the weak-separation check
121,0.926389,0.6795,0.423394,29,0.0916667,0,b025,b4,+ the weak-separation check
122,0.926389,0.678792,0.423502,29,0.0930556,0,b025,b4,+ the weak-separation check
123,0.926389,0.681874,0.42401,29,0.0875,0,b025,b4,+ the weak-separation check
124,0.926389,0.683735,0.425805,28,0.0875,0,b025,b4,+ the weak-separation check
125,0.926389,0.683605,0.426682,29,0.0930556,0,b025,b4,+ the weak-separation check
126,0.926389,0.681299,0.427669,29,0.0902778,0,b025,b4,+ the weak-separation check
127,0.926389,0.682648,0.430492,30,0.0930556,0,b025,b4,+ the weak-separation check
128,0.927778,0.682668,0.428328,29,0.0916667,0,b025,b4,+ the weak-separation check
129,0.929167,0.682905,0.425682,29,0.0861111,0,b025,b4,+ the weak-separation check
130,0.929167,0.685892,0.425381,29,0.0805556,0,b025,b4,+ the weak-separation check
131,0.929167,0.682447,0.42743,29,0.0791667,0,b025,b4,+ the weak-separation check
132,0.930556,0.683615,0.427601,29,0.0805556,0,b025,b4,+ the weak-separation check
133,0.931944,0.681454,0.42783,30,0.0791667,0,b025,b4,+ the weak-separation check
134,0.933333,0.680444,0.427527,30,0.0763889,0,b025,b4,+ the weak-separation check
135,0.9375,0.677716,0.428464,30,0.0763889,0,b025,b4,+ the weak-separation check
136,0.940278,0.68063,0.428276,30,0.0708333,0,b025,b4,+ the weak-separation check
137,0.943056,0.682959,0.425098,30,0.0638889,0,b025,b4,+ the weak-separation check
138,0.943056,0.682891,0.425979,30,0.0652778,0,b025,b4,+ the weak-separation check
139,0.943056,0.679787,0.427084,30,0.0638889,0,b025,b4,+ the weak-separation check
140,0.943056,0.677153,0.430615,30.5,0.0638889,0,b025,b4,+ the weak-separation check
141,0.943056,0.679516,0.429793,30,0.0625,0,b025,b4,+ the weak-separation check
142,0.943056,0.674702,0.434402,31,0.0666667,0,b025,b4,+ the weak-separation check
143,0.943056,0.675243,0.435898,31,0.0722222,0,b025,b4,+ the weak-separation check
144,0.944444,0.676206,0.434237,30.5,0.0666667,0,b025,b4,+ the weak-separation check
145,0.947222,0.677011,0.43332,30,0.0638889,0,b025,b4,+ the weak-separation check
146,0.951389,0.680613,0.429405,29.5,0.0597222,0,b025,b4,+ the weak-separation check
147,0.951389,0.679409,0.431292,30,0.0583333,0,b025,b4,+ the weak-separation check
148,0.951389,0.678445,0.433,30,0.0666667,0,b025,b4,+ the weak-separation check
149,0.951389,0.67953,0.435275,30,0.0680556,0,b025,b4,+ the weak-separation check
150,0.951389,0.675636,0.432654,30.5,0.0583333,0,b025,b4,+ the weak-separation check
0,0,0.0116283,0.911761,4254,1,0,b025,b5,+ even-odds asking (today's sessions)
1,0,0.0116283,0.911761,4254,1,0,b025,b5,+ even-odds asking (today's sessions)
2,0,0.0116283,0.911761,4254,1,0,b025,b5,+ even-odds asking (today's sessions)
3,0,0.0116283,0.911761,4254,1,0,b025,b5,+ even-odds asking (today's sessions)
4,0,0.0116283,0.911761,4254,1,0,b025,b5,+ even-odds asking (today's sessions)
5,0,0.0116283,0.911761,4254,1,0,b025,b5,+ even-odds asking (today's sessions)
6,0,0.0116283,0.911761,4254,1,0,b025,b5,+ even-odds asking (today's sessions)
7,0,0.0116283,0.911761,4254,1,0,b025,b5,+ even-odds asking (today's sessions)
8,0,0.0116283,0.911761,4254,1,0,b025,b5,+ even-odds asking (today's sessions)
9,0,0.0116283,0.911761,4254,1,0,b025,b5,+ even-odds asking (today's sessions)
10,0,0.0116283,0.911761,4254,1,0,b025,b5,+ even-odds asking (today's sessions)
11,0,0.0116283,0.911761,4254,1,0,b025,b5,+ even-odds asking (today's sessions)
12,0,0.0116283,0.911761,4254,1,0,b025,b5,+ even-odds asking (today's sessions)
13,0,0.0116283,0.911761,4254,1,0,b025,b5,+ even-odds asking (today's sessions)
14,0,0.0116283,0.911761,4254,1,0,b025,b5,+ even-odds asking (today's sessions)
15,0,0.0116283,0.911761,4254,1,0,b025,b5,+ even-odds asking (today's sessions)
16,0,0.0116283,0.911761,4254,1,0,b025,b5,+ even-odds asking (today's sessions)
17,0,0.0116283,0.911761,4254,1,0,b025,b5,+ even-odds asking (today's sessions)
18,0,0.0116283,0.911761,4254,1,0,b025,b5,+ even-odds asking (today's sessions)
19,0,0.0116283,0.911761,4254,1,0,b025,b5,+ even-odds asking (today's sessions)
20,0,0.0116283,0.911761,4254,1,0,b025,b5,+ even-odds asking (today's sessions)
21,0,0.0116283,0.911761,4254,1,0,b025,b5,+ even-odds asking (today's sessions)
22,0,0.0116283,0.911761,4254,1,0,b025,b5,+ even-odds asking (today's sessions)
23,0.00138889,0.0116046,0.910481,4254,0.998611,0,b025,b5,+ even-odds asking (today's sessions)
24,0.277778,0.236388,0.799171,4031,0.725,0,b025,b5,+ even-odds asking (today's sessions)
25,0.365278,0.308828,0.762839,3813,0.640278,0,b025,b5,+ even-odds asking (today's sessions)
26,0.394444,0.330375,0.752987,3784,0.613889,0,b025,b5,+ even-odds asking (today's sessions)
27,0.416667,0.354294,0.736518,3737,0.5875,0,b025,b5,+ even-odds asking (today's sessions)
28,0.434722,0.376478,0.723038,3687,0.568056,0,b025,b5,+ even-odds asking (today's sessions)
29,0.455556,0.40588,0.695806,3074,0.545833,0,b025,b5,+ even-odds asking (today's sessions)
30,0.469444,0.43628,0.651585,2916,0.533333,0,b025,b5,+ even-odds asking (today's sessions)
31,0.477778,0.44603,0.638128,2747.5,0.523611,0,b025,b5,+ even-odds asking (today's sessions)
32,0.483333,0.449306,0.63824,2584,0.518056,0,b025,b5,+ even-odds asking (today's sessions)
33,0.488889,0.457542,0.622485,2203,0.5125,0,b025,b5,+ even-odds asking (today's sessions)
34,0.498611,0.463369,0.607416,1982,0.506944,0,b025,b5,+ even-odds asking (today's sessions)
35,0.506944,0.46932,0.593648,131,0.497222,0,b025,b5,+ even-odds asking (today's sessions)
36,0.518056,0.476663,0.602983,60.5,0.4875,0,b025,b5,+ even-odds asking (today's sessions)
37,0.526389,0.482495,0.612616,53.5,0.481944,0,b025,b5,+ even-odds asking (today's sessions)
38,0.534722,0.486775,0.612101,50,0.475,0,b025,b5,+ even-odds asking (today's sessions)
39,0.545833,0.490895,0.610447,51.5,0.470833,0,b025,b5,+ even-odds asking (today's sessions)
40,0.558333,0.497298,0.608239,48.5,0.456944,0,b025,b5,+ even-odds asking (today's sessions)
41,0.563889,0.498747,0.606694,46.5,0.454167,0,b025,b5,+ even-odds asking (today's sessions)
42,0.570833,0.504927,0.59554,45,0.447222,0,b025,b5,+ even-odds asking (today's sessions)
43,0.580556,0.508742,0.587628,45,0.438889,0,b025,b5,+ even-odds asking (today's sessions)
44,0.590278,0.514832,0.586819,45,0.429167,0,b025,b5,+ even-odds asking (today's sessions)
45,0.601389,0.514769,0.587155,46,0.420833,0,b025,b5,+ even-odds asking (today's sessions)
46,0.605556,0.516996,0.583339,45.5,0.4125,0,b025,b5,+ even-odds asking (today's sessions)
47,0.619444,0.522936,0.579264,43.5,0.405556,0,b025,b5,+ even-odds asking (today's sessions)
48,0.622222,0.524848,0.573747,43,0.398611,0,b025,b5,+ even-odds asking (today's sessions)
49,0.627778,0.525007,0.570541,42,0.394444,0,b025,b5,+ even-odds asking (today's sessions)
50,0.627778,0.528518,0.570796,41,0.390278,0,b025,b5,+ even-odds asking (today's sessions)
51,0.630556,0.531048,0.565269,40,0.388889,0,b025,b5,+ even-odds asking (today's sessions)
52,0.634722,0.530729,0.563084,39,0.384722,0,b025,b5,+ even-odds asking (today's sessions)
53,0.648611,0.533002,0.55422,38,0.372222,0,b025,b5,+ even-odds asking (today's sessions)
54,0.655556,0.541846,0.543271,36,0.369444,0,b025,b5,+ even-odds asking (today's sessions)
55,0.663889,0.542605,0.543735,38,0.368056,0,b025,b5,+ even-odds asking (today's sessions)
56,0.672222,0.544929,0.539636,37,0.355556,0,b025,b5,+ even-odds asking (today's sessions)
57,0.677778,0.555594,0.535454,37,0.35,0,b025,b5,+ even-odds asking (today's sessions)
58,0.684722,0.558114,0.530355,35,0.338889,0,b025,b5,+ even-odds asking (today's sessions)
59,0.7,0.564593,0.522332,35,0.327778,0,b025,b5,+ even-odds asking (today's sessions)
60,0.708333,0.57304,0.510392,34,0.318056,0,b025,b5,+ even-odds asking (today's sessions)
61,0.7125,0.579202,0.509065,33.5,0.316667,0,b025,b5,+ even-odds asking (today's sessions)
62,0.722222,0.580416,0.498178,33,0.308333,0,b025,b5,+ even-odds asking (today's sessions)
63,0.726389,0.580351,0.487383,32.5,0.306944,0,b025,b5,+ even-odds asking (today's sessions)
64,0.731944,0.583786,0.483214,31,0.301389,0,b025,b5,+ even-odds asking (today's sessions)
65,0.738889,0.591801,0.4716,30,0.293056,0,b025,b5,+ even-odds asking (today's sessions)
66,0.747222,0.596987,0.461866,29,0.280556,0,b025,b5,+ even-odds asking (today's sessions)
67,0.754167,0.598418,0.45644,29,0.279167,0,b025,b5,+ even-odds asking (today's sessions)
68,0.756944,0.599939,0.447835,28,0.272222,0,b025,b5,+ even-odds asking (today's sessions)
69,0.759722,0.605602,0.439355,27,0.263889,0,b025,b5,+ even-odds asking (today's sessions)
70,0.766667,0.609939,0.426343,24.5,0.256944,0,b025,b5,+ even-odds asking (today's sessions)
71,0.770833,0.61165,0.426505,25,0.254167,0,b025,b5,+ even-odds asking (today's sessions)
72,0.776389,0.612244,0.42492,25,0.251389,0,b025,b5,+ even-odds asking (today's sessions)
73,0.780556,0.61475,0.426022,26,0.244444,0,b025,b5,+ even-odds asking (today's sessions)
74,0.783333,0.62223,0.429869,26,0.240278,0,b025,b5,+ even-odds asking (today's sessions)
75,0.790278,0.62313,0.431433,27,0.229167,0,b025,b5,+ even-odds asking (today's sessions)
76,0.793056,0.626797,0.430393,26,0.226389,0,b025,b5,+ even-odds asking (today's sessions)
77,0.801389,0.62825,0.427644,25,0.216667,0,b025,b5,+ even-odds asking (today's sessions)
78,0.809722,0.630806,0.4261,26,0.206944,0,b025,b5,+ even-odds asking (today's sessions)
79,0.818056,0.634936,0.424292,27,0.202778,0,b025,b5,+ even-odds asking (today's sessions)
80,0.820833,0.63892,0.427954,27,0.198611,0,b025,b5,+ even-odds asking (today's sessions)
81,0.826389,0.644048,0.423819,25,0.195833,0,b025,b5,+ even-odds asking (today's sessions)
82,0.831944,0.648405,0.418172,24.5,0.190278,0,b025,b5,+ even-odds asking (today's sessions)
83,0.8375,0.65166,0.408072,23,0.186111,0,b025,b5,+ even-odds asking (today's sessions)
84,0.841667,0.652342,0.410218,24,0.1875,0,b025,b5,+ even-odds asking (today's sessions)
85,0.844444,0.657271,0.411739,24,0.183333,0,b025,b5,+ even-odds asking (today's sessions)
86,0.844444,0.654927,0.412965,25,0.183333,0,b025,b5,+ even-odds asking (today's sessions)
87,0.85,0.659625,0.408233,24,0.176389,0,b025,b5,+ even-odds asking (today's sessions)
88,0.858333,0.663479,0.402853,24,0.168056,0,b025,b5,+ even-odds asking (today's sessions)
89,0.8625,0.670176,0.398398,23,0.1625,0,b025,b5,+ even-odds asking (today's sessions)
90,0.866667,0.668812,0.397512,23,0.156944,0,b025,b5,+ even-odds asking (today's sessions)
91,0.870833,0.668368,0.395344,23.5,0.152778,0,b025,b5,+ even-odds asking (today's sessions)
92,0.870833,0.671219,0.3947,23,0.15,0,b025,b5,+ even-odds asking (today's sessions)
93,0.872222,0.669864,0.395041,22.5,0.151389,0,b025,b5,+ even-odds asking (today's sessions)
94,0.876389,0.674789,0.395694,23,0.145833,0,b025,b5,+ even-odds asking (today's sessions)
95,0.880556,0.679599,0.390783,22,0.1375,0,b025,b5,+ even-odds asking (today's sessions)
96,0.884722,0.683051,0.39051,22,0.136111,0,b025,b5,+ even-odds asking (today's sessions)
97,0.886111,0.683854,0.39157,22,0.133333,0,b025,b5,+ even-odds asking (today's sessions)
98,0.890278,0.682288,0.390032,22,0.134722,0,b025,b5,+ even-odds asking (today's sessions)
99,0.893056,0.687271,0.389007,22,0.131944,0,b025,b5,+ even-odds asking (today's sessions)
100,0.894444,0.689572,0.388212,23,0.130556,0,b025,b5,+ even-odds asking (today's sessions)
101,0.894444,0.689602,0.390364,23,0.130556,0,b025,b5,+ even-odds asking (today's sessions)
102,0.894444,0.686687,0.390075,23,0.126389,0,b025,b5,+ even-odds asking (today's sessions)
103,0.894444,0.688957,0.389245,23,0.127778,0,b025,b5,+ even-odds asking (today's sessions)
104,0.897222,0.686086,0.389256,23,0.118056,0,b025,b5,+ even-odds asking (today's sessions)
105,0.9,0.688501,0.386272,23,0.115278,0,b025,b5,+ even-odds asking (today's sessions)
106,0.901389,0.688348,0.385363,23,0.1125,0,b025,b5,+ even-odds asking (today's sessions)
107,0.905556,0.692248,0.384673,23,0.106944,0,b025,b5,+ even-odds asking (today's sessions)
108,0.906944,0.692605,0.384667,23,0.109722,0,b025,b5,+ even-odds asking (today's sessions)
109,0.909722,0.693795,0.383738,23,0.105556,0,b025,b5,+ even-odds asking (today's sessions)
110,0.909722,0.694483,0.384501,23,0.106944,0,b025,b5,+ even-odds asking (today's sessions)
111,0.9125,0.694,0.384919,23.5,0.101389,0,b025,b5,+ even-odds asking (today's sessions)
112,0.9125,0.69112,0.390315,24,0.102778,0,b025,b5,+ even-odds asking (today's sessions)
113,0.918056,0.69413,0.389362,25,0.1,0,b025,b5,+ even-odds asking (today's sessions)
114,0.919444,0.695773,0.389662,24,0.101389,0,b025,b5,+ even-odds asking (today's sessions)
115,0.920833,0.699858,0.388474,24,0.0958333,0,b025,b5,+ even-odds asking (today's sessions)
116,0.920833,0.703266,0.390484,25,0.0944444,0,b025,b5,+ even-odds asking (today's sessions)
117,0.922222,0.704948,0.389367,24,0.0916667,0,b025,b5,+ even-odds asking (today's sessions)
118,0.925,0.706333,0.385353,23,0.0875,0,b025,b5,+ even-odds asking (today's sessions)
119,0.925,0.712059,0.387522,23.5,0.0875,0,b025,b5,+ even-odds asking (today's sessions)
120,0.925,0.711433,0.387369,23,0.0875,0,b025,b5,+ even-odds asking (today's sessions)
121,0.926389,0.714227,0.386273,22,0.0875,0,b025,b5,+ even-odds asking (today's sessions)
122,0.926389,0.711136,0.38686,22,0.0847222,0,b025,b5,+ even-odds asking (today's sessions)
123,0.926389,0.708506,0.387222,22.5,0.0833333,0,b025,b5,+ even-odds asking (today's sessions)
124,0.926389,0.708984,0.388754,22,0.0847222,0,b025,b5,+ even-odds asking (today's sessions)
125,0.926389,0.709511,0.39074,23,0.0847222,0,b025,b5,+ even-odds asking (today's sessions)
126,0.926389,0.710251,0.392789,23,0.0888889,0,b025,b5,+ even-odds asking (today's sessions)
127,0.926389,0.708711,0.394348,23,0.0833333,0,b025,b5,+ even-odds asking (today's sessions)
128,0.927778,0.712966,0.394294,23,0.0833333,0,b025,b5,+ even-odds asking (today's sessions)
129,0.929167,0.713526,0.394824,23,0.0791667,0,b025,b5,+ even-odds asking (today's sessions)
130,0.929167,0.713213,0.395281,23,0.0777778,0,b025,b5,+ even-odds asking (today's sessions)
131,0.929167,0.711839,0.39606,23,0.0777778,0,b025,b5,+ even-odds asking (today's sessions)
132,0.930556,0.714022,0.397872,23,0.0763889,0,b025,b5,+ even-odds asking (today's sessions)
133,0.931944,0.713522,0.396901,23.5,0.0736111,0,b025,b5,+ even-odds asking (today's sessions)
134,0.933333,0.713129,0.398238,23,0.075,0,b025,b5,+ even-odds asking (today's sessions)
135,0.9375,0.71193,0.400265,24,0.0722222,0,b025,b5,+ even-odds asking (today's sessions)
136,0.940278,0.71407,0.403022,24,0.0694444,0,b025,b5,+ even-odds asking (today's sessions)
137,0.943056,0.71602,0.403278,24,0.0638889,0,b025,b5,+ even-odds asking (today's sessions)
138,0.943056,0.717271,0.406809,24,0.0652778,0,b025,b5,+ even-odds asking (today's sessions)
139,0.943056,0.71603,0.40762,25,0.0638889,0,b025,b5,+ even-odds asking (today's sessions)
140,0.943056,0.713593,0.409715,25,0.0597222,0,b025,b5,+ even-odds asking (today's sessions)
141,0.943056,0.713775,0.411158,25,0.0597222,0,b025,b5,+ even-odds asking (today's sessions)
142,0.943056,0.708948,0.411684,26,0.0583333,0,b025,b5,+ even-odds asking (today's sessions)
143,0.943056,0.711843,0.41286,26,0.0611111,0,b025,b5,+ even-odds asking (today's sessions)
144,0.944444,0.715872,0.414599,26,0.0597222,0,b025,b5,+ even-odds asking (today's sessions)
145,0.947222,0.712051,0.414162,26,0.0611111,0,b025,b5,+ even-odds asking (today's sessions)
146,0.951389,0.711335,0.412634,26,0.0611111,0,b025,b5,+ even-odds asking (today's sessions)
147,0.951389,0.714835,0.411484,25,0.0597222,0,b025,b5,+ even-odds asking (today's sessions)
148,0.951389,0.713538,0.413932,26,0.0611111,0,b025,b5,+ even-odds asking (today's sessions)
149,0.951389,0.717216,0.413728,26,0.0597222,0,b025,b5,+ even-odds asking (today's sessions)
150,0.951389,0.720342,0.412757,25,0.0527778,0,b025,b5,+ even-odds asking (today's sessions)
0,0,0.544715,0.217356,16,0,0.00833333,b025,b6,+ the typed query's per-preset line (today's app)
1,0,0.544715,0.217356,16,0,0.00833333,b025,b6,+ the typed query's per-preset line (today's app)
2,0,0.544715,0.217356,16,0,0.00833333,b025,b6,+ the typed query's per-preset line (today's app)
3,0,0.544715,0.217356,16,0,0.00833333,b025,b6,+ the typed query's per-preset line (today's app)
4,0,0.544715,0.217356,16,0,0.00833333,b025,b6,+ the typed query's per-preset line (today's app)
5,0,0.544715,0.217356,16,0,0.00833333,b025,b6,+ the typed query's per-preset line (today's app)
6,0,0.544715,0.217356,16,0,0.00833333,b025,b6,+ the typed query's per-preset line (today's app)
7,0,0.544715,0.217356,16,0,0.00833333,b025,b6,+ the typed query's per-preset line (today's app)
8,0,0.544715,0.217356,16,0,0.00833333,b025,b6,+ the typed query's per-preset line (today's app)
9,0,0.544715,0.217356,16,0,0.00833333,b025,b6,+ the typed query's per-preset line (today's app)
10,0,0.544715,0.217356,16,0,0.00833333,b025,b6,+ the typed query's per-preset line (today's app)
11,0,0.544715,0.217356,16,0,0.00833333,b025,b6,+ the typed query's per-preset line (today's app)
12,0,0.544715,0.217356,16,0,0.00833333,b025,b6,+ the typed query's per-preset line (today's app)
13,0,0.544715,0.217356,16,0,0.00833333,b025,b6,+ the typed query's per-preset line (today's app)
14,0,0.544715,0.217356,16,0,0.00833333,b025,b6,+ the typed query's per-preset line (today's app)
15,0,0.544715,0.217356,16,0,0.00833333,b025,b6,+ the typed query's per-preset line (today's app)
16,0,0.544715,0.217356,16,0,0.00833333,b025,b6,+ the typed query's per-preset line (today's app)
17,0,0.544715,0.217356,16,0,0.00833333,b025,b6,+ the typed query's per-preset line (today's app)
18,0,0.544715,0.217356,16,0,0.00833333,b025,b6,+ the typed query's per-preset line (today's app)
19,0,0.544715,0.217356,16,0,0.00833333,b025,b6,+ the typed query's per-preset line (today's app)
20,0,0.544715,0.217356,16,0,0.00833333,b025,b6,+ the typed query's per-preset line (today's app)
21,0,0.544715,0.217356,16,0,0.00833333,b025,b6,+ the typed query's per-preset line (today's app)
22,0,0.544715,0.217356,16,0,0.00833333,b025,b6,+ the typed query's per-preset line (today's app)
23,0.00138889,0.54463,0.217275,15.9999,0,0.00833333,b025,b6,+ the typed query's per-preset line (today's app)
24,0.277778,0.517231,0.261962,16.9974,0.00277778,0.00833333,b025,b6,+ the typed query's per-preset line (today's app)
25,0.365278,0.5113,0.281312,17.9995,0.00555556,0.00833333,b025,b6,+ the typed query's per-preset line (today's app)
26,0.394444,0.510561,0.289676,18,0.00833333,0.00833333,b025,b6,+ the typed query's per-preset line (today's app)
27,0.416667,0.517436,0.287889,18,0.00416667,0.00833333,b025,b6,+ the typed query's per-preset line (today's app)
28,0.434722,0.526312,0.286863,17,0.00277778,0.00833333,b025,b6,+ the typed query's per-preset line (today's app)
29,0.455556,0.541884,0.273828,15.9976,0.00138889,0.00833333,b025,b6,+ the typed query's per-preset line (today's app)
30,0.469444,0.563266,0.239515,14.0035,0.00277778,0.00833333,b025,b6,+ the typed query's per-preset line (today's app)
31,0.477778,0.568855,0.231769,14,0.00138889,0.00833333,b025,b6,+ the typed query's per-preset line (today's app)
32,0.483333,0.570192,0.235656,13.998,0.00138889,0.00833333,b025,b6,+ the typed query's per-preset line (today's app)
33,0.488889,0.575326,0.224132,13.003,0.00138889,0.00833333,b025,b6,+ the typed query's per-preset line (today's app)
34,0.498611,0.576286,0.216388,13,0.00555556,0.00833333,b025,b6,+ the typed query's per-preset line (today's app)
35,0.506944,0.576716,0.208952,12.9997,0.00416667,0.00833333,b025,b6,+ the typed query's per-preset line (today's app)
36,0.518056,0.579128,0.226342,13.003,0.00555556,0.00833333,b025,b6,+ the typed query's per-preset line (today's app)
37,0.526389,0.580912,0.242447,14,0.00833333,0.00833333,b025,b6,+ the typed query's per-preset line (today's app)
38,0.534722,0.580404,0.248411,14.0006,0.00972222,0.00833333,b025,b6,+ the typed query's per-preset line (today's app)
39,0.545833,0.581389,0.256105,14.0036,0.0166667,0.00833333,b025,b6,+ the typed query's per-preset line (today's app)
40,0.558333,0.583076,0.263811,14,0.0152778,0.00833333,b025,b6,+ the typed query's per-preset line (today's app)
41,0.563889,0.583375,0.266864,14.5004,0.0180556,0.00833333,b025,b6,+ the typed query's per-preset line (today's app)
42,0.570833,0.586646,0.261071,14.5004,0.0180556,0.00833333,b025,b6,+ the typed query's per-preset line (today's app)
43,0.580556,0.58652,0.259737,14.0042,0.0194444,0.00833333,b025,b6,+ the typed query's per-preset line (today's app)
44,0.590278,0.588994,0.266129,15,0.0194444,0.00833333,b025,b6,+ the typed query's per-preset line (today's app)
45,0.601389,0.587218,0.275725,15.5012,0.0222222,0.00694444,b025,b6,+ the typed query's per-preset line (today's app)
46,0.605556,0.588098,0.27544,15,0.0180556,0.00694444,b025,b6,+ the typed query's per-preset line (today's app)
47,0.619444,0.587931,0.282389,16.0009,0.025,0.00694444,b025,b6,+ the typed query's per-preset line (today's app)
48,0.622222,0.589037,0.279267,16,0.0208333,0.00694444,b025,b6,+ the typed query's per-preset line (today's app)
49,0.627778,0.588454,0.280665,16,0.0222222,0.00694444,b025,b6,+ the typed query's per-preset line (today's app)
50,0.627778,0.591966,0.28092,16.4995,0.0180556,0.00694444,b025,b6,+ the typed query's per-preset line (today's app)
51,0.630556,0.594315,0.278037,16,0.0194444,0.00694444,b025,b6,+ the typed query's per-preset line (today's app)
52,0.634722,0.593876,0.278824,16,0.0194444,0.00555556,b025,b6,+ the typed query's per-preset line (today's app)
53,0.648611,0.594306,0.280995,17,0.0208333,0.00416667,b025,b6,+ the typed query's per-preset line (today's app)
54,0.655556,0.599584,0.275704,17,0.025,0.00416667,b025,b6,+ the typed query's per-preset line (today's app)
55,0.663889,0.599261,0.282794,17,0.0319444,0.00416667,b025,b6,+ the typed query's per-preset line (today's app)
56,0.672222,0.599318,0.2847,17.5027,0.0277778,0.00416667,b025,b6,+ the typed query's per-preset line (today's app)
57,0.677778,0.608849,0.285325,17.0049,0.0277778,0.00416667,b025,b6,+ the typed query's per-preset line (today's app)
58,0.684722,0.610836,0.285893,17.0053,0.0236111,0.00416667,b025,b6,+ the typed query's per-preset line (today's app)
59,0.7,0.614237,0.290932,18.0015,0.0277778,0.00416667,b025,b6,+ the typed query's per-preset line (today's app)
60,0.708333,0.617664,0.285855,18,0.0263889,0.00416667,b025,b6,+ the typed query's per-preset line (today's app)
61,0.7125,0.622941,0.287446,17,0.0291667,0.00416667,b025,b6,+ the typed query's per-preset line (today's app)
62,0.722222,0.622144,0.284609,17,0.0305556,0.00416667,b025,b6,+ the typed query's per-preset line (today's app)
63,0.726389,0.621701,0.277197,16,0.0333333,0.00416667,b025,b6,+ the typed query's per-preset line (today's app)
64,0.731944,0.623337,0.27712,16,0.0333333,0.00416667,b025,b6,+ the typed query's per-preset line (today's app)
65,0.738889,0.629203,0.270961,15.0045,0.0319444,0.00416667,b025,b6,+ the typed query's per-preset line (today's app)
66,0.747222,0.632609,0.268401,15,0.0277778,0.00416667,b025,b6,+ the typed query's per-preset line (today's app)
67,0.754167,0.633644,0.268672,15,0.0333333,0.00416667,b025,b6,+ the typed query's per-preset line (today's app)
68,0.756944,0.63485,0.26262,14.0051,0.0291667,0.00416667,b025,b6,+ the typed query's per-preset line (today's app)
69,0.759722,0.640337,0.256293,14,0.0236111,0.00416667,b025,b6,+ the typed query's per-preset line (today's app)
70,0.766667,0.641082,0.249348,13,0.0236111,0.00416667,b025,b6,+ the typed query's per-preset line (today's app)
71,0.770833,0.642383,0.252698,13,0.025,0.00416667,b025,b6,+ the typed query's per-preset line (today's app)
72,0.776389,0.64292,0.255232,13,0.0277778,0.00416667,b025,b6,+ the typed query's per-preset line (today's app)
73,0.780556,0.643714,0.259629,14,0.025,0.00416667,b025,b6,+ the typed query's per-preset line (today's app)
74,0.783333,0.651021,0.265707,14,0.0236111,0.00416667,b025,b6,+ the typed query's per-preset line (today's app)
75,0.790278,0.64994,0.27332,14.0048,0.0194444,0.00277778,b025,b6,+ the typed query's per-preset line (today's app)
76,0.793056,0.653176,0.274816,14.0049,0.0194444,0.00277778,b025,b6,+ the typed query's per-preset line (today's app)
77,0.801389,0.649661,0.27866,15,0.0180556,0.00277778,b025,b6,+ the typed query's per-preset line (today's app)
78,0.809722,0.649257,0.283858,15.9988,0.0166667,0.00277778,b025,b6,+ the typed query's per-preset line (today's app)
79,0.818056,0.651334,0.288983,16,0.0208333,0.00277778,b025,b6,+ the typed query's per-preset line (today's app)
80,0.820833,0.654996,0.295017,16,0.0194444,0.00277778,b025,b6,+ the typed query's per-preset line (today's app)
81,0.826389,0.659541,0.295502,16.9988,0.0222222,0.00277778,b025,b6,+ the typed query's per-preset line (today's app)
82,0.831944,0.663163,0.294012,15.0019,0.0222222,0.00277778,b025,b6,+ the typed query's per-preset line (today's app)
83,0.8375,0.66629,0.288778,14.0048,0.0236111,0.00277778,b025,b6,+ the typed query's per-preset line (today's app)
84,0.841667,0.666282,0.294267,16,0.0291667,0.00277778,b025,b6,+ the typed query's per-preset line (today's app)
85,0.844444,0.67099,0.298191,16,0.0277778,0.00277778,b025,b6,+ the typed query's per-preset line (today's app)
86,0.844444,0.668645,0.299417,16,0.0277778,0.00277778,b025,b6,+ the typed query's per-preset line (today's app)
87,0.85,0.672942,0.299251,16,0.0263889,0.00277778,b025,b6,+ the typed query's per-preset line (today's app)
88,0.858333,0.673509,0.301356,15.5015,0.0263889,0.00277778,b025,b6,+ the typed query's per-preset line (today's app)
89,0.8625,0.679309,0.300645,16,0.025,0.00277778,b025,b6,+ the typed query's per-preset line (today's app)
90,0.866667,0.677179,0.303603,16,0.0236111,0.00277778,b025,b6,+ the typed query's per-preset line (today's app)
91,0.870833,0.673863,0.305182,16.9988,0.0236111,0.00277778,b025,b6,+ the typed query's per-preset line (today's app)
92,0.870833,0.676713,0.304538,16,0.0208333,0.00277778,b025,b6,+ the typed query's per-preset line (today's app)
93,0.872222,0.674399,0.305867,16,0.0236111,0.00277778,b025,b6,+ the typed query's per-preset line (today's app)
94,0.876389,0.678782,0.309929,16,0.0222222,0.00277778,b025,b6,+ the typed query's per-preset line (today's app)
95,0.880556,0.6832,0.308124,16,0.0180556,0.00277778,b025,b6,+ the typed query's per-preset line (today's app)
96,0.884722,0.686334,0.311257,17,0.0208333,0.00277778,b025,b6,+ the typed query's per-preset line (today's app)
97,0.886111,0.687154,0.313654,17,0.0194444,0.00277778,b025,b6,+ the typed query's per-preset line (today's app)
98,0.890278,0.685449,0.315371,17,0.025,0.00277778,b025,b6,+ the typed query's per-preset line (today's app)
99,0.893056,0.689476,0.316762,17.5,0.025,0.00277778,b025,b6,+ the typed query's per-preset line (today's app)
100,0.894444,0.69175,0.316939,17,0.025,0.00277778,b025,b6,+ the typed query's per-preset line (today's app)
101,0.894444,0.69178,0.319091,17,0.025,0.00277778,b025,b6,+ the typed query's per-preset line (today's app)
102,0.894444,0.688865,0.318802,17,0.0208333,0.00277778,b025,b6,+ the typed query's per-preset line (today's app)
103,0.894444,0.691135,0.317973,17,0.0222222,0.00277778,b025,b6,+ the typed query's per-preset line (today's app)
104,0.897222,0.688082,0.319929,17,0.0152778,0.00277778,b025,b6,+ the typed query's per-preset line (today's app)
105,0.9,0.690524,0.319366,17,0.0152778,0.00277778,b025,b6,+ the typed query's per-preset line (today's app)
106,0.901389,0.689786,0.319579,17,0.0138889,0.00277778,b025,b6,+ the typed query's per-preset line (today's app)
107,0.905556,0.693718,0.321628,18,0.0125,0.00277778,b025,b6,+ the typed query's per-preset line (today's app)
108,0.906944,0.693932,0.32265,18,0.0166667,0.00277778,b025,b6,+ the typed query's per-preset line (today's app)
109,0.909722,0.695077,0.324161,18,0.0152778,0.00277778,b025,b6,+ the typed query's per-preset line (today's app)
110,0.909722,0.695765,0.324924,18,0.0166667,0.00277778,b025,b6,+ the typed query's per-preset line (today's app)
111,0.9125,0.695306,0.32765,18,0.0138889,0.00277778,b025,b6,+ the typed query's per-preset line (today's app)
112,0.9125,0.692426,0.333046,19,0.0152778,0.00277778,b025,b6,+ the typed query's per-preset line (today's app)
113,0.918056,0.694876,0.336164,19,0.0180556,0.00277778,b025,b6,+ the typed query's per-preset line (today's app)
114,0.919444,0.696533,0.337682,18.5,0.0208333,0.00277778,b025,b6,+ the typed query's per-preset line (today's app)
115,0.920833,0.700538,0.337467,18,0.0166667,0.00277778,b025,b6,+ the typed query's per-preset line (today's app)
116,0.920833,0.703947,0.339477,19,0.0152778,0.00277778,b025,b6,+ the typed query's per-preset line (today's app)
117,0.922222,0.705615,0.339395,18,0.0138889,0.00277778,b025,b6,+ the typed query's per-preset line (today's app)
118,0.925,0.706879,0.336871,18,0.0125,0.00277778,b025,b6,+ the typed query's per-preset line (today's app)
119,0.925,0.712605,0.33904,18,0.0125,0.00277778,b025,b6,+ the typed query's per-preset line (today's app)
120,0.925,0.711978,0.338887,18,0.0125,0.00277778,b025,b6,+ the typed query's per-preset line (today's app)
121,0.926389,0.714685,0.338717,18,0.0138889,0.00277778,b025,b6,+ the typed query's per-preset line (today's app)
122,0.926389,0.711594,0.339304,18,0.0111111,0.00277778,b025,b6,+ the typed query's per-preset line (today's app)
123,0.926389,0.708964,0.339665,18,0.00972222,0.00277778,b025,b6,+ the typed query's per-preset line (today's app)
124,0.926389,0.709442,0.341197,18,0.0111111,0.00277778,b025,b6,+ the typed query's per-preset line (today's app)
125,0.926389,0.709969,0.343184,18,0.0111111,0.00277778,b025,b6,+ the typed query's per-preset line (today's app)
126,0.926389,0.710709,0.345233,18,0.0152778,0.00277778,b025,b6,+ the typed query's per-preset line (today's app)
127,0.926389,0.709169,0.346792,18,0.00972222,0.00277778,b025,b6,+ the typed query's per-preset line (today's app)
128,0.927778,0.713409,0.347821,18,0.0111111,0.00277778,b025,b6,+ the typed query's per-preset line (today's app)
129,0.929167,0.713979,0.349393,19,0.00833333,0.00277778,b025,b6,+ the typed query's per-preset line (today's app)
130,0.929167,0.713667,0.349849,19,0.00694444,0.00277778,b025,b6,+ the typed query's per-preset line (today's app)
131,0.929167,0.712292,0.350628,18.5,0.00694444,0.00277778,b025,b6,+ the typed query's per-preset line (today's app)
132,0.930556,0.714486,0.353583,19,0.00694444,0.00277778,b025,b6,+ the typed query's per-preset line (today's app)
133,0.931944,0.713858,0.353529,19,0.00555556,0.00277778,b025,b6,+ the typed query's per-preset line (today's app)
134,0.933333,0.713444,0.355959,19,0.00833333,0.00277778,b025,b6,+ the typed query's per-preset line (today's app)
135,0.9375,0.712281,0.361303,20,0.00972222,0.00277778,b025,b6,+ the typed query's per-preset line (today's app)
136,0.940278,0.714324,0.365618,20,0.00972222,0.00277778,b025,b6,+ the typed query's per-preset line (today's app)
137,0.943056,0.716197,0.367868,21,0.00694444,0.00277778,b025,b6,+ the typed query's per-preset line (today's app)
138,0.943056,0.717448,0.371399,21,0.00833333,0.00277778,b025,b6,+ the typed query's per-preset line (today's app)
139,0.943056,0.716207,0.37221,21,0.00694444,0.00277778,b025,b6,+ the typed query's per-preset line (today's app)
140,0.943056,0.71377,0.374304,21.5,0.00277778,0.00277778,b025,b6,+ the typed query's per-preset line (today's app)
141,0.943056,0.713952,0.375748,21,0.00277778,0.00277778,b025,b6,+ the typed query's per-preset line (today's app)
142,0.943056,0.709125,0.376274,22,0.00138889,0.00277778,b025,b6,+ the typed query's per-preset line (today's app)
143,0.943056,0.712021,0.377449,22,0.00416667,0.00277778,b025,b6,+ the typed query's per-preset line (today's app)
144,0.944444,0.715901,0.379802,22,0.00416667,0.00277778,b025,b6,+ the typed query's per-preset line (today's app)
145,0.947222,0.712104,0.381596,23,0.00833333,0.00277778,b025,b6,+ the typed query's per-preset line (today's app)
146,0.951389,0.711216,0.382602,23,0.0125,0.00277778,b025,b6,+ the typed query's per-preset line (today's app)
147,0.951389,0.714715,0.381452,23,0.0111111,0.00277778,b025,b6,+ the typed query's per-preset line (today's app)
148,0.951389,0.713419,0.3839,23,0.0125,0.00277778,b025,b6,+ the typed query's per-preset line (today's app)
149,0.951389,0.717097,0.383695,23,0.0111111,0.00277778,b025,b6,+ the typed query's per-preset line (today's app)
150,0.951389,0.720222,0.382724,22,0.00416667,0.00277778,b025,b6,+ the typed query's per-preset line (today's app)
0,0,0.544715,0.217356,16,0,0.00833333,b025,b7,+ the detector walk (not shipped)
1,0,0.544715,0.217356,16,0,0.00833333,b025,b7,+ the detector walk (not shipped)
2,0,0.544715,0.217356,16,0,0.00833333,b025,b7,+ the detector walk (not shipped)
3,0,0.544715,0.217356,16,0,0.00833333,b025,b7,+ the detector walk (not shipped)
4,0,0.544715,0.217356,16,0,0.00833333,b025,b7,+ the detector walk (not shipped)
5,0,0.544715,0.217356,16,0,0.00833333,b025,b7,+ the detector walk (not shipped)
6,0,0.544715,0.217356,16,0,0.00833333,b025,b7,+ the detector walk (not shipped)
7,0,0.544715,0.217356,16,0,0.00833333,b025,b7,+ the detector walk (not shipped)
8,0,0.544715,0.217356,16,0,0.00833333,b025,b7,+ the detector walk (not shipped)
9,0,0.544715,0.217356,16,0,0.00833333,b025,b7,+ the detector walk (not shipped)
10,0,0.544715,0.217356,16,0,0.00833333,b025,b7,+ the detector walk (not shipped)
11,0,0.544715,0.217356,16,0,0.00833333,b025,b7,+ the detector walk (not shipped)
12,0,0.544715,0.217356,16,0,0.00833333,b025,b7,+ the detector walk (not shipped)
13,0,0.544715,0.217356,16,0,0.00833333,b025,b7,+ the detector walk (not shipped)
14,0,0.544715,0.217356,16,0,0.00833333,b025,b7,+ the detector walk (not shipped)
15,0,0.544715,0.217356,16,0,0.00833333,b025,b7,+ the detector walk (not shipped)
16,0,0.544715,0.217356,16,0,0.00833333,b025,b7,+ the detector walk (not shipped)
17,0,0.544715,0.217356,16,0,0.00833333,b025,b7,+ the detector walk (not shipped)
18,0,0.544715,0.217356,16,0,0.00833333,b025,b7,+ the detector walk (not shipped)
19,0,0.544715,0.217356,16,0,0.00833333,b025,b7,+ the detector walk (not shipped)
20,0,0.544715,0.217356,16,0,0.00833333,b025,b7,+ the detector walk (not shipped)
21,0,0.544715,0.217356,16,0,0.00833333,b025,b7,+ the detector walk (not shipped)
22,0,0.544715,0.217356,16,0,0.00833333,b025,b7,+ the detector walk (not shipped)
23,0.00277778,0.543621,0.216999,15.9999,0,0.00833333,b025,b7,+ the detector walk (not shipped)
24,0.222222,0.534856,0.247495,16.0012,0,0.00833333,b025,b7,+ the detector walk (not shipped)
25,0.3125,0.531419,0.262737,16.9979,0,0.00833333,b025,b7,+ the detector walk (not shipped)
26,0.380556,0.532933,0.277842,17.5022,0,0.00833333,b025,b7,+ the detector walk (not shipped)
27,0.411111,0.539119,0.284367,18,0,0.00833333,b025,b7,+ the detector walk (not shipped)
28,0.445833,0.545471,0.272526,16.9979,0,0.00833333,b025,b7,+ the detector walk (not shipped)
29,0.468056,0.555861,0.255831,15.9968,0.00138889,0.00833333,b025,b7,+ the detector walk (not shipped)
30,0.481944,0.575374,0.227486,14.0023,0,0.00833333,b025,b7,+ the detector walk (not shipped)
31,0.493056,0.587435,0.215861,13,0,0.00833333,b025,b7,+ the detector walk (not shipped)
32,0.506944,0.592996,0.219534,12,0,0.00833333,b025,b7,+ the detector walk (not shipped)
33,0.516667,0.605474,0.189658,10.9996,0,0.00833333,b025,b7,+ the detector walk (not shipped)
34,0.534722,0.61269,0.172764,9.99712,0,0.00833333,b025,b7,+ the detector walk (not shipped)
35,0.541667,0.616462,0.16354,9.0031,0,0.00833333,b025,b7,+ the detector walk (not shipped)
36,0.548611,0.614697,0.19029,10.0036,0,0.00833333,b025,b7,+ the detector walk (not shipped)
37,0.559722,0.611643,0.210097,10.0009,0,0.00833333,b025,b7,+ the detector walk (not shipped)
38,0.570833,0.614613,0.219559,11,0,0.00833333,b025,b7,+ the detector walk (not shipped)
39,0.572222,0.616866,0.218281,10.9984,0,0.00833333,b025,b7,+ the detector walk (not shipped)
40,0.583333,0.617987,0.221339,10.9989,0,0.00833333,b025,b7,+ the detector walk (not shipped)
41,0.588889,0.621129,0.219627,10.997,0,0.00833333,b025,b7,+ the detector walk (not shipped)
42,0.597222,0.622532,0.224588,10.0038,0,0.00833333,b025,b7,+ the detector walk (not shipped)
43,0.6125,0.626842,0.223368,10,0,0.00833333,b025,b7,+ the detector walk (not shipped)
44,0.622222,0.627791,0.226363,10.0019,0,0.00833333,b025,b7,+ the detector walk (not shipped)
45,0.627778,0.629463,0.226948,10.0002,0.00138889,0.00833333,b025,b7,+ the detector walk (not shipped)
46,0.638889,0.627726,0.230749,10.5006,0.00138889,0.00833333,b025,b7,+ the detector walk (not shipped)
47,0.645833,0.631415,0.229517,10.003,0.00138889,0.00833333,b025,b7,+ the detector walk (not shipped)
48,0.65,0.633325,0.228858,10.0038,0.00138889,0.00833333,b025,b7,+ the detector walk (not shipped)
49,0.6625,0.638598,0.228155,10.0019,0.00138889,0.00694444,b025,b7,+ the detector walk (not shipped)
50,0.665278,0.64112,0.229013,10.9977,0.00277778,0.00694444,b025,b7,+ the detector walk (not shipped)
51,0.676389,0.641421,0.2314,10.5006,0.00277778,0.00694444,b025,b7,+ the detector walk (not shipped)
52,0.681944,0.643093,0.231311,11,0.00277778,0.00694444,b025,b7,+ the detector walk (not shipped)
53,0.690278,0.643957,0.2355,11.5011,0.00277778,0.00694444,b025,b7,+ the detector walk (not shipped)
54,0.698611,0.647834,0.235542,12,0.00277778,0.00694444,b025,b7,+ the detector walk (not shipped)
55,0.704167,0.648496,0.244077,12,0.00277778,0.00694444,b025,b7,+ the detector walk (not shipped)
56,0.711111,0.651318,0.254515,13,0.00277778,0.00694444,b025,b7,+ the detector walk (not shipped)
57,0.716667,0.657439,0.251517,13,0.00277778,0.00555556,b025,b7,+ the detector walk (not shipped)
58,0.723611,0.658728,0.25334,13,0.00277778,0.00555556,b025,b7,+ the detector walk (not shipped)
59,0.723611,0.659417,0.252507,13,0.00277778,0.00555556,b025,b7,+ the detector walk (not shipped)
60,0.726389,0.662272,0.254508,13,0.00277778,0.00555556,b025,b7,+ the detector walk (not shipped)
61,0.730556,0.664348,0.252208,13,0.00277778,0.00555556,b025,b7,+ the detector walk (not shipped)
62,0.734722,0.663752,0.249076,12.0015,0.00416667,0.00555556,b025,b7,+ the detector walk (not shipped)
63,0.740278,0.662573,0.24807,13,0.00416667,0.00555556,b025,b7,+ the detector walk (not shipped)
64,0.744444,0.662774,0.243686,13,0.00416667,0.00555556,b025,b7,+ the detector walk (not shipped)
65,0.745833,0.664142,0.239335,12,0.00277778,0.00555556,b025,b7,+ the detector walk (not shipped)
66,0.752778,0.666606,0.23554,11.999,0.00277778,0.00555556,b025,b7,+ the detector walk (not shipped)
67,0.759722,0.672769,0.237223,11.0028,0.00277778,0.00555556,b025,b7,+ the detector walk (not shipped)
68,0.761111,0.673633,0.231007,11,0.00138889,0.00555556,b025,b7,+ the detector walk (not shipped)
69,0.761111,0.676692,0.224272,11,0.00138889,0.00555556,b025,b7,+ the detector walk (not shipped)
70,0.769444,0.678522,0.223618,11,0.00277778,0.00555556,b025,b7,+ the detector walk (not shipped)
71,0.772222,0.679381,0.225556,11,0.00138889,0.00555556,b025,b7,+ the detector walk (not shipped)
72,0.777778,0.679315,0.227809,10.9996,0.00277778,0.00555556,b025,b7,+ the detector walk (not shipped)
73,0.784722,0.682977,0.23017,11,0,0.00416667,b025,b7,+ the detector walk (not shipped)
74,0.7875,0.682638,0.243138,11.9978,0,0.00416667,b025,b7,+ the detector walk (not shipped)
75,0.793056,0.686958,0.24825,11.999,0,0.00277778,b025,b7,+ the detector walk (not shipped)
76,0.794444,0.687238,0.255238,12,0,0.00277778,b025,b7,+ the detector walk (not shipped)
77,0.798611,0.686817,0.258293,12,0.00138889,0.00277778,b025,b7,+ the detector walk (not shipped)
78,0.804167,0.688071,0.267464,13,0.00277778,0.00277778,b025,b7,+ the detector walk (not shipped)
79,0.808333,0.693105,0.270979,13,0.00277778,0.00277778,b025,b7,+ the detector walk (not shipped)
80,0.809722,0.691883,0.274408,13,0.00277778,0.00277778,b025,b7,+ the detector walk (not shipped)
81,0.8125,0.691579,0.274278,13,0.00277778,0.00277778,b025,b7,+ the detector walk (not shipped)
82,0.813889,0.696044,0.270437,13,0.00138889,0.00277778,b025,b7,+ the detector walk (not shipped)
83,0.815278,0.694753,0.266311,13,0.00138889,0.00277778,b025,b7,+ the detector walk (not shipped)
84,0.816667,0.697886,0.263896,13,0.00138889,0.00277778,b025,b7,+ the detector walk (not shipped)
85,0.820833,0.696995,0.263848,13,0.00138889,0.00277778,b025,b7,+ the detector walk (not shipped)
86,0.829167,0.701787,0.261698,12,0.00277778,0.00277778,b025,b7,+ the detector walk (not shipped)
87,0.830556,0.704241,0.263755,13,0.00138889,0.00277778,b025,b7,+ the detector walk (not shipped)
88,0.830556,0.703771,0.263934,12.9984,0.00138889,0.00277778,b025,b7,+ the detector walk (not shipped)
89,0.838889,0.707416,0.26409,12,0.00138889,0.00277778,b025,b7,+ the detector walk (not shipped)
90,0.841667,0.706986,0.267245,12.001,0.00138889,0.00277778,b025,b7,+ the detector walk (not shipped)
91,0.841667,0.706763,0.268376,12,0.00138889,0.00277778,b025,b7,+ the detector walk (not shipped)
92,0.843056,0.707796,0.271895,12.001,0.00138889,0.00277778,b025,b7,+ the detector walk (not shipped)
93,0.848611,0.711496,0.273704,13,0.00138889,0.00277778,b025,b7,+ the detector walk (not shipped)
94,0.85,0.706627,0.275632,13,0.00138889,0.00277778,b025,b7,+ the detector walk (not shipped)
95,0.852778,0.704717,0.278951,13,0.00138889,0.00277778,b025,b7,+ the detector walk (not shipped)
96,0.855556,0.710633,0.280676,13,0.00138889,0.00277778,b025,b7,+ the detector walk (not shipped)
97,0.858333,0.708955,0.283657,13,0.00138889,0.00277778,b025,b7,+ the detector walk (not shipped)
98,0.861111,0.710404,0.285709,13.9992,0.00138889,0.00277778,b025,b7,+ the detector walk (not shipped)
99,0.866667,0.71133,0.288456,14,0.00138889,0.00277778,b025,b7,+ the detector walk (not shipped)
100,0.866667,0.71148,0.287361,13,0,0.00277778,b025,b7,+ the detector walk (not shipped)
101,0.870833,0.711619,0.292691,13.003,0,0.00277778,b025,b7,+ the detector walk (not shipped)
102,0.876389,0.711465,0.295621,14,0,0.00277778,b025,b7,+ the detector walk (not shipped)
103,0.876389,0.710168,0.297326,14,0,0.00277778,b025,b7,+ the detector walk (not shipped)
104,0.880556,0.709764,0.299866,14,0,0.00277778,b025,b7,+ the detector walk (not shipped)
105,0.884722,0.709766,0.302741,14.0048,0,0.00277778,b025,b7,+ the detector walk (not shipped)
106,0.890278,0.709374,0.304825,15,0,0.00277778,b025,b7,+ the detector walk (not shipped)
107,0.893056,0.709117,0.305625,14.0049,0,0.00277778,b025,b7,+ the detector walk (not shipped)
108,0.894444,0.709911,0.307829,15,0,0.00277778,b025,b7,+ the detector walk (not shipped)
109,0.897222,0.7108,0.310503,15,0,0.00277778,b025,b7,+ the detector walk (not shipped)
110,0.897222,0.712543,0.311925,15,0,0.00277778,b025,b7,+ the detector walk (not shipped)
111,0.898611,0.714349,0.314046,15,0,0.00277778,b025,b7,+ the detector walk (not shipped)
112,0.901389,0.714985,0.316184,15.9988,0,0.00277778,b025,b7,+ the detector walk (not shipped)
113,0.904167,0.717004,0.319051,16,0,0.00277778,b025,b7,+ the detector walk (not shipped)
114,0.905556,0.714075,0.322018,16,0,0.00277778,b025,b7,+ the detector walk (not shipped)
115,0.905556,0.714339,0.324549,16,0,0.00277778,b025,b7,+ the detector walk (not shipped)
116,0.905556,0.713242,0.327464,16,0,0.00277778,b025,b7,+ the detector walk (not shipped)
117,0.906944,0.714573,0.329837,17,0,0.00277778,b025,b7,+ the detector walk (not shipped)
118,0.911111,0.716757,0.33155,17,0,0.00277778,b025,b7,+ the detector walk (not shipped)
119,0.9125,0.717792,0.333169,17,0,0.00277778,b025,b7,+ the detector walk (not shipped)
120,0.916667,0.71596,0.33643,18,0.00138889,0.00277778,b025,b7,+ the detector walk (not shipped)
121,0.918056,0.716914,0.336769,17,0,0.00277778,b025,b7,+ the detector walk (not shipped)
122,0.918056,0.715792,0.336133,17.5,0,0.00277778,b025,b7,+ the detector walk (not shipped)
123,0.918056,0.718916,0.334916,17,0,0.00277778,b025,b7,+ the detector walk (not shipped)
124,0.919444,0.716492,0.337376,18,0.00138889,0.00277778,b025,b7,+ the detector walk (not shipped)
125,0.919444,0.714233,0.338879,18,0,0.00277778,b025,b7,+ the detector walk (not shipped)
126,0.920833,0.714162,0.341354,18,0,0.00277778,b025,b7,+ the detector walk (not shipped)
127,0.920833,0.712558,0.343179,18.5,0,0.00277778,b025,b7,+ the detector walk (not shipped)
128,0.920833,0.712818,0.343777,18,0,0.00277778,b025,b7,+ the detector walk (not shipped)
129,0.922222,0.713827,0.346244,19,0,0.00277778,b025,b7,+ the detector walk (not shipped)
130,0.922222,0.714966,0.348601,19,0.00138889,0.00277778,b025,b7,+ the detector walk (not shipped)
131,0.922222,0.716125,0.348809,19.0006,0,0.00277778,b025,b7,+ the detector walk (not shipped)
132,0.923611,0.71475,0.347868,19,0,0.00277778,b025,b7,+ the detector walk (not shipped)
133,0.923611,0.711742,0.350727,19,0.00138889,0.00277778,b025,b7,+ the detector walk (not shipped)
134,0.923611,0.713378,0.351997,19,0.00277778,0.00277778,b025,b7,+ the detector walk (not shipped)
135,0.925,0.712814,0.35649,19.0006,0.00277778,0.00277778,b025,b7,+ the detector walk (not shipped)
136,0.927778,0.715138,0.358159,19,0.00138889,0.00277778,b025,b7,+ the detector walk (not shipped)
137,0.927778,0.717903,0.360462,20,0.00138889,0.00277778,b025,b7,+ the detector walk (not shipped)
138,0.927778,0.713662,0.363325,20,0,0.00277778,b025,b7,+ the detector walk (not shipped)
139,0.927778,0.714579,0.364403,20,0,0.00277778,b025,b7,+ the detector walk (not shipped)
140,0.927778,0.711164,0.367017,20,0,0.00277778,b025,b7,+ the detector walk (not shipped)
141,0.929167,0.713065,0.368063,20,0.00138889,0.00277778,b025,b7,+ the detector walk (not shipped)
142,0.929167,0.706115,0.370642,20,0.00277778,0.00277778,b025,b7,+ the detector walk (not shipped)
143,0.929167,0.709191,0.371606,20.5,0.00138889,0.00277778,b025,b7,+ the detector walk (not shipped)
144,0.930556,0.709831,0.372689,21,0,0.00277778,b025,b7,+ the detector walk (not shipped)
145,0.931944,0.710009,0.373485,21,0,0.00277778,b025,b7,+ the detector walk (not shipped)
146,0.931944,0.708386,0.376335,22,0.00138889,0.00277778,b025,b7,+ the detector walk (not shipped)
147,0.931944,0.709021,0.376755,22,0.00138889,0.00277778,b025,b7,+ the detector walk (not shipped)
148,0.931944,0.712058,0.377542,22,0.00416667,0.00277778,b025,b7,+ the detector walk (not shipped)
149,0.934722,0.713903,0.377227,21,0.00138889,0.00277778,b025,b7,+ the detector walk (not shipped)
150,0.934722,0.714145,0.376553,21,0,0.00277778,b025,b7,+ the detector walk (not shipped)
0,0,0.0116283,0.911761,4254,1,0,b1,b1,cross-calibration
1,0,0.0116283,0.911761,4254,1,0,b1,b1,cross-calibration
2,0,0.0116283,0.911761,4254,1,0,b1,b1,cross-calibration
3,0,0.0116283,0.911761,4254,1,0,b1,b1,cross-calibration
4,0,0.0116283,0.911761,4254,1,0,b1,b1,cross-calibration
5,0,0.0116283,0.911761,4254,1,0,b1,b1,cross-calibration
6,0,0.0116283,0.911761,4254,1,0,b1,b1,cross-calibration
7,0,0.0116283,0.911761,4254,1,0,b1,b1,cross-calibration
8,0,0.0116283,0.911761,4254,1,0,b1,b1,cross-calibration
9,0,0.0116283,0.911761,4254,1,0,b1,b1,cross-calibration
10,0,0.0116283,0.911761,4254,1,0,b1,b1,cross-calibration
11,0,0.0116283,0.911761,4254,1,0,b1,b1,cross-calibration
12,0,0.0116283,0.911761,4254,1,0,b1,b1,cross-calibration
13,0,0.0116283,0.911761,4254,1,0,b1,b1,cross-calibration
14,0,0.0116283,0.911761,4254,1,0,b1,b1,cross-calibration
15,0,0.0116283,0.911761,4254,1,0,b1,b1,cross-calibration
16,0,0.0116283,0.911761,4254,1,0,b1,b1,cross-calibration
17,0,0.0116283,0.911761,4254,1,0,b1,b1,cross-calibration
18,0,0.0116283,0.911761,4254,1,0,b1,b1,cross-calibration
19,0,0.0116283,0.911761,4254,1,0,b1,b1,cross-calibration
20,0,0.0116283,0.911761,4254,1,0,b1,b1,cross-calibration
21,0,0.0116283,0.911761,4254,1,0,b1,b1,cross-calibration
22,0,0.0116283,0.911761,4254,1,0,b1,b1,cross-calibration
23,0.00138889,0.0117228,0.91059,4254,0.998611,0,b1,b1,cross-calibration
24,0.277778,0.20767,0.824696,4031,0.747222,0,b1,b1,cross-calibration
25,0.365278,0.252501,0.809075,3813,0.675,0,b1,b1,cross-calibration
26,0.394444,0.276336,0.804481,3784,0.640278,0,b1,b1,cross-calibration
27,0.416667,0.292104,0.797979,3737,0.626389,0,b1,b1,cross-calibration
28,0.434722,0.304715,0.792373,3687,0.593056,0,b1,b1,cross-calibration
29,0.455556,0.333508,0.779385,3134.5,0.569444,0,b1,b1,cross-calibration
30,0.469444,0.36371,0.762441,2916,0.541667,0,b1,b1,cross-calibration
31,0.477778,0.377395,0.750978,2747.5,0.533333,0,b1,b1,cross-calibration
32,0.483333,0.381754,0.750889,2584,0.536111,0,b1,b1,cross-calibration
33,0.488889,0.392341,0.743349,2203,0.523611,0,b1,b1,cross-calibration
34,0.498611,0.406067,0.731728,2042,0.522222,0,b1,b1,cross-calibration
35,0.506944,0.408965,0.729928,1059,0.516667,0,b1,b1,cross-calibration
36,0.518056,0.410993,0.734109,332.5,0.505556,0,b1,b1,cross-calibration
37,0.526389,0.410213,0.738655,206.5,0.501389,0,b1,b1,cross-calibration
38,0.534722,0.411589,0.740039,148,0.488889,0,b1,b1,cross-calibration
39,0.545833,0.406745,0.744241,175.5,0.495833,0,b1,b1,cross-calibration
40,0.558333,0.412982,0.740636,137.5,0.4875,0,b1,b1,cross-calibration
41,0.563889,0.416829,0.739841,125.5,0.477778,0,b1,b1,cross-calibration
42,0.570833,0.428178,0.734774,101.5,0.475,0,b1,b1,cross-calibration
43,0.580556,0.424971,0.737689,108.5,0.472222,0,b1,b1,cross-calibration
44,0.590278,0.427492,0.73425,96.5,0.472222,0,b1,b1,cross-calibration
45,0.601389,0.430526,0.73119,94,0.466667,0.00138889,b1,b1,cross-calibration
46,0.605556,0.435158,0.732866,95.5,0.454167,0,b1,b1,cross-calibration
47,0.619444,0.437256,0.728261,98.5,0.447222,0,b1,b1,cross-calibration
48,0.622222,0.433207,0.734273,97.5,0.45,0,b1,b1,cross-calibration
49,0.627778,0.430397,0.736195,99.5,0.452778,0,b1,b1,cross-calibration
50,0.627778,0.435742,0.731684,91,0.440278,0,b1,b1,cross-calibration
51,0.630556,0.432737,0.734475,87,0.436111,0,b1,b1,cross-calibration
52,0.634722,0.43724,0.730265,81,0.434722,0,b1,b1,cross-calibration
53,0.648611,0.441826,0.724572,80.5,0.429167,0,b1,b1,cross-calibration
54,0.655556,0.442135,0.724661,75,0.436111,0,b1,b1,cross-calibration
55,0.663889,0.451499,0.716859,73,0.420833,0.00138889,b1,b1,cross-calibration
56,0.672222,0.46488,0.709659,62,0.422222,0,b1,b1,cross-calibration
57,0.677778,0.469706,0.705613,62,0.419444,0,b1,b1,cross-calibration
58,0.684722,0.466004,0.707127,64.5,0.411111,0,b1,b1,cross-calibration
59,0.7,0.469468,0.702218,59.5,0.411111,0,b1,b1,cross-calibration
60,0.708333,0.470996,0.699318,61,0.405556,0,b1,b1,cross-calibration
61,0.7125,0.475284,0.697003,58,0.397222,0,b1,b1,cross-calibration
62,0.722222,0.472757,0.694915,60,0.395833,0,b1,b1,cross-calibration
63,0.726389,0.461062,0.703401,68,0.401389,0,b1,b1,cross-calibration
64,0.731944,0.461211,0.703805,69,0.384722,0,b1,b1,cross-calibration
65,0.738889,0.464261,0.700641,64,0.383333,0,b1,b1,cross-calibration
66,0.747222,0.470346,0.699211,62,0.379167,0,b1,b1,cross-calibration
67,0.754167,0.465418,0.701492,66,0.376389,0,b1,b1,cross-calibration
68,0.756944,0.470545,0.696722,63,0.373611,0,b1,b1,cross-calibration
69,0.759722,0.46968,0.696922,60.5,0.369444,0,b1,b1,cross-calibration
70,0.766667,0.471149,0.692074,62,0.359722,0,b1,b1,cross-calibration
71,0.770833,0.471906,0.693761,61,0.355556,0,b1,b1,cross-calibration
72,0.776389,0.471875,0.694369,61,0.369444,0,b1,b1,cross-calibration
73,0.780556,0.465466,0.696379,63,0.354167,0,b1,b1,cross-calibration
74,0.783333,0.461484,0.698736,70,0.359722,0,b1,b1,cross-calibration
75,0.790278,0.458334,0.70613,69,0.363889,0,b1,b1,cross-calibration
76,0.793056,0.452359,0.70827,72,0.358333,0,b1,b1,cross-calibration
77,0.801389,0.4466,0.707332,75,0.345833,0,b1,b1,cross-calibration
78,0.809722,0.44592,0.708344,77,0.359722,0,b1,b1,cross-calibration
79,0.818056,0.448674,0.702588,74,0.35,0,b1,b1,cross-calibration
80,0.820833,0.455708,0.700131,72,0.347222,0,b1,b1,cross-calibration
81,0.826389,0.450783,0.705791,76,0.352778,0,b1,b1,cross-calibration
82,0.831944,0.447213,0.704279,77,0.352778,0,b1,b1,cross-calibration
83,0.8375,0.450413,0.703801,74,0.355556,0,b1,b1,cross-calibration
84,0.841667,0.450074,0.704597,72,0.35,0,b1,b1,cross-calibration
85,0.844444,0.454462,0.703772,75,0.348611,0,b1,b1,cross-calibration
86,0.844444,0.450607,0.701045,73.5,0.35,0,b1,b1,cross-calibration
87,0.85,0.451002,0.701652,75,0.35,0,b1,b1,cross-calibration
88,0.858333,0.457026,0.694326,72,0.343056,0,b1,b1,cross-calibration
89,0.8625,0.455755,0.698718,72,0.348611,0,b1,b1,cross-calibration
90,0.866667,0.457141,0.692294,73.5,0.340278,0,b1,b1,cross-calibration
91,0.870833,0.455239,0.694878,75.5,0.333333,0,b1,b1,cross-calibration
92,0.870833,0.46075,0.692528,72,0.343056,0,b1,b1,cross-calibration
93,0.872222,0.460776,0.693293,72.5,0.333333,0,b1,b1,cross-calibration
94,0.876389,0.460357,0.692203,72.5,0.336111,0,b1,b1,cross-calibration
95,0.880556,0.465184,0.688848,73,0.322222,0,b1,b1,cross-calibration
96,0.884722,0.465661,0.684163,70,0.306944,0,b1,b1,cross-calibration
97,0.886111,0.471595,0.683509,67,0.309722,0,b1,b1,cross-calibration
98,0.890278,0.466936,0.685514,71,0.306944,0,b1,b1,cross-calibration
99,0.893056,0.469257,0.682616,67,0.316667,0.00138889,b1,b1,cross-calibration
100,0.894444,0.47325,0.682125,65,0.323611,0,b1,b1,cross-calibration
101,0.894444,0.474986,0.683578,65,0.327778,0.00138889,b1,b1,cross-calibration
102,0.894444,0.477296,0.681802,65.5,0.327778,0.00138889,b1,b1,cross-calibration
103,0.894444,0.481054,0.680066,63,0.322222,0,b1,b1,cross-calibration
104,0.897222,0.479895,0.678949,64,0.318056,0,b1,b1,cross-calibration
105,0.9,0.482122,0.677189,64.5,0.308333,0,b1,b1,cross-calibration
106,0.901389,0.479528,0.680168,66,0.320833,0,b1,b1,cross-calibration
107,0.905556,0.479006,0.678083,65,0.304167,0,b1,b1,cross-calibration
108,0.906944,0.481986,0.673894,65.5,0.293056,0,b1,b1,cross-calibration
109,0.909722,0.480582,0.678273,66.5,0.301389,0,b1,b1,cross-calibration
110,0.909722,0.478461,0.676694,66,0.283333,0,b1,b1,cross-calibration
111,0.9125,0.475336,0.682638,69,0.302778,0,b1,b1,cross-calibration
112,0.9125,0.474589,0.683561,68.5,0.309722,0,b1,b1,cross-calibration
113,0.918056,0.476271,0.680726,69,0.305556,0,b1,b1,cross-calibration
114,0.919444,0.470931,0.679306,66,0.3,0,b1,b1,cross-calibration
115,0.920833,0.46965,0.684035,70,0.3125,0,b1,b1,cross-calibration
116,0.920833,0.469712,0.683786,69.5,0.306944,0,b1,b1,cross-calibration
117,0.922222,0.472033,0.683905,72,0.309722,0,b1,b1,cross-calibration
118,0.925,0.473251,0.682601,68,0.295833,0,b1,b1,cross-calibration
119,0.925,0.47256,0.679993,67,0.302778,0,b1,b1,cross-calibration
120,0.925,0.470029,0.684992,65,0.305556,0,b1,b1,cross-calibration
121,0.926389,0.46679,0.687778,67,0.305556,0,b1,b1,cross-calibration
122,0.926389,0.469206,0.686823,69,0.291667,0,b1,b1,cross-calibration
123,0.926389,0.463405,0.688769,70,0.302778,0,b1,b1,cross-calibration
124,0.926389,0.465333,0.692567,70.5,0.305556,0,b1,b1,cross-calibration
125,0.926389,0.468477,0.688481,70,0.301389,0,b1,b1,cross-calibration
126,0.926389,0.468906,0.688085,70,0.297222,0,b1,b1,cross-calibration
127,0.926389,0.466304,0.691344,72,0.301389,0,b1,b1,cross-calibration
128,0.927778,0.470545,0.688659,69,0.295833,0,b1,b1,cross-calibration
129,0.929167,0.467781,0.690609,70,0.3,0,b1,b1,cross-calibration
130,0.929167,0.470391,0.686922,69,0.3,0,b1,b1,cross-calibration
131,0.929167,0.468638,0.685906,69,0.293056,0,b1,b1,cross-calibration
132,0.930556,0.472458,0.686956,67.5,0.290278,0,b1,b1,cross-calibration
133,0.931944,0.471137,0.683937,67.5,0.288889,0,b1,b1,cross-calibration
134,0.933333,0.467231,0.685903,69,0.295833,0,b1,b1,cross-calibration
135,0.9375,0.46749,0.685477,68,0.293056,0,b1,b1,cross-calibration
136,0.940278,0.461454,0.68689,71,0.286111,0,b1,b1,cross-calibration
137,0.943056,0.463398,0.684021,70.5,0.273611,0,b1,b1,cross-calibration
138,0.943056,0.463375,0.685602,70,0.2875,0,b1,b1,cross-calibration
139,0.943056,0.460738,0.687629,71,0.288889,0,b1,b1,cross-calibration
140,0.943056,0.45963,0.686077,72,0.290278,0,b1,b1,cross-calibration
141,0.943056,0.460751,0.684183,72,0.293056,0,b1,b1,cross-calibration
142,0.943056,0.452762,0.695651,75,0.293056,0,b1,b1,cross-calibration
143,0.943056,0.4555,0.698567,74,0.291667,0,b1,b1,cross-calibration
144,0.944444,0.457727,0.69748,72,0.290278,0,b1,b1,cross-calibration
145,0.947222,0.459228,0.695289,72,0.281944,0,b1,b1,cross-calibration
146,0.951389,0.461198,0.688431,72,0.276389,0,b1,b1,cross-calibration
147,0.951389,0.460361,0.690561,72,0.281944,0,b1,b1,cross-calibration
148,0.951389,0.457413,0.689466,72,0.284722,0,b1,b1,cross-calibration
149,0.951389,0.462676,0.688048,69,0.276389,0,b1,b1,cross-calibration
150,0.951389,0.461196,0.69024,73,0.284722,0,b1,b1,cross-calibration
0,0,0.0116283,0.911761,4254,1,0,b1,b2,the labels line at the preset
1,0,0.0116283,0.911761,4254,1,0,b1,b2,the labels line at the preset
2,0,0.0116283,0.911761,4254,1,0,b1,b2,the labels line at the preset
3,0,0.0116283,0.911761,4254,1,0,b1,b2,the labels line at the preset
4,0,0.0116283,0.911761,4254,1,0,b1,b2,the labels line at the preset
5,0,0.0116283,0.911761,4254,1,0,b1,b2,the labels line at the preset
6,0,0.0116283,0.911761,4254,1,0,b1,b2,the labels line at the preset
7,0,0.0116283,0.911761,4254,1,0,b1,b2,the labels line at the preset
8,0,0.0116283,0.911761,4254,1,0,b1,b2,the labels line at the preset
9,0,0.0116283,0.911761,4254,1,0,b1,b2,the labels line at the preset
10,0,0.0116283,0.911761,4254,1,0,b1,b2,the labels line at the preset
11,0,0.0116283,0.911761,4254,1,0,b1,b2,the labels line at the preset
12,0,0.0116283,0.911761,4254,1,0,b1,b2,the labels line at the preset
13,0,0.0116283,0.911761,4254,1,0,b1,b2,the labels line at the preset
14,0,0.0116283,0.911761,4254,1,0,b1,b2,the labels line at the preset
15,0,0.0116283,0.911761,4254,1,0,b1,b2,the labels line at the preset
16,0,0.0116283,0.911761,4254,1,0,b1,b2,the labels line at the preset
17,0,0.0116283,0.911761,4254,1,0,b1,b2,the labels line at the preset
18,0,0.0116283,0.911761,4254,1,0,b1,b2,the labels line at the preset
19,0,0.0116283,0.911761,4254,1,0,b1,b2,the labels line at the preset
20,0,0.0116283,0.911761,4254,1,0,b1,b2,the labels line at the preset
21,0,0.0116283,0.911761,4254,1,0,b1,b2,the labels line at the preset
22,0,0.0116283,0.911761,4254,1,0,b1,b2,the labels line at the preset
23,0.00138889,0.0116046,0.910481,4254,0.998611,0,b1,b2,the labels line at the preset
24,0.277778,0.233234,0.797297,4031,0.736111,0,b1,b2,the labels line at the preset
25,0.365278,0.302556,0.761306,3813,0.641667,0,b1,b2,the labels line at the preset
26,0.394444,0.313609,0.762961,3784,0.622222,0,b1,b2,the labels line at the preset
27,0.416667,0.328576,0.754244,3737,0.594444,0,b1,b2,the labels line at the preset
28,0.434722,0.347822,0.751059,3687,0.580556,0,b1,b2,the labels line at the preset
29,0.455556,0.367053,0.737517,3074,0.554167,0,b1,b2,the labels line at the preset
30,0.469444,0.384243,0.731072,2916,0.536111,0,b1,b2,the labels line at the preset
31,0.477778,0.388614,0.734141,2747.5,0.527778,0,b1,b2,the labels line at the preset
32,0.483333,0.397531,0.734191,2695.5,0.522222,0,b1,b2,the labels line at the preset
33,0.488889,0.403903,0.732058,2283.5,0.519444,0,b1,b2,the labels line at the preset
34,0.498611,0.405993,0.733469,2046.5,0.513889,0,b1,b2,the labels line at the preset
35,0.506944,0.417321,0.729244,212,0.501389,0,b1,b2,the labels line at the preset
36,0.518056,0.420152,0.732424,133,0.491667,0,b1,b2,the labels line at the preset
37,0.526389,0.415859,0.736694,125.5,0.4875,0,b1,b2,the labels line at the preset
38,0.534722,0.414699,0.737715,106.5,0.480556,0,b1,b2,the labels line at the preset
39,0.545833,0.419845,0.73451,94,0.472222,0,b1,b2,the labels line at the preset
40,0.558333,0.422834,0.729712,87,0.456944,0,b1,b2,the labels line at the preset
41,0.563889,0.422823,0.731322,87.5,0.455556,0,b1,b2,the labels line at the preset
42,0.570833,0.418401,0.732955,83.5,0.451389,0,b1,b2,the labels line at the preset
43,0.580556,0.424088,0.727796,79.5,0.4375,0,b1,b2,the labels line at the preset
44,0.590278,0.424,0.725602,79,0.434722,0,b1,b2,the labels line at the preset
45,0.601389,0.426376,0.719703,75,0.425,0,b1,b2,the labels line at the preset
46,0.605556,0.422277,0.721307,70,0.418056,0,b1,b2,the labels line at the preset
47,0.619444,0.420341,0.721794,72.5,0.415278,0,b1,b2,the labels line at the preset
48,0.622222,0.419003,0.723061,72,0.418056,0,b1,b2,the labels line at the preset
49,0.627778,0.417579,0.718496,75,0.409722,0,b1,b2,the labels line at the preset
50,0.627778,0.416852,0.718298,77,0.405556,0,b1,b2,the labels line at the preset
51,0.630556,0.419313,0.718295,74.5,0.406944,0,b1,b2,the labels line at the preset
52,0.634722,0.413341,0.719792,76,0.4,0,b1,b2,the labels line at the preset
53,0.648611,0.42181,0.713309,73.5,0.395833,0,b1,b2,the labels line at the preset
54,0.655556,0.426268,0.706994,68.5,0.388889,0,b1,b2,the labels line at the preset
55,0.663889,0.431328,0.708023,69.5,0.390278,0,b1,b2,the labels line at the preset
56,0.672222,0.430464,0.700781,65,0.377778,0,b1,b2,the labels line at the preset
57,0.677778,0.434068,0.699346,63.5,0.376389,0,b1,b2,the labels line at the preset
58,0.684722,0.436415,0.696632,64,0.372222,0,b1,b2,the labels line at the preset
59,0.7,0.441675,0.689507,64,0.365278,0,b1,b2,the labels line at the preset
60,0.708333,0.445766,0.683418,62,0.359722,0,b1,b2,the labels line at the preset
61,0.7125,0.448242,0.68656,61,0.358333,0,b1,b2,the labels line at the preset
62,0.722222,0.447974,0.684806,63,0.366667,0,b1,b2,the labels line at the preset
63,0.726389,0.450386,0.68305,62.5,0.361111,0,b1,b2,the labels line at the preset
64,0.731944,0.454998,0.679133,61,0.352778,0,b1,b2,the labels line at the preset
65,0.738889,0.461144,0.67487,59.5,0.352778,0,b1,b2,the labels line at the preset
66,0.747222,0.467069,0.667141,57.5,0.343056,0,b1,b2,the labels line at the preset
67,0.754167,0.474162,0.661323,56,0.340278,0,b1,b2,the labels line at the preset
68,0.756944,0.471277,0.661031,56,0.345833,0,b1,b2,the labels line at the preset
69,0.759722,0.478051,0.659753,56,0.344444,0,b1,b2,the labels line at the preset
70,0.766667,0.476804,0.655169,55,0.336111,0,b1,b2,the labels line at the preset
71,0.770833,0.476595,0.65818,55.5,0.341667,0,b1,b2,the labels line at the preset
72,0.776389,0.480899,0.652129,55,0.322222,0,b1,b2,the labels line at the preset
73,0.780556,0.479671,0.654591,56,0.326389,0,b1,b2,the labels line at the preset
74,0.783333,0.47973,0.654838,56,0.323611,0,b1,b2,the labels line at the preset
75,0.790278,0.473911,0.655224,58,0.323611,0,b1,b2,the labels line at the preset
76,0.793056,0.472719,0.656195,58,0.320833,0,b1,b2,the labels line at the preset
77,0.801389,0.47242,0.655099,58,0.323611,0,b1,b2,the labels line at the preset
78,0.809722,0.473187,0.651863,57,0.322222,0,b1,b2,the labels line at the preset
79,0.818056,0.474885,0.652174,59,0.320833,0,b1,b2,the labels line at the preset
80,0.820833,0.474102,0.649625,59,0.306944,0,b1,b2,the labels line at the preset
81,0.826389,0.46958,0.653657,61,0.311111,0,b1,b2,the labels line at the preset
82,0.831944,0.472836,0.652108,60,0.305556,0,b1,b2,the labels line at the preset
83,0.8375,0.474479,0.646745,60,0.298611,0,b1,b2,the labels line at the preset
84,0.841667,0.473088,0.650007,60,0.306944,0,b1,b2,the labels line at the preset
85,0.844444,0.47277,0.649143,60,0.301389,0,b1,b2,the labels line at the preset
86,0.844444,0.476408,0.647327,58,0.297222,0,b1,b2,the labels line at the preset
87,0.85,0.474329,0.645401,58,0.294444,0,b1,b2,the labels line at the preset
88,0.858333,0.477021,0.645241,58,0.3,0,b1,b2,the labels line at the preset
89,0.8625,0.479654,0.643684,58,0.291667,0,b1,b2,the labels line at the preset
90,0.866667,0.475553,0.646828,58,0.298611,0,b1,b2,the labels line at the preset
91,0.870833,0.476693,0.644303,59,0.290278,0,b1,b2,the labels line at the preset
92,0.870833,0.474235,0.640038,58,0.283333,0,b1,b2,the labels line at the preset
93,0.872222,0.478075,0.634994,56.5,0.275,0,b1,b2,the labels line at the preset
94,0.876389,0.48262,0.632452,55,0.286111,0,b1,b2,the labels line at the preset
95,0.880556,0.491616,0.624124,55,0.270833,0,b1,b2,the labels line at the preset
96,0.884722,0.489953,0.629008,55,0.269444,0,b1,b2,the labels line at the preset
97,0.886111,0.494341,0.627148,55,0.254167,0,b1,b2,the labels line at the preset
98,0.890278,0.496379,0.626397,54.5,0.252778,0,b1,b2,the labels line at the preset
99,0.893056,0.495339,0.625388,54,0.255556,0,b1,b2,the labels line at the preset
100,0.894444,0.495711,0.622401,54,0.251389,0,b1,b2,the labels line at the preset
101,0.894444,0.497321,0.626715,54,0.251389,0,b1,b2,the labels line at the preset
102,0.894444,0.497016,0.623516,54,0.248611,0,b1,b2,the labels line at the preset
103,0.894444,0.498956,0.624353,54,0.25,0,b1,b2,the labels line at the preset
104,0.897222,0.501602,0.622532,53,0.252778,0,b1,b2,the labels line at the preset
105,0.9,0.500575,0.620109,54,0.25,0,b1,b2,the labels line at the preset
106,0.901389,0.501772,0.623804,54,0.245833,0,b1,b2,the labels line at the preset
107,0.905556,0.502329,0.621002,54,0.241667,0,b1,b2,the labels line at the preset
108,0.906944,0.507233,0.617023,54,0.233333,0,b1,b2,the labels line at the preset
109,0.909722,0.503059,0.6192,54,0.2375,0,b1,b2,the labels line at the preset
110,0.909722,0.50333,0.618259,54,0.241667,0,b1,b2,the labels line at the preset
111,0.9125,0.504954,0.61663,53,0.2375,0,b1,b2,the labels line at the preset
112,0.9125,0.505187,0.620277,54,0.236111,0,b1,b2,the labels line at the preset
113,0.918056,0.503687,0.622124,54,0.236111,0,b1,b2,the labels line at the preset
114,0.919444,0.500644,0.621547,55,0.234722,0,b1,b2,the labels line at the preset
115,0.920833,0.499287,0.620935,54,0.2375,0,b1,b2,the labels line at the preset
116,0.920833,0.49835,0.62762,55,0.245833,0,b1,b2,the labels line at the preset
117,0.922222,0.495584,0.623812,55,0.2375,0,b1,b2,the labels line at the preset
118,0.925,0.500678,0.618964,54.5,0.227778,0,b1,b2,the labels line at the preset
119,0.925,0.499674,0.622928,55,0.2375,0,b1,b2,the labels line at the preset
120,0.925,0.499372,0.621199,55,0.220833,0,b1,b2,the labels line at the preset
121,0.926389,0.497459,0.625018,56,0.241667,0,b1,b2,the labels line at the preset
122,0.926389,0.494021,0.621609,55,0.233333,0,b1,b2,the labels line at the preset
123,0.926389,0.49365,0.627315,56,0.234722,0,b1,b2,the labels line at the preset
124,0.926389,0.497559,0.6278,55,0.2375,0,b1,b2,the labels line at the preset
125,0.926389,0.497912,0.632511,56,0.245833,0,b1,b2,the labels line at the preset
126,0.926389,0.497268,0.630411,56,0.245833,0,b1,b2,the labels line at the preset
127,0.926389,0.495283,0.633442,58,0.245833,0,b1,b2,the labels line at the preset
128,0.927778,0.495343,0.633795,55.5,0.248611,0,b1,b2,the labels line at the preset
129,0.929167,0.497946,0.631987,56,0.247222,0,b1,b2,the labels line at the preset
130,0.929167,0.498103,0.633866,55.5,0.251389,0,b1,b2,the labels line at the preset
131,0.929167,0.501592,0.629101,55,0.241667,0,b1,b2,the labels line at the preset
132,0.930556,0.502707,0.629559,55,0.251389,0,b1,b2,the labels line at the preset
133,0.931944,0.502783,0.626369,55,0.238889,0,b1,b2,the labels line at the preset
134,0.933333,0.505235,0.63096,56,0.2375,0,b1,b2,the labels line at the preset
135,0.9375,0.505547,0.627664,55.5,0.231944,0,b1,b2,the labels line at the preset
136,0.940278,0.506131,0.628134,55,0.236111,0,b1,b2,the labels line at the preset
137,0.943056,0.505697,0.629483,55,0.231944,0,b1,b2,the labels line at the preset
138,0.943056,0.508179,0.627782,55,0.229167,0,b1,b2,the labels line at the preset
139,0.943056,0.50322,0.63,56,0.240278,0,b1,b2,the labels line at the preset
140,0.943056,0.499834,0.635676,57.5,0.243056,0,b1,b2,the labels line at the preset
141,0.943056,0.499778,0.631629,57,0.231944,0,b1,b2,the labels line at the preset
142,0.943056,0.497286,0.632876,58,0.227778,0,b1,b2,the labels line at the preset
143,0.943056,0.500651,0.638277,57,0.244444,0,b1,b2,the labels line at the preset
144,0.944444,0.500557,0.639706,57,0.258333,0,b1,b2,the labels line at the preset
145,0.947222,0.499605,0.639904,56,0.255556,0,b1,b2,the labels line at the preset
146,0.951389,0.501599,0.634061,56,0.2375,0,b1,b2,the labels line at the preset
147,0.951389,0.500285,0.634016,56,0.244444,0,b1,b2,the labels line at the preset
148,0.951389,0.499707,0.634197,56,0.241667,0,b1,b2,the labels line at the preset
149,0.951389,0.502603,0.629556,55,0.238889,0,b1,b2,the labels line at the preset
150,0.951389,0.502241,0.63159,55,0.238889,0,b1,b2,the labels line at the preset
0,0,0.0116283,0.911761,4254,1,0,b1,b3,+ the relative spread floor
1,0,0.0116283,0.911761,4254,1,0,b1,b3,+ the relative spread floor
2,0,0.0116283,0.911761,4254,1,0,b1,b3,+ the relative spread floor
3,0,0.0116283,0.911761,4254,1,0,b1,b3,+ the relative spread floor
4,0,0.0116283,0.911761,4254,1,0,b1,b3,+ the relative spread floor
5,0,0.0116283,0.911761,4254,1,0,b1,b3,+ the relative spread floor
6,0,0.0116283,0.911761,4254,1,0,b1,b3,+ the relative spread floor
7,0,0.0116283,0.911761,4254,1,0,b1,b3,+ the relative spread floor
8,0,0.0116283,0.911761,4254,1,0,b1,b3,+ the relative spread floor
9,0,0.0116283,0.911761,4254,1,0,b1,b3,+ the relative spread floor
10,0,0.0116283,0.911761,4254,1,0,b1,b3,+ the relative spread floor
11,0,0.0116283,0.911761,4254,1,0,b1,b3,+ the relative spread floor
12,0,0.0116283,0.911761,4254,1,0,b1,b3,+ the relative spread floor
13,0,0.0116283,0.911761,4254,1,0,b1,b3,+ the relative spread floor
14,0,0.0116283,0.911761,4254,1,0,b1,b3,+ the relative spread floor
15,0,0.0116283,0.911761,4254,1,0,b1,b3,+ the relative spread floor
16,0,0.0116283,0.911761,4254,1,0,b1,b3,+ the relative spread floor
17,0,0.0116283,0.911761,4254,1,0,b1,b3,+ the relative spread floor
18,0,0.0116283,0.911761,4254,1,0,b1,b3,+ the relative spread floor
19,0,0.0116283,0.911761,4254,1,0,b1,b3,+ the relative spread floor
20,0,0.0116283,0.911761,4254,1,0,b1,b3,+ the relative spread floor
21,0,0.0116283,0.911761,4254,1,0,b1,b3,+ the relative spread floor
22,0,0.0116283,0.911761,4254,1,0,b1,b3,+ the relative spread floor
23,0.00138889,0.0116797,0.910535,4254,0.998611,0,b1,b3,+ the relative spread floor
24,0.277778,0.203569,0.830779,4031,0.731944,0,b1,b3,+ the relative spread floor
25,0.365278,0.256084,0.806962,3813,0.65,0,b1,b3,+ the relative spread floor
26,0.394444,0.273539,0.798124,3784,0.627778,0,b1,b3,+ the relative spread floor
27,0.416667,0.28752,0.789878,3737,0.605556,0,b1,b3,+ the relative spread floor
28,0.434722,0.305521,0.786051,3687,0.5875,0,b1,b3,+ the relative spread floor
29,0.455556,0.333198,0.769615,3074,0.5625,0,b1,b3,+ the relative spread floor
30,0.469444,0.368868,0.749775,2916,0.544444,0,b1,b3,+ the relative spread floor
31,0.477778,0.378514,0.745454,2747.5,0.531944,0,b1,b3,+ the relative spread floor
32,0.483333,0.387098,0.738796,2695.5,0.523611,0,b1,b3,+ the relative spread floor
33,0.488889,0.396918,0.73344,2283.5,0.519444,0,b1,b3,+ the relative spread floor
34,0.498611,0.406865,0.732716,2065,0.515278,0,b1,b3,+ the relative spread floor
35,0.506944,0.41451,0.725688,670,0.505556,0,b1,b3,+ the relative spread floor
36,0.518056,0.41529,0.727933,151,0.495833,0,b1,b3,+ the relative spread floor
37,0.526389,0.41337,0.730985,139,0.4875,0,b1,b3,+ the relative spread floor
38,0.534722,0.415425,0.729335,102,0.481944,0,b1,b3,+ the relative spread floor
39,0.545833,0.422091,0.725901,96.5,0.475,0,b1,b3,+ the relative spread floor
40,0.558333,0.42513,0.721559,78,0.465278,0,b1,b3,+ the relative spread floor
41,0.563889,0.426875,0.72508,84,0.463889,0,b1,b3,+ the relative spread floor
42,0.570833,0.42748,0.724552,82.5,0.4625,0,b1,b3,+ the relative spread floor
43,0.580556,0.434026,0.722068,76.5,0.45,0,b1,b3,+ the relative spread floor
44,0.590278,0.441955,0.715995,68.5,0.445833,0,b1,b3,+ the relative spread floor
45,0.601389,0.444122,0.712139,64,0.438889,0,b1,b3,+ the relative spread floor
46,0.605556,0.442065,0.712418,62.5,0.433333,0,b1,b3,+ the relative spread floor
47,0.619444,0.441133,0.7073,63,0.425,0,b1,b3,+ the relative spread floor
48,0.622222,0.443082,0.706937,61,0.425,0,b1,b3,+ the relative spread floor
49,0.627778,0.446554,0.697889,59,0.416667,0,b1,b3,+ the relative spread floor
50,0.627778,0.451965,0.697445,56,0.4125,0,b1,b3,+ the relative spread floor
51,0.630556,0.45132,0.698018,59.5,0.4125,0,b1,b3,+ the relative spread floor
52,0.634722,0.450879,0.697007,59,0.409722,0,b1,b3,+ the relative spread floor
53,0.648611,0.457316,0.691088,55,0.405556,0,b1,b3,+ the relative spread floor
54,0.655556,0.459554,0.689596,55.5,0.408333,0,b1,b3,+ the relative spread floor
55,0.663889,0.460409,0.687062,56,0.4,0,b1,b3,+ the relative spread floor
56,0.672222,0.461793,0.675357,55,0.386111,0,b1,b3,+ the relative spread floor
57,0.677778,0.469348,0.675819,54,0.388889,0,b1,b3,+ the relative spread floor
58,0.684722,0.474144,0.673065,53,0.383333,0,b1,b3,+ the relative spread floor
59,0.7,0.476698,0.665721,53,0.369444,0,b1,b3,+ the relative spread floor
60,0.708333,0.483136,0.658426,52,0.356944,0,b1,b3,+ the relative spread floor
61,0.7125,0.484437,0.657458,51,0.365278,0,b1,b3,+ the relative spread floor
62,0.722222,0.48887,0.656073,51,0.359722,0,b1,b3,+ the relative spread floor
63,0.726389,0.495065,0.656592,52,0.368056,0,b1,b3,+ the relative spread floor
64,0.731944,0.49448,0.653782,52.5,0.365278,0,b1,b3,+ the relative spread floor
65,0.738889,0.500224,0.644883,50.5,0.356944,0,b1,b3,+ the relative spread floor
66,0.747222,0.509322,0.639216,49,0.355556,0,b1,b3,+ the relative spread floor
67,0.754167,0.509692,0.633747,49,0.35,0,b1,b3,+ the relative spread floor
68,0.756944,0.51224,0.630206,49,0.347222,0,b1,b3,+ the relative spread floor
69,0.759722,0.516005,0.628888,48,0.347222,0,b1,b3,+ the relative spread floor
70,0.766667,0.516132,0.627607,48,0.341667,0,b1,b3,+ the relative spread floor
71,0.770833,0.515257,0.626722,48,0.338889,0,b1,b3,+ the relative spread floor
72,0.776389,0.521009,0.620048,48,0.326389,0,b1,b3,+ the relative spread floor
73,0.780556,0.519126,0.617564,48.5,0.3125,0,b1,b3,+ the relative spread floor
74,0.783333,0.522418,0.622493,49,0.320833,0,b1,b3,+ the relative spread floor
75,0.790278,0.516774,0.627961,49,0.327778,0,b1,b3,+ the relative spread floor
76,0.793056,0.515621,0.625767,49,0.323611,0,b1,b3,+ the relative spread floor
77,0.801389,0.513691,0.626599,50,0.318056,0,b1,b3,+ the relative spread floor
78,0.809722,0.513603,0.629717,50,0.318056,0,b1,b3,+ the relative spread floor
79,0.818056,0.516419,0.622091,50,0.309722,0,b1,b3,+ the relative spread floor
80,0.820833,0.513543,0.631371,51,0.316667,0,b1,b3,+ the relative spread floor
81,0.826389,0.514183,0.623544,50,0.306944,0,b1,b3,+ the relative spread floor
82,0.831944,0.512429,0.626375,50,0.308333,0,b1,b3,+ the relative spread floor
83,0.8375,0.514623,0.631501,51,0.306944,0,b1,b3,+ the relative spread floor
84,0.841667,0.514194,0.631718,51,0.302778,0,b1,b3,+ the relative spread floor
85,0.844444,0.512508,0.630624,51,0.297222,0,b1,b3,+ the relative spread floor
86,0.844444,0.517878,0.626358,50,0.295833,0,b1,b3,+ the relative spread floor
87,0.85,0.51986,0.621332,49,0.288889,0,b1,b3,+ the relative spread floor
88,0.858333,0.519072,0.622134,50,0.298611,0,b1,b3,+ the relative spread floor
89,0.8625,0.518666,0.617939,50,0.284722,0,b1,b3,+ the relative spread floor
90,0.866667,0.518656,0.618031,50,0.286111,0,b1,b3,+ the relative spread floor
91,0.870833,0.520175,0.616288,50,0.280556,0,b1,b3,+ the relative spread floor
92,0.870833,0.51616,0.61913,51,0.283333,0,b1,b3,+ the relative spread floor
93,0.872222,0.516633,0.617004,49.5,0.283333,0,b1,b3,+ the relative spread floor
94,0.876389,0.520075,0.614017,49,0.277778,0,b1,b3,+ the relative spread floor
95,0.880556,0.522996,0.611075,49,0.275,0,b1,b3,+ the relative spread floor
96,0.884722,0.522996,0.610737,50,0.273611,0,b1,b3,+ the relative spread floor
97,0.886111,0.525488,0.610129,50,0.2625,0,b1,b3,+ the relative spread floor
98,0.890278,0.526494,0.60665,50,0.254167,0,b1,b3,+ the relative spread floor
99,0.893056,0.525209,0.607377,50,0.259722,0,b1,b3,+ the relative spread floor
100,0.894444,0.527436,0.607917,50,0.259722,0,b1,b3,+ the relative spread floor
101,0.894444,0.528869,0.606452,50,0.2625,0,b1,b3,+ the relative spread floor
102,0.894444,0.52843,0.607468,50,0.255556,0,b1,b3,+ the relative spread floor
103,0.894444,0.529502,0.603237,50,0.256944,0,b1,b3,+ the relative spread floor
104,0.897222,0.531154,0.604009,50,0.248611,0,b1,b3,+ the relative spread floor
105,0.9,0.529977,0.600884,50,0.238889,0,b1,b3,+ the relative spread floor
106,0.901389,0.531392,0.601619,50,0.238889,0,b1,b3,+ the relative spread floor
107,0.905556,0.531494,0.602952,49,0.236111,0,b1,b3,+ the relative spread floor
108,0.906944,0.532497,0.602381,49,0.243056,0,b1,b3,+ the relative spread floor
109,0.909722,0.531396,0.606548,49,0.248611,0,b1,b3,+ the relative spread floor
110,0.909722,0.530043,0.608023,49.5,0.252778,0,b1,b3,+ the relative spread floor
111,0.9125,0.529038,0.606577,50,0.252778,0,b1,b3,+ the relative spread floor
112,0.9125,0.53089,0.608317,50,0.243056,0,b1,b3,+ the relative spread floor
113,0.918056,0.528081,0.607972,51,0.25,0,b1,b3,+ the relative spread floor
114,0.919444,0.526273,0.608358,51,0.248611,0,b1,b3,+ the relative spread floor
115,0.920833,0.525281,0.608423,51,0.241667,0,b1,b3,+ the relative spread floor
116,0.920833,0.522344,0.614381,52,0.244444,0,b1,b3,+ the relative spread floor
117,0.922222,0.520603,0.615705,51.5,0.252778,0,b1,b3,+ the relative spread floor
118,0.925,0.522359,0.610959,51,0.251389,0,b1,b3,+ the relative spread floor
119,0.925,0.525562,0.611577,51,0.243056,0,b1,b3,+ the relative spread floor
120,0.925,0.524529,0.613677,51,0.241667,0,b1,b3,+ the relative spread floor
121,0.926389,0.521799,0.613208,51,0.240278,0,b1,b3,+ the relative spread floor
122,0.926389,0.521061,0.617663,52,0.25,0,b1,b3,+ the relative spread floor
123,0.926389,0.521983,0.614242,51,0.251389,0,b1,b3,+ the relative spread floor
124,0.926389,0.523646,0.61652,51,0.258333,0,b1,b3,+ the relative spread floor
125,0.926389,0.521217,0.618927,52,0.261111,0,b1,b3,+ the relative spread floor
126,0.926389,0.521788,0.616651,52,0.244444,0,b1,b3,+ the relative spread floor
127,0.926389,0.516382,0.61923,52,0.251389,0,b1,b3,+ the relative spread floor
128,0.927778,0.515889,0.626271,53,0.255556,0,b1,b3,+ the relative spread floor
129,0.929167,0.519435,0.624719,53,0.259722,0,b1,b3,+ the relative spread floor
130,0.929167,0.517423,0.625345,53,0.2625,0,b1,b3,+ the relative spread floor
131,0.929167,0.519795,0.62292,52,0.251389,0,b1,b3,+ the relative spread floor
132,0.930556,0.519021,0.623317,52,0.254167,0,b1,b3,+ the relative spread floor
133,0.931944,0.518812,0.624798,52,0.254167,0,b1,b3,+ the relative spread floor
134,0.933333,0.521885,0.618648,52,0.245833,0,b1,b3,+ the relative spread floor
135,0.9375,0.519119,0.620104,52,0.245833,0,b1,b3,+ the relative spread floor
136,0.940278,0.520846,0.624513,52,0.241667,0,b1,b3,+ the relative spread floor
137,0.943056,0.52435,0.61674,52,0.230556,0,b1,b3,+ the relative spread floor
138,0.943056,0.523248,0.619783,52,0.245833,0,b1,b3,+ the relative spread floor
139,0.943056,0.517366,0.62431,53,0.25,0,b1,b3,+ the relative spread floor
140,0.943056,0.514849,0.627802,53,0.252778,0,b1,b3,+ the relative spread floor
141,0.943056,0.515617,0.625081,53,0.238889,0,b1,b3,+ the relative spread floor
142,0.943056,0.513694,0.628242,54,0.236111,0,b1,b3,+ the relative spread floor
143,0.943056,0.513506,0.636683,54.5,0.251389,0,b1,b3,+ the relative spread floor
144,0.944444,0.516692,0.632833,53,0.241667,0,b1,b3,+ the relative spread floor
145,0.947222,0.518369,0.633393,54,0.252778,0,b1,b3,+ the relative spread floor
146,0.951389,0.521791,0.629475,53,0.252778,0,b1,b3,+ the relative spread floor
147,0.951389,0.518658,0.627618,54,0.248611,0,b1,b3,+ the relative spread floor
148,0.951389,0.516538,0.628692,53,0.243056,0,b1,b3,+ the relative spread floor
149,0.951389,0.519504,0.624761,53,0.247222,0,b1,b3,+ the relative spread floor
150,0.951389,0.519079,0.620005,52,0.234722,0,b1,b3,+ the relative spread floor
0,0,0.0116283,0.911761,4254,1,0,b1,b4,+ the weak-separation check
1,0,0.0116283,0.911761,4254,1,0,b1,b4,+ the weak-separation check
2,0,0.0116283,0.911761,4254,1,0,b1,b4,+ the weak-separation check
3,0,0.0116283,0.911761,4254,1,0,b1,b4,+ the weak-separation check
4,0,0.0116283,0.911761,4254,1,0,b1,b4,+ the weak-separation check
5,0,0.0116283,0.911761,4254,1,0,b1,b4,+ the weak-separation check
6,0,0.0116283,0.911761,4254,1,0,b1,b4,+ the weak-separation check
7,0,0.0116283,0.911761,4254,1,0,b1,b4,+ the weak-separation check
8,0,0.0116283,0.911761,4254,1,0,b1,b4,+ the weak-separation check
9,0,0.0116283,0.911761,4254,1,0,b1,b4,+ the weak-separation check
10,0,0.0116283,0.911761,4254,1,0,b1,b4,+ the weak-separation check
11,0,0.0116283,0.911761,4254,1,0,b1,b4,+ the weak-separation check
12,0,0.0116283,0.911761,4254,1,0,b1,b4,+ the weak-separation check
13,0,0.0116283,0.911761,4254,1,0,b1,b4,+ the weak-separation check
14,0,0.0116283,0.911761,4254,1,0,b1,b4,+ the weak-separation check
15,0,0.0116283,0.911761,4254,1,0,b1,b4,+ the weak-separation check
16,0,0.0116283,0.911761,4254,1,0,b1,b4,+ the weak-separation check
17,0,0.0116283,0.911761,4254,1,0,b1,b4,+ the weak-separation check
18,0,0.0116283,0.911761,4254,1,0,b1,b4,+ the weak-separation check
19,0,0.0116283,0.911761,4254,1,0,b1,b4,+ the weak-separation check
20,0,0.0116283,0.911761,4254,1,0,b1,b4,+ the weak-separation check
21,0,0.0116283,0.911761,4254,1,0,b1,b4,+ the weak-separation check
22,0,0.0116283,0.911761,4254,1,0,b1,b4,+ the weak-separation check
23,0.00138889,0.0116797,0.910535,4254,0.998611,0,b1,b4,+ the weak-separation check
24,0.277778,0.203569,0.830779,4031,0.731944,0,b1,b4,+ the weak-separation check
25,0.365278,0.256084,0.806962,3813,0.65,0,b1,b4,+ the weak-separation check
26,0.394444,0.273539,0.798124,3784,0.627778,0,b1,b4,+ the weak-separation check
27,0.416667,0.287409,0.789814,3737,0.605556,0,b1,b4,+ the weak-separation check
28,0.434722,0.306226,0.785797,3687,0.586111,0,b1,b4,+ the weak-separation check
29,0.455556,0.332624,0.770154,3074,0.5625,0,b1,b4,+ the weak-separation check
30,0.469444,0.365025,0.750791,2916,0.544444,0,b1,b4,+ the weak-separation check
31,0.477778,0.375463,0.744031,2747.5,0.531944,0,b1,b4,+ the weak-separation check
32,0.483333,0.382082,0.738081,2695.5,0.525,0,b1,b4,+ the weak-separation check
33,0.488889,0.390767,0.732977,2283.5,0.520833,0,b1,b4,+ the weak-separation check
34,0.498611,0.398305,0.732727,2065,0.516667,0,b1,b4,+ the weak-separation check
35,0.506944,0.407162,0.725334,431.5,0.508333,0,b1,b4,+ the weak-separation check
36,0.518056,0.406856,0.728066,198,0.5,0,b1,b4,+ the weak-separation check
37,0.526389,0.407512,0.730184,149,0.491667,0,b1,b4,+ the weak-separation check
38,0.534722,0.409826,0.727706,114.5,0.486111,0,b1,b4,+ the weak-separation check
39,0.545833,0.415706,0.724054,98.5,0.476389,0,b1,b4,+ the weak-separation check
40,0.558333,0.419191,0.719036,72,0.465278,0,b1,b4,+ the weak-separation check
41,0.563889,0.423407,0.721804,72.5,0.461111,0,b1,b4,+ the weak-separation check
42,0.570833,0.422931,0.719764,74,0.458333,0,b1,b4,+ the weak-separation check
43,0.580556,0.429708,0.717683,73.5,0.45,0,b1,b4,+ the weak-separation check
44,0.590278,0.435529,0.71339,66.5,0.445833,0,b1,b4,+ the weak-separation check
45,0.601389,0.438511,0.710448,62,0.440278,0,b1,b4,+ the weak-separation check
46,0.605556,0.437974,0.710328,62,0.436111,0,b1,b4,+ the weak-separation check
47,0.619444,0.438085,0.704926,61,0.426389,0,b1,b4,+ the weak-separation check
48,0.622222,0.439805,0.702779,61,0.427778,0,b1,b4,+ the weak-separation check
49,0.627778,0.443061,0.695723,58.5,0.419444,0,b1,b4,+ the weak-separation check
50,0.627778,0.44615,0.693912,56,0.409722,0,b1,b4,+ the weak-separation check
51,0.630556,0.445606,0.694939,60,0.409722,0,b1,b4,+ the weak-separation check
52,0.634722,0.446876,0.69382,58.5,0.406944,0,b1,b4,+ the weak-separation check
53,0.648611,0.452481,0.683644,55.5,0.394444,0,b1,b4,+ the weak-separation check
54,0.655556,0.456391,0.682149,55.5,0.391667,0,b1,b4,+ the weak-separation check
55,0.663889,0.462361,0.679477,54,0.388889,0,b1,b4,+ the weak-separation check
56,0.672222,0.460713,0.675678,54,0.381944,0,b1,b4,+ the weak-separation check
57,0.677778,0.470592,0.670701,52.5,0.375,0,b1,b4,+ the weak-separation check
58,0.684722,0.47661,0.667199,52.5,0.366667,0,b1,b4,+ the weak-separation check
59,0.7,0.477812,0.662599,52,0.358333,0,b1,b4,+ the weak-separation check
60,0.708333,0.482119,0.655076,52,0.343056,0,b1,b4,+ the weak-separation check
61,0.7125,0.483593,0.653023,51,0.344444,0,b1,b4,+ the weak-separation check
62,0.722222,0.484868,0.648299,51,0.338889,0,b1,b4,+ the weak-separation check
63,0.726389,0.489411,0.646747,52,0.340278,0,b1,b4,+ the weak-separation check
64,0.731944,0.491622,0.643584,52,0.338889,0,b1,b4,+ the weak-separation check
65,0.738889,0.498256,0.634438,50,0.326389,0,b1,b4,+ the weak-separation check
66,0.747222,0.507314,0.631895,49,0.333333,0,b1,b4,+ the weak-separation check
67,0.754167,0.507291,0.627156,49,0.325,0,b1,b4,+ the weak-separation check
68,0.756944,0.51052,0.619635,48,0.319444,0,b1,b4,+ the weak-separation check
69,0.759722,0.516258,0.614609,48,0.311111,0,b1,b4,+ the weak-separation check
70,0.766667,0.51871,0.610996,47,0.306944,0,b1,b4,+ the weak-separation check
71,0.770833,0.521117,0.607144,46.5,0.3,0,b1,b4,+ the weak-separation check
72,0.776389,0.523643,0.605709,46,0.295833,0,b1,b4,+ the weak-separation check
73,0.780556,0.522997,0.605522,47.5,0.281944,0,b1,b4,+ the weak-separation check
74,0.783333,0.524846,0.607552,48,0.283333,0,b1,b4,+ the weak-separation check
75,0.790278,0.523561,0.606172,48,0.277778,0,b1,b4,+ the weak-separation check
76,0.793056,0.521459,0.603943,48,0.275,0,b1,b4,+ the weak-separation check
77,0.801389,0.522475,0.601407,48,0.268056,0,b1,b4,+ the weak-separation check
78,0.809722,0.522824,0.603352,47,0.272222,0,b1,b4,+ the weak-separation check
79,0.818056,0.52237,0.598056,48,0.272222,0,b1,b4,+ the weak-separation check
80,0.820833,0.519514,0.600935,48,0.259722,0,b1,b4,+ the weak-separation check
81,0.826389,0.521576,0.600659,48,0.258333,0,b1,b4,+ the weak-separation check
82,0.831944,0.521734,0.601551,48,0.247222,0,b1,b4,+ the weak-separation check
83,0.8375,0.523001,0.600877,48,0.241667,0,b1,b4,+ the weak-separation check
84,0.841667,0.525031,0.601082,48,0.234722,0,b1,b4,+ the weak-separation check
85,0.844444,0.523486,0.601913,48,0.241667,0,b1,b4,+ the weak-separation check
86,0.844444,0.529259,0.595574,48,0.233333,0,b1,b4,+ the weak-separation check
87,0.85,0.529581,0.591911,47.5,0.230556,0,b1,b4,+ the weak-separation check
88,0.858333,0.531564,0.589545,48,0.225,0,b1,b4,+ the weak-separation check
89,0.8625,0.538065,0.584905,47.5,0.219444,0,b1,b4,+ the weak-separation check
90,0.866667,0.539443,0.582472,48,0.213889,0,b1,b4,+ the weak-separation check
91,0.870833,0.536681,0.579905,48,0.205556,0,b1,b4,+ the weak-separation check
92,0.870833,0.541312,0.583523,48,0.211111,0,b1,b4,+ the weak-separation check
93,0.872222,0.5387,0.58488,48,0.211111,0,b1,b4,+ the weak-separation check
94,0.876389,0.539945,0.581472,47,0.216667,0,b1,b4,+ the weak-separation check
95,0.880556,0.542255,0.578813,47,0.211111,0,b1,b4,+ the weak-separation check
96,0.884722,0.544246,0.573922,47,0.209722,0,b1,b4,+ the weak-separation check
97,0.886111,0.545584,0.57425,46.5,0.206944,0,b1,b4,+ the weak-separation check
98,0.890278,0.544164,0.575887,47,0.2125,0,b1,b4,+ the weak-separation check
99,0.893056,0.545224,0.577894,47,0.202778,0,b1,b4,+ the weak-separation check
100,0.894444,0.545921,0.575022,47,0.195833,0,b1,b4,+ the weak-separation check
101,0.894444,0.546296,0.572479,47.5,0.191667,0,b1,b4,+ the weak-separation check
102,0.894444,0.545543,0.574907,48,0.190278,0,b1,b4,+ the weak-separation check
103,0.894444,0.545979,0.575873,48,0.197222,0,b1,b4,+ the weak-separation check
104,0.897222,0.549744,0.573694,47,0.1875,0,b1,b4,+ the weak-separation check
105,0.9,0.549403,0.569712,47,0.184722,0,b1,b4,+ the weak-separation check
106,0.901389,0.549715,0.569129,47,0.184722,0,b1,b4,+ the weak-separation check
107,0.905556,0.548171,0.57137,47,0.186111,0,b1,b4,+ the weak-separation check
108,0.906944,0.549678,0.570753,47,0.181944,0,b1,b4,+ the weak-separation check
109,0.909722,0.548736,0.57353,47,0.190278,0,b1,b4,+ the weak-separation check
110,0.909722,0.548659,0.573962,46,0.188889,0,b1,b4,+ the weak-separation check
111,0.9125,0.548812,0.572023,46,0.181944,0,b1,b4,+ the weak-separation check
112,0.9125,0.550383,0.574793,47,0.181944,0,b1,b4,+ the weak-separation check
113,0.918056,0.550851,0.573639,47,0.184722,0,b1,b4,+ the weak-separation check
114,0.919444,0.54857,0.573976,47,0.175,0,b1,b4,+ the weak-separation check
115,0.920833,0.549651,0.57312,47,0.172222,0,b1,b4,+ the weak-separation check
116,0.920833,0.546173,0.576945,48,0.175,0,b1,b4,+ the weak-separation check
117,0.922222,0.546505,0.5788,49,0.181944,0,b1,b4,+ the weak-separation check
118,0.925,0.546867,0.577128,48,0.175,0,b1,b4,+ the weak-separation check
119,0.925,0.549444,0.578872,48,0.177778,0,b1,b4,+ the weak-separation check
120,0.925,0.547958,0.576311,48,0.168056,0,b1,b4,+ the weak-separation check
121,0.926389,0.546712,0.579143,48,0.169444,0,b1,b4,+ the weak-separation check
122,0.926389,0.544575,0.575805,49,0.161111,0,b1,b4,+ the weak-separation check
123,0.926389,0.545783,0.575282,49,0.1625,0,b1,b4,+ the weak-separation check
124,0.926389,0.545591,0.574203,49,0.155556,0,b1,b4,+ the weak-separation check
125,0.926389,0.545583,0.576689,49,0.156944,0,b1,b4,+ the weak-separation check
126,0.926389,0.541621,0.578237,49,0.155556,0,b1,b4,+ the weak-separation check
127,0.926389,0.540971,0.578276,49,0.154167,0,b1,b4,+ the weak-separation check
128,0.927778,0.542185,0.578785,49.5,0.155556,0,b1,b4,+ the weak-separation check
129,0.929167,0.542361,0.578456,50,0.151389,0,b1,b4,+ the weak-separation check
130,0.929167,0.541398,0.579122,49.5,0.1625,0,b1,b4,+ the weak-separation check
131,0.929167,0.54245,0.577418,49,0.156944,0,b1,b4,+ the weak-separation check
132,0.930556,0.542856,0.578507,49,0.166667,0,b1,b4,+ the weak-separation check
133,0.931944,0.542656,0.580391,49,0.168056,0,b1,b4,+ the weak-separation check
134,0.933333,0.543969,0.580202,50,0.172222,0,b1,b4,+ the weak-separation check
135,0.9375,0.543964,0.581597,50,0.170833,0,b1,b4,+ the weak-separation check
136,0.940278,0.543586,0.58269,50,0.165278,0,b1,b4,+ the weak-separation check
137,0.943056,0.542744,0.581645,49,0.161111,0,b1,b4,+ the weak-separation check
138,0.943056,0.542552,0.581917,50,0.155556,0,b1,b4,+ the weak-separation check
139,0.943056,0.543071,0.578912,50,0.151389,0,b1,b4,+ the weak-separation check
140,0.943056,0.539271,0.583693,50,0.148611,0,b1,b4,+ the weak-separation check
141,0.943056,0.540891,0.583155,50,0.145833,0,b1,b4,+ the weak-separation check
142,0.943056,0.536676,0.588364,51,0.152778,0,b1,b4,+ the weak-separation check
143,0.943056,0.537845,0.593099,52,0.159722,0,b1,b4,+ the weak-separation check
144,0.944444,0.54061,0.592046,51,0.158333,0,b1,b4,+ the weak-separation check
145,0.947222,0.542509,0.589781,51,0.159722,0,b1,b4,+ the weak-separation check
146,0.951389,0.542016,0.587163,51,0.158333,0,b1,b4,+ the weak-separation check
147,0.951389,0.541748,0.584545,51,0.151389,0,b1,b4,+ the weak-separation check
148,0.951389,0.5402,0.585638,51,0.147222,0,b1,b4,+ the weak-separation check
149,0.951389,0.541156,0.585427,50,0.144444,0,b1,b4,+ the weak-separation check
150,0.951389,0.539415,0.58281,50,0.155556,0,b1,b4,+ the weak-separation check
0,0,0.0116283,0.911761,4254,1,0,b1,b5,+ even-odds asking (today's sessions)
1,0,0.0116283,0.911761,4254,1,0,b1,b5,+ even-odds asking (today's sessions)
2,0,0.0116283,0.911761,4254,1,0,b1,b5,+ even-odds asking (today's sessions)
3,0,0.0116283,0.911761,4254,1,0,b1,b5,+ even-odds asking (today's sessions)
4,0,0.0116283,0.911761,4254,1,0,b1,b5,+ even-odds asking (today's sessions)
5,0,0.0116283,0.911761,4254,1,0,b1,b5,+ even-odds asking (today's sessions)
6,0,0.0116283,0.911761,4254,1,0,b1,b5,+ even-odds asking (today's sessions)
7,0,0.0116283,0.911761,4254,1,0,b1,b5,+ even-odds asking (today's sessions)
8,0,0.0116283,0.911761,4254,1,0,b1,b5,+ even-odds asking (today's sessions)
9,0,0.0116283,0.911761,4254,1,0,b1,b5,+ even-odds asking (today's sessions)
10,0,0.0116283,0.911761,4254,1,0,b1,b5,+ even-odds asking (today's sessions)
11,0,0.0116283,0.911761,4254,1,0,b1,b5,+ even-odds asking (today's sessions)
12,0,0.0116283,0.911761,4254,1,0,b1,b5,+ even-odds asking (today's sessions)
13,0,0.0116283,0.911761,4254,1,0,b1,b5,+ even-odds asking (today's sessions)
14,0,0.0116283,0.911761,4254,1,0,b1,b5,+ even-odds asking (today's sessions)
15,0,0.0116283,0.911761,4254,1,0,b1,b5,+ even-odds asking (today's sessions)
16,0,0.0116283,0.911761,4254,1,0,b1,b5,+ even-odds asking (today's sessions)
17,0,0.0116283,0.911761,4254,1,0,b1,b5,+ even-odds asking (today's sessions)
18,0,0.0116283,0.911761,4254,1,0,b1,b5,+ even-odds asking (today's sessions)
19,0,0.0116283,0.911761,4254,1,0,b1,b5,+ even-odds asking (today's sessions)
20,0,0.0116283,0.911761,4254,1,0,b1,b5,+ even-odds asking (today's sessions)
21,0,0.0116283,0.911761,4254,1,0,b1,b5,+ even-odds asking (today's sessions)
22,0,0.0116283,0.911761,4254,1,0,b1,b5,+ even-odds asking (today's sessions)
23,0.00138889,0.0116797,0.910535,4254,0.998611,0,b1,b5,+ even-odds asking (today's sessions)
24,0.277778,0.203598,0.830888,4031,0.731944,0,b1,b5,+ even-odds asking (today's sessions)
25,0.365278,0.266143,0.8048,3813,0.651389,0,b1,b5,+ even-odds asking (today's sessions)
26,0.394444,0.286186,0.794913,3784,0.623611,0,b1,b5,+ even-odds asking (today's sessions)
27,0.416667,0.308441,0.784304,3737,0.6,0,b1,b5,+ even-odds asking (today's sessions)
28,0.434722,0.327509,0.777012,3687,0.576389,0,b1,b5,+ even-odds asking (today's sessions)
29,0.455556,0.355672,0.757637,3074,0.552778,0,b1,b5,+ even-odds asking (today's sessions)
30,0.469444,0.388659,0.733804,2916,0.534722,0,b1,b5,+ even-odds asking (today's sessions)
31,0.477778,0.397178,0.726804,2747.5,0.531944,0,b1,b5,+ even-odds asking (today's sessions)
32,0.483333,0.397488,0.725242,2695.5,0.526389,0,b1,b5,+ even-odds asking (today's sessions)
33,0.488889,0.409682,0.719967,2283.5,0.520833,0,b1,b5,+ even-odds asking (today's sessions)
34,0.498611,0.416894,0.710383,2065,0.515278,0,b1,b5,+ even-odds asking (today's sessions)
35,0.506944,0.424884,0.700307,270,0.506944,0,b1,b5,+ even-odds asking (today's sessions)
36,0.518056,0.426519,0.707091,124,0.494444,0,b1,b5,+ even-odds asking (today's sessions)
37,0.526389,0.423593,0.716721,102,0.488889,0,b1,b5,+ even-odds asking (today's sessions)
38,0.534722,0.42694,0.716064,100.5,0.481944,0,b1,b5,+ even-odds asking (today's sessions)
39,0.545833,0.432371,0.714984,81.5,0.475,0,b1,b5,+ even-odds asking (today's sessions)
40,0.558333,0.430534,0.712104,78,0.4625,0,b1,b5,+ even-odds asking (today's sessions)
41,0.563889,0.430416,0.71454,76.5,0.458333,0,b1,b5,+ even-odds asking (today's sessions)
42,0.570833,0.436449,0.706245,67,0.451389,0,b1,b5,+ even-odds asking (today's sessions)
43,0.580556,0.440604,0.703362,65,0.447222,0,b1,b5,+ even-odds asking (today's sessions)
44,0.590278,0.441457,0.702581,65.5,0.443056,0,b1,b5,+ even-odds asking (today's sessions)
45,0.601389,0.441246,0.702809,67,0.436111,0,b1,b5,+ even-odds asking (today's sessions)
46,0.605556,0.440114,0.699227,66,0.430556,0,b1,b5,+ even-odds asking (today's sessions)
47,0.619444,0.443426,0.69896,64.5,0.422222,0,b1,b5,+ even-odds asking (today's sessions)
48,0.622222,0.446083,0.695187,65,0.418056,0,b1,b5,+ even-odds asking (today's sessions)
49,0.627778,0.447164,0.691886,62,0.4125,0,b1,b5,+ even-odds asking (today's sessions)
50,0.627778,0.451762,0.692274,63,0.409722,0,b1,b5,+ even-odds asking (today's sessions)
51,0.630556,0.455482,0.689397,58,0.404167,0,b1,b5,+ even-odds asking (today's sessions)
52,0.634722,0.458912,0.687438,58,0.402778,0,b1,b5,+ even-odds asking (today's sessions)
53,0.648611,0.462856,0.679347,56.5,0.394444,0,b1,b5,+ even-odds asking (today's sessions)
54,0.655556,0.467996,0.673055,56,0.390278,0,b1,b5,+ even-odds asking (today's sessions)
55,0.663889,0.472753,0.67622,55,0.393056,0,b1,b5,+ even-odds asking (today's sessions)
56,0.672222,0.474931,0.670091,54,0.380556,0,b1,b5,+ even-odds asking (today's sessions)
57,0.677778,0.480002,0.662941,52,0.370833,0,b1,b5,+ even-odds asking (today's sessions)
58,0.684722,0.483787,0.660563,51.5,0.368056,0,b1,b5,+ even-odds asking (today's sessions)
59,0.7,0.487117,0.657981,52,0.358333,0,b1,b5,+ even-odds asking (today's sessions)
60,0.708333,0.495284,0.647974,51,0.340278,0,b1,b5,+ even-odds asking (today's sessions)
61,0.7125,0.497382,0.647056,50,0.340278,0,b1,b5,+ even-odds asking (today's sessions)
62,0.722222,0.503188,0.640633,49,0.3375,0,b1,b5,+ even-odds asking (today's sessions)
63,0.726389,0.506585,0.635494,49,0.341667,0,b1,b5,+ even-odds asking (today's sessions)
64,0.731944,0.509003,0.632177,49,0.333333,0,b1,b5,+ even-odds asking (today's sessions)
65,0.738889,0.518346,0.623634,48,0.329167,0,b1,b5,+ even-odds asking (today's sessions)
66,0.747222,0.523157,0.616819,48,0.329167,0,b1,b5,+ even-odds asking (today's sessions)
67,0.754167,0.524874,0.615625,48,0.320833,0,b1,b5,+ even-odds asking (today's sessions)
68,0.756944,0.526908,0.607495,47,0.3125,0,b1,b5,+ even-odds asking (today's sessions)
69,0.759722,0.529648,0.59923,46,0.308333,0,b1,b5,+ even-odds asking (today's sessions)
70,0.766667,0.532741,0.590232,46,0.298611,0,b1,b5,+ even-odds asking (today's sessions)
71,0.770833,0.536883,0.590127,46,0.3,0,b1,b5,+ even-odds asking (today's sessions)
72,0.776389,0.537934,0.587316,46,0.2875,0,b1,b5,+ even-odds asking (today's sessions)
73,0.780556,0.540727,0.588712,46,0.284722,0,b1,b5,+ even-odds asking (today's sessions)
74,0.783333,0.543899,0.589865,46,0.283333,0,b1,b5,+ even-odds asking (today's sessions)
75,0.790278,0.54032,0.592813,47,0.275,0,b1,b5,+ even-odds asking (today's sessions)
76,0.793056,0.540646,0.592314,46,0.269444,0,b1,b5,+ even-odds asking (today's sessions)
77,0.801389,0.542667,0.591785,46,0.270833,0,b1,b5,+ even-odds asking (today's sessions)
78,0.809722,0.541585,0.592139,47,0.266667,0,b1,b5,+ even-odds asking (today's sessions)
79,0.818056,0.541077,0.589792,47,0.256944,0,b1,b5,+ even-odds asking (today's sessions)
80,0.820833,0.537734,0.592348,47.5,0.254167,0,b1,b5,+ even-odds asking (today's sessions)
81,0.826389,0.539496,0.593204,48,0.248611,0,b1,b5,+ even-odds asking (today's sessions)
82,0.831944,0.542303,0.588095,48,0.241667,0,b1,b5,+ even-odds asking (today's sessions)
83,0.8375,0.544251,0.57951,47,0.234722,0,b1,b5,+ even-odds asking (today's sessions)
84,0.841667,0.54712,0.583613,47,0.233333,0,b1,b5,+ even-odds asking (today's sessions)
85,0.844444,0.546909,0.585412,48,0.238889,0,b1,b5,+ even-odds asking (today's sessions)
86,0.844444,0.549478,0.58362,47,0.233333,0,b1,b5,+ even-odds asking (today's sessions)
87,0.85,0.5526,0.580533,47,0.230556,0,b1,b5,+ even-odds asking (today's sessions)
88,0.858333,0.558203,0.575427,46,0.219444,0,b1,b5,+ even-odds asking (today's sessions)
89,0.8625,0.565014,0.569389,46,0.211111,0,b1,b5,+ even-odds asking (today's sessions)
90,0.866667,0.562381,0.570167,46,0.208333,0,b1,b5,+ even-odds asking (today's sessions)
91,0.870833,0.561336,0.568768,46,0.202778,0,b1,b5,+ even-odds asking (today's sessions)
92,0.870833,0.559873,0.570246,46,0.202778,0,b1,b5,+ even-odds asking (today's sessions)
93,0.872222,0.560458,0.567531,46,0.197222,0,b1,b5,+ even-odds asking (today's sessions)
94,0.876389,0.565908,0.564813,46,0.188889,0,b1,b5,+ even-odds asking (today's sessions)
95,0.880556,0.567471,0.566592,46,0.191667,0,b1,b5,+ even-odds asking (today's sessions)
96,0.884722,0.568254,0.564399,46,0.186111,0,b1,b5,+ even-odds asking (today's sessions)
97,0.886111,0.570768,0.566582,46,0.184722,0,b1,b5,+ even-odds asking (today's sessions)
98,0.890278,0.571595,0.565672,46,0.1875,0,b1,b5,+ even-odds asking (today's sessions)
99,0.893056,0.567458,0.569387,46,0.183333,0,b1,b5,+ even-odds asking (today's sessions)
100,0.894444,0.569668,0.566684,45,0.181944,0,b1,b5,+ even-odds asking (today's sessions)
101,0.894444,0.571243,0.570582,46,0.180556,0,b1,b5,+ even-odds asking (today's sessions)
102,0.894444,0.568889,0.570132,46,0.180556,0,b1,b5,+ even-odds asking (today's sessions)
103,0.894444,0.570834,0.571656,46,0.179167,0,b1,b5,+ even-odds asking (today's sessions)
104,0.897222,0.569832,0.571177,46,0.172222,0,b1,b5,+ even-odds asking (today's sessions)
105,0.9,0.569343,0.568617,46,0.175,0,b1,b5,+ even-odds asking (today's sessions)
106,0.901389,0.569901,0.568023,46,0.173611,0,b1,b5,+ even-odds asking (today's sessions)
107,0.905556,0.573785,0.566544,46,0.169444,0,b1,b5,+ even-odds asking (today's sessions)
108,0.906944,0.574091,0.565428,46,0.163889,0,b1,b5,+ even-odds asking (today's sessions)
109,0.909722,0.573822,0.567387,46,0.166667,0,b1,b5,+ even-odds asking (today's sessions)
110,0.909722,0.573252,0.568629,47,0.168056,0,b1,b5,+ even-odds asking (today's sessions)
111,0.9125,0.571878,0.570411,47,0.165278,0,b1,b5,+ even-odds asking (today's sessions)
112,0.9125,0.573233,0.570514,47,0.163889,0,b1,b5,+ even-odds asking (today's sessions)
113,0.918056,0.572563,0.568309,47,0.152778,0,b1,b5,+ even-odds asking (today's sessions)
114,0.919444,0.571381,0.568082,47,0.151389,0,b1,b5,+ even-odds asking (today's sessions)
115,0.920833,0.570017,0.568391,47,0.156944,0,b1,b5,+ even-odds asking (today's sessions)
116,0.920833,0.569173,0.571091,47.5,0.155556,0,b1,b5,+ even-odds asking (today's sessions)
117,0.922222,0.566291,0.574615,48,0.158333,0,b1,b5,+ even-odds asking (today's sessions)
118,0.925,0.566779,0.570377,48,0.147222,0,b1,b5,+ even-odds asking (today's sessions)
119,0.925,0.567049,0.569245,48,0.141667,0,b1,b5,+ even-odds asking (today's sessions)
120,0.925,0.567852,0.569995,48,0.143056,0,b1,b5,+ even-odds asking (today's sessions)
121,0.926389,0.56844,0.570558,48,0.143056,0,b1,b5,+ even-odds asking (today's sessions)
122,0.926389,0.56812,0.570812,48,0.140278,0,b1,b5,+ even-odds asking (today's sessions)
123,0.926389,0.569292,0.570704,48,0.140278,0,b1,b5,+ even-odds asking (today's sessions)
124,0.926389,0.569216,0.573268,48,0.147222,0,b1,b5,+ even-odds asking (today's sessions)
125,0.926389,0.569757,0.573374,48,0.143056,0,b1,b5,+ even-odds asking (today's sessions)
126,0.926389,0.565937,0.575481,48.5,0.138889,0,b1,b5,+ even-odds asking (today's sessions)
127,0.926389,0.564311,0.575363,49,0.133333,0,b1,b5,+ even-odds asking (today's sessions)
128,0.927778,0.56325,0.575729,49,0.129167,0,b1,b5,+ even-odds asking (today's sessions)
129,0.929167,0.564023,0.573592,49,0.130556,0,b1,b5,+ even-odds asking (today's sessions)
130,0.929167,0.565456,0.573749,48,0.126389,0,b1,b5,+ even-odds asking (today's sessions)
131,0.929167,0.565895,0.574974,48,0.125,0,b1,b5,+ even-odds asking (today's sessions)
132,0.930556,0.565566,0.576773,49,0.131944,0,b1,b5,+ even-odds asking (today's sessions)
133,0.931944,0.567875,0.575828,48,0.1375,0,b1,b5,+ even-odds asking (today's sessions)
134,0.933333,0.569489,0.576822,49,0.134722,0,b1,b5,+ even-odds asking (today's sessions)
135,0.9375,0.567027,0.578095,49,0.126389,0,b1,b5,+ even-odds asking (today's sessions)
136,0.940278,0.563555,0.579884,50,0.122222,0,b1,b5,+ even-odds asking (today's sessions)
137,0.943056,0.562859,0.577847,50,0.120833,0,b1,b5,+ even-odds asking (today's sessions)
138,0.943056,0.559319,0.582418,50,0.120833,0,b1,b5,+ even-odds asking (today's sessions)
139,0.943056,0.559396,0.583079,50,0.120833,0,b1,b5,+ even-odds asking (today's sessions)
140,0.943056,0.555867,0.583213,50,0.119444,0,b1,b5,+ even-odds asking (today's sessions)
141,0.943056,0.554008,0.585492,51,0.126389,0,b1,b5,+ even-odds asking (today's sessions)
142,0.943056,0.552501,0.586022,51,0.126389,0,b1,b5,+ even-odds asking (today's sessions)
143,0.943056,0.552953,0.587007,51,0.127778,0,b1,b5,+ even-odds asking (today's sessions)
144,0.944444,0.554968,0.585996,50.5,0.125,0,b1,b5,+ even-odds asking (today's sessions)
145,0.947222,0.55816,0.58473,50,0.120833,0,b1,b5,+ even-odds asking (today's sessions)
146,0.951389,0.560995,0.581311,49.5,0.1125,0,b1,b5,+ even-odds asking (today's sessions)
147,0.951389,0.562484,0.582226,49,0.106944,0,b1,b5,+ even-odds asking (today's sessions)
148,0.951389,0.560423,0.580893,49,0.109722,0,b1,b5,+ even-odds asking (today's sessions)
149,0.951389,0.561049,0.582838,49,0.120833,0,b1,b5,+ even-odds asking (today's sessions)
150,0.951389,0.563426,0.57972,49,0.116667,0,b1,b5,+ even-odds asking (today's sessions)
0,0,0.373313,0.433581,48.004,0.0416667,0.00138889,b1,b6,+ the typed query's per-preset line (today's app)
1,0,0.373313,0.433581,48.004,0.0416667,0.00138889,b1,b6,+ the typed query's per-preset line (today's app)
2,0,0.373313,0.433581,48.004,0.0416667,0.00138889,b1,b6,+ the typed query's per-preset line (today's app)
3,0,0.373313,0.433581,48.004,0.0416667,0.00138889,b1,b6,+ the typed query's per-preset line (today's app)
4,0,0.373313,0.433581,48.004,0.0416667,0.00138889,b1,b6,+ the typed query's per-preset line (today's app)
5,0,0.373313,0.433581,48.004,0.0416667,0.00138889,b1,b6,+ the typed query's per-preset line (today's app)
6,0,0.373313,0.433581,48.004,0.0416667,0.00138889,b1,b6,+ the typed query's per-preset line (today's app)
7,0,0.373313,0.433581,48.004,0.0416667,0.00138889,b1,b6,+ the typed query's per-preset line (today's app)
8,0,0.373313,0.433581,48.004,0.0416667,0.00138889,b1,b6,+ the typed query's per-preset line (today's app)
9,0,0.373313,0.433581,48.004,0.0416667,0.00138889,b1,b6,+ the typed query's per-preset line (today's app)
10,0,0.373313,0.433581,48.004,0.0416667,0.00138889,b1,b6,+ the typed query's per-preset line (today's app)
11,0,0.373313,0.433581,48.004,0.0416667,0.00138889,b1,b6,+ the typed query's per-preset line (today's app)
12,0,0.373313,0.433581,48.004,0.0416667,0.00138889,b1,b6,+ the typed query's per-preset line (today's app)
13,0,0.373313,0.433581,48.004,0.0416667,0.00138889,b1,b6,+ the typed query's per-preset line (today's app)
14,0,0.373313,0.433581,48.004,0.0416667,0.00138889,b1,b6,+ the typed query's per-preset line (today's app)
15,0,0.373313,0.433581,48.004,0.0416667,0.00138889,b1,b6,+ the typed query's per-preset line (today's app)
16,0,0.373313,0.433581,48.004,0.0416667,0.00138889,b1,b6,+ the typed query's per-preset line (today's app)
17,0,0.373313,0.433581,48.004,0.0416667,0.00138889,b1,b6,+ the typed query's per-preset line (today's app)
18,0,0.373313,0.433581,48.004,0.0416667,0.00138889,b1,b6,+ the typed query's per-preset line (today's app)
19,0,0.373313,0.433581,48.004,0.0416667,0.00138889,b1,b6,+ the typed query's per-preset line (today's app)
20,0,0.373313,0.433581,48.004,0.0416667,0.00138889,b1,b6,+ the typed query's per-preset line (today's app)
21,0,0.373313,0.433581,48.004,0.0416667,0.00138889,b1,b6,+ the typed query's per-preset line (today's app)
22,0,0.373313,0.433581,48.004,0.0416667,0.00138889,b1,b6,+ the typed query's per-preset line (today's app)
23,0.00138889,0.373298,0.433418,48.0029,0.0416667,0.00138889,b1,b6,+ the typed query's per-preset line (today's app)
24,0.277778,0.398969,0.393698,42.9999,0.0319444,0.00138889,b1,b6,+ the typed query's per-preset line (today's app)
25,0.365278,0.406267,0.390739,41.5028,0.0388889,0.00138889,b1,b6,+ the typed query's per-preset line (today's app)
26,0.394444,0.411519,0.390362,41,0.0388889,0.00138889,b1,b6,+ the typed query's per-preset line (today's app)
27,0.416667,0.422579,0.388264,40,0.0361111,0.00138889,b1,b6,+ the typed query's per-preset line (today's app)
28,0.434722,0.432298,0.387584,40.4981,0.0305556,0.00138889,b1,b6,+ the typed query's per-preset line (today's app)
29,0.455556,0.451147,0.376685,38,0.0263889,0.00138889,b1,b6,+ the typed query's per-preset line (today's app)
30,0.469444,0.478617,0.359226,34.9979,0.0222222,0.00138889,b1,b6,+ the typed query's per-preset line (today's app)
31,0.477778,0.484461,0.356386,33.9999,0.0263889,0.00138889,b1,b6,+ the typed query's per-preset line (today's app)
32,0.483333,0.483644,0.357811,34,0.0263889,0.00138889,b1,b6,+ the typed query's per-preset line (today's app)
33,0.488889,0.493765,0.35525,33,0.0263889,0.00138889,b1,b6,+ the typed query's per-preset line (today's app)
34,0.498611,0.498005,0.35171,31.0042,0.0305556,0.00138889,b1,b6,+ the typed query's per-preset line (today's app)
35,0.506944,0.502457,0.347029,31,0.0305556,0.00138889,b1,b6,+ the typed query's per-preset line (today's app)
36,0.518056,0.500357,0.359965,33,0.0291667,0.00138889,b1,b6,+ the typed query's per-preset line (today's app)
37,0.526389,0.494506,0.375065,35,0.0319444,0.00138889,b1,b6,+ the typed query's per-preset line (today's app)
38,0.534722,0.49464,0.379653,35.5008,0.0333333,0.00138889,b1,b6,+ the typed query's per-preset line (today's app)
39,0.545833,0.497574,0.386632,35.004,0.0375,0.00138889,b1,b6,+ the typed query's per-preset line (today's app)
40,0.558333,0.492931,0.392768,36.4999,0.0375,0.00138889,b1,b6,+ the typed query's per-preset line (today's app)
41,0.563889,0.492118,0.399272,37,0.0388889,0.00138889,b1,b6,+ the typed query's per-preset line (today's app)
42,0.570833,0.496723,0.395578,36,0.0375,0.00138889,b1,b6,+ the typed query's per-preset line (today's app)
43,0.580556,0.498522,0.39788,37,0.0416667,0.00138889,b1,b6,+ the typed query's per-preset line (today's app)
44,0.590278,0.497193,0.403713,37.5,0.0472222,0.00138889,b1,b6,+ the typed query's per-preset line (today's app)
45,0.601389,0.494289,0.41233,38,0.05,0.00138889,b1,b6,+ the typed query's per-preset line (today's app)
46,0.605556,0.492212,0.412002,38,0.0486111,0.00138889,b1,b6,+ the typed query's per-preset line (today's app)
47,0.619444,0.491086,0.421191,39,0.0541667,0.00138889,b1,b6,+ the typed query's per-preset line (today's app)
48,0.622222,0.493518,0.419784,39,0.0527778,0.00138889,b1,b6,+ the typed query's per-preset line (today's app)
49,0.627778,0.49415,0.420879,38.5005,0.0527778,0.00138889,b1,b6,+ the typed query's per-preset line (today's app)
50,0.627778,0.498748,0.421267,40,0.05,0.00138889,b1,b6,+ the typed query's per-preset line (today's app)
51,0.630556,0.501783,0.420856,38,0.0472222,0.00138889,b1,b6,+ the typed query's per-preset line (today's app)
52,0.634722,0.504013,0.421622,38,0.05,0.00138889,b1,b6,+ the typed query's per-preset line (today's app)
53,0.648611,0.506201,0.423811,38.9995,0.0555556,0.00138889,b1,b6,+ the typed query's per-preset line (today's app)
54,0.655556,0.509066,0.422753,39,0.0583333,0.00138889,b1,b6,+ the typed query's per-preset line (today's app)
55,0.663889,0.51312,0.432111,39.0009,0.0694444,0.00138889,b1,b6,+ the typed query's per-preset line (today's app)
56,0.672222,0.51392,0.431693,40,0.0652778,0.00138889,b1,b6,+ the typed query's per-preset line (today's app)
57,0.677778,0.518246,0.428645,38,0.0611111,0.00138889,b1,b6,+ the typed query's per-preset line (today's app)
58,0.684722,0.521501,0.431505,39,0.0652778,0.00138889,b1,b6,+ the typed query's per-preset line (today's app)
59,0.7,0.522035,0.441313,39,0.0708333,0.00138889,b1,b6,+ the typed query's per-preset line (today's app)
60,0.708333,0.5275,0.437504,39,0.0611111,0.00138889,b1,b6,+ the typed query's per-preset line (today's app)
61,0.7125,0.528901,0.439134,39,0.0652778,0.00138889,b1,b6,+ the typed query's per-preset line (today's app)
62,0.722222,0.533455,0.440202,38.0019,0.0722222,0.00138889,b1,b6,+ the typed query's per-preset line (today's app)
63,0.726389,0.5365,0.438019,37.5,0.0805556,0.00138889,b1,b6,+ the typed query's per-preset line (today's app)
64,0.731944,0.537364,0.438287,39,0.0777778,0.00138889,b1,b6,+ the typed query's per-preset line (today's app)
65,0.738889,0.544616,0.434583,38,0.0805556,0.00138889,b1,b6,+ the typed query's per-preset line (today's app)
66,0.747222,0.548154,0.43415,37.5,0.0888889,0.00138889,b1,b6,+ the typed query's per-preset line (today's app)
67,0.754167,0.549247,0.438345,38,0.0875,0.00138889,b1,b6,+ the typed query's per-preset line (today's app)
68,0.756944,0.550848,0.43257,37,0.0819444,0.00138889,b1,b6,+ the typed query's per-preset line (today's app)
69,0.759722,0.553307,0.425982,37,0.0791667,0.00138889,b1,b6,+ the typed query's per-preset line (today's app)
70,0.766667,0.553614,0.422399,35.5023,0.0763889,0.00138889,b1,b6,+ the typed query's per-preset line (today's app)
71,0.770833,0.557479,0.425398,36,0.0819444,0.00138889,b1,b6,+ the typed query's per-preset line (today's app)
72,0.776389,0.558394,0.426558,36.5014,0.075,0.00138889,b1,b6,+ the typed query's per-preset line (today's app)
73,0.780556,0.560339,0.431105,37,0.0763889,0.00138889,b1,b6,+ the typed query's per-preset line (today's app)
74,0.783333,0.56345,0.434435,36.0024,0.0777778,0.00138889,b1,b6,+ the typed query's per-preset line (today's app)
75,0.790278,0.558472,0.443078,38.9995,0.0763889,0.00138889,b1,b6,+ the typed query's per-preset line (today's app)
76,0.793056,0.558435,0.444957,39,0.0736111,0.00138889,b1,b6,+ the typed query's per-preset line (today's app)
77,0.801389,0.558196,0.450296,39,0.0833333,0.00138889,b1,b6,+ the typed query's per-preset line (today's app)
78,0.809722,0.555265,0.456011,40,0.0875,0.00138889,b1,b6,+ the typed query's per-preset line (today's app)
79,0.818056,0.553577,0.460065,41,0.0847222,0.00138889,b1,b6,+ the typed query's per-preset line (today's app)
80,0.820833,0.550032,0.464878,42,0.0847222,0.00138889,b1,b6,+ the typed query's per-preset line (today's app)
81,0.826389,0.551557,0.470307,41,0.0847222,0.00138889,b1,b6,+ the typed query's per-preset line (today's app)
82,0.831944,0.55359,0.468492,41,0.0819444,0.00138889,b1,b6,+ the typed query's per-preset line (today's app)
83,0.8375,0.555138,0.464528,40,0.0805556,0.00138889,b1,b6,+ the typed query's per-preset line (today's app)
84,0.841667,0.557546,0.471784,41,0.0833333,0.00138889,b1,b6,+ the typed query's per-preset line (today's app)
85,0.844444,0.557142,0.475659,41,0.0916667,0.00138889,b1,b6,+ the typed query's per-preset line (today's app)
86,0.844444,0.559711,0.473867,41,0.0861111,0.00138889,b1,b6,+ the typed query's per-preset line (today's app)
87,0.85,0.562415,0.474772,40,0.0875,0.00138889,b1,b6,+ the typed query's per-preset line (today's app)
88,0.858333,0.565473,0.476791,40,0.0847222,0.00138889,b1,b6,+ the typed query's per-preset line (today's app)
89,0.8625,0.571519,0.474102,40.4981,0.0805556,0.00138889,b1,b6,+ the typed query's per-preset line (today's app)
90,0.866667,0.568457,0.478615,40,0.0819444,0.00138889,b1,b6,+ the typed query's per-preset line (today's app)
91,0.870833,0.565174,0.480748,41,0.0805556,0.00138889,b1,b6,+ the typed query's per-preset line (today's app)
92,0.870833,0.563711,0.482226,41,0.0805556,0.00138889,b1,b6,+ the typed query's per-preset line (today's app)
93,0.872222,0.563919,0.4805,42,0.0763889,0.00138889,b1,b6,+ the typed query's per-preset line (today's app)
94,0.876389,0.568798,0.480914,42,0.0722222,0.00138889,b1,b6,+ the typed query's per-preset line (today's app)
95,0.880556,0.570159,0.485748,42,0.0791667,0.00138889,b1,b6,+ the typed query's per-preset line (today's app)
96,0.884722,0.570538,0.486867,42,0.0777778,0.00138889,b1,b6,+ the typed query's per-preset line (today's app)
97,0.886111,0.573005,0.490336,42,0.0777778,0.00138889,b1,b6,+ the typed query's per-preset line (today's app)
98,0.890278,0.573588,0.492546,42,0.0847222,0.00138889,b1,b6,+ the typed query's per-preset line (today's app)
99,0.893056,0.568929,0.498494,43,0.0833333,0.00138889,b1,b6,+ the typed query's per-preset line (today's app)
100,0.894444,0.571114,0.496624,42,0.0819444,0.00138889,b1,b6,+ the typed query's per-preset line (today's app)
101,0.894444,0.572688,0.500522,43,0.0805556,0.00138889,b1,b6,+ the typed query's per-preset line (today's app)
102,0.894444,0.570335,0.500072,43,0.0805556,0.00138889,b1,b6,+ the typed query's per-preset line (today's app)
103,0.894444,0.57228,0.501596,43,0.0791667,0.00138889,b1,b6,+ the typed query's per-preset line (today's app)
104,0.897222,0.571209,0.502978,42,0.0736111,0.00138889,b1,b6,+ the typed query's per-preset line (today's app)
105,0.9,0.570561,0.502782,43,0.0791667,0.00138889,b1,b6,+ the typed query's per-preset line (today's app)
106,0.901389,0.570865,0.503282,43,0.0791667,0.00138889,b1,b6,+ the typed query's per-preset line (today's app)
107,0.905556,0.574677,0.50448,43,0.0791667,0.00138889,b1,b6,+ the typed query's per-preset line (today's app)
108,0.906944,0.574921,0.504392,43,0.075,0.00138889,b1,b6,+ the typed query's per-preset line (today's app)
109,0.909722,0.574588,0.508742,43,0.0805556,0.00138889,b1,b6,+ the typed query's per-preset line (today's app)
110,0.909722,0.574018,0.509983,44,0.0819444,0.00138889,b1,b6,+ the typed query's per-preset line (today's app)
111,0.9125,0.572668,0.514073,44,0.0819444,0.00138889,b1,b6,+ the typed query's per-preset line (today's app)
112,0.9125,0.574024,0.514176,44,0.0805556,0.00138889,b1,b6,+ the typed query's per-preset line (today's app)
113,0.918056,0.573131,0.515772,44,0.0736111,0.00138889,b1,b6,+ the typed query's per-preset line (today's app)
114,0.919444,0.571963,0.516763,45,0.0736111,0.00138889,b1,b6,+ the typed query's per-preset line (today's app)
115,0.920833,0.57056,0.517871,45,0.0791667,0.00138889,b1,b6,+ the typed query's per-preset line (today's app)
116,0.920833,0.569717,0.520571,45,0.0777778,0.00138889,b1,b6,+ the typed query's per-preset line (today's app)
117,0.922222,0.566837,0.52513,46,0.0819444,0.00138889,b1,b6,+ the typed query's per-preset line (today's app)
118,0.925,0.567274,0.522353,46,0.0736111,0.00138889,b1,b6,+ the typed query's per-preset line (today's app)
119,0.925,0.567544,0.521221,46,0.0680556,0.00138889,b1,b6,+ the typed query's per-preset line (today's app)
120,0.925,0.568346,0.521972,46,0.0694444,0.00138889,b1,b6,+ the typed query's per-preset line (today's app)
121,0.926389,0.568871,0.523403,46,0.0708333,0.00138889,b1,b6,+ the typed query's per-preset line (today's app)
122,0.926389,0.568552,0.523656,46,0.0680556,0.00138889,b1,b6,+ the typed query's per-preset line (today's app)
123,0.926389,0.569723,0.523548,46,0.0680556,0.00138889,b1,b6,+ the typed query's per-preset line (today's app)
124,0.926389,0.569648,0.526113,46,0.075,0.00138889,b1,b6,+ the typed query's per-preset line (today's app)
125,0.926389,0.570189,0.526218,45,0.0708333,0.00138889,b1,b6,+ the typed query's per-preset line (today's app)
126,0.926389,0.566369,0.528325,46,0.0666667,0.00138889,b1,b6,+ the typed query's per-preset line (today's app)
127,0.926389,0.564743,0.528207,46,0.0611111,0.00138889,b1,b6,+ the typed query's per-preset line (today's app)
128,0.927778,0.563686,0.529657,46,0.0583333,0.00138889,b1,b6,+ the typed query's per-preset line (today's app)
129,0.929167,0.564469,0.528561,46,0.0611111,0.00138889,b1,b6,+ the typed query's per-preset line (today's app)
130,0.929167,0.565902,0.528718,46,0.0569444,0.00138889,b1,b6,+ the typed query's per-preset line (today's app)
131,0.929167,0.566341,0.529944,46,0.0555556,0.00138889,b1,b6,+ the typed query's per-preset line (today's app)
132,0.930556,0.566022,0.532884,46,0.0638889,0.00138889,b1,b6,+ the typed query's per-preset line (today's app)
133,0.931944,0.568273,0.532708,46,0.0694444,0.00138889,b1,b6,+ the typed query's per-preset line (today's app)
134,0.933333,0.569891,0.534796,46,0.0680556,0.00138889,b1,b6,+ the typed query's per-preset line (today's app)
135,0.9375,0.567466,0.539385,47,0.0638889,0.00138889,b1,b6,+ the typed query's per-preset line (today's app)
136,0.940278,0.563919,0.542705,47,0.0625,0.00138889,b1,b6,+ the typed query's per-preset line (today's app)
137,0.943056,0.563196,0.542663,48,0.0638889,0.00138889,b1,b6,+ the typed query's per-preset line (today's app)
138,0.943056,0.559657,0.547233,48,0.0638889,0.00138889,b1,b6,+ the typed query's per-preset line (today's app)
139,0.943056,0.559733,0.547895,48,0.0638889,0.00138889,b1,b6,+ the typed query's per-preset line (today's app)
140,0.943056,0.556204,0.548028,48,0.0625,0.00138889,b1,b6,+ the typed query's per-preset line (today's app)
141,0.943056,0.554345,0.550308,49,0.0694444,0.00138889,b1,b6,+ the typed query's per-preset line (today's app)
142,0.943056,0.552838,0.550838,49,0.0694444,0.00138889,b1,b6,+ the typed query's per-preset line (today's app)
143,0.943056,0.553291,0.551822,49,0.0708333,0.00138889,b1,b6,+ the typed query's per-preset line (today's app)
144,0.944444,0.55526,0.551425,48,0.0694444,0.00138889,b1,b6,+ the typed query's per-preset line (today's app)
145,0.947222,0.558459,0.552359,48,0.0680556,0.00138889,b1,b6,+ the typed query's per-preset line (today's app)
146,0.951389,0.56102,0.551392,48,0.0638889,0.00138889,b1,b6,+ the typed query's per-preset line (today's app)
147,0.951389,0.562509,0.552307,48,0.0583333,0.00138889,b1,b6,+ the typed query's per-preset line (today's app)
148,0.951389,0.560448,0.550974,47.5,0.0611111,0.00138889,b1,b6,+ the typed query's per-preset line (today's app)
149,0.951389,0.561074,0.552919,48,0.0722222,0.00138889,b1,b6,+ the typed query's per-preset line (today's app)
150,0.951389,0.56345,0.549801,48,0.0680556,0.00138889,b1,b6,+ the typed query's per-preset line (today's app)
0,0,0.373313,0.433581,48.004,0.0416667,0.00138889,b1,b7,+ the detector walk (not shipped)
1,0,0.373313,0.433581,48.004,0.0416667,0.00138889,b1,b7,+ the detector walk (not shipped)
2,0,0.373313,0.433581,48.004,0.0416667,0.00138889,b1,b7,+ the detector walk (not shipped)
3,0,0.373313,0.433581,48.004,0.0416667,0.00138889,b1,b7,+ the detector walk (not shipped)
4,0,0.373313,0.433581,48.004,0.0416667,0.00138889,b1,b7,+ the detector walk (not shipped)
5,0,0.373313,0.433581,48.004,0.0416667,0.00138889,b1,b7,+ the detector walk (not shipped)
6,0,0.373313,0.433581,48.004,0.0416667,0.00138889,b1,b7,+ the detector walk (not shipped)
7,0,0.373313,0.433581,48.004,0.0416667,0.00138889,b1,b7,+ the detector walk (not shipped)
8,0,0.373313,0.433581,48.004,0.0416667,0.00138889,b1,b7,+ the detector walk (not shipped)
9,0,0.373313,0.433581,48.004,0.0416667,0.00138889,b1,b7,+ the detector walk (not shipped)
10,0,0.373313,0.433581,48.004,0.0416667,0.00138889,b1,b7,+ the detector walk (not shipped)
11,0,0.373313,0.433581,48.004,0.0416667,0.00138889,b1,b7,+ the detector walk (not shipped)
12,0,0.373313,0.433581,48.004,0.0416667,0.00138889,b1,b7,+ the detector walk (not shipped)
13,0,0.373313,0.433581,48.004,0.0416667,0.00138889,b1,b7,+ the detector walk (not shipped)
14,0,0.373313,0.433581,48.004,0.0416667,0.00138889,b1,b7,+ the detector walk (not shipped)
15,0,0.373313,0.433581,48.004,0.0416667,0.00138889,b1,b7,+ the detector walk (not shipped)
16,0,0.373313,0.433581,48.004,0.0416667,0.00138889,b1,b7,+ the detector walk (not shipped)
17,0,0.373313,0.433581,48.004,0.0416667,0.00138889,b1,b7,+ the detector walk (not shipped)
18,0,0.373313,0.433581,48.004,0.0416667,0.00138889,b1,b7,+ the detector walk (not shipped)
19,0,0.373313,0.433581,48.004,0.0416667,0.00138889,b1,b7,+ the detector walk (not shipped)
20,0,0.373313,0.433581,48.004,0.0416667,0.00138889,b1,b7,+ the detector walk (not shipped)
21,0,0.373313,0.433581,48.004,0.0416667,0.00138889,b1,b7,+ the detector walk (not shipped)
22,0,0.373313,0.433581,48.004,0.0416667,0.00138889,b1,b7,+ the detector walk (not shipped)
23,0.00277778,0.372913,0.432949,48.0029,0.0416667,0.00138889,b1,b7,+ the detector walk (not shipped)
24,0.222222,0.411063,0.388162,40,0.0291667,0.00138889,b1,b7,+ the detector walk (not shipped)
25,0.3125,0.424833,0.378061,38,0.0236111,0.00138889,b1,b7,+ the detector walk (not shipped)
26,0.380556,0.433584,0.380822,36.9991,0.0222222,0.00138889,b1,b7,+ the detector walk (not shipped)
27,0.411111,0.446057,0.380994,38,0.0222222,0.00138889,b1,b7,+ the detector walk (not shipped)
28,0.445833,0.460308,0.368983,36,0.0208333,0.00138889,b1,b7,+ the detector walk (not shipped)
29,0.468056,0.474402,0.361609,34.9979,0.0194444,0.00138889,b1,b7,+ the detector walk (not shipped)
30,0.481944,0.499312,0.344938,31.9972,0.0180556,0.00138889,b1,b7,+ the detector walk (not shipped)
31,0.493056,0.514559,0.337379,31,0.0166667,0.00138889,b1,b7,+ the detector walk (not shipped)
32,0.506944,0.521199,0.336092,30,0.0166667,0.00138889,b1,b7,+ the detector walk (not shipped)
33,0.516667,0.533843,0.320613,28,0.0152778,0.00138889,b1,b7,+ the detector walk (not shipped)
34,0.534722,0.542579,0.310623,27.0003,0.0152778,0.00138889,b1,b7,+ the detector walk (not shipped)
35,0.541667,0.549265,0.304143,26.9975,0.0138889,0.00138889,b1,b7,+ the detector walk (not shipped)
36,0.548611,0.542934,0.323303,27.9977,0.0138889,0.00138889,b1,b7,+ the detector walk (not shipped)
37,0.559722,0.538008,0.335453,28.9972,0.0138889,0.00138889,b1,b7,+ the detector walk (not shipped)
38,0.570833,0.536368,0.344337,29.4994,0.0138889,0.00138889,b1,b7,+ the detector walk (not shipped)
39,0.572222,0.538263,0.34555,29.0013,0.0138889,0.00138889,b1,b7,+ the detector walk (not shipped)
40,0.583333,0.540414,0.347785,30,0.0138889,0.00138889,b1,b7,+ the detector walk (not shipped)
41,0.588889,0.543012,0.347823,30,0.0125,0.00138889,b1,b7,+ the detector walk (not shipped)
42,0.597222,0.541055,0.352954,30,0.0125,0.00138889,b1,b7,+ the detector walk (not shipped)
43,0.6125,0.545399,0.352803,30,0.0125,0.00138889,b1,b7,+ the detector walk (not shipped)
44,0.622222,0.545316,0.356371,30,0.0125,0.00138889,b1,b7,+ the detector walk (not shipped)
45,0.627778,0.543965,0.359643,30,0.0138889,0.00138889,b1,b7,+ the detector walk (not shipped)
46,0.638889,0.543966,0.364634,30.0029,0.0125,0.00138889,b1,b7,+ the detector walk (not shipped)
47,0.645833,0.546893,0.364139,31,0.0125,0.00138889,b1,b7,+ the detector walk (not shipped)
48,0.65,0.54823,0.364513,31,0.0125,0.00138889,b1,b7,+ the detector walk (not shipped)
49,0.6625,0.550584,0.365108,30.9997,0.0125,0.00138889,b1,b7,+ the detector walk (not shipped)
50,0.665278,0.551743,0.368749,30.0014,0.0138889,0.00138889,b1,b7,+ the detector walk (not shipped)
51,0.676389,0.55198,0.370072,31,0.0138889,0.00138889,b1,b7,+ the detector walk (not shipped)
52,0.681944,0.550996,0.372281,31,0.0138889,0.00138889,b1,b7,+ the detector walk (not shipped)
53,0.690278,0.552413,0.374826,32,0.0138889,0.00138889,b1,b7,+ the detector walk (not shipped)
54,0.698611,0.556686,0.376399,32,0.0138889,0.00138889,b1,b7,+ the detector walk (not shipped)
55,0.704167,0.556718,0.381939,33,0.0138889,0.00138889,b1,b7,+ the detector walk (not shipped)
56,0.711111,0.559197,0.389674,33.9999,0.0138889,0.00138889,b1,b7,+ the detector walk (not shipped)
57,0.716667,0.562301,0.39286,34,0.0152778,0.00138889,b1,b7,+ the detector walk (not shipped)
58,0.723611,0.563453,0.394426,34,0.0125,0.00138889,b1,b7,+ the detector walk (not shipped)
59,0.723611,0.564557,0.396075,34,0.0125,0.00138889,b1,b7,+ the detector walk (not shipped)
60,0.726389,0.564751,0.399571,34,0.0166667,0.00138889,b1,b7,+ the detector walk (not shipped)
61,0.730556,0.569035,0.400635,34,0.0208333,0.00138889,b1,b7,+ the detector walk (not shipped)
62,0.734722,0.570505,0.400421,34,0.0208333,0.00138889,b1,b7,+ the detector walk (not shipped)
63,0.740278,0.568402,0.40334,34.0015,0.0222222,0.00138889,b1,b7,+ the detector walk (not shipped)
64,0.744444,0.56849,0.403231,34,0.025,0.00138889,b1,b7,+ the detector walk (not shipped)
65,0.745833,0.569941,0.40304,34,0.0236111,0.00138889,b1,b7,+ the detector walk (not shipped)
66,0.752778,0.579857,0.400496,34,0.0222222,0.00138889,b1,b7,+ the detector walk (not shipped)
67,0.759722,0.582864,0.402739,34,0.0194444,0.00138889,b1,b7,+ the detector walk (not shipped)
68,0.761111,0.58545,0.400216,33.9989,0.0208333,0.00138889,b1,b7,+ the detector walk (not shipped)
69,0.761111,0.585983,0.395184,32.5,0.0194444,0.00138889,b1,b7,+ the detector walk (not shipped)
70,0.769444,0.590074,0.395166,32,0.0236111,0.00138889,b1,b7,+ the detector walk (not shipped)
71,0.772222,0.591536,0.398404,33,0.0236111,0.00138889,b1,b7,+ the detector walk (not shipped)
72,0.777778,0.592145,0.398941,33,0.0236111,0.00138889,b1,b7,+ the detector walk (not shipped)
73,0.784722,0.588251,0.406585,33,0.0236111,0.00138889,b1,b7,+ the detector walk (not shipped)
74,0.7875,0.587392,0.416178,35,0.0305556,0.00138889,b1,b7,+ the detector walk (not shipped)
75,0.793056,0.583643,0.423283,36,0.0236111,0.00138889,b1,b7,+ the detector walk (not shipped)
76,0.794444,0.581986,0.429018,36.0024,0.0222222,0.00138889,b1,b7,+ the detector walk (not shipped)
77,0.798611,0.579273,0.436224,37,0.0263889,0.00138889,b1,b7,+ the detector walk (not shipped)
78,0.804167,0.578586,0.442315,38,0.0277778,0.00138889,b1,b7,+ the detector walk (not shipped)
79,0.808333,0.579588,0.443468,37,0.0305556,0.00138889,b1,b7,+ the detector walk (not shipped)
80,0.809722,0.577783,0.447713,38,0.0291667,0.00138889,b1,b7,+ the detector walk (not shipped)
81,0.8125,0.576323,0.449333,38,0.0263889,0.00138889,b1,b7,+ the detector walk (not shipped)
82,0.813889,0.578119,0.447114,38,0.0222222,0.00138889,b1,b7,+ the detector walk (not shipped)
83,0.815278,0.579472,0.446667,37,0.0263889,0.00138889,b1,b7,+ the detector walk (not shipped)
84,0.816667,0.581927,0.445215,38,0.0291667,0.00138889,b1,b7,+ the detector walk (not shipped)
85,0.820833,0.581461,0.447505,38,0.0305556,0.00138889,b1,b7,+ the detector walk (not shipped)
86,0.829167,0.585708,0.445437,37,0.0277778,0.00138889,b1,b7,+ the detector walk (not shipped)
87,0.830556,0.58754,0.446152,37,0.0277778,0.00138889,b1,b7,+ the detector walk (not shipped)
88,0.830556,0.589755,0.444718,37,0.025,0.00138889,b1,b7,+ the detector walk (not shipped)
89,0.838889,0.59145,0.446453,38,0.0263889,0.00138889,b1,b7,+ the detector walk (not shipped)
90,0.841667,0.591801,0.447969,38,0.0208333,0.00138889,b1,b7,+ the detector walk (not shipped)
91,0.841667,0.587464,0.453629,38,0.0263889,0.00138889,b1,b7,+ the detector walk (not shipped)
92,0.843056,0.589907,0.455717,38,0.0263889,0.00138889,b1,b7,+ the detector walk (not shipped)
93,0.848611,0.590567,0.458014,38,0.0347222,0.00138889,b1,b7,+ the detector walk (not shipped)
94,0.85,0.589623,0.45868,38,0.0277778,0.00138889,b1,b7,+ the detector walk (not shipped)
95,0.852778,0.589186,0.461161,38,0.0291667,0.00138889,b1,b7,+ the detector walk (not shipped)
96,0.855556,0.589073,0.463957,38.4995,0.0277778,0.00138889,b1,b7,+ the detector walk (not shipped)
97,0.858333,0.588368,0.464752,39,0.0222222,0.00138889,b1,b7,+ the detector walk (not shipped)
98,0.861111,0.586879,0.46691,39,0.0263889,0.00138889,b1,b7,+ the detector walk (not shipped)
99,0.866667,0.587211,0.469352,40,0.0222222,0.00138889,b1,b7,+ the detector walk (not shipped)
100,0.866667,0.587616,0.468542,39,0.0208333,0.00138889,b1,b7,+ the detector walk (not shipped)
101,0.870833,0.584663,0.473367,40.9981,0.0222222,0.00138889,b1,b7,+ the detector walk (not shipped)
102,0.876389,0.584022,0.477952,41,0.0319444,0.00138889,b1,b7,+ the detector walk (not shipped)
103,0.876389,0.584909,0.479158,41,0.0319444,0.00138889,b1,b7,+ the detector walk (not shipped)
104,0.880556,0.586056,0.480601,41,0.0291667,0.00138889,b1,b7,+ the detector walk (not shipped)
105,0.884722,0.587181,0.482741,41,0.0291667,0.00138889,b1,b7,+ the detector walk (not shipped)
106,0.890278,0.585081,0.4868,42,0.0347222,0.00138889,b1,b7,+ the detector walk (not shipped)
107,0.893056,0.58481,0.488473,42,0.0291667,0.00138889,b1,b7,+ the detector walk (not shipped)
108,0.894444,0.587895,0.490354,42,0.0333333,0.00138889,b1,b7,+ the detector walk (not shipped)
109,0.897222,0.586993,0.492669,42,0.0291667,0.00138889,b1,b7,+ the detector walk (not shipped)
110,0.897222,0.58561,0.494075,42,0.0305556,0.00138889,b1,b7,+ the detector walk (not shipped)
111,0.898611,0.583644,0.496378,43,0.0291667,0.00138889,b1,b7,+ the detector walk (not shipped)
112,0.901389,0.585413,0.495847,43,0.025,0.00138889,b1,b7,+ the detector walk (not shipped)
113,0.904167,0.583574,0.498547,43,0.0305556,0.00138889,b1,b7,+ the detector walk (not shipped)
114,0.905556,0.581116,0.501474,44,0.0319444,0.00138889,b1,b7,+ the detector walk (not shipped)
115,0.905556,0.576057,0.50627,44,0.0375,0.00138889,b1,b7,+ the detector walk (not shipped)
116,0.905556,0.57193,0.509865,44,0.0347222,0.00138889,b1,b7,+ the detector walk (not shipped)
117,0.906944,0.570096,0.511581,44.0023,0.0361111,0.00138889,b1,b7,+ the detector walk (not shipped)
118,0.911111,0.56864,0.515911,46,0.0333333,0.00138889,b1,b7,+ the detector walk (not shipped)
119,0.9125,0.571453,0.518096,46,0.0319444,0.00138889,b1,b7,+ the detector walk (not shipped)
120,0.916667,0.57041,0.521759,46,0.0402778,0.00138889,b1,b7,+ the detector walk (not shipped)
121,0.918056,0.569846,0.521233,46,0.0361111,0.00138889,b1,b7,+ the detector walk (not shipped)
122,0.918056,0.566776,0.523124,46,0.0347222,0.00138889,b1,b7,+ the detector walk (not shipped)
123,0.918056,0.566107,0.523737,46,0.0319444,0.00138889,b1,b7,+ the detector walk (not shipped)
124,0.919444,0.565755,0.526142,46,0.0402778,0.00138889,b1,b7,+ the detector walk (not shipped)
125,0.919444,0.568712,0.527265,46,0.0416667,0.00138889,b1,b7,+ the detector walk (not shipped)
126,0.920833,0.565045,0.529978,46,0.0444444,0.00138889,b1,b7,+ the detector walk (not shipped)
127,0.920833,0.562011,0.533163,47,0.0430556,0.00138889,b1,b7,+ the detector walk (not shipped)
128,0.920833,0.562065,0.531665,47,0.0375,0.00138889,b1,b7,+ the detector walk (not shipped)
129,0.922222,0.563688,0.533252,47,0.0402778,0.00138889,b1,b7,+ the detector walk (not shipped)
130,0.922222,0.561876,0.534425,47,0.0402778,0.00138889,b1,b7,+ the detector walk (not shipped)
131,0.922222,0.562603,0.533616,46.5,0.0416667,0.00138889,b1,b7,+ the detector walk (not shipped)
132,0.923611,0.564467,0.531536,46,0.0416667,0.00138889,b1,b7,+ the detector walk (not shipped)
133,0.923611,0.5618,0.534626,46.5,0.0430556,0.00138889,b1,b7,+ the detector walk (not shipped)
134,0.923611,0.562351,0.535307,47,0.0402778,0.00138889,b1,b7,+ the detector walk (not shipped)
135,0.925,0.561336,0.539274,47,0.0444444,0.00138889,b1,b7,+ the detector walk (not shipped)
136,0.927778,0.558975,0.53944,47,0.0402778,0.00138889,b1,b7,+ the detector walk (not shipped)
137,0.927778,0.558267,0.539311,47,0.0416667,0.00138889,b1,b7,+ the detector walk (not shipped)
138,0.927778,0.554444,0.543146,48,0.0444444,0.00138889,b1,b7,+ the detector walk (not shipped)
139,0.927778,0.553244,0.545876,48,0.0458333,0.00138889,b1,b7,+ the detector walk (not shipped)
140,0.927778,0.551391,0.547897,48,0.0402778,0.00138889,b1,b7,+ the detector walk (not shipped)
141,0.929167,0.551904,0.547977,49,0.0319444,0.00138889,b1,b7,+ the detector walk (not shipped)
142,0.929167,0.546489,0.552437,49,0.0430556,0.00138889,b1,b7,+ the detector walk (not shipped)
143,0.929167,0.546994,0.552296,49,0.0375,0.00138889,b1,b7,+ the detector walk (not shipped)
144,0.930556,0.548592,0.554634,49,0.0416667,0.00138889,b1,b7,+ the detector walk (not shipped)
145,0.931944,0.550903,0.553863,49,0.0486111,0.00138889,b1,b7,+ the detector walk (not shipped)
146,0.931944,0.554659,0.553536,48,0.0541667,0.00138889,b1,b7,+ the detector walk (not shipped)
147,0.931944,0.557706,0.550046,47,0.05,0.00138889,b1,b7,+ the detector walk (not shipped)
148,0.931944,0.557159,0.549994,48,0.0486111,0.00138889,b1,b7,+ the detector walk (not shipped)
149,0.934722,0.557734,0.548838,48,0.0416667,0.00138889,b1,b7,+ the detector walk (not shipped)
150,0.934722,0.558894,0.547886,47,0.0388889,0.00138889,b1,b7,+ the detector walk (not shipped)
0,0,0.0116283,0.911761,4254,1,0,b4,b1,cross-calibration
1,0,0.0116283,0.911761,4254,1,0,b4,b1,cross-calibration
2,0,0.0116283,0.911761,4254,1,0,b4,b1,cross-calibration
3,0,0.0116283,0.911761,4254,1,0,b4,b1,cross-calibration
4,0,0.0116283,0.911761,4254,1,0,b4,b1,cross-calibration
5,0,0.0116283,0.911761,4254,1,0,b4,b1,cross-calibration
6,0,0.0116283,0.911761,4254,1,0,b4,b1,cross-calibration
7,0,0.0116283,0.911761,4254,1,0,b4,b1,cross-calibration
8,0,0.0116283,0.911761,4254,1,0,b4,b1,cross-calibration
9,0,0.0116283,0.911761,4254,1,0,b4,b1,cross-calibration
10,0,0.0116283,0.911761,4254,1,0,b4,b1,cross-calibration
11,0,0.0116283,0.911761,4254,1,0,b4,b1,cross-calibration
12,0,0.0116283,0.911761,4254,1,0,b4,b1,cross-calibration
13,0,0.0116283,0.911761,4254,1,0,b4,b1,cross-calibration
14,0,0.0116283,0.911761,4254,1,0,b4,b1,cross-calibration
15,0,0.0116283,0.911761,4254,1,0,b4,b1,cross-calibration
16,0,0.0116283,0.911761,4254,1,0,b4,b1,cross-calibration
17,0,0.0116283,0.911761,4254,1,0,b4,b1,cross-calibration
18,0,0.0116283,0.911761,4254,1,0,b4,b1,cross-calibration
19,0,0.0116283,0.911761,4254,1,0,b4,b1,cross-calibration
20,0,0.0116283,0.911761,4254,1,0,b4,b1,cross-calibration
21,0,0.0116283,0.911761,4254,1,0,b4,b1,cross-calibration
22,0,0.0116283,0.911761,4254,1,0,b4,b1,cross-calibration
23,0.00138889,0.0117228,0.91059,4254,0.998611,0,b4,b1,cross-calibration
24,0.277778,0.20767,0.824696,4031,0.747222,0,b4,b1,cross-calibration
25,0.365278,0.252501,0.809075,3813,0.675,0,b4,b1,cross-calibration
26,0.394444,0.276336,0.804481,3784,0.640278,0,b4,b1,cross-calibration
27,0.416667,0.292104,0.797979,3737,0.626389,0,b4,b1,cross-calibration
28,0.434722,0.304715,0.792373,3687,0.593056,0,b4,b1,cross-calibration
29,0.455556,0.333508,0.779385,3134.5,0.569444,0,b4,b1,cross-calibration
30,0.469444,0.36371,0.762441,2916,0.541667,0,b4,b1,cross-calibration
31,0.477778,0.377395,0.750978,2747.5,0.533333,0,b4,b1,cross-calibration
32,0.483333,0.381754,0.750889,2584,0.536111,0,b4,b1,cross-calibration
33,0.488889,0.392341,0.743349,2203,0.523611,0,b4,b1,cross-calibration
34,0.498611,0.406067,0.731728,2042,0.522222,0,b4,b1,cross-calibration
35,0.506944,0.408965,0.729928,1059,0.516667,0,b4,b1,cross-calibration
36,0.518056,0.410993,0.734109,332.5,0.505556,0,b4,b1,cross-calibration
37,0.526389,0.410213,0.738655,206.5,0.501389,0,b4,b1,cross-calibration
38,0.534722,0.411589,0.740039,148,0.488889,0,b4,b1,cross-calibration
39,0.545833,0.406745,0.744241,175.5,0.495833,0,b4,b1,cross-calibration
40,0.558333,0.412982,0.740636,137.5,0.4875,0,b4,b1,cross-calibration
41,0.563889,0.416829,0.739841,125.5,0.477778,0,b4,b1,cross-calibration
42,0.570833,0.428178,0.734774,101.5,0.475,0,b4,b1,cross-calibration
43,0.580556,0.424971,0.737689,108.5,0.472222,0,b4,b1,cross-calibration
44,0.590278,0.427492,0.73425,96.5,0.472222,0,b4,b1,cross-calibration
45,0.601389,0.430526,0.73119,94,0.466667,0.00138889,b4,b1,cross-calibration
46,0.605556,0.435158,0.732866,95.5,0.454167,0,b4,b1,cross-calibration
47,0.619444,0.437256,0.728261,98.5,0.447222,0,b4,b1,cross-calibration
48,0.622222,0.433207,0.734273,97.5,0.45,0,b4,b1,cross-calibration
49,0.627778,0.430397,0.736195,99.5,0.452778,0,b4,b1,cross-calibration
50,0.627778,0.435742,0.731684,91,0.440278,0,b4,b1,cross-calibration
51,0.630556,0.432737,0.734475,87,0.436111,0,b4,b1,cross-calibration
52,0.634722,0.43724,0.730265,81,0.434722,0,b4,b1,cross-calibration
53,0.648611,0.441826,0.724572,80.5,0.429167,0,b4,b1,cross-calibration
54,0.655556,0.442135,0.724661,75,0.436111,0,b4,b1,cross-calibration
55,0.663889,0.451499,0.716859,73,0.420833,0.00138889,b4,b1,cross-calibration
56,0.672222,0.46488,0.709659,62,0.422222,0,b4,b1,cross-calibration
57,0.677778,0.469706,0.705613,62,0.419444,0,b4,b1,cross-calibration
58,0.684722,0.466004,0.707127,64.5,0.411111,0,b4,b1,cross-calibration
59,0.7,0.469468,0.702218,59.5,0.411111,0,b4,b1,cross-calibration
60,0.708333,0.470996,0.699318,61,0.405556,0,b4,b1,cross-calibration
61,0.7125,0.475284,0.697003,58,0.397222,0,b4,b1,cross-calibration
62,0.722222,0.472757,0.694915,60,0.395833,0,b4,b1,cross-calibration
63,0.726389,0.461062,0.703401,68,0.401389,0,b4,b1,cross-calibration
64,0.731944,0.461211,0.703805,69,0.384722,0,b4,b1,cross-calibration
65,0.738889,0.464261,0.700641,64,0.383333,0,b4,b1,cross-calibration
66,0.747222,0.470346,0.699211,62,0.379167,0,b4,b1,cross-calibration
67,0.754167,0.465418,0.701492,66,0.376389,0,b4,b1,cross-calibration
68,0.756944,0.470545,0.696722,63,0.373611,0,b4,b1,cross-calibration
69,0.759722,0.46968,0.696922,60.5,0.369444,0,b4,b1,cross-calibration
70,0.766667,0.471149,0.692074,62,0.359722,0,b4,b1,cross-calibration
71,0.770833,0.471906,0.693761,61,0.355556,0,b4,b1,cross-calibration
72,0.776389,0.471875,0.694369,61,0.369444,0,b4,b1,cross-calibration
73,0.780556,0.465466,0.696379,63,0.354167,0,b4,b1,cross-calibration
74,0.783333,0.461484,0.698736,70,0.359722,0,b4,b1,cross-calibration
75,0.790278,0.458334,0.70613,69,0.363889,0,b4,b1,cross-calibration
76,0.793056,0.452359,0.70827,72,0.358333,0,b4,b1,cross-calibration
77,0.801389,0.4466,0.707332,75,0.345833,0,b4,b1,cross-calibration
78,0.809722,0.44592,0.708344,77,0.359722,0,b4,b1,cross-calibration
79,0.818056,0.448674,0.702588,74,0.35,0,b4,b1,cross-calibration
80,0.820833,0.455708,0.700131,72,0.347222,0,b4,b1,cross-calibration
81,0.826389,0.450783,0.705791,76,0.352778,0,b4,b1,cross-calibration
82,0.831944,0.447213,0.704279,77,0.352778,0,b4,b1,cross-calibration
83,0.8375,0.450413,0.703801,74,0.355556,0,b4,b1,cross-calibration
84,0.841667,0.450074,0.704597,72,0.35,0,b4,b1,cross-calibration
85,0.844444,0.454462,0.703772,75,0.348611,0,b4,b1,cross-calibration
86,0.844444,0.450607,0.701045,73.5,0.35,0,b4,b1,cross-calibration
87,0.85,0.451002,0.701652,75,0.35,0,b4,b1,cross-calibration
88,0.858333,0.457026,0.694326,72,0.343056,0,b4,b1,cross-calibration
89,0.8625,0.455755,0.698718,72,0.348611,0,b4,b1,cross-calibration
90,0.866667,0.457141,0.692294,73.5,0.340278,0,b4,b1,cross-calibration
91,0.870833,0.455239,0.694878,75.5,0.333333,0,b4,b1,cross-calibration
92,0.870833,0.46075,0.692528,72,0.343056,0,b4,b1,cross-calibration
93,0.872222,0.460776,0.693293,72.5,0.333333,0,b4,b1,cross-calibration
94,0.876389,0.460357,0.692203,72.5,0.336111,0,b4,b1,cross-calibration
95,0.880556,0.465184,0.688848,73,0.322222,0,b4,b1,cross-calibration
96,0.884722,0.465661,0.684163,70,0.306944,0,b4,b1,cross-calibration
97,0.886111,0.471595,0.683509,67,0.309722,0,b4,b1,cross-calibration
98,0.890278,0.466936,0.685514,71,0.306944,0,b4,b1,cross-calibration
99,0.893056,0.469257,0.682616,67,0.316667,0.00138889,b4,b1,cross-calibration
100,0.894444,0.47325,0.682125,65,0.323611,0,b4,b1,cross-calibration
101,0.894444,0.474986,0.683578,65,0.327778,0.00138889,b4,b1,cross-calibration
102,0.894444,0.477296,0.681802,65.5,0.327778,0.00138889,b4,b1,cross-calibration
103,0.894444,0.481054,0.680066,63,0.322222,0,b4,b1,cross-calibration
104,0.897222,0.479895,0.678949,64,0.318056,0,b4,b1,cross-calibration
105,0.9,0.482122,0.677189,64.5,0.308333,0,b4,b1,cross-calibration
106,0.901389,0.479528,0.680168,66,0.320833,0,b4,b1,cross-calibration
107,0.905556,0.479006,0.678083,65,0.304167,0,b4,b1,cross-calibration
108,0.906944,0.481986,0.673894,65.5,0.293056,0,b4,b1,cross-calibration
109,0.909722,0.480582,0.678273,66.5,0.301389,0,b4,b1,cross-calibration
110,0.909722,0.478461,0.676694,66,0.283333,0,b4,b1,cross-calibration
111,0.9125,0.475336,0.682638,69,0.302778,0,b4,b1,cross-calibration
112,0.9125,0.474589,0.683561,68.5,0.309722,0,b4,b1,cross-calibration
113,0.918056,0.476271,0.680726,69,0.305556,0,b4,b1,cross-calibration
114,0.919444,0.470931,0.679306,66,0.3,0,b4,b1,cross-calibration
115,0.920833,0.46965,0.684035,70,0.3125,0,b4,b1,cross-calibration
116,0.920833,0.469712,0.683786,69.5,0.306944,0,b4,b1,cross-calibration
117,0.922222,0.472033,0.683905,72,0.309722,0,b4,b1,cross-calibration
118,0.925,0.473251,0.682601,68,0.295833,0,b4,b1,cross-calibration
119,0.925,0.47256,0.679993,67,0.302778,0,b4,b1,cross-calibration
120,0.925,0.470029,0.684992,65,0.305556,0,b4,b1,cross-calibration
121,0.926389,0.46679,0.687778,67,0.305556,0,b4,b1,cross-calibration
122,0.926389,0.469206,0.686823,69,0.291667,0,b4,b1,cross-calibration
123,0.926389,0.463405,0.688769,70,0.302778,0,b4,b1,cross-calibration
124,0.926389,0.465333,0.692567,70.5,0.305556,0,b4,b1,cross-calibration
125,0.926389,0.468477,0.688481,70,0.301389,0,b4,b1,cross-calibration
126,0.926389,0.468906,0.688085,70,0.297222,0,b4,b1,cross-calibration
127,0.926389,0.466304,0.691344,72,0.301389,0,b4,b1,cross-calibration
128,0.927778,0.470545,0.688659,69,0.295833,0,b4,b1,cross-calibration
129,0.929167,0.467781,0.690609,70,0.3,0,b4,b1,cross-calibration
130,0.929167,0.470391,0.686922,69,0.3,0,b4,b1,cross-calibration
131,0.929167,0.468638,0.685906,69,0.293056,0,b4,b1,cross-calibration
132,0.930556,0.472458,0.686956,67.5,0.290278,0,b4,b1,cross-calibration
133,0.931944,0.471137,0.683937,67.5,0.288889,0,b4,b1,cross-calibration
134,0.933333,0.467231,0.685903,69,0.295833,0,b4,b1,cross-calibration
135,0.9375,0.46749,0.685477,68,0.293056,0,b4,b1,cross-calibration
136,0.940278,0.461454,0.68689,71,0.286111,0,b4,b1,cross-calibration
137,0.943056,0.463398,0.684021,70.5,0.273611,0,b4,b1,cross-calibration
138,0.943056,0.463375,0.685602,70,0.2875,0,b4,b1,cross-calibration
139,0.943056,0.460738,0.687629,71,0.288889,0,b4,b1,cross-calibration
140,0.943056,0.45963,0.686077,72,0.290278,0,b4,b1,cross-calibration
141,0.943056,0.460751,0.684183,72,0.293056,0,b4,b1,cross-calibration
142,0.943056,0.452762,0.695651,75,0.293056,0,b4,b1,cross-calibration
143,0.943056,0.4555,0.698567,74,0.291667,0,b4,b1,cross-calibration
144,0.944444,0.457727,0.69748,72,0.290278,0,b4,b1,cross-calibration
145,0.947222,0.459228,0.695289,72,0.281944,0,b4,b1,cross-calibration
146,0.951389,0.461198,0.688431,72,0.276389,0,b4,b1,cross-calibration
147,0.951389,0.460361,0.690561,72,0.281944,0,b4,b1,cross-calibration
148,0.951389,0.457413,0.689466,72,0.284722,0,b4,b1,cross-calibration
149,0.951389,0.462676,0.688048,69,0.276389,0,b4,b1,cross-calibration
150,0.951389,0.461196,0.69024,73,0.284722,0,b4,b1,cross-calibration
0,0,0.0116283,0.911761,4254,1,0,b4,b2,the labels line at the preset
1,0,0.0116283,0.911761,4254,1,0,b4,b2,the labels line at the preset
2,0,0.0116283,0.911761,4254,1,0,b4,b2,the labels line at the preset
3,0,0.0116283,0.911761,4254,1,0,b4,b2,the labels line at the preset
4,0,0.0116283,0.911761,4254,1,0,b4,b2,the labels line at the preset
5,0,0.0116283,0.911761,4254,1,0,b4,b2,the labels line at the preset
6,0,0.0116283,0.911761,4254,1,0,b4,b2,the labels line at the preset
7,0,0.0116283,0.911761,4254,1,0,b4,b2,the labels line at the preset
8,0,0.0116283,0.911761,4254,1,0,b4,b2,the labels line at the preset
9,0,0.0116283,0.911761,4254,1,0,b4,b2,the labels line at the preset
10,0,0.0116283,0.911761,4254,1,0,b4,b2,the labels line at the preset
11,0,0.0116283,0.911761,4254,1,0,b4,b2,the labels line at the preset
12,0,0.0116283,0.911761,4254,1,0,b4,b2,the labels line at the preset
13,0,0.0116283,0.911761,4254,1,0,b4,b2,the labels line at the preset
14,0,0.0116283,0.911761,4254,1,0,b4,b2,the labels line at the preset
15,0,0.0116283,0.911761,4254,1,0,b4,b2,the labels line at the preset
16,0,0.0116283,0.911761,4254,1,0,b4,b2,the labels line at the preset
17,0,0.0116283,0.911761,4254,1,0,b4,b2,the labels line at the preset
18,0,0.0116283,0.911761,4254,1,0,b4,b2,the labels line at the preset
19,0,0.0116283,0.911761,4254,1,0,b4,b2,the labels line at the preset
20,0,0.0116283,0.911761,4254,1,0,b4,b2,the labels line at the preset
21,0,0.0116283,0.911761,4254,1,0,b4,b2,the labels line at the preset
22,0,0.0116283,0.911761,4254,1,0,b4,b2,the labels line at the preset
23,0.00138889,0.0116046,0.910481,4254,0.998611,0,b4,b2,the labels line at the preset
24,0.277778,0.16935,0.840659,4031,0.758333,0,b4,b2,the labels line at the preset
25,0.365278,0.214825,0.819632,3813,0.680556,0,b4,b2,the labels line at the preset
26,0.394444,0.224167,0.817623,3787.5,0.659722,0,b4,b2,the labels line at the preset
27,0.416667,0.243116,0.809797,3737,0.645833,0,b4,b2,the labels line at the preset
28,0.434722,0.261104,0.804516,3687,0.623611,0,b4,b2,the labels line at the preset
29,0.455556,0.285757,0.793388,3074,0.590278,0,b4,b2,the labels line at the preset
30,0.469444,0.29823,0.789285,2916,0.576389,0,b4,b2,the labels line at the preset
31,0.477778,0.307666,0.790946,2747.5,0.559722,0,b4,b2,the labels line at the preset
32,0.483333,0.312493,0.794746,2695.5,0.548611,0,b4,b2,the labels line at the preset
33,0.488889,0.319999,0.794516,2283.5,0.543056,0,b4,b2,the labels line at the preset
34,0.498611,0.320261,0.800268,2065,0.534722,0,b4,b2,the labels line at the preset
35,0.506944,0.325778,0.794505,677,0.525,0,b4,b2,the labels line at the preset
36,0.518056,0.328047,0.79442,310,0.522222,0,b4,b2,the labels line at the preset
37,0.526389,0.328629,0.796228,309.5,0.526389,0,b4,b2,the labels line at the preset
38,0.534722,0.327279,0.796733,279,0.519444,0,b4,b2,the labels line at the preset
39,0.545833,0.329425,0.797978,270.5,0.522222,0,b4,b2,the labels line at the preset
40,0.558333,0.328375,0.793541,253,0.5125,0,b4,b2,the labels line at the preset
41,0.563889,0.329476,0.793848,214.5,0.506944,0,b4,b2,the labels line at the preset
42,0.570833,0.32878,0.792266,208,0.502778,0,b4,b2,the labels line at the preset
43,0.580556,0.333232,0.790553,198.5,0.5,0,b4,b2,the labels line at the preset
44,0.590278,0.333047,0.78842,190.5,0.494444,0,b4,b2,the labels line at the preset
45,0.601389,0.335238,0.78291,175,0.4875,0,b4,b2,the labels line at the preset
46,0.605556,0.328314,0.784436,175.5,0.480556,0,b4,b2,the labels line at the preset
47,0.619444,0.325068,0.784371,169,0.486111,0,b4,b2,the labels line at the preset
48,0.622222,0.325409,0.782994,163.5,0.476389,0,b4,b2,the labels line at the preset
49,0.627778,0.322858,0.782696,168,0.484722,0,b4,b2,the labels line at the preset
50,0.627778,0.320856,0.783275,171,0.483333,0,b4,b2,the labels line at the preset
51,0.630556,0.316468,0.785379,180,0.481944,0,b4,b2,the labels line at the preset
52,0.634722,0.311471,0.787152,180.5,0.483333,0,b4,b2,the labels line at the preset
53,0.648611,0.315398,0.783924,168.5,0.480556,0,b4,b2,the labels line at the preset
54,0.655556,0.318025,0.781241,173.5,0.477778,0,b4,b2,the labels line at the preset
55,0.663889,0.318,0.778957,163,0.473611,0,b4,b2,the labels line at the preset
56,0.672222,0.320219,0.774402,161,0.466667,0,b4,b2,the labels line at the preset
57,0.677778,0.322001,0.772557,162,0.465278,0,b4,b2,the labels line at the preset
58,0.684722,0.323993,0.776262,168.5,0.470833,0,b4,b2,the labels line at the preset
59,0.7,0.323325,0.773782,156,0.468056,0,b4,b2,the labels line at the preset
60,0.708333,0.324771,0.770327,151.5,0.45,0,b4,b2,the labels line at the preset
61,0.7125,0.324989,0.775675,153,0.452778,0,b4,b2,the labels line at the preset
62,0.722222,0.326833,0.779326,152,0.465278,0,b4,b2,the labels line at the preset
63,0.726389,0.329547,0.774247,141,0.459722,0,b4,b2,the labels line at the preset
64,0.731944,0.329188,0.775174,152,0.456944,0,b4,b2,the labels line at the preset
65,0.738889,0.334728,0.775898,144.5,0.452778,0,b4,b2,the labels line at the preset
66,0.747222,0.333028,0.77225,135.5,0.452778,0,b4,b2,the labels line at the preset
67,0.754167,0.335599,0.773236,136,0.444444,0,b4,b2,the labels line at the preset
68,0.756944,0.334091,0.776621,142,0.445833,0,b4,b2,the labels line at the preset
69,0.759722,0.338502,0.773959,137,0.443056,0,b4,b2,the labels line at the preset
70,0.766667,0.340763,0.77202,128.5,0.440278,0,b4,b2,the labels line at the preset
71,0.770833,0.342067,0.771738,138.5,0.441667,0,b4,b2,the labels line at the preset
72,0.776389,0.343849,0.767168,127,0.431944,0,b4,b2,the labels line at the preset
73,0.780556,0.345166,0.766625,125,0.427778,0,b4,b2,the labels line at the preset
74,0.783333,0.341751,0.767784,128.5,0.438889,0,b4,b2,the labels line at the preset
75,0.790278,0.332829,0.772146,133,0.427778,0,b4,b2,the labels line at the preset
76,0.793056,0.33067,0.775978,143.5,0.429167,0,b4,b2,the labels line at the preset
77,0.801389,0.327578,0.778276,147.5,0.445833,0,b4,b2,the labels line at the preset
78,0.809722,0.324603,0.778781,153,0.447222,0,b4,b2,the labels line at the preset
79,0.818056,0.326487,0.779902,152.5,0.458333,0,b4,b2,the labels line at the preset
80,0.820833,0.32656,0.7824,155,0.458333,0,b4,b2,the labels line at the preset
81,0.826389,0.328558,0.773443,153,0.451389,0,b4,b2,the labels line at the preset
82,0.831944,0.328902,0.776898,144.5,0.448611,0,b4,b2,the labels line at the preset
83,0.8375,0.33048,0.773547,144,0.438889,0,b4,b2,the labels line at the preset
84,0.841667,0.329893,0.776264,144.5,0.445833,0,b4,b2,the labels line at the preset
85,0.844444,0.330776,0.779048,146.5,0.445833,0,b4,b2,the labels line at the preset
86,0.844444,0.329337,0.781294,155.5,0.447222,0,b4,b2,the labels line at the preset
87,0.85,0.332684,0.778241,146.5,0.447222,0,b4,b2,the labels line at the preset
88,0.858333,0.331713,0.777833,150,0.441667,0,b4,b2,the labels line at the preset
89,0.8625,0.332929,0.777815,148,0.447222,0,b4,b2,the labels line at the preset
90,0.866667,0.332335,0.774847,145,0.4375,0,b4,b2,the labels line at the preset
91,0.870833,0.333328,0.774245,139,0.4375,0,b4,b2,the labels line at the preset
92,0.870833,0.333062,0.777693,149.5,0.441667,0,b4,b2,the labels line at the preset
93,0.872222,0.336177,0.774313,153,0.447222,0,b4,b2,the labels line at the preset
94,0.876389,0.341805,0.76565,140,0.431944,0,b4,b2,the labels line at the preset
95,0.880556,0.344034,0.767152,138,0.430556,0,b4,b2,the labels line at the preset
96,0.884722,0.349486,0.767174,134,0.430556,0,b4,b2,the labels line at the preset
97,0.886111,0.34772,0.766905,132,0.422222,0,b4,b2,the labels line at the preset
98,0.890278,0.349911,0.767182,130.5,0.429167,0,b4,b2,the labels line at the preset
99,0.893056,0.349487,0.771542,136,0.434722,0,b4,b2,the labels line at the preset
100,0.894444,0.352554,0.778637,135,0.441667,0,b4,b2,the labels line at the preset
101,0.894444,0.353257,0.777384,137.5,0.440278,0,b4,b2,the labels line at the preset
102,0.894444,0.354671,0.774105,128,0.4375,0,b4,b2,the labels line at the preset
103,0.894444,0.354901,0.775669,139,0.443056,0,b4,b2,the labels line at the preset
104,0.897222,0.353943,0.771612,124.5,0.430556,0,b4,b2,the labels line at the preset
105,0.9,0.352651,0.77885,141.5,0.445833,0,b4,b2,the labels line at the preset
106,0.901389,0.354005,0.775265,131,0.434722,0,b4,b2,the labels line at the preset
107,0.905556,0.353507,0.772832,134,0.431944,0,b4,b2,the labels line at the preset
108,0.906944,0.354365,0.773525,131,0.425,0,b4,b2,the labels line at the preset
109,0.909722,0.352634,0.774425,132.5,0.422222,0,b4,b2,the labels line at the preset
110,0.909722,0.353762,0.776984,134.5,0.429167,0,b4,b2,the labels line at the preset
111,0.9125,0.352668,0.776708,137,0.430556,0,b4,b2,the labels line at the preset
112,0.9125,0.354833,0.777521,137,0.433333,0,b4,b2,the labels line at the preset
113,0.918056,0.35114,0.779098,139.5,0.443056,0,b4,b2,the labels line at the preset
114,0.919444,0.350454,0.778043,140,0.436111,0,b4,b2,the labels line at the preset
115,0.920833,0.344066,0.780497,148.5,0.438889,0,b4,b2,the labels line at the preset
116,0.920833,0.34268,0.77844,141,0.441667,0,b4,b2,the labels line at the preset
117,0.922222,0.341296,0.781339,142,0.444444,0,b4,b2,the labels line at the preset
118,0.925,0.344943,0.777038,139.5,0.4375,0,b4,b2,the labels line at the preset
119,0.925,0.346955,0.778662,141.5,0.4375,0,b4,b2,the labels line at the preset
120,0.925,0.344739,0.779414,144,0.440278,0,b4,b2,the labels line at the preset
121,0.926389,0.340399,0.787464,144,0.438889,0,b4,b2,the labels line at the preset
122,0.926389,0.341371,0.780051,136.5,0.438889,0,b4,b2,the labels line at the preset
123,0.926389,0.345125,0.775418,135,0.440278,0,b4,b2,the labels line at the preset
124,0.926389,0.3465,0.778698,140,0.448611,0,b4,b2,the labels line at the preset
125,0.926389,0.346595,0.782926,142.5,0.451389,0,b4,b2,the labels line at the preset
126,0.926389,0.343918,0.780372,143,0.451389,0,b4,b2,the labels line at the preset
127,0.926389,0.34267,0.786565,151,0.448611,0,b4,b2,the labels line at the preset
128,0.927778,0.34124,0.785772,156,0.456944,0,b4,b2,the labels line at the preset
129,0.929167,0.340794,0.78597,161,0.455556,0,b4,b2,the labels line at the preset
130,0.929167,0.342461,0.788104,158,0.469444,0,b4,b2,the labels line at the preset
131,0.929167,0.346107,0.785919,158,0.463889,0,b4,b2,the labels line at the preset
132,0.930556,0.350106,0.784611,146,0.448611,0,b4,b2,the labels line at the preset
133,0.931944,0.352319,0.785362,145.5,0.45,0,b4,b2,the labels line at the preset
134,0.933333,0.35137,0.782363,145.5,0.447222,0,b4,b2,the labels line at the preset
135,0.9375,0.351507,0.785384,138,0.448611,0,b4,b2,the labels line at the preset
136,0.940278,0.351827,0.785358,143.5,0.438889,0,b4,b2,the labels line at the preset
137,0.943056,0.3528,0.784556,145,0.444444,0,b4,b2,the labels line at the preset
138,0.943056,0.352339,0.783193,138,0.444444,0,b4,b2,the labels line at the preset
139,0.943056,0.352189,0.786506,143,0.445833,0,b4,b2,the labels line at the preset
140,0.943056,0.349649,0.789787,152.5,0.451389,0,b4,b2,the labels line at the preset
141,0.943056,0.347389,0.786619,162,0.451389,0,b4,b2,the labels line at the preset
142,0.943056,0.342857,0.78891,165,0.455556,0,b4,b2,the labels line at the preset
143,0.943056,0.346407,0.794285,159,0.455556,0,b4,b2,the labels line at the preset
144,0.944444,0.347949,0.792516,150,0.45,0,b4,b2,the labels line at the preset
145,0.947222,0.349741,0.794331,151,0.444444,0,b4,b2,the labels line at the preset
146,0.951389,0.350971,0.795899,153,0.45,0,b4,b2,the labels line at the preset
147,0.951389,0.351813,0.79264,153,0.451389,0,b4,b2,the labels line at the preset
148,0.951389,0.351325,0.792849,152.5,0.445833,0,b4,b2,the labels line at the preset
149,0.951389,0.353062,0.794149,153,0.454167,0,b4,b2,the labels line at the preset
150,0.951389,0.354485,0.788728,147,0.447222,0,b4,b2,the labels line at the preset
0,0,0.0116283,0.911761,4254,1,0,b4,b3,+ the relative spread floor
1,0,0.0116283,0.911761,4254,1,0,b4,b3,+ the relative spread floor
2,0,0.0116283,0.911761,4254,1,0,b4,b3,+ the relative spread floor
3,0,0.0116283,0.911761,4254,1,0,b4,b3,+ the relative spread floor
4,0,0.0116283,0.911761,4254,1,0,b4,b3,+ the relative spread floor
5,0,0.0116283,0.911761,4254,1,0,b4,b3,+ the relative spread floor
6,0,0.0116283,0.911761,4254,1,0,b4,b3,+ the relative spread floor
7,0,0.0116283,0.911761,4254,1,0,b4,b3,+ the relative spread floor
8,0,0.0116283,0.911761,4254,1,0,b4,b3,+ the relative spread floor
9,0,0.0116283,0.911761,4254,1,0,b4,b3,+ the relative spread floor
10,0,0.0116283,0.911761,4254,1,0,b4,b3,+ the relative spread floor
11,0,0.0116283,0.911761,4254,1,0,b4,b3,+ the relative spread floor
12,0,0.0116283,0.911761,4254,1,0,b4,b3,+ the relative spread floor
13,0,0.0116283,0.911761,4254,1,0,b4,b3,+ the relative spread floor
14,0,0.0116283,0.911761,4254,1,0,b4,b3,+ the relative spread floor
15,0,0.0116283,0.911761,4254,1,0,b4,b3,+ the relative spread floor
16,0,0.0116283,0.911761,4254,1,0,b4,b3,+ the relative spread floor
17,0,0.0116283,0.911761,4254,1,0,b4,b3,+ the relative spread floor
18,0,0.0116283,0.911761,4254,1,0,b4,b3,+ the relative spread floor
19,0,0.0116283,0.911761,4254,1,0,b4,b3,+ the relative spread floor
20,0,0.0116283,0.911761,4254,1,0,b4,b3,+ the relative spread floor
21,0,0.0116283,0.911761,4254,1,0,b4,b3,+ the relative spread floor
22,0,0.0116283,0.911761,4254,1,0,b4,b3,+ the relative spread floor
23,0.00138889,0.0116606,0.91078,4254,1,0,b4,b3,+ the relative spread floor
24,0.277778,0.154995,0.854709,4031,0.758333,0,b4,b3,+ the relative spread floor
25,0.365278,0.192645,0.83821,3813,0.686111,0,b4,b3,+ the relative spread floor
26,0.394444,0.203743,0.836136,3789,0.672222,0,b4,b3,+ the relative spread floor
27,0.416667,0.216943,0.831079,3751.5,0.6625,0,b4,b3,+ the relative spread floor
28,0.434722,0.229894,0.829302,3687,0.648611,0,b4,b3,+ the relative spread floor
29,0.455556,0.253583,0.818518,3074,0.622222,0,b4,b3,+ the relative spread floor
30,0.469444,0.273378,0.810147,2935,0.575,0,b4,b3,+ the relative spread floor
31,0.477778,0.282922,0.807857,2747.5,0.563889,0,b4,b3,+ the relative spread floor
32,0.483333,0.285956,0.809033,2695.5,0.566667,0,b4,b3,+ the relative spread floor
33,0.488889,0.300475,0.807294,2416,0.559722,0,b4,b3,+ the relative spread floor
34,0.498611,0.308949,0.806905,2138.49,0.545833,0,b4,b3,+ the relative spread floor
35,0.506944,0.315504,0.80336,1870.5,0.544444,0,b4,b3,+ the relative spread floor
36,0.518056,0.315739,0.804223,506.5,0.544444,0,b4,b3,+ the relative spread floor
37,0.526389,0.317441,0.804911,454.5,0.538889,0,b4,b3,+ the relative spread floor
38,0.534722,0.317729,0.805308,448,0.538889,0,b4,b3,+ the relative spread floor
39,0.545833,0.320035,0.804529,340,0.530556,0,b4,b3,+ the relative spread floor
40,0.558333,0.314857,0.803557,284,0.526389,0,b4,b3,+ the relative spread floor
41,0.563889,0.322064,0.803635,303,0.529167,0,b4,b3,+ the relative spread floor
42,0.570833,0.326101,0.803512,278.5,0.529167,0,b4,b3,+ the relative spread floor
43,0.580556,0.332409,0.797434,260.5,0.515278,0,b4,b3,+ the relative spread floor
44,0.590278,0.332963,0.796995,263.5,0.520833,0,b4,b3,+ the relative spread floor
45,0.601389,0.34436,0.788843,214.5,0.502778,0,b4,b3,+ the relative spread floor
46,0.605556,0.336442,0.790308,208,0.502778,0,b4,b3,+ the relative spread floor
47,0.619444,0.337177,0.790407,197.5,0.498611,0,b4,b3,+ the relative spread floor
48,0.622222,0.341342,0.788157,188,0.497222,0,b4,b3,+ the relative spread floor
49,0.627778,0.34184,0.785793,187.5,0.488889,0,b4,b3,+ the relative spread floor
50,0.627778,0.343652,0.783899,193,0.488889,0,b4,b3,+ the relative spread floor
51,0.630556,0.343381,0.784155,186.5,0.490278,0,b4,b3,+ the relative spread floor
52,0.634722,0.341049,0.789461,182,0.490278,0,b4,b3,+ the relative spread floor
53,0.648611,0.344254,0.788316,176,0.4875,0,b4,b3,+ the relative spread floor
54,0.655556,0.34861,0.783468,168,0.480556,0,b4,b3,+ the relative spread floor
55,0.663889,0.355574,0.77381,154,0.470833,0,b4,b3,+ the relative spread floor
56,0.672222,0.356486,0.772989,147.5,0.466667,0,b4,b3,+ the relative spread floor
57,0.677778,0.357677,0.772014,148,0.468056,0,b4,b3,+ the relative spread floor
58,0.684722,0.362996,0.769115,136,0.456944,0,b4,b3,+ the relative spread floor
59,0.7,0.361229,0.7702,141.5,0.463889,0,b4,b3,+ the relative spread floor
60,0.708333,0.363575,0.767442,143,0.45,0,b4,b3,+ the relative spread floor
61,0.7125,0.367389,0.766824,126,0.448611,0,b4,b3,+ the relative spread floor
62,0.722222,0.364631,0.769281,129,0.45,0,b4,b3,+ the relative spread floor
63,0.726389,0.364792,0.770896,132,0.45,0,b4,b3,+ the relative spread floor
64,0.731944,0.369642,0.766842,123.5,0.441667,0,b4,b3,+ the relative spread floor
65,0.738889,0.370012,0.766821,122.5,0.440278,0,b4,b3,+ the relative spread floor
66,0.747222,0.376345,0.764154,120,0.438889,0,b4,b3,+ the relative spread floor
67,0.754167,0.379311,0.76066,111.5,0.4375,0,b4,b3,+ the relative spread floor
68,0.756944,0.380511,0.760064,118,0.436111,0,b4,b3,+ the relative spread floor
69,0.759722,0.383937,0.756676,114.5,0.427778,0,b4,b3,+ the relative spread floor
70,0.766667,0.384996,0.761003,117,0.427778,0,b4,b3,+ the relative spread floor
71,0.770833,0.383901,0.762536,120.5,0.436111,0,b4,b3,+ the relative spread floor
72,0.776389,0.388043,0.756323,113.5,0.431944,0,b4,b3,+ the relative spread floor
73,0.780556,0.383915,0.757818,113,0.430556,0,b4,b3,+ the relative spread floor
74,0.783333,0.381284,0.762552,119,0.441667,0,b4,b3,+ the relative spread floor
75,0.790278,0.370182,0.773856,131.5,0.451389,0,b4,b3,+ the relative spread floor
76,0.793056,0.365874,0.774791,129,0.45,0,b4,b3,+ the relative spread floor
77,0.801389,0.364728,0.772675,131,0.448611,0,b4,b3,+ the relative spread floor
78,0.809722,0.365378,0.773073,132,0.455556,0,b4,b3,+ the relative spread floor
79,0.818056,0.367656,0.770093,124,0.465278,0,b4,b3,+ the relative spread floor
80,0.820833,0.363287,0.774386,126,0.448611,0,b4,b3,+ the relative spread floor
81,0.826389,0.363753,0.768699,131.5,0.455556,0,b4,b3,+ the relative spread floor
82,0.831944,0.364913,0.767265,119,0.458333,0,b4,b3,+ the relative spread floor
83,0.8375,0.366158,0.768416,123.5,0.456944,0,b4,b3,+ the relative spread floor
84,0.841667,0.362594,0.771003,125.5,0.455556,0,b4,b3,+ the relative spread floor
85,0.844444,0.363577,0.774795,132,0.459722,0,b4,b3,+ the relative spread floor
86,0.844444,0.363715,0.770354,136,0.45,0,b4,b3,+ the relative spread floor
87,0.85,0.364424,0.769796,129.5,0.447222,0,b4,b3,+ the relative spread floor
88,0.858333,0.363249,0.776101,133.5,0.456944,0,b4,b3,+ the relative spread floor
89,0.8625,0.367159,0.76962,126.5,0.447222,0,b4,b3,+ the relative spread floor
90,0.866667,0.363275,0.773209,138,0.461111,0,b4,b3,+ the relative spread floor
91,0.870833,0.363959,0.772558,130,0.456944,0,b4,b3,+ the relative spread floor
92,0.870833,0.362146,0.779468,149,0.472222,0,b4,b3,+ the relative spread floor
93,0.872222,0.367701,0.774991,126.5,0.452778,0,b4,b3,+ the relative spread floor
94,0.876389,0.370851,0.774648,144,0.455556,0,b4,b3,+ the relative spread floor
95,0.880556,0.375665,0.766705,126,0.451389,0,b4,b3,+ the relative spread floor
96,0.884722,0.373904,0.768196,134,0.441667,0,b4,b3,+ the relative spread floor
97,0.886111,0.373475,0.765913,134.5,0.444444,0,b4,b3,+ the relative spread floor
98,0.890278,0.377591,0.758993,122.5,0.429167,0,b4,b3,+ the relative spread floor
99,0.893056,0.374533,0.76114,125.5,0.423611,0,b4,b3,+ the relative spread floor
100,0.894444,0.381536,0.758142,121,0.427778,0,b4,b3,+ the relative spread floor
101,0.894444,0.380134,0.761491,120.5,0.433333,0,b4,b3,+ the relative spread floor
102,0.894444,0.382583,0.762018,125,0.431944,0,b4,b3,+ the relative spread floor
103,0.894444,0.381259,0.760451,123.5,0.426389,0,b4,b3,+ the relative spread floor
104,0.897222,0.379563,0.763231,117,0.433333,0,b4,b3,+ the relative spread floor
105,0.9,0.379753,0.761619,123,0.438889,0,b4,b3,+ the relative spread floor
106,0.901389,0.377378,0.765349,125.5,0.436111,0,b4,b3,+ the relative spread floor
107,0.905556,0.377171,0.766608,125.5,0.430556,0,b4,b3,+ the relative spread floor
108,0.906944,0.379852,0.760251,120,0.418056,0,b4,b3,+ the relative spread floor
109,0.909722,0.381023,0.763682,117,0.409722,0,b4,b3,+ the relative spread floor
110,0.909722,0.380845,0.76463,115,0.418056,0,b4,b3,+ the relative spread floor
111,0.9125,0.380532,0.763922,117.5,0.418056,0,b4,b3,+ the relative spread floor
112,0.9125,0.381704,0.761842,114,0.426389,0,b4,b3,+ the relative spread floor
113,0.918056,0.378843,0.764027,125.5,0.430556,0,b4,b3,+ the relative spread floor
114,0.919444,0.375205,0.765331,128.5,0.430556,0,b4,b3,+ the relative spread floor
115,0.920833,0.371797,0.768963,132.5,0.444444,0,b4,b3,+ the relative spread floor
116,0.920833,0.369401,0.769915,133,0.434722,0,b4,b3,+ the relative spread floor
117,0.922222,0.366314,0.775712,136,0.436111,0,b4,b3,+ the relative spread floor
118,0.925,0.368192,0.776825,135,0.433333,0,b4,b3,+ the relative spread floor
119,0.925,0.366541,0.777507,137,0.434722,0,b4,b3,+ the relative spread floor
120,0.925,0.365113,0.774394,128,0.431944,0,b4,b3,+ the relative spread floor
121,0.926389,0.361502,0.778759,141,0.4375,0,b4,b3,+ the relative spread floor
122,0.926389,0.358912,0.776702,135.5,0.440278,0,b4,b3,+ the relative spread floor
123,0.926389,0.363127,0.775697,138.5,0.441667,0,b4,b3,+ the relative spread floor
124,0.926389,0.365232,0.774428,130,0.440278,0,b4,b3,+ the relative spread floor
125,0.926389,0.36218,0.782581,142,0.455556,0,b4,b3,+ the relative spread floor
126,0.926389,0.361975,0.775815,138.5,0.448611,0,b4,b3,+ the relative spread floor
127,0.926389,0.359103,0.779292,141,0.448611,0,b4,b3,+ the relative spread floor
128,0.927778,0.356355,0.782192,146,0.445833,0,b4,b3,+ the relative spread floor
129,0.929167,0.357806,0.781931,146.5,0.458333,0,b4,b3,+ the relative spread floor
130,0.929167,0.358982,0.789206,145.5,0.459722,0,b4,b3,+ the relative spread floor
131,0.929167,0.362649,0.785278,142.5,0.463889,0,b4,b3,+ the relative spread floor
132,0.930556,0.363559,0.783359,145.5,0.454167,0,b4,b3,+ the relative spread floor
133,0.931944,0.362774,0.785195,137.5,0.454167,0,b4,b3,+ the relative spread floor
134,0.933333,0.365212,0.780658,138,0.440278,0,b4,b3,+ the relative spread floor
135,0.9375,0.366922,0.776396,134,0.444444,0,b4,b3,+ the relative spread floor
136,0.940278,0.366488,0.772961,134,0.429167,0,b4,b3,+ the relative spread floor
137,0.943056,0.368786,0.776347,138.5,0.430556,0,b4,b3,+ the relative spread floor
138,0.943056,0.370218,0.780969,134.5,0.438889,0,b4,b3,+ the relative spread floor
139,0.943056,0.368374,0.783105,145,0.438889,0,b4,b3,+ the relative spread floor
140,0.943056,0.364474,0.780084,141.5,0.4375,0,b4,b3,+ the relative spread floor
141,0.943056,0.361112,0.78125,136.5,0.441667,0,b4,b3,+ the relative spread floor
142,0.943056,0.35761,0.786317,152,0.452778,0,b4,b3,+ the relative spread floor
143,0.943056,0.357846,0.785937,147,0.444444,0,b4,b3,+ the relative spread floor
144,0.944444,0.362193,0.78875,141.5,0.443056,0,b4,b3,+ the relative spread floor
145,0.947222,0.364394,0.788323,142,0.438889,0,b4,b3,+ the relative spread floor
146,0.951389,0.365878,0.785962,141,0.440278,0,b4,b3,+ the relative spread floor
147,0.951389,0.36664,0.787569,142,0.443056,0,b4,b3,+ the relative spread floor
148,0.951389,0.368164,0.78392,138,0.4375,0,b4,b3,+ the relative spread floor
149,0.951389,0.369278,0.783548,139,0.436111,0,b4,b3,+ the relative spread floor
150,0.951389,0.369231,0.782993,139.5,0.445833,0,b4,b3,+ the relative spread floor
0,0,0.0116283,0.911761,4254,1,0,b4,b4,+ the weak-separation check
1,0,0.0116283,0.911761,4254,1,0,b4,b4,+ the weak-separation check
2,0,0.0116283,0.911761,4254,1,0,b4,b4,+ the weak-separation check
3,0,0.0116283,0.911761,4254,1,0,b4,b4,+ the weak-separation check
4,0,0.0116283,0.911761,4254,1,0,b4,b4,+ the weak-separation check
5,0,0.0116283,0.911761,4254,1,0,b4,b4,+ the weak-separation check
6,0,0.0116283,0.911761,4254,1,0,b4,b4,+ the weak-separation check
7,0,0.0116283,0.911761,4254,1,0,b4,b4,+ the weak-separation check
8,0,0.0116283,0.911761,4254,1,0,b4,b4,+ the weak-separation check
9,0,0.0116283,0.911761,4254,1,0,b4,b4,+ the weak-separation check
10,0,0.0116283,0.911761,4254,1,0,b4,b4,+ the weak-separation check
11,0,0.0116283,0.911761,4254,1,0,b4,b4,+ the weak-separation check
12,0,0.0116283,0.911761,4254,1,0,b4,b4,+ the weak-separation check
13,0,0.0116283,0.911761,4254,1,0,b4,b4,+ the weak-separation check
14,0,0.0116283,0.911761,4254,1,0,b4,b4,+ the weak-separation check
15,0,0.0116283,0.911761,4254,1,0,b4,b4,+ the weak-separation check
16,0,0.0116283,0.911761,4254,1,0,b4,b4,+ the weak-separation check
17,0,0.0116283,0.911761,4254,1,0,b4,b4,+ the weak-separation check
18,0,0.0116283,0.911761,4254,1,0,b4,b4,+ the weak-separation check
19,0,0.0116283,0.911761,4254,1,0,b4,b4,+ the weak-separation check
20,0,0.0116283,0.911761,4254,1,0,b4,b4,+ the weak-separation check
21,0,0.0116283,0.911761,4254,1,0,b4,b4,+ the weak-separation check
22,0,0.0116283,0.911761,4254,1,0,b4,b4,+ the weak-separation check
23,0.00138889,0.0116606,0.91078,4254,1,0,b4,b4,+ the weak-separation check
24,0.277778,0.154995,0.854709,4031,0.758333,0,b4,b4,+ the weak-separation check
25,0.365278,0.192645,0.83821,3813,0.686111,0,b4,b4,+ the weak-separation check
26,0.394444,0.203743,0.836136,3789,0.672222,0,b4,b4,+ the weak-separation check
27,0.416667,0.216901,0.831106,3760,0.6625,0,b4,b4,+ the weak-separation check
28,0.434722,0.230034,0.829683,3699.5,0.647222,0,b4,b4,+ the weak-separation check
29,0.455556,0.252118,0.819648,3307,0.622222,0,b4,b4,+ the weak-separation check
30,0.469444,0.272655,0.81092,2940.5,0.579167,0,b4,b4,+ the weak-separation check
31,0.477778,0.282801,0.806518,2747.5,0.566667,0,b4,b4,+ the weak-separation check
32,0.483333,0.285591,0.80793,2695.5,0.572222,0,b4,b4,+ the weak-separation check
33,0.488889,0.299131,0.804859,2283.5,0.561111,0,b4,b4,+ the weak-separation check
34,0.498611,0.306077,0.804837,2089.5,0.551389,0,b4,b4,+ the weak-separation check
35,0.506944,0.311512,0.801439,1437.5,0.547222,0,b4,b4,+ the weak-separation check
36,0.518056,0.311674,0.803498,572.5,0.55,0,b4,b4,+ the weak-separation check
37,0.526389,0.31217,0.805082,519.5,0.547222,0,b4,b4,+ the weak-separation check
38,0.534722,0.313487,0.804014,458.5,0.547222,0,b4,b4,+ the weak-separation check
39,0.545833,0.318112,0.802377,349.5,0.534722,0,b4,b4,+ the weak-separation check
40,0.558333,0.31386,0.798957,277.5,0.525,0,b4,b4,+ the weak-separation check
41,0.563889,0.319128,0.797698,265.5,0.527778,0,b4,b4,+ the weak-separation check
42,0.570833,0.324322,0.797535,244,0.522222,0,b4,b4,+ the weak-separation check
43,0.580556,0.330785,0.79384,238,0.515278,0,b4,b4,+ the weak-separation check
44,0.590278,0.3304,0.792637,242.5,0.516667,0,b4,b4,+ the weak-separation check
45,0.601389,0.337187,0.789413,229,0.5125,0,b4,b4,+ the weak-separation check
46,0.605556,0.333714,0.787707,227.5,0.508333,0,b4,b4,+ the weak-separation check
47,0.619444,0.334253,0.786532,212,0.502778,0,b4,b4,+ the weak-separation check
48,0.622222,0.33722,0.784563,212,0.502778,0,b4,b4,+ the weak-separation check
49,0.627778,0.336987,0.781078,188.5,0.493056,0,b4,b4,+ the weak-separation check
50,0.627778,0.337228,0.780629,190,0.488889,0,b4,b4,+ the weak-separation check
51,0.630556,0.334646,0.781702,186.5,0.490278,0,b4,b4,+ the weak-separation check
52,0.634722,0.336573,0.779681,181,0.484722,0,b4,b4,+ the weak-separation check
53,0.648611,0.340307,0.775367,171.5,0.479167,0,b4,b4,+ the weak-separation check
54,0.655556,0.344276,0.772453,165,0.473611,0,b4,b4,+ the weak-separation check
55,0.663889,0.348185,0.769619,158.5,0.473611,0,b4,b4,+ the weak-separation check
56,0.672222,0.350533,0.767872,149,0.465278,0,b4,b4,+ the weak-separation check
57,0.677778,0.352538,0.766293,149,0.461111,0,b4,b4,+ the weak-separation check
58,0.684722,0.358512,0.760027,137.5,0.45,0,b4,b4,+ the weak-separation check
59,0.7,0.356531,0.760813,136.5,0.445833,0,b4,b4,+ the weak-separation check
60,0.708333,0.358012,0.75756,137,0.4375,0,b4,b4,+ the weak-separation check
61,0.7125,0.360259,0.754103,131.5,0.431944,0,b4,b4,+ the weak-separation check
62,0.722222,0.361412,0.754249,131.5,0.436111,0,b4,b4,+ the weak-separation check
63,0.726389,0.361175,0.756683,136,0.445833,0,b4,b4,+ the weak-separation check
64,0.731944,0.365235,0.755923,139,0.448611,0,b4,b4,+ the weak-separation check
65,0.738889,0.366495,0.751539,127,0.438889,0,b4,b4,+ the weak-separation check
66,0.747222,0.371528,0.749789,125,0.433333,0,b4,b4,+ the weak-separation check
67,0.754167,0.372163,0.747572,122.5,0.440278,0,b4,b4,+ the weak-separation check
68,0.756944,0.375397,0.744801,126,0.4375,0,b4,b4,+ the weak-separation check
69,0.759722,0.378065,0.743271,126,0.423611,0,b4,b4,+ the weak-separation check
70,0.766667,0.383347,0.73979,117,0.418056,0,b4,b4,+ the weak-separation check
71,0.770833,0.385102,0.736266,109.5,0.4125,0,b4,b4,+ the weak-separation check
72,0.776389,0.383081,0.738344,116,0.420833,0,b4,b4,+ the weak-separation check
73,0.780556,0.381239,0.740255,112.5,0.422222,0,b4,b4,+ the weak-separation check
74,0.783333,0.380327,0.742836,117.5,0.423611,0,b4,b4,+ the weak-separation check
75,0.790278,0.370391,0.746228,121.5,0.430556,0,b4,b4,+ the weak-separation check
76,0.793056,0.367673,0.745567,124,0.431944,0,b4,b4,+ the weak-separation check
77,0.801389,0.36517,0.741939,123.5,0.429167,0,b4,b4,+ the weak-separation check
78,0.809722,0.367709,0.740097,125,0.422222,0,b4,b4,+ the weak-separation check
79,0.818056,0.367284,0.738666,122.5,0.431944,0,b4,b4,+ the weak-separation check
80,0.820833,0.364026,0.739576,124,0.425,0,b4,b4,+ the weak-separation check
81,0.826389,0.36721,0.739124,117.5,0.418056,0,b4,b4,+ the weak-separation check
82,0.831944,0.364273,0.738997,112,0.426389,0,b4,b4,+ the weak-separation check
83,0.8375,0.366028,0.74073,120.5,0.429167,0,b4,b4,+ the weak-separation check
84,0.841667,0.366154,0.738821,116,0.420833,0,b4,b4,+ the weak-separation check
85,0.844444,0.363944,0.744649,121.5,0.431944,0,b4,b4,+ the weak-separation check
86,0.844444,0.361465,0.748617,122.5,0.430556,0,b4,b4,+ the weak-separation check
87,0.85,0.364268,0.743971,117,0.419444,0,b4,b4,+ the weak-separation check
88,0.858333,0.363851,0.745543,119.5,0.427778,0,b4,b4,+ the weak-separation check
89,0.8625,0.365688,0.746566,126.5,0.430556,0,b4,b4,+ the weak-separation check
90,0.866667,0.365568,0.743848,121.5,0.427778,0,b4,b4,+ the weak-separation check
91,0.870833,0.367899,0.743095,115,0.425,0,b4,b4,+ the weak-separation check
92,0.870833,0.365222,0.74619,125,0.425,0,b4,b4,+ the weak-separation check
93,0.872222,0.369127,0.742044,116,0.422222,0,b4,b4,+ the weak-separation check
94,0.876389,0.374199,0.737226,108,0.423611,0,b4,b4,+ the weak-separation check
95,0.880556,0.380886,0.730882,102.5,0.405556,0,b4,b4,+ the weak-separation check
96,0.884722,0.377536,0.731916,109,0.406944,0,b4,b4,+ the weak-separation check
97,0.886111,0.377703,0.732143,111,0.406944,0,b4,b4,+ the weak-separation check
98,0.890278,0.380178,0.730972,109,0.404167,0,b4,b4,+ the weak-separation check
99,0.893056,0.382163,0.733161,108,0.397222,0,b4,b4,+ the weak-separation check
100,0.894444,0.38774,0.730666,109,0.395833,0,b4,b4,+ the weak-separation check
101,0.894444,0.386295,0.730776,106,0.395833,0,b4,b4,+ the weak-separation check
102,0.894444,0.387933,0.73403,112.5,0.402778,0,b4,b4,+ the weak-separation check
103,0.894444,0.387269,0.733931,114,0.4,0,b4,b4,+ the weak-separation check
104,0.897222,0.386146,0.73455,110,0.4,0,b4,b4,+ the weak-separation check
105,0.9,0.38662,0.73435,110,0.405556,0,b4,b4,+ the weak-separation check
106,0.901389,0.385738,0.735143,108,0.405556,0,b4,b4,+ the weak-separation check
107,0.905556,0.386389,0.736829,109,0.401389,0,b4,b4,+ the weak-separation check
108,0.906944,0.387634,0.733346,111.5,0.397222,0,b4,b4,+ the weak-separation check
109,0.909722,0.388029,0.738542,108,0.391667,0,b4,b4,+ the weak-separation check
110,0.909722,0.386116,0.736788,104.5,0.394444,0,b4,b4,+ the weak-separation check
111,0.9125,0.385727,0.737439,106,0.393056,0,b4,b4,+ the weak-separation check
112,0.9125,0.386201,0.736102,105.5,0.398611,0,b4,b4,+ the weak-separation check
113,0.918056,0.383936,0.739604,107.5,0.4,0,b4,b4,+ the weak-separation check
114,0.919444,0.379507,0.740647,116,0.397222,0,b4,b4,+ the weak-separation check
115,0.920833,0.378753,0.741131,117.5,0.405556,0,b4,b4,+ the weak-separation check
116,0.920833,0.376326,0.743458,118.5,0.4,0,b4,b4,+ the weak-separation check
117,0.922222,0.374779,0.741628,119,0.401389,0,b4,b4,+ the weak-separation check
118,0.925,0.378215,0.742068,117.5,0.395833,0,b4,b4,+ the weak-separation check
119,0.925,0.377138,0.742976,115,0.394444,0,b4,b4,+ the weak-separation check
120,0.925,0.373968,0.744432,121.5,0.395833,0,b4,b4,+ the weak-separation check
121,0.926389,0.371198,0.744801,124.5,0.4,0,b4,b4,+ the weak-separation check
122,0.926389,0.368052,0.743186,124,0.4125,0,b4,b4,+ the weak-separation check
123,0.926389,0.371457,0.741397,121.5,0.397222,0,b4,b4,+ the weak-separation check
124,0.926389,0.371988,0.742195,126.5,0.4125,0,b4,b4,+ the weak-separation check
125,0.926389,0.372497,0.738945,123,0.404167,0,b4,b4,+ the weak-separation check
126,0.926389,0.367633,0.746868,133.5,0.413889,0,b4,b4,+ the weak-separation check
127,0.926389,0.365586,0.744627,131,0.411111,0,b4,b4,+ the weak-separation check
128,0.927778,0.364382,0.747025,135,0.411111,0,b4,b4,+ the weak-separation check
129,0.929167,0.363147,0.746954,137.5,0.413889,0,b4,b4,+ the weak-separation check
130,0.929167,0.364915,0.750062,136,0.411111,0,b4,b4,+ the weak-separation check
131,0.929167,0.369988,0.745551,131.5,0.406944,0,b4,b4,+ the weak-separation check
132,0.930556,0.371958,0.746355,139.5,0.408333,0,b4,b4,+ the weak-separation check
133,0.931944,0.370902,0.748429,128.5,0.406944,0,b4,b4,+ the weak-separation check
134,0.933333,0.373312,0.743726,130,0.398611,0,b4,b4,+ the weak-separation check
135,0.9375,0.374325,0.744332,124.5,0.402778,0,b4,b4,+ the weak-separation check
136,0.940278,0.375574,0.74373,127,0.404167,0,b4,b4,+ the weak-separation check
137,0.943056,0.375243,0.743086,126,0.404167,0,b4,b4,+ the weak-separation check
138,0.943056,0.374217,0.744481,125.5,0.406944,0,b4,b4,+ the weak-separation check
139,0.943056,0.372862,0.741986,121.5,0.404167,0,b4,b4,+ the weak-separation check
140,0.943056,0.369005,0.749718,129,0.406944,0,b4,b4,+ the weak-separation check
141,0.943056,0.369404,0.749423,126,0.413889,0,b4,b4,+ the weak-separation check
142,0.943056,0.368674,0.74931,126,0.413889,0,b4,b4,+ the weak-separation check
143,0.943056,0.368265,0.755292,125,0.398611,0,b4,b4,+ the weak-separation check
144,0.944444,0.372422,0.748744,127.5,0.402778,0,b4,b4,+ the weak-separation check
145,0.947222,0.373346,0.75053,128,0.398611,0,b4,b4,+ the weak-separation check
146,0.951389,0.374659,0.753275,131,0.406944,0,b4,b4,+ the weak-separation check
147,0.951389,0.374161,0.752195,132,0.401389,0,b4,b4,+ the weak-separation check
148,0.951389,0.374937,0.750958,132.5,0.398611,0,b4,b4,+ the weak-separation check
149,0.951389,0.375303,0.748917,130.5,0.404167,0,b4,b4,+ the weak-separation check
150,0.951389,0.377974,0.745247,130,0.391667,0,b4,b4,+ the weak-separation check
0,0,0.0116283,0.911761,4254,1,0,b4,b5,+ even-odds asking (today's sessions)
1,0,0.0116283,0.911761,4254,1,0,b4,b5,+ even-odds asking (today's sessions)
2,0,0.0116283,0.911761,4254,1,0,b4,b5,+ even-odds asking (today's sessions)
3,0,0.0116283,0.911761,4254,1,0,b4,b5,+ even-odds asking (today's sessions)
4,0,0.0116283,0.911761,4254,1,0,b4,b5,+ even-odds asking (today's sessions)
5,0,0.0116283,0.911761,4254,1,0,b4,b5,+ even-odds asking (today's sessions)
6,0,0.0116283,0.911761,4254,1,0,b4,b5,+ even-odds asking (today's sessions)
7,0,0.0116283,0.911761,4254,1,0,b4,b5,+ even-odds asking (today's sessions)
8,0,0.0116283,0.911761,4254,1,0,b4,b5,+ even-odds asking (today's sessions)
9,0,0.0116283,0.911761,4254,1,0,b4,b5,+ even-odds asking (today's sessions)
10,0,0.0116283,0.911761,4254,1,0,b4,b5,+ even-odds asking (today's sessions)
11,0,0.0116283,0.911761,4254,1,0,b4,b5,+ even-odds asking (today's sessions)
12,0,0.0116283,0.911761,4254,1,0,b4,b5,+ even-odds asking (today's sessions)
13,0,0.0116283,0.911761,4254,1,0,b4,b5,+ even-odds asking (today's sessions)
14,0,0.0116283,0.911761,4254,1,0,b4,b5,+ even-odds asking (today's sessions)
15,0,0.0116283,0.911761,4254,1,0,b4,b5,+ even-odds asking (today's sessions)
16,0,0.0116283,0.911761,4254,1,0,b4,b5,+ even-odds asking (today's sessions)
17,0,0.0116283,0.911761,4254,1,0,b4,b5,+ even-odds asking (today's sessions)
18,0,0.0116283,0.911761,4254,1,0,b4,b5,+ even-odds asking (today's sessions)
19,0,0.0116283,0.911761,4254,1,0,b4,b5,+ even-odds asking (today's sessions)
20,0,0.0116283,0.911761,4254,1,0,b4,b5,+ even-odds asking (today's sessions)
21,0,0.0116283,0.911761,4254,1,0,b4,b5,+ even-odds asking (today's sessions)
22,0,0.0116283,0.911761,4254,1,0,b4,b5,+ even-odds asking (today's sessions)
23,0.00138889,0.0116606,0.91078,4254,1,0,b4,b5,+ even-odds asking (today's sessions)
24,0.277778,0.154934,0.854736,4031,0.759722,0,b4,b5,+ even-odds asking (today's sessions)
25,0.365278,0.201248,0.838055,3813,0.690278,0,b4,b5,+ even-odds asking (today's sessions)
26,0.394444,0.219219,0.83236,3788.5,0.659722,0,b4,b5,+ even-odds asking (today's sessions)
27,0.416667,0.233951,0.827665,3751.5,0.648611,0,b4,b5,+ even-odds asking (today's sessions)
28,0.434722,0.246486,0.825265,3695,0.631944,0,b4,b5,+ even-odds asking (today's sessions)
29,0.455556,0.264257,0.815284,3134.5,0.602778,0,b4,b5,+ even-odds asking (today's sessions)
30,0.469444,0.278863,0.808607,2935,0.581944,0,b4,b5,+ even-odds asking (today's sessions)
31,0.477778,0.278651,0.808205,2747.5,0.576389,0,b4,b5,+ even-odds asking (today's sessions)
32,0.483333,0.278603,0.808618,2695.5,0.579167,0,b4,b5,+ even-odds asking (today's sessions)
33,0.488889,0.282448,0.807297,2283.5,0.573611,0,b4,b5,+ even-odds asking (today's sessions)
34,0.498611,0.294721,0.805788,2089.5,0.563889,0,b4,b5,+ even-odds asking (today's sessions)
35,0.506944,0.301362,0.800409,1222.5,0.561111,0,b4,b5,+ even-odds asking (today's sessions)
36,0.518056,0.29646,0.801408,474.5,0.556944,0,b4,b5,+ even-odds asking (today's sessions)
37,0.526389,0.289777,0.805667,377.5,0.545833,0,b4,b5,+ even-odds asking (today's sessions)
38,0.534722,0.28408,0.80482,343.5,0.548611,0,b4,b5,+ even-odds asking (today's sessions)
39,0.545833,0.286987,0.805866,310.5,0.536111,0,b4,b5,+ even-odds asking (today's sessions)
40,0.558333,0.285669,0.801047,268,0.527778,0,b4,b5,+ even-odds asking (today's sessions)
41,0.563889,0.285381,0.804761,266,0.529167,0,b4,b5,+ even-odds asking (today's sessions)
42,0.570833,0.28809,0.801028,228,0.518056,0,b4,b5,+ even-odds asking (today's sessions)
43,0.580556,0.294077,0.801103,228,0.520833,0,b4,b5,+ even-odds asking (today's sessions)
44,0.590278,0.294179,0.799493,230,0.519444,0,b4,b5,+ even-odds asking (today's sessions)
45,0.601389,0.293345,0.796877,221.5,0.519444,0,b4,b5,+ even-odds asking (today's sessions)
46,0.605556,0.29126,0.794554,210,0.511111,0,b4,b5,+ even-odds asking (today's sessions)
47,0.619444,0.292944,0.796613,215.5,0.515278,0,b4,b5,+ even-odds asking (today's sessions)
48,0.622222,0.295414,0.794176,225.5,0.513889,0,b4,b5,+ even-odds asking (today's sessions)
49,0.627778,0.295797,0.791247,215.5,0.508333,0,b4,b5,+ even-odds asking (today's sessions)
50,0.627778,0.299158,0.791366,210,0.504167,0,b4,b5,+ even-odds asking (today's sessions)
51,0.630556,0.303369,0.792268,200,0.5,0,b4,b5,+ even-odds asking (today's sessions)
52,0.634722,0.310974,0.788922,200,0.5,0,b4,b5,+ even-odds asking (today's sessions)
53,0.648611,0.313969,0.783935,192.5,0.493056,0,b4,b5,+ even-odds asking (today's sessions)
54,0.655556,0.321825,0.78262,190,0.488889,0,b4,b5,+ even-odds asking (today's sessions)
55,0.663889,0.32398,0.781761,185,0.490278,0,b4,b5,+ even-odds asking (today's sessions)
56,0.672222,0.325624,0.777255,169,0.477778,0,b4,b5,+ even-odds asking (today's sessions)
57,0.677778,0.324046,0.774016,155.5,0.469444,0,b4,b5,+ even-odds asking (today's sessions)
58,0.684722,0.330623,0.772427,150,0.465278,0,b4,b5,+ even-odds asking (today's sessions)
59,0.7,0.329179,0.773901,151.5,0.456944,0,b4,b5,+ even-odds asking (today's sessions)
60,0.708333,0.327791,0.769021,146,0.448611,0,b4,b5,+ even-odds asking (today's sessions)
61,0.7125,0.33116,0.768735,146,0.45,0,b4,b5,+ even-odds asking (today's sessions)
62,0.722222,0.33358,0.768049,148.5,0.452778,0,b4,b5,+ even-odds asking (today's sessions)
63,0.726389,0.336161,0.769197,153.5,0.458333,0,b4,b5,+ even-odds asking (today's sessions)
64,0.731944,0.336574,0.767411,150.5,0.448611,0,b4,b5,+ even-odds asking (today's sessions)
65,0.738889,0.341087,0.764065,139,0.445833,0,b4,b5,+ even-odds asking (today's sessions)
66,0.747222,0.341251,0.759486,132.5,0.438889,0,b4,b5,+ even-odds asking (today's sessions)
67,0.754167,0.342708,0.759455,130.5,0.436111,0,b4,b5,+ even-odds asking (today's sessions)
68,0.756944,0.343808,0.754818,127,0.429167,0,b4,b5,+ even-odds asking (today's sessions)
69,0.759722,0.34475,0.755139,132.5,0.426389,0,b4,b5,+ even-odds asking (today's sessions)
70,0.766667,0.348722,0.746995,128.5,0.415278,0,b4,b5,+ even-odds asking (today's sessions)
71,0.770833,0.348575,0.74821,125,0.411111,0,b4,b5,+ even-odds asking (today's sessions)
72,0.776389,0.347541,0.747857,127,0.4125,0,b4,b5,+ even-odds asking (today's sessions)
73,0.780556,0.342093,0.752279,134,0.426389,0,b4,b5,+ even-odds asking (today's sessions)
74,0.783333,0.339698,0.751204,131,0.418056,0,b4,b5,+ even-odds asking (today's sessions)
75,0.790278,0.333412,0.752423,136.5,0.426389,0,b4,b5,+ even-odds asking (today's sessions)
76,0.793056,0.329464,0.754889,132,0.427778,0,b4,b5,+ even-odds asking (today's sessions)
77,0.801389,0.325081,0.753077,135,0.427778,0,b4,b5,+ even-odds asking (today's sessions)
78,0.809722,0.326263,0.749705,128,0.431944,0,b4,b5,+ even-odds asking (today's sessions)
79,0.818056,0.325228,0.749257,133.5,0.4375,0,b4,b5,+ even-odds asking (today's sessions)
80,0.820833,0.325014,0.748239,138,0.420833,0,b4,b5,+ even-odds asking (today's sessions)
81,0.826389,0.330921,0.746117,128.5,0.420833,0,b4,b5,+ even-odds asking (today's sessions)
82,0.831944,0.334721,0.748108,128,0.422222,0,b4,b5,+ even-odds asking (today's sessions)
83,0.8375,0.337998,0.74328,129.5,0.422222,0,b4,b5,+ even-odds asking (today's sessions)
84,0.841667,0.340713,0.745977,127.5,0.418056,0,b4,b5,+ even-odds asking (today's sessions)
85,0.844444,0.340199,0.746046,128.5,0.413889,0,b4,b5,+ even-odds asking (today's sessions)
86,0.844444,0.343641,0.745342,124,0.416667,0,b4,b5,+ even-odds asking (today's sessions)
87,0.85,0.342273,0.742968,126.5,0.406944,0,b4,b5,+ even-odds asking (today's sessions)
88,0.858333,0.343868,0.742906,129,0.416667,0,b4,b5,+ even-odds asking (today's sessions)
89,0.8625,0.34796,0.737926,124,0.408333,0,b4,b5,+ even-odds asking (today's sessions)
90,0.866667,0.345108,0.736991,129,0.408333,0,b4,b5,+ even-odds asking (today's sessions)
91,0.870833,0.34425,0.735854,126,0.4125,0,b4,b5,+ even-odds asking (today's sessions)
92,0.870833,0.344106,0.738825,120.5,0.409722,0,b4,b5,+ even-odds asking (today's sessions)
93,0.872222,0.344913,0.740447,121.5,0.409722,0,b4,b5,+ even-odds asking (today's sessions)
94,0.876389,0.346011,0.736091,129,0.401389,0,b4,b5,+ even-odds asking (today's sessions)
95,0.880556,0.345252,0.737603,126.5,0.406944,0,b4,b5,+ even-odds asking (today's sessions)
96,0.884722,0.348335,0.735357,119.5,0.395833,0,b4,b5,+ even-odds asking (today's sessions)
97,0.886111,0.348202,0.738429,119,0.394444,0,b4,b5,+ even-odds asking (today's sessions)
98,0.890278,0.35222,0.733953,114,0.386111,0,b4,b5,+ even-odds asking (today's sessions)
99,0.893056,0.348233,0.739683,119,0.397222,0,b4,b5,+ even-odds asking (today's sessions)
100,0.894444,0.347152,0.739551,119.5,0.395833,0,b4,b5,+ even-odds asking (today's sessions)
101,0.894444,0.347255,0.740594,122,0.398611,0,b4,b5,+ even-odds asking (today's sessions)
102,0.894444,0.344636,0.744097,125.5,0.390278,0,b4,b5,+ even-odds asking (today's sessions)
103,0.894444,0.346099,0.744597,123,0.3875,0,b4,b5,+ even-odds asking (today's sessions)
104,0.897222,0.34343,0.744249,128.5,0.394444,0,b4,b5,+ even-odds asking (today's sessions)
105,0.9,0.345068,0.742483,135.5,0.391667,0,b4,b5,+ even-odds asking (today's sessions)
106,0.901389,0.344215,0.743822,134.5,0.395833,0,b4,b5,+ even-odds asking (today's sessions)
107,0.905556,0.344623,0.745795,132.5,0.398611,0,b4,b5,+ even-odds asking (today's sessions)
108,0.906944,0.345698,0.744675,135,0.406944,0,b4,b5,+ even-odds asking (today's sessions)
109,0.909722,0.342743,0.745995,133,0.405556,0,b4,b5,+ even-odds asking (today's sessions)
110,0.909722,0.343399,0.745226,135,0.405556,0,b4,b5,+ even-odds asking (today's sessions)
111,0.9125,0.343846,0.745824,132,0.404167,0,b4,b5,+ even-odds asking (today's sessions)
112,0.9125,0.345892,0.746726,131,0.406944,0,b4,b5,+ even-odds asking (today's sessions)
113,0.918056,0.349005,0.744679,136.5,0.402778,0,b4,b5,+ even-odds asking (today's sessions)
114,0.919444,0.349083,0.743728,131,0.4,0,b4,b5,+ even-odds asking (today's sessions)
115,0.920833,0.341631,0.747611,139.5,0.408333,0,b4,b5,+ even-odds asking (today's sessions)
116,0.920833,0.338392,0.747331,135,0.409722,0,b4,b5,+ even-odds asking (today's sessions)
117,0.922222,0.33437,0.747916,142,0.413889,0,b4,b5,+ even-odds asking (today's sessions)
118,0.925,0.330898,0.747109,144.5,0.415278,0,b4,b5,+ even-odds asking (today's sessions)
119,0.925,0.330896,0.747681,145,0.402778,0,b4,b5,+ even-odds asking (today's sessions)
120,0.925,0.327311,0.745938,142.5,0.409722,0,b4,b5,+ even-odds asking (today's sessions)
121,0.926389,0.3271,0.746592,146,0.404167,0,b4,b5,+ even-odds asking (today's sessions)
122,0.926389,0.323143,0.746621,147,0.409722,0,b4,b5,+ even-odds asking (today's sessions)
123,0.926389,0.327928,0.749616,145,0.406944,0,b4,b5,+ even-odds asking (today's sessions)
124,0.926389,0.33085,0.75048,139,0.404167,0,b4,b5,+ even-odds asking (today's sessions)
125,0.926389,0.334626,0.749774,138,0.408333,0,b4,b5,+ even-odds asking (today's sessions)
126,0.926389,0.336016,0.748673,142.5,0.397222,0,b4,b5,+ even-odds asking (today's sessions)
127,0.926389,0.335491,0.746198,137.5,0.398611,0,b4,b5,+ even-odds asking (today's sessions)
128,0.927778,0.340895,0.746928,136.5,0.402778,0,b4,b5,+ even-odds asking (today's sessions)
129,0.929167,0.34183,0.744575,136,0.394444,0,b4,b5,+ even-odds asking (today's sessions)
130,0.929167,0.345164,0.743735,128.5,0.391667,0,b4,b5,+ even-odds asking (today's sessions)
131,0.929167,0.350985,0.743067,128.5,0.394444,0,b4,b5,+ even-odds asking (today's sessions)
132,0.930556,0.354745,0.742255,125,0.390278,0,b4,b5,+ even-odds asking (today's sessions)
133,0.931944,0.355022,0.743516,126,0.4,0,b4,b5,+ even-odds asking (today's sessions)
134,0.933333,0.354724,0.744201,130.5,0.402778,0,b4,b5,+ even-odds asking (today's sessions)
135,0.9375,0.354709,0.744636,134,0.402778,0,b4,b5,+ even-odds asking (today's sessions)
136,0.940278,0.349247,0.74656,137.5,0.406944,0,b4,b5,+ even-odds asking (today's sessions)
137,0.943056,0.343798,0.74905,142.5,0.413889,0,b4,b5,+ even-odds asking (today's sessions)
138,0.943056,0.339163,0.751686,148,0.408333,0,b4,b5,+ even-odds asking (today's sessions)
139,0.943056,0.334448,0.750521,152,0.409722,0,b4,b5,+ even-odds asking (today's sessions)
140,0.943056,0.333503,0.751728,151.5,0.418056,0,b4,b5,+ even-odds asking (today's sessions)
141,0.943056,0.330785,0.752967,156.5,0.425,0,b4,b5,+ even-odds asking (today's sessions)
142,0.943056,0.324988,0.750479,157,0.429167,0,b4,b5,+ even-odds asking (today's sessions)
143,0.943056,0.325847,0.752863,165.5,0.433333,0,b4,b5,+ even-odds asking (today's sessions)
144,0.944444,0.333974,0.750805,155,0.426389,0,b4,b5,+ even-odds asking (today's sessions)
145,0.947222,0.341486,0.746961,143,0.402778,0,b4,b5,+ even-odds asking (today's sessions)
146,0.951389,0.349976,0.745653,144.5,0.409722,0,b4,b5,+ even-odds asking (today's sessions)
147,0.951389,0.352717,0.743268,143.5,0.404167,0,b4,b5,+ even-odds asking (today's sessions)
148,0.951389,0.354021,0.745247,141,0.405556,0,b4,b5,+ even-odds asking (today's sessions)
149,0.951389,0.355875,0.744854,144,0.405556,0,b4,b5,+ even-odds asking (today's sessions)
150,0.951389,0.355582,0.743316,134,0.398611,0,b4,b5,+ even-odds asking (today's sessions)
0,0,0.168161,0.579668,199.001,0.491667,0,b4,b6,+ the typed query's per-preset line (today's app)
1,0,0.168161,0.579668,199.001,0.491667,0,b4,b6,+ the typed query's per-preset line (today's app)
2,0,0.168161,0.579668,199.001,0.491667,0,b4,b6,+ the typed query's per-preset line (today's app)
3,0,0.168161,0.579668,199.001,0.491667,0,b4,b6,+ the typed query's per-preset line (today's app)
4,0,0.168161,0.579668,199.001,0.491667,0,b4,b6,+ the typed query's per-preset line (today's app)
5,0,0.168161,0.579668,199.001,0.491667,0,b4,b6,+ the typed query's per-preset line (today's app)
6,0,0.168161,0.579668,199.001,0.491667,0,b4,b6,+ the typed query's per-preset line (today's app)
7,0,0.168161,0.579668,199.001,0.491667,0,b4,b6,+ the typed query's per-preset line (today's app)
8,0,0.168161,0.579668,199.001,0.491667,0,b4,b6,+ the typed query's per-preset line (today's app)
9,0,0.168161,0.579668,199.001,0.491667,0,b4,b6,+ the typed query's per-preset line (today's app)
10,0,0.168161,0.579668,199.001,0.491667,0,b4,b6,+ the typed query's per-preset line (today's app)
11,0,0.168161,0.579668,199.001,0.491667,0,b4,b6,+ the typed query's per-preset line (today's app)
12,0,0.168161,0.579668,199.001,0.491667,0,b4,b6,+ the typed query's per-preset line (today's app)
13,0,0.168161,0.579668,199.001,0.491667,0,b4,b6,+ the typed query's per-preset line (today's app)
14,0,0.168161,0.579668,199.001,0.491667,0,b4,b6,+ the typed query's per-preset line (today's app)
15,0,0.168161,0.579668,199.001,0.491667,0,b4,b6,+ the typed query's per-preset line (today's app)
16,0,0.168161,0.579668,199.001,0.491667,0,b4,b6,+ the typed query's per-preset line (today's app)
17,0,0.168161,0.579668,199.001,0.491667,0,b4,b6,+ the typed query's per-preset line (today's app)
18,0,0.168161,0.579668,199.001,0.491667,0,b4,b6,+ the typed query's per-preset line (today's app)
19,0,0.168161,0.579668,199.001,0.491667,0,b4,b6,+ the typed query's per-preset line (today's app)
20,0,0.168161,0.579668,199.001,0.491667,0,b4,b6,+ the typed query's per-preset line (today's app)
21,0,0.168161,0.579668,199.001,0.491667,0,b4,b6,+ the typed query's per-preset line (today's app)
22,0,0.168161,0.579668,199.001,0.491667,0,b4,b6,+ the typed query's per-preset line (today's app)
23,0.00138889,0.168192,0.578688,199.001,0.491667,0,b4,b6,+ the typed query's per-preset line (today's app)
24,0.277778,0.241133,0.541471,175.003,0.383333,0,b4,b6,+ the typed query's per-preset line (today's app)
25,0.365278,0.260644,0.536816,158.001,0.366667,0,b4,b6,+ the typed query's per-preset line (today's app)
26,0.394444,0.272058,0.534855,155.001,0.347222,0,b4,b6,+ the typed query's per-preset line (today's app)
27,0.416667,0.281991,0.534861,150.495,0.347222,0,b4,b6,+ the typed query's per-preset line (today's app)
28,0.434722,0.289732,0.535005,148.998,0.338889,0,b4,b6,+ the typed query's per-preset line (today's app)
29,0.455556,0.30353,0.528429,132.5,0.316667,0,b4,b6,+ the typed query's per-preset line (today's app)
30,0.469444,0.316186,0.525474,118.499,0.302778,0,b4,b6,+ the typed query's per-preset line (today's app)
31,0.477778,0.314616,0.526852,117.498,0.3,0,b4,b6,+ the typed query's per-preset line (today's app)
32,0.483333,0.314189,0.528957,115.499,0.302778,0,b4,b6,+ the typed query's per-preset line (today's app)
33,0.488889,0.317044,0.528927,112.499,0.3,0,b4,b6,+ the typed query's per-preset line (today's app)
34,0.498611,0.327954,0.531458,110,0.297222,0,b4,b6,+ the typed query's per-preset line (today's app)
35,0.506944,0.333192,0.529656,110.001,0.3,0,b4,b6,+ the typed query's per-preset line (today's app)
36,0.518056,0.327037,0.535175,111.002,0.298611,0,b4,b6,+ the typed query's per-preset line (today's app)
37,0.526389,0.318908,0.542961,112.5,0.294444,0,b4,b6,+ the typed query's per-preset line (today's app)
38,0.534722,0.311933,0.545642,112.5,0.301389,0,b4,b6,+ the typed query's per-preset line (today's app)
39,0.545833,0.313743,0.552004,111,0.294444,0,b4,b6,+ the typed query's per-preset line (today's app)
40,0.558333,0.310683,0.553828,112,0.295833,0,b4,b6,+ the typed query's per-preset line (today's app)
41,0.563889,0.310102,0.560538,110.998,0.297222,0,b4,b6,+ the typed query's per-preset line (today's app)
42,0.570833,0.312243,0.559351,109.503,0.288889,0,b4,b6,+ the typed query's per-preset line (today's app)
43,0.580556,0.317485,0.562665,110.001,0.297222,0,b4,b6,+ the typed query's per-preset line (today's app)
44,0.590278,0.316991,0.566406,111,0.304167,0,b4,b6,+ the typed query's per-preset line (today's app)
45,0.601389,0.315459,0.569595,113.5,0.309722,0,b4,b6,+ the typed query's per-preset line (today's app)
46,0.605556,0.312892,0.569815,111.002,0.304167,0,b4,b6,+ the typed query's per-preset line (today's app)
47,0.619444,0.312861,0.578262,113,0.318056,0,b4,b6,+ the typed query's per-preset line (today's app)
48,0.622222,0.315132,0.577793,113,0.318056,0,b4,b6,+ the typed query's per-preset line (today's app)
49,0.627778,0.315247,0.578545,111.502,0.316667,0,b4,b6,+ the typed query's per-preset line (today's app)
50,0.627778,0.318609,0.578665,110.998,0.3125,0,b4,b6,+ the typed query's per-preset line (today's app)
51,0.630556,0.322112,0.58146,110.499,0.311111,0,b4,b6,+ the typed query's per-preset line (today's app)
52,0.634722,0.329268,0.579901,109.503,0.313889,0,b4,b6,+ the typed query's per-preset line (today's app)
53,0.648611,0.331457,0.583186,108,0.316667,0,b4,b6,+ the typed query's per-preset line (today's app)
54,0.655556,0.338664,0.585538,108.002,0.318056,0,b4,b6,+ the typed query's per-preset line (today's app)
55,0.663889,0.340477,0.589675,106.5,0.322222,0,b4,b6,+ the typed query's per-preset line (today's app)
56,0.672222,0.341522,0.589984,106,0.315278,0,b4,b6,+ the typed query's per-preset line (today's app)
57,0.677778,0.33951,0.588654,105,0.308333,0,b4,b6,+ the typed query's per-preset line (today's app)
58,0.684722,0.345824,0.591323,104.003,0.305556,0,b4,b6,+ the typed query's per-preset line (today's app)
59,0.7,0.342952,0.603081,105.499,0.309722,0,b4,b6,+ the typed query's per-preset line (today's app)
60,0.708333,0.340666,0.602346,105.499,0.304167,0,b4,b6,+ the typed query's per-preset line (today's app)
61,0.7125,0.343818,0.60412,106,0.305556,0,b4,b6,+ the typed query's per-preset line (today's app)
62,0.722222,0.345747,0.609218,105.999,0.313889,0,b4,b6,+ the typed query's per-preset line (today's app)
63,0.726389,0.348139,0.612877,108.505,0.322222,0,b4,b6,+ the typed query's per-preset line (today's app)
64,0.731944,0.347902,0.613985,106.501,0.316667,0,b4,b6,+ the typed query's per-preset line (today's app)
65,0.738889,0.351501,0.613701,103,0.316667,0,b4,b6,+ the typed query's per-preset line (today's app)
66,0.747222,0.351111,0.612755,103,0.311111,0,b4,b6,+ the typed query's per-preset line (today's app)
67,0.754167,0.352232,0.617457,103,0.3125,0,b4,b6,+ the typed query's per-preset line (today's app)
68,0.756944,0.353123,0.614659,101.5,0.308333,0,b4,b6,+ the typed query's per-preset line (today's app)
69,0.759722,0.353891,0.615865,103,0.305556,0,b4,b6,+ the typed query's per-preset line (today's app)
70,0.766667,0.357266,0.611855,102,0.298611,0,b4,b6,+ the typed query's per-preset line (today's app)
71,0.770833,0.356946,0.61554,102,0.297222,0,b4,b6,+ the typed query's per-preset line (today's app)
72,0.776389,0.355687,0.618336,100.002,0.301389,0,b4,b6,+ the typed query's per-preset line (today's app)
73,0.780556,0.349995,0.625069,100.502,0.316667,0,b4,b6,+ the typed query's per-preset line (today's app)
74,0.783333,0.347579,0.624911,105,0.308333,0,b4,b6,+ the typed query's per-preset line (today's app)
75,0.790278,0.340711,0.630258,105.999,0.320833,0,b4,b6,+ the typed query's per-preset line (today's app)
76,0.793056,0.336574,0.634505,107,0.323611,0,b4,b6,+ the typed query's per-preset line (today's app)
77,0.801389,0.331554,0.63757,108,0.327778,0,b4,b6,+ the typed query's per-preset line (today's app)
78,0.809722,0.331994,0.638429,106,0.334722,0,b4,b6,+ the typed query's per-preset line (today's app)
79,0.818056,0.330479,0.642585,106.5,0.343056,0,b4,b6,+ the typed query's per-preset line (today's app)
80,0.820833,0.33007,0.643159,107,0.327778,0,b4,b6,+ the typed query's per-preset line (today's app)
81,0.826389,0.335809,0.644933,107.5,0.329167,0,b4,b6,+ the typed query's per-preset line (today's app)
82,0.831944,0.339295,0.648628,105.499,0.330556,0,b4,b6,+ the typed query's per-preset line (today's app)
83,0.8375,0.342238,0.647435,105.999,0.331944,0,b4,b6,+ the typed query's per-preset line (today's app)
84,0.841667,0.344718,0.652993,109.003,0.331944,0,b4,b6,+ the typed query's per-preset line (today's app)
85,0.844444,0.344098,0.653931,111.002,0.327778,0,b4,b6,+ the typed query's per-preset line (today's app)
86,0.844444,0.34754,0.653228,106.5,0.330556,0,b4,b6,+ the typed query's per-preset line (today's app)
87,0.85,0.345998,0.6537,107.5,0.322222,0,b4,b6,+ the typed query's per-preset line (today's app)
88,0.858333,0.347181,0.65877,107,0.336111,0,b4,b6,+ the typed query's per-preset line (today's app)
89,0.8625,0.350966,0.656075,103.5,0.329167,0,b4,b6,+ the typed query's per-preset line (today's app)
90,0.866667,0.347854,0.658034,105.999,0.331944,0,b4,b6,+ the typed query's per-preset line (today's app)
91,0.870833,0.34671,0.659484,105,0.338889,0,b4,b6,+ the typed query's per-preset line (today's app)
92,0.870833,0.346566,0.662455,102,0.336111,0,b4,b6,+ the typed query's per-preset line (today's app)
93,0.872222,0.347199,0.664905,103,0.3375,0,b4,b6,+ the typed query's per-preset line (today's app)
94,0.876389,0.348074,0.663323,105,0.330556,0,b4,b6,+ the typed query's per-preset line (today's app)
95,0.880556,0.347116,0.667457,103,0.338889,0,b4,b6,+ the typed query's per-preset line (today's app)
96,0.884722,0.349869,0.667992,106,0.331944,0,b4,b6,+ the typed query's per-preset line (today's app)
97,0.886111,0.349608,0.671733,108,0.330556,0,b4,b6,+ the typed query's per-preset line (today's app)
98,0.890278,0.353399,0.669768,104.5,0.325,0,b4,b6,+ the typed query's per-preset line (today's app)
99,0.893056,0.349249,0.676652,107.5,0.336111,0,b4,b6,+ the typed query's per-preset line (today's app)
100,0.894444,0.348156,0.677131,106,0.334722,0,b4,b6,+ the typed query's per-preset line (today's app)
101,0.894444,0.348259,0.678174,110.499,0.3375,0,b4,b6,+ the typed query's per-preset line (today's app)
102,0.894444,0.34564,0.681677,109.5,0.329167,0,b4,b6,+ the typed query's per-preset line (today's app)
103,0.894444,0.347103,0.682177,110.499,0.326389,0,b4,b6,+ the typed query's per-preset line (today's app)
104,0.897222,0.34437,0.683276,112,0.333333,0,b4,b6,+ the typed query's per-preset line (today's app)
105,0.9,0.345875,0.683541,116,0.333333,0,b4,b6,+ the typed query's per-preset line (today's app)
106,0.901389,0.344843,0.685648,116,0.338889,0,b4,b6,+ the typed query's per-preset line (today's app)
107,0.905556,0.345224,0.690088,116.5,0.343056,0,b4,b6,+ the typed query's per-preset line (today's app)
108,0.906944,0.346284,0.689968,115,0.352778,0,b4,b6,+ the typed query's per-preset line (today's app)
109,0.909722,0.343251,0.692972,116,0.352778,0,b4,b6,+ the typed query's per-preset line (today's app)
110,0.909722,0.343907,0.692204,118.5,0.352778,0,b4,b6,+ the typed query's per-preset line (today's app)
111,0.9125,0.344309,0.694978,115,0.354167,0,b4,b6,+ the typed query's per-preset line (today's app)
112,0.9125,0.346356,0.69588,114.5,0.356944,0,b4,b6,+ the typed query's per-preset line (today's app)
113,0.918056,0.349389,0.696514,115.5,0.355556,0,b4,b6,+ the typed query's per-preset line (today's app)
114,0.919444,0.349465,0.696757,115,0.354167,0,b4,b6,+ the typed query's per-preset line (today's app)
115,0.920833,0.342018,0.70064,121,0.3625,0,b4,b6,+ the typed query's per-preset line (today's app)
116,0.920833,0.33878,0.70036,123,0.363889,0,b4,b6,+ the typed query's per-preset line (today's app)
117,0.922222,0.334748,0.70188,125,0.368056,0,b4,b6,+ the typed query's per-preset line (today's app)
118,0.925,0.331261,0.702449,124.5,0.370833,0,b4,b6,+ the typed query's per-preset line (today's app)
119,0.925,0.331259,0.703021,129,0.358333,0,b4,b6,+ the typed query's per-preset line (today's app)
120,0.925,0.327674,0.701279,129,0.365278,0,b4,b6,+ the typed query's per-preset line (today's app)
121,0.926389,0.327424,0.702656,130,0.359722,0,b4,b6,+ the typed query's per-preset line (today's app)
122,0.926389,0.323468,0.702685,133.5,0.365278,0,b4,b6,+ the typed query's per-preset line (today's app)
123,0.926389,0.328253,0.70568,129,0.3625,0,b4,b6,+ the typed query's per-preset line (today's app)
124,0.926389,0.331175,0.706543,123,0.359722,0,b4,b6,+ the typed query's per-preset line (today's app)
125,0.926389,0.334951,0.705837,124,0.363889,0,b4,b6,+ the typed query's per-preset line (today's app)
126,0.926389,0.33634,0.704736,125,0.352778,0,b4,b6,+ the typed query's per-preset line (today's app)
127,0.926389,0.335816,0.702262,124,0.354167,0,b4,b6,+ the typed query's per-preset line (today's app)
128,0.927778,0.34121,0.703964,119.5,0.358333,0,b4,b6,+ the typed query's per-preset line (today's app)
129,0.929167,0.342129,0.702594,123,0.351389,0,b4,b6,+ the typed query's per-preset line (today's app)
130,0.929167,0.345464,0.701754,116,0.348611,0,b4,b6,+ the typed query's per-preset line (today's app)
131,0.929167,0.351284,0.701086,116,0.351389,0,b4,b6,+ the typed query's per-preset line (today's app)
132,0.930556,0.355042,0.701386,116,0.348611,0,b4,b6,+ the typed query's per-preset line (today's app)
133,0.931944,0.355324,0.702622,119.5,0.358333,0,b4,b6,+ the typed query's per-preset line (today's app)
134,0.933333,0.355029,0.704371,121,0.361111,0,b4,b6,+ the typed query's per-preset line (today's app)
135,0.9375,0.354999,0.707892,124,0.363889,0,b4,b6,+ the typed query's per-preset line (today's app)
136,0.940278,0.349533,0.71132,122.5,0.370833,0,b4,b6,+ the typed query's per-preset line (today's app)
137,0.943056,0.344043,0.715621,132.5,0.380556,0,b4,b6,+ the typed query's per-preset line (today's app)
138,0.943056,0.339408,0.718257,135.5,0.375,0,b4,b6,+ the typed query's per-preset line (today's app)
139,0.943056,0.334693,0.717092,139,0.376389,0,b4,b6,+ the typed query's per-preset line (today's app)
140,0.943056,0.333748,0.718299,137,0.384722,0,b4,b6,+ the typed query's per-preset line (today's app)
141,0.943056,0.33103,0.719538,138,0.391667,0,b4,b6,+ the typed query's per-preset line (today's app)
142,0.943056,0.325233,0.71705,141.5,0.395833,0,b4,b6,+ the typed query's per-preset line (today's app)
143,0.943056,0.326092,0.719434,146,0.4,0,b4,b6,+ the typed query's per-preset line (today's app)
144,0.944444,0.334218,0.71799,139.5,0.394444,0,b4,b6,+ the typed query's per-preset line (today's app)
145,0.947222,0.34171,0.716138,134,0.372222,0,b4,b6,+ the typed query's per-preset line (today's app)
146,0.951389,0.350156,0.717211,131.5,0.381944,0,b4,b6,+ the typed query's per-preset line (today's app)
147,0.951389,0.352897,0.714825,132,0.376389,0,b4,b6,+ the typed query's per-preset line (today's app)
148,0.951389,0.354202,0.716804,126.5,0.377778,0,b4,b6,+ the typed query's per-preset line (today's app)
149,0.951389,0.356055,0.716412,128.5,0.377778,0,b4,b6,+ the typed query's per-preset line (today's app)
150,0.951389,0.355762,0.714873,125,0.370833,0,b4,b6,+ the typed query's per-preset line (today's app)
0,0,0.168161,0.579668,199.001,0.491667,0,b4,b7,+ the detector walk (not shipped)
1,0,0.168161,0.579668,199.001,0.491667,0,b4,b7,+ the detector walk (not shipped)
2,0,0.168161,0.579668,199.001,0.491667,0,b4,b7,+ the detector walk (not shipped)
3,0,0.168161,0.579668,199.001,0.491667,0,b4,b7,+ the detector walk (not shipped)
4,0,0.168161,0.579668,199.001,0.491667,0,b4,b7,+ the detector walk (not shipped)
5,0,0.168161,0.579668,199.001,0.491667,0,b4,b7,+ the detector walk (not shipped)
6,0,0.168161,0.579668,199.001,0.491667,0,b4,b7,+ the detector walk (not shipped)
7,0,0.168161,0.579668,199.001,0.491667,0,b4,b7,+ the detector walk (not shipped)
8,0,0.168161,0.579668,199.001,0.491667,0,b4,b7,+ the detector walk (not shipped)
9,0,0.168161,0.579668,199.001,0.491667,0,b4,b7,+ the detector walk (not shipped)
10,0,0.168161,0.579668,199.001,0.491667,0,b4,b7,+ the detector walk (not shipped)
11,0,0.168161,0.579668,199.001,0.491667,0,b4,b7,+ the detector walk (not shipped)
12,0,0.168161,0.579668,199.001,0.491667,0,b4,b7,+ the detector walk (not shipped)
13,0,0.168161,0.579668,199.001,0.491667,0,b4,b7,+ the detector walk (not shipped)
14,0,0.168161,0.579668,199.001,0.491667,0,b4,b7,+ the detector walk (not shipped)
15,0,0.168161,0.579668,199.001,0.491667,0,b4,b7,+ the detector walk (not shipped)
16,0,0.168161,0.579668,199.001,0.491667,0,b4,b7,+ the detector walk (not shipped)
17,0,0.168161,0.579668,199.001,0.491667,0,b4,b7,+ the detector walk (not shipped)
18,0,0.168161,0.579668,199.001,0.491667,0,b4,b7,+ the detector walk (not shipped)
19,0,0.168161,0.579668,199.001,0.491667,0,b4,b7,+ the detector walk (not shipped)
20,0,0.168161,0.579668,199.001,0.491667,0,b4,b7,+ the detector walk (not shipped)
21,0,0.168161,0.579668,199.001,0.491667,0,b4,b7,+ the detector walk (not shipped)
22,0,0.168161,0.579668,199.001,0.491667,0,b4,b7,+ the detector walk (not shipped)
23,0.00277778,0.168095,0.578638,198.997,0.488889,0,b4,b7,+ the detector walk (not shipped)
24,0.222222,0.261406,0.533716,175.997,0.4,0,b4,b7,+ the detector walk (not shipped)
25,0.3125,0.290799,0.520394,140.003,0.341667,0,b4,b7,+ the detector walk (not shipped)
26,0.380556,0.299981,0.518956,126.002,0.318056,0,b4,b7,+ the detector walk (not shipped)
27,0.411111,0.31413,0.52068,115.498,0.304167,0,b4,b7,+ the detector walk (not shipped)
28,0.445833,0.321912,0.51576,109.001,0.280556,0,b4,b7,+ the detector walk (not shipped)
29,0.468056,0.331285,0.517368,109.001,0.270833,0,b4,b7,+ the detector walk (not shipped)
30,0.481944,0.347058,0.516049,102.999,0.2625,0,b4,b7,+ the detector walk (not shipped)
31,0.493056,0.354054,0.512856,95,0.247222,0,b4,b7,+ the detector walk (not shipped)
32,0.506944,0.356492,0.513071,94.0014,0.240278,0,b4,b7,+ the detector walk (not shipped)
33,0.516667,0.363562,0.511305,94,0.236111,0,b4,b7,+ the detector walk (not shipped)
34,0.534722,0.372038,0.507563,94.0037,0.227778,0,b4,b7,+ the detector walk (not shipped)
35,0.541667,0.380303,0.50415,92.0025,0.225,0,b4,b7,+ the detector walk (not shipped)
36,0.548611,0.370645,0.512016,93,0.223611,0,b4,b7,+ the detector walk (not shipped)
37,0.559722,0.362522,0.517355,93.9952,0.219444,0,b4,b7,+ the detector walk (not shipped)
38,0.570833,0.355832,0.522396,95.0001,0.216667,0,b4,b7,+ the detector walk (not shipped)
39,0.572222,0.359178,0.523329,93.9952,0.218056,0,b4,b7,+ the detector walk (not shipped)
40,0.583333,0.35826,0.525636,93,0.215278,0,b4,b7,+ the detector walk (not shipped)
41,0.588889,0.360099,0.525593,93,0.211111,0,b4,b7,+ the detector walk (not shipped)
42,0.597222,0.358611,0.529012,93.0001,0.2125,0,b4,b7,+ the detector walk (not shipped)
43,0.6125,0.363455,0.528771,93.9952,0.205556,0,b4,b7,+ the detector walk (not shipped)
44,0.622222,0.361516,0.53153,93,0.205556,0,b4,b7,+ the detector walk (not shipped)
45,0.627778,0.357387,0.534795,93.998,0.209722,0,b4,b7,+ the detector walk (not shipped)
46,0.638889,0.356329,0.538725,95.0001,0.208333,0,b4,b7,+ the detector walk (not shipped)
47,0.645833,0.359211,0.540003,93.0034,0.213889,0,b4,b7,+ the detector walk (not shipped)
48,0.65,0.359923,0.540659,93,0.211111,0,b4,b7,+ the detector walk (not shipped)
49,0.6625,0.362941,0.542468,92.0025,0.209722,0,b4,b7,+ the detector walk (not shipped)
50,0.665278,0.361528,0.54374,93.9952,0.209722,0,b4,b7,+ the detector walk (not shipped)
51,0.676389,0.364003,0.544332,94.0023,0.208333,0,b4,b7,+ the detector walk (not shipped)
52,0.681944,0.365067,0.545592,94.0023,0.208333,0,b4,b7,+ the detector walk (not shipped)
53,0.690278,0.368921,0.545953,93.4998,0.208333,0,b4,b7,+ the detector walk (not shipped)
54,0.698611,0.373469,0.545632,93.0026,0.205556,0,b4,b7,+ the detector walk (not shipped)
55,0.704167,0.376199,0.546576,93,0.205556,0,b4,b7,+ the detector walk (not shipped)
56,0.711111,0.375137,0.547503,92.9983,0.202778,0,b4,b7,+ the detector walk (not shipped)
57,0.716667,0.378602,0.548954,91.5027,0.206944,0,b4,b7,+ the detector walk (not shipped)
58,0.723611,0.381596,0.549062,91.5027,0.205556,0,b4,b7,+ the detector walk (not shipped)
59,0.723611,0.382117,0.548316,91.0047,0.204167,0,b4,b7,+ the detector walk (not shipped)
60,0.726389,0.380367,0.553508,92.0025,0.208333,0,b4,b7,+ the detector walk (not shipped)
61,0.730556,0.384691,0.555256,91.0032,0.206944,0,b4,b7,+ the detector walk (not shipped)
62,0.734722,0.386202,0.556026,88.5001,0.208333,0,b4,b7,+ the detector walk (not shipped)
63,0.740278,0.389143,0.560504,88.5001,0.213889,0,b4,b7,+ the detector walk (not shipped)
64,0.744444,0.392816,0.564229,88,0.215278,0,b4,b7,+ the detector walk (not shipped)
65,0.745833,0.391023,0.566075,89.9985,0.209722,0,b4,b7,+ the detector walk (not shipped)
66,0.752778,0.393323,0.572542,90,0.216667,0,b4,b7,+ the detector walk (not shipped)
67,0.759722,0.388838,0.577267,91.0047,0.223611,0,b4,b7,+ the detector walk (not shipped)
68,0.761111,0.389825,0.577362,91.0012,0.223611,0,b4,b7,+ the detector walk (not shipped)
69,0.761111,0.394043,0.579574,89.4985,0.227778,0,b4,b7,+ the detector walk (not shipped)
70,0.769444,0.393844,0.582492,92,0.229167,0,b4,b7,+ the detector walk (not shipped)
71,0.772222,0.393087,0.585942,89.4985,0.230556,0,b4,b7,+ the detector walk (not shipped)
72,0.777778,0.39131,0.589466,93,0.233333,0,b4,b7,+ the detector walk (not shipped)
73,0.784722,0.383653,0.592298,93.998,0.2375,0,b4,b7,+ the detector walk (not shipped)
74,0.7875,0.376215,0.59744,93.998,0.234722,0,b4,b7,+ the detector walk (not shipped)
75,0.793056,0.370285,0.601527,96.9976,0.243056,0,b4,b7,+ the detector walk (not shipped)
76,0.794444,0.36626,0.606059,97,0.245833,0,b4,b7,+ the detector walk (not shipped)
77,0.798611,0.361658,0.608768,98,0.251389,0,b4,b7,+ the detector walk (not shipped)
78,0.804167,0.360795,0.61179,97.5026,0.255556,0,b4,b7,+ the detector walk (not shipped)
79,0.808333,0.359668,0.61534,101.5,0.258333,0,b4,b7,+ the detector walk (not shipped)
80,0.809722,0.364521,0.617019,103,0.263889,0,b4,b7,+ the detector walk (not shipped)
81,0.8125,0.367273,0.619818,101,0.255556,0,b4,b7,+ the detector walk (not shipped)
82,0.813889,0.369873,0.61877,99.5016,0.252778,0,b4,b7,+ the detector walk (not shipped)
83,0.815278,0.372372,0.619661,97.0026,0.263889,0,b4,b7,+ the detector walk (not shipped)
84,0.816667,0.36815,0.623127,103,0.261111,0,b4,b7,+ the detector walk (not shipped)
85,0.820833,0.368243,0.624205,102.003,0.2625,0,b4,b7,+ the detector walk (not shipped)
86,0.829167,0.372332,0.627489,102.003,0.270833,0,b4,b7,+ the detector walk (not shipped)
87,0.830556,0.370428,0.62633,101,0.265278,0,b4,b7,+ the detector walk (not shipped)
88,0.830556,0.374666,0.624775,102,0.2625,0,b4,b7,+ the detector walk (not shipped)
89,0.838889,0.374981,0.62929,101.503,0.266667,0,b4,b7,+ the detector walk (not shipped)
90,0.841667,0.374539,0.626858,101.5,0.270833,0,b4,b7,+ the detector walk (not shipped)
91,0.841667,0.369634,0.629642,100.502,0.270833,0,b4,b7,+ the detector walk (not shipped)
92,0.843056,0.367376,0.631977,105,0.269444,0,b4,b7,+ the detector walk (not shipped)
93,0.848611,0.367336,0.637344,103,0.284722,0,b4,b7,+ the detector walk (not shipped)
94,0.85,0.364949,0.637645,105,0.276389,0,b4,b7,+ the detector walk (not shipped)
95,0.852778,0.361776,0.639078,105.5,0.277778,0,b4,b7,+ the detector walk (not shipped)
96,0.855556,0.358014,0.64279,109.503,0.2875,0,b4,b7,+ the detector walk (not shipped)
97,0.858333,0.353366,0.647113,113.5,0.297222,0,b4,b7,+ the detector walk (not shipped)
98,0.861111,0.35338,0.648723,114.5,0.294444,0,b4,b7,+ the detector walk (not shipped)
99,0.866667,0.352545,0.652193,117,0.304167,0,b4,b7,+ the detector walk (not shipped)
100,0.866667,0.35037,0.653572,117,0.298611,0,b4,b7,+ the detector walk (not shipped)
101,0.870833,0.34909,0.658173,117.5,0.316667,0,b4,b7,+ the detector walk (not shipped)
102,0.876389,0.349626,0.659063,115,0.319444,0,b4,b7,+ the detector walk (not shipped)
103,0.876389,0.347395,0.659261,117,0.320833,0,b4,b7,+ the detector walk (not shipped)
104,0.880556,0.346383,0.663913,118.5,0.329167,0,b4,b7,+ the detector walk (not shipped)
105,0.884722,0.34658,0.664546,120.5,0.330556,0,b4,b7,+ the detector walk (not shipped)
106,0.890278,0.344434,0.666642,124.499,0.3375,0,b4,b7,+ the detector walk (not shipped)
107,0.893056,0.348911,0.667554,120,0.343056,0,b4,b7,+ the detector walk (not shipped)
108,0.894444,0.34812,0.669885,118,0.344444,0,b4,b7,+ the detector walk (not shipped)
109,0.897222,0.346913,0.671545,120.5,0.351389,0,b4,b7,+ the detector walk (not shipped)
110,0.897222,0.347292,0.670563,121,0.347222,0,b4,b7,+ the detector walk (not shipped)
111,0.898611,0.347143,0.670816,121.5,0.338889,0,b4,b7,+ the detector walk (not shipped)
112,0.901389,0.350272,0.670768,117,0.343056,0,b4,b7,+ the detector walk (not shipped)
113,0.904167,0.351345,0.672415,121,0.348611,0,b4,b7,+ the detector walk (not shipped)
114,0.905556,0.348637,0.675404,124,0.359722,0,b4,b7,+ the detector walk (not shipped)
115,0.905556,0.345014,0.675912,125,0.3625,0,b4,b7,+ the detector walk (not shipped)
116,0.905556,0.340987,0.679249,129.5,0.366667,0,b4,b7,+ the detector walk (not shipped)
117,0.906944,0.335462,0.681897,135,0.366667,0,b4,b7,+ the detector walk (not shipped)
118,0.911111,0.328102,0.685395,135.5,0.3625,0,b4,b7,+ the detector walk (not shipped)
119,0.9125,0.327171,0.687037,137,0.363889,0,b4,b7,+ the detector walk (not shipped)
120,0.916667,0.323718,0.68954,140,0.368056,0,b4,b7,+ the detector walk (not shipped)
121,0.918056,0.321506,0.689543,143,0.365278,0,b4,b7,+ the detector walk (not shipped)
122,0.918056,0.322122,0.69224,144,0.370833,0,b4,b7,+ the detector walk (not shipped)
123,0.918056,0.323347,0.693819,143,0.383333,0,b4,b7,+ the detector walk (not shipped)
124,0.919444,0.327835,0.692707,138,0.380556,0,b4,b7,+ the detector walk (not shipped)
125,0.919444,0.331445,0.692929,141.5,0.380556,0,b4,b7,+ the detector walk (not shipped)
126,0.920833,0.3349,0.693529,137.5,0.383333,0,b4,b7,+ the detector walk (not shipped)
127,0.920833,0.335877,0.694969,142.5,0.391667,0,b4,b7,+ the detector walk (not shipped)
128,0.920833,0.339849,0.694156,143,0.384722,0,b4,b7,+ the detector walk (not shipped)
129,0.922222,0.341794,0.693665,142,0.369444,0,b4,b7,+ the detector walk (not shipped)
130,0.922222,0.345452,0.692746,137,0.376389,0,b4,b7,+ the detector walk (not shipped)
131,0.922222,0.351928,0.692219,139,0.366667,0,b4,b7,+ the detector walk (not shipped)
132,0.923611,0.354264,0.694669,135,0.366667,0,b4,b7,+ the detector walk (not shipped)
133,0.923611,0.355785,0.695189,137,0.368056,0,b4,b7,+ the detector walk (not shipped)
134,0.923611,0.358501,0.693022,131,0.356944,0,b4,b7,+ the detector walk (not shipped)
135,0.925,0.355325,0.697313,142,0.366667,0,b4,b7,+ the detector walk (not shipped)
136,0.927778,0.347679,0.698507,143.5,0.381944,0,b4,b7,+ the detector walk (not shipped)
137,0.927778,0.342876,0.695087,138,0.370833,0,b4,b7,+ the detector walk (not shipped)
138,0.927778,0.340746,0.698179,139.5,0.376389,0,b4,b7,+ the detector walk (not shipped)
139,0.927778,0.33555,0.698469,143,0.386111,0,b4,b7,+ the detector walk (not shipped)
140,0.927778,0.332612,0.699615,143,0.384722,0,b4,b7,+ the detector walk (not shipped)
141,0.929167,0.329919,0.703219,145,0.397222,0,b4,b7,+ the detector walk (not shipped)
142,0.929167,0.324438,0.708018,148,0.404167,0,b4,b7,+ the detector walk (not shipped)
143,0.929167,0.325019,0.705454,149,0.4,0,b4,b7,+ the detector walk (not shipped)
144,0.930556,0.331899,0.704738,146,0.386111,0,b4,b7,+ the detector walk (not shipped)
145,0.931944,0.341263,0.7037,144,0.372222,0,b4,b7,+ the detector walk (not shipped)
146,0.931944,0.352009,0.700212,138,0.356944,0,b4,b7,+ the detector walk (not shipped)
147,0.931944,0.355586,0.697753,129.5,0.368056,0,b4,b7,+ the detector walk (not shipped)
148,0.931944,0.357222,0.69661,128.5,0.358333,0,b4,b7,+ the detector walk (not shipped)
149,0.934722,0.358483,0.697283,126,0.359722,0,b4,b7,+ the detector walk (not shipped)
150,0.934722,0.359558,0.698499,124,0.354167,0,b4,b7,+ the detector walk (not shipped)
