dataset,band,t,cost_fp16,cost_fp32,ap_fp16,ap_fp32,n
coco_val,above_4x,2,0.622334,0.6222057142857143,0.3623071428571429,0.3623748571428571,7
coco_val,above_4x,3,0.54300425,0.54285425,0.42371133333333333,0.42373016666666663,12
coco_val,above_4x,4,0.23247027083333335,0.23252060416666667,0.7919561354166667,0.7919559895833334,96
coco_val,above_4x,5,0.22677197916666667,0.22819634375,0.8072687916666667,0.8072681979166667,96
coco_val,above_4x,6,0.21352069791666664,0.21850604166666665,0.8149361979166666,0.8149684583333333,96
coco_val,above_4x,7,0.20873433333333333,0.20754255208333336,0.8179346770833332,0.8179401145833333,96
coco_val,above_4x,8,0.20668403125,0.20853998958333334,0.81939421875,0.82069771875,96
coco_val,above_4x,9,0.20123261458333333,0.21363954166666665,0.8216395416666668,0.8190913750000001,96
coco_val,above_4x,10,0.19307360416666666,0.19150355208333333,0.8212109166666667,0.8215135729166666,96
coco_val,above_4x,11,0.1982874375,0.19688094791666666,0.8228868541666667,0.8177260833333334,96
coco_val,above_4x,12,0.19534227083333333,0.21017885416666668,0.8287607916666667,0.8131601666666667,96
coco_val,above_4x,13,0.18713564583333334,0.19072027083333332,0.82526309375,0.8212571041666666,96
coco_val,above_4x,14,0.17910275,0.18992969791666667,0.8245424583333333,0.8233148541666666,96
coco_val,above_4x,15,0.18587702083333332,0.19107530208333334,0.8253281979166666,0.81896590625,96
coco_val,above_4x,16,0.18700611458333335,0.190131375,0.8211008229166666,0.8171007291666667,96
coco_val,above_4x,17,0.18189129166666665,0.18662082291666668,0.82127846875,0.8162134166666667,96
coco_val,above_4x,18,0.1789065,0.18488022916666666,0.8210770104166666,0.8167787604166666,96
coco_val,above_4x,19,0.17844346874999997,0.18364458333333333,0.8221827083333334,0.8205996562500001,96
coco_val,above_4x,20,0.18531953125,0.18500358333333333,0.8210208333333333,0.8222212604166667,96
coco_val,above_4x,21,0.18418355208333334,0.18376520833333332,0.8224199895833334,0.8259508437499999,96
coco_val,above_4x,22,0.18063398958333332,0.17681744791666668,0.8242851145833333,0.8268277604166667,96
coco_val,above_4x,23,0.18219893750000002,0.17828884374999998,0.8254126666666667,0.82900796875,96
coco_val,above_4x,24,0.17612096875000002,0.17726566666666665,0.8231395729166667,0.8289802604166666,96
coco_val,above_4x,25,0.17598744791666665,0.17654648958333333,0.8277896666666668,0.8286734166666667,96
coco_val,above_4x,26,0.16956056249999998,0.17547232291666667,0.8290010416666668,0.8283720416666666,96
coco_val,above_4x,27,0.16752505208333335,0.17322215625,0.8297292083333333,0.8279548645833333,96
coco_val,above_4x,28,0.16542152083333334,0.17484432291666666,0.8290881145833334,0.8303074270833334,96
coco_val,above_4x,29,0.16789105208333333,0.17506432291666665,0.8286592708333332,0.8329834374999999,96
coco_val,above_4x,30,0.1670916354166667,0.16786423958333332,0.8314807291666666,0.8337038958333333,96
coco_val,above_4x,31,0.16875926041666667,0.1684775625,0.8306048958333333,0.8346553229166668,96
coco_val,above_4x,32,0.16538595833333333,0.16676515625,0.8313255104166667,0.83597709375,96
coco_val,above_4x,33,0.16380094791666666,0.1628480625,0.8320641875,0.8366667708333333,96
coco_val,above_4x,34,0.16164429166666666,0.16779973958333336,0.83409625,0.8397988229166667,96
coco_val,above_4x,35,0.160640375,0.16329959375,0.8345875833333333,0.8410512708333333,96
coco_val,above_4x,36,0.16140026041666666,0.16303814583333334,0.8350776562500001,0.8426464166666667,96
coco_val,above_4x,37,0.1596919375,0.15818139583333332,0.8352092395833334,0.84289303125,96
coco_val,above_4x,38,0.15870132291666667,0.15730344791666667,0.8344302395833334,0.84488834375,96
coco_val,above_4x,39,0.15829108333333333,0.15836198958333333,0.8359096354166667,0.8454917812499999,96
coco_val,above_4x,40,0.15548660416666668,0.15688707291666668,0.8370318020833333,0.8449607604166666,96
coco_val,above_4x,41,0.15583943749999998,0.15578484374999998,0.8376035104166667,0.8457404166666667,96
coco_val,above_4x,42,0.15351547916666666,0.15446897916666666,0.8381509583333333,0.8466679583333333,96
coco_val,above_4x,43,0.15282735416666668,0.15661042708333334,0.8385795729166667,0.8476681666666667,96
coco_val,above_4x,44,0.15311638541666667,0.15343763541666666,0.8395503958333334,0.8477675208333334,96
coco_val,above_4x,45,0.15039338541666666,0.15276370833333333,0.8401048854166667,0.8489905625,96
coco_val,above_4x,46,0.14742980208333334,0.15375775,0.8398835833333332,0.8490315208333333,96
coco_val,above_4x,47,0.14833688541666665,0.14958991666666668,0.8416986562500001,0.8501888333333333,96
coco_val,above_4x,48,0.14989446874999998,0.15270254166666666,0.8433514375,0.8507324479166667,96
coco_val,above_4x,49,0.15231290625,0.15144579166666666,0.8450154375,0.8509643020833333,96
coco_val,above_4x,50,0.15008585416666667,0.15003175,0.8459994166666666,0.8507570729166667,96
coco_val,above_4x,51,0.15155779166666666,0.15458125,0.8480926041666667,0.8515231041666667,96
coco_val,above_4x,52,0.14961089583333334,0.15595537499999998,0.8499371562500001,0.8523843645833334,96
coco_val,above_4x,53,0.15222032291666668,0.1554536875,0.8503861145833334,0.8530529479166667,96
coco_val,above_4x,54,0.15147313541666665,0.15659452083333333,0.8511278437500001,0.8530038020833333,96
coco_val,above_4x,55,0.1479623125,0.15609427083333333,0.8528779895833334,0.8538286770833333,96
coco_val,above_4x,56,0.1500345625,0.15615557291666668,0.8534518958333334,0.8536180729166666,96
coco_val,above_4x,57,0.15076834375,0.15565221875,0.8545235,0.8535854479166667,96
coco_val,above_4x,58,0.15186994791666666,0.15508030208333332,0.8552696770833333,0.8534179479166667,96
coco_val,above_4x,59,0.15415861458333333,0.15250367708333332,0.8551024166666666,0.8551699479166667,96
coco_val,above_4x,60,0.15318451041666667,0.14760329166666666,0.8555377916666668,0.8554009791666667,96
coco_val,above_4x,61,0.15142954166666667,0.15188284375,0.8563277187499999,0.8563737708333333,96
coco_val,above_4x,62,0.15333004166666667,0.15045754166666667,0.8562593854166667,0.8565478854166666,96
coco_val,above_4x,63,0.15164141666666667,0.14804145833333335,0.85540115625,0.8586428958333333,96
coco_val,above_4x,64,0.14862998958333332,0.14886375,0.85623440625,0.8590882708333334,96
coco_val,above_4x,65,0.14658088541666667,0.14801908333333333,0.8555925416666667,0.85897284375,96
coco_val,above_4x,66,0.14513830208333334,0.14272282291666666,0.85689846875,0.8597840520833334,96
coco_val,above_4x,67,0.14527320833333332,0.14226592708333333,0.8578958645833333,0.8600030729166667,96
coco_val,above_4x,68,0.14321296875,0.14048572916666666,0.85793496875,0.8607698333333333,96
coco_val,above_4x,69,0.14387634375,0.1388515,0.8580803854166666,0.8617966770833334,96
coco_val,above_4x,70,0.14527963541666666,0.14173530208333332,0.8595672812499999,0.86202465625,96
coco_val,above_4x,71,0.14296036458333333,0.13981073958333332,0.8606135104166667,0.8607662916666667,96
coco_val,above_4x,72,0.14272190625,0.13869585416666666,0.8610465,0.862412375,96
coco_val,above_4x,73,0.14519236458333332,0.13913785416666666,0.8611162812500001,0.8630801354166667,96
coco_val,above_4x,74,0.14403263541666667,0.13722719791666668,0.8618791875,0.8644761041666666,96
coco_val,above_4x,75,0.14190661458333334,0.13636410416666667,0.8623817291666667,0.8647289791666667,96
coco_val,above_4x,76,0.14259707291666665,0.13646823958333335,0.8628241041666667,0.8639138645833334,96
coco_val,above_4x,77,0.1410563125,0.13346910416666666,0.8633439791666667,0.8637370520833333,96
coco_val,above_4x,78,0.13870280208333333,0.1321123125,0.8638215520833333,0.8637873125,96
coco_val,above_4x,79,0.14025570833333334,0.1334625,0.8641303229166667,0.8641520208333334,96
coco_val,above_4x,80,0.13943969791666666,0.13321308333333334,0.866285875,0.8676503958333334,96
coco_val,above_4x,81,0.13819719791666665,0.13215667708333334,0.866943875,0.8671735208333334,96
coco_val,above_4x,82,0.13846664583333332,0.13351171875,0.86769621875,0.8673438541666667,96
coco_val,above_4x,83,0.1392625625,0.13483117708333334,0.8677508125000001,0.8659399270833333,96
coco_val,above_4x,84,0.13812651041666665,0.13465616666666666,0.8683445833333333,0.8672191979166667,96
coco_val,above_4x,85,0.13590547916666665,0.13358965625,0.8690565833333334,0.8674052916666667,96
coco_val,above_4x,86,0.13730609375,0.131185,0.8688450520833334,0.8676910520833333,96
coco_val,above_4x,87,0.13498169791666667,0.13231615625,0.8690051458333333,0.8691506979166667,96
coco_val,above_4x,88,0.13633544791666666,0.131697125,0.8688104479166667,0.86979384375,96
coco_val,above_4x,89,0.1362030625,0.13434046875,0.8699208229166667,0.8702931875000001,96
coco_val,above_4x,90,0.13597085416666668,0.13350747916666666,0.8704625833333334,0.87032984375,96
coco_val,above_4x,91,0.13672859375,0.13372202083333334,0.87048778125,0.8712808229166668,96
coco_val,above_4x,92,0.13738782291666665,0.13486198958333334,0.8703836875,0.8720607187499999,96
coco_val,above_4x,93,0.13538982291666665,0.13470602083333333,0.8703375833333333,0.8722849479166667,96
coco_val,above_4x,94,0.13802551041666666,0.13525866666666667,0.8713512291666666,0.87339340625,96
coco_val,above_4x,95,0.14123597916666666,0.13768194791666666,0.87240678125,0.8738628958333333,96
coco_val,above_4x,96,0.14137069791666668,0.13560104166666667,0.8725049791666667,0.8746604583333334,96
coco_val,above_4x,97,0.14067080208333332,0.13835811458333333,0.87267815625,0.8747426770833333,96
coco_val,above_4x,98,0.13869004166666668,0.13824580208333334,0.8724394583333334,0.8752832916666667,96
coco_val,above_4x,99,0.13606379166666668,0.1377215,0.8722437083333333,0.8762267916666667,96
coco_val,above_4x,100,0.13709409375,0.13509007291666666,0.8725270833333334,0.87663346875,96
coco_val,above_4x,101,0.13790111458333335,0.13393263541666667,0.8730122083333334,0.8769822708333334,96
coco_val,above_4x,102,0.13727617708333334,0.13349404166666667,0.8740238124999999,0.8771759270833334,96
coco_val,above_4x,103,0.1389126875,0.13306038541666668,0.8749140624999999,0.8773590729166667,96
coco_val,above_4x,104,0.1367493125,0.13145533333333334,0.87504290625,0.8779033333333334,96
coco_val,above_4x,105,0.13625238541666668,0.132968125,0.8757413125000001,0.8780910104166666,96
coco_val,above_4x,106,0.13652421875,0.13203180208333334,0.8743071875,0.87846128125,96
coco_val,above_4x,107,0.13662225,0.13122067708333332,0.8747904270833334,0.8790049166666667,96
coco_val,above_4x,108,0.13647914583333334,0.12994559375,0.8754292604166666,0.8796066770833333,96
coco_val,above_4x,109,0.13718288541666665,0.13120316666666668,0.8766281979166667,0.8800450729166668,96
coco_val,above_4x,110,0.13509920833333333,0.13245201041666668,0.87707146875,0.8805643229166668,96
coco_val,above_4x,111,0.13476492708333335,0.13409441666666666,0.87818565625,0.88133115625,96
coco_val,above_4x,112,0.13411483333333332,0.13374830208333333,0.87900053125,0.8816452708333333,96
coco_val,above_4x,113,0.13122597916666667,0.1324874375,0.879347375,0.8817122604166667,96
coco_val,above_4x,114,0.131117875,0.13271776041666666,0.879745125,0.881829125,96
coco_val,above_4x,115,0.13140227083333333,0.13145402083333332,0.8794360625,0.8822096666666667,96
coco_val,above_4x,116,0.13035844791666665,0.12958939583333334,0.8798700625000001,0.8821178541666667,96
coco_val,above_4x,117,0.12858913541666667,0.12933633333333333,0.88052078125,0.8825899062500001,96
coco_val,above_4x,118,0.12991671875,0.13001722916666666,0.8809150104166666,0.8827827708333333,96
coco_val,above_4x,119,0.12788994791666666,0.13121328125,0.8809207604166667,0.8828258854166666,96
coco_val,above_4x,120,0.12908889583333333,0.13040844791666667,0.8815426145833333,0.8829231979166666,96
coco_val,above_4x,121,0.12720405208333332,0.13060707291666665,0.8821409791666667,0.8828500104166667,96
coco_val,above_4x,122,0.12571428125,0.12955241666666667,0.8821720625,0.8831355833333333,96
coco_val,above_4x,123,0.127560625,0.12871240625,0.8834340104166666,0.8831413437500001,96
coco_val,above_4x,124,0.12327422916666668,0.12910998958333333,0.88389753125,0.883593,96
coco_val,above_4x,125,0.1237426875,0.12657765625,0.8834385625,0.88303621875,96
coco_val,above_4x,126,0.12479454166666666,0.12433442708333332,0.8835164791666666,0.8836184583333333,96
coco_val,above_4x,127,0.12383963541666666,0.12476722916666666,0.8837168125,0.8832689270833334,96
coco_val,above_4x,128,0.12308679166666665,0.12476535416666666,0.8846261666666666,0.8833093125000001,96
coco_val,above_4x,129,0.12328370833333334,0.12391825000000001,0.8848837291666666,0.8836680520833333,96
coco_val,above_4x,130,0.12214393750000001,0.12394979166666666,0.8851724895833333,0.8839033541666667,96
coco_val,above_4x,131,0.12042834375,0.122083125,0.8859056979166667,0.8838585729166667,96
coco_val,above_4x,132,0.1208173125,0.12401471874999999,0.8864023541666667,0.88414571875,96
coco_val,above_4x,133,0.11895653125,0.12432433333333333,0.8864666666666667,0.8847889375000001,96
coco_val,above_4x,134,0.12153514583333334,0.12142903125,0.8868513541666667,0.8851864166666666,96
coco_val,above_4x,135,0.11941598958333333,0.12254708333333332,0.8868918333333333,0.8855342395833333,96
coco_val,above_4x,136,0.12163886458333334,0.12393579166666667,0.8868596458333333,0.8857821458333333,96
coco_val,above_4x,137,0.12141507291666666,0.12348497916666666,0.8868963020833333,0.8859841354166668,96
coco_val,above_4x,138,0.12188295833333333,0.12220947916666668,0.8871092395833333,0.8864391041666666,96
coco_val,above_4x,139,0.12233711458333334,0.12113607291666667,0.8868756979166666,0.88660584375,96
coco_val,above_4x,140,0.12404948958333334,0.12090890625,0.8869761354166666,0.8862439583333334,96
coco_val,above_4x,141,0.12161272916666667,0.11944525,0.8869957708333334,0.8865696458333333,96
coco_val,above_4x,142,0.12204741666666667,0.12200143749999999,0.8872908854166667,0.8867483020833333,96
coco_val,above_4x,143,0.1214158125,0.11984768750000001,0.8876861041666667,0.8868547916666666,96
coco_val,above_4x,144,0.11909581250000001,0.12026339583333334,0.8879075625,0.8872535416666666,96
coco_val,above_4x,145,0.11892563541666666,0.11955115625,0.8882019375,0.8874070000000001,96
coco_val,above_4x,146,0.11930502083333333,0.12302894791666667,0.8885877187500001,0.8869222083333334,96
coco_val,above_4x,147,0.11957747916666667,0.12346502083333333,0.8883701979166667,0.8873361770833333,96
coco_val,above_4x,148,0.12132673958333333,0.12445426041666667,0.8886976875,0.8881971666666667,96
coco_val,above_4x,149,0.12050790625,0.12771782291666667,0.888815875,0.888373875,96
coco_val,above_4x,150,0.11966051041666666,0.12439492708333333,0.8888387291666667,0.8884219062500001,96
coco_val,leaf_to_4x,4,0.15568127083333333,0.15566966666666668,0.8854951458333334,0.8855053020833333,96
coco_val,leaf_to_4x,5,0.15144698958333333,0.14868284375,0.8830281458333333,0.8830348333333333,96
coco_val,leaf_to_4x,6,0.13549401041666667,0.14023070833333334,0.8827179791666667,0.8827189583333334,96
coco_val,leaf_to_4x,7,0.12361695833333335,0.12315282291666667,0.8828343541666667,0.8828367500000001,96
coco_val,leaf_to_4x,8,0.12215472916666666,0.11821508333333335,0.8871409375,0.8843972291666667,96
coco_val,leaf_to_4x,9,0.11973994791666666,0.12717503125,0.8890693229166667,0.8882161354166667,96
coco_val,leaf_to_4x,10,0.10826942708333333,0.11288795833333333,0.8918142604166667,0.8924483958333332,96
coco_val,leaf_to_4x,11,0.109377125,0.11030389583333333,0.8947928854166666,0.893253875,96
coco_val,leaf_to_4x,12,0.11550317708333334,0.11893196875,0.8950536041666667,0.8955683958333333,96
coco_val,leaf_to_4x,13,0.11099260416666668,0.1107514375,0.8965470416666667,0.8975811666666668,96
coco_val,leaf_to_4x,14,0.1037153125,0.10052608333333334,0.9001519895833333,0.9038696875,96
coco_val,leaf_to_4x,15,0.10420122916666667,0.10319236458333332,0.9021988125,0.9056483541666666,96
coco_val,leaf_to_4x,16,0.10186731249999999,0.10257291666666667,0.9021544479166667,0.9087361875000001,96
coco_val,leaf_to_4x,17,0.10142626041666668,0.10266211458333334,0.9045205104166666,0.909662375,96
coco_val,leaf_to_4x,18,0.10274733333333334,0.10136654166666666,0.9059461145833333,0.9107954791666667,96
coco_val,leaf_to_4x,19,0.10301942708333334,0.10001913541666667,0.90651965625,0.91201521875,96
coco_val,leaf_to_4x,20,0.09620861458333334,0.10156033333333332,0.9068165520833333,0.9132220208333334,96
coco_val,leaf_to_4x,21,0.10089866666666668,0.10264964583333334,0.9084558958333333,0.9140055104166667,96
coco_val,leaf_to_4x,22,0.10001802083333333,0.10244129166666667,0.9089061770833333,0.9143561666666667,96
coco_val,leaf_to_4x,23,0.10117032291666667,0.10069499999999999,0.9092646770833334,0.9147213750000001,96
coco_val,leaf_to_4x,24,0.09082863541666668,0.09523233333333332,0.9101880833333333,0.9150194791666667,96
coco_val,leaf_to_4x,25,0.09294882291666667,0.09312226041666666,0.9107150625,0.9161311354166667,96
coco_val,leaf_to_4x,26,0.08978453125000001,0.09073829166666668,0.9110812708333333,0.9167781354166666,96
coco_val,leaf_to_4x,27,0.08960804166666668,0.090449375,0.9121635104166667,0.9169232291666667,96
coco_val,leaf_to_4x,28,0.09155969791666667,0.08800372916666667,0.9131539895833334,0.9166504895833333,96
coco_val,leaf_to_4x,29,0.09082251041666667,0.09109976041666668,0.91451440625,0.9169762604166666,96
coco_val,leaf_to_4x,30,0.08725671875,0.08855788541666666,0.9145098854166666,0.9175165208333333,96
coco_val,leaf_to_4x,31,0.08963488541666666,0.09296053124999999,0.9144064166666667,0.9189751979166667,96
coco_val,leaf_to_4x,32,0.08996214583333334,0.095257,0.9142825833333333,0.9192502291666668,96
coco_val,leaf_to_4x,33,0.09062447916666666,0.0946551875,0.91468134375,0.9196761041666667,96
coco_val,leaf_to_4x,34,0.09462770833333334,0.09446836458333334,0.9143418541666667,0.9197364270833334,96
coco_val,leaf_to_4x,35,0.09126729166666665,0.09381820833333333,0.9152944791666666,0.9200155104166666,96
coco_val,leaf_to_4x,36,0.09149809375000001,0.09238383333333333,0.9181269583333332,0.9207645104166667,96
coco_val,leaf_to_4x,37,0.08944554166666667,0.09067247916666667,0.91865715625,0.921423125,96
coco_val,leaf_to_4x,38,0.08733288541666667,0.0923105,0.9191249895833334,0.9219046249999999,96
coco_val,leaf_to_4x,39,0.0870798125,0.09180131250000001,0.9207920104166667,0.92263034375,96
coco_val,leaf_to_4x,40,0.0858361875,0.09095112500000001,0.9214154166666666,0.9223476979166666,96
coco_val,leaf_to_4x,41,0.08851636458333334,0.09057795833333333,0.9210365625,0.9232143020833333,96
coco_val,leaf_to_4x,42,0.09222221874999999,0.0937824375,0.9213443854166666,0.9236367708333333,96
coco_val,leaf_to_4x,43,0.09264780208333334,0.09315436458333333,0.9220841979166666,0.92384603125,96
coco_val,leaf_to_4x,44,0.08860405208333333,0.08936184375,0.9222136041666666,0.9241275,96
coco_val,leaf_to_4x,45,0.0881389375,0.09126667708333334,0.9223779583333332,0.9245158958333333,96
coco_val,leaf_to_4x,46,0.08758995833333333,0.08976275,0.922844875,0.9242878333333334,96
coco_val,leaf_to_4x,47,0.08741145833333334,0.08647221875,0.9231594583333332,0.92453234375,96
coco_val,leaf_to_4x,48,0.08945183333333334,0.08897181250000001,0.9234318020833333,0.9254335208333333,96
coco_val,leaf_to_4x,49,0.08895617708333332,0.08890669791666667,0.92432290625,0.9257531145833333,96
coco_val,leaf_to_4x,50,0.08902488541666666,0.08910379166666667,0.9242312291666667,0.9257267916666666,96
coco_val,leaf_to_4x,51,0.0887746875,0.09364746875,0.92504690625,0.92592709375,96
coco_val,leaf_to_4x,52,0.08665058333333332,0.08825396875000001,0.9252663333333334,0.9267945416666666,96
coco_val,leaf_to_4x,53,0.08462417708333332,0.09032194791666666,0.92535265625,0.9268084583333334,96
coco_val,leaf_to_4x,54,0.08570094791666666,0.09078320833333332,0.9258103958333334,0.9272372604166667,96
coco_val,leaf_to_4x,55,0.08699069791666668,0.08996228125,0.9263514375,0.9271717291666667,96
coco_val,leaf_to_4x,56,0.08987747916666666,0.09167352083333334,0.9264019375,0.9281917812499999,96
coco_val,leaf_to_4x,57,0.08730031249999999,0.09339069791666667,0.9266996875000001,0.9281365416666666,96
coco_val,leaf_to_4x,58,0.08504967708333333,0.09108960416666667,0.9273111979166666,0.9281387291666667,96
coco_val,leaf_to_4x,59,0.08841462500000001,0.09325110416666667,0.9275281979166666,0.9276079583333333,96
coco_val,leaf_to_4x,60,0.08970466666666667,0.09008448958333333,0.9279825416666667,0.92797759375,96
coco_val,leaf_to_4x,61,0.08823711458333333,0.09270036458333332,0.928494875,0.9285515520833334,96
coco_val,leaf_to_4x,62,0.08364536458333333,0.09097986458333333,0.9289486979166667,0.9289098229166667,96
coco_val,leaf_to_4x,63,0.08626126041666667,0.09295965625000001,0.9291465208333333,0.9294171666666666,96
coco_val,leaf_to_4x,64,0.08823585416666667,0.09359048958333333,0.9291356145833333,0.92953371875,96
coco_val,leaf_to_4x,65,0.08745599999999999,0.09283877083333332,0.9293010833333333,0.9297456041666666,96
coco_val,leaf_to_4x,66,0.08474706250000001,0.09304250000000001,0.9293467395833334,0.9313110208333333,96
coco_val,leaf_to_4x,67,0.08470122916666667,0.0933175625,0.92942125,0.9313895,96
coco_val,leaf_to_4x,68,0.08649928125,0.08897966666666667,0.9292883854166667,0.9317503645833334,96
coco_val,leaf_to_4x,69,0.08158605208333333,0.08782632291666666,0.9294035833333334,0.9322761041666667,96
coco_val,leaf_to_4x,70,0.08145886458333333,0.08744234375,0.929298375,0.9323144791666667,96
coco_val,leaf_to_4x,71,0.081625,0.08749773958333333,0.92928271875,0.9330908125,96
coco_val,leaf_to_4x,72,0.08543186458333334,0.08796389583333332,0.9294615416666666,0.9335592916666666,96
coco_val,leaf_to_4x,73,0.08556573958333334,0.08651670833333334,0.9294942083333333,0.9335753854166667,96
coco_val,leaf_to_4x,74,0.08408610416666668,0.084290125,0.9296107291666668,0.9342109791666666,96
coco_val,leaf_to_4x,75,0.08404612500000001,0.08389667708333333,0.9292141145833334,0.9340540416666667,96
coco_val,leaf_to_4x,76,0.08337573958333333,0.08118064583333333,0.9291066666666666,0.9344814479166667,96
coco_val,leaf_to_4x,77,0.0817823125,0.08191528125,0.9296867916666667,0.93476571875,96
coco_val,leaf_to_4x,78,0.08194607291666667,0.08268418749999999,0.9297999583333333,0.9346100416666667,96
coco_val,leaf_to_4x,79,0.08131507291666666,0.08332397916666666,0.92898546875,0.9347558333333333,96
coco_val,leaf_to_4x,80,0.08145029166666666,0.08320591666666667,0.9297359791666667,0.93527003125,96
coco_val,leaf_to_4x,81,0.07932394791666667,0.08260152083333333,0.9302968125,0.9351582916666666,96
coco_val,leaf_to_4x,82,0.08266082291666667,0.08415754166666667,0.9308862708333333,0.9354415625,96
coco_val,leaf_to_4x,83,0.08454025,0.07989767708333333,0.9313471666666667,0.9353895104166666,96
coco_val,leaf_to_4x,84,0.0851333125,0.080969125,0.9302399479166666,0.93540140625,96
coco_val,leaf_to_4x,85,0.08049529166666666,0.08005601041666667,0.9304847291666666,0.9354007604166666,96
coco_val,leaf_to_4x,86,0.08298723958333333,0.08050398958333334,0.9317290312500001,0.93593659375,96
coco_val,leaf_to_4x,87,0.08316696875,0.07997278125,0.93273878125,0.9357754270833333,96
coco_val,leaf_to_4x,88,0.08116892708333333,0.08097304166666668,0.9327866354166666,0.9352228958333333,96
coco_val,leaf_to_4x,89,0.08329679166666666,0.08012567708333333,0.9332882291666666,0.9351105208333333,96
coco_val,leaf_to_4x,90,0.08420754166666666,0.08050855208333334,0.9337005729166666,0.93508478125,96
coco_val,leaf_to_4x,91,0.08433185416666666,0.08171654166666667,0.9338124687499999,0.935674,96
coco_val,leaf_to_4x,92,0.08379096874999999,0.0824369375,0.93349790625,0.9356683437500001,96
coco_val,leaf_to_4x,93,0.09014586458333333,0.0849158125,0.9334599583333333,0.9357810416666666,96
coco_val,leaf_to_4x,94,0.09122458333333333,0.08694004166666668,0.9349732395833333,0.93595225,96
coco_val,leaf_to_4x,95,0.08944078125,0.08675776041666666,0.9348869166666667,0.9362232708333332,96
coco_val,leaf_to_4x,96,0.08940038541666667,0.08688605208333333,0.934343625,0.9364913541666667,96
coco_val,leaf_to_4x,97,0.09012479166666666,0.0860245625,0.93441778125,0.9366692604166666,96
coco_val,leaf_to_4x,98,0.08770939583333333,0.0875173125,0.9348301770833333,0.9365401041666667,96
coco_val,leaf_to_4x,99,0.08853983333333333,0.08744420833333333,0.9349068645833333,0.9365459791666666,96
coco_val,leaf_to_4x,100,0.0916161875,0.08655919791666666,0.9347801041666667,0.936429125,96
coco_val,leaf_to_4x,101,0.09130697916666668,0.08655871875,0.9347676145833334,0.9365574375,96
coco_val,leaf_to_4x,102,0.08896309375,0.08828094791666667,0.9346662395833333,0.9364659583333333,96
coco_val,leaf_to_4x,103,0.090041125,0.08838480208333332,0.9348481041666666,0.9364953958333334,96
coco_val,leaf_to_4x,104,0.0893845625,0.08965200000000001,0.93454321875,0.9365819479166667,96
coco_val,leaf_to_4x,105,0.08907671875,0.08924991666666666,0.9345770520833333,0.9364677812500001,96
coco_val,leaf_to_4x,106,0.08865934375000001,0.08720327083333333,0.9344314895833333,0.9365755729166666,96
coco_val,leaf_to_4x,107,0.09381169791666666,0.09048094791666667,0.9348873229166667,0.9359412395833333,96
coco_val,leaf_to_4x,108,0.09200019791666668,0.09116071875,0.9348179583333334,0.9358156875,96
coco_val,leaf_to_4x,109,0.09387573958333334,0.09089317708333333,0.9348651354166666,0.9358773020833334,96
coco_val,leaf_to_4x,110,0.09271005208333333,0.09168267708333333,0.9350628958333332,0.9361157708333333,96
coco_val,leaf_to_4x,111,0.09249704166666667,0.09116801041666667,0.9350923854166666,0.9358592395833334,96
coco_val,leaf_to_4x,112,0.0926478125,0.09083233333333333,0.9351876145833334,0.9361360312499999,96
coco_val,leaf_to_4x,113,0.09228496874999999,0.09118060416666667,0.93559775,0.93615728125,96
coco_val,leaf_to_4x,114,0.09385042708333334,0.09174861458333333,0.9355266250000001,0.93637353125,96
coco_val,leaf_to_4x,115,0.0917951875,0.09096309375,0.9355798541666666,0.9364634479166667,96
coco_val,leaf_to_4x,116,0.09094654166666667,0.09006504166666666,0.9355575416666667,0.9365703645833333,96
coco_val,leaf_to_4x,117,0.09042882291666667,0.08838072916666667,0.9357986562499999,0.9368169895833334,96
coco_val,leaf_to_4x,118,0.09165113541666665,0.08797358333333333,0.9358957708333334,0.93706009375,96
coco_val,leaf_to_4x,119,0.09137766666666668,0.08910829166666667,0.9362480937500001,0.9368055000000001,96
coco_val,leaf_to_4x,120,0.09159053125,0.09155006249999999,0.9363166145833333,0.9368774062499999,96
coco_val,leaf_to_4x,121,0.08999869791666666,0.08975689583333334,0.9362449583333333,0.9371303541666666,96
coco_val,leaf_to_4x,122,0.09033432291666667,0.08767183333333334,0.9385377916666666,0.9373368854166667,96
coco_val,leaf_to_4x,123,0.08924584375,0.08951183333333333,0.93921203125,0.93746625,96
coco_val,leaf_to_4x,124,0.08560088541666666,0.089004625,0.9393235937500001,0.9378196354166667,96
coco_val,leaf_to_4x,125,0.08901702083333334,0.08824116666666666,0.9392149270833333,0.9381535104166666,96
coco_val,leaf_to_4x,126,0.08737433333333333,0.08581737499999999,0.9395534791666668,0.93866375,96
coco_val,leaf_to_4x,127,0.08903229166666667,0.08280985416666667,0.9395551666666666,0.9388758125,96
coco_val,leaf_to_4x,128,0.08762985416666667,0.08629302083333333,0.9396236041666667,0.93870803125,96
coco_val,leaf_to_4x,129,0.08775585416666666,0.08539198958333333,0.9398930416666667,0.9392009375,96
coco_val,leaf_to_4x,130,0.08549962500000001,0.08579631249999999,0.9397252083333334,0.9393192604166667,96
coco_val,leaf_to_4x,131,0.08549462499999999,0.08594884375,0.9400992812500001,0.9394048229166666,96
coco_val,leaf_to_4x,132,0.08257417708333332,0.08757185416666667,0.9401575104166667,0.9394656458333334,96
coco_val,leaf_to_4x,133,0.08223044791666666,0.08560501041666667,0.93982990625,0.9396973333333333,96
coco_val,leaf_to_4x,134,0.08606822916666666,0.08314415625,0.9397366770833333,0.9398928541666667,96
coco_val,leaf_to_4x,135,0.08675899999999999,0.08705542708333334,0.9399538125000001,0.9398512812500001,96
coco_val,leaf_to_4x,136,0.08620805208333333,0.08923460416666666,0.9400748854166667,0.939986375,96
coco_val,leaf_to_4x,137,0.08603155208333334,0.08884513541666667,0.9403380625,0.94001728125,96
coco_val,leaf_to_4x,138,0.08521098958333334,0.08900332291666667,0.9404611041666667,0.9400130416666667,96
coco_val,leaf_to_4x,139,0.08394911458333333,0.09003503125000001,0.94055475,0.94011990625,96
coco_val,leaf_to_4x,140,0.08492177083333334,0.08778332291666667,0.9405991875,0.9401901874999999,96
coco_val,leaf_to_4x,141,0.0873493125,0.08687523958333333,0.9406374166666667,0.9405411979166667,96
coco_val,leaf_to_4x,142,0.08632245833333334,0.08649465625000001,0.9409674270833334,0.94047459375,96
coco_val,leaf_to_4x,143,0.08520902083333333,0.08824784375,0.94143759375,0.9406320625000001,96
coco_val,leaf_to_4x,144,0.0830625625,0.08369871875,0.9415483229166667,0.9408136666666667,96
coco_val,leaf_to_4x,145,0.08279723958333333,0.08356039583333334,0.9417569270833334,0.9408203645833333,96
coco_val,leaf_to_4x,146,0.08183362500000001,0.08286182291666667,0.9420453020833333,0.94110859375,96
coco_val,leaf_to_4x,147,0.08055171875,0.084061375,0.9423127187500001,0.94105615625,96
coco_val,leaf_to_4x,148,0.07915770833333334,0.08514673958333334,0.9423530104166667,0.9411262604166667,96
coco_val,leaf_to_4x,149,0.07963339583333333,0.08592539583333332,0.9424087395833333,0.9410708020833334,96
coco_val,leaf_to_4x,150,0.07896942708333334,0.08527659375,0.9422360833333333,0.9413450729166667,96
coco_val,patch_to_leaf,2,1.0,1.0,0.020851,0.020849,1
coco_val,patch_to_leaf,3,0.9548034999999999,0.9545995,0.154772,0.154776,2
coco_val,patch_to_leaf,4,0.4340809479166667,0.4340721354166666,0.5120376458333333,0.51204171875,96
coco_val,patch_to_leaf,5,0.4123622708333334,0.41251184375,0.5218251875000001,0.5218266770833333,96
coco_val,patch_to_leaf,6,0.3939423229166667,0.39800159375000005,0.5255486770833333,0.5254741354166667,96
coco_val,patch_to_leaf,7,0.39037461458333333,0.39551626041666665,0.5199739583333333,0.5199640520833334,96
coco_val,patch_to_leaf,8,0.3803502083333334,0.38043183333333336,0.5260623437499999,0.52330159375,96
coco_val,patch_to_leaf,9,0.375419,0.3777953541666667,0.53054971875,0.52589396875,96
coco_val,patch_to_leaf,10,0.36504981249999996,0.3715504375,0.5349837916666667,0.5301666979166667,96
coco_val,patch_to_leaf,11,0.3566256875,0.36264530208333334,0.5399771979166667,0.5390678125,96
coco_val,patch_to_leaf,12,0.35508453125,0.34966232291666666,0.54802328125,0.5445489479166666,96
coco_val,patch_to_leaf,13,0.34870496874999996,0.35602894791666667,0.55537721875,0.5465519270833333,96
coco_val,patch_to_leaf,14,0.34585702083333336,0.34511519791666667,0.5573652291666666,0.5559309583333333,96
coco_val,patch_to_leaf,15,0.3337110625,0.3389875625,0.5630854895833334,0.5604714375000001,96
coco_val,patch_to_leaf,16,0.33990790624999995,0.33750640625,0.5666123541666667,0.5667365,96
coco_val,patch_to_leaf,17,0.32541664583333335,0.33394416666666665,0.5744985833333334,0.5693438020833334,96
coco_val,patch_to_leaf,18,0.32119290625,0.3283805208333333,0.5800529166666667,0.5767196041666667,96
coco_val,patch_to_leaf,19,0.31767704166666666,0.3214136041666667,0.5840903645833333,0.5822546979166666,96
coco_val,patch_to_leaf,20,0.30853698958333337,0.32106423958333336,0.5956246354166667,0.5839236354166667,96
coco_val,patch_to_leaf,21,0.3113061354166667,0.313013375,0.6010311145833334,0.59017615625,96
coco_val,patch_to_leaf,22,0.30713945833333334,0.31461218750000003,0.6029987083333334,0.5922313333333333,96
coco_val,patch_to_leaf,23,0.30664292708333335,0.3143196875,0.6059398333333333,0.5951289791666666,96
coco_val,patch_to_leaf,24,0.30390755208333337,0.31004879166666666,0.6069136875,0.6015637604166667,96
coco_val,patch_to_leaf,25,0.3002164583333333,0.30589376041666666,0.6164393125,0.6080978020833333,96
coco_val,patch_to_leaf,26,0.30090278125,0.30096082291666665,0.6183449583333334,0.6107230520833333,96
coco_val,patch_to_leaf,27,0.29808,0.30322295833333335,0.6198741354166667,0.6150305833333333,96
coco_val,patch_to_leaf,28,0.293381375,0.29596905208333335,0.6215803125,0.6176195624999999,96
coco_val,patch_to_leaf,29,0.29554336458333336,0.2949883020833333,0.6239572708333333,0.6201825208333334,96
coco_val,patch_to_leaf,30,0.29149307291666665,0.29271753125,0.6289746041666667,0.62884715625,96
coco_val,patch_to_leaf,31,0.28476490625,0.28864851041666667,0.6292152708333333,0.63066859375,96
coco_val,patch_to_leaf,32,0.28603478125,0.28997678125,0.6313810416666666,0.6344787604166667,96
coco_val,patch_to_leaf,33,0.28588971874999997,0.28940405208333336,0.6330375416666666,0.6401445729166667,96
coco_val,patch_to_leaf,34,0.2856902291666667,0.2866561770833333,0.6402689166666666,0.64293621875,96
coco_val,patch_to_leaf,35,0.28533171875,0.2862052395833333,0.6412221666666666,0.6447139583333333,96
coco_val,patch_to_leaf,36,0.28939896875,0.2831592916666667,0.6419349583333334,0.6465533541666667,96
coco_val,patch_to_leaf,37,0.2871624479166667,0.2787628645833333,0.6422920208333334,0.6486041458333334,96
coco_val,patch_to_leaf,38,0.27814084375,0.27538119791666665,0.6440520416666666,0.649211,96
coco_val,patch_to_leaf,39,0.2787679895833333,0.27086771875,0.6437512916666667,0.6536252708333333,96
coco_val,patch_to_leaf,40,0.27711092708333335,0.26484827083333334,0.64474896875,0.6551724062500001,96
coco_val,patch_to_leaf,41,0.27542475,0.2667990520833333,0.6479551458333334,0.6543155625,96
coco_val,patch_to_leaf,42,0.27373477083333336,0.26823001041666666,0.6564827083333333,0.6555612708333333,96
coco_val,patch_to_leaf,43,0.27385896875,0.26662476041666666,0.6581053645833334,0.6558345208333333,96
coco_val,patch_to_leaf,44,0.2756911875,0.2661034583333333,0.6588164479166666,0.6589976875,96
coco_val,patch_to_leaf,45,0.2742226875,0.26837415625,0.6610529166666667,0.66341596875,96
coco_val,patch_to_leaf,46,0.27161634375,0.26328880208333333,0.6638292916666667,0.6689441041666666,96
coco_val,patch_to_leaf,47,0.26938563541666666,0.2613688020833333,0.6644975729166667,0.6694668020833333,96
coco_val,patch_to_leaf,48,0.26937696875,0.25990394791666666,0.6662436770833333,0.6706041875,96
coco_val,patch_to_leaf,49,0.26504234374999996,0.2604059583333333,0.6666829479166667,0.6727932395833333,96
coco_val,patch_to_leaf,50,0.26163436458333333,0.2538330208333333,0.6670459583333334,0.6720964375,96
coco_val,patch_to_leaf,51,0.26375583333333336,0.25643645833333334,0.6683943124999999,0.6724249375000001,96
coco_val,patch_to_leaf,52,0.26000684375,0.2516410625,0.6692639166666666,0.6729325208333333,96
coco_val,patch_to_leaf,53,0.25903890625,0.2532591041666667,0.66996021875,0.673711125,96
coco_val,patch_to_leaf,54,0.2597779895833333,0.2548684479166667,0.6702678125,0.6749517291666667,96
coco_val,patch_to_leaf,55,0.26543461458333334,0.26795109375,0.6701314374999999,0.674931875,96
coco_val,patch_to_leaf,56,0.2690789479166667,0.26610826041666663,0.6737933229166666,0.677029625,96
coco_val,patch_to_leaf,57,0.26652232291666667,0.26962842708333334,0.6750698854166667,0.6780667916666667,96
coco_val,patch_to_leaf,58,0.2665961666666667,0.26649132291666666,0.6752213229166667,0.6797543125000001,96
coco_val,patch_to_leaf,59,0.26577267708333335,0.26373671875,0.6765617291666667,0.6797231250000001,96
coco_val,patch_to_leaf,60,0.26410178125,0.26636992708333335,0.6777342291666667,0.68153415625,96
coco_val,patch_to_leaf,61,0.26384136458333335,0.26286030208333333,0.6784000104166666,0.6823003333333334,96
coco_val,patch_to_leaf,62,0.2567117395833333,0.2564181770833333,0.6785794270833333,0.6816191666666667,96
coco_val,patch_to_leaf,63,0.25626408333333334,0.2534551666666667,0.6780082916666667,0.6815878020833334,96
coco_val,patch_to_leaf,64,0.2552375625,0.25404978125,0.6790375104166667,0.68315734375,96
coco_val,patch_to_leaf,65,0.25636723958333335,0.2549786770833333,0.6794539479166667,0.6842274895833333,96
coco_val,patch_to_leaf,66,0.25512622916666666,0.25125614583333333,0.6820494895833332,0.6855508541666667,96
coco_val,patch_to_leaf,67,0.2542684895833333,0.24959326041666666,0.6813981979166667,0.6880796666666668,96
coco_val,patch_to_leaf,68,0.25142315625,0.24948597916666668,0.6815137708333333,0.688828875,96
coco_val,patch_to_leaf,69,0.25153353125,0.24414519791666667,0.68164621875,0.6886278854166666,96
coco_val,patch_to_leaf,70,0.25104483333333333,0.24629009375,0.6827148541666667,0.6888393645833334,96
coco_val,patch_to_leaf,71,0.24676242708333332,0.24336734375,0.68452175,0.6885932708333334,96
coco_val,patch_to_leaf,72,0.25079407291666667,0.25084073958333336,0.6856361249999999,0.6891117083333334,96
coco_val,patch_to_leaf,73,0.2507927291666667,0.24905908333333335,0.6889166041666667,0.6902746770833333,96
coco_val,patch_to_leaf,74,0.24890726041666666,0.24480071875,0.6894013437500001,0.6907792083333333,96
coco_val,patch_to_leaf,75,0.24566070833333334,0.24148141666666667,0.6899523958333332,0.6914407083333334,96
coco_val,patch_to_leaf,76,0.24580085416666667,0.23976635416666667,0.6905150937500001,0.6919009583333334,96
coco_val,patch_to_leaf,77,0.24482708333333333,0.23793761458333332,0.6909660208333334,0.6904477708333333,96
coco_val,patch_to_leaf,78,0.24260690625,0.23780598958333332,0.6903172291666667,0.6908108749999999,96
coco_val,patch_to_leaf,79,0.24320626041666668,0.235780625,0.6897847812500001,0.6926013437499999,96
coco_val,patch_to_leaf,80,0.24348630208333333,0.23524003125,0.6909022916666667,0.6923388333333333,96
coco_val,patch_to_leaf,81,0.24341660416666666,0.23534026041666667,0.69184346875,0.6924271458333333,96
coco_val,patch_to_leaf,82,0.24225070833333331,0.2348731875,0.69295721875,0.6971117604166667,96
coco_val,patch_to_leaf,83,0.24068846875000002,0.23433867708333334,0.69321978125,0.6992523958333333,96
coco_val,patch_to_leaf,84,0.23877085416666666,0.23291572916666667,0.6932866875,0.7009709583333333,96
coco_val,patch_to_leaf,85,0.23691074999999998,0.23103695833333335,0.69314446875,0.7027671458333332,96
coco_val,patch_to_leaf,86,0.23782785416666666,0.23073290625,0.6932884479166667,0.7037655104166666,96
coco_val,patch_to_leaf,87,0.2373605,0.23021273958333333,0.6944510416666666,0.7040993645833334,96
coco_val,patch_to_leaf,88,0.23807453125,0.22951336458333335,0.6960002291666667,0.7045099583333333,96
coco_val,patch_to_leaf,89,0.23696375,0.22981592708333332,0.6964608541666667,0.7046403854166666,96
coco_val,patch_to_leaf,90,0.23508992708333332,0.23028242708333335,0.6992458125000001,0.7046401979166667,96
coco_val,patch_to_leaf,91,0.23106443750000003,0.23066270833333333,0.6998545833333334,0.7049539583333333,96
coco_val,patch_to_leaf,92,0.22477589583333335,0.22211669791666666,0.70020709375,0.7060726145833334,96
coco_val,patch_to_leaf,93,0.22828271874999997,0.22639691666666664,0.70042446875,0.70749203125,96
coco_val,patch_to_leaf,94,0.23053261458333332,0.22917885416666664,0.70173596875,0.7078315416666667,96
coco_val,patch_to_leaf,95,0.2316309895833333,0.22942337499999998,0.7014005,0.70820025,96
coco_val,patch_to_leaf,96,0.23130291666666666,0.22877155208333333,0.7034720104166667,0.7076248333333334,96
coco_val,patch_to_leaf,97,0.2288885625,0.230082,0.70380765625,0.70824978125,96
coco_val,patch_to_leaf,98,0.22495995833333335,0.22576200000000002,0.70416596875,0.7084752708333334,96
coco_val,patch_to_leaf,99,0.224699375,0.22687373958333334,0.7061118229166666,0.7101837291666667,96
coco_val,patch_to_leaf,100,0.22653596875,0.22571038541666666,0.7069376354166667,0.71082053125,96
coco_val,patch_to_leaf,101,0.22715109375,0.22783310416666666,0.7072181979166667,0.7105773020833334,96
coco_val,patch_to_leaf,102,0.22682592708333335,0.22701025,0.7084290729166667,0.70964021875,96
coco_val,patch_to_leaf,103,0.22553632291666667,0.22710685416666665,0.7092729166666666,0.7099995520833334,96
coco_val,patch_to_leaf,104,0.22587385416666664,0.22309772916666668,0.7080836354166666,0.7107184583333334,96
coco_val,patch_to_leaf,105,0.22170665625,0.22498285416666666,0.7089846875,0.7118038645833332,96
coco_val,patch_to_leaf,106,0.22255643749999998,0.22464997916666665,0.7090988125000001,0.71207365625,96
coco_val,patch_to_leaf,107,0.22163580208333333,0.22073022916666665,0.7086038333333334,0.7134683541666668,96
coco_val,patch_to_leaf,108,0.22112771875,0.21769542708333334,0.7094572916666667,0.7147832604166666,96
coco_val,patch_to_leaf,109,0.22041446875,0.21462605208333332,0.71017153125,0.7158609895833333,96
coco_val,patch_to_leaf,110,0.22245352083333333,0.216931875,0.7110244166666666,0.7162155,96
coco_val,patch_to_leaf,111,0.21981483333333332,0.21839964583333335,0.7115394375,0.7167234270833333,96
coco_val,patch_to_leaf,112,0.21893691666666668,0.2189110520833333,0.7127530833333333,0.7167040104166666,96
coco_val,patch_to_leaf,113,0.22111519791666667,0.22005570833333332,0.7141240624999999,0.7165073125,96
coco_val,patch_to_leaf,114,0.21805639583333333,0.21895015625,0.7145518125,0.7168782604166667,96
coco_val,patch_to_leaf,115,0.21894817708333333,0.21871271875,0.7155034374999999,0.71668271875,96
coco_val,patch_to_leaf,116,0.21730707291666665,0.2162845,0.717626625,0.71749359375,96
coco_val,patch_to_leaf,117,0.21696644791666667,0.21629033333333333,0.7173484791666667,0.7186770312499999,96
coco_val,patch_to_leaf,118,0.21981515625,0.21929876041666665,0.7181138854166668,0.7193735833333333,96
coco_val,patch_to_leaf,119,0.21950267708333335,0.21922907291666668,0.71789290625,0.7205094270833333,96
coco_val,patch_to_leaf,120,0.21880596875,0.21949483333333333,0.7191517083333333,0.7207400833333333,96
coco_val,patch_to_leaf,121,0.21713975,0.22349419791666666,0.7197937395833334,0.7210140729166666,96
coco_val,patch_to_leaf,122,0.22071423958333333,0.21903201041666667,0.7185009270833334,0.72136709375,96
coco_val,patch_to_leaf,123,0.21848954166666668,0.21965631249999998,0.71950246875,0.7212862395833333,96
coco_val,patch_to_leaf,124,0.21644617708333333,0.2112348125,0.7202188541666666,0.7222261145833334,96
coco_val,patch_to_leaf,125,0.21550490625,0.21311337500000002,0.7216936354166666,0.7218414062499999,96
coco_val,patch_to_leaf,126,0.21072183333333336,0.21139066666666664,0.7218685729166667,0.7226684583333333,96
coco_val,patch_to_leaf,127,0.21132202083333332,0.21245851041666666,0.72212275,0.7222199270833333,96
coco_val,patch_to_leaf,128,0.21099705208333333,0.21438101041666668,0.7221498645833333,0.7262547395833333,96
coco_val,patch_to_leaf,129,0.20901460416666665,0.21334742708333332,0.7242364062500001,0.7271098229166667,96
coco_val,patch_to_leaf,130,0.2102277916666667,0.21252418750000002,0.725369125,0.7284327291666667,96
coco_val,patch_to_leaf,131,0.21048552083333336,0.2111698125,0.7257572812499999,0.7278876562500001,96
coco_val,patch_to_leaf,132,0.21328341666666664,0.21251554166666667,0.7263717083333333,0.7288254166666667,96
coco_val,patch_to_leaf,133,0.2116064375,0.20698390625,0.7264277083333334,0.7293879375,96
coco_val,patch_to_leaf,134,0.20981291666666668,0.21060684375000002,0.7266111875,0.7302884479166667,96
coco_val,patch_to_leaf,135,0.20878903125,0.21004297916666667,0.7279930416666667,0.7299072395833334,96
coco_val,patch_to_leaf,136,0.21097713541666666,0.21051605208333335,0.7280772291666667,0.7292077916666666,96
coco_val,patch_to_leaf,137,0.20896319791666665,0.21015066666666668,0.7279894270833333,0.7291525208333334,96
coco_val,patch_to_leaf,138,0.21096228125000002,0.21051114583333333,0.7289867708333334,0.7290855520833334,96
coco_val,patch_to_leaf,139,0.21345266666666665,0.20885760416666665,0.7298942083333334,0.72842325,96
coco_val,patch_to_leaf,140,0.21138013541666667,0.208683125,0.7302748333333334,0.7282298333333334,96
coco_val,patch_to_leaf,141,0.21153506249999998,0.20832114583333336,0.7294104270833333,0.7270661979166667,96
coco_val,patch_to_leaf,142,0.21234485416666668,0.20691891666666665,0.730643,0.7276620729166666,96
coco_val,patch_to_leaf,143,0.20708245833333336,0.2066291770833333,0.73079096875,0.7290214062499999,96
coco_val,patch_to_leaf,144,0.20405658333333332,0.20548297916666666,0.7311204583333333,0.7303603020833332,96
coco_val,patch_to_leaf,145,0.20388196875,0.20401607291666668,0.7315743124999999,0.7303460624999999,96
coco_val,patch_to_leaf,146,0.20342163541666666,0.20277199999999998,0.7314027604166666,0.7318486145833334,96
coco_val,patch_to_leaf,147,0.20274392708333333,0.20481515625,0.7334392604166666,0.73194221875,96
coco_val,patch_to_leaf,148,0.20546378125,0.20853938541666664,0.7345932916666666,0.7324366979166667,96
coco_val,patch_to_leaf,149,0.20643203125,0.20625291666666667,0.7346201979166667,0.7326794583333333,96
coco_val,patch_to_leaf,150,0.204830125,0.20322215624999998,0.7349887187499999,0.7341079270833334,96
coco_val,sub_patch,2,0.2520442857142857,0.25186457142857144,0.6174024285714286,0.6173702857142856,7
coco_val,sub_patch,3,0.1957547857142857,0.19569514285714287,0.6504552142857143,0.6504315714285714,14
coco_val,sub_patch,4,0.2639747083333333,0.263974625,0.6398815833333333,0.6398707916666667,24
coco_val,sub_patch,5,0.2710389583333333,0.27625229166666665,0.6614858333333333,0.6614809583333333,24
coco_val,sub_patch,6,0.2342565,0.24901991666666667,0.6781055,0.678089375,24
coco_val,sub_patch,7,0.19710125,0.1953311666666667,0.67906725,0.67906675,24
coco_val,sub_patch,8,0.20851862499999999,0.195349,0.6627559583333333,0.6751085,24
coco_val,sub_patch,9,0.21875858333333334,0.19504745833333334,0.6609602083333334,0.6625514583333333,24
coco_val,sub_patch,10,0.20911325,0.19641270833333335,0.6531352083333334,0.658407,24
coco_val,sub_patch,11,0.20861220833333335,0.20105458333333334,0.651711625,0.6587358333333334,24
coco_val,sub_patch,12,0.21797091666666668,0.22072995833333334,0.6435985416666666,0.65261075,24
coco_val,sub_patch,13,0.22673066666666666,0.21409366666666665,0.6324977916666666,0.6604106666666666,24
coco_val,sub_patch,14,0.20705775,0.20396058333333333,0.6442563333333333,0.6557561666666667,24
coco_val,sub_patch,15,0.19988304166666668,0.21728604166666665,0.6527126666666666,0.65281475,24
coco_val,sub_patch,16,0.1886647916666667,0.20772737500000002,0.6534419166666666,0.6578323333333334,24
coco_val,sub_patch,17,0.18049583333333333,0.192997125,0.65343875,0.6545095,24
coco_val,sub_patch,18,0.18423233333333333,0.20549829166666667,0.6544398333333333,0.643129125,24
coco_val,sub_patch,19,0.17973816666666667,0.20934450000000002,0.6610967083333333,0.6421782500000001,24
coco_val,sub_patch,20,0.18618520833333332,0.215679625,0.6579096666666667,0.6320339583333333,24
coco_val,sub_patch,21,0.19210491666666665,0.23213691666666667,0.6562674166666667,0.6239739166666667,24
coco_val,sub_patch,22,0.18698854166666667,0.2279862083333333,0.6589551666666666,0.6252812916666667,24
coco_val,sub_patch,23,0.193562,0.233930125,0.6509955,0.626056375,24
coco_val,sub_patch,24,0.17906445833333332,0.21888945833333331,0.6538694583333333,0.626704125,24
coco_val,sub_patch,25,0.18966945833333335,0.20961479166666666,0.649512375,0.6177834583333334,24
coco_val,sub_patch,26,0.18172479166666666,0.21507833333333334,0.650593125,0.6187769583333333,24
coco_val,sub_patch,27,0.19246991666666666,0.20598458333333333,0.6455903333333334,0.6273324583333334,24
coco_val,sub_patch,28,0.19091445833333331,0.2082524166666667,0.6440522916666667,0.6214209583333333,24
coco_val,sub_patch,29,0.19575299999999998,0.20702825,0.6403760416666667,0.6265902916666667,24
coco_val,sub_patch,30,0.18796187499999997,0.209761,0.6405767083333334,0.6259407083333334,24
coco_val,sub_patch,31,0.190491,0.21888116666666668,0.640900625,0.63105075,24
coco_val,sub_patch,32,0.199235625,0.21306441666666667,0.6397571249999999,0.6319785416666667,24
coco_val,sub_patch,33,0.18438858333333333,0.20076154166666668,0.6381260833333333,0.6370241666666666,24
coco_val,sub_patch,34,0.18291133333333331,0.20089795833333335,0.6433977916666667,0.6384611666666666,24
coco_val,sub_patch,35,0.18941258333333333,0.20021733333333333,0.64187825,0.6392233333333334,24
coco_val,sub_patch,36,0.186256375,0.19795412499999998,0.6455830833333334,0.6400184999999999,24
coco_val,sub_patch,37,0.18012408333333332,0.197344,0.6453801666666666,0.64600625,24
coco_val,sub_patch,38,0.18243441666666668,0.19403358333333334,0.6414974166666667,0.6442904583333333,24
coco_val,sub_patch,39,0.18759145833333335,0.19590291666666668,0.6363407083333333,0.6375492916666666,24
coco_val,sub_patch,40,0.19022354166666666,0.184289375,0.63666775,0.6483625833333334,24
coco_val,sub_patch,41,0.18892420833333334,0.19018925,0.6389205833333333,0.6469889166666667,24
coco_val,sub_patch,42,0.18793925,0.17710508333333333,0.6404599166666667,0.6443765833333334,24
coco_val,sub_patch,43,0.18372224999999998,0.17445629166666665,0.64689075,0.6543459166666666,24
coco_val,sub_patch,44,0.17453537500000002,0.175877375,0.64677575,0.6566534166666667,24
coco_val,sub_patch,45,0.17281445833333334,0.17917450000000001,0.6489250833333333,0.6594685833333334,24
coco_val,sub_patch,46,0.16912679166666666,0.17686870833333335,0.6559486666666666,0.6623813333333334,24
coco_val,sub_patch,47,0.16687208333333334,0.17408770833333334,0.6582762083333333,0.6675780833333333,24
coco_val,sub_patch,48,0.16877162499999998,0.178643,0.6642924166666667,0.66969175,24
coco_val,sub_patch,49,0.16859195833333332,0.17341120833333334,0.6641580833333333,0.66723725,24
coco_val,sub_patch,50,0.16752720833333334,0.1679452916666667,0.6686173750000001,0.66832175,24
coco_val,sub_patch,51,0.162513,0.16330266666666668,0.6725569166666667,0.6689344166666666,24
coco_val,sub_patch,52,0.164753125,0.16728833333333334,0.6749701250000001,0.6707880833333334,24
coco_val,sub_patch,53,0.163826625,0.16534754166666668,0.6759183750000001,0.675707375,24
coco_val,sub_patch,54,0.1722595,0.16977033333333333,0.6727977083333333,0.6766944166666667,24
coco_val,sub_patch,55,0.17603566666666667,0.164731875,0.672386625,0.6783009583333334,24
coco_val,sub_patch,56,0.173324625,0.16548154166666668,0.6729227916666667,0.6757043333333334,24
coco_val,sub_patch,57,0.173507875,0.17386541666666666,0.6729313333333334,0.6695561250000001,24
coco_val,sub_patch,58,0.174219,0.17419083333333332,0.6741563333333334,0.674741125,24
coco_val,sub_patch,59,0.1719230833333333,0.17840199999999998,0.6763479166666667,0.6765462916666666,24
coco_val,sub_patch,60,0.17345075,0.1743795,0.6777969166666667,0.67462425,24
coco_val,sub_patch,61,0.174765375,0.17869420833333335,0.6794463749999999,0.6731820833333333,24
coco_val,sub_patch,62,0.17140654166666666,0.17843925000000002,0.6773920000000001,0.6747114166666667,24
coco_val,sub_patch,63,0.16923008333333334,0.189869125,0.6786837083333334,0.6762026250000001,24
coco_val,sub_patch,64,0.16882658333333334,0.18626833333333334,0.6781145,0.6742949583333333,24
coco_val,sub_patch,65,0.16865887499999999,0.18512854166666667,0.6797334166666666,0.6758683333333333,24
coco_val,sub_patch,66,0.16650683333333333,0.17530470833333334,0.6797044583333333,0.6745862083333334,24
coco_val,sub_patch,67,0.16472345833333332,0.17404050000000001,0.6792693750000001,0.6805085833333333,24
coco_val,sub_patch,68,0.15956841666666666,0.17092091666666667,0.6804610833333333,0.6819291666666666,24
coco_val,sub_patch,69,0.16128795833333334,0.17261304166666666,0.6843603333333333,0.679509375,24
coco_val,sub_patch,70,0.160087125,0.17888025,0.6865795416666667,0.6787917916666667,24
coco_val,sub_patch,71,0.16356833333333334,0.177057875,0.6892282083333333,0.6809823333333332,24
coco_val,sub_patch,72,0.16258641666666665,0.180967125,0.6889197083333333,0.6813074583333334,24
coco_val,sub_patch,73,0.16040866666666667,0.17647166666666667,0.6928130416666667,0.6861467083333334,24
coco_val,sub_patch,74,0.161072,0.17149974999999998,0.6930097916666668,0.6896521666666667,24
coco_val,sub_patch,75,0.16127012500000001,0.17103391666666667,0.6906426250000001,0.6883377083333334,24
coco_val,sub_patch,76,0.16302079166666666,0.17256733333333332,0.6922173749999999,0.6893713333333333,24
coco_val,sub_patch,77,0.16397454166666667,0.17368833333333333,0.6942760833333333,0.6913315416666667,24
coco_val,sub_patch,78,0.166383875,0.17514174999999998,0.6933252083333333,0.6936261250000001,24
coco_val,sub_patch,79,0.16677183333333334,0.1699415,0.6928479583333332,0.6937123333333334,24
coco_val,sub_patch,80,0.16480808333333333,0.16964829166666665,0.6927279583333333,0.6933405,24
coco_val,sub_patch,81,0.16079433333333334,0.1722749583333333,0.6931280833333333,0.6923297916666667,24
coco_val,sub_patch,82,0.158511375,0.17281125,0.6944307083333333,0.6926116666666666,24
coco_val,sub_patch,83,0.16351912500000002,0.17037725,0.695736875,0.6941674166666667,24
coco_val,sub_patch,84,0.16146391666666668,0.1681510416666667,0.6954450833333333,0.6945000416666667,24
coco_val,sub_patch,85,0.165144125,0.16740495833333333,0.6956897083333332,0.6939468333333334,24
coco_val,sub_patch,86,0.16335520833333333,0.165382625,0.6948114166666667,0.6953855833333332,24
coco_val,sub_patch,87,0.16585533333333333,0.16491183333333334,0.6963643749999999,0.6995103333333333,24
coco_val,sub_patch,88,0.16458775,0.16835291666666666,0.6976210833333334,0.6999398333333334,24
coco_val,sub_patch,89,0.16410983333333332,0.16967854166666665,0.6981934583333333,0.7000979166666667,24
coco_val,sub_patch,90,0.167199625,0.16530716666666667,0.697934375,0.7007568333333333,24
coco_val,sub_patch,91,0.16409741666666666,0.16334329166666667,0.6986877916666666,0.7007308333333334,24
coco_val,sub_patch,92,0.16536358333333334,0.158596875,0.6998034999999999,0.7035627916666667,24
coco_val,sub_patch,93,0.15866483333333334,0.15854741666666666,0.7012420416666667,0.7036983333333334,24
coco_val,sub_patch,94,0.15997979166666668,0.162233875,0.700923625,0.7021360833333333,24
coco_val,sub_patch,95,0.15895583333333332,0.165836875,0.7028042499999999,0.7027079583333333,24
coco_val,sub_patch,96,0.16138883333333334,0.16531970833333334,0.7042452083333334,0.7022395416666667,24
coco_val,sub_patch,97,0.160333375,0.16921708333333332,0.7028253333333333,0.7016368333333333,24
coco_val,sub_patch,98,0.16180095833333333,0.16678879166666669,0.7030699166666667,0.7018242083333334,24
coco_val,sub_patch,99,0.16256441666666668,0.16513962499999998,0.703714125,0.7017268333333333,24
coco_val,sub_patch,100,0.16211216666666667,0.16794141666666665,0.7034679166666667,0.7016607916666667,24
coco_val,sub_patch,101,0.161308,0.1644285,0.7038642916666666,0.7032109166666666,24
coco_val,sub_patch,102,0.16016479166666667,0.162850875,0.7025540833333334,0.7042405416666666,24
coco_val,sub_patch,103,0.16142225000000002,0.16853316666666665,0.7028836666666667,0.7038985833333333,24
coco_val,sub_patch,104,0.15941866666666668,0.17043079166666666,0.703646,0.702946,24
coco_val,sub_patch,105,0.15688675,0.16845866666666667,0.704623125,0.7060564166666666,24
coco_val,sub_patch,106,0.15834370833333333,0.16854391666666668,0.7048700416666667,0.7068463333333334,24
coco_val,sub_patch,107,0.15749183333333333,0.164206,0.7053625416666667,0.7076706666666667,24
coco_val,sub_patch,108,0.15927895833333333,0.1649735,0.7037467916666666,0.7088476250000001,24
coco_val,sub_patch,109,0.156877125,0.15598016666666667,0.7035695416666666,0.7088148333333333,24
coco_val,sub_patch,110,0.15465441666666666,0.158964625,0.7059329583333334,0.7084859583333333,24
coco_val,sub_patch,111,0.15564025,0.15635491666666668,0.707256,0.7092159166666666,24
coco_val,sub_patch,112,0.15318720833333332,0.15756541666666665,0.7069458750000001,0.70804,24
coco_val,sub_patch,113,0.15772033333333332,0.15859525,0.70602025,0.7072704166666667,24
coco_val,sub_patch,114,0.15487083333333332,0.15721895833333333,0.7079101666666667,0.7095284583333333,24
coco_val,sub_patch,115,0.15466270833333332,0.15532541666666666,0.7071908333333333,0.7094183333333334,24
coco_val,sub_patch,116,0.15618354166666668,0.159092,0.7095933333333333,0.7097215416666667,24
coco_val,sub_patch,117,0.15776133333333334,0.155216875,0.7088261666666668,0.7104429583333333,24
coco_val,sub_patch,118,0.15281416666666667,0.152516875,0.7091007916666667,0.711082625,24
coco_val,sub_patch,119,0.15541933333333333,0.152343125,0.7080069166666667,0.7117593750000001,24
coco_val,sub_patch,120,0.15265558333333332,0.151826,0.7086735000000001,0.7114972916666668,24
coco_val,sub_patch,121,0.15093441666666665,0.15082766666666667,0.7089857083333334,0.7119901249999999,24
coco_val,sub_patch,122,0.15455733333333332,0.14962075,0.7104434166666667,0.709943875,24
coco_val,sub_patch,123,0.15494366666666667,0.15343916666666665,0.7103289583333333,0.7100082916666667,24
coco_val,sub_patch,124,0.15512354166666667,0.15172975,0.7101552083333332,0.711162875,24
coco_val,sub_patch,125,0.15196058333333332,0.15026591666666667,0.7095457500000001,0.71034775,24
coco_val,sub_patch,126,0.152123375,0.15409433333333333,0.70843475,0.7118572083333333,24
coco_val,sub_patch,127,0.15366545833333334,0.15553933333333333,0.7086340833333332,0.7137783333333333,24
coco_val,sub_patch,128,0.15351725000000002,0.14789412500000002,0.7087716249999999,0.7157383333333334,24
coco_val,sub_patch,129,0.15491920833333334,0.14656650000000002,0.708574,0.7154346666666666,24
coco_val,sub_patch,130,0.15083320833333333,0.15210841666666666,0.7117639583333334,0.7164278333333334,24
coco_val,sub_patch,131,0.15363670833333334,0.14129416666666667,0.7103691666666667,0.7163164583333334,24
coco_val,sub_patch,132,0.15105995833333333,0.14145145833333334,0.7111342500000001,0.7183744583333334,24
coco_val,sub_patch,133,0.15613516666666666,0.14702783333333333,0.710692125,0.7183613333333333,24
coco_val,sub_patch,134,0.151757625,0.15024066666666666,0.7108455833333333,0.7176252500000001,24
coco_val,sub_patch,135,0.154138,0.14636758333333333,0.7130387916666666,0.7183599583333334,24
coco_val,sub_patch,136,0.15226520833333332,0.1445115,0.7145785,0.719852875,24
coco_val,sub_patch,137,0.14969179166666666,0.14459958333333334,0.7140047916666666,0.7183472916666666,24
coco_val,sub_patch,138,0.15153983333333335,0.14348629166666668,0.7152648333333333,0.7176487083333334,24
coco_val,sub_patch,139,0.15096879166666666,0.14499066666666668,0.7153235000000001,0.7171571666666666,24
coco_val,sub_patch,140,0.152430375,0.14627991666666665,0.715217125,0.7180667500000001,24
coco_val,sub_patch,141,0.15118600000000001,0.14659395833333333,0.7150009583333333,0.717672125,24
coco_val,sub_patch,142,0.1550775,0.1504025,0.7150676666666667,0.715848125,24
coco_val,sub_patch,143,0.15761229166666665,0.150222375,0.7150482083333333,0.7162325833333334,24
coco_val,sub_patch,144,0.15529554166666668,0.152938375,0.7148060416666667,0.7177051666666667,24
coco_val,sub_patch,145,0.15522070833333332,0.148492875,0.7150396250000001,0.7177954583333334,24
coco_val,sub_patch,146,0.15543683333333333,0.15067233333333332,0.7144044583333334,0.7182525833333333,24
coco_val,sub_patch,147,0.14684779166666667,0.15188904166666667,0.7176939166666667,0.7186285833333333,24
coco_val,sub_patch,148,0.152024875,0.15022991666666666,0.7179067916666666,0.7188404166666666,24
coco_val,sub_patch,149,0.15278191666666666,0.15290325000000002,0.7177249583333333,0.7192645416666666,24
coco_val,sub_patch,150,0.15172041666666666,0.15433616666666666,0.717024,0.7187242083333333,24
visual_genome_m,above_4x,2,0.39653660869565216,0.3967937826086957,0.44992595652173917,0.4499049565217391,23
visual_genome_m,above_4x,3,0.4421392432432433,0.44214437837837844,0.46353008108108107,0.46353856756756756,37
visual_genome_m,above_4x,4,0.32089496,0.3209142266666667,0.6413601866666666,0.6413542799999999,75
visual_genome_m,above_4x,5,0.30964413095238097,0.3075794761904762,0.6647370952380952,0.6647364642857143,84
visual_genome_m,above_4x,6,0.3005900337078652,0.297827202247191,0.6708505056179775,0.6709045168539326,89
visual_genome_m,above_4x,7,0.35855383333333335,0.36539917708333336,0.6702926979166667,0.6702906458333334,96
visual_genome_m,above_4x,8,0.31716207291666665,0.31583241666666667,0.6853234375,0.6863361666666666,96
visual_genome_m,above_4x,9,0.29034378125,0.2936343645833333,0.6983685,0.6928033229166667,96
visual_genome_m,above_4x,10,0.29271055208333335,0.2889831666666667,0.7066601145833333,0.7108813958333333,96
visual_genome_m,above_4x,11,0.28487407291666667,0.29081330208333334,0.7145602916666666,0.7228951770833333,96
visual_genome_m,above_4x,12,0.2911638958333333,0.29039334375,0.7167332395833333,0.72798709375,96
visual_genome_m,above_4x,13,0.290706125,0.2919349479166667,0.7184528854166666,0.7339034999999999,96
visual_genome_m,above_4x,14,0.28028253124999997,0.2773704791666667,0.7263725729166667,0.74150990625,96
visual_genome_m,above_4x,15,0.28631752083333334,0.282441625,0.7323088437499999,0.7480377083333334,96
visual_genome_m,above_4x,16,0.28571186458333336,0.27647429166666665,0.7358168333333333,0.7537573958333333,96
visual_genome_m,above_4x,17,0.2802054375,0.27766509375,0.7395507291666666,0.7575370520833333,96
visual_genome_m,above_4x,18,0.2878062708333333,0.27474504166666663,0.7432281666666666,0.75623496875,96
visual_genome_m,above_4x,19,0.2847493020833333,0.2779901354166667,0.7465896041666666,0.7573681875,96
visual_genome_m,above_4x,20,0.27840755208333334,0.2695549166666667,0.750214625,0.7639694895833333,96
visual_genome_m,above_4x,21,0.2831516041666667,0.27244616666666666,0.7534415833333333,0.7688627499999999,96
visual_genome_m,above_4x,22,0.29041023958333334,0.2723591979166667,0.7588514375000001,0.77014859375,96
visual_genome_m,above_4x,23,0.2887364375,0.2664834166666667,0.7597654895833333,0.7725403854166667,96
visual_genome_m,above_4x,24,0.28137569791666667,0.26512680208333333,0.7603451250000001,0.7726864375,96
visual_genome_m,above_4x,25,0.27489114583333335,0.261574625,0.7619750520833333,0.7713138958333333,96
visual_genome_m,above_4x,26,0.2704598541666667,0.2589980416666667,0.76915084375,0.7748109270833333,96
visual_genome_m,above_4x,27,0.26833853125,0.26082773958333333,0.7705692083333333,0.7755163958333333,96
visual_genome_m,above_4x,28,0.27221667708333336,0.267644875,0.7720261979166666,0.7761331770833334,96
visual_genome_m,above_4x,29,0.26983734375,0.26836366666666667,0.7759135312500001,0.7768263645833334,96
visual_genome_m,above_4x,30,0.26024059375,0.25450534375,0.77696328125,0.7777665520833333,96
visual_genome_m,above_4x,31,0.25955497916666664,0.25303051041666663,0.7790322708333334,0.7815763750000001,96
visual_genome_m,above_4x,32,0.26789975,0.25899053125,0.7806792916666666,0.78477809375,96
visual_genome_m,above_4x,33,0.2657005625,0.25865259375,0.78004584375,0.7860054166666667,96
visual_genome_m,above_4x,34,0.2631737708333333,0.2549321770833333,0.7858919062499999,0.7866257291666666,96
visual_genome_m,above_4x,35,0.26001558333333336,0.25052571875,0.7863068645833334,0.7872279999999999,96
visual_genome_m,above_4x,36,0.2586135625,0.2522244166666667,0.7853550625,0.7882264062500001,96
visual_genome_m,above_4x,37,0.25101096875,0.24780722916666667,0.7877240520833334,0.7896237083333334,96
visual_genome_m,above_4x,38,0.25091801041666667,0.2503636354166667,0.78858840625,0.7918128125,96
visual_genome_m,above_4x,39,0.2577117291666667,0.25134276041666664,0.7882499270833333,0.7926402291666667,96
visual_genome_m,above_4x,40,0.26278088541666667,0.2452474166666667,0.7882914375,0.7929808333333334,96
visual_genome_m,above_4x,41,0.26396092708333335,0.2513251979166667,0.7907594270833332,0.7940179479166667,96
visual_genome_m,above_4x,42,0.2688687708333333,0.2583021979166667,0.7916099583333334,0.79488171875,96
visual_genome_m,above_4x,43,0.27382615625,0.25877165625000004,0.79125865625,0.79660009375,96
visual_genome_m,above_4x,44,0.27193353125,0.25907457291666663,0.7923579687500001,0.7979390416666666,96
visual_genome_m,above_4x,45,0.26872140625,0.2603091979166667,0.7936289583333332,0.7978353854166667,96
visual_genome_m,above_4x,46,0.26399401041666665,0.2559768333333333,0.79321325,0.7967119166666666,96
visual_genome_m,above_4x,47,0.26374285416666665,0.24792040625,0.7940438020833334,0.7972913229166667,96
visual_genome_m,above_4x,48,0.26012583333333333,0.2464967916666667,0.79409940625,0.7975079895833334,96
visual_genome_m,above_4x,49,0.26087234375,0.2511059583333333,0.7947883333333333,0.7967910312500001,96
visual_genome_m,above_4x,50,0.2607548229166667,0.25166542708333334,0.7953936666666667,0.7981785416666667,96
visual_genome_m,above_4x,51,0.2581287395833333,0.24997351041666668,0.79591371875,0.7989571041666667,96
visual_genome_m,above_4x,52,0.2564697083333333,0.24531583333333332,0.7957279895833334,0.7997006458333334,96
visual_genome_m,above_4x,53,0.2565252708333333,0.250317125,0.7958044583333334,0.8001476354166667,96
visual_genome_m,above_4x,54,0.25614647916666666,0.24986541666666665,0.7957355208333333,0.801216125,96
visual_genome_m,above_4x,55,0.26105283333333335,0.2550653958333333,0.7955986145833333,0.8009688958333333,96
visual_genome_m,above_4x,56,0.2600492395833333,0.2544797604166667,0.7955009375,0.800762625,96
visual_genome_m,above_4x,57,0.2614766875,0.25341571875,0.7956629479166667,0.8024143333333332,96
visual_genome_m,above_4x,58,0.2599585208333333,0.25230058333333333,0.7964267291666666,0.8027025208333334,96
visual_genome_m,above_4x,59,0.26014215625,0.2517963541666667,0.7968195833333334,0.8030102499999999,96
visual_genome_m,above_4x,60,0.25975711458333334,0.2551323958333333,0.7968534270833333,0.8031620104166667,96
visual_genome_m,above_4x,61,0.2577588125,0.25222354166666666,0.7973141666666667,0.8058953541666667,96
visual_genome_m,above_4x,62,0.25420019791666665,0.24517707291666668,0.7973143020833334,0.806041,96
visual_genome_m,above_4x,63,0.2570514166666667,0.23931190624999998,0.7980432187500001,0.8061991666666667,96
visual_genome_m,above_4x,64,0.26237586458333334,0.24618636458333332,0.7987756875,0.8055001979166666,96
visual_genome_m,above_4x,65,0.25833920833333335,0.24323562499999998,0.7997420208333333,0.8054749479166666,96
visual_genome_m,above_4x,66,0.2583019375,0.24069459375,0.7989884583333334,0.8055783854166667,96
visual_genome_m,above_4x,67,0.25793215625,0.24323332291666666,0.7992003958333332,0.80634003125,96
visual_genome_m,above_4x,68,0.2528082916666667,0.24366961458333333,0.7997105416666667,0.8068994583333334,96
visual_genome_m,above_4x,69,0.24344178125000002,0.23847845833333334,0.7994931979166666,0.8073943645833334,96
visual_genome_m,above_4x,70,0.24643363541666666,0.23421027083333334,0.7995448333333334,0.8074420625,96
visual_genome_m,above_4x,71,0.24634933333333334,0.23335779166666668,0.7998985,0.8063599687499999,96
visual_genome_m,above_4x,72,0.24933927083333332,0.24054966666666666,0.80083559375,0.806138625,96
visual_genome_m,above_4x,73,0.25084303125,0.2359348125,0.80154203125,0.8066879479166666,96
visual_genome_m,above_4x,74,0.25224802083333336,0.24017373958333332,0.8023418125,0.8069578958333333,96
visual_genome_m,above_4x,75,0.24657491666666667,0.23825782291666667,0.8024195937499999,0.80740184375,96
visual_genome_m,above_4x,76,0.2407781145833333,0.23848241666666667,0.8029770729166666,0.8072686354166666,96
visual_genome_m,above_4x,77,0.2434321458333333,0.23571632291666667,0.8028854270833333,0.80736971875,96
visual_genome_m,above_4x,78,0.24022395833333332,0.235752125,0.8034797083333333,0.80715796875,96
visual_genome_m,above_4x,79,0.24220067708333334,0.232202875,0.8039013333333332,0.8071829166666666,96
visual_genome_m,above_4x,80,0.2376523125,0.23735542708333335,0.8043278645833333,0.8075225104166667,96
visual_genome_m,above_4x,81,0.24098117708333333,0.238735625,0.8043053958333334,0.80769515625,96
visual_genome_m,above_4x,82,0.23839197916666666,0.2337024479166667,0.8048509583333333,0.8077184583333333,96
visual_genome_m,above_4x,83,0.24217393750000002,0.23240502083333334,0.8047058125,0.8076870208333333,96
visual_genome_m,above_4x,84,0.23930173958333334,0.23588715625,0.8052676041666667,0.8071976562500001,96
visual_genome_m,above_4x,85,0.23942079166666666,0.23165920833333334,0.8049892708333334,0.80802071875,96
visual_genome_m,above_4x,86,0.23977209375,0.23111660416666668,0.8054595729166666,0.8074388229166667,96
visual_genome_m,above_4x,87,0.23722566666666667,0.23127247916666668,0.8059852083333333,0.8073400624999999,96
visual_genome_m,above_4x,88,0.23726058333333333,0.23020059375000002,0.80545428125,0.8077215624999999,96
visual_genome_m,above_4x,89,0.23727280208333335,0.23219841666666666,0.8050773125,0.8068127083333333,96
visual_genome_m,above_4x,90,0.23448003125000003,0.23206733333333332,0.8052470416666666,0.8069022291666667,96
visual_genome_m,above_4x,91,0.23753712500000002,0.22975620833333332,0.8057316458333333,0.8071458020833333,96
visual_genome_m,above_4x,92,0.23246589583333332,0.2286937395833333,0.8057270208333334,0.807032875,96
visual_genome_m,above_4x,93,0.23658290625,0.2328680625,0.8063076458333334,0.8067577083333334,96
visual_genome_m,above_4x,94,0.23907290625,0.23036048958333333,0.8070497604166667,0.8075322604166667,96
visual_genome_m,above_4x,95,0.23809544791666667,0.23508641666666666,0.8078539687499999,0.8080159479166666,96
visual_genome_m,above_4x,96,0.24029263541666668,0.23467966666666665,0.80795046875,0.80875825,96
visual_genome_m,above_4x,97,0.23725657291666666,0.2287835,0.8072333020833332,0.8087576770833333,96
visual_genome_m,above_4x,98,0.23014019791666665,0.22998108333333334,0.8074817291666667,0.8090478645833333,96
visual_genome_m,above_4x,99,0.22744670833333333,0.22913755208333333,0.80891128125,0.8085908125,96
visual_genome_m,above_4x,100,0.22977843750000002,0.22720764583333333,0.8094094166666667,0.8090723125,96
visual_genome_m,above_4x,101,0.22896228124999998,0.22765385416666664,0.8085708020833334,0.8092632812499999,96
visual_genome_m,above_4x,102,0.22935092708333335,0.2280698125,0.8075244895833333,0.8091271875,96
visual_genome_m,above_4x,103,0.23110228124999999,0.2249979166666667,0.8081614375,0.8092008125,96
visual_genome_m,above_4x,104,0.23024611458333333,0.22615589583333331,0.8081131250000001,0.8094703541666667,96
visual_genome_m,above_4x,105,0.22526915625,0.22312735416666665,0.8081716041666667,0.8103909374999999,96
visual_genome_m,above_4x,106,0.22363519791666667,0.22527146875,0.8078465520833333,0.8112164375,96
visual_genome_m,above_4x,107,0.22730003125,0.22559307291666666,0.8079954166666666,0.811782,96
visual_genome_m,above_4x,108,0.22702027083333332,0.22472405208333335,0.8081916354166667,0.8111357916666666,96
visual_genome_m,above_4x,109,0.22646091666666668,0.22467071875,0.8085575729166666,0.8102987395833333,96
visual_genome_m,above_4x,110,0.22622057291666667,0.22356440625,0.8088003958333333,0.8099925312499999,96
visual_genome_m,above_4x,111,0.22478925000000002,0.22190623958333333,0.8098705729166666,0.8113217708333332,96
visual_genome_m,above_4x,112,0.22271414583333335,0.2180758125,0.8097256979166666,0.81181659375,96
visual_genome_m,above_4x,113,0.22395275,0.22200562499999998,0.8104001041666667,0.8114803958333333,96
visual_genome_m,above_4x,114,0.22297396875,0.22081554166666664,0.81074059375,0.8119305833333333,96
visual_genome_m,above_4x,115,0.223976875,0.22115896875,0.8107246250000001,0.8119019375000001,96
visual_genome_m,above_4x,116,0.22339938541666668,0.21934542708333335,0.81120771875,0.8133948854166667,96
visual_genome_m,above_4x,117,0.22290927083333334,0.21820604166666666,0.8115317916666666,0.8133176458333334,96
visual_genome_m,above_4x,118,0.22179588541666664,0.21378690625,0.8118806041666667,0.8138613020833333,96
visual_genome_m,above_4x,119,0.21947534375,0.21401525,0.8118783541666666,0.81402234375,96
visual_genome_m,above_4x,120,0.21886502083333334,0.21612203124999999,0.8123299479166667,0.8137656770833334,96
visual_genome_m,above_4x,121,0.21955461458333334,0.2162252395833333,0.8131338437500001,0.8139026354166666,96
visual_genome_m,above_4x,122,0.2226519375,0.21750052083333335,0.8127593958333333,0.8146141458333332,96
visual_genome_m,above_4x,123,0.21921582291666666,0.21527447916666667,0.8127462916666667,0.8146751249999999,96
visual_genome_m,above_4x,124,0.21363360416666666,0.21142484375,0.8127128958333333,0.8145878645833333,96
visual_genome_m,above_4x,125,0.21045202083333334,0.20923376041666666,0.8138008333333334,0.8143528854166666,96
visual_genome_m,above_4x,126,0.21184528125000002,0.2106000729166667,0.8138288645833334,0.8150890624999999,96
visual_genome_m,above_4x,127,0.2097975625,0.20831598958333333,0.8145524166666666,0.8154601458333334,96
visual_genome_m,above_4x,128,0.20847697916666666,0.20819323958333333,0.8149679583333334,0.8158384895833333,96
visual_genome_m,above_4x,129,0.20862991666666666,0.2096473854166667,0.8152479479166667,0.8164194583333333,96
visual_genome_m,above_4x,130,0.20955811458333332,0.20931698958333333,0.8157216875,0.8168023125,96
visual_genome_m,above_4x,131,0.20925569791666665,0.20993440625,0.8158401770833333,0.8166275104166667,96
visual_genome_m,above_4x,132,0.20666218749999998,0.20635599999999998,0.8166843645833333,0.8164358125,96
visual_genome_m,above_4x,133,0.20805582291666666,0.20252617708333331,0.8166057916666666,0.8163746145833333,96
visual_genome_m,above_4x,134,0.20688198958333334,0.20571759374999998,0.81675909375,0.8158450520833332,96
visual_genome_m,above_4x,135,0.21066935416666666,0.20750402083333333,0.8173674479166667,0.8159065416666667,96
visual_genome_m,above_4x,136,0.21188717708333335,0.20804119791666667,0.8176542083333334,0.8162326770833334,96
visual_genome_m,above_4x,137,0.2106716145833333,0.20781634375,0.8173168541666667,0.8162514166666667,96
visual_genome_m,above_4x,138,0.20856494791666666,0.20470037500000002,0.8179383958333334,0.8165647083333334,96
visual_genome_m,above_4x,139,0.20632611458333336,0.20538773958333334,0.8181288750000001,0.8164821979166667,96
visual_genome_m,above_4x,140,0.20685697916666668,0.20814678125,0.8181633333333332,0.8161908125,96
visual_genome_m,above_4x,141,0.2084708125,0.2094703020833333,0.8181338958333333,0.81639909375,96
visual_genome_m,above_4x,142,0.20888192708333334,0.20743108333333335,0.8182519270833333,0.8168180729166666,96
visual_genome_m,above_4x,143,0.20591211458333333,0.20696836458333334,0.8187507395833333,0.8167035208333333,96
visual_genome_m,above_4x,144,0.2014228541666667,0.19956521875,0.8192198749999999,0.81695925,96
visual_genome_m,above_4x,145,0.20430840625,0.20295498958333333,0.8191216250000001,0.8179245416666667,96
visual_genome_m,above_4x,146,0.20080935416666668,0.20012976041666666,0.8198987395833334,0.8179564270833333,96
visual_genome_m,above_4x,147,0.20219726041666666,0.20109344791666664,0.8199024062500001,0.8176993541666667,96
visual_genome_m,above_4x,148,0.20255295833333334,0.2039545625,0.8203549270833334,0.8175809583333334,96
visual_genome_m,above_4x,149,0.20389495833333335,0.20521177083333333,0.8199335,0.8174133854166666,96
visual_genome_m,above_4x,150,0.20120503125,0.20219217708333334,0.8198799895833333,0.81794321875,96
visual_genome_m,leaf_to_4x,2,0.34899619047619046,0.3486984285714286,0.47112323809523804,0.47121466666666667,21
visual_genome_m,leaf_to_4x,3,0.36100948275862066,0.3610091034482759,0.5120924827586207,0.5120948620689656,29
visual_genome_m,leaf_to_4x,4,0.27762658333333334,0.277651875,0.6440624479166667,0.6441640208333334,96
visual_genome_m,leaf_to_4x,5,0.27597305208333334,0.2725561354166667,0.6806225833333334,0.6806369166666667,96
visual_genome_m,leaf_to_4x,6,0.24683613541666669,0.24681403125,0.6941475104166667,0.6941521979166666,96
visual_genome_m,leaf_to_4x,7,0.22510196875,0.22748958333333333,0.7001636979166667,0.7001459687499999,96
visual_genome_m,leaf_to_4x,8,0.20904616666666667,0.21473239583333334,0.7074162291666667,0.7048894791666666,96
visual_genome_m,leaf_to_4x,9,0.20637585416666668,0.20840514583333333,0.7155788020833334,0.7075764479166667,96
visual_genome_m,leaf_to_4x,10,0.1921971354166667,0.19796941666666668,0.7184583229166667,0.7115177083333334,96
visual_genome_m,leaf_to_4x,11,0.18668540625,0.19333395833333333,0.7218276979166666,0.7207148333333334,96
visual_genome_m,leaf_to_4x,12,0.18926327083333336,0.1888049791666667,0.7288112083333332,0.7216048125,96
visual_genome_m,leaf_to_4x,13,0.18702447916666667,0.19834880208333336,0.7325770208333333,0.7258342187500001,96
visual_genome_m,leaf_to_4x,14,0.18311643749999998,0.18613136458333335,0.7328945520833333,0.7274346041666666,96
visual_genome_m,leaf_to_4x,15,0.18789670833333336,0.19267033333333336,0.7356858125,0.7294293645833333,96
visual_genome_m,leaf_to_4x,16,0.18541104166666666,0.1878691770833333,0.7357550833333333,0.7291364479166668,96
visual_genome_m,leaf_to_4x,17,0.181012625,0.1821033125,0.7356064270833333,0.7284999895833333,96
visual_genome_m,leaf_to_4x,18,0.18349947916666667,0.18052788541666667,0.74069359375,0.732934625,96
visual_genome_m,leaf_to_4x,19,0.18508833333333333,0.18254770833333334,0.7406579583333334,0.73831146875,96
visual_genome_m,leaf_to_4x,20,0.18806001041666667,0.17681312500000002,0.7413478020833333,0.7405179791666666,96
visual_genome_m,leaf_to_4x,21,0.19430390625000002,0.19197066666666665,0.7435393124999999,0.74141721875,96
visual_genome_m,leaf_to_4x,22,0.18828578124999998,0.18541583333333334,0.74463578125,0.74275628125,96
visual_genome_m,leaf_to_4x,23,0.18402486458333334,0.18871891666666665,0.7459051979166667,0.743214375,96
visual_genome_m,leaf_to_4x,24,0.18715155208333334,0.18848463541666668,0.7473832499999999,0.74549078125,96
visual_genome_m,leaf_to_4x,25,0.18319815625,0.18743356249999998,0.7472860104166666,0.74552996875,96
visual_genome_m,leaf_to_4x,26,0.18099042708333335,0.18987765625,0.7476776666666667,0.7482463229166667,96
visual_genome_m,leaf_to_4x,27,0.180990625,0.18285125,0.7484687499999999,0.7480246979166667,96
visual_genome_m,leaf_to_4x,28,0.1818059375,0.17374757291666668,0.74895590625,0.7482388958333334,96
visual_genome_m,leaf_to_4x,29,0.17845944791666668,0.17260470833333333,0.7514427395833333,0.74878575,96
visual_genome_m,leaf_to_4x,30,0.17931617708333333,0.17056137500000002,0.7517156145833334,0.75199484375,96
visual_genome_m,leaf_to_4x,31,0.1849891875,0.17689124999999997,0.7517423645833333,0.752383125,96
visual_genome_m,leaf_to_4x,32,0.18465798958333335,0.18029353125,0.75184653125,0.7535814375,96
visual_genome_m,leaf_to_4x,33,0.18350913541666666,0.18025125,0.7500074479166666,0.7532574375,96
visual_genome_m,leaf_to_4x,34,0.18629495833333334,0.18154322916666665,0.7516598124999999,0.7527906249999999,96
visual_genome_m,leaf_to_4x,35,0.18073024999999998,0.18158008333333334,0.7526843333333333,0.7540447708333334,96
visual_genome_m,leaf_to_4x,36,0.18363220833333335,0.17845311458333335,0.7529743020833334,0.7545144583333333,96
visual_genome_m,leaf_to_4x,37,0.17681439583333333,0.1689036458333333,0.7544636458333334,0.7560773125,96
visual_genome_m,leaf_to_4x,38,0.16976257291666666,0.16762726041666667,0.7548286458333333,0.7570638020833332,96
visual_genome_m,leaf_to_4x,39,0.169377625,0.16684362500000002,0.7555836979166667,0.7577670833333333,96
visual_genome_m,leaf_to_4x,40,0.17113868750000003,0.16575080208333334,0.7562174791666667,0.7587793020833334,96
visual_genome_m,leaf_to_4x,41,0.17484327083333331,0.17190559375,0.7572234583333333,0.7584237083333334,96
visual_genome_m,leaf_to_4x,42,0.17566297916666665,0.17248373958333332,0.7584591562499999,0.759961,96
visual_genome_m,leaf_to_4x,43,0.17610856249999998,0.17419911458333334,0.7592371354166666,0.76132890625,96
visual_genome_m,leaf_to_4x,44,0.17383295833333334,0.16948714583333332,0.7585638229166666,0.7621335312499999,96
visual_genome_m,leaf_to_4x,45,0.16953015625,0.16528027083333333,0.7604809375,0.7635541354166667,96
visual_genome_m,leaf_to_4x,46,0.16935355208333333,0.16145525,0.758979375,0.7638253645833334,96
visual_genome_m,leaf_to_4x,47,0.1664661875,0.16025582291666665,0.7600108854166666,0.7643128958333333,96
visual_genome_m,leaf_to_4x,48,0.17264652083333334,0.16654198958333333,0.7592429687500001,0.7644807916666667,96
visual_genome_m,leaf_to_4x,49,0.17018575,0.17010039583333333,0.7590767291666666,0.7652895416666666,96
visual_genome_m,leaf_to_4x,50,0.17009976041666666,0.16580553125,0.7582965416666667,0.7646188541666666,96
visual_genome_m,leaf_to_4x,51,0.16597277083333334,0.15978995833333334,0.75804415625,0.7652124374999999,96
visual_genome_m,leaf_to_4x,52,0.16705251041666666,0.16013183333333333,0.7573791145833333,0.7658535729166668,96
visual_genome_m,leaf_to_4x,53,0.1676145,0.16011657291666667,0.7579390625000001,0.7650288645833333,96
visual_genome_m,leaf_to_4x,54,0.16558652083333333,0.16289325000000002,0.7614029270833332,0.7659113541666667,96
visual_genome_m,leaf_to_4x,55,0.16425770833333334,0.16816802083333335,0.7624442916666667,0.7662740520833333,96
visual_genome_m,leaf_to_4x,56,0.16450029166666666,0.1672493229166667,0.7624222708333334,0.7659882916666666,96
visual_genome_m,leaf_to_4x,57,0.16798054166666665,0.165910125,0.7632557812499999,0.76586878125,96
visual_genome_m,leaf_to_4x,58,0.1704444791666667,0.16314051041666666,0.76334915625,0.7657904375000001,96
visual_genome_m,leaf_to_4x,59,0.16784039583333332,0.16347960416666665,0.7629013750000001,0.7667033020833333,96
visual_genome_m,leaf_to_4x,60,0.17328677083333333,0.16186111458333333,0.7631521666666666,0.7660789479166666,96
visual_genome_m,leaf_to_4x,61,0.17344432291666667,0.16049970833333332,0.7637833229166667,0.7667074791666666,96
visual_genome_m,leaf_to_4x,62,0.17431177083333335,0.16113971875,0.7638344270833333,0.767587625,96
visual_genome_m,leaf_to_4x,63,0.17175825,0.15996898958333333,0.7639249166666667,0.7684112916666667,96
visual_genome_m,leaf_to_4x,64,0.17223698958333333,0.16473482291666666,0.7640636875000001,0.77024115625,96
visual_genome_m,leaf_to_4x,65,0.17534169791666665,0.16078480208333332,0.7642210520833334,0.7698024375,96
visual_genome_m,leaf_to_4x,66,0.17236971874999998,0.15994753125,0.76425228125,0.7697694374999999,96
visual_genome_m,leaf_to_4x,67,0.16856632291666665,0.16160894791666666,0.7647675416666666,0.7701471979166666,96
visual_genome_m,leaf_to_4x,68,0.16635682291666667,0.15909423958333332,0.7654578541666667,0.7690981145833334,96
visual_genome_m,leaf_to_4x,69,0.16249735416666666,0.15175179166666666,0.76406340625,0.7692145729166667,96
visual_genome_m,leaf_to_4x,70,0.16130277083333333,0.15173778125,0.7625411979166666,0.7701061562499999,96
visual_genome_m,leaf_to_4x,71,0.15864957291666668,0.15101853125,0.7625900729166667,0.7707455,96
visual_genome_m,leaf_to_4x,72,0.15872869791666666,0.15350203125,0.7650079166666667,0.7704762395833334,96
visual_genome_m,leaf_to_4x,73,0.15536753125,0.15341384375,0.7652569374999999,0.7707897083333334,96
visual_genome_m,leaf_to_4x,74,0.15410532291666665,0.15398599999999998,0.7650561041666667,0.7710652708333333,96
visual_genome_m,leaf_to_4x,75,0.15265429166666666,0.15220686458333335,0.7656727708333334,0.7705122291666666,96
visual_genome_m,leaf_to_4x,76,0.15349770833333334,0.15161429166666665,0.7648832708333333,0.7707204270833333,96
visual_genome_m,leaf_to_4x,77,0.15658115625,0.15128884374999998,0.7657033541666666,0.7709359270833334,96
visual_genome_m,leaf_to_4x,78,0.15547629166666668,0.14713195833333334,0.7661687604166666,0.7720886666666668,96
visual_genome_m,leaf_to_4x,79,0.153186625,0.14914059375,0.7645863749999999,0.77216828125,96
visual_genome_m,leaf_to_4x,80,0.15135763541666666,0.14694941666666667,0.7653669791666666,0.77207709375,96
visual_genome_m,leaf_to_4x,81,0.15187904166666666,0.14694361458333333,0.7651910937499999,0.7719638541666667,96
visual_genome_m,leaf_to_4x,82,0.15028767708333332,0.14472028125,0.76475021875,0.772948,96
visual_genome_m,leaf_to_4x,83,0.14886288541666667,0.14802530208333334,0.7639723958333334,0.7738510937499999,96
visual_genome_m,leaf_to_4x,84,0.14764920833333334,0.14975391666666668,0.7642685208333333,0.7736533020833334,96
visual_genome_m,leaf_to_4x,85,0.14929197916666667,0.14772279166666666,0.7638635833333334,0.7731361041666668,96
visual_genome_m,leaf_to_4x,86,0.14726915625,0.147662625,0.76421990625,0.7724275625,96
visual_genome_m,leaf_to_4x,87,0.14603895833333333,0.14652539583333332,0.7633091666666667,0.772595125,96
visual_genome_m,leaf_to_4x,88,0.14472909375,0.14459028125,0.7629198020833333,0.7719304166666667,96
visual_genome_m,leaf_to_4x,89,0.14500934375,0.14486573958333335,0.7638402812499999,0.7716547500000001,96
visual_genome_m,leaf_to_4x,90,0.145531,0.14558589583333334,0.7638106666666666,0.77142221875,96
visual_genome_m,leaf_to_4x,91,0.14523045833333334,0.14734832291666666,0.7637608125,0.7715465625000001,96
visual_genome_m,leaf_to_4x,92,0.14458308333333333,0.14444141666666668,0.7634265,0.7715193020833334,96
visual_genome_m,leaf_to_4x,93,0.14695626041666668,0.14323488541666665,0.7645115416666667,0.7717069166666667,96
visual_genome_m,leaf_to_4x,94,0.14628934375,0.148259375,0.7647588541666667,0.7716515624999999,96
visual_genome_m,leaf_to_4x,95,0.14540964583333332,0.1464066875,0.76496553125,0.7709782708333334,96
visual_genome_m,leaf_to_4x,96,0.14779839583333335,0.14840302083333332,0.7648240208333333,0.7710972395833333,96
visual_genome_m,leaf_to_4x,97,0.14558533333333334,0.14829558333333334,0.7656278229166666,0.7707813125,96
visual_genome_m,leaf_to_4x,98,0.1417185,0.146936125,0.7650027604166666,0.7708483958333333,96
visual_genome_m,leaf_to_4x,99,0.14651459375,0.14344017708333334,0.7652612916666667,0.77011103125,96
visual_genome_m,leaf_to_4x,100,0.14244917708333335,0.14509935416666667,0.7652729270833333,0.7698284270833334,96
visual_genome_m,leaf_to_4x,101,0.13915745833333334,0.14205666666666666,0.7653023437500001,0.7703603229166666,96
visual_genome_m,leaf_to_4x,102,0.14140957291666667,0.14334026041666667,0.7663584166666667,0.7704182291666667,96
visual_genome_m,leaf_to_4x,103,0.14326453125,0.14212455208333333,0.7665924479166667,0.7699905625,96
visual_genome_m,leaf_to_4x,104,0.14197454166666668,0.14097876041666665,0.7665486666666667,0.77031753125,96
visual_genome_m,leaf_to_4x,105,0.14269902083333333,0.14143114583333333,0.76742540625,0.7700574895833333,96
visual_genome_m,leaf_to_4x,106,0.14212926041666665,0.14525304166666667,0.7674763750000001,0.7708190625000001,96
visual_genome_m,leaf_to_4x,107,0.14108257291666668,0.14512763541666665,0.7679203541666667,0.7706812708333333,96
visual_genome_m,leaf_to_4x,108,0.13962870833333332,0.14518976041666667,0.7682889166666667,0.7708680833333333,96
visual_genome_m,leaf_to_4x,109,0.14195588541666668,0.14669863541666667,0.7680875104166667,0.7706806458333334,96
visual_genome_m,leaf_to_4x,110,0.13909917708333333,0.14618329166666666,0.7679150208333333,0.7717382395833333,96
visual_genome_m,leaf_to_4x,111,0.13811346875,0.14300051041666667,0.76831584375,0.7714246041666667,96
visual_genome_m,leaf_to_4x,112,0.13796230208333335,0.144022125,0.7682491145833333,0.7718979270833333,96
visual_genome_m,leaf_to_4x,113,0.1388241875,0.14508394791666665,0.7682288020833333,0.7723413333333333,96
visual_genome_m,leaf_to_4x,114,0.13714079166666668,0.14350288541666667,0.7682313645833334,0.7724671354166667,96
visual_genome_m,leaf_to_4x,115,0.13771564583333332,0.14457262499999998,0.7684300520833333,0.7725843229166666,96
visual_genome_m,leaf_to_4x,116,0.13489183333333335,0.13986222916666666,0.7685925416666667,0.7722429895833334,96
visual_genome_m,leaf_to_4x,117,0.1357440625,0.13617486458333333,0.7684858541666667,0.77251321875,96
visual_genome_m,leaf_to_4x,118,0.13328830208333334,0.141516625,0.7692973333333333,0.77277240625,96
visual_genome_m,leaf_to_4x,119,0.13081302083333332,0.13985642708333332,0.7704382083333333,0.7734277187499999,96
visual_genome_m,leaf_to_4x,120,0.13016602083333334,0.1381855,0.7706775625,0.7736838125,96
visual_genome_m,leaf_to_4x,121,0.13287356250000001,0.14036810416666667,0.7711426666666666,0.7738095520833334,96
visual_genome_m,leaf_to_4x,122,0.13375352083333333,0.13822242708333335,0.7716509895833333,0.7732527916666667,96
visual_genome_m,leaf_to_4x,123,0.13157167708333334,0.14181602083333333,0.7724592395833333,0.7735776354166667,96
visual_genome_m,leaf_to_4x,124,0.13248373958333334,0.1390728125,0.7726215625,0.7731550208333333,96
visual_genome_m,leaf_to_4x,125,0.13248216666666665,0.14238042708333334,0.7729823124999999,0.7731752708333334,96
visual_genome_m,leaf_to_4x,126,0.13369290625,0.14072739583333332,0.77305171875,0.7737869479166667,96
visual_genome_m,leaf_to_4x,127,0.13099995833333333,0.13516751041666666,0.7730732499999999,0.77286465625,96
visual_genome_m,leaf_to_4x,128,0.13008480208333334,0.13659888541666668,0.7733106979166666,0.77313359375,96
visual_genome_m,leaf_to_4x,129,0.12887245833333333,0.13415291666666665,0.77329621875,0.7735696041666666,96
visual_genome_m,leaf_to_4x,130,0.12812846875,0.134739125,0.7736908333333333,0.7730064062499999,96
visual_genome_m,leaf_to_4x,131,0.12764717708333334,0.132225875,0.77335046875,0.7739054583333332,96
visual_genome_m,leaf_to_4x,132,0.12976865625,0.132505375,0.7738814270833334,0.7737613437499999,96
visual_genome_m,leaf_to_4x,133,0.12861877083333334,0.133125875,0.7742318541666666,0.7734161249999999,96
visual_genome_m,leaf_to_4x,134,0.12467269791666667,0.13457213541666666,0.77422509375,0.7730938958333334,96
visual_genome_m,leaf_to_4x,135,0.12692966666666666,0.13353276041666667,0.7732559375,0.77287621875,96
visual_genome_m,leaf_to_4x,136,0.1291213125,0.13646141666666667,0.7730239583333334,0.77239959375,96
visual_genome_m,leaf_to_4x,137,0.12703301041666668,0.13677288541666668,0.7721041249999999,0.7723686145833333,96
visual_genome_m,leaf_to_4x,138,0.1304795,0.13590075,0.7718009062500001,0.7723142395833333,96
visual_genome_m,leaf_to_4x,139,0.13218789583333332,0.13589139583333334,0.77221746875,0.7726522395833334,96
visual_genome_m,leaf_to_4x,140,0.13034259374999999,0.13325545833333333,0.7722397604166668,0.7727906562500001,96
visual_genome_m,leaf_to_4x,141,0.1244295625,0.13589445833333333,0.7718429895833333,0.7731251145833333,96
visual_genome_m,leaf_to_4x,142,0.12422106249999999,0.13407310416666665,0.7712214999999999,0.7731016666666667,96
visual_genome_m,leaf_to_4x,143,0.12363971875,0.13221750000000002,0.7711621458333333,0.7732395312499999,96
visual_genome_m,leaf_to_4x,144,0.12349645833333334,0.130663875,0.7706609062499999,0.77356728125,96
visual_genome_m,leaf_to_4x,145,0.12419592708333334,0.12913717708333333,0.7707144062500001,0.7734217083333333,96
visual_genome_m,leaf_to_4x,146,0.1234920625,0.13029195833333332,0.7705557604166667,0.7735802604166667,96
visual_genome_m,leaf_to_4x,147,0.12447821875,0.13206378124999998,0.7709133125,0.7733608541666667,96
visual_genome_m,leaf_to_4x,148,0.12560221875,0.13107014583333335,0.7713941458333333,0.7732579166666667,96
visual_genome_m,leaf_to_4x,149,0.12827988541666666,0.13381252083333334,0.7711092291666667,0.7734713750000001,96
visual_genome_m,leaf_to_4x,150,0.1256003125,0.13241826041666668,0.7712449895833333,0.7735207916666668,96
visual_genome_m,patch_to_leaf,2,0.6770514285714285,0.6767962040816325,0.17063330612244898,0.17066644897959182,49
visual_genome_m,patch_to_leaf,3,0.569627,0.5693765342465753,0.21312093150684933,0.213120301369863,73
visual_genome_m,patch_to_leaf,4,0.49664971875,0.496644625,0.29509692708333335,0.29503553125,96
visual_genome_m,patch_to_leaf,5,0.43211179166666663,0.4347282708333333,0.33262716666666664,0.3326220208333333,96
visual_genome_m,patch_to_leaf,6,0.39516223958333335,0.39820953125,0.3605293854166667,0.36052936458333334,96
visual_genome_m,patch_to_leaf,7,0.35980665624999997,0.36042210416666665,0.3718950833333334,0.3719138020833333,96
visual_genome_m,patch_to_leaf,8,0.34701153125,0.3470976041666667,0.3851773229166667,0.38716968749999997,96
visual_genome_m,patch_to_leaf,9,0.34060298958333335,0.34071115625000004,0.39519922916666667,0.4048343020833333,96
visual_genome_m,patch_to_leaf,10,0.32592451041666665,0.3309721770833333,0.40476072916666667,0.41357422916666664,96
visual_genome_m,patch_to_leaf,11,0.3255331979166667,0.32198597916666666,0.41356419791666665,0.4212137708333334,96
visual_genome_m,patch_to_leaf,12,0.31909172916666667,0.3061596875,0.41816442708333335,0.42310967708333336,96
visual_genome_m,patch_to_leaf,13,0.30719697916666666,0.3021860520833333,0.4286914375,0.42579537500000003,96
visual_genome_m,patch_to_leaf,14,0.3035190625,0.2932223854166667,0.43408778124999997,0.4344839895833333,96
visual_genome_m,patch_to_leaf,15,0.295579625,0.29717441666666666,0.44191043750000003,0.43843107291666666,96
visual_genome_m,patch_to_leaf,16,0.28932136458333335,0.2887776875,0.4477931041666667,0.44566418750000003,96
visual_genome_m,patch_to_leaf,17,0.27737336458333334,0.27349228124999997,0.45153604166666667,0.44862914583333335,96
visual_genome_m,patch_to_leaf,18,0.27929502083333335,0.2736143125,0.4536983229166667,0.45416898958333335,96
visual_genome_m,patch_to_leaf,19,0.27339725,0.27181213541666666,0.45696546875,0.4579405833333334,96
visual_genome_m,patch_to_leaf,20,0.27629652083333334,0.2700100416666667,0.46017984375,0.46012511458333333,96
visual_genome_m,patch_to_leaf,21,0.2751122916666667,0.26816907291666664,0.46533284375,0.46234378125,96
visual_genome_m,patch_to_leaf,22,0.2756417395833333,0.268759,0.4662455208333333,0.46573717708333334,96
visual_genome_m,patch_to_leaf,23,0.2721324895833333,0.26975742708333333,0.46848747916666666,0.4702792708333334,96
visual_genome_m,patch_to_leaf,24,0.2614703541666667,0.25877296875,0.4688355416666667,0.47215378125,96
visual_genome_m,patch_to_leaf,25,0.26347005208333335,0.25828476041666665,0.4684721666666667,0.47328215625000003,96
visual_genome_m,patch_to_leaf,26,0.26494055208333334,0.257803875,0.4713001458333333,0.47418721875000003,96
visual_genome_m,patch_to_leaf,27,0.26301463541666664,0.25792098958333337,0.4765168020833333,0.47856740625,96
visual_genome_m,patch_to_leaf,28,0.25627909374999996,0.2532810104166667,0.48305593750000003,0.48030438541666665,96
visual_genome_m,patch_to_leaf,29,0.2523214166666667,0.25184358333333334,0.48346807291666666,0.48024646875000004,96
visual_genome_m,patch_to_leaf,30,0.25048276041666667,0.25396397916666663,0.48716978125,0.48058741666666666,96
visual_genome_m,patch_to_leaf,31,0.2596059375,0.25439843749999996,0.4874416666666667,0.48216316666666664,96
visual_genome_m,patch_to_leaf,32,0.2559180833333333,0.25112128125,0.4878757708333334,0.4839513958333333,96
visual_genome_m,patch_to_leaf,33,0.2546142604166666,0.25211822916666665,0.48976046874999996,0.4823662604166667,96
visual_genome_m,patch_to_leaf,34,0.2589948125,0.24874745833333334,0.491859625,0.48459696875,96
visual_genome_m,patch_to_leaf,35,0.25410245833333334,0.24781701041666668,0.49212830208333336,0.4846781145833334,96
visual_genome_m,patch_to_leaf,36,0.25175929166666666,0.24842822916666665,0.49336353125,0.48806940625,96
visual_genome_m,patch_to_leaf,37,0.24516530208333331,0.24947552083333333,0.49570632291666666,0.48884510416666666,96
visual_genome_m,patch_to_leaf,38,0.245611125,0.2441490625,0.49838036458333335,0.4881586145833334,96
visual_genome_m,patch_to_leaf,39,0.25271019791666666,0.24598273958333336,0.4992367395833333,0.491276,96
visual_genome_m,patch_to_leaf,40,0.2469146875,0.24387782291666668,0.5017374375,0.49303090625,96
visual_genome_m,patch_to_leaf,41,0.24276331250000002,0.24403025,0.5026212916666667,0.49486061458333336,96
visual_genome_m,patch_to_leaf,42,0.24438816666666666,0.24571823958333336,0.50177209375,0.4968369479166667,96
visual_genome_m,patch_to_leaf,43,0.24912605208333335,0.24563202083333335,0.5017156458333333,0.4961512083333333,96
visual_genome_m,patch_to_leaf,44,0.2348997604166667,0.24063695833333332,0.50347471875,0.49653113541666666,96
visual_genome_m,patch_to_leaf,45,0.23039438541666668,0.23462717708333333,0.5079642708333333,0.4972641354166667,96
visual_genome_m,patch_to_leaf,46,0.22948419791666666,0.23725098958333335,0.50717071875,0.49877,96
visual_genome_m,patch_to_leaf,47,0.23002864583333335,0.23415351041666665,0.5087231354166667,0.4989320104166666,96
visual_genome_m,patch_to_leaf,48,0.23501348958333335,0.23973015625000002,0.5105317083333333,0.5015674791666667,96
visual_genome_m,patch_to_leaf,49,0.23497586458333333,0.237478875,0.5108322395833333,0.5042269583333333,96
visual_genome_m,patch_to_leaf,50,0.23568807291666669,0.23672803125,0.5143320104166667,0.5046854375,96
visual_genome_m,patch_to_leaf,51,0.22694095833333336,0.23214665625,0.5151978229166666,0.50389584375,96
visual_genome_m,patch_to_leaf,52,0.22445619791666668,0.23786671875,0.5170645208333333,0.5066575729166667,96
visual_genome_m,patch_to_leaf,53,0.22538635416666666,0.23710518749999998,0.5197040625,0.50763375,96
visual_genome_m,patch_to_leaf,54,0.22752188541666665,0.23783505208333333,0.52057740625,0.5089111875,96
visual_genome_m,patch_to_leaf,55,0.23231301041666666,0.23932070833333333,0.5197186458333333,0.5104714479166667,96
visual_genome_m,patch_to_leaf,56,0.23600994791666666,0.24439194791666666,0.5205996041666666,0.5113418125,96
visual_genome_m,patch_to_leaf,57,0.23555565625,0.239430375,0.5218514791666667,0.5134193333333333,96
visual_genome_m,patch_to_leaf,58,0.23632365624999999,0.2444923125,0.5242131041666667,0.51376096875,96
visual_genome_m,patch_to_leaf,59,0.23325060416666665,0.23925910416666665,0.5253808958333334,0.5159671041666667,96
visual_genome_m,patch_to_leaf,60,0.23192930208333332,0.23917252083333332,0.5262317604166666,0.516246,96
visual_genome_m,patch_to_leaf,61,0.23146465625,0.23713342708333332,0.5263052395833333,0.5164498750000001,96
visual_genome_m,patch_to_leaf,62,0.23050277083333334,0.23690825000000001,0.5290885729166667,0.5173964791666666,96
visual_genome_m,patch_to_leaf,63,0.22649701041666667,0.238172625,0.53037834375,0.5200349270833333,96
visual_genome_m,patch_to_leaf,64,0.22870179166666668,0.23729708333333333,0.53086646875,0.52054303125,96
visual_genome_m,patch_to_leaf,65,0.22846876041666667,0.23330434375,0.5313579375,0.5200639166666666,96
visual_genome_m,patch_to_leaf,66,0.22353270833333336,0.23125159375,0.5314630208333333,0.5235389895833333,96
visual_genome_m,patch_to_leaf,67,0.22363379166666666,0.2308218333333333,0.5321550520833334,0.5246624166666667,96
visual_genome_m,patch_to_leaf,68,0.22166352083333332,0.22936317708333334,0.5322703541666667,0.5252867812500001,96
visual_genome_m,patch_to_leaf,69,0.21418086458333332,0.22153939583333335,0.531798625,0.5250107604166666,96
visual_genome_m,patch_to_leaf,70,0.21141214583333334,0.22084298958333334,0.5325765625,0.52538890625,96
visual_genome_m,patch_to_leaf,71,0.21069689583333331,0.22184583333333333,0.5323172395833333,0.5251021875,96
visual_genome_m,patch_to_leaf,72,0.21626815624999998,0.22052607291666668,0.5321711041666667,0.5269999583333334,96
visual_genome_m,patch_to_leaf,73,0.21989560416666667,0.21762897916666668,0.5327488854166667,0.5286060729166667,96
visual_genome_m,patch_to_leaf,74,0.21588804166666667,0.21804792708333331,0.5345952187499999,0.5300838437500001,96
visual_genome_m,patch_to_leaf,75,0.21296357291666668,0.21701791666666667,0.5343528020833334,0.5336419166666667,96
visual_genome_m,patch_to_leaf,76,0.21189931250000002,0.21445773958333333,0.5369944166666667,0.5354397708333333,96
visual_genome_m,patch_to_leaf,77,0.21215872916666667,0.21249862500000002,0.5372381770833333,0.5366436666666666,96
visual_genome_m,patch_to_leaf,78,0.2129017708333333,0.20935144791666668,0.53748328125,0.5374652708333333,96
visual_genome_m,patch_to_leaf,79,0.21029336458333334,0.21218753125,0.5397759166666667,0.5369593645833334,96
visual_genome_m,patch_to_leaf,80,0.20889669791666665,0.21260279166666665,0.5404945,0.5391103854166667,96
visual_genome_m,patch_to_leaf,81,0.20991109375000003,0.212178125,0.5415061979166667,0.5437247395833333,96
visual_genome_m,patch_to_leaf,82,0.21054453125000003,0.21029725,0.5423448750000001,0.54578653125,96
visual_genome_m,patch_to_leaf,83,0.21424457291666665,0.2092375,0.5439777083333334,0.5464081458333333,96
visual_genome_m,patch_to_leaf,84,0.21373848958333333,0.20802553125,0.5454982916666666,0.5483116770833333,96
visual_genome_m,patch_to_leaf,85,0.20922255208333332,0.20758291666666664,0.5473012916666666,0.54900275,96
visual_genome_m,patch_to_leaf,86,0.20770528124999998,0.20806904166666665,0.5472555729166667,0.5492817708333333,96
visual_genome_m,patch_to_leaf,87,0.20506094791666665,0.207240375,0.5484409895833333,0.5493312916666667,96
visual_genome_m,patch_to_leaf,88,0.20487154166666666,0.20404816666666667,0.5473393333333333,0.5503669479166666,96
visual_genome_m,patch_to_leaf,89,0.20385216666666664,0.20826708333333332,0.5484537708333334,0.5499897395833333,96
visual_genome_m,patch_to_leaf,90,0.20442784375,0.20663602083333332,0.54836021875,0.552645375,96
visual_genome_m,patch_to_leaf,91,0.20245873958333335,0.20346822916666665,0.5505779270833333,0.5530889479166666,96
visual_genome_m,patch_to_leaf,92,0.20150492708333334,0.20555255208333334,0.5513775729166667,0.5530314270833333,96
visual_genome_m,patch_to_leaf,93,0.20724928125,0.20893725,0.55216325,0.5533961145833334,96
visual_genome_m,patch_to_leaf,94,0.21135429166666667,0.20900033333333334,0.5525413541666667,0.55347703125,96
visual_genome_m,patch_to_leaf,95,0.21207695833333332,0.2120087604166667,0.5528167916666666,0.5546204375,96
visual_genome_m,patch_to_leaf,96,0.21272285416666667,0.20993366666666669,0.5535557604166667,0.5536004895833333,96
visual_genome_m,patch_to_leaf,97,0.21497636458333333,0.21046282291666665,0.5529296145833333,0.5548535,96
visual_genome_m,patch_to_leaf,98,0.21052978125,0.21076744791666668,0.5538156458333333,0.5561261354166667,96
visual_genome_m,patch_to_leaf,99,0.20942025,0.21120896874999998,0.5536754270833334,0.5561859791666667,96
visual_genome_m,patch_to_leaf,100,0.20737272916666669,0.21262696875,0.555293375,0.5565019375,96
visual_genome_m,patch_to_leaf,101,0.21032707291666666,0.21210405208333336,0.5545914375,0.5589130104166666,96
visual_genome_m,patch_to_leaf,102,0.21054208333333332,0.21133308333333334,0.5551428958333333,0.5589801145833334,96
visual_genome_m,patch_to_leaf,103,0.2060943125,0.21081633333333336,0.5572751145833333,0.5589309270833334,96
visual_genome_m,patch_to_leaf,104,0.20491190625,0.21318880208333335,0.5571539479166666,0.5592683958333333,96
visual_genome_m,patch_to_leaf,105,0.20235511458333333,0.21230153124999998,0.5572799479166667,0.5596061979166667,96
visual_genome_m,patch_to_leaf,106,0.20216865625,0.21020014583333335,0.55793078125,0.5603818333333334,96
visual_genome_m,patch_to_leaf,107,0.20007382291666667,0.20989567708333334,0.5579976354166667,0.55960209375,96
visual_genome_m,patch_to_leaf,108,0.19985541666666665,0.21323719791666665,0.5585518229166667,0.5607785208333333,96
visual_genome_m,patch_to_leaf,109,0.19979045833333334,0.21230109374999998,0.5596361666666666,0.5613158854166667,96
visual_genome_m,patch_to_leaf,110,0.1994157708333333,0.21226852083333334,0.5597320208333333,0.5603514479166667,96
visual_genome_m,patch_to_leaf,111,0.20056553124999998,0.21284890625,0.55964840625,0.561134875,96
visual_genome_m,patch_to_leaf,112,0.20112380208333333,0.2138616875,0.559860125,0.5617443958333334,96
visual_genome_m,patch_to_leaf,113,0.20257663541666668,0.21170713541666666,0.5593694479166667,0.5616568958333333,96
visual_genome_m,patch_to_leaf,114,0.20078642708333336,0.21122340625,0.5595252291666667,0.5618103854166666,96
visual_genome_m,patch_to_leaf,115,0.20052487500000002,0.20948457291666667,0.5601053645833333,0.56228365625,96
visual_genome_m,patch_to_leaf,116,0.1990208125,0.2099576145833333,0.5615974895833333,0.5629067291666666,96
visual_genome_m,patch_to_leaf,117,0.19658245833333332,0.20946233333333333,0.5617192604166666,0.5626068854166667,96
visual_genome_m,patch_to_leaf,118,0.19741273958333336,0.20960854166666668,0.56118,0.5637260000000001,96
visual_genome_m,patch_to_leaf,119,0.20199316666666667,0.20557272916666666,0.5608692916666667,0.5633449583333333,96
visual_genome_m,patch_to_leaf,120,0.20142464583333333,0.20467378125000002,0.562204625,0.5624490208333334,96
visual_genome_m,patch_to_leaf,121,0.19899080208333333,0.20231752083333332,0.5638282916666667,0.5632445416666666,96
visual_genome_m,patch_to_leaf,122,0.19986664583333333,0.20618707291666669,0.5645543541666667,0.5633435208333334,96
visual_genome_m,patch_to_leaf,123,0.19865491666666668,0.20956915625000003,0.56531540625,0.5626868125,96
visual_genome_m,patch_to_leaf,124,0.19913125,0.2021330625,0.5658855312500001,0.5628859895833334,96
visual_genome_m,patch_to_leaf,125,0.19802785416666668,0.20305213541666667,0.5671077708333333,0.5626407291666666,96
visual_genome_m,patch_to_leaf,126,0.19630102083333334,0.20115334375000002,0.5670925104166666,0.5628440416666667,96
visual_genome_m,patch_to_leaf,127,0.1952229895833333,0.20143446875,0.56821503125,0.5628760520833334,96
visual_genome_m,patch_to_leaf,128,0.1936826458333333,0.20263691666666664,0.5687806979166666,0.5632124270833333,96
visual_genome_m,patch_to_leaf,129,0.19482571875,0.20124450000000002,0.568288875,0.56409315625,96
visual_genome_m,patch_to_leaf,130,0.1925502395833333,0.19943353125,0.5685008020833333,0.5647674166666666,96
visual_genome_m,patch_to_leaf,131,0.19297698958333334,0.20116519791666665,0.5679727916666667,0.5653677083333334,96
visual_genome_m,patch_to_leaf,132,0.19527135416666666,0.20271567708333335,0.5689382916666667,0.5652581250000001,96
visual_genome_m,patch_to_leaf,133,0.1936402083333333,0.19833566666666666,0.56813671875,0.5645847916666666,96
visual_genome_m,patch_to_leaf,134,0.19329546875,0.20213027083333335,0.5685535520833334,0.5650430833333333,96
visual_genome_m,patch_to_leaf,135,0.19189377083333334,0.20081802083333333,0.5693492916666667,0.566245,96
visual_genome_m,patch_to_leaf,136,0.19266283333333334,0.19955472916666664,0.5696372916666667,0.5656918125,96
visual_genome_m,patch_to_leaf,137,0.19462493749999998,0.19928885416666667,0.56974471875,0.5658895,96
visual_genome_m,patch_to_leaf,138,0.19485699999999997,0.19938933333333334,0.5697838333333333,0.5658130625,96
visual_genome_m,patch_to_leaf,139,0.19443157291666668,0.19695579166666666,0.5696606562500001,0.5655255729166667,96
visual_genome_m,patch_to_leaf,140,0.19510570833333332,0.20025457291666668,0.56982596875,0.5668763125,96
visual_genome_m,patch_to_leaf,141,0.19438744791666665,0.20026077083333335,0.5697929479166667,0.5678370104166667,96
visual_genome_m,patch_to_leaf,142,0.19899810416666666,0.19913923958333335,0.569599875,0.569542625,96
visual_genome_m,patch_to_leaf,143,0.19737460416666666,0.19691653125,0.5703218541666667,0.5699172604166667,96
visual_genome_m,patch_to_leaf,144,0.1928723125,0.20151190625,0.5710905000000001,0.570888875,96
visual_genome_m,patch_to_leaf,145,0.18921572916666665,0.19863777083333334,0.5705838333333334,0.5724898020833333,96
visual_genome_m,patch_to_leaf,146,0.18873032291666667,0.19628429166666664,0.5704671770833333,0.57185178125,96
visual_genome_m,patch_to_leaf,147,0.19149463541666667,0.19991314583333333,0.571068,0.5722049583333334,96
visual_genome_m,patch_to_leaf,148,0.19636535416666667,0.19851832291666668,0.5719416770833333,0.5712392395833333,96
visual_genome_m,patch_to_leaf,149,0.19553336458333334,0.19774711458333336,0.5709885833333334,0.5717156458333333,96
visual_genome_m,patch_to_leaf,150,0.19441450000000002,0.2010748125,0.5725925625,0.571630625,96
visual_genome_m,sub_patch,2,0.7372078333333333,0.7375430000000001,0.21485408333333333,0.21484641666666668,12
visual_genome_m,sub_patch,3,0.6601089545454545,0.6595632272727273,0.2397958181818182,0.23978781818181816,22
visual_genome_m,sub_patch,4,0.5895987826086957,0.5895770869565218,0.2529858260869565,0.25298378260869564,23
visual_genome_m,sub_patch,5,0.5906434583333333,0.5947582916666666,0.26656670833333335,0.266550875,24
visual_genome_m,sub_patch,6,0.58306375,0.5810504166666667,0.2720352916666667,0.2720385416666667,24
visual_genome_m,sub_patch,7,0.58074675,0.5897205416666667,0.26993300000000003,0.269923875,24
visual_genome_m,sub_patch,8,0.5675588333333333,0.5649890833333333,0.28164466666666665,0.2786894583333333,24
visual_genome_m,sub_patch,9,0.540925,0.5348915,0.2949025416666667,0.29555570833333333,24
visual_genome_m,sub_patch,10,0.5216577916666667,0.5188119999999999,0.2975609166666667,0.304011125,24
visual_genome_m,sub_patch,11,0.5233648750000001,0.4982812916666666,0.2976745416666667,0.3043737083333333,24
visual_genome_m,sub_patch,12,0.5033735,0.48911675,0.31023595833333334,0.3065907083333333,24
visual_genome_m,sub_patch,13,0.49217974999999997,0.49668450000000003,0.313507125,0.312511,24
visual_genome_m,sub_patch,14,0.49694062499999997,0.48362316666666666,0.31383854166666664,0.3136737916666667,24
visual_genome_m,sub_patch,15,0.47975775000000004,0.47729266666666664,0.3171605,0.3120846666666667,24
visual_genome_m,sub_patch,16,0.47117329166666666,0.4666815833333333,0.31841183333333334,0.31075,24
visual_genome_m,sub_patch,17,0.4620890833333333,0.461197625,0.32148841666666667,0.31558895833333334,24
visual_genome_m,sub_patch,18,0.465767875,0.46680937499999997,0.32263379166666667,0.31560737499999997,24
visual_genome_m,sub_patch,19,0.45560316666666667,0.45587574999999997,0.32522391666666667,0.31931091666666667,24
visual_genome_m,sub_patch,20,0.4491704166666666,0.45915245833333335,0.331571375,0.3186132916666667,24
visual_genome_m,sub_patch,21,0.45025266666666663,0.45973879166666665,0.3327279166666667,0.321494,24
visual_genome_m,sub_patch,22,0.4444458333333334,0.46744783333333334,0.33299104166666665,0.3217980833333333,24
visual_genome_m,sub_patch,23,0.44581662499999997,0.4560572916666667,0.332957375,0.32603204166666666,24
visual_genome_m,sub_patch,24,0.4382969583333333,0.4482267916666667,0.334642625,0.3239110416666667,24
visual_genome_m,sub_patch,25,0.43668100000000004,0.44392258333333334,0.335208,0.3234522083333333,24
visual_genome_m,sub_patch,26,0.424638375,0.43819958333333336,0.33406804166666665,0.32642141666666663,24
visual_genome_m,sub_patch,27,0.427325875,0.43384008333333335,0.3347131666666667,0.329361625,24
visual_genome_m,sub_patch,28,0.42928458333333336,0.43077479166666666,0.3361532916666667,0.33265358333333334,24
visual_genome_m,sub_patch,29,0.4285895416666667,0.4271425416666667,0.33399887500000003,0.33479687500000005,24
visual_genome_m,sub_patch,30,0.4256654166666667,0.414137,0.3339582083333333,0.337823,24
visual_genome_m,sub_patch,31,0.426062625,0.41302875,0.33555808333333337,0.3401876666666666,24
visual_genome_m,sub_patch,32,0.4266874583333333,0.4128634166666667,0.3387010416666667,0.34051479166666665,24
visual_genome_m,sub_patch,33,0.41865233333333335,0.4048939583333333,0.34023462499999996,0.343237375,24
visual_genome_m,sub_patch,34,0.4188701666666667,0.406197,0.337668125,0.3453534583333333,24
visual_genome_m,sub_patch,35,0.4063966666666667,0.405831375,0.3429192083333333,0.34439054166666666,24
visual_genome_m,sub_patch,36,0.40305670833333335,0.4030032083333333,0.3435362083333333,0.34664175,24
visual_genome_m,sub_patch,37,0.4025707916666667,0.39222904166666667,0.34385320833333327,0.34688220833333333,24
visual_genome_m,sub_patch,38,0.4040367083333333,0.3911675416666667,0.34462954166666665,0.3454059166666667,24
visual_genome_m,sub_patch,39,0.40395766666666666,0.3832494583333333,0.343554875,0.3430179583333333,24
visual_genome_m,sub_patch,40,0.3959999166666666,0.3912485833333333,0.34338074999999996,0.3423235416666666,24
visual_genome_m,sub_patch,41,0.401588875,0.40044725000000003,0.34094975,0.34470508333333333,24
visual_genome_m,sub_patch,42,0.4022748333333333,0.398514625,0.3414577916666666,0.3457955,24
visual_genome_m,sub_patch,43,0.3955012916666667,0.39670025000000003,0.342781375,0.34218883333333333,24
visual_genome_m,sub_patch,44,0.38863491666666666,0.3912005416666667,0.34266274999999996,0.34210650000000004,24
visual_genome_m,sub_patch,45,0.38501450000000004,0.38974624999999996,0.343571625,0.3408674583333333,24
visual_genome_m,sub_patch,46,0.38423912499999996,0.3884485416666667,0.34534316666666665,0.33872758333333336,24
visual_genome_m,sub_patch,47,0.37958820833333334,0.393472,0.34476016666666665,0.34009895833333337,24
visual_genome_m,sub_patch,48,0.37776670833333337,0.38997987500000003,0.34749716666666663,0.340581375,24
visual_genome_m,sub_patch,49,0.3768155833333333,0.38494875,0.34842425000000005,0.34150195833333336,24
visual_genome_m,sub_patch,50,0.3781951666666667,0.3824801666666667,0.34697687499999996,0.34032766666666664,24
visual_genome_m,sub_patch,51,0.37851979166666666,0.38089058333333337,0.3474893333333333,0.34380479166666666,24
visual_genome_m,sub_patch,52,0.37236341666666667,0.37370216666666667,0.3497420416666667,0.3453845,24
visual_genome_m,sub_patch,53,0.37733883333333335,0.3757935833333333,0.3488032916666666,0.34767675,24
visual_genome_m,sub_patch,54,0.3781825833333334,0.370285625,0.34960437499999997,0.3490315,24
visual_genome_m,sub_patch,55,0.38356879166666663,0.3717030416666667,0.34535150000000003,0.34971379166666666,24
visual_genome_m,sub_patch,56,0.38485908333333335,0.36904329166666666,0.34468308333333336,0.35009245833333336,24
visual_genome_m,sub_patch,57,0.38469054166666666,0.37057687500000003,0.34669279166666667,0.3499422916666666,24
visual_genome_m,sub_patch,58,0.37911625,0.3707829583333333,0.34832208333333337,0.3498547083333334,24
visual_genome_m,sub_patch,59,0.3766252083333333,0.370883375,0.34851937499999996,0.347069125,24
visual_genome_m,sub_patch,60,0.37748933333333334,0.3649286666666667,0.34891049999999996,0.3464179166666667,24
visual_genome_m,sub_patch,61,0.3761014166666667,0.36569775,0.34944441666666665,0.3464497916666667,24
visual_genome_m,sub_patch,62,0.373329625,0.3617372916666666,0.35048387499999994,0.3467410833333333,24
visual_genome_m,sub_patch,63,0.3782163333333333,0.36709583333333334,0.351072375,0.34680920833333334,24
visual_genome_m,sub_patch,64,0.37504566666666667,0.36570600000000003,0.35211429166666663,0.34709275,24
visual_genome_m,sub_patch,65,0.3733936666666667,0.3679392083333333,0.3479494166666666,0.34559775,24
visual_genome_m,sub_patch,66,0.3733385,0.36669375,0.34807129166666667,0.3448012916666667,24
visual_genome_m,sub_patch,67,0.3693625,0.36411854166666663,0.34870816666666665,0.34540925000000006,24
visual_genome_m,sub_patch,68,0.37108504166666667,0.3616517083333333,0.3492304583333334,0.3465371666666666,24
visual_genome_m,sub_patch,69,0.36730170833333337,0.3601944166666667,0.34827216666666666,0.3443165416666667,24
visual_genome_m,sub_patch,70,0.3642245,0.3605892083333333,0.35045945833333336,0.3448339166666667,24
visual_genome_m,sub_patch,71,0.3629229583333333,0.3601823333333333,0.35015666666666667,0.3463165833333333,24
visual_genome_m,sub_patch,72,0.36273295833333336,0.36043833333333336,0.35221016666666666,0.3443342916666667,24
visual_genome_m,sub_patch,73,0.363299625,0.3622013333333333,0.35287504166666667,0.34450937499999995,24
visual_genome_m,sub_patch,74,0.36227041666666665,0.3612070416666667,0.3534135,0.3454925416666667,24
visual_genome_m,sub_patch,75,0.3608811666666667,0.3589315833333333,0.3542241666666666,0.34649075,24
visual_genome_m,sub_patch,76,0.35971366666666665,0.37075729166666666,0.35592074999999995,0.34678583333333335,24
visual_genome_m,sub_patch,77,0.35595033333333337,0.36577491666666667,0.3556801666666667,0.3460420416666667,24
visual_genome_m,sub_patch,78,0.35624320833333334,0.3557478333333333,0.3508285,0.34519783333333337,24
visual_genome_m,sub_patch,79,0.3550087083333333,0.36169141666666665,0.352701125,0.34401670833333337,24
visual_genome_m,sub_patch,80,0.356695625,0.35674587500000005,0.349943125,0.34299029166666667,24
visual_genome_m,sub_patch,81,0.3546249166666667,0.35892966666666665,0.35129387500000003,0.3422142083333333,24
visual_genome_m,sub_patch,82,0.3531819583333333,0.358153875,0.35019116666666666,0.3426840416666667,24
visual_genome_m,sub_patch,83,0.35317487500000005,0.36437775,0.34992829166666667,0.341983,24
visual_genome_m,sub_patch,84,0.35397862500000005,0.35994966666666667,0.35213674999999994,0.3426259583333333,24
visual_genome_m,sub_patch,85,0.3539100416666667,0.36079791666666666,0.34951570833333334,0.3432075833333333,24
visual_genome_m,sub_patch,86,0.3564204166666667,0.35996125,0.35049233333333335,0.3408859166666667,24
visual_genome_m,sub_patch,87,0.34928183333333335,0.35876379166666666,0.3495607916666667,0.3398204166666667,24
visual_genome_m,sub_patch,88,0.35405662499999996,0.3518350416666667,0.3525675833333333,0.3398588333333334,24
visual_genome_m,sub_patch,89,0.3516679166666667,0.35108229166666666,0.35022225,0.3396359166666667,24
visual_genome_m,sub_patch,90,0.35120120833333335,0.35327795833333336,0.35028170833333333,0.3405146666666667,24
visual_genome_m,sub_patch,91,0.3537337916666667,0.35608066666666666,0.3504354166666666,0.340131625,24
visual_genome_m,sub_patch,92,0.3502217083333334,0.35017987500000003,0.348143125,0.3384474583333333,24
visual_genome_m,sub_patch,93,0.3490215833333334,0.35577554166666664,0.347224,0.33808445833333334,24
visual_genome_m,sub_patch,94,0.35249233333333335,0.35581170833333337,0.34847283333333334,0.33819520833333333,24
visual_genome_m,sub_patch,95,0.35313683333333334,0.3526235416666667,0.3482182916666667,0.33961966666666665,24
visual_genome_m,sub_patch,96,0.35343258333333333,0.36132454166666667,0.34903837499999996,0.3395575,24
visual_genome_m,sub_patch,97,0.35052666666666665,0.3608373333333333,0.3513199583333333,0.33940166666666666,24
visual_genome_m,sub_patch,98,0.3520210833333333,0.3600510416666667,0.34810841666666664,0.33855645833333337,24
visual_genome_m,sub_patch,99,0.35085579166666664,0.357262625,0.35017824999999997,0.33985683333333333,24
visual_genome_m,sub_patch,100,0.3510327916666667,0.35286291666666664,0.350129125,0.33925975,24
visual_genome_m,sub_patch,101,0.34986266666666666,0.35280700000000004,0.3516115416666667,0.33998425000000004,24
visual_genome_m,sub_patch,102,0.35137166666666664,0.35652937500000004,0.350481875,0.33654720833333335,24
visual_genome_m,sub_patch,103,0.3526972083333333,0.361172875,0.3506514166666667,0.3363521666666667,24
visual_genome_m,sub_patch,104,0.34989479166666665,0.35798145833333334,0.35131345833333333,0.336597125,24
visual_genome_m,sub_patch,105,0.34905058333333333,0.35680325,0.3516398333333333,0.33650125,24
visual_genome_m,sub_patch,106,0.35097425,0.3604919166666667,0.35206570833333334,0.33699558333333335,24
visual_genome_m,sub_patch,107,0.34856099999999995,0.365685875,0.35589029166666664,0.33728679166666664,24
visual_genome_m,sub_patch,108,0.34978704166666663,0.36583154166666665,0.35498500000000005,0.33840641666666665,24
visual_genome_m,sub_patch,109,0.3490165,0.36301737500000003,0.35477891666666667,0.3384910833333334,24
visual_genome_m,sub_patch,110,0.34846416666666663,0.3607229166666666,0.35316791666666664,0.33954983333333333,24
visual_genome_m,sub_patch,111,0.3469149583333333,0.35786625,0.35337620833333333,0.3379548333333333,24
visual_genome_m,sub_patch,112,0.3476215833333333,0.3577149583333333,0.35254708333333334,0.3394011666666667,24
visual_genome_m,sub_patch,113,0.34724370833333335,0.35668533333333335,0.35281504166666666,0.33827325,24
visual_genome_m,sub_patch,114,0.34852316666666666,0.35882275,0.35351420833333336,0.33863029166666664,24
visual_genome_m,sub_patch,115,0.34773024999999996,0.35553841666666663,0.35486391666666667,0.3389905,24
visual_genome_m,sub_patch,116,0.3491114583333333,0.355007625,0.354774,0.337983,24
visual_genome_m,sub_patch,117,0.3419889166666667,0.35110620833333334,0.35509491666666665,0.33654979166666665,24
visual_genome_m,sub_patch,118,0.34332129166666664,0.3534920416666667,0.3517474583333333,0.337215375,24
visual_genome_m,sub_patch,119,0.34611516666666664,0.352493875,0.34967820833333335,0.3388176666666667,24
visual_genome_m,sub_patch,120,0.34544779166666667,0.3505834583333333,0.346598875,0.33942079166666667,24
visual_genome_m,sub_patch,121,0.34569220833333336,0.35183854166666667,0.3467125416666667,0.340425375,24
visual_genome_m,sub_patch,122,0.3467250833333333,0.3548495,0.3471708333333334,0.34064195833333333,24
visual_genome_m,sub_patch,123,0.34461241666666664,0.35398666666666667,0.3466110416666666,0.3407415833333333,24
visual_genome_m,sub_patch,124,0.34341404166666667,0.35078041666666665,0.3493549166666667,0.34096725,24
visual_genome_m,sub_patch,125,0.34142866666666666,0.35033720833333337,0.34927554166666663,0.3409845,24
visual_genome_m,sub_patch,126,0.34067116666666664,0.3476299583333333,0.3491905833333333,0.340468375,24
visual_genome_m,sub_patch,127,0.3399939166666666,0.35109762499999997,0.34949670833333335,0.33829187499999996,24
visual_genome_m,sub_patch,128,0.3365686666666667,0.35227433333333336,0.350643125,0.33793133333333336,24
visual_genome_m,sub_patch,129,0.33524620833333335,0.35102479166666667,0.35113662500000004,0.339065,24
visual_genome_m,sub_patch,130,0.33902283333333333,0.35010725,0.351025875,0.33942829166666666,24
visual_genome_m,sub_patch,131,0.33648725,0.35037575,0.35076575000000004,0.340000375,24
visual_genome_m,sub_patch,132,0.3365497083333333,0.3511958333333334,0.3513330416666667,0.339430375,24
visual_genome_m,sub_patch,133,0.3378213333333333,0.35050404166666665,0.3516509583333333,0.33996825,24
visual_genome_m,sub_patch,134,0.3354606666666667,0.34960345833333334,0.35170083333333335,0.3403314583333334,24
visual_genome_m,sub_patch,135,0.33869820833333336,0.34872429166666663,0.35291612499999997,0.3416279166666667,24
visual_genome_m,sub_patch,136,0.33845929166666666,0.3470102083333333,0.35331399999999996,0.34171662500000005,24
visual_genome_m,sub_patch,137,0.3402705,0.349308125,0.353199375,0.34117200000000003,24
visual_genome_m,sub_patch,138,0.34025170833333335,0.34527833333333335,0.35370562499999997,0.34082712499999995,24
visual_genome_m,sub_patch,139,0.33813937499999996,0.35018987500000004,0.35391529166666663,0.34111612500000005,24
visual_genome_m,sub_patch,140,0.3361455416666667,0.3523299166666667,0.353356625,0.34094087500000003,24
visual_genome_m,sub_patch,141,0.33910558333333335,0.34716362500000003,0.353077125,0.3390349166666667,24
visual_genome_m,sub_patch,142,0.3386419166666667,0.3473205833333333,0.35242100000000004,0.3393132083333333,24
visual_genome_m,sub_patch,143,0.33960795833333335,0.3439595416666667,0.35144487500000005,0.33896329166666667,24
visual_genome_m,sub_patch,144,0.33579137499999995,0.33919075,0.35192191666666667,0.34239012500000005,24
visual_genome_m,sub_patch,145,0.33521449999999997,0.33744729166666665,0.350143125,0.3431065,24
visual_genome_m,sub_patch,146,0.33203933333333335,0.33625062499999997,0.35021741666666667,0.3435152083333333,24
visual_genome_m,sub_patch,147,0.33386475,0.33682670833333334,0.35153425,0.34307075000000004,24
visual_genome_m,sub_patch,148,0.3350460833333333,0.34065237499999995,0.35144225,0.34348212499999997,24
visual_genome_m,sub_patch,149,0.33880895833333335,0.33911258333333333,0.35119883333333335,0.34346750000000004,24
visual_genome_m,sub_patch,150,0.33815666666666666,0.34149437499999996,0.35139516666666665,0.34270266666666666,24
