world,rule,X,alpha,m,frames,promises,reachable,promised,broken_of_made,se_broken_of_made,broken_of_all,se_broken_of_all,recall,oracle,recall_share,census_of_made,audited_share,unaudited_recall,new_pos,new_pos_per_vote,votes_mean,votes_p90,pos_delivered,pos_per_vote,d_recall_vs_shipped,se_d_recall_vs_shipped,d_recall_vs_read32,se_d_recall_vs_read32
0.44%,shipped,0.25,,0.0,2662.0,120.0,0.8629,0.0451,0.0583,0.0234,0.0026,0.0011,0.0374,0.5199,0.0719,0.0,0.0,0.0374,1.8464,,0.0,0.0,1.8464,,0.0,0.0,-0.2949,0.0085
0.44%,consistent,0.25,,0.0,2662.0,126.0,0.8629,0.0473,0.8651,0.0324,0.0409,0.0053,0.0467,0.5199,0.0898,0.0,0.0,0.0467,2.2915,,0.0,0.0,2.2915,,0.0093,0.0016,-0.2856,0.0087
0.44%,census:16,0.25,,0.0,2662.0,2292.0,0.8629,0.861,0.0,0.0,0.0,0.0,0.193,0.5199,0.3713,1.0,1.0,0.0,0.0,0.0,16.0,16.0,9.6059,0.6004,0.1556,0.0056,-0.1392,0.0046
0.44%,census:32,0.25,,0.0,2662.0,2297.0,0.8629,0.8629,0.0,0.0,0.0,0.0,0.3323,0.5199,0.6391,1.0,1.0,0.0,0.0,0.0,32.0,32.0,16.5691,0.5178,0.2949,0.0085,0.0,0.0
0.44%,a:consistent,0.25,0.05,5.0,2662.0,15.0,0.8629,0.0003,0.6,0.1601,0.0002,0.0001,0.0003,0.5199,0.0005,0.0,0.024,0.0003,0.0125,0.053,0.2367,0.0,0.0137,0.0578,-0.0371,0.0048,-0.332,0.009
0.44%,a:consistent,0.25,0.05,10.0,2662.0,21.0,0.8629,0.0004,0.5714,0.1098,0.0002,0.0001,0.0004,0.5199,0.0008,0.0,0.0471,0.0003,0.0165,0.035,0.4733,0.0,0.019,0.0402,-0.037,0.0048,-0.3319,0.009
0.44%,a:consistent,0.25,0.05,20.0,2662.0,37.0,0.8629,0.0007,0.4595,0.0989,0.0003,0.0001,0.0007,0.5199,0.0013,0.0,0.103,0.0005,0.0262,0.0277,0.9467,0.0,0.0328,0.0346,-0.0367,0.0048,-0.3316,0.009
0.44%,a:consistent,0.25,0.05,40.0,2662.0,17.0,0.8629,0.0003,0.1176,0.0864,0.0,0.0,0.0003,0.5199,0.0006,0.0,0.2423,0.0002,0.0098,0.0052,1.8933,0.0,0.0153,0.0081,-0.0371,0.0048,-0.332,0.009
0.44%,a:consistent,0.25,0.1,5.0,2662.0,21.0,0.8629,0.0004,0.5714,0.1222,0.0002,0.0001,0.0004,0.5199,0.0007,0.0,0.0231,0.0004,0.0173,0.073,0.2367,0.0,0.0189,0.0797,-0.037,0.0048,-0.3319,0.009
0.44%,a:consistent,0.25,0.1,10.0,2662.0,95.0,0.8629,0.0018,0.5895,0.087,0.0011,0.0002,0.0018,0.5199,0.0034,0.0,0.0481,0.0016,0.0757,0.1598,0.4733,0.0,0.085,0.1796,-0.0356,0.0047,-0.3305,0.0089
0.44%,a:consistent,0.25,0.1,20.0,2662.0,52.0,0.8629,0.001,0.3654,0.0941,0.0004,0.0001,0.001,0.5199,0.0018,0.0,0.1136,0.0008,0.0366,0.0386,0.9467,0.0,0.0457,0.0483,-0.0364,0.0048,-0.3313,0.009
0.44%,a:consistent,0.25,0.1,40.0,2662.0,51.0,0.8629,0.001,0.2941,0.1102,0.0003,0.0001,0.0009,0.5199,0.0018,0.0,0.2223,0.0006,0.0312,0.0165,1.8933,0.0,0.0462,0.0244,-0.0365,0.0048,-0.3313,0.009
0.44%,a:top16,0.25,0.05,5.0,2662.0,27012.0,0.8629,0.5074,0.0,0.0,0.0,0.0,0.1511,0.5199,0.2905,0.0,0.3125,0.1024,5.1074,1.0215,5.0,5.0,7.5308,1.5062,0.1137,0.006,-0.1812,0.0041
0.44%,a:top16,0.25,0.05,10.0,2662.0,30699.0,0.8629,0.5766,0.0,0.0,0.0,0.0,0.1662,0.5199,0.3196,0.0,0.625,0.0614,3.0619,0.3062,10.0,10.0,8.2833,0.8283,0.1288,0.0061,-0.1661,0.0041
0.44%,a:top16,0.25,0.05,20.0,2662.0,40760.0,0.8629,0.7656,0.0,0.0,0.0,0.0,0.1895,0.5199,0.3645,1.0,1.0,0.0,0.0,0.0,16.0,16.0,9.4343,0.5896,0.1521,0.0057,-0.1428,0.0044
0.44%,a:top16,0.25,0.05,40.0,2662.0,40760.0,0.8629,0.7656,0.0,0.0,0.0,0.0,0.1895,0.5199,0.3645,1.0,1.0,0.0,0.0,0.0,16.0,16.0,9.4343,0.5896,0.1521,0.0057,-0.1428,0.0044
0.44%,a:top16,0.25,0.1,5.0,2662.0,27128.0,0.8629,0.5095,0.0,0.0,0.0,0.0,0.1514,0.5199,0.2913,0.0,0.3125,0.1026,5.1141,1.0228,5.0,5.0,7.548,1.5096,0.114,0.006,-0.1808,0.0041
0.44%,a:top16,0.25,0.1,10.0,2662.0,33314.0,0.8629,0.6257,0.0,0.0,0.0,0.0,0.1741,0.5199,0.3348,0.0,0.625,0.0644,3.2072,0.3207,10.0,10.0,8.6722,0.8672,0.1367,0.006,-0.1582,0.0041
0.44%,a:top16,0.25,0.1,20.0,2662.0,40760.0,0.8629,0.7656,0.0,0.0,0.0,0.0,0.1895,0.5199,0.3645,1.0,1.0,0.0,0.0,0.0,16.0,16.0,9.4343,0.5896,0.1521,0.0057,-0.1428,0.0044
0.44%,a:top16,0.25,0.1,40.0,2662.0,40760.0,0.8629,0.7656,0.0,0.0,0.0,0.0,0.1895,0.5199,0.3645,1.0,1.0,0.0,0.0,0.0,16.0,16.0,9.4343,0.5896,0.1521,0.0057,-0.1428,0.0044
0.44%,a:top32,0.25,0.05,5.0,2662.0,21672.0,0.8629,0.4071,0.0006,0.0002,0.0002,0.0001,0.2294,0.5199,0.4413,0.0,0.1562,0.1914,9.5841,1.9168,5.0,5.0,11.4866,2.2973,0.192,0.0091,-0.1029,0.0039
0.44%,a:top32,0.25,0.05,10.0,2662.0,26144.0,0.8629,0.4911,0.0001,0.0001,0.0001,0.0,0.2654,0.5199,0.5105,0.0,0.3125,0.1803,9.0113,0.9011,10.0,10.0,13.2639,1.3264,0.228,0.0095,-0.0669,0.003
0.44%,a:top32,0.25,0.05,20.0,2662.0,30113.0,0.8629,0.5656,0.0,0.0,0.0,0.0,0.2914,0.5199,0.5605,0.0,0.625,0.1082,5.4006,0.27,20.0,20.0,14.547,0.7274,0.254,0.0096,-0.0409,0.0024
0.44%,a:top32,0.25,0.05,40.0,2662.0,37620.0,0.8629,0.7066,0.0,0.0,0.0,0.0,0.3218,0.5199,0.6189,1.0,1.0,0.0,0.0,0.0,32.0,32.0,16.0586,0.5018,0.2844,0.0089,-0.0105,0.0009
0.44%,a:top32,0.25,0.1,5.0,2662.0,21617.0,0.8629,0.406,0.0005,0.0002,0.0002,0.0001,0.2287,0.5199,0.4399,0.0,0.1562,0.1908,9.5539,1.9108,5.0,5.0,11.4507,2.2901,0.1913,0.0091,-0.1036,0.0039
0.44%,a:top32,0.25,0.1,10.0,2662.0,29376.0,0.8629,0.5518,0.0013,0.0003,0.0007,0.0001,0.2851,0.5199,0.5483,0.0,0.3125,0.1939,9.6833,0.9683,10.0,10.0,14.2377,1.4238,0.2477,0.0095,-0.0472,0.0023
0.44%,a:top32,0.25,0.1,20.0,2662.0,30165.0,0.8629,0.5666,0.0,0.0,0.0,0.0,0.2917,0.5199,0.561,0.0,0.625,0.1081,5.397,0.2698,20.0,20.0,14.5605,0.728,0.2543,0.0096,-0.0406,0.0024
0.44%,a:top32,0.25,0.1,40.0,2662.0,37620.0,0.8629,0.7066,0.0,0.0,0.0,0.0,0.3218,0.5199,0.6189,1.0,1.0,0.0,0.0,0.0,32.0,32.0,16.0586,0.5018,0.2844,0.0089,-0.0105,0.0009
0.44%,a:top64,0.25,0.05,5.0,2662.0,9621.0,0.8629,0.1807,0.0044,0.0008,0.0008,0.0001,0.1514,0.5199,0.2911,0.0,0.0781,0.1361,6.9537,1.3907,5.0,5.0,7.7306,1.5461,0.114,0.0072,-0.1809,0.006
0.44%,a:top64,0.25,0.05,10.0,2662.0,16255.0,0.8629,0.3053,0.002,0.0004,0.0006,0.0001,0.2517,0.5199,0.4842,0.0,0.1562,0.2081,10.5606,1.0561,10.0,10.0,12.768,1.2768,0.2143,0.011,-0.0805,0.0071
0.44%,a:top64,0.25,0.05,20.0,2662.0,22913.0,0.8629,0.4304,0.0008,0.0002,0.0004,0.0001,0.3385,0.5199,0.6511,0.0,0.3125,0.2294,11.5551,0.5778,20.0,20.0,17.0442,0.8522,0.3011,0.0131,0.0062,0.0073
0.44%,a:top64,0.25,0.05,40.0,2662.0,25204.0,0.8629,0.4734,0.0,0.0,0.0,0.0,0.3651,0.5199,0.7023,0.0,0.625,0.1351,6.7927,0.1698,40.0,40.0,18.3502,0.4588,0.3277,0.0136,0.0329,0.0073
0.44%,a:top64,0.25,0.1,5.0,2662.0,9666.0,0.8629,0.1816,0.0035,0.0007,0.0006,0.0001,0.1516,0.5199,0.2917,0.0,0.0781,0.1363,6.9792,1.3958,5.0,5.0,7.7576,1.5515,0.1142,0.0073,-0.1806,0.0061
0.44%,a:top64,0.25,0.1,10.0,2662.0,21336.0,0.8629,0.4008,0.007,0.001,0.0028,0.0004,0.3143,0.5199,0.6045,0.0,0.1562,0.2611,13.174,1.3174,10.0,10.0,15.8517,1.5852,0.2769,0.0122,-0.018,0.0069
0.44%,a:top64,0.25,0.1,20.0,2662.0,23040.0,0.8629,0.4328,0.0009,0.0002,0.0004,0.0001,0.34,0.5199,0.6539,0.0,0.3125,0.2305,11.6076,0.5804,20.0,20.0,17.1146,0.8557,0.3026,0.0131,0.0077,0.0074
0.44%,a:top64,0.25,0.1,40.0,2662.0,26441.0,0.8629,0.4966,0.0,0.0,0.0,0.0,0.3768,0.5199,0.7248,0.0,0.625,0.1398,7.021,0.1755,40.0,40.0,18.917,0.4729,0.3394,0.0135,0.0446,0.0071
0.44%,b:consistent,0.25,0.05,5.0,2662.0,2427.0,0.8629,0.0456,0.0004,0.0004,0.0,0.0,0.0385,0.5199,0.0741,0.0,0.1611,0.0315,1.5492,1.9988,0.7751,0.0,1.8896,2.438,0.0011,0.0012,-0.2937,0.0084
0.44%,b:consistent,0.25,0.05,10.0,2662.0,2498.0,0.8629,0.0469,0.0008,0.0006,0.0,0.0,0.0425,0.5199,0.0817,0.0,0.2537,0.0304,1.4975,1.0716,1.3974,0.0,2.0851,1.4921,0.0051,0.0012,-0.2898,0.0085
0.44%,b:consistent,0.25,0.05,20.0,2662.0,2520.0,0.8629,0.0473,0.0008,0.0006,0.0,0.0,0.044,0.5199,0.0846,0.0071,0.4275,0.023,1.1374,0.4416,2.5755,0.0,2.1574,0.8377,0.0066,0.0013,-0.2883,0.0086
0.44%,b:consistent,0.25,0.05,40.0,2662.0,2520.0,0.8629,0.0473,0.0,0.0,0.0,0.0,0.0449,0.5199,0.0863,0.204,0.6889,0.0113,0.565,0.1225,4.6117,0.0,2.2027,0.4776,0.0075,0.0014,-0.2874,0.0086
0.44%,b:consistent,0.25,0.1,5.0,2662.0,2449.0,0.8629,0.046,0.0045,0.0014,0.0002,0.0001,0.0395,0.5199,0.076,0.0,0.1451,0.0328,1.6115,2.1393,0.7533,0.0,1.9369,2.5713,0.0021,0.0012,-0.2928,0.0084
0.44%,b:consistent,0.25,0.1,10.0,2662.0,2507.0,0.8629,0.0471,0.0056,0.0017,0.0003,0.0001,0.043,0.5199,0.0827,0.0,0.232,0.0315,1.551,1.1445,1.3552,0.0,2.1096,1.5567,0.0056,0.0012,-0.2893,0.0085
0.44%,b:consistent,0.25,0.1,20.0,2662.0,2520.0,0.8629,0.0473,0.0024,0.0011,0.0001,0.0001,0.0442,0.5199,0.0851,0.0056,0.3953,0.0244,1.2075,0.4831,2.4997,0.0,2.1711,0.8686,0.0068,0.0013,-0.288,0.0086
0.44%,b:consistent,0.25,0.1,40.0,2662.0,2520.0,0.8629,0.0473,0.0004,0.0004,0.0,0.0,0.045,0.5199,0.0866,0.1492,0.6525,0.013,0.6497,0.1444,4.4985,0.0,2.2093,0.4911,0.0076,0.0014,-0.2873,0.0086
0.44%,b:top128,0.25,0.05,5.0,2662.0,45691.0,0.8629,0.8582,0.0001,0.0001,0.0001,0.0,0.3248,0.5199,0.6248,0.3861,0.3129,0.224,11.282,0.5979,18.8689,24.0,16.2907,0.8634,0.2874,0.0102,-0.0074,0.004
0.44%,b:top128,0.25,0.05,10.0,2662.0,45801.0,0.8629,0.8603,0.0002,0.0001,0.0002,0.0001,0.3878,0.5199,0.7458,0.4214,0.4136,0.2297,11.595,0.3775,30.7148,39.0,19.4526,0.6333,0.3504,0.0116,0.0555,0.0048
0.44%,b:top128,0.25,0.05,20.0,2662.0,45877.0,0.8629,0.8617,0.0,0.0,0.0,0.0,0.4266,0.5199,0.8205,0.5263,0.6006,0.1752,8.8603,0.1778,49.8402,59.0,21.387,0.4291,0.3892,0.012,0.0943,0.0048
0.44%,b:top128,0.25,0.05,40.0,2662.0,45880.0,0.8629,0.8618,0.0,0.0,0.0,0.0,0.4415,0.5199,0.8491,0.4907,0.8451,0.0537,2.7997,0.0355,78.8152,83.0,22.1326,0.2808,0.4041,0.0122,0.1092,0.005
0.44%,b:top128,0.25,0.1,5.0,2662.0,45687.0,0.8629,0.8581,0.0023,0.0002,0.002,0.0002,0.349,0.5199,0.6712,0.3546,0.254,0.2544,12.8214,0.7061,18.158,24.0,17.5148,0.9646,0.3116,0.0109,0.0167,0.0044
0.44%,b:top128,0.25,0.1,10.0,2662.0,45798.0,0.8629,0.8602,0.0001,0.0,0.0001,0.0,0.3948,0.5199,0.7594,0.4005,0.3984,0.2404,12.1247,0.3998,30.3279,39.0,19.8011,0.6529,0.3574,0.0117,0.0625,0.0049
0.44%,b:top128,0.25,0.1,20.0,2662.0,45878.0,0.8629,0.8617,0.0005,0.0001,0.0005,0.0001,0.4327,0.5199,0.8323,0.4976,0.5491,0.1926,9.7493,0.1999,48.771,59.0,21.6992,0.4449,0.3953,0.0121,0.1005,0.005
0.44%,b:top128,0.25,0.1,40.0,2662.0,45880.0,0.8629,0.8618,0.0,0.0,0.0,0.0,0.4463,0.5199,0.8585,0.4683,0.7865,0.0744,3.8747,0.0501,77.3494,83.0,22.3813,0.2894,0.4089,0.0124,0.1141,0.0051
0.44%,b:top128/3,0.25,0.05,5.0,2662.0,23401.0,0.8629,0.4395,0.004,0.0005,0.0017,0.0002,0.2999,0.5199,0.5768,0.0,0.1549,0.2426,12.2421,0.8826,13.87,15.0,15.0998,1.0887,0.2625,0.0116,-0.0324,0.006
0.44%,b:top128/3,0.25,0.05,10.0,2662.0,27316.0,0.8629,0.5131,0.0004,0.0001,0.0002,0.0001,0.3551,0.5199,0.683,0.0,0.2951,0.2413,12.1683,0.4551,26.7402,30.0,17.8414,0.6672,0.3177,0.0128,0.0228,0.0064
0.44%,b:top128/3,0.25,0.05,20.0,2662.0,37167.0,0.8629,0.6981,0.0003,0.0001,0.0002,0.0001,0.4224,0.5199,0.8124,0.3841,0.5302,0.1923,9.7351,0.1996,48.7846,59.0,21.1969,0.4345,0.385,0.0125,0.0901,0.0053
0.44%,b:top128/3,0.25,0.05,40.0,2662.0,37620.0,0.8629,0.7066,0.0001,0.0,0.0,0.0,0.4375,0.5199,0.8416,0.35,0.7776,0.0748,3.8946,0.0504,77.3155,83.0,21.9546,0.284,0.4001,0.0127,0.1053,0.0055
0.44%,b:top128/3,0.25,0.1,5.0,2662.0,25024.0,0.8629,0.47,0.0033,0.0004,0.0016,0.0002,0.32,0.5199,0.6155,0.0,0.1502,0.2617,13.1883,0.9641,13.6798,15.0,16.0946,1.1765,0.2826,0.012,-0.0123,0.0059
0.44%,b:top128/3,0.25,0.1,10.0,2662.0,28551.0,0.8629,0.5363,0.0023,0.0003,0.0012,0.0002,0.3728,0.5199,0.7171,0.0,0.2607,0.2632,13.2689,0.51,26.0162,30.0,18.7274,0.7198,0.3354,0.013,0.0405,0.0064
0.44%,b:top128/3,0.25,0.1,20.0,2662.0,37176.0,0.8629,0.6983,0.0003,0.0001,0.0002,0.0001,0.4253,0.5199,0.8181,0.3521,0.5212,0.1985,10.0336,0.2071,48.4377,59.0,21.3383,0.4405,0.3879,0.0126,0.093,0.0053
0.44%,b:top128/3,0.25,0.1,40.0,2662.0,37620.0,0.8629,0.7066,0.0003,0.0001,0.0002,0.0001,0.4428,0.5199,0.8517,0.3235,0.7157,0.0992,5.1457,0.0681,75.6113,83.0,22.2232,0.2939,0.4054,0.0129,0.1105,0.0056
0.44%,c:union,0.25,0.05,5.0,2662.0,0.0,0.8629,0.0,,,0.0,0.0,0.0,0.5199,0.0,,,0.0,0.0,0.0,5.0,5.0,0.0,0.0,-0.0374,0.0049,-0.3323,0.009
0.44%,c:union,0.25,0.05,10.0,2662.0,0.0,0.8629,0.0,,,0.0,0.0,0.0,0.5199,0.0,,,0.0,0.0,0.0,10.0,10.0,0.0,0.0,-0.0374,0.0049,-0.3323,0.009
0.44%,c:union,0.25,0.05,20.0,2662.0,45700.0,0.8629,0.8584,0.0,0.0,0.0,0.0,0.315,0.5199,0.6059,0.2077,0.4915,0.1542,7.7326,0.3866,20.0,20.0,15.7375,0.7869,0.2776,0.0092,-0.0173,0.002
0.44%,c:union,0.25,0.05,40.0,2662.0,45800.0,0.8629,0.8603,0.0,0.0,0.0,0.0,0.4257,0.5199,0.8187,0.2712,0.5397,0.1413,7.1408,0.1785,40.0,40.0,21.3366,0.5334,0.3883,0.0123,0.0934,0.0051
0.44%,c:union,0.25,0.1,5.0,2662.0,0.0,0.8629,0.0,,,0.0,0.0,0.0,0.5199,0.0,,,0.0,0.0,0.0,5.0,5.0,0.0,0.0,-0.0374,0.0049,-0.3323,0.009
0.44%,c:union,0.25,0.1,10.0,2662.0,0.0,0.8629,0.0,,,0.0,0.0,0.0,0.5199,0.0,,,0.0,0.0,0.0,10.0,10.0,0.0,0.0,-0.0374,0.0049,-0.3323,0.009
0.44%,c:union,0.25,0.1,20.0,2662.0,45700.0,0.8629,0.8584,0.0,0.0,0.0,0.0,0.3383,0.5199,0.6508,0.2068,0.4483,0.1743,8.7753,0.4388,20.0,20.0,16.9476,0.8474,0.3009,0.01,0.0061,0.0032
0.44%,c:union,0.25,0.1,40.0,2662.0,45800.0,0.8629,0.8603,0.0,0.0,0.0,0.0,0.4292,0.5199,0.8256,0.271,0.5246,0.1439,7.2738,0.1818,40.0,40.0,21.5184,0.538,0.3918,0.0124,0.0969,0.0052
0.44%,c:seq,0.25,0.05,5.0,2662.0,0.0,0.8629,0.0,,,0.0,0.0,0.0,0.5199,0.0,,,0.0,0.0,0.0,5.0,5.0,0.0,0.0,-0.0374,0.0049,-0.3323,0.009
0.44%,c:seq,0.25,0.05,10.0,2662.0,0.0,0.8629,0.0,,,0.0,0.0,0.0,0.5199,0.0,,,0.0,0.0,0.0,10.0,10.0,0.0,0.0,-0.0374,0.0049,-0.3323,0.009
0.44%,c:seq,0.25,0.05,20.0,2662.0,45300.0,0.8629,0.8509,0.0,0.0,0.0,0.0,0.3363,0.5199,0.6469,0.19,0.4507,0.1725,8.6823,0.4341,20.0,20.0,16.8389,0.8419,0.2989,0.0099,0.004,0.003
0.44%,c:seq,0.25,0.05,40.0,2662.0,45300.0,0.8629,0.8509,0.0,0.0,0.0,0.0,0.4258,0.5199,0.819,0.2625,0.5372,0.1421,7.181,0.1795,40.0,40.0,21.3435,0.5336,0.3884,0.0124,0.0935,0.0051
0.44%,c:seq,0.25,0.1,5.0,2662.0,0.0,0.8629,0.0,,,0.0,0.0,0.0,0.5199,0.0,,,0.0,0.0,0.0,5.0,5.0,0.0,0.0,-0.0374,0.0049,-0.3323,0.009
0.44%,c:seq,0.25,0.1,10.0,2662.0,32751.0,0.8629,0.6152,0.0,0.0,0.0,0.0,0.0479,0.5199,0.0921,0.0,0.5,0.0231,1.1487,0.1149,10.0,10.0,2.379,0.2379,0.0105,0.0047,-0.2844,0.0078
0.44%,c:seq,0.25,0.1,20.0,2662.0,45300.0,0.8629,0.8509,0.0,0.0,0.0,0.0,0.3651,0.5199,0.7023,0.1912,0.4036,0.1987,10.0067,0.5003,20.0,20.0,18.2977,0.9149,0.3277,0.011,0.0328,0.0043
0.44%,c:seq,0.25,0.1,40.0,2662.0,45300.0,0.8629,0.8509,0.0,0.0,0.0,0.0,0.4316,0.5199,0.8301,0.245,0.5202,0.146,7.3767,0.1844,40.0,40.0,21.635,0.5409,0.3942,0.0124,0.0993,0.0052
0.44%,shipped,0.5,,0.0,2662.0,116.0,0.8159,0.0436,0.0603,0.0241,0.0026,0.0011,0.0262,0.4313,0.0607,0.0,0.0,0.0262,1.2911,,0.0,0.0,1.2911,,0.0,0.0,-0.2883,0.009
0.44%,consistent,0.5,,0.0,2662.0,125.0,0.8159,0.047,0.88,0.0293,0.0413,0.0053,0.0455,0.4313,0.1055,0.0,0.0,0.0455,2.2352,,0.0,0.0,2.2352,,0.0193,0.0028,-0.2689,0.0091
0.44%,census:16,0.5,,0.0,2662.0,2172.0,0.8159,0.8159,0.0,0.0,0.0,0.0,0.1858,0.4313,0.4308,1.0,1.0,0.0,0.0,0.0,16.0,16.0,9.2446,0.5778,0.1596,0.0052,-0.1287,0.0049
0.44%,census:32,0.5,,0.0,2662.0,2172.0,0.8159,0.8159,0.0,0.0,0.0,0.0,0.3145,0.4313,0.7292,1.0,1.0,0.0,0.0,0.0,32.0,32.0,15.6788,0.49,0.2883,0.009,0.0,0.0
0.44%,a:consistent,0.5,0.05,5.0,2662.0,34.0,0.8159,0.0006,0.5588,0.1019,0.0004,0.0001,0.0006,0.4313,0.0014,0.0,0.0504,0.0005,0.0263,0.1118,0.2348,0.0,0.0295,0.1254,-0.0256,0.0036,-0.3138,0.0095
0.44%,a:consistent,0.5,0.05,10.0,2662.0,8.0,0.8159,0.0002,0.5,0.234,0.0001,0.0001,0.0001,0.4313,0.0003,0.0,0.1203,0.0001,0.0052,0.011,0.4696,0.0,0.0065,0.0139,-0.026,0.0036,-0.3143,0.0096
0.44%,a:consistent,0.5,0.05,20.0,2662.0,26.0,0.8159,0.0005,0.1923,0.1103,0.0001,0.0,0.0005,0.4313,0.0011,0.0,0.2483,0.0003,0.0144,0.0153,0.9391,0.0,0.0219,0.0233,-0.0257,0.0036,-0.314,0.0095
0.44%,a:consistent,0.5,0.05,40.0,2662.0,28.0,0.8159,0.0005,0.0,0.0,0.0,0.0,0.0005,0.4313,0.0011,0.0,0.5948,0.0002,0.0079,0.0042,1.8783,0.0,0.0221,0.0118,-0.0257,0.0036,-0.314,0.0095
0.44%,a:consistent,0.5,0.1,5.0,2662.0,33.0,0.8159,0.0006,0.6667,0.1021,0.0004,0.0001,0.0006,0.4313,0.0014,0.0,0.0474,0.0005,0.0262,0.1118,0.2348,0.0,0.0293,0.125,-0.0256,0.0036,-0.3139,0.0095
0.44%,a:consistent,0.5,0.1,10.0,2662.0,39.0,0.8159,0.0007,0.4103,0.1098,0.0003,0.0001,0.0007,0.4313,0.0016,0.0,0.1112,0.0006,0.0276,0.0588,0.4696,0.0,0.0336,0.0716,-0.0255,0.0036,-0.3138,0.0095
0.44%,a:consistent,0.5,0.1,20.0,2662.0,54.0,0.8159,0.001,0.2593,0.1014,0.0003,0.0001,0.001,0.4313,0.0022,0.0,0.2458,0.0006,0.0303,0.0322,0.9391,0.0,0.0449,0.0478,-0.0252,0.0036,-0.3135,0.0095
0.44%,a:consistent,0.5,0.1,40.0,2662.0,50.0,0.8159,0.0009,0.1,0.0645,0.0001,0.0001,0.0009,0.4313,0.002,0.0,0.5384,0.0003,0.0158,0.0084,1.8783,0.0,0.0406,0.0216,-0.0253,0.0036,-0.3136,0.0095
0.44%,a:top16,0.5,0.05,5.0,2662.0,21115.0,0.8159,0.3966,0.0009,0.0002,0.0003,0.0001,0.1232,0.4313,0.2858,0.0,0.3125,0.0835,4.1683,0.8337,5.0,5.0,6.1513,1.2303,0.0971,0.0053,-0.1912,0.0051
0.44%,a:top16,0.5,0.05,10.0,2662.0,22405.0,0.8159,0.4208,0.0,0.0,0.0,0.0,0.1311,0.4313,0.304,0.0,0.625,0.0485,2.4202,0.242,10.0,10.0,6.5419,0.6542,0.105,0.0055,-0.1833,0.0049
0.44%,a:top16,0.5,0.05,20.0,2662.0,32580.0,0.8159,0.6119,0.0,0.0,0.0,0.0,0.1727,0.4313,0.4005,1.0,1.0,0.0,0.0,0.0,16.0,16.0,8.6041,0.5378,0.1465,0.0056,-0.1417,0.0045
0.44%,a:top16,0.5,0.05,40.0,2662.0,32580.0,0.8159,0.6119,0.0,0.0,0.0,0.0,0.1727,0.4313,0.4005,1.0,1.0,0.0,0.0,0.0,16.0,16.0,8.6041,0.5378,0.1465,0.0056,-0.1417,0.0045
0.44%,a:top16,0.5,0.1,5.0,2662.0,21070.0,0.8159,0.3958,0.0006,0.0002,0.0002,0.0001,0.1231,0.4313,0.2853,0.0,0.3125,0.0834,4.1622,0.8324,5.0,5.0,6.141,1.2282,0.0969,0.0052,-0.1914,0.0051
0.44%,a:top16,0.5,0.1,10.0,2662.0,25493.0,0.8159,0.4788,0.0,0.0,0.0,0.0,0.1459,0.4313,0.3383,0.0,0.625,0.0539,2.689,0.2689,10.0,10.0,7.2753,0.7275,0.1197,0.0057,-0.1686,0.0046
0.44%,a:top16,0.5,0.1,20.0,2662.0,32580.0,0.8159,0.6119,0.0,0.0,0.0,0.0,0.1727,0.4313,0.4005,1.0,1.0,0.0,0.0,0.0,16.0,16.0,8.6041,0.5378,0.1465,0.0056,-0.1417,0.0045
0.44%,a:top16,0.5,0.1,40.0,2662.0,32580.0,0.8159,0.6119,0.0,0.0,0.0,0.0,0.1727,0.4313,0.4005,1.0,1.0,0.0,0.0,0.0,16.0,16.0,8.6041,0.5378,0.1465,0.0056,-0.1417,0.0045
0.44%,a:top32,0.5,0.05,5.0,2662.0,14727.0,0.8159,0.2766,0.0028,0.0006,0.0008,0.0002,0.1656,0.4313,0.3839,0.0,0.1562,0.138,6.9242,1.3848,5.0,5.0,8.3073,1.6615,0.1394,0.008,-0.1489,0.0055
0.44%,a:top32,0.5,0.05,10.0,2662.0,16126.0,0.8159,0.3029,0.0002,0.0001,0.0001,0.0,0.1824,0.4313,0.4231,0.0,0.3125,0.124,6.2219,0.6222,10.0,10.0,9.1559,0.9156,0.1563,0.0089,-0.132,0.0057
0.44%,a:top32,0.5,0.05,20.0,2662.0,20077.0,0.8159,0.3771,0.0,0.0,0.0,0.0,0.221,0.4313,0.5125,0.0,0.625,0.0819,4.1057,0.2053,20.0,20.0,11.0822,0.5541,0.1949,0.0098,-0.0934,0.0049
0.44%,a:top32,0.5,0.05,40.0,2662.0,28440.0,0.8159,0.5342,0.0,0.0,0.0,0.0,0.2832,0.4313,0.6567,1.0,1.0,0.0,0.0,0.0,32.0,32.0,14.1371,0.4418,0.257,0.0098,-0.0313,0.0023
0.44%,a:top32,0.5,0.1,5.0,2662.0,14632.0,0.8159,0.2748,0.0025,0.0005,0.0007,0.0001,0.1647,0.4313,0.3818,0.0,0.1562,0.1373,6.8908,1.3782,5.0,5.0,8.2649,1.653,0.1385,0.008,-0.1498,0.0055
0.44%,a:top32,0.5,0.1,10.0,2662.0,19609.0,0.8159,0.3683,0.0014,0.0003,0.0005,0.0001,0.2153,0.4313,0.4991,0.0,0.3125,0.1463,7.3318,0.7332,10.0,10.0,10.7879,1.0788,0.1891,0.0094,-0.0992,0.0047
0.44%,a:top32,0.5,0.1,20.0,2662.0,21718.0,0.8159,0.4079,0.0,0.0,0.0,0.0,0.2348,0.4313,0.5445,0.0,0.625,0.0869,4.3518,0.2176,20.0,20.0,11.7608,0.588,0.2087,0.0098,-0.0796,0.0043
0.44%,a:top32,0.5,0.1,40.0,2662.0,28440.0,0.8159,0.5342,0.0,0.0,0.0,0.0,0.2832,0.4313,0.6567,1.0,1.0,0.0,0.0,0.0,32.0,32.0,14.1371,0.4418,0.257,0.0098,-0.0313,0.0023
0.44%,a:top64,0.5,0.05,5.0,2662.0,2798.0,0.8159,0.0526,0.035,0.0053,0.0018,0.0002,0.046,0.4313,0.1067,0.0,0.0781,0.0409,2.1253,0.4251,5.0,5.0,2.388,0.4776,0.0198,0.0036,-0.2685,0.0081
0.44%,a:top64,0.5,0.05,10.0,2662.0,2395.0,0.8159,0.045,0.0046,0.0014,0.0002,0.0001,0.0407,0.4313,0.0945,0.0,0.1562,0.0328,1.7352,0.1735,10.0,10.0,2.1493,0.2149,0.0146,0.0038,-0.2737,0.0085
0.44%,a:top64,0.5,0.05,20.0,2662.0,6122.0,0.8159,0.115,0.001,0.0005,0.0001,0.0001,0.1038,0.4313,0.2407,0.0,0.3125,0.0684,3.5765,0.1788,20.0,20.0,5.4235,0.2712,0.0777,0.007,-0.2106,0.0084
0.44%,a:top64,0.5,0.05,40.0,2662.0,11263.0,0.8159,0.2116,0.0,0.0,0.0,0.0,0.189,0.4313,0.4383,0.0,0.625,0.0686,3.5301,0.0883,40.0,40.0,9.7069,0.2427,0.1628,0.0113,-0.1255,0.0095
0.44%,a:top64,0.5,0.1,5.0,2662.0,2687.0,0.8159,0.0505,0.0361,0.0053,0.0018,0.0002,0.0442,0.4313,0.1026,0.0,0.0781,0.0393,2.0462,0.4092,5.0,5.0,2.2985,0.4597,0.0181,0.0036,-0.2702,0.0081
0.44%,a:top64,0.5,0.1,10.0,2662.0,6130.0,0.8159,0.1151,0.0217,0.0031,0.0025,0.0003,0.1015,0.4313,0.2355,0.0,0.1562,0.0826,4.2855,0.4286,10.0,10.0,5.261,0.5261,0.0754,0.006,-0.2129,0.0075
0.44%,a:top64,0.5,0.1,20.0,2662.0,8971.0,0.8159,0.1685,0.0033,0.0007,0.0006,0.0001,0.15,0.4313,0.3479,0.0,0.3125,0.0997,5.1502,0.2575,20.0,20.0,7.7374,0.3869,0.1239,0.0088,-0.1644,0.0082
0.44%,a:top64,0.5,0.1,40.0,2662.0,12825.0,0.8159,0.2409,0.0005,0.0002,0.0001,0.0,0.2132,0.4313,0.4944,0.0,0.625,0.078,3.987,0.0997,40.0,40.0,10.892,0.2723,0.1871,0.0121,-0.1012,0.0094
0.44%,b:consistent,0.5,0.05,5.0,2662.0,2302.0,0.8159,0.0432,0.0,0.0,0.0,0.0,0.0268,0.4313,0.0622,0.0056,0.271,0.0192,0.9408,1.3072,0.7197,0.0,1.3113,1.8218,0.0006,0.0014,-0.2876,0.0089
0.44%,b:consistent,0.5,0.05,10.0,2662.0,2427.0,0.8159,0.0456,0.0021,0.0009,0.0001,0.0,0.0335,0.4313,0.0777,0.0305,0.4071,0.0192,0.9423,0.749,1.258,0.0,1.6392,1.303,0.0073,0.0017,-0.2809,0.0089
0.44%,b:consistent,0.5,0.05,20.0,2662.0,2480.0,0.8159,0.0466,0.0,0.0,0.0,0.0,0.0374,0.4313,0.0867,0.2109,0.6622,0.0116,0.5808,0.259,2.2429,0.0,1.8341,0.8178,0.0112,0.002,-0.2771,0.0089
0.44%,b:consistent,0.5,0.05,40.0,2662.0,2480.0,0.8159,0.0466,0.0004,0.0004,0.0,0.0,0.0403,0.4313,0.0934,0.6758,0.947,0.0017,0.0884,0.0243,3.6346,0.0,1.9751,0.5434,0.0141,0.0022,-0.2742,0.009
0.44%,b:consistent,0.5,0.1,5.0,2662.0,2348.0,0.8159,0.0441,0.0004,0.0004,0.0,0.0,0.0295,0.4313,0.0684,0.0021,0.2391,0.022,1.0782,1.5759,0.6842,0.0,1.4437,2.1101,0.0033,0.0014,-0.285,0.0089
0.44%,b:consistent,0.5,0.1,10.0,2662.0,2435.0,0.8159,0.0457,0.0008,0.0006,0.0,0.0,0.0349,0.4313,0.081,0.0242,0.3799,0.0209,1.0286,0.8448,1.2176,0.0,1.708,1.4027,0.0087,0.0018,-0.2795,0.0089
0.44%,b:consistent,0.5,0.1,20.0,2662.0,2480.0,0.8159,0.0466,0.0012,0.0007,0.0001,0.0,0.0383,0.4313,0.0889,0.1617,0.6283,0.0131,0.6538,0.2989,2.1875,0.0,1.8813,0.86,0.0122,0.002,-0.2761,0.0089
0.44%,b:consistent,0.5,0.1,40.0,2662.0,2480.0,0.8159,0.0466,0.0,0.0,0.0,0.0,0.0406,0.4313,0.0942,0.646,0.9407,0.0019,0.099,0.0273,3.6209,0.0,1.993,0.5504,0.0145,0.0022,-0.2738,0.009
0.44%,b:top128,0.5,0.05,5.0,2662.0,39940.0,0.8159,0.7502,0.0003,0.0001,0.0002,0.0001,0.2283,0.4313,0.5293,0.5096,0.4762,0.1207,6.0766,0.2903,20.9334,25.0,11.4193,0.5455,0.2021,0.0078,-0.0862,0.0037
0.44%,b:top128,0.5,0.05,10.0,2662.0,39980.0,0.8159,0.7509,0.0001,0.0,0.0001,0.0,0.2869,0.4313,0.6652,0.5651,0.6452,0.1027,5.2092,0.1508,34.5423,39.0,14.3689,0.416,0.2607,0.0092,-0.0276,0.0028
0.44%,b:top128,0.5,0.05,20.0,2662.0,39980.0,0.8159,0.7509,0.0,0.0,0.0,0.0,0.338,0.4313,0.7837,0.8419,0.8479,0.0459,2.4261,0.0438,55.3464,60.0,16.9583,0.3064,0.3118,0.0104,0.0235,0.0032
0.44%,b:top128,0.5,0.05,40.0,2662.0,39980.0,0.8159,0.7509,0.0,0.0,0.0,0.0,0.3662,0.4313,0.8492,0.7792,0.9713,0.0099,0.5157,0.0063,81.6022,84.0,18.3875,0.2253,0.3401,0.0117,0.0518,0.0045
0.44%,b:top128,0.5,0.1,5.0,2662.0,39947.0,0.8159,0.7503,0.0002,0.0001,0.0002,0.0001,0.2412,0.4313,0.5593,0.4762,0.4459,0.1342,6.7578,0.3269,20.6723,25.0,12.073,0.584,0.215,0.0082,-0.0732,0.0035
0.44%,b:top128,0.5,0.1,10.0,2662.0,39980.0,0.8159,0.7509,0.0005,0.0001,0.0004,0.0001,0.2961,0.4313,0.6866,0.5364,0.6122,0.1141,5.792,0.1693,34.2182,39.0,14.8418,0.4337,0.27,0.0095,-0.0183,0.0029
0.44%,b:top128,0.5,0.1,20.0,2662.0,39980.0,0.8159,0.7509,0.0,0.0,0.0,0.0,0.3442,0.4313,0.7982,0.8129,0.8198,0.0561,2.9385,0.0535,54.9721,60.0,17.2758,0.3143,0.3181,0.0107,0.0298,0.0034
0.44%,b:top128,0.5,0.1,40.0,2662.0,39980.0,0.8159,0.7509,0.0,0.0,0.0,0.0,0.3713,0.4313,0.8609,0.7492,0.9683,0.0113,0.5806,0.0071,81.5623,84.0,18.636,0.2285,0.3451,0.0119,0.0568,0.0046
0.44%,b:top128/3,0.5,0.05,5.0,2662.0,13156.0,0.8159,0.2471,0.0014,0.0004,0.0003,0.0001,0.1576,0.4313,0.3655,0.0,0.2486,0.1155,5.8262,0.3913,14.8884,15.0,7.9424,0.5335,0.1315,0.0082,-0.1568,0.0063
0.44%,b:top128/3,0.5,0.05,10.0,2662.0,18352.0,0.8159,0.3447,0.0016,0.0003,0.0005,0.0001,0.2226,0.4313,0.5163,0.0,0.4575,0.1145,5.8106,0.1973,29.4459,30.0,11.2264,0.3813,0.1965,0.0104,-0.0918,0.0061
0.44%,b:top128/3,0.5,0.05,20.0,2662.0,27955.0,0.8159,0.5251,0.0001,0.0001,0.0,0.0,0.3177,0.4313,0.7366,0.7283,0.7979,0.0568,2.9796,0.0542,54.9269,60.0,15.9702,0.2908,0.2915,0.0114,0.0032,0.0045
0.44%,b:top128/3,0.5,0.05,40.0,2662.0,28440.0,0.8159,0.5342,0.0,0.0,0.0,0.0,0.3467,0.4313,0.8039,0.6484,0.9655,0.0113,0.5834,0.0072,81.5516,84.0,17.4228,0.2136,0.3205,0.0126,0.0322,0.0056
0.44%,b:top128/3,0.5,0.1,5.0,2662.0,15081.0,0.8159,0.2833,0.0093,0.0009,0.0026,0.0003,0.1809,0.4313,0.4194,0.0,0.2384,0.1335,6.7307,0.454,14.8245,15.0,9.1073,0.6143,0.1547,0.0089,-0.1336,0.0059
0.44%,b:top128/3,0.5,0.1,10.0,2662.0,19538.0,0.8159,0.367,0.0017,0.0003,0.0006,0.0001,0.2417,0.4313,0.5604,0.0,0.4258,0.1309,6.6508,0.2281,29.1582,30.0,12.1927,0.4182,0.2155,0.0109,-0.0728,0.0061
0.44%,b:top128/3,0.5,0.1,20.0,2662.0,27992.0,0.8159,0.5258,0.0003,0.0001,0.0001,0.0001,0.3259,0.4313,0.7556,0.6737,0.7595,0.0707,3.6773,0.0676,54.4108,60.0,16.382,0.3011,0.2997,0.0118,0.0114,0.0048
0.44%,b:top128/3,0.5,0.1,40.0,2662.0,28440.0,0.8159,0.5342,0.0,0.0,0.0,0.0,0.3509,0.4313,0.8137,0.6118,0.9629,0.0125,0.6426,0.0079,81.5083,84.0,17.6327,0.2163,0.3248,0.0128,0.0365,0.0057
0.44%,c:union,0.5,0.05,5.0,2662.0,0.0,0.8159,0.0,,,0.0,0.0,0.0,0.4313,0.0,,,0.0,0.0,0.0,5.0,5.0,0.0,0.0,-0.0262,0.0036,-0.3145,0.0096
0.44%,c:union,0.5,0.05,10.0,2662.0,0.0,0.8159,0.0,,,0.0,0.0,0.0,0.4313,0.0,,,0.0,0.0,0.0,10.0,10.0,0.0,0.0,-0.0262,0.0036,-0.3145,0.0096
0.44%,c:union,0.5,0.05,20.0,2662.0,39960.0,0.8159,0.7506,0.0,0.0,0.0,0.0,0.1693,0.4313,0.3927,0.3821,0.754,0.0424,2.1111,0.1056,20.0,20.0,8.4233,0.4212,0.1432,0.0053,-0.1451,0.0048
0.44%,c:union,0.5,0.05,40.0,2662.0,39980.0,0.8159,0.7509,0.0,0.0,0.0,0.0,0.3083,0.4313,0.7149,0.448,0.7596,0.0655,3.329,0.0832,40.0,40.0,15.4529,0.3863,0.2821,0.0097,-0.0061,0.0027
0.44%,c:union,0.5,0.1,5.0,2662.0,0.0,0.8159,0.0,,,0.0,0.0,0.0,0.4313,0.0,,,0.0,0.0,0.0,5.0,5.0,0.0,0.0,-0.0262,0.0036,-0.3145,0.0096
0.44%,c:union,0.5,0.1,10.0,2662.0,0.0,0.8159,0.0,,,0.0,0.0,0.0,0.4313,0.0,,,0.0,0.0,0.0,10.0,10.0,0.0,0.0,-0.0262,0.0036,-0.3145,0.0096
0.44%,c:union,0.5,0.1,20.0,2662.0,39960.0,0.8159,0.7506,0.0,0.0,0.0,0.0,0.1701,0.4313,0.3945,0.3726,0.7518,0.0427,2.1293,0.1065,20.0,20.0,8.4644,0.4232,0.144,0.0053,-0.1443,0.0048
0.44%,c:union,0.5,0.1,40.0,2662.0,39980.0,0.8159,0.7509,0.0,0.0,0.0,0.0,0.312,0.4313,0.7235,0.4441,0.7498,0.0679,3.4545,0.0864,40.0,40.0,15.646,0.3911,0.2859,0.0098,-0.0024,0.0028
0.44%,c:seq,0.5,0.05,5.0,2662.0,0.0,0.8159,0.0,,,0.0,0.0,0.0,0.4313,0.0,,,0.0,0.0,0.0,5.0,5.0,0.0,0.0,-0.0262,0.0036,-0.3145,0.0096
0.44%,c:seq,0.5,0.05,10.0,2662.0,0.0,0.8159,0.0,,,0.0,0.0,0.0,0.4313,0.0,,,0.0,0.0,0.0,10.0,10.0,0.0,0.0,-0.0262,0.0036,-0.3145,0.0096
0.44%,c:seq,0.5,0.05,20.0,2662.0,39440.0,0.8159,0.7408,0.0,0.0,0.0,0.0,0.1724,0.4313,0.3998,0.3238,0.7404,0.0446,2.2234,0.1112,20.0,20.0,8.5782,0.4289,0.1463,0.0053,-0.142,0.0047
0.44%,c:seq,0.5,0.05,40.0,2662.0,39440.0,0.8159,0.7408,0.0,0.0,0.0,0.0,0.3099,0.4313,0.7185,0.4247,0.7527,0.0671,3.4107,0.0853,40.0,40.0,15.5338,0.3883,0.2837,0.0098,-0.0046,0.0028
0.44%,c:seq,0.5,0.1,5.0,2662.0,0.0,0.8159,0.0,,,0.0,0.0,0.0,0.4313,0.0,,,0.0,0.0,0.0,5.0,5.0,0.0,0.0,-0.0262,0.0036,-0.3145,0.0096
0.44%,c:seq,0.5,0.1,10.0,2662.0,0.0,0.8159,0.0,,,0.0,0.0,0.0,0.4313,0.0,,,0.0,0.0,0.0,10.0,10.0,0.0,0.0,-0.0262,0.0036,-0.3145,0.0096
0.44%,c:seq,0.5,0.1,20.0,2662.0,39440.0,0.8159,0.7408,0.0,0.0,0.0,0.0,0.2427,0.4313,0.5627,0.3192,0.585,0.1006,5.0381,0.2519,20.0,20.0,12.1063,0.6053,0.2165,0.0079,-0.0718,0.0029
0.44%,c:seq,0.5,0.1,40.0,2662.0,39440.0,0.8159,0.7408,0.0,0.0,0.0,0.0,0.3266,0.4313,0.7573,0.4019,0.7117,0.0786,4.0018,0.1,40.0,40.0,16.3901,0.4098,0.3004,0.0105,0.0121,0.0035
0.44%,shipped,0.75,,0.0,2662.0,96.0,0.7554,0.0361,0.0521,0.0257,0.0019,0.001,0.0129,0.3562,0.0363,0.0,0.0,0.0129,0.6334,,0.0,0.0,0.6334,,0.0,0.0,-0.2705,0.0095
0.44%,consistent,0.75,,0.0,2662.0,124.0,0.7554,0.0466,0.8468,0.0315,0.0394,0.0052,0.0434,0.3562,0.1218,0.0,0.0,0.0434,2.1289,,0.0,0.0,2.1289,,0.0305,0.004,-0.2401,0.0093
0.44%,census:16,0.75,,0.0,2662.0,2011.0,0.7554,0.7554,0.0,0.0,0.0,0.0,0.1721,0.3562,0.4833,1.0,1.0,0.0,0.0,0.0,16.0,16.0,8.5669,0.5354,0.1592,0.0052,-0.1113,0.0051
0.44%,census:32,0.75,,0.0,2662.0,2011.0,0.7554,0.7554,0.0,0.0,0.0,0.0,0.2834,0.3562,0.7958,1.0,1.0,0.0,0.0,0.0,32.0,32.0,14.1397,0.4419,0.2705,0.0095,0.0,0.0
0.44%,a:consistent,0.75,0.05,5.0,2662.0,0.0,0.7554,0.0,,,0.0,0.0,0.0,0.3562,0.0,,,0.0,0.0,0.0,0.2329,0.0,0.0,0.0,-0.0129,0.0023,-0.2834,0.01
0.44%,a:consistent,0.75,0.05,10.0,2662.0,0.0,0.7554,0.0,,,0.0,0.0,0.0,0.3562,0.0,,,0.0,0.0,0.0,0.4658,0.0,0.0,0.0,-0.0129,0.0023,-0.2834,0.01
0.44%,a:consistent,0.75,0.05,20.0,2662.0,87.0,0.7554,0.0016,0.0115,0.0122,0.0,0.0,0.0011,0.3562,0.0031,0.2299,0.5423,0.0005,0.0223,0.024,0.9298,0.0,0.0516,0.0555,-0.0118,0.0023,-0.2823,0.0099
0.44%,a:consistent,0.75,0.05,40.0,2662.0,130.0,0.7554,0.0024,0.0,0.0,0.0,0.0,0.0018,0.3562,0.0052,0.4615,0.8367,0.0003,0.0127,0.0069,1.8479,0.0,0.088,0.0476,-0.0111,0.0023,-0.2816,0.0099
0.44%,a:consistent,0.75,0.1,5.0,2662.0,0.0,0.7554,0.0,,,0.0,0.0,0.0,0.3562,0.0,,,0.0,0.0,0.0,0.2329,0.0,0.0,0.0,-0.0129,0.0023,-0.2834,0.01
0.44%,a:consistent,0.75,0.1,10.0,2662.0,86.0,0.7554,0.0016,0.093,0.0501,0.0002,0.0001,0.0014,0.3562,0.0038,0.0,0.2197,0.001,0.0469,0.1007,0.4658,0.0,0.0631,0.1354,-0.0116,0.0023,-0.2821,0.0099
0.44%,a:consistent,0.75,0.1,20.0,2662.0,128.0,0.7554,0.0024,0.0625,0.0308,0.0002,0.0001,0.0018,0.3562,0.0051,0.1562,0.47,0.0009,0.0422,0.0454,0.9298,0.0,0.0853,0.0917,-0.0111,0.0023,-0.2816,0.0099
0.44%,a:consistent,0.75,0.1,40.0,2662.0,159.0,0.7554,0.003,0.0,0.0,0.0,0.0,0.0023,0.3562,0.0065,0.3774,0.8209,0.0004,0.018,0.0097,1.8479,0.0,0.1116,0.0604,-0.0106,0.0023,-0.2811,0.0099
0.44%,a:top16,0.75,0.05,5.0,2662.0,0.0,0.7554,0.0,,,0.0,0.0,0.0,0.3562,0.0,,,0.0,0.0,0.0,5.0,5.0,0.0,0.0,-0.0129,0.0023,-0.2834,0.01
0.44%,a:top16,0.75,0.05,10.0,2662.0,0.0,0.7554,0.0,,,0.0,0.0,0.0,0.3562,0.0,,,0.0,0.0,0.0,10.0,10.0,0.0,0.0,-0.0129,0.0023,-0.2834,0.01
0.44%,a:top16,0.75,0.05,20.0,2662.0,26000.0,0.7554,0.4884,0.0,0.0,0.0,0.0,0.1487,0.3562,0.4176,1.0,1.0,0.0,0.0,0.0,16.0,16.0,7.4136,0.4633,0.1358,0.0056,-0.1347,0.0046
0.44%,a:top16,0.75,0.05,40.0,2662.0,26000.0,0.7554,0.4884,0.0,0.0,0.0,0.0,0.1487,0.3562,0.4176,1.0,1.0,0.0,0.0,0.0,16.0,16.0,7.4136,0.4633,0.1358,0.0056,-0.1347,0.0046
0.44%,a:top16,0.75,0.1,5.0,2662.0,0.0,0.7554,0.0,,,0.0,0.0,0.0,0.3562,0.0,,,0.0,0.0,0.0,5.0,5.0,0.0,0.0,-0.0129,0.0023,-0.2834,0.01
0.44%,a:top16,0.75,0.1,10.0,2662.0,17829.0,0.7554,0.3349,0.0003,0.0001,0.0001,0.0,0.1063,0.3562,0.2985,0.0,0.625,0.0393,1.9618,0.1962,10.0,10.0,5.3106,0.5311,0.0934,0.0051,-0.1771,0.0057
0.44%,a:top16,0.75,0.1,20.0,2662.0,26000.0,0.7554,0.4884,0.0,0.0,0.0,0.0,0.1487,0.3562,0.4176,1.0,1.0,0.0,0.0,0.0,16.0,16.0,7.4136,0.4633,0.1358,0.0056,-0.1347,0.0046
0.44%,a:top16,0.75,0.1,40.0,2662.0,26000.0,0.7554,0.4884,0.0,0.0,0.0,0.0,0.1487,0.3562,0.4176,1.0,1.0,0.0,0.0,0.0,16.0,16.0,7.4136,0.4633,0.1358,0.0056,-0.1347,0.0046
0.44%,a:top32,0.75,0.05,5.0,2662.0,0.0,0.7554,0.0,,,0.0,0.0,0.0,0.3562,0.0,,,0.0,0.0,0.0,5.0,5.0,0.0,0.0,-0.0129,0.0023,-0.2834,0.01
0.44%,a:top32,0.75,0.05,10.0,2662.0,0.0,0.7554,0.0,,,0.0,0.0,0.0,0.3562,0.0,,,0.0,0.0,0.0,10.0,10.0,0.0,0.0,-0.0129,0.0023,-0.2834,0.01
0.44%,a:top32,0.75,0.05,20.0,2662.0,12206.0,0.7554,0.2293,0.0,0.0,0.0,0.0,0.1423,0.3562,0.3994,0.0,0.625,0.0527,2.65,0.1325,20.0,20.0,7.1568,0.3578,0.1293,0.0087,-0.1412,0.0066
0.44%,a:top32,0.75,0.05,40.0,2662.0,19600.0,0.7554,0.3681,0.0,0.0,0.0,0.0,0.2175,0.3562,0.6107,1.0,1.0,0.0,0.0,0.0,32.0,32.0,10.9102,0.3409,0.2046,0.0104,-0.0659,0.0042
0.44%,a:top32,0.75,0.1,5.0,2662.0,0.0,0.7554,0.0,,,0.0,0.0,0.0,0.3562,0.0,,,0.0,0.0,0.0,5.0,5.0,0.0,0.0,-0.0129,0.0023,-0.2834,0.01
0.44%,a:top32,0.75,0.1,10.0,2662.0,11036.0,0.7554,0.2073,0.0038,0.0008,0.0008,0.0002,0.1283,0.3562,0.3603,0.0,0.3125,0.0871,4.3774,0.4377,10.0,10.0,6.4503,0.645,0.1154,0.0078,-0.1551,0.0064
0.44%,a:top32,0.75,0.1,20.0,2662.0,14777.0,0.7554,0.2776,0.0007,0.0002,0.0002,0.0001,0.1702,0.3562,0.4779,0.0,0.625,0.0631,3.1695,0.1585,20.0,20.0,8.5462,0.4273,0.1573,0.0095,-0.1133,0.0059
0.44%,a:top32,0.75,0.1,40.0,2662.0,19600.0,0.7554,0.3681,0.0,0.0,0.0,0.0,0.2175,0.3562,0.6107,1.0,1.0,0.0,0.0,0.0,32.0,32.0,10.9102,0.3409,0.2046,0.0104,-0.0659,0.0042
0.44%,a:top64,0.75,0.05,5.0,2662.0,0.0,0.7554,0.0,,,0.0,0.0,0.0,0.3562,0.0,,,0.0,0.0,0.0,5.0,5.0,0.0,0.0,-0.0129,0.0023,-0.2834,0.01
0.44%,a:top64,0.75,0.05,10.0,2662.0,0.0,0.7554,0.0,,,0.0,0.0,0.0,0.3562,0.0,,,0.0,0.0,0.0,10.0,10.0,0.0,0.0,-0.0129,0.0023,-0.2834,0.01
0.44%,a:top64,0.75,0.05,20.0,2662.0,218.0,0.7554,0.0041,0.1055,0.0362,0.0004,0.0001,0.0039,0.3562,0.0109,0.0,0.3125,0.0025,0.1399,0.007,20.0,20.0,0.2185,0.0109,-0.0091,0.0024,-0.2796,0.0099
0.44%,a:top64,0.75,0.05,40.0,2662.0,356.0,0.7554,0.0067,0.0056,0.0043,0.0,0.0,0.0063,0.3562,0.0178,0.0,0.625,0.0022,0.1269,0.0032,40.0,40.0,0.3676,0.0092,-0.0066,0.0029,-0.2771,0.0099
0.44%,a:top64,0.75,0.1,5.0,2662.0,0.0,0.7554,0.0,,,0.0,0.0,0.0,0.3562,0.0,,,0.0,0.0,0.0,5.0,5.0,0.0,0.0,-0.0129,0.0023,-0.2834,0.01
0.44%,a:top64,0.75,0.1,10.0,2662.0,483.0,0.7554,0.0091,0.323,0.0488,0.0029,0.0003,0.0084,0.3562,0.0236,0.0,0.1562,0.0067,0.362,0.0362,10.0,10.0,0.4527,0.0453,-0.0045,0.0023,-0.2751,0.0097
0.44%,a:top64,0.75,0.1,20.0,2662.0,713.0,0.7554,0.0134,0.1921,0.0375,0.0026,0.0003,0.0125,0.3562,0.035,0.0,0.3125,0.008,0.4442,0.0222,20.0,20.0,0.6899,0.0345,-0.0004,0.0028,-0.271,0.0097
0.44%,a:top64,0.75,0.1,40.0,2662.0,749.0,0.7554,0.0141,0.0214,0.0075,0.0003,0.0001,0.0133,0.3562,0.0374,0.0,0.625,0.0046,0.2596,0.0065,40.0,40.0,0.7511,0.0188,0.0004,0.0033,-0.2701,0.0098
0.44%,b:consistent,0.75,0.05,5.0,2662.0,1350.0,0.7554,0.0254,0.0,0.0,0.0,0.0,0.0041,0.3562,0.0115,1.0,1.0,0.0,0.0,0.0,0.8792,0.0,0.1955,0.2223,-0.0088,0.002,-0.2793,0.0098
0.44%,b:consistent,0.75,0.05,10.0,2662.0,2439.0,0.7554,0.0458,0.0,0.0,0.0,0.0,0.0193,0.3562,0.0541,0.4666,0.7297,0.0051,0.2525,0.1969,1.2826,0.0,0.9439,0.7359,0.0063,0.0015,-0.2642,0.0093
0.44%,b:consistent,0.75,0.05,20.0,2662.0,2440.0,0.7554,0.0458,0.0,0.0,0.0,0.0,0.0294,0.3562,0.0827,0.4828,0.8276,0.0049,0.2467,0.1292,1.9088,0.0,1.4436,0.7562,0.0165,0.0025,-0.254,0.0092
0.44%,b:consistent,0.75,0.05,40.0,2662.0,2440.0,0.7554,0.0458,0.0,0.0,0.0,0.0,0.0328,0.3562,0.092,0.9959,0.9986,0.0,0.0017,0.0006,2.723,0.0,1.6071,0.5902,0.0198,0.0028,-0.2507,0.0092
0.44%,b:consistent,0.75,0.1,5.0,2662.0,1361.0,0.7554,0.0256,0.0,0.0,0.0,0.0,0.0041,0.3562,0.0116,0.9978,0.9974,0.0,0.0005,0.0006,0.8793,0.0,0.1975,0.2246,-0.0088,0.002,-0.2793,0.0098
0.44%,b:consistent,0.75,0.1,10.0,2662.0,2440.0,0.7554,0.0458,0.0,0.0,0.0,0.0,0.0257,0.3562,0.0722,0.2168,0.5417,0.0116,0.573,0.5038,1.1372,0.0,1.2609,1.1088,0.0128,0.0021,-0.2577,0.0092
0.44%,b:consistent,0.75,0.1,20.0,2662.0,2440.0,0.7554,0.0458,0.0008,0.0006,0.0,0.0,0.0303,0.3562,0.085,0.4439,0.8081,0.0055,0.279,0.1476,1.8906,0.0,1.4853,0.7856,0.0174,0.0026,-0.2532,0.0092
0.44%,b:consistent,0.75,0.1,40.0,2662.0,2440.0,0.7554,0.0458,0.0,0.0,0.0,0.0,0.0329,0.3562,0.0924,0.9893,0.9965,0.0001,0.0044,0.0016,2.7253,0.0,1.6133,0.592,0.02,0.0028,-0.2505,0.0092
0.44%,b:top128,0.75,0.05,5.0,2662.0,34934.0,0.7554,0.6562,0.0,0.0,0.0,0.0,0.0925,0.3562,0.2596,1.0,1.0,0.0,0.0,0.0,23.2945,25.0,4.5946,0.1972,0.0795,0.0031,-0.191,0.0076
0.44%,b:top128,0.75,0.05,10.0,2662.0,34960.0,0.7554,0.6566,0.0,0.0,0.0,0.0,0.1987,0.3562,0.5579,0.8321,0.8568,0.0291,1.4665,0.0402,36.4928,39.0,9.9105,0.2716,0.1858,0.0067,-0.0848,0.0035
0.44%,b:top128,0.75,0.05,20.0,2662.0,34960.0,0.7554,0.6566,0.0,0.0,0.0,0.0,0.266,0.3562,0.7469,0.9828,0.9966,0.0008,0.0452,0.0008,56.9146,60.0,13.2884,0.2335,0.2531,0.0095,-0.0174,0.0011
0.44%,b:top128,0.75,0.05,40.0,2662.0,34960.0,0.7554,0.6566,0.0,0.0,0.0,0.0,0.2711,0.3562,0.761,0.9975,0.9995,0.0001,0.0066,0.0001,81.9528,84.0,13.5529,0.1654,0.2581,0.0097,-0.0124,0.0013
0.44%,b:top128,0.75,0.1,5.0,2662.0,34934.0,0.7554,0.6562,0.0,0.0,0.0,0.0,0.0925,0.3562,0.2596,0.9997,0.9999,0.0,0.0005,0.0,23.2909,25.0,4.5952,0.1973,0.0795,0.0031,-0.191,0.0076
0.44%,b:top128,0.75,0.1,10.0,2662.0,34960.0,0.7554,0.6566,0.0003,0.0001,0.0002,0.0001,0.2136,0.3562,0.5997,0.7594,0.8,0.0434,2.1874,0.0606,36.1245,39.0,10.6643,0.2952,0.2007,0.0075,-0.0698,0.0033
0.44%,b:top128,0.75,0.1,20.0,2662.0,34960.0,0.7554,0.6566,0.0001,0.0,0.0,0.0,0.2673,0.3562,0.7504,0.9755,0.9932,0.0015,0.0844,0.0015,56.9234,60.0,13.3548,0.2346,0.2543,0.0095,-0.0162,0.0012
0.44%,b:top128,0.75,0.1,40.0,2662.0,34960.0,0.7554,0.6566,0.0,0.0,0.0,0.0,0.2713,0.3562,0.7616,0.9967,0.9994,0.0001,0.0081,0.0001,81.9609,84.0,13.5642,0.1655,0.2583,0.0097,-0.0122,0.0014
0.44%,b:top128/3,0.75,0.05,5.0,2662.0,0.0,0.7554,0.0,,,0.0,0.0,0.0,0.3562,0.0,,,0.0,0.0,0.0,15.0,15.0,0.0,0.0,-0.0129,0.0023,-0.2834,0.01
0.44%,b:top128/3,0.75,0.05,10.0,2662.0,8195.0,0.7554,0.1539,0.001,0.0004,0.0002,0.0001,0.097,0.3562,0.2724,0.0,0.5466,0.0432,2.1768,0.0726,29.9878,30.0,4.8892,0.163,0.0841,0.0068,-0.1864,0.0074
0.44%,b:top128/3,0.75,0.05,20.0,2662.0,19171.0,0.7554,0.3601,0.0001,0.0001,0.0,0.0,0.2141,0.3562,0.6011,0.9569,0.9922,0.0014,0.0786,0.0014,56.8663,60.0,10.747,0.189,0.2012,0.0102,-0.0694,0.0043
0.44%,b:top128/3,0.75,0.05,40.0,2662.0,19600.0,0.7554,0.3681,0.0,0.0,0.0,0.0,0.2205,0.3562,0.6192,0.9939,0.9992,0.0001,0.0076,0.0001,81.9683,84.0,11.0808,0.1352,0.2076,0.0105,-0.0629,0.0044
0.44%,b:top128/3,0.75,0.1,5.0,2662.0,297.0,0.7554,0.0056,0.0,0.0,0.0,0.0,0.0035,0.3562,0.0098,0.0,0.381,0.0021,0.107,0.0071,15.0,15.0,0.175,0.0117,-0.0094,0.0022,-0.2799,0.0098
0.44%,b:top128/3,0.75,0.1,10.0,2662.0,9811.0,0.7554,0.1843,0.0022,0.0005,0.0004,0.0001,0.1161,0.3562,0.326,0.0,0.5444,0.0519,2.6148,0.0872,29.9761,30.0,5.8437,0.1949,0.1032,0.0076,-0.1673,0.007
0.44%,b:top128/3,0.75,0.1,20.0,2662.0,19252.0,0.7554,0.3616,0.0001,0.0001,0.0,0.0,0.2156,0.3562,0.6052,0.9487,0.9875,0.0021,0.121,0.0021,56.8479,60.0,10.8235,0.1904,0.2026,0.0103,-0.0679,0.0043
0.44%,b:top128/3,0.75,0.1,40.0,2662.0,19600.0,0.7554,0.3681,0.0,0.0,0.0,0.0,0.2211,0.3562,0.6209,0.99,0.9986,0.0002,0.0128,0.0002,81.9651,84.0,11.1155,0.1356,0.2082,0.0105,-0.0623,0.0044
0.44%,c:union,0.75,0.05,5.0,2662.0,0.0,0.7554,0.0,,,0.0,0.0,0.0,0.3562,0.0,,,0.0,0.0,0.0,5.0,5.0,0.0,0.0,-0.0129,0.0023,-0.2834,0.01
0.44%,c:union,0.75,0.05,10.0,2662.0,0.0,0.7554,0.0,,,0.0,0.0,0.0,0.3562,0.0,,,0.0,0.0,0.0,10.0,10.0,0.0,0.0,-0.0129,0.0023,-0.2834,0.01
0.44%,c:union,0.75,0.05,20.0,2662.0,34940.0,0.7554,0.6563,0.0,0.0,0.0,0.0,0.094,0.3562,0.264,1.0,1.0,0.0,0.0,0.0,20.0,20.0,4.6724,0.2336,0.0811,0.0032,-0.1894,0.0076
0.44%,c:union,0.75,0.05,40.0,2662.0,34960.0,0.7554,0.6566,0.0,0.0,0.0,0.0,0.2196,0.3562,0.6167,0.7362,0.8808,0.0261,1.3131,0.0328,40.0,40.0,10.965,0.2741,0.2067,0.0078,-0.0638,0.0031
0.44%,c:union,0.75,0.1,5.0,2662.0,0.0,0.7554,0.0,,,0.0,0.0,0.0,0.3562,0.0,,,0.0,0.0,0.0,5.0,5.0,0.0,0.0,-0.0129,0.0023,-0.2834,0.01
0.44%,c:union,0.75,0.1,10.0,2662.0,0.0,0.7554,0.0,,,0.0,0.0,0.0,0.3562,0.0,,,0.0,0.0,0.0,10.0,10.0,0.0,0.0,-0.0129,0.0023,-0.2834,0.01
0.44%,c:union,0.75,0.1,20.0,2662.0,34940.0,0.7554,0.6563,0.0,0.0,0.0,0.0,0.094,0.3562,0.264,1.0,1.0,0.0,0.0,0.0,20.0,20.0,4.6724,0.2336,0.0811,0.0032,-0.1894,0.0076
0.44%,c:union,0.75,0.1,40.0,2662.0,34960.0,0.7554,0.6566,0.0,0.0,0.0,0.0,0.2204,0.3562,0.6187,0.7322,0.8795,0.0264,1.3319,0.0333,40.0,40.0,11.0045,0.2751,0.2074,0.0078,-0.0631,0.003
0.44%,c:seq,0.75,0.05,5.0,2662.0,0.0,0.7554,0.0,,,0.0,0.0,0.0,0.3562,0.0,,,0.0,0.0,0.0,5.0,5.0,0.0,0.0,-0.0129,0.0023,-0.2834,0.01
0.44%,c:seq,0.75,0.05,10.0,2662.0,0.0,0.7554,0.0,,,0.0,0.0,0.0,0.3562,0.0,,,0.0,0.0,0.0,10.0,10.0,0.0,0.0,-0.0129,0.0023,-0.2834,0.01
0.44%,c:seq,0.75,0.05,20.0,2662.0,34780.0,0.7554,0.6533,0.0,0.0,0.0,0.0,0.0937,0.3562,0.2629,1.0,1.0,0.0,0.0,0.0,20.0,20.0,4.6544,0.2327,0.0807,0.0032,-0.1898,0.0076
0.44%,c:seq,0.75,0.05,40.0,2662.0,34780.0,0.7554,0.6533,0.0001,0.0,0.0,0.0,0.2378,0.3562,0.6677,0.6311,0.8475,0.0357,1.7968,0.0449,40.0,40.0,11.8751,0.2969,0.2249,0.0087,-0.0456,0.0025
0.44%,c:seq,0.75,0.1,5.0,2662.0,0.0,0.7554,0.0,,,0.0,0.0,0.0,0.3562,0.0,,,0.0,0.0,0.0,5.0,5.0,0.0,0.0,-0.0129,0.0023,-0.2834,0.01
0.44%,c:seq,0.75,0.1,10.0,2662.0,0.0,0.7554,0.0,,,0.0,0.0,0.0,0.3562,0.0,,,0.0,0.0,0.0,10.0,10.0,0.0,0.0,-0.0129,0.0023,-0.2834,0.01
0.44%,c:seq,0.75,0.1,20.0,2662.0,34780.0,0.7554,0.6533,0.0,0.0,0.0,0.0,0.0937,0.3562,0.2629,1.0,1.0,0.0,0.0,0.0,20.0,20.0,4.6544,0.2327,0.0807,0.0032,-0.1898,0.0076
0.44%,c:seq,0.75,0.1,40.0,2662.0,34780.0,0.7554,0.6533,0.0002,0.0001,0.0001,0.0,0.2426,0.3562,0.681,0.6068,0.8391,0.0381,1.9165,0.0479,40.0,40.0,12.1146,0.3029,0.2296,0.0088,-0.0409,0.0023
0.1%,shipped,0.25,,0.0,2328.0,0.0,0.686,0.0,,,0.0,0.0,0.0,0.4245,0.0,,,0.0,0.0,,0.0,0.0,0.0,,0.0,0.0,-0.4172,0.015
0.1%,consistent,0.25,,0.0,2328.0,0.0,0.686,0.0,,,0.0,0.0,0.0,0.4245,0.0,,,0.0,0.0,,0.0,0.0,0.0,,0.0,0.0,-0.4172,0.015
0.1%,census:16,0.25,,0.0,2328.0,1597.0,0.686,0.686,0.0,0.0,0.0,0.0,0.3783,0.4245,0.8912,1.0,1.0,0.0,0.0,0.0,16.0,16.0,4.2826,0.2677,0.3783,0.0138,-0.0388,0.0027
0.1%,census:32,0.25,,0.0,2328.0,1597.0,0.686,0.686,0.0,0.0,0.0,0.0,0.4172,0.4245,0.9827,1.0,1.0,0.0,0.0,0.0,32.0,32.0,4.7586,0.1487,0.4172,0.015,0.0,0.0
0.1%,a:consistent,0.25,0.05,5.0,2328.0,0.0,0.686,0.0,,,0.0,0.0,0.0,0.4245,0.0,,,0.0,0.0,,0.0,0.0,0.0,,0.0,0.0,-0.4172,0.015
0.1%,a:consistent,0.25,0.05,10.0,2328.0,0.0,0.686,0.0,,,0.0,0.0,0.0,0.4245,0.0,,,0.0,0.0,,0.0,0.0,0.0,,0.0,0.0,-0.4172,0.015
0.1%,a:consistent,0.25,0.05,20.0,2328.0,0.0,0.686,0.0,,,0.0,0.0,0.0,0.4245,0.0,,,0.0,0.0,,0.0,0.0,0.0,,0.0,0.0,-0.4172,0.015
0.1%,a:consistent,0.25,0.05,40.0,2328.0,0.0,0.686,0.0,,,0.0,0.0,0.0,0.4245,0.0,,,0.0,0.0,,0.0,0.0,0.0,,0.0,0.0,-0.4172,0.015
0.1%,a:consistent,0.25,0.1,5.0,2328.0,0.0,0.686,0.0,,,0.0,0.0,0.0,0.4245,0.0,,,0.0,0.0,,0.0,0.0,0.0,,0.0,0.0,-0.4172,0.015
0.1%,a:consistent,0.25,0.1,10.0,2328.0,0.0,0.686,0.0,,,0.0,0.0,0.0,0.4245,0.0,,,0.0,0.0,,0.0,0.0,0.0,,0.0,0.0,-0.4172,0.015
0.1%,a:consistent,0.25,0.1,20.0,2328.0,0.0,0.686,0.0,,,0.0,0.0,0.0,0.4245,0.0,,,0.0,0.0,,0.0,0.0,0.0,,0.0,0.0,-0.4172,0.015
0.1%,a:consistent,0.25,0.1,40.0,2328.0,0.0,0.686,0.0,,,0.0,0.0,0.0,0.4245,0.0,,,0.0,0.0,,0.0,0.0,0.0,,0.0,0.0,-0.4172,0.015
0.1%,a:top16,0.25,0.05,5.0,2328.0,4733.0,0.686,0.1017,0.0,0.0,0.0,0.0,0.0836,0.4245,0.197,0.0,0.3125,0.0492,0.6324,0.1265,5.0,5.0,1.0609,0.2122,0.0836,0.0069,-0.3335,0.0118
0.1%,a:top16,0.25,0.05,10.0,2328.0,8399.0,0.686,0.1804,0.0,0.0,0.0,0.0,0.1477,0.4245,0.3479,0.0,0.625,0.0476,0.6032,0.0603,10.0,10.0,1.8427,0.1843,0.1477,0.011,-0.2695,0.0105
0.1%,a:top16,0.25,0.05,20.0,2328.0,23900.0,0.686,0.5133,0.0,0.0,0.0,0.0,0.3448,0.4245,0.8122,1.0,1.0,0.0,0.0,0.0,16.0,16.0,3.9592,0.2474,0.3448,0.0147,-0.0724,0.0037
0.1%,a:top16,0.25,0.05,40.0,2328.0,23900.0,0.686,0.5133,0.0,0.0,0.0,0.0,0.3448,0.4245,0.8122,1.0,1.0,0.0,0.0,0.0,16.0,16.0,3.9592,0.2474,0.3448,0.0147,-0.0724,0.0037
0.1%,a:top16,0.25,0.1,5.0,2328.0,4584.0,0.686,0.0985,0.0,0.0,0.0,0.0,0.0808,0.4245,0.1904,0.0,0.3125,0.0475,0.6101,0.122,5.0,5.0,1.025,0.205,0.0808,0.0066,-0.3363,0.0118
0.1%,a:top16,0.25,0.1,10.0,2328.0,12990.0,0.686,0.279,0.0,0.0,0.0,0.0,0.2178,0.4245,0.513,0.0,0.625,0.0727,0.8858,0.0886,10.0,10.0,2.6191,0.2619,0.2178,0.013,-0.1994,0.0082
0.1%,a:top16,0.25,0.1,20.0,2328.0,23900.0,0.686,0.5133,0.0,0.0,0.0,0.0,0.3448,0.4245,0.8122,1.0,1.0,0.0,0.0,0.0,16.0,16.0,3.9592,0.2474,0.3448,0.0147,-0.0724,0.0037
0.1%,a:top16,0.25,0.1,40.0,2328.0,23900.0,0.686,0.5133,0.0,0.0,0.0,0.0,0.3448,0.4245,0.8122,1.0,1.0,0.0,0.0,0.0,16.0,16.0,3.9592,0.2474,0.3448,0.0147,-0.0724,0.0037
0.1%,a:top32,0.25,0.05,5.0,2328.0,518.0,0.686,0.0111,0.0309,0.0085,0.0003,0.0001,0.0097,0.4245,0.0229,0.0,0.1562,0.0062,0.0842,0.0168,5.0,5.0,0.1297,0.0259,0.0097,0.0009,-0.4074,0.0146
0.1%,a:top32,0.25,0.05,10.0,2328.0,744.0,0.686,0.016,0.004,0.0024,0.0001,0.0,0.0145,0.4245,0.0342,0.0,0.3125,0.0072,0.1014,0.0101,10.0,10.0,0.2013,0.0201,0.0145,0.0017,-0.4026,0.0143
0.1%,a:top32,0.25,0.05,20.0,2328.0,1838.0,0.686,0.0395,0.0,0.0,0.0,0.0,0.0363,0.4245,0.0855,0.0,0.625,0.0093,0.1349,0.0067,20.0,20.0,0.5127,0.0256,0.0363,0.0046,-0.3809,0.0137
0.1%,a:top32,0.25,0.05,40.0,2328.0,15860.0,0.686,0.3406,0.0,0.0,0.0,0.0,0.2867,0.4245,0.6755,1.0,1.0,0.0,0.0,0.0,32.0,32.0,3.4601,0.1081,0.2867,0.0164,-0.1304,0.0088
0.1%,a:top32,0.25,0.1,5.0,2328.0,583.0,0.686,0.0125,0.048,0.0109,0.0006,0.0001,0.011,0.4245,0.026,0.0,0.1562,0.007,0.0949,0.019,5.0,5.0,0.1461,0.0292,0.011,0.0011,-0.4061,0.0145
0.1%,a:top32,0.25,0.1,10.0,2328.0,2698.0,0.686,0.0579,0.0263,0.0048,0.0015,0.0002,0.0511,0.4245,0.1205,0.0,0.3125,0.027,0.3625,0.0363,10.0,10.0,0.6726,0.0673,0.0511,0.0043,-0.366,0.0128
0.1%,a:top32,0.25,0.1,20.0,2328.0,1813.0,0.686,0.0389,0.0,0.0,0.0,0.0,0.0359,0.4245,0.0846,0.0,0.625,0.0092,0.1342,0.0067,20.0,20.0,0.5077,0.0254,0.0359,0.0047,-0.3812,0.0137
0.1%,a:top32,0.25,0.1,40.0,2328.0,15860.0,0.686,0.3406,0.0,0.0,0.0,0.0,0.2867,0.4245,0.6755,1.0,1.0,0.0,0.0,0.0,32.0,32.0,3.4601,0.1081,0.2867,0.0164,-0.1304,0.0088
0.1%,a:top64,0.25,0.05,5.0,2328.0,43.0,0.686,0.0009,0.8605,0.1049,0.0008,0.0002,0.0009,0.4245,0.002,0.0,0.0781,0.0006,0.0083,0.0017,5.0,5.0,0.0121,0.0024,0.0009,0.0002,-0.4163,0.015
0.1%,a:top64,0.25,0.05,10.0,2328.0,30.0,0.686,0.0006,0.9333,0.0637,0.0006,0.0001,0.0006,0.4245,0.0014,0.0,0.1562,0.0003,0.0044,0.0004,10.0,10.0,0.0083,0.0008,0.0006,0.0001,-0.4165,0.015
0.1%,a:top64,0.25,0.05,20.0,2328.0,35.0,0.686,0.0008,0.5429,0.1363,0.0004,0.0001,0.0007,0.4245,0.0017,0.0,0.3125,0.0003,0.0044,0.0002,20.0,20.0,0.0112,0.0006,0.0007,0.0002,-0.4164,0.015
0.1%,a:top64,0.25,0.05,40.0,2328.0,0.0,0.686,0.0,,,0.0,0.0,0.0,0.4245,0.0,,,0.0,0.0,0.0,40.0,40.0,0.0,0.0,0.0,0.0,-0.4172,0.015
0.1%,a:top64,0.25,0.1,5.0,2328.0,48.0,0.686,0.001,0.8958,0.0518,0.0009,0.0001,0.0009,0.4245,0.0022,0.0,0.0781,0.0006,0.0084,0.0017,5.0,5.0,0.0125,0.0025,0.0009,0.0001,-0.4162,0.015
0.1%,a:top64,0.25,0.1,10.0,2328.0,214.0,0.686,0.0046,0.8505,0.0615,0.0039,0.0004,0.0042,0.4245,0.0099,0.0,0.1562,0.0025,0.0347,0.0035,10.0,10.0,0.0582,0.0058,0.0042,0.0005,-0.4129,0.0149
0.1%,a:top64,0.25,0.1,20.0,2328.0,17.0,0.686,0.0004,0.7647,0.1242,0.0003,0.0001,0.0003,0.4245,0.0008,0.0,0.3125,0.0001,0.0019,0.0001,20.0,20.0,0.0053,0.0003,0.0003,0.0001,-0.4168,0.015
0.1%,a:top64,0.25,0.1,40.0,2328.0,2.0,0.686,0.0,0.0,0.0,0.0,0.0,0.0,0.4245,0.0001,0.0,0.625,0.0,0.0002,0.0,40.0,40.0,0.0008,0.0,0.0,0.0,-0.4171,0.015
0.1%,b:consistent,0.25,0.05,5.0,2328.0,0.0,0.686,0.0,,,0.0,0.0,0.0,0.4245,0.0,,,0.0,0.0,,0.0,0.0,0.0,,0.0,0.0,-0.4172,0.015
0.1%,b:consistent,0.25,0.05,10.0,2328.0,0.0,0.686,0.0,,,0.0,0.0,0.0,0.4245,0.0,,,0.0,0.0,,0.0,0.0,0.0,,0.0,0.0,-0.4172,0.015
0.1%,b:consistent,0.25,0.05,20.0,2328.0,0.0,0.686,0.0,,,0.0,0.0,0.0,0.4245,0.0,,,0.0,0.0,,0.0,0.0,0.0,,0.0,0.0,-0.4172,0.015
0.1%,b:consistent,0.25,0.05,40.0,2328.0,0.0,0.686,0.0,,,0.0,0.0,0.0,0.4245,0.0,,,0.0,0.0,,0.0,0.0,0.0,,0.0,0.0,-0.4172,0.015
0.1%,b:consistent,0.25,0.1,5.0,2328.0,0.0,0.686,0.0,,,0.0,0.0,0.0,0.4245,0.0,,,0.0,0.0,,0.0,0.0,0.0,,0.0,0.0,-0.4172,0.015
0.1%,b:consistent,0.25,0.1,10.0,2328.0,0.0,0.686,0.0,,,0.0,0.0,0.0,0.4245,0.0,,,0.0,0.0,,0.0,0.0,0.0,,0.0,0.0,-0.4172,0.015
0.1%,b:consistent,0.25,0.1,20.0,2328.0,0.0,0.686,0.0,,,0.0,0.0,0.0,0.4245,0.0,,,0.0,0.0,,0.0,0.0,0.0,,0.0,0.0,-0.4172,0.015
0.1%,b:consistent,0.25,0.1,40.0,2328.0,0.0,0.686,0.0,,,0.0,0.0,0.0,0.4245,0.0,,,0.0,0.0,,0.0,0.0,0.0,,0.0,0.0,-0.4172,0.015
0.1%,b:top128,0.25,0.05,5.0,2328.0,31891.0,0.686,0.6849,0.0001,0.0,0.0,0.0,0.3162,0.4245,0.7449,0.8618,0.8959,0.0255,0.3399,0.0147,23.0463,25.0,3.5835,0.1555,0.3162,0.0119,-0.1009,0.0049
0.1%,b:top128,0.25,0.05,10.0,2328.0,31940.0,0.686,0.686,0.0,0.0,0.0,0.0,0.3757,0.4245,0.8851,0.9864,0.9912,0.0016,0.0259,0.0007,37.2029,39.0,4.2614,0.1145,0.3757,0.0138,-0.0414,0.0027
0.1%,b:top128,0.25,0.05,20.0,2328.0,31940.0,0.686,0.686,0.0,0.0,0.0,0.0,0.4052,0.4245,0.9545,0.9995,1.0,0.0,0.0001,0.0,56.9674,60.0,4.6284,0.0812,0.4052,0.0149,-0.0119,0.0013
0.1%,b:top128,0.25,0.05,40.0,2328.0,31940.0,0.686,0.686,0.0,0.0,0.0,0.0,0.4069,0.4245,0.9585,1.0,1.0,0.0,0.0,0.0,81.9686,84.0,4.6499,0.0567,0.4069,0.015,-0.0102,0.0014
0.1%,b:top128,0.25,0.1,5.0,2328.0,31896.0,0.686,0.6851,0.0004,0.0001,0.0003,0.0001,0.3242,0.4245,0.7636,0.812,0.8538,0.0362,0.4735,0.0207,22.9268,25.0,3.6806,0.1605,0.3242,0.0123,-0.093,0.0046
0.1%,b:top128,0.25,0.1,10.0,2328.0,31939.0,0.686,0.686,0.0001,0.0,0.0,0.0,0.3762,0.4245,0.8861,0.9801,0.9849,0.0027,0.0424,0.0011,37.189,39.0,4.2675,0.1148,0.3762,0.0138,-0.041,0.0027
0.1%,b:top128,0.25,0.1,20.0,2328.0,31940.0,0.686,0.686,0.0,0.0,0.0,0.0,0.405,0.4245,0.9541,0.9985,0.9999,0.0,0.0003,0.0,56.9464,60.0,4.6264,0.0812,0.405,0.0149,-0.0121,0.0013
0.1%,b:top128,0.25,0.1,40.0,2328.0,31940.0,0.686,0.686,0.0,0.0,0.0,0.0,0.4069,0.4245,0.9586,1.0,1.0,0.0,0.0,0.0,81.9746,84.0,4.6503,0.0567,0.4069,0.015,-0.0102,0.0014
0.1%,b:top128/3,0.25,0.05,5.0,2328.0,349.0,0.686,0.0075,0.0372,0.0104,0.0003,0.0001,0.0069,0.4245,0.0161,0.0,0.2565,0.0035,0.0511,0.0034,14.9984,15.0,0.0971,0.0065,0.0069,0.001,-0.4103,0.0147
0.1%,b:top128/3,0.25,0.05,10.0,2328.0,456.0,0.686,0.0098,0.0022,0.0022,0.0,0.0,0.0091,0.4245,0.0215,0.0,0.5506,0.0026,0.0404,0.0013,29.9996,30.0,0.1371,0.0046,0.0091,0.0018,-0.408,0.0146
0.1%,b:top128/3,0.25,0.05,20.0,2328.0,15003.0,0.686,0.3222,0.0,0.0,0.0,0.0,0.2713,0.4245,0.6391,0.9971,0.9999,0.0,0.0005,0.0,56.9138,60.0,3.2754,0.0575,0.2713,0.0156,-0.1459,0.0085
0.1%,b:top128/3,0.25,0.05,40.0,2328.0,15860.0,0.686,0.3406,0.0,0.0,0.0,0.0,0.2868,0.4245,0.6756,1.0,1.0,0.0,0.0,0.0,81.9735,84.0,3.4609,0.0422,0.2868,0.0164,-0.1304,0.0088
0.1%,b:top128/3,0.25,0.1,5.0,2328.0,639.0,0.686,0.0137,0.0657,0.0106,0.0009,0.0001,0.0124,0.4245,0.0291,0.0,0.2523,0.0066,0.0923,0.0062,14.9956,15.0,0.1702,0.0114,0.0124,0.0014,-0.4048,0.0144
0.1%,b:top128/3,0.25,0.1,10.0,2328.0,919.0,0.686,0.0197,0.0087,0.0031,0.0002,0.0001,0.0182,0.4245,0.0429,0.0,0.5392,0.0055,0.0826,0.0028,29.9972,30.0,0.2635,0.0088,0.0182,0.0027,-0.3989,0.0142
0.1%,b:top128/3,0.25,0.1,20.0,2328.0,15049.0,0.686,0.3232,0.0,0.0,0.0,0.0,0.2723,0.4245,0.6414,0.9945,0.9996,0.0001,0.0009,0.0,56.9092,60.0,3.2897,0.0578,0.2723,0.0156,-0.1449,0.0085
0.1%,b:top128/3,0.25,0.1,40.0,2328.0,15860.0,0.686,0.3406,0.0,0.0,0.0,0.0,0.2868,0.4245,0.6757,1.0,1.0,0.0,0.0,0.0,81.9693,84.0,3.4615,0.0422,0.2868,0.0164,-0.1303,0.0088
0.1%,c:union,0.25,0.05,5.0,2328.0,0.0,0.686,0.0,,,0.0,0.0,0.0,0.4245,0.0,,,0.0,0.0,0.0,5.0,5.0,0.0,0.0,0.0,0.0,-0.4172,0.015
0.1%,c:union,0.25,0.05,10.0,2328.0,0.0,0.686,0.0,,,0.0,0.0,0.0,0.4245,0.0,,,0.0,0.0,0.0,10.0,10.0,0.0,0.0,0.0,0.0,-0.4172,0.015
0.1%,c:union,0.25,0.05,20.0,2328.0,31900.0,0.686,0.6851,0.0,0.0,0.0,0.0,0.3733,0.4245,0.8794,0.3395,0.6408,0.0507,0.6249,0.0312,20.0,20.0,4.2552,0.2128,0.3733,0.0143,-0.0438,0.0032
0.1%,c:union,0.25,0.05,40.0,2328.0,31940.0,0.686,0.686,0.0,0.0,0.0,0.0,0.3943,0.4245,0.9289,0.6053,0.8409,0.0089,0.1177,0.0029,40.0,40.0,4.5019,0.1125,0.3943,0.0146,-0.0228,0.0022
0.1%,c:union,0.25,0.1,5.0,2328.0,0.0,0.686,0.0,,,0.0,0.0,0.0,0.4245,0.0,,,0.0,0.0,0.0,5.0,5.0,0.0,0.0,0.0,0.0,-0.4172,0.015
0.1%,c:union,0.25,0.1,10.0,2328.0,0.0,0.686,0.0,,,0.0,0.0,0.0,0.4245,0.0,,,0.0,0.0,0.0,10.0,10.0,0.0,0.0,0.0,0.0,-0.4172,0.015
0.1%,c:union,0.25,0.1,20.0,2328.0,31900.0,0.686,0.6851,0.0,0.0,0.0,0.0,0.3735,0.4245,0.8797,0.3395,0.6404,0.0507,0.6253,0.0313,20.0,20.0,4.2567,0.2128,0.3735,0.0143,-0.0437,0.0032
0.1%,c:union,0.25,0.1,40.0,2328.0,31940.0,0.686,0.686,0.0,0.0,0.0,0.0,0.3944,0.4245,0.9289,0.6052,0.8407,0.0089,0.1178,0.0029,40.0,40.0,4.5021,0.1126,0.3944,0.0147,-0.0228,0.0022
0.1%,c:seq,0.25,0.05,5.0,2328.0,0.0,0.686,0.0,,,0.0,0.0,0.0,0.4245,0.0,,,0.0,0.0,0.0,5.0,5.0,0.0,0.0,0.0,0.0,-0.4172,0.015
0.1%,c:seq,0.25,0.05,10.0,2328.0,0.0,0.686,0.0,,,0.0,0.0,0.0,0.4245,0.0,,,0.0,0.0,0.0,10.0,10.0,0.0,0.0,0.0,0.0,-0.4172,0.015
0.1%,c:seq,0.25,0.05,20.0,2328.0,31660.0,0.686,0.68,0.0,0.0,0.0,0.0,0.373,0.4245,0.8788,0.3297,0.6381,0.051,0.6284,0.0314,20.0,20.0,4.2543,0.2127,0.373,0.0143,-0.0441,0.0031
0.1%,c:seq,0.25,0.05,40.0,2328.0,31660.0,0.686,0.68,0.0,0.0,0.0,0.0,0.3914,0.4245,0.9221,0.6021,0.8396,0.0089,0.1167,0.0029,40.0,40.0,4.4717,0.1118,0.3914,0.0147,-0.0257,0.0024
0.1%,c:seq,0.25,0.1,5.0,2328.0,0.0,0.686,0.0,,,0.0,0.0,0.0,0.4245,0.0,,,0.0,0.0,0.0,5.0,5.0,0.0,0.0,0.0,0.0,-0.4172,0.015
0.1%,c:seq,0.25,0.1,10.0,2328.0,17979.0,0.686,0.3861,0.0,0.0,0.0,0.0,0.1258,0.4245,0.2963,0.0,0.5,0.0578,0.6658,0.0666,10.0,10.0,1.4381,0.1438,0.1258,0.0062,-0.2914,0.0104
0.1%,c:seq,0.25,0.1,20.0,2328.0,31660.0,0.686,0.68,0.0,0.0,0.0,0.0,0.3741,0.4245,0.8813,0.33,0.6276,0.0514,0.636,0.0318,20.0,20.0,4.2691,0.2135,0.3741,0.0143,-0.043,0.0031
0.1%,c:seq,0.25,0.1,40.0,2328.0,31660.0,0.686,0.68,0.0,0.0,0.0,0.0,0.393,0.4245,0.9258,0.5922,0.8368,0.0093,0.1224,0.0031,40.0,40.0,4.4918,0.1123,0.393,0.0148,-0.0241,0.0023
0.1%,shipped,0.5,,0.0,2328.0,0.0,0.643,0.0,,,0.0,0.0,0.0,0.3577,0.0,,,0.0,0.0,,0.0,0.0,0.0,,0.0,0.0,-0.3576,0.0146
0.1%,consistent,0.5,,0.0,2328.0,0.0,0.643,0.0,,,0.0,0.0,0.0,0.3577,0.0,,,0.0,0.0,,0.0,0.0,0.0,,0.0,0.0,-0.3576,0.0146
0.1%,census:16,0.5,,0.0,2328.0,1497.0,0.643,0.643,0.0,0.0,0.0,0.0,0.3481,0.3577,0.9732,1.0,1.0,0.0,0.0,0.0,16.0,16.0,3.9751,0.2484,0.3481,0.0141,-0.0095,0.0012
0.1%,census:32,0.5,,0.0,2328.0,1497.0,0.643,0.643,0.0,0.0,0.0,0.0,0.3576,0.3577,0.9999,1.0,1.0,0.0,0.0,0.0,32.0,32.0,4.1048,0.1283,0.3576,0.0146,0.0,0.0
0.1%,a:consistent,0.5,0.05,5.0,2328.0,0.0,0.643,0.0,,,0.0,0.0,0.0,0.3577,0.0,,,0.0,0.0,,0.0,0.0,0.0,,0.0,0.0,-0.3576,0.0146
0.1%,a:consistent,0.5,0.05,10.0,2328.0,0.0,0.643,0.0,,,0.0,0.0,0.0,0.3577,0.0,,,0.0,0.0,,0.0,0.0,0.0,,0.0,0.0,-0.3576,0.0146
0.1%,a:consistent,0.5,0.05,20.0,2328.0,0.0,0.643,0.0,,,0.0,0.0,0.0,0.3577,0.0,,,0.0,0.0,,0.0,0.0,0.0,,0.0,0.0,-0.3576,0.0146
0.1%,a:consistent,0.5,0.05,40.0,2328.0,0.0,0.643,0.0,,,0.0,0.0,0.0,0.3577,0.0,,,0.0,0.0,,0.0,0.0,0.0,,0.0,0.0,-0.3576,0.0146
0.1%,a:consistent,0.5,0.1,5.0,2328.0,0.0,0.643,0.0,,,0.0,0.0,0.0,0.3577,0.0,,,0.0,0.0,,0.0,0.0,0.0,,0.0,0.0,-0.3576,0.0146
0.1%,a:consistent,0.5,0.1,10.0,2328.0,0.0,0.643,0.0,,,0.0,0.0,0.0,0.3577,0.0,,,0.0,0.0,,0.0,0.0,0.0,,0.0,0.0,-0.3576,0.0146
0.1%,a:consistent,0.5,0.1,20.0,2328.0,0.0,0.643,0.0,,,0.0,0.0,0.0,0.3577,0.0,,,0.0,0.0,,0.0,0.0,0.0,,0.0,0.0,-0.3576,0.0146
0.1%,a:consistent,0.5,0.1,40.0,2328.0,0.0,0.643,0.0,,,0.0,0.0,0.0,0.3577,0.0,,,0.0,0.0,,0.0,0.0,0.0,,0.0,0.0,-0.3576,0.0146
0.1%,a:top16,0.5,0.05,5.0,2328.0,1010.0,0.643,0.0217,0.0149,0.0042,0.0003,0.0001,0.0185,0.3577,0.0517,0.0,0.3125,0.0104,0.1438,0.0288,5.0,5.0,0.2523,0.0505,0.0185,0.0023,-0.3392,0.0135
0.1%,a:top16,0.5,0.05,10.0,2328.0,621.0,0.643,0.0133,0.0,0.0,0.0,0.0,0.0117,0.3577,0.0328,0.0,0.625,0.0034,0.0512,0.0051,10.0,10.0,0.1735,0.0174,0.0117,0.0025,-0.3459,0.014
0.1%,a:top16,0.5,0.05,20.0,2328.0,12540.0,0.643,0.2693,0.0,0.0,0.0,0.0,0.2168,0.3577,0.6063,1.0,1.0,0.0,0.0,0.0,16.0,16.0,2.6173,0.1636,0.2168,0.0146,-0.1408,0.0082
0.1%,a:top16,0.5,0.05,40.0,2328.0,12540.0,0.643,0.2693,0.0,0.0,0.0,0.0,0.2168,0.3577,0.6063,1.0,1.0,0.0,0.0,0.0,16.0,16.0,2.6173,0.1636,0.2168,0.0146,-0.1408,0.0082
0.1%,a:top16,0.5,0.1,5.0,2328.0,995.0,0.643,0.0214,0.0211,0.0061,0.0005,0.0001,0.0182,0.3577,0.0509,0.0,0.3125,0.0101,0.1389,0.0278,5.0,5.0,0.2458,0.0492,0.0182,0.0022,-0.3394,0.0135
0.1%,a:top16,0.5,0.1,10.0,2328.0,1986.0,0.643,0.0427,0.0,0.0,0.0,0.0,0.0373,0.3577,0.1043,0.0,0.625,0.0112,0.1577,0.0158,10.0,10.0,0.515,0.0515,0.0373,0.0053,-0.3203,0.013
0.1%,a:top16,0.5,0.1,20.0,2328.0,12540.0,0.643,0.2693,0.0,0.0,0.0,0.0,0.2168,0.3577,0.6063,1.0,1.0,0.0,0.0,0.0,16.0,16.0,2.6173,0.1636,0.2168,0.0146,-0.1408,0.0082
0.1%,a:top16,0.5,0.1,40.0,2328.0,12540.0,0.643,0.2693,0.0,0.0,0.0,0.0,0.2168,0.3577,0.6063,1.0,1.0,0.0,0.0,0.0,16.0,16.0,2.6173,0.1636,0.2168,0.0146,-0.1408,0.0082
0.1%,a:top32,0.5,0.05,5.0,2328.0,42.0,0.643,0.0009,0.881,0.077,0.0008,0.0002,0.0008,0.3577,0.0023,0.0,0.1562,0.0005,0.007,0.0014,5.0,5.0,0.0115,0.0023,0.0008,0.0002,-0.3568,0.0145
0.1%,a:top32,0.5,0.05,10.0,2328.0,2.0,0.643,0.0,0.5,0.3538,0.0,0.0,0.0,0.3577,0.0001,0.0,0.3125,0.0,0.0003,0.0,10.0,10.0,0.0007,0.0001,0.0,0.0,-0.3576,0.0146
0.1%,a:top32,0.5,0.05,20.0,2328.0,0.0,0.643,0.0,,,0.0,0.0,0.0,0.3577,0.0,,,0.0,0.0,0.0,20.0,20.0,0.0,0.0,0.0,0.0,-0.3576,0.0146
0.1%,a:top32,0.5,0.05,40.0,2328.0,140.0,0.643,0.003,0.0,0.0,0.0,0.0,0.0029,0.3577,0.008,1.0,1.0,0.0,0.0,0.0,32.0,32.0,0.052,0.0016,0.0029,0.002,-0.3548,0.0145
0.1%,a:top32,0.5,0.1,5.0,2328.0,47.0,0.643,0.001,0.8511,0.0935,0.0009,0.0002,0.0009,0.3577,0.0026,0.0,0.1562,0.0006,0.0081,0.0016,5.0,5.0,0.0131,0.0026,0.0009,0.0002,-0.3567,0.0145
0.1%,a:top32,0.5,0.1,10.0,2328.0,32.0,0.643,0.0007,0.6875,0.2038,0.0005,0.0001,0.0006,0.3577,0.0018,0.0,0.3125,0.0003,0.0047,0.0005,10.0,10.0,0.0103,0.001,0.0006,0.0002,-0.357,0.0145
0.1%,a:top32,0.5,0.1,20.0,2328.0,8.0,0.643,0.0002,0.0,0.0,0.0,0.0,0.0002,0.3577,0.0005,0.0,0.625,0.0,0.0008,0.0,20.0,20.0,0.0032,0.0002,0.0002,0.0002,-0.3575,0.0146
0.1%,a:top32,0.5,0.1,40.0,2328.0,140.0,0.643,0.003,0.0,0.0,0.0,0.0,0.0029,0.3577,0.008,1.0,1.0,0.0,0.0,0.0,32.0,32.0,0.052,0.0016,0.0029,0.002,-0.3548,0.0145
0.1%,a:top64,0.5,0.05,5.0,2328.0,0.0,0.643,0.0,,,0.0,0.0,0.0,0.3577,0.0,,,0.0,0.0,0.0,5.0,5.0,0.0,0.0,0.0,0.0,-0.3576,0.0146
0.1%,a:top64,0.5,0.05,10.0,2328.0,0.0,0.643,0.0,,,0.0,0.0,0.0,0.3577,0.0,,,0.0,0.0,0.0,10.0,10.0,0.0,0.0,0.0,0.0,-0.3576,0.0146
0.1%,a:top64,0.5,0.05,20.0,2328.0,0.0,0.643,0.0,,,0.0,0.0,0.0,0.3577,0.0,,,0.0,0.0,0.0,20.0,20.0,0.0,0.0,0.0,0.0,-0.3576,0.0146
0.1%,a:top64,0.5,0.05,40.0,2328.0,0.0,0.643,0.0,,,0.0,0.0,0.0,0.3577,0.0,,,0.0,0.0,0.0,40.0,40.0,0.0,0.0,0.0,0.0,-0.3576,0.0146
0.1%,a:top64,0.5,0.1,5.0,2328.0,2.0,0.643,0.0,1.0,0.0,0.0,0.0,0.0,0.3577,0.0001,0.0,0.0781,0.0,0.0004,0.0001,5.0,5.0,0.0006,0.0001,0.0,0.0,-0.3576,0.0146
0.1%,a:top64,0.5,0.1,10.0,2328.0,1.0,0.643,0.0,1.0,0.0,0.0,0.0,0.0,0.3577,0.0001,0.0,0.1562,0.0,0.0001,0.0,10.0,10.0,0.0003,0.0,0.0,0.0,-0.3576,0.0146
0.1%,a:top64,0.5,0.1,20.0,2328.0,0.0,0.643,0.0,,,0.0,0.0,0.0,0.3577,0.0,,,0.0,0.0,0.0,20.0,20.0,0.0,0.0,0.0,0.0,-0.3576,0.0146
0.1%,a:top64,0.5,0.1,40.0,2328.0,0.0,0.643,0.0,,,0.0,0.0,0.0,0.3577,0.0,,,0.0,0.0,0.0,40.0,40.0,0.0,0.0,0.0,0.0,-0.3576,0.0146
0.1%,b:consistent,0.5,0.05,5.0,2328.0,0.0,0.643,0.0,,,0.0,0.0,0.0,0.3577,0.0,,,0.0,0.0,,0.0,0.0,0.0,,0.0,0.0,-0.3576,0.0146
0.1%,b:consistent,0.5,0.05,10.0,2328.0,0.0,0.643,0.0,,,0.0,0.0,0.0,0.3577,0.0,,,0.0,0.0,,0.0,0.0,0.0,,0.0,0.0,-0.3576,0.0146
0.1%,b:consistent,0.5,0.05,20.0,2328.0,0.0,0.643,0.0,,,0.0,0.0,0.0,0.3577,0.0,,,0.0,0.0,,0.0,0.0,0.0,,0.0,0.0,-0.3576,0.0146
0.1%,b:consistent,0.5,0.05,40.0,2328.0,0.0,0.643,0.0,,,0.0,0.0,0.0,0.3577,0.0,,,0.0,0.0,,0.0,0.0,0.0,,0.0,0.0,-0.3576,0.0146
0.1%,b:consistent,0.5,0.1,5.0,2328.0,0.0,0.643,0.0,,,0.0,0.0,0.0,0.3577,0.0,,,0.0,0.0,,0.0,0.0,0.0,,0.0,0.0,-0.3576,0.0146
0.1%,b:consistent,0.5,0.1,10.0,2328.0,0.0,0.643,0.0,,,0.0,0.0,0.0,0.3577,0.0,,,0.0,0.0,,0.0,0.0,0.0,,0.0,0.0,-0.3576,0.0146
0.1%,b:consistent,0.5,0.1,20.0,2328.0,0.0,0.643,0.0,,,0.0,0.0,0.0,0.3577,0.0,,,0.0,0.0,,0.0,0.0,0.0,,0.0,0.0,-0.3576,0.0146
0.1%,b:consistent,0.5,0.1,40.0,2328.0,0.0,0.643,0.0,,,0.0,0.0,0.0,0.3577,0.0,,,0.0,0.0,,0.0,0.0,0.0,,0.0,0.0,-0.3576,0.0146
0.1%,b:top128,0.5,0.05,5.0,2328.0,25714.0,0.643,0.5523,0.0,0.0,0.0,0.0,0.2684,0.3577,0.7503,0.9844,0.9919,0.0014,0.0216,0.0009,23.2872,25.0,3.0407,0.1306,0.2684,0.0112,-0.0893,0.0046
0.1%,b:top128,0.5,0.05,10.0,2328.0,25720.0,0.643,0.5524,0.0,0.0,0.0,0.0,0.3233,0.3577,0.904,0.9995,0.9999,0.0,0.0002,0.0,37.2287,39.0,3.7209,0.0999,0.3233,0.0141,-0.0343,0.0019
0.1%,b:top128,0.5,0.05,20.0,2328.0,25720.0,0.643,0.5524,0.0,0.0,0.0,0.0,0.3252,0.3577,0.9092,1.0,1.0,0.0,0.0,0.0,56.9456,60.0,3.7464,0.0658,0.3252,0.0142,-0.0324,0.0019
0.1%,b:top128,0.5,0.05,40.0,2328.0,25720.0,0.643,0.5524,0.0,0.0,0.0,0.0,0.3252,0.3577,0.9093,1.0,1.0,0.0,0.0,0.0,81.9602,84.0,3.747,0.0457,0.3252,0.0142,-0.0324,0.0019
0.1%,b:top128,0.5,0.1,5.0,2328.0,25718.0,0.643,0.5524,0.0,0.0,0.0,0.0,0.2698,0.3577,0.7545,0.9773,0.9867,0.0024,0.0358,0.0015,23.2661,25.0,3.0609,0.1316,0.2698,0.0113,-0.0878,0.0045
0.1%,b:top128,0.5,0.1,10.0,2328.0,25720.0,0.643,0.5524,0.0,0.0,0.0,0.0,0.3234,0.3577,0.9042,0.9996,1.0,0.0,0.0002,0.0,37.2475,39.0,3.7219,0.0999,0.3234,0.0141,-0.0342,0.0019
0.1%,b:top128,0.5,0.1,20.0,2328.0,25720.0,0.643,0.5524,0.0,0.0,0.0,0.0,0.3252,0.3577,0.9093,1.0,1.0,0.0,0.0,0.0,56.9504,60.0,3.7466,0.0658,0.3252,0.0142,-0.0324,0.0019
0.1%,b:top128,0.5,0.1,40.0,2328.0,25720.0,0.643,0.5524,0.0,0.0,0.0,0.0,0.3252,0.3577,0.9093,1.0,1.0,0.0,0.0,0.0,81.9621,84.0,3.747,0.0457,0.3252,0.0142,-0.0324,0.0019
0.1%,b:top128/3,0.5,0.05,5.0,2328.0,2.0,0.643,0.0,1.0,0.0,0.0,0.0,0.0,0.3577,0.0001,0.0,0.2188,0.0,0.0003,0.0,15.0,15.0,0.0006,0.0,0.0,0.0,-0.3576,0.0146
0.1%,b:top128/3,0.5,0.05,10.0,2328.0,0.0,0.643,0.0,,,0.0,0.0,0.0,0.3577,0.0,,,0.0,0.0,0.0,30.0,30.0,0.0,0.0,0.0,0.0,-0.3576,0.0146
0.1%,b:top128/3,0.5,0.05,20.0,2328.0,138.0,0.643,0.003,0.0,0.0,0.0,0.0,0.0028,0.3577,0.0079,1.0,1.0,0.0,0.0,0.0,56.9064,60.0,0.0512,0.0009,0.0028,0.002,-0.3548,0.0145
0.1%,b:top128/3,0.5,0.05,40.0,2328.0,140.0,0.643,0.003,0.0,0.0,0.0,0.0,0.0029,0.3577,0.008,1.0,1.0,0.0,0.0,0.0,81.9652,84.0,0.052,0.0006,0.0029,0.002,-0.3548,0.0145
0.1%,b:top128/3,0.5,0.1,5.0,2328.0,2.0,0.643,0.0,0.5,0.3538,0.0,0.0,0.0,0.3577,0.0001,0.0,0.3125,0.0,0.0002,0.0,15.0,15.0,0.0006,0.0,0.0,0.0,-0.3576,0.0146
0.1%,b:top128/3,0.5,0.1,10.0,2328.0,1.0,0.643,0.0,0.0,0.0,0.0,0.0,0.0,0.3577,0.0001,0.0,0.5938,0.0,0.0001,0.0,30.0,30.0,0.0004,0.0,0.0,0.0,-0.3576,0.0146
0.1%,b:top128/3,0.5,0.1,20.0,2328.0,130.0,0.643,0.0028,0.0,0.0,0.0,0.0,0.0026,0.3577,0.0074,1.0,1.0,0.0,0.0,0.0,56.92,60.0,0.0484,0.0009,0.0026,0.0019,-0.355,0.0145
0.1%,b:top128/3,0.5,0.1,40.0,2328.0,140.0,0.643,0.003,0.0,0.0,0.0,0.0,0.0029,0.3577,0.008,1.0,1.0,0.0,0.0,0.0,81.9754,84.0,0.052,0.0006,0.0029,0.002,-0.3548,0.0145
0.1%,c:union,0.5,0.05,5.0,2328.0,0.0,0.643,0.0,,,0.0,0.0,0.0,0.3577,0.0,,,0.0,0.0,0.0,5.0,5.0,0.0,0.0,0.0,0.0,-0.3576,0.0146
0.1%,c:union,0.5,0.05,10.0,2328.0,0.0,0.643,0.0,,,0.0,0.0,0.0,0.3577,0.0,,,0.0,0.0,0.0,10.0,10.0,0.0,0.0,0.0,0.0,-0.3576,0.0146
0.1%,c:union,0.5,0.05,20.0,2328.0,25720.0,0.643,0.5524,0.0,0.0,0.0,0.0,0.2948,0.3577,0.8243,0.7783,0.8775,0.0156,0.2067,0.0103,20.0,20.0,3.381,0.169,0.2948,0.0128,-0.0628,0.0036
0.1%,c:union,0.5,0.05,40.0,2328.0,25720.0,0.643,0.5524,0.0,0.0,0.0,0.0,0.3249,0.3577,0.9082,0.9994,0.9996,0.0,0.0,0.0,40.0,40.0,3.7398,0.0935,0.3249,0.0141,-0.0328,0.0019
0.1%,c:union,0.5,0.1,5.0,2328.0,0.0,0.643,0.0,,,0.0,0.0,0.0,0.3577,0.0,,,0.0,0.0,0.0,5.0,5.0,0.0,0.0,0.0,0.0,-0.3576,0.0146
0.1%,c:union,0.5,0.1,10.0,2328.0,0.0,0.643,0.0,,,0.0,0.0,0.0,0.3577,0.0,,,0.0,0.0,0.0,10.0,10.0,0.0,0.0,0.0,0.0,-0.3576,0.0146
0.1%,c:union,0.5,0.1,20.0,2328.0,25720.0,0.643,0.5524,0.0,0.0,0.0,0.0,0.2951,0.3577,0.8252,0.7766,0.8768,0.0158,0.2096,0.0105,20.0,20.0,3.3855,0.1693,0.2951,0.0129,-0.0625,0.0036
0.1%,c:union,0.5,0.1,40.0,2328.0,25720.0,0.643,0.5524,0.0,0.0,0.0,0.0,0.3249,0.3577,0.9082,0.9995,0.9997,0.0,0.0001,0.0,40.0,40.0,3.7398,0.0935,0.3249,0.0141,-0.0328,0.0019
0.1%,c:seq,0.5,0.05,5.0,2328.0,0.0,0.643,0.0,,,0.0,0.0,0.0,0.3577,0.0,,,0.0,0.0,0.0,5.0,5.0,0.0,0.0,0.0,0.0,-0.3576,0.0146
0.1%,c:seq,0.5,0.05,10.0,2328.0,0.0,0.643,0.0,,,0.0,0.0,0.0,0.3577,0.0,,,0.0,0.0,0.0,10.0,10.0,0.0,0.0,0.0,0.0,-0.3576,0.0146
0.1%,c:seq,0.5,0.05,20.0,2328.0,25620.0,0.643,0.5503,0.0,0.0,0.0,0.0,0.2984,0.3577,0.8342,0.7488,0.8647,0.0174,0.2301,0.0115,20.0,20.0,3.4275,0.1714,0.2984,0.013,-0.0592,0.0033
0.1%,c:seq,0.5,0.05,40.0,2328.0,25620.0,0.643,0.5503,0.0,0.0,0.0,0.0,0.324,0.3577,0.9058,0.9997,0.9998,0.0,0.0001,0.0,40.0,40.0,3.729,0.0932,0.324,0.0141,-0.0337,0.002
0.1%,c:seq,0.5,0.1,5.0,2328.0,0.0,0.643,0.0,,,0.0,0.0,0.0,0.3577,0.0,,,0.0,0.0,0.0,5.0,5.0,0.0,0.0,0.0,0.0,-0.3576,0.0146
0.1%,c:seq,0.5,0.1,10.0,2328.0,0.0,0.643,0.0,,,0.0,0.0,0.0,0.3577,0.0,,,0.0,0.0,0.0,10.0,10.0,0.0,0.0,0.0,0.0,-0.3576,0.0146
0.1%,c:seq,0.5,0.1,20.0,2328.0,25620.0,0.643,0.5503,0.0,0.0,0.0,0.0,0.2986,0.3577,0.8347,0.7485,0.8646,0.0175,0.2313,0.0116,20.0,20.0,3.4299,0.1715,0.2986,0.013,-0.0591,0.0032
0.1%,c:seq,0.5,0.1,40.0,2328.0,25620.0,0.643,0.5503,0.0,0.0,0.0,0.0,0.3241,0.3577,0.9061,0.9982,0.9987,0.0,0.0009,0.0,40.0,40.0,3.7317,0.0933,0.3241,0.0142,-0.0335,0.002
0.1%,shipped,0.75,,0.0,2328.0,0.0,0.5816,0.0,,,0.0,0.0,0.0,0.2923,0.0,,,0.0,0.0,,0.0,0.0,0.0,,0.0,0.0,-0.2923,0.0136
0.1%,consistent,0.75,,0.0,2328.0,0.0,0.5816,0.0,,,0.0,0.0,0.0,0.2923,0.0,,,0.0,0.0,,0.0,0.0,0.0,,0.0,0.0,-0.2923,0.0136
0.1%,census:16,0.75,,0.0,2328.0,1354.0,0.5816,0.5816,0.0,0.0,0.0,0.0,0.2912,0.2923,0.9963,1.0,1.0,0.0,0.0,0.0,16.0,16.0,3.36,0.21,0.2912,0.0135,-0.0011,0.0004
0.1%,census:32,0.75,,0.0,2328.0,1354.0,0.5816,0.5816,0.0,0.0,0.0,0.0,0.2923,0.2923,1.0,1.0,1.0,0.0,0.0,0.0,32.0,32.0,3.3771,0.1055,0.2923,0.0136,0.0,0.0
0.1%,a:consistent,0.75,0.05,5.0,2328.0,0.0,0.5816,0.0,,,0.0,0.0,0.0,0.2923,0.0,,,0.0,0.0,,0.0,0.0,0.0,,0.0,0.0,-0.2923,0.0136
0.1%,a:consistent,0.75,0.05,10.0,2328.0,0.0,0.5816,0.0,,,0.0,0.0,0.0,0.2923,0.0,,,0.0,0.0,,0.0,0.0,0.0,,0.0,0.0,-0.2923,0.0136
0.1%,a:consistent,0.75,0.05,20.0,2328.0,0.0,0.5816,0.0,,,0.0,0.0,0.0,0.2923,0.0,,,0.0,0.0,,0.0,0.0,0.0,,0.0,0.0,-0.2923,0.0136
0.1%,a:consistent,0.75,0.05,40.0,2328.0,0.0,0.5816,0.0,,,0.0,0.0,0.0,0.2923,0.0,,,0.0,0.0,,0.0,0.0,0.0,,0.0,0.0,-0.2923,0.0136
0.1%,a:consistent,0.75,0.1,5.0,2328.0,0.0,0.5816,0.0,,,0.0,0.0,0.0,0.2923,0.0,,,0.0,0.0,,0.0,0.0,0.0,,0.0,0.0,-0.2923,0.0136
0.1%,a:consistent,0.75,0.1,10.0,2328.0,0.0,0.5816,0.0,,,0.0,0.0,0.0,0.2923,0.0,,,0.0,0.0,,0.0,0.0,0.0,,0.0,0.0,-0.2923,0.0136
0.1%,a:consistent,0.75,0.1,20.0,2328.0,0.0,0.5816,0.0,,,0.0,0.0,0.0,0.2923,0.0,,,0.0,0.0,,0.0,0.0,0.0,,0.0,0.0,-0.2923,0.0136
0.1%,a:consistent,0.75,0.1,40.0,2328.0,0.0,0.5816,0.0,,,0.0,0.0,0.0,0.2923,0.0,,,0.0,0.0,,0.0,0.0,0.0,,0.0,0.0,-0.2923,0.0136
0.1%,a:top16,0.75,0.05,5.0,2328.0,0.0,0.5816,0.0,,,0.0,0.0,0.0,0.2923,0.0,,,0.0,0.0,0.0,5.0,5.0,0.0,0.0,0.0,0.0,-0.2923,0.0136
0.1%,a:top16,0.75,0.05,10.0,2328.0,0.0,0.5816,0.0,,,0.0,0.0,0.0,0.2923,0.0,,,0.0,0.0,0.0,10.0,10.0,0.0,0.0,0.0,0.0,-0.2923,0.0136
0.1%,a:top16,0.75,0.05,20.0,2328.0,1940.0,0.5816,0.0417,0.0,0.0,0.0,0.0,0.0373,0.2923,0.1276,1.0,1.0,0.0,0.0,0.0,16.0,16.0,0.5288,0.033,0.0373,0.0072,-0.255,0.0125
0.1%,a:top16,0.75,0.05,40.0,2328.0,1940.0,0.5816,0.0417,0.0,0.0,0.0,0.0,0.0373,0.2923,0.1276,1.0,1.0,0.0,0.0,0.0,16.0,16.0,0.5288,0.033,0.0373,0.0072,-0.255,0.0125
0.1%,a:top16,0.75,0.1,5.0,2328.0,0.0,0.5816,0.0,,,0.0,0.0,0.0,0.2923,0.0,,,0.0,0.0,0.0,5.0,5.0,0.0,0.0,0.0,0.0,-0.2923,0.0136
0.1%,a:top16,0.75,0.1,10.0,2328.0,80.0,0.5816,0.0017,0.05,0.0346,0.0001,0.0001,0.0015,0.2923,0.005,0.0,0.625,0.0004,0.0065,0.0007,10.0,10.0,0.0237,0.0024,0.0015,0.0005,-0.2908,0.0135
0.1%,a:top16,0.75,0.1,20.0,2328.0,1940.0,0.5816,0.0417,0.0,0.0,0.0,0.0,0.0373,0.2923,0.1276,1.0,1.0,0.0,0.0,0.0,16.0,16.0,0.5288,0.033,0.0373,0.0072,-0.255,0.0125
0.1%,a:top16,0.75,0.1,40.0,2328.0,1940.0,0.5816,0.0417,0.0,0.0,0.0,0.0,0.0373,0.2923,0.1276,1.0,1.0,0.0,0.0,0.0,16.0,16.0,0.5288,0.033,0.0373,0.0072,-0.255,0.0125
0.1%,a:top32,0.75,0.05,5.0,2328.0,0.0,0.5816,0.0,,,0.0,0.0,0.0,0.2923,0.0,,,0.0,0.0,0.0,5.0,5.0,0.0,0.0,0.0,0.0,-0.2923,0.0136
0.1%,a:top32,0.75,0.05,10.0,2328.0,0.0,0.5816,0.0,,,0.0,0.0,0.0,0.2923,0.0,,,0.0,0.0,0.0,10.0,10.0,0.0,0.0,0.0,0.0,-0.2923,0.0136
0.1%,a:top32,0.75,0.05,20.0,2328.0,0.0,0.5816,0.0,,,0.0,0.0,0.0,0.2923,0.0,,,0.0,0.0,0.0,20.0,20.0,0.0,0.0,0.0,0.0,-0.2923,0.0136
0.1%,a:top32,0.75,0.05,40.0,2328.0,0.0,0.5816,0.0,,,0.0,0.0,0.0,0.2923,0.0,,,0.0,0.0,0.0,32.0,32.0,0.0,0.0,0.0,0.0,-0.2923,0.0136
0.1%,a:top32,0.75,0.1,5.0,2328.0,0.0,0.5816,0.0,,,0.0,0.0,0.0,0.2923,0.0,,,0.0,0.0,0.0,5.0,5.0,0.0,0.0,0.0,0.0,-0.2923,0.0136
0.1%,a:top32,0.75,0.1,10.0,2328.0,0.0,0.5816,0.0,,,0.0,0.0,0.0,0.2923,0.0,,,0.0,0.0,0.0,10.0,10.0,0.0,0.0,0.0,0.0,-0.2923,0.0136
0.1%,a:top32,0.75,0.1,20.0,2328.0,0.0,0.5816,0.0,,,0.0,0.0,0.0,0.2923,0.0,,,0.0,0.0,0.0,20.0,20.0,0.0,0.0,0.0,0.0,-0.2923,0.0136
0.1%,a:top32,0.75,0.1,40.0,2328.0,0.0,0.5816,0.0,,,0.0,0.0,0.0,0.2923,0.0,,,0.0,0.0,0.0,32.0,32.0,0.0,0.0,0.0,0.0,-0.2923,0.0136
0.1%,a:top64,0.75,0.05,5.0,2328.0,0.0,0.5816,0.0,,,0.0,0.0,0.0,0.2923,0.0,,,0.0,0.0,0.0,5.0,5.0,0.0,0.0,0.0,0.0,-0.2923,0.0136
0.1%,a:top64,0.75,0.05,10.0,2328.0,0.0,0.5816,0.0,,,0.0,0.0,0.0,0.2923,0.0,,,0.0,0.0,0.0,10.0,10.0,0.0,0.0,0.0,0.0,-0.2923,0.0136
0.1%,a:top64,0.75,0.05,20.0,2328.0,0.0,0.5816,0.0,,,0.0,0.0,0.0,0.2923,0.0,,,0.0,0.0,0.0,20.0,20.0,0.0,0.0,0.0,0.0,-0.2923,0.0136
0.1%,a:top64,0.75,0.05,40.0,2328.0,0.0,0.5816,0.0,,,0.0,0.0,0.0,0.2923,0.0,,,0.0,0.0,0.0,40.0,40.0,0.0,0.0,0.0,0.0,-0.2923,0.0136
0.1%,a:top64,0.75,0.1,5.0,2328.0,0.0,0.5816,0.0,,,0.0,0.0,0.0,0.2923,0.0,,,0.0,0.0,0.0,5.0,5.0,0.0,0.0,0.0,0.0,-0.2923,0.0136
0.1%,a:top64,0.75,0.1,10.0,2328.0,0.0,0.5816,0.0,,,0.0,0.0,0.0,0.2923,0.0,,,0.0,0.0,0.0,10.0,10.0,0.0,0.0,0.0,0.0,-0.2923,0.0136
0.1%,a:top64,0.75,0.1,20.0,2328.0,0.0,0.5816,0.0,,,0.0,0.0,0.0,0.2923,0.0,,,0.0,0.0,0.0,20.0,20.0,0.0,0.0,0.0,0.0,-0.2923,0.0136
0.1%,a:top64,0.75,0.1,40.0,2328.0,0.0,0.5816,0.0,,,0.0,0.0,0.0,0.2923,0.0,,,0.0,0.0,0.0,40.0,40.0,0.0,0.0,0.0,0.0,-0.2923,0.0136
0.1%,b:consistent,0.75,0.05,5.0,2328.0,0.0,0.5816,0.0,,,0.0,0.0,0.0,0.2923,0.0,,,0.0,0.0,,0.0,0.0,0.0,,0.0,0.0,-0.2923,0.0136
0.1%,b:consistent,0.75,0.05,10.0,2328.0,0.0,0.5816,0.0,,,0.0,0.0,0.0,0.2923,0.0,,,0.0,0.0,,0.0,0.0,0.0,,0.0,0.0,-0.2923,0.0136
0.1%,b:consistent,0.75,0.05,20.0,2328.0,0.0,0.5816,0.0,,,0.0,0.0,0.0,0.2923,0.0,,,0.0,0.0,,0.0,0.0,0.0,,0.0,0.0,-0.2923,0.0136
0.1%,b:consistent,0.75,0.05,40.0,2328.0,0.0,0.5816,0.0,,,0.0,0.0,0.0,0.2923,0.0,,,0.0,0.0,,0.0,0.0,0.0,,0.0,0.0,-0.2923,0.0136
0.1%,b:consistent,0.75,0.1,5.0,2328.0,0.0,0.5816,0.0,,,0.0,0.0,0.0,0.2923,0.0,,,0.0,0.0,,0.0,0.0,0.0,,0.0,0.0,-0.2923,0.0136
0.1%,b:consistent,0.75,0.1,10.0,2328.0,0.0,0.5816,0.0,,,0.0,0.0,0.0,0.2923,0.0,,,0.0,0.0,,0.0,0.0,0.0,,0.0,0.0,-0.2923,0.0136
0.1%,b:consistent,0.75,0.1,20.0,2328.0,0.0,0.5816,0.0,,,0.0,0.0,0.0,0.2923,0.0,,,0.0,0.0,,0.0,0.0,0.0,,0.0,0.0,-0.2923,0.0136
0.1%,b:consistent,0.75,0.1,40.0,2328.0,0.0,0.5816,0.0,,,0.0,0.0,0.0,0.2923,0.0,,,0.0,0.0,,0.0,0.0,0.0,,0.0,0.0,-0.2923,0.0136
0.1%,b:top128,0.75,0.05,5.0,2328.0,20398.0,0.5816,0.4381,0.0,0.0,0.0,0.0,0.2227,0.2923,0.7619,1.0,1.0,0.0,0.0,0.0,23.2892,25.0,2.5518,0.1096,0.2227,0.0111,-0.0696,0.004
0.1%,b:top128,0.75,0.05,10.0,2328.0,20400.0,0.5816,0.4381,0.0,0.0,0.0,0.0,0.2391,0.2923,0.8181,1.0,1.0,0.0,0.0,0.0,37.2467,39.0,2.7794,0.0746,0.2391,0.0122,-0.0532,0.0028
0.1%,b:top128,0.75,0.05,20.0,2328.0,20400.0,0.5816,0.4381,0.0,0.0,0.0,0.0,0.2395,0.2923,0.8194,1.0,1.0,0.0,0.0,0.0,56.9535,60.0,2.7848,0.0489,0.2395,0.0123,-0.0528,0.0028
0.1%,b:top128,0.75,0.05,40.0,2328.0,20400.0,0.5816,0.4381,0.0,0.0,0.0,0.0,0.2395,0.2923,0.8194,1.0,1.0,0.0,0.0,0.0,81.9619,84.0,2.7848,0.034,0.2395,0.0123,-0.0528,0.0028
0.1%,b:top128,0.75,0.1,5.0,2328.0,20399.0,0.5816,0.4381,0.0,0.0,0.0,0.0,0.2226,0.2923,0.7614,1.0,1.0,0.0,0.0,0.0,23.299,25.0,2.5498,0.1094,0.2226,0.0111,-0.0697,0.004
0.1%,b:top128,0.75,0.1,10.0,2328.0,20400.0,0.5816,0.4381,0.0,0.0,0.0,0.0,0.2391,0.2923,0.8181,1.0,1.0,0.0,0.0,0.0,37.2283,39.0,2.7796,0.0747,0.2391,0.0122,-0.0532,0.0028
0.1%,b:top128,0.75,0.1,20.0,2328.0,20400.0,0.5816,0.4381,0.0,0.0,0.0,0.0,0.2395,0.2923,0.8194,1.0,1.0,0.0,0.0,0.0,56.9441,60.0,2.7848,0.0489,0.2395,0.0123,-0.0528,0.0028
0.1%,b:top128,0.75,0.1,40.0,2328.0,20400.0,0.5816,0.4381,0.0,0.0,0.0,0.0,0.2395,0.2923,0.8194,1.0,1.0,0.0,0.0,0.0,81.9673,84.0,2.7848,0.034,0.2395,0.0123,-0.0528,0.0028
0.1%,b:top128/3,0.75,0.05,5.0,2328.0,0.0,0.5816,0.0,,,0.0,0.0,0.0,0.2923,0.0,,,0.0,0.0,0.0,15.0,15.0,0.0,0.0,0.0,0.0,-0.2923,0.0136
0.1%,b:top128/3,0.75,0.05,10.0,2328.0,0.0,0.5816,0.0,,,0.0,0.0,0.0,0.2923,0.0,,,0.0,0.0,0.0,30.0,30.0,0.0,0.0,0.0,0.0,-0.2923,0.0136
0.1%,b:top128/3,0.75,0.05,20.0,2328.0,0.0,0.5816,0.0,,,0.0,0.0,0.0,0.2923,0.0,,,0.0,0.0,0.0,56.9041,60.0,0.0,0.0,0.0,0.0,-0.2923,0.0136
0.1%,b:top128/3,0.75,0.05,40.0,2328.0,0.0,0.5816,0.0,,,0.0,0.0,0.0,0.2923,0.0,,,0.0,0.0,0.0,81.9636,84.0,0.0,0.0,0.0,0.0,-0.2923,0.0136
0.1%,b:top128/3,0.75,0.1,5.0,2328.0,0.0,0.5816,0.0,,,0.0,0.0,0.0,0.2923,0.0,,,0.0,0.0,0.0,15.0,15.0,0.0,0.0,0.0,0.0,-0.2923,0.0136
0.1%,b:top128/3,0.75,0.1,10.0,2328.0,0.0,0.5816,0.0,,,0.0,0.0,0.0,0.2923,0.0,,,0.0,0.0,0.0,30.0,30.0,0.0,0.0,0.0,0.0,-0.2923,0.0136
0.1%,b:top128/3,0.75,0.1,20.0,2328.0,0.0,0.5816,0.0,,,0.0,0.0,0.0,0.2923,0.0,,,0.0,0.0,0.0,56.8989,60.0,0.0,0.0,0.0,0.0,-0.2923,0.0136
0.1%,b:top128/3,0.75,0.1,40.0,2328.0,0.0,0.5816,0.0,,,0.0,0.0,0.0,0.2923,0.0,,,0.0,0.0,0.0,81.9674,84.0,0.0,0.0,0.0,0.0,-0.2923,0.0136
0.1%,c:union,0.75,0.05,5.0,2328.0,0.0,0.5816,0.0,,,0.0,0.0,0.0,0.2923,0.0,,,0.0,0.0,0.0,5.0,5.0,0.0,0.0,0.0,0.0,-0.2923,0.0136
0.1%,c:union,0.75,0.05,10.0,2328.0,0.0,0.5816,0.0,,,0.0,0.0,0.0,0.2923,0.0,,,0.0,0.0,0.0,10.0,10.0,0.0,0.0,0.0,0.0,-0.2923,0.0136
0.1%,c:union,0.75,0.05,20.0,2328.0,20400.0,0.5816,0.4381,0.0,0.0,0.0,0.0,0.2254,0.2923,0.7712,1.0,1.0,0.0,0.0,0.0,20.0,20.0,2.5838,0.1292,0.2254,0.0113,-0.0669,0.0038
0.1%,c:union,0.75,0.05,40.0,2328.0,20400.0,0.5816,0.4381,0.0,0.0,0.0,0.0,0.2395,0.2923,0.8194,1.0,1.0,0.0,0.0,0.0,40.0,40.0,2.7848,0.0696,0.2395,0.0123,-0.0528,0.0028
0.1%,c:union,0.75,0.1,5.0,2328.0,0.0,0.5816,0.0,,,0.0,0.0,0.0,0.2923,0.0,,,0.0,0.0,0.0,5.0,5.0,0.0,0.0,0.0,0.0,-0.2923,0.0136
0.1%,c:union,0.75,0.1,10.0,2328.0,0.0,0.5816,0.0,,,0.0,0.0,0.0,0.2923,0.0,,,0.0,0.0,0.0,10.0,10.0,0.0,0.0,0.0,0.0,-0.2923,0.0136
0.1%,c:union,0.75,0.1,20.0,2328.0,20400.0,0.5816,0.4381,0.0,0.0,0.0,0.0,0.2254,0.2923,0.7712,1.0,1.0,0.0,0.0,0.0,20.0,20.0,2.5838,0.1292,0.2254,0.0113,-0.0669,0.0038
0.1%,c:union,0.75,0.1,40.0,2328.0,20400.0,0.5816,0.4381,0.0,0.0,0.0,0.0,0.2395,0.2923,0.8194,1.0,1.0,0.0,0.0,0.0,40.0,40.0,2.7848,0.0696,0.2395,0.0123,-0.0528,0.0028
0.1%,c:seq,0.75,0.05,5.0,2328.0,0.0,0.5816,0.0,,,0.0,0.0,0.0,0.2923,0.0,,,0.0,0.0,0.0,5.0,5.0,0.0,0.0,0.0,0.0,-0.2923,0.0136
0.1%,c:seq,0.75,0.05,10.0,2328.0,0.0,0.5816,0.0,,,0.0,0.0,0.0,0.2923,0.0,,,0.0,0.0,0.0,10.0,10.0,0.0,0.0,0.0,0.0,-0.2923,0.0136
0.1%,c:seq,0.75,0.05,20.0,2328.0,20320.0,0.5816,0.4364,0.0,0.0,0.0,0.0,0.2239,0.2923,0.7661,1.0,1.0,0.0,0.0,0.0,20.0,20.0,2.5735,0.1287,0.2239,0.0112,-0.0684,0.0041
0.1%,c:seq,0.75,0.05,40.0,2328.0,20320.0,0.5816,0.4364,0.0,0.0,0.0,0.0,0.238,0.2923,0.8143,1.0,1.0,0.0,0.0,0.0,40.0,40.0,2.7745,0.0694,0.238,0.0122,-0.0543,0.0032
0.1%,c:seq,0.75,0.1,5.0,2328.0,0.0,0.5816,0.0,,,0.0,0.0,0.0,0.2923,0.0,,,0.0,0.0,0.0,5.0,5.0,0.0,0.0,0.0,0.0,-0.2923,0.0136
0.1%,c:seq,0.75,0.1,10.0,2328.0,0.0,0.5816,0.0,,,0.0,0.0,0.0,0.2923,0.0,,,0.0,0.0,0.0,10.0,10.0,0.0,0.0,0.0,0.0,-0.2923,0.0136
0.1%,c:seq,0.75,0.1,20.0,2328.0,20320.0,0.5816,0.4364,0.0,0.0,0.0,0.0,0.2239,0.2923,0.7661,1.0,1.0,0.0,0.0,0.0,20.0,20.0,2.5735,0.1287,0.2239,0.0112,-0.0684,0.0041
0.1%,c:seq,0.75,0.1,40.0,2328.0,20320.0,0.5816,0.4364,0.0,0.0,0.0,0.0,0.238,0.2923,0.8143,1.0,1.0,0.0,0.0,0.0,40.0,40.0,2.7745,0.0694,0.238,0.0122,-0.0543,0.0032
5%,shipped,0.25,,0.0,2871.0,866.0,0.9951,0.3016,0.0577,0.009,0.0174,0.0027,0.1876,0.876,0.2141,0.0,0.0,0.1876,9.2992,,0.0,0.0,9.2992,,0.0,0.0,-0.3139,0.0075
5%,consistent,0.25,,0.0,2871.0,1189.0,0.9951,0.4141,0.8999,0.0085,0.3727,0.0083,0.4051,0.876,0.4625,0.0,0.0,0.4051,20.2894,,0.0,0.0,20.2894,,0.2176,0.0065,-0.0963,0.0087
5%,census:16,0.25,,0.0,2871.0,2851.0,0.9951,0.993,0.0,0.0,0.0,0.0,0.2683,0.876,0.3063,1.0,1.0,0.0,0.0,0.0,16.0,16.0,13.2912,0.8307,0.0808,0.0074,-0.2331,0.0032
5%,census:32,0.25,,0.0,2871.0,2854.0,0.9951,0.9941,0.0,0.0,0.0,0.0,0.5014,0.876,0.5724,1.0,1.0,0.0,0.0,0.0,32.0,32.0,24.8565,0.7768,0.3139,0.0075,0.0,0.0
5%,a:consistent,0.25,0.05,5.0,2871.0,118.0,0.9951,0.0021,0.5085,0.0558,0.001,0.0001,0.002,0.876,0.0023,0.0,0.0237,0.0018,0.0923,0.0446,2.0707,5.0,0.1005,0.0485,-0.1856,0.008,-0.4994,0.0057
5%,a:consistent,0.25,0.05,10.0,2871.0,154.0,0.9951,0.0027,0.4286,0.0504,0.0011,0.0002,0.0026,0.876,0.003,0.0,0.0517,0.0023,0.1134,0.0274,4.1414,10.0,0.13,0.0314,-0.1849,0.008,-0.4988,0.0057
5%,a:consistent,0.25,0.05,20.0,2871.0,259.0,0.9951,0.0045,0.332,0.0374,0.0015,0.0002,0.0044,0.876,0.005,0.0,0.108,0.0035,0.1738,0.021,8.2828,20.0,0.2165,0.0261,-0.1832,0.0079,-0.4971,0.0056
5%,a:consistent,0.25,0.05,40.0,2871.0,150.0,0.9951,0.0026,0.1,0.0295,0.0003,0.0001,0.0025,0.876,0.0029,0.0,0.2462,0.0016,0.0823,0.005,16.5657,40.0,0.1261,0.0076,-0.185,0.008,-0.4989,0.0057
5%,a:consistent,0.25,0.1,5.0,2871.0,127.0,0.9951,0.0022,0.4331,0.0516,0.001,0.0001,0.0022,0.876,0.0025,0.0,0.0243,0.002,0.0975,0.0471,2.0707,5.0,0.1064,0.0514,-0.1854,0.008,-0.4993,0.0057
5%,a:consistent,0.25,0.1,10.0,2871.0,573.0,0.9951,0.01,0.4834,0.033,0.0048,0.0004,0.0097,0.876,0.0111,0.0,0.0478,0.0087,0.4305,0.104,4.1414,10.0,0.4831,0.1167,-0.1778,0.0077,-0.4917,0.0055
5%,a:consistent,0.25,0.1,20.0,2871.0,270.0,0.9951,0.0047,0.2852,0.0382,0.0013,0.0002,0.0046,0.876,0.0052,0.0,0.1107,0.0037,0.1829,0.0221,8.2828,20.0,0.2276,0.0275,-0.183,0.0079,-0.4968,0.0056
5%,a:consistent,0.25,0.1,40.0,2871.0,294.0,0.9951,0.0051,0.2313,0.037,0.0012,0.0002,0.005,0.876,0.0057,0.0,0.2312,0.0034,0.1675,0.0101,16.5657,40.0,0.2481,0.015,-0.1826,0.0079,-0.4964,0.0056
5%,a:top16,0.25,0.05,5.0,2871.0,43350.0,0.9951,0.755,0.0,0.0,0.0,0.0,0.2265,0.876,0.2586,0.0,0.3125,0.1536,7.6285,1.5257,5.0,5.0,11.2445,2.2489,0.0389,0.0074,-0.2749,0.002
5%,a:top16,0.25,0.05,10.0,2871.0,49126.0,0.9951,0.8556,0.0,0.0,0.0,0.0,0.2489,0.876,0.2842,0.0,0.625,0.0923,4.5771,0.4577,10.0,10.0,12.349,1.2349,0.0614,0.0075,-0.2525,0.0025
5%,a:top16,0.25,0.05,20.0,2871.0,56640.0,0.9951,0.9864,0.0,0.0,0.0,0.0,0.2681,0.876,0.306,1.0,1.0,0.0,0.0,0.0,16.0,16.0,13.2776,0.8299,0.0805,0.0074,-0.2334,0.0032
5%,a:top16,0.25,0.05,40.0,2871.0,56640.0,0.9951,0.9864,0.0,0.0,0.0,0.0,0.2681,0.876,0.306,1.0,1.0,0.0,0.0,0.0,16.0,16.0,13.2776,0.8299,0.0805,0.0074,-0.2334,0.0032
5%,a:top16,0.25,0.1,5.0,2871.0,43451.0,0.9951,0.7567,0.0,0.0,0.0,0.0,0.2269,0.876,0.259,0.0,0.3125,0.1538,7.637,1.5274,5.0,5.0,11.262,2.2524,0.0393,0.0074,-0.2745,0.002
5%,a:top16,0.25,0.1,10.0,2871.0,52185.0,0.9951,0.9088,0.0,0.0,0.0,0.0,0.258,0.876,0.2946,0.0,0.625,0.0959,4.753,0.4753,10.0,10.0,12.7939,1.2794,0.0705,0.0075,-0.2434,0.0028
5%,a:top16,0.25,0.1,20.0,2871.0,56640.0,0.9951,0.9864,0.0,0.0,0.0,0.0,0.2681,0.876,0.306,1.0,1.0,0.0,0.0,0.0,16.0,16.0,13.2776,0.8299,0.0805,0.0074,-0.2334,0.0032
5%,a:top16,0.25,0.1,40.0,2871.0,56640.0,0.9951,0.9864,0.0,0.0,0.0,0.0,0.2681,0.876,0.306,1.0,1.0,0.0,0.0,0.0,16.0,16.0,13.2776,0.8299,0.0805,0.0074,-0.2334,0.0032
5%,a:top32,0.25,0.05,5.0,2871.0,38602.0,0.9951,0.6723,0.0,0.0,0.0,0.0,0.3919,0.876,0.4473,0.0,0.1562,0.3277,16.2886,3.2577,5.0,5.0,19.4782,3.8956,0.2043,0.0089,-0.1096,0.004
5%,a:top32,0.25,0.05,10.0,2871.0,45393.0,0.9951,0.7905,0.0,0.0,0.0,0.0,0.4433,0.876,0.5061,0.0,0.3125,0.302,15.0079,1.5008,10.0,10.0,22.026,2.2026,0.2558,0.0087,-0.0581,0.003
5%,a:top32,0.25,0.05,20.0,2871.0,51013.0,0.9951,0.8884,0.0,0.0,0.0,0.0,0.4778,0.876,0.5454,0.0,0.625,0.1779,8.8313,0.4416,20.0,20.0,23.715,1.1857,0.2902,0.0082,-0.0236,0.0018
5%,a:top32,0.25,0.05,40.0,2871.0,56360.0,0.9951,0.9815,0.0,0.0,0.0,0.0,0.5003,0.876,0.5711,1.0,1.0,0.0,0.0,0.0,32.0,32.0,24.8015,0.775,0.3127,0.0076,-0.0011,0.0002
5%,a:top32,0.25,0.1,5.0,2871.0,38614.0,0.9951,0.6725,0.0001,0.0,0.0,0.0,0.3922,0.876,0.4477,0.0,0.1562,0.328,16.3031,3.2606,5.0,5.0,19.4925,3.8985,0.2047,0.009,-0.1092,0.004
5%,a:top32,0.25,0.1,10.0,2871.0,49507.0,0.9951,0.8622,0.0002,0.0001,0.0002,0.0001,0.4678,0.876,0.534,0.0,0.3125,0.3192,15.8503,1.585,10.0,10.0,23.2251,2.3225,0.2802,0.0083,-0.0336,0.002
5%,a:top32,0.25,0.1,20.0,2871.0,50935.0,0.9951,0.8871,0.0,0.0,0.0,0.0,0.4774,0.876,0.545,0.0,0.625,0.1778,8.8248,0.4412,20.0,20.0,23.6964,1.1848,0.2898,0.0082,-0.024,0.0018
5%,a:top32,0.25,0.1,40.0,2871.0,56360.0,0.9951,0.9815,0.0,0.0,0.0,0.0,0.5003,0.876,0.5711,1.0,1.0,0.0,0.0,0.0,32.0,32.0,24.8015,0.775,0.3127,0.0076,-0.0011,0.0002
5%,a:top64,0.25,0.05,5.0,2871.0,21839.0,0.9951,0.3803,0.0004,0.0002,0.0001,0.0001,0.3404,0.876,0.3885,0.0,0.0781,0.3078,15.6913,3.1383,5.0,5.0,17.3403,3.4681,0.1528,0.01,-0.1611,0.0071
5%,a:top64,0.25,0.05,10.0,2871.0,34186.0,0.9951,0.5954,0.0002,0.0001,0.0001,0.0,0.5239,0.876,0.598,0.0,0.1562,0.4356,21.9849,2.1985,10.0,10.0,26.426,2.6426,0.3363,0.012,0.0224,0.0087
5%,a:top64,0.25,0.05,20.0,2871.0,44619.0,0.9951,0.7771,0.0001,0.0001,0.0001,0.0,0.656,0.876,0.7489,0.0,0.3125,0.447,22.3921,1.1196,20.0,20.0,32.8528,1.6426,0.4685,0.0116,0.1546,0.0075
5%,a:top64,0.25,0.05,40.0,2871.0,47868.0,0.9951,0.8336,0.0,0.0,0.0,0.0,0.6915,0.876,0.7893,0.0,0.625,0.2573,12.8672,0.3217,40.0,40.0,34.5782,0.8645,0.5039,0.0112,0.19,0.0067
5%,a:top64,0.25,0.1,5.0,2871.0,21674.0,0.9951,0.3775,0.0002,0.0001,0.0001,0.0,0.3384,0.876,0.3862,0.0,0.0781,0.306,15.591,3.1182,5.0,5.0,17.2299,3.446,0.1508,0.0101,-0.1631,0.0071
5%,a:top64,0.25,0.1,10.0,2871.0,41878.0,0.9951,0.7293,0.0007,0.0002,0.0005,0.0001,0.6183,0.876,0.7058,0.0,0.1562,0.5163,25.9106,2.5911,10.0,10.0,31.0187,3.1019,0.4308,0.0114,0.1169,0.0076
5%,a:top64,0.25,0.1,20.0,2871.0,44706.0,0.9951,0.7786,0.0002,0.0001,0.0002,0.0001,0.6569,0.876,0.7499,0.0,0.3125,0.4475,22.4128,1.1206,20.0,20.0,32.8899,1.6445,0.4693,0.0115,0.1554,0.0074
5%,a:top64,0.25,0.1,40.0,2871.0,49443.0,0.9951,0.8611,0.0,0.0,0.0,0.0,0.7053,0.876,0.8051,0.0,0.625,0.2627,13.1298,0.3282,40.0,40.0,35.2476,0.8812,0.5177,0.0107,0.2039,0.0061
5%,b:consistent,0.25,0.05,5.0,2871.0,17281.0,0.9951,0.301,0.0009,0.0002,0.0003,0.0001,0.2531,0.876,0.2889,0.0001,0.1561,0.2073,10.323,1.3847,7.4553,20.0,12.5718,1.6863,0.0655,0.0062,-0.2483,0.0071
5%,b:consistent,0.25,0.05,10.0,2871.0,20259.0,0.9951,0.3528,0.0011,0.0002,0.0004,0.0001,0.3076,0.876,0.3512,0.0012,0.2568,0.2185,10.9447,0.78,14.0314,40.0,15.3431,1.0935,0.1201,0.0069,-0.1938,0.0079
5%,b:consistent,0.25,0.05,20.0,2871.0,21825.0,0.9951,0.3801,0.0005,0.0002,0.0002,0.0001,0.3347,0.876,0.382,0.0213,0.44,0.173,8.717,0.3307,26.3613,80.0,16.7173,0.6342,0.1471,0.007,-0.1668,0.0081
5%,b:consistent,0.25,0.05,40.0,2871.0,22967.0,0.9951,0.4,0.0004,0.0001,0.0002,0.0001,0.3531,0.876,0.4031,0.2728,0.7251,0.0818,4.1551,0.0865,48.0108,131.0,17.6528,0.3677,0.1656,0.0068,-0.1483,0.0082
5%,b:consistent,0.25,0.1,5.0,2871.0,18221.0,0.9951,0.3173,0.0055,0.0006,0.0017,0.0002,0.2704,0.876,0.3086,0.0001,0.1413,0.2246,11.1953,1.5338,7.2989,20.0,13.4474,1.8424,0.0828,0.0063,-0.2311,0.0073
5%,b:consistent,0.25,0.1,10.0,2871.0,20739.0,0.9951,0.3612,0.0039,0.0004,0.0014,0.0002,0.3163,0.876,0.3611,0.0015,0.2389,0.2293,11.4814,0.8351,13.7488,40.0,15.7763,1.1475,0.1287,0.0069,-0.1852,0.008
5%,b:consistent,0.25,0.1,20.0,2871.0,22059.0,0.9951,0.3842,0.0017,0.0003,0.0007,0.0001,0.3399,0.876,0.388,0.0173,0.4124,0.1846,9.2947,0.3609,25.7573,80.0,16.9846,0.6594,0.1523,0.007,-0.1616,0.0082
5%,b:consistent,0.25,0.1,40.0,2871.0,23106.0,0.9951,0.4024,0.0007,0.0002,0.0003,0.0001,0.3566,0.876,0.407,0.2234,0.6967,0.0924,4.6947,0.0993,47.2876,120.0,17.828,0.377,0.169,0.0068,-0.1449,0.0082
5%,b:top128,0.25,0.05,5.0,2871.0,56933.0,0.9951,0.9915,0.0001,0.0,0.0001,0.0,0.5451,0.876,0.6223,0.1975,0.2275,0.4129,20.7585,1.319,15.7382,24.0,27.2935,1.7342,0.3575,0.0101,0.0437,0.0059
5%,b:top128,0.25,0.05,10.0,2871.0,57019.0,0.9951,0.993,0.0001,0.0001,0.0001,0.0001,0.6583,0.876,0.7515,0.1869,0.3134,0.444,22.3228,0.8781,25.4225,37.0,32.9287,1.2953,0.4707,0.0104,0.1569,0.006
5%,b:top128,0.25,0.05,20.0,2871.0,57059.0,0.9951,0.9937,0.0,0.0,0.0,0.0,0.718,0.876,0.8196,0.2474,0.4974,0.3523,17.7207,0.4089,43.3416,58.0,35.8598,0.8274,0.5304,0.0098,0.2165,0.005
5%,b:top128,0.25,0.05,40.0,2871.0,57063.0,0.9951,0.9938,0.0001,0.0,0.0001,0.0,0.7444,0.876,0.8497,0.2066,0.771,0.1246,6.5132,0.0872,74.6996,82.0,37.1861,0.4978,0.5568,0.0095,0.2429,0.0045
5%,b:top128,0.25,0.1,5.0,2871.0,56943.0,0.9951,0.9917,0.0009,0.0001,0.0009,0.0001,0.5926,0.876,0.6765,0.1598,0.1793,0.4703,23.6396,1.6238,14.5579,23.0,29.6793,2.0387,0.4051,0.0103,0.0912,0.006
5%,b:top128,0.25,0.1,10.0,2871.0,57018.0,0.9951,0.993,0.0001,0.0,0.0001,0.0,0.6702,0.876,0.7651,0.1645,0.3026,0.4604,23.1255,0.929,24.8926,37.0,33.5128,1.3463,0.4826,0.0103,0.1688,0.0059
5%,b:top128,0.25,0.1,20.0,2871.0,57059.0,0.9951,0.9937,0.0002,0.0001,0.0002,0.0001,0.73,0.876,0.8333,0.2156,0.4426,0.3853,19.407,0.4684,41.4291,58.0,36.4723,0.8804,0.5424,0.0097,0.2286,0.0048
5%,b:top128,0.25,0.1,40.0,2871.0,57060.0,0.9951,0.9937,0.0001,0.0,0.0001,0.0,0.7527,0.876,0.8592,0.1805,0.7015,0.1677,8.7304,0.1216,71.7722,81.0,37.6084,0.524,0.5651,0.0094,0.2512,0.0044
5%,b:top128/3,0.25,0.05,5.0,2871.0,42035.0,0.9951,0.7321,0.001,0.0002,0.0007,0.0001,0.556,0.876,0.6347,0.0,0.1383,0.4615,23.2075,1.8381,12.6258,15.0,27.8873,2.2087,0.3684,0.0113,0.0545,0.0074
5%,b:top128/3,0.25,0.05,10.0,2871.0,47454.0,0.9951,0.8264,0.0001,0.0001,0.0001,0.0,0.644,0.876,0.7351,0.0,0.2651,0.4606,23.1315,0.9795,23.6158,30.0,32.241,1.3652,0.4564,0.0114,0.1426,0.0072
5%,b:top128/3,0.25,0.05,20.0,2871.0,56015.0,0.9951,0.9755,0.0002,0.0001,0.0002,0.0001,0.7284,0.876,0.8315,0.2006,0.4398,0.3857,19.4234,0.4693,41.389,58.0,36.3957,0.8794,0.5409,0.0098,0.227,0.0049
5%,b:top128/3,0.25,0.05,40.0,2871.0,56369.0,0.9951,0.9817,0.0001,0.0,0.0001,0.0,0.7522,0.876,0.8586,0.1717,0.6977,0.1694,8.8264,0.1232,71.6169,81.0,37.5878,0.5248,0.5646,0.0095,0.2507,0.0045
5%,b:top128/3,0.25,0.1,5.0,2871.0,44186.0,0.9951,0.7695,0.001,0.0002,0.0008,0.0001,0.5868,0.876,0.6698,0.0,0.1346,0.4919,24.7075,2.006,12.3166,15.0,29.4134,2.3881,0.3992,0.0112,0.0854,0.0071
5%,b:top128/3,0.25,0.1,10.0,2871.0,49319.0,0.9951,0.8589,0.0009,0.0002,0.0008,0.0001,0.6748,0.876,0.7703,0.0,0.2293,0.5002,25.1111,1.1263,22.2943,30.0,33.7705,1.5148,0.4872,0.011,0.1734,0.0066
5%,b:top128/3,0.25,0.1,20.0,2871.0,56102.0,0.9951,0.977,0.0002,0.0001,0.0002,0.0001,0.7336,0.876,0.8375,0.1769,0.4341,0.3937,19.8148,0.4837,40.9661,57.0,36.6478,0.8946,0.5461,0.0097,0.2322,0.0048
5%,b:top128/3,0.25,0.1,40.0,2871.0,56369.0,0.9951,0.9817,0.0001,0.0001,0.0001,0.0001,0.7625,0.876,0.8704,0.1454,0.624,0.223,11.5623,0.1701,67.9618,81.0,38.1149,0.5608,0.5749,0.0094,0.261,0.0044
5%,c:union,0.25,0.05,5.0,2871.0,0.0,0.9951,0.0,,,0.0,0.0,0.0,0.876,0.0,,,0.0,0.0,0.0,5.0,5.0,0.0,0.0,-0.1876,0.0081,-0.5014,0.0057
5%,c:union,0.25,0.05,10.0,2871.0,0.0,0.9951,0.0,,,0.0,0.0,0.0,0.876,0.0,,,0.0,0.0,0.0,10.0,10.0,0.0,0.0,-0.1876,0.0081,-0.5014,0.0057
5%,c:union,0.25,0.05,20.0,2871.0,56940.0,0.9951,0.9916,0.0,0.0,0.0,0.0,0.4916,0.876,0.5612,0.057,0.4441,0.2627,13.1474,0.6574,20.0,20.0,24.5063,1.2253,0.304,0.0086,-0.0099,0.0031
5%,c:union,0.25,0.05,40.0,2871.0,57021.0,0.9951,0.9931,0.0,0.0,0.0,0.0,0.7126,0.876,0.8135,0.0634,0.4686,0.2754,13.8688,0.3467,40.0,40.0,35.6029,0.8901,0.5251,0.0101,0.2112,0.0054
5%,c:union,0.25,0.1,5.0,2871.0,0.0,0.9951,0.0,,,0.0,0.0,0.0,0.876,0.0,,,0.0,0.0,0.0,5.0,5.0,0.0,0.0,-0.1876,0.0081,-0.5014,0.0057
5%,c:union,0.25,0.1,10.0,2871.0,0.0,0.9951,0.0,,,0.0,0.0,0.0,0.876,0.0,,,0.0,0.0,0.0,10.0,10.0,0.0,0.0,-0.1876,0.0081,-0.5014,0.0057
5%,c:union,0.25,0.1,20.0,2871.0,56940.0,0.9951,0.9916,0.0,0.0,0.0,0.0,0.553,0.876,0.6313,0.0554,0.3867,0.3162,15.9046,0.7952,20.0,20.0,27.6654,1.3833,0.3655,0.0095,0.0516,0.005
5%,c:union,0.25,0.1,40.0,2871.0,57022.0,0.9951,0.9931,0.0,0.0,0.0,0.0,0.7211,0.876,0.8231,0.0623,0.4552,0.2815,14.1769,0.3544,40.0,40.0,36.0323,0.9008,0.5335,0.01,0.2196,0.0053
5%,c:seq,0.25,0.05,5.0,2871.0,0.0,0.9951,0.0,,,0.0,0.0,0.0,0.876,0.0,,,0.0,0.0,0.0,5.0,5.0,0.0,0.0,-0.1876,0.0081,-0.5014,0.0057
5%,c:seq,0.25,0.05,10.0,2871.0,0.0,0.9951,0.0,,,0.0,0.0,0.0,0.876,0.0,,,0.0,0.0,0.0,10.0,10.0,0.0,0.0,-0.1876,0.0081,-0.5014,0.0057
5%,c:seq,0.25,0.05,20.0,2871.0,56760.0,0.9951,0.9885,0.0,0.0,0.0,0.0,0.5501,0.876,0.6279,0.0433,0.3896,0.3136,15.7677,0.7884,20.0,20.0,27.5108,1.3755,0.3625,0.0095,0.0486,0.005
5%,c:seq,0.25,0.05,40.0,2871.0,56760.0,0.9951,0.9885,0.0,0.0,0.0,0.0,0.7156,0.876,0.8169,0.0593,0.4659,0.2779,13.9923,0.3498,40.0,40.0,35.7545,0.8939,0.5281,0.0101,0.2142,0.0054
5%,c:seq,0.25,0.1,5.0,2871.0,0.0,0.9951,0.0,,,0.0,0.0,0.0,0.876,0.0,,,0.0,0.0,0.0,5.0,5.0,0.0,0.0,-0.1876,0.0081,-0.5014,0.0057
5%,c:seq,0.25,0.1,10.0,2871.0,46029.0,0.9951,0.8016,0.0,0.0,0.0,0.0,0.0626,0.876,0.0715,0.0,0.5,0.0303,1.5026,0.1503,10.0,10.0,3.1059,0.3106,-0.1249,0.0078,-0.4388,0.0049
5%,c:seq,0.25,0.1,20.0,2871.0,56760.0,0.9951,0.9885,0.0,0.0,0.0,0.0,0.6069,0.876,0.6928,0.0425,0.3474,0.3654,18.356,0.9178,20.0,20.0,30.3467,1.5173,0.4194,0.0103,0.1055,0.0061
5%,c:seq,0.25,0.1,40.0,2871.0,56760.0,0.9951,0.9885,0.0,0.0,0.0,0.0,0.7255,0.876,0.8282,0.0456,0.4532,0.2853,14.3654,0.3591,40.0,40.0,36.2518,0.9063,0.538,0.0099,0.2241,0.0052
5%,shipped,0.5,,0.0,2871.0,605.0,0.9815,0.2107,0.0182,0.0054,0.0038,0.0011,0.0978,0.74,0.1322,0.0,0.0,0.0978,4.8227,,0.0,0.0,4.8227,,0.0,0.0,-0.3905,0.0068
5%,consistent,0.5,,0.0,2871.0,1152.0,0.9815,0.4013,0.8707,0.0098,0.3494,0.0085,0.3753,0.74,0.5072,0.0,0.0,0.3753,18.8265,,0.0,0.0,18.8265,,0.2775,0.0071,-0.113,0.0086
5%,census:16,0.5,,0.0,2871.0,2817.0,0.9815,0.9812,0.0,0.0,0.0,0.0,0.2642,0.74,0.357,1.0,1.0,0.0,0.0,0.0,16.0,16.0,13.0933,0.8183,0.1664,0.006,-0.2241,0.0037
5%,census:32,0.5,,0.0,2871.0,2818.0,0.9815,0.9815,0.0,0.0,0.0,0.0,0.4883,0.74,0.6599,1.0,1.0,0.0,0.0,0.0,32.0,32.0,24.2254,0.757,0.3905,0.0068,0.0,0.0
5%,a:consistent,0.5,0.05,5.0,2871.0,337.0,0.9815,0.0059,0.2641,0.0428,0.0015,0.0002,0.0044,0.74,0.006,0.1187,0.0671,0.0039,0.1901,0.0948,2.0042,5.0,0.2177,0.1086,-0.0934,0.0065,-0.4839,0.0065
5%,a:consistent,0.5,0.05,10.0,2871.0,221.0,0.9815,0.0038,0.0588,0.0208,0.0002,0.0001,0.0023,0.74,0.0032,0.2715,0.1899,0.0017,0.0857,0.0214,4.0049,10.0,0.1155,0.0288,-0.0954,0.0065,-0.486,0.0065
5%,a:consistent,0.5,0.05,20.0,2871.0,439.0,0.9815,0.0076,0.0296,0.0101,0.0002,0.0001,0.0048,0.74,0.0065,0.2278,0.3726,0.0027,0.1358,0.017,8.0,20.0,0.2422,0.0303,-0.093,0.0065,-0.4835,0.0065
5%,a:consistent,0.5,0.05,40.0,2871.0,667.0,0.9815,0.0116,0.018,0.0058,0.0002,0.0001,0.008,0.74,0.0108,0.3598,0.6323,0.0025,0.1233,0.0077,15.9516,40.0,0.3974,0.0249,-0.0898,0.0065,-0.4803,0.0065
5%,a:consistent,0.5,0.1,5.0,2871.0,350.0,0.9815,0.0061,0.24,0.0379,0.0015,0.0002,0.0047,0.74,0.0063,0.1143,0.0691,0.0041,0.2004,0.1,2.0042,5.0,0.2291,0.1143,-0.0931,0.0064,-0.4837,0.0065
5%,a:consistent,0.5,0.1,10.0,2871.0,600.0,0.9815,0.0104,0.225,0.0319,0.0024,0.0002,0.008,0.74,0.0109,0.1,0.1409,0.0063,0.313,0.0782,4.0049,10.0,0.3958,0.0988,-0.0898,0.0063,-0.4803,0.0064
5%,a:consistent,0.5,0.1,20.0,2871.0,716.0,0.9815,0.0125,0.0712,0.0138,0.0009,0.0001,0.0092,0.74,0.0124,0.1397,0.3121,0.0056,0.2816,0.0352,8.0,20.0,0.4551,0.0569,-0.0886,0.0064,-0.4792,0.0065
5%,a:consistent,0.5,0.1,40.0,2871.0,894.0,0.9815,0.0156,0.0179,0.0059,0.0003,0.0001,0.0117,0.74,0.0158,0.2685,0.5843,0.0041,0.2061,0.0129,15.9516,40.0,0.5793,0.0363,-0.0861,0.0064,-0.4766,0.0065
5%,a:top16,0.5,0.05,5.0,2871.0,34217.0,0.9815,0.5959,0.0004,0.0001,0.0002,0.0001,0.1867,0.74,0.2522,0.0,0.3125,0.1267,6.2931,1.2586,5.0,5.0,9.2726,1.8545,0.0889,0.0059,-0.3017,0.0029
5%,a:top16,0.5,0.05,10.0,2871.0,35796.0,0.9815,0.6234,0.0,0.0,0.0,0.0,0.1957,0.74,0.2644,0.0,0.625,0.0723,3.5925,0.3592,10.0,10.0,9.7175,0.9717,0.0979,0.0061,-0.2926,0.0028
5%,a:top16,0.5,0.05,20.0,2871.0,51960.0,0.9815,0.9049,0.0,0.0,0.0,0.0,0.2581,0.74,0.3487,1.0,1.0,0.0,0.0,0.0,16.0,16.0,12.7966,0.7998,0.1603,0.0061,-0.2303,0.0034
5%,a:top16,0.5,0.05,40.0,2871.0,51960.0,0.9815,0.9049,0.0,0.0,0.0,0.0,0.2581,0.74,0.3487,1.0,1.0,0.0,0.0,0.0,16.0,16.0,12.7966,0.7998,0.1603,0.0061,-0.2303,0.0034
5%,a:top16,0.5,0.1,5.0,2871.0,34283.0,0.9815,0.5971,0.0004,0.0001,0.0002,0.0001,0.187,0.74,0.2527,0.0,0.3125,0.1269,6.3031,1.2606,5.0,5.0,9.2884,1.8577,0.0892,0.0059,-0.3013,0.0029
5%,a:top16,0.5,0.1,10.0,2871.0,40851.0,0.9815,0.7114,0.0,0.0,0.0,0.0,0.2181,0.74,0.2947,0.0,0.625,0.0806,4.0007,0.4001,10.0,10.0,10.8285,1.0828,0.1203,0.0062,-0.2703,0.0026
5%,a:top16,0.5,0.1,20.0,2871.0,51960.0,0.9815,0.9049,0.0,0.0,0.0,0.0,0.2581,0.74,0.3487,1.0,1.0,0.0,0.0,0.0,16.0,16.0,12.7966,0.7998,0.1603,0.0061,-0.2303,0.0034
5%,a:top16,0.5,0.1,40.0,2871.0,51960.0,0.9815,0.9049,0.0,0.0,0.0,0.0,0.2581,0.74,0.3487,1.0,1.0,0.0,0.0,0.0,16.0,16.0,12.7966,0.7998,0.1603,0.0061,-0.2303,0.0034
5%,a:top32,0.5,0.05,5.0,2871.0,28606.0,0.9815,0.4982,0.0015,0.0003,0.0008,0.0001,0.3065,0.74,0.4142,0.0,0.1562,0.2564,12.7673,2.5535,5.0,5.0,15.2583,3.0517,0.2087,0.0083,-0.1819,0.0055
5%,a:top32,0.5,0.05,10.0,2871.0,30372.0,0.9815,0.5289,0.0001,0.0001,0.0001,0.0,0.3264,0.74,0.4411,0.0,0.3125,0.2224,11.0638,1.1064,10.0,10.0,16.237,1.6237,0.2286,0.0087,-0.1619,0.0056
5%,a:top32,0.5,0.05,20.0,2871.0,36380.0,0.9815,0.6336,0.0,0.0,0.0,0.0,0.3807,0.74,0.5145,0.0,0.625,0.1415,7.0362,0.3518,20.0,20.0,18.9378,0.9469,0.2829,0.0089,-0.1076,0.0048
5%,a:top32,0.5,0.05,40.0,2871.0,48840.0,0.9815,0.8506,0.0,0.0,0.0,0.0,0.4673,0.74,0.6315,1.0,1.0,0.0,0.0,0.0,32.0,32.0,23.2107,0.7253,0.3695,0.0077,-0.021,0.0017
5%,a:top32,0.5,0.1,5.0,2871.0,28726.0,0.9815,0.5003,0.0013,0.0002,0.0007,0.0001,0.3075,0.74,0.4155,0.0,0.1562,0.2573,12.8105,2.5621,5.0,5.0,15.3119,3.0624,0.2097,0.0083,-0.1808,0.0055
5%,a:top32,0.5,0.1,10.0,2871.0,35708.0,0.9815,0.6219,0.0011,0.0002,0.0007,0.0001,0.373,0.74,0.504,0.0,0.3125,0.254,12.6251,1.2625,10.0,10.0,18.5422,1.8542,0.2752,0.0087,-0.1153,0.0046
5%,a:top32,0.5,0.1,20.0,2871.0,39208.0,0.9815,0.6828,0.0,0.0,0.0,0.0,0.4027,0.74,0.5442,0.0,0.625,0.1495,7.4344,0.3717,20.0,20.0,20.0326,1.0016,0.3049,0.0088,-0.0856,0.0042
5%,a:top32,0.5,0.1,40.0,2871.0,48840.0,0.9815,0.8506,0.0,0.0,0.0,0.0,0.4673,0.74,0.6315,1.0,1.0,0.0,0.0,0.0,32.0,32.0,23.2107,0.7253,0.3695,0.0077,-0.021,0.0017
5%,a:top64,0.5,0.05,5.0,2871.0,7599.0,0.9815,0.1323,0.0174,0.0023,0.0023,0.0003,0.1231,0.74,0.1663,0.0,0.0781,0.1102,5.7415,1.1483,5.0,5.0,6.4032,1.2806,0.0253,0.0067,-0.3653,0.0059
5%,a:top64,0.5,0.05,10.0,2871.0,7313.0,0.9815,0.1274,0.0019,0.0005,0.0002,0.0001,0.1212,0.74,0.1638,0.0,0.1562,0.0987,5.2099,0.521,10.0,10.0,6.3883,0.6388,0.0234,0.0072,-0.3671,0.0069
5%,a:top64,0.5,0.05,20.0,2871.0,16748.0,0.9815,0.2917,0.0009,0.0002,0.0003,0.0001,0.2768,0.74,0.374,0.0,0.3125,0.1846,9.5889,0.4794,20.0,20.0,14.3582,0.7179,0.179,0.0108,-0.2115,0.0101
5%,a:top64,0.5,0.05,40.0,2871.0,26316.0,0.9815,0.4583,0.0001,0.0001,0.0,0.0,0.4297,0.74,0.5806,0.0,0.625,0.1577,8.04,0.201,40.0,40.0,21.882,0.5471,0.3319,0.0136,-0.0587,0.0119
5%,a:top64,0.5,0.1,5.0,2871.0,7465.0,0.9815,0.13,0.0201,0.0024,0.0026,0.0003,0.1209,0.74,0.1634,0.0,0.0781,0.1083,5.6297,1.1259,5.0,5.0,6.2797,1.2559,0.0231,0.0066,-0.3675,0.0058
5%,a:top64,0.5,0.1,10.0,2871.0,15703.0,0.9815,0.2735,0.0098,0.0012,0.0027,0.0003,0.2554,0.74,0.3451,0.0,0.1562,0.2097,10.8418,1.0842,10.0,10.0,13.1908,1.3191,0.1576,0.0093,-0.233,0.0082
5%,a:top64,0.5,0.1,20.0,2871.0,22403.0,0.9815,0.3902,0.0026,0.0004,0.001,0.0002,0.3652,0.74,0.4935,0.0,0.3125,0.245,12.5738,0.6287,20.0,20.0,18.72,0.936,0.2674,0.0118,-0.1231,0.0105
5%,a:top64,0.5,0.1,40.0,2871.0,29139.0,0.9815,0.5075,0.0003,0.0001,0.0002,0.0001,0.4707,0.74,0.636,0.0,0.625,0.173,8.7776,0.2194,40.0,40.0,23.8524,0.5963,0.3729,0.0135,-0.0177,0.0114
5%,b:consistent,0.5,0.05,5.0,2871.0,16786.0,0.9815,0.2923,0.0005,0.0002,0.0002,0.0001,0.1813,0.74,0.245,0.0378,0.2667,0.1304,6.5296,0.9574,6.8202,20.0,9.041,1.3256,0.0835,0.0051,-0.307,0.0064
5%,b:consistent,0.5,0.05,10.0,2871.0,19497.0,0.9815,0.3396,0.0016,0.0003,0.0006,0.0001,0.2372,0.74,0.3206,0.0858,0.4232,0.1327,6.6572,0.5369,12.4002,40.0,11.8208,0.9533,0.1394,0.006,-0.2511,0.0071
5%,b:consistent,0.5,0.05,20.0,2871.0,21523.0,0.9815,0.3748,0.0003,0.0001,0.0001,0.0,0.2742,0.74,0.3705,0.3131,0.7104,0.0751,3.8004,0.1695,22.4152,63.0,13.6914,0.6108,0.1764,0.0064,-0.2141,0.0075
5%,b:consistent,0.5,0.05,40.0,2871.0,21980.0,0.9815,0.3828,0.0,0.0,0.0,0.0,0.3003,0.74,0.4058,0.8491,0.9721,0.0066,0.3499,0.0097,36.1583,108.0,15.0196,0.4154,0.2025,0.0067,-0.188,0.0077
5%,b:consistent,0.5,0.1,5.0,2871.0,17629.0,0.9815,0.307,0.0011,0.0003,0.0003,0.0001,0.2007,0.74,0.2712,0.0318,0.2435,0.1488,7.4411,1.1225,6.6288,20.0,10.0025,1.5089,0.1029,0.0054,-0.2877,0.0066
5%,b:consistent,0.5,0.1,10.0,2871.0,19924.0,0.9815,0.347,0.0017,0.0003,0.0006,0.0001,0.2485,0.74,0.3358,0.0719,0.402,0.1441,7.2265,0.5946,12.1535,40.0,12.392,1.0196,0.1507,0.0062,-0.2398,0.0072
5%,b:consistent,0.5,0.1,20.0,2871.0,21578.0,0.9815,0.3758,0.0006,0.0002,0.0002,0.0001,0.2801,0.74,0.3784,0.2742,0.6851,0.083,4.2063,0.1901,22.1282,60.0,13.9918,0.6323,0.1823,0.0065,-0.2083,0.0076
5%,b:consistent,0.5,0.1,40.0,2871.0,21980.0,0.9815,0.3828,0.0001,0.0001,0.0,0.0,0.3025,0.74,0.4087,0.8242,0.9648,0.0084,0.4424,0.0123,36.085,108.0,15.129,0.4193,0.2047,0.0068,-0.1859,0.0078
5%,b:top128,0.5,0.05,5.0,2871.0,55013.0,0.9815,0.9581,0.0002,0.0001,0.0002,0.0001,0.3712,0.74,0.5016,0.4104,0.3943,0.2253,11.2918,0.59,19.1377,24.0,18.5183,0.9676,0.2734,0.0077,-0.1171,0.0045
5%,b:top128,0.5,0.05,10.0,2871.0,55354.0,0.9815,0.964,0.0001,0.0,0.0001,0.0,0.4739,0.74,0.6404,0.4152,0.5522,0.2095,10.6167,0.3318,31.9936,39.0,23.6978,0.7407,0.3761,0.0083,-0.0144,0.0045
5%,b:top128,0.5,0.05,20.0,2871.0,55360.0,0.9815,0.9641,0.0001,0.0,0.0001,0.0,0.5773,0.74,0.7802,0.6861,0.7486,0.1351,7.0655,0.1348,52.4274,60.0,28.943,0.5521,0.4796,0.009,0.089,0.0053
5%,b:top128,0.5,0.05,40.0,2871.0,55360.0,0.9815,0.9641,0.0,0.0,0.0,0.0,0.6273,0.74,0.8476,0.6122,0.961,0.0241,1.2365,0.0152,81.159,84.0,31.4057,0.387,0.5295,0.0099,0.1389,0.0061
5%,b:top128,0.5,0.1,5.0,2871.0,55020.0,0.9815,0.9582,0.0004,0.0001,0.0004,0.0001,0.3944,0.74,0.5329,0.3758,0.3646,0.2494,12.5042,0.6682,18.7121,24.0,19.6818,1.0518,0.2966,0.0079,-0.094,0.0046
5%,b:top128,0.5,0.1,10.0,2871.0,55352.0,0.9815,0.964,0.0006,0.0001,0.0006,0.0001,0.4922,0.74,0.6651,0.3851,0.52,0.2313,11.7313,0.3732,31.4345,39.0,24.6344,0.7837,0.3944,0.0086,0.0039,0.0048
5%,b:top128,0.5,0.1,20.0,2871.0,55360.0,0.9815,0.9641,0.0,0.0,0.0,0.0,0.59,0.74,0.7973,0.6444,0.7214,0.155,8.0496,0.1555,51.7547,60.0,29.5735,0.5714,0.4922,0.0092,0.1017,0.0055
5%,b:top128,0.5,0.1,40.0,2871.0,55360.0,0.9815,0.9641,0.0,0.0,0.0,0.0,0.6354,0.74,0.8586,0.5799,0.9589,0.0258,1.3189,0.0163,81.087,84.0,31.798,0.3921,0.5376,0.01,0.147,0.0061
5%,b:top128/3,0.5,0.05,5.0,2871.0,26658.0,0.9815,0.4643,0.0007,0.0002,0.0003,0.0001,0.312,0.74,0.4216,0.0,0.2346,0.233,11.6984,0.7969,14.6799,15.0,15.6291,1.0647,0.2142,0.0091,-0.1764,0.0068
5%,b:top128/3,0.5,0.05,10.0,2871.0,33817.0,0.9815,0.5889,0.0017,0.0002,0.001,0.0001,0.4149,0.74,0.5607,0.0,0.4124,0.2309,11.7118,0.4118,28.4432,30.0,20.8298,0.7323,0.3171,0.0106,-0.0734,0.0075
5%,b:top128/3,0.5,0.05,20.0,2871.0,48201.0,0.9815,0.8394,0.0001,0.0001,0.0001,0.0,0.5725,0.74,0.7737,0.5915,0.7099,0.1551,8.058,0.1557,51.7423,60.0,28.7288,0.5552,0.4747,0.01,0.0842,0.0062
5%,b:top128/3,0.5,0.05,40.0,2871.0,48842.0,0.9815,0.8506,0.0,0.0,0.0,0.0,0.6206,0.74,0.8387,0.5264,0.9576,0.0259,1.3235,0.0163,81.0768,84.0,31.0892,0.3835,0.5228,0.0107,0.1323,0.0068
5%,b:top128/3,0.5,0.1,5.0,2871.0,29233.0,0.9815,0.5091,0.0119,0.0007,0.0061,0.0003,0.3454,0.74,0.4668,0.0,0.2214,0.2605,13.0852,0.9007,14.5276,15.0,17.3057,1.1912,0.2476,0.0093,-0.1429,0.0067
5%,b:top128/3,0.5,0.1,10.0,2871.0,35669.0,0.9815,0.6212,0.0017,0.0002,0.0011,0.0001,0.4529,0.74,0.6121,0.0,0.3762,0.2679,13.592,0.4898,27.751,30.0,22.7602,0.8202,0.3552,0.011,-0.0354,0.0079
5%,b:top128/3,0.5,0.1,20.0,2871.0,48228.0,0.9815,0.8399,0.0005,0.0001,0.0004,0.0001,0.5884,0.74,0.7951,0.531,0.6751,0.181,9.3277,0.1836,50.8086,59.0,29.5121,0.5808,0.4906,0.0102,0.1,0.0065
5%,b:top128/3,0.5,0.1,40.0,2871.0,48841.0,0.9815,0.8506,0.0,0.0,0.0,0.0,0.6282,0.74,0.8489,0.4907,0.955,0.0278,1.4158,0.0175,81.0133,83.0,31.458,0.3883,0.5304,0.0108,0.1398,0.0068
5%,c:union,0.5,0.05,5.0,2871.0,0.0,0.9815,0.0,,,0.0,0.0,0.0,0.74,0.0,,,0.0,0.0,0.0,5.0,5.0,0.0,0.0,-0.0978,0.0066,-0.4883,0.0066
5%,c:union,0.5,0.05,10.0,2871.0,0.0,0.9815,0.0,,,0.0,0.0,0.0,0.74,0.0,,,0.0,0.0,0.0,10.0,10.0,0.0,0.0,-0.0978,0.0066,-0.4883,0.0066
5%,c:union,0.5,0.05,20.0,2871.0,55040.0,0.9815,0.9586,0.0,0.0,0.0,0.0,0.2361,0.74,0.3191,0.3195,0.7448,0.0616,3.0574,0.1529,20.0,20.0,11.7102,0.5855,0.1383,0.006,-0.2522,0.0031
5%,c:union,0.5,0.05,40.0,2871.0,55360.0,0.9815,0.9641,0.0,0.0,0.0,0.0,0.5134,0.74,0.6938,0.306,0.6979,0.1369,6.9769,0.1744,40.0,40.0,25.7225,0.6431,0.4157,0.0087,0.0251,0.0049
5%,c:union,0.5,0.1,5.0,2871.0,0.0,0.9815,0.0,,,0.0,0.0,0.0,0.74,0.0,,,0.0,0.0,0.0,5.0,5.0,0.0,0.0,-0.0978,0.0066,-0.4883,0.0066
5%,c:union,0.5,0.1,10.0,2871.0,0.0,0.9815,0.0,,,0.0,0.0,0.0,0.74,0.0,,,0.0,0.0,0.0,10.0,10.0,0.0,0.0,-0.0978,0.0066,-0.4883,0.0066
5%,c:union,0.5,0.1,20.0,2871.0,55040.0,0.9815,0.9586,0.0,0.0,0.0,0.0,0.2394,0.74,0.3236,0.2933,0.739,0.0633,3.1428,0.1571,20.0,20.0,11.8712,0.5936,0.1416,0.006,-0.2489,0.0031
5%,c:union,0.5,0.1,40.0,2871.0,55360.0,0.9815,0.9641,0.0,0.0,0.0,0.0,0.5223,0.74,0.7057,0.2903,0.6883,0.1423,7.254,0.1814,40.0,40.0,26.1711,0.6543,0.4245,0.0088,0.0339,0.005
5%,c:seq,0.5,0.05,5.0,2871.0,0.0,0.9815,0.0,,,0.0,0.0,0.0,0.74,0.0,,,0.0,0.0,0.0,5.0,5.0,0.0,0.0,-0.0978,0.0066,-0.4883,0.0066
5%,c:seq,0.5,0.05,10.0,2871.0,0.0,0.9815,0.0,,,0.0,0.0,0.0,0.74,0.0,,,0.0,0.0,0.0,10.0,10.0,0.0,0.0,-0.0978,0.0066,-0.4883,0.0066
5%,c:seq,0.5,0.05,20.0,2871.0,54300.0,0.9815,0.9457,0.0,0.0,0.0,0.0,0.243,0.74,0.3284,0.2382,0.7275,0.0663,3.2953,0.1648,20.0,20.0,12.0542,0.6027,0.1452,0.006,-0.2453,0.0031
5%,c:seq,0.5,0.05,40.0,2871.0,54300.0,0.9815,0.9457,0.0,0.0,0.0,0.0,0.5162,0.74,0.6976,0.2621,0.6902,0.1405,7.1608,0.179,40.0,40.0,25.8669,0.6467,0.4184,0.0089,0.0279,0.005
5%,c:seq,0.5,0.1,5.0,2871.0,0.0,0.9815,0.0,,,0.0,0.0,0.0,0.74,0.0,,,0.0,0.0,0.0,5.0,5.0,0.0,0.0,-0.0978,0.0066,-0.4883,0.0066
5%,c:seq,0.5,0.1,10.0,2871.0,0.0,0.9815,0.0,,,0.0,0.0,0.0,0.74,0.0,,,0.0,0.0,0.0,10.0,10.0,0.0,0.0,-0.0978,0.0066,-0.4883,0.0066
5%,c:seq,0.5,0.1,20.0,2871.0,54300.0,0.9815,0.9457,0.0,0.0,0.0,0.0,0.3779,0.74,0.5107,0.2248,0.5416,0.1745,8.6889,0.4344,20.0,20.0,18.7782,0.9389,0.2801,0.0073,-0.1104,0.0035
5%,c:seq,0.5,0.1,40.0,2871.0,54300.0,0.9815,0.9457,0.0,0.0,0.0,0.0,0.553,0.74,0.7473,0.2423,0.6464,0.1667,8.4892,0.2122,40.0,40.0,27.7229,0.6931,0.4552,0.0096,0.0647,0.0059
5%,shipped,0.75,,0.0,2871.0,414.0,0.9314,0.1442,0.0121,0.0054,0.0017,0.0008,0.0548,0.6005,0.0913,0.0,0.0,0.0548,2.6945,,0.0,0.0,2.6945,,0.0,0.0,-0.3826,0.0079
5%,consistent,0.75,,0.0,2871.0,869.0,0.9314,0.3027,0.7699,0.0165,0.233,0.0094,0.2768,0.6005,0.4609,0.0,0.0,0.2768,13.9195,,0.0,0.0,13.9195,,0.222,0.0087,-0.1606,0.0089
5%,census:16,0.75,,0.0,2871.0,2674.0,0.9314,0.9314,0.0,0.0,0.0,0.0,0.2446,0.6005,0.4074,1.0,1.0,0.0,0.0,0.0,16.0,16.0,12.1338,0.7584,0.1898,0.0048,-0.1927,0.0049
5%,census:32,0.75,,0.0,2871.0,2674.0,0.9314,0.9314,0.0,0.0,0.0,0.0,0.4374,0.6005,0.7283,1.0,1.0,0.0,0.0,0.0,32.0,32.0,21.7238,0.6789,0.3826,0.0079,0.0,0.0
5%,a:consistent,0.75,0.05,5.0,2871.0,20.0,0.9314,0.0003,0.0,0.0,0.0,0.0,0.0,0.6005,0.0,1.0,1.0,0.0,0.0,0.0,1.512,5.0,0.001,0.0007,-0.0548,0.0045,-0.4374,0.0086
5%,a:consistent,0.75,0.05,10.0,2871.0,100.0,0.9314,0.0017,0.0,0.0,0.0,0.0,0.0003,0.6005,0.0005,1.0,1.0,0.0,0.0,0.0,3.0212,10.0,0.0139,0.0046,-0.0545,0.0045,-0.4371,0.0086
5%,a:consistent,0.75,0.05,20.0,2871.0,1231.0,0.9314,0.0214,0.0081,0.0028,0.0002,0.0001,0.0145,0.6005,0.0242,0.2924,0.4954,0.007,0.3562,0.0593,6.0021,20.0,0.731,0.1218,-0.0403,0.004,-0.4229,0.0084
5%,a:consistent,0.75,0.05,40.0,2871.0,1971.0,0.9314,0.0343,0.001,0.0007,0.0,0.0,0.0249,0.6005,0.0415,0.4465,0.8387,0.0037,0.1891,0.016,11.8363,40.0,1.2355,0.1044,-0.0299,0.004,-0.4124,0.0084
5%,a:consistent,0.75,0.1,5.0,2871.0,20.0,0.9314,0.0003,0.0,0.0,0.0,0.0,0.0,0.6005,0.0,1.0,1.0,0.0,0.0,0.0,1.512,5.0,0.001,0.0007,-0.0548,0.0045,-0.4374,0.0086
5%,a:consistent,0.75,0.1,10.0,2871.0,1231.0,0.9314,0.0214,0.0471,0.0095,0.001,0.0002,0.0158,0.6005,0.0264,0.0812,0.2401,0.0116,0.581,0.1923,3.0212,10.0,0.7919,0.2621,-0.039,0.0038,-0.4215,0.0083
5%,a:consistent,0.75,0.1,20.0,2871.0,1871.0,0.9314,0.0326,0.0251,0.0051,0.0008,0.0001,0.0248,0.6005,0.0413,0.1924,0.4432,0.0131,0.6556,0.1092,6.0021,20.0,1.2323,0.2053,-0.03,0.0037,-0.4126,0.0083
5%,a:consistent,0.75,0.1,40.0,2871.0,2327.0,0.9314,0.0405,0.003,0.0013,0.0001,0.0001,0.0309,0.6005,0.0515,0.3782,0.8133,0.0053,0.2682,0.0227,11.8363,40.0,1.526,0.1289,-0.0239,0.0038,-0.4064,0.0084
5%,a:top16,0.75,0.05,5.0,2871.0,0.0,0.9314,0.0,,,0.0,0.0,0.0,0.6005,0.0,,,0.0,0.0,0.0,5.0,5.0,0.0,0.0,-0.0548,0.0045,-0.4374,0.0086
5%,a:top16,0.75,0.05,10.0,2871.0,0.0,0.9314,0.0,,,0.0,0.0,0.0,0.6005,0.0,,,0.0,0.0,0.0,10.0,10.0,0.0,0.0,-0.0548,0.0045,-0.4374,0.0086
5%,a:top16,0.75,0.05,20.0,2871.0,42320.0,0.9314,0.737,0.0,0.0,0.0,0.0,0.2249,0.6005,0.3745,1.0,1.0,0.0,0.0,0.0,16.0,16.0,11.1707,0.6982,0.1701,0.0053,-0.2125,0.0041
5%,a:top16,0.75,0.05,40.0,2871.0,42320.0,0.9314,0.737,0.0,0.0,0.0,0.0,0.2249,0.6005,0.3745,1.0,1.0,0.0,0.0,0.0,16.0,16.0,11.1707,0.6982,0.1701,0.0053,-0.2125,0.0041
5%,a:top16,0.75,0.1,5.0,2871.0,0.0,0.9314,0.0,,,0.0,0.0,0.0,0.6005,0.0,,,0.0,0.0,0.0,5.0,5.0,0.0,0.0,-0.0548,0.0045,-0.4374,0.0086
5%,a:top16,0.75,0.1,10.0,2871.0,29483.0,0.9314,0.5135,0.0001,0.0001,0.0001,0.0,0.1642,0.6005,0.2735,0.0,0.625,0.0609,3.0268,0.3027,10.0,10.0,8.1614,0.8161,0.1094,0.0052,-0.2731,0.0046
5%,a:top16,0.75,0.1,20.0,2871.0,42320.0,0.9314,0.737,0.0,0.0,0.0,0.0,0.2249,0.6005,0.3745,1.0,1.0,0.0,0.0,0.0,16.0,16.0,11.1707,0.6982,0.1701,0.0053,-0.2125,0.0041
5%,a:top16,0.75,0.1,40.0,2871.0,42320.0,0.9314,0.737,0.0,0.0,0.0,0.0,0.2249,0.6005,0.3745,1.0,1.0,0.0,0.0,0.0,16.0,16.0,11.1707,0.6982,0.1701,0.0053,-0.2125,0.0041
5%,a:top32,0.75,0.05,5.0,2871.0,0.0,0.9314,0.0,,,0.0,0.0,0.0,0.6005,0.0,,,0.0,0.0,0.0,5.0,5.0,0.0,0.0,-0.0548,0.0045,-0.4374,0.0086
5%,a:top32,0.75,0.05,10.0,2871.0,0.0,0.9314,0.0,,,0.0,0.0,0.0,0.6005,0.0,,,0.0,0.0,0.0,10.0,10.0,0.0,0.0,-0.0548,0.0045,-0.4374,0.0086
5%,a:top32,0.75,0.05,20.0,2871.0,24757.0,0.9314,0.4312,0.0,0.0,0.0,0.0,0.273,0.6005,0.4546,0.0,0.625,0.1016,5.0637,0.2532,20.0,20.0,13.6023,0.6801,0.2182,0.0093,-0.1644,0.0066
5%,a:top32,0.75,0.05,40.0,2871.0,35920.0,0.9314,0.6256,0.0,0.0,0.0,0.0,0.378,0.6005,0.6295,1.0,1.0,0.0,0.0,0.0,32.0,32.0,18.8053,0.5877,0.3232,0.0094,-0.0594,0.0033
5%,a:top32,0.75,0.1,5.0,2871.0,0.0,0.9314,0.0,,,0.0,0.0,0.0,0.6005,0.0,,,0.0,0.0,0.0,5.0,5.0,0.0,0.0,-0.0548,0.0045,-0.4374,0.0086
5%,a:top32,0.75,0.1,10.0,2871.0,23610.0,0.9314,0.4112,0.0032,0.0005,0.0013,0.0002,0.2594,0.6005,0.4319,0.0,0.3125,0.1769,8.8242,0.8824,10.0,10.0,12.936,1.2936,0.2046,0.0088,-0.178,0.0063
5%,a:top32,0.75,0.1,20.0,2871.0,28110.0,0.9314,0.4896,0.0005,0.0001,0.0002,0.0001,0.3069,0.6005,0.5111,0.0,0.625,0.1141,5.6761,0.2838,20.0,20.0,15.2659,0.7633,0.2521,0.0095,-0.1304,0.0056
5%,a:top32,0.75,0.1,40.0,2871.0,35920.0,0.9314,0.6256,0.0,0.0,0.0,0.0,0.378,0.6005,0.6295,1.0,1.0,0.0,0.0,0.0,32.0,32.0,18.8053,0.5877,0.3232,0.0094,-0.0594,0.0033
5%,a:top64,0.75,0.05,5.0,2871.0,0.0,0.9314,0.0,,,0.0,0.0,0.0,0.6005,0.0,,,0.0,0.0,0.0,5.0,5.0,0.0,0.0,-0.0548,0.0045,-0.4374,0.0086
5%,a:top64,0.75,0.05,10.0,2871.0,0.0,0.9314,0.0,,,0.0,0.0,0.0,0.6005,0.0,,,0.0,0.0,0.0,10.0,10.0,0.0,0.0,-0.0548,0.0045,-0.4374,0.0086
5%,a:top64,0.75,0.05,20.0,2871.0,1072.0,0.9314,0.0187,0.0308,0.0071,0.0006,0.0001,0.0181,0.6005,0.0302,0.0,0.3125,0.0118,0.6622,0.0331,20.0,20.0,1.02,0.051,-0.0367,0.0048,-0.4192,0.0085
5%,a:top64,0.75,0.05,40.0,2871.0,2247.0,0.9314,0.0391,0.0009,0.0006,0.0,0.0,0.0381,0.6005,0.0634,0.0,0.625,0.0134,0.7618,0.019,40.0,40.0,2.1638,0.0541,-0.0167,0.0063,-0.3993,0.0092
5%,a:top64,0.75,0.1,5.0,2871.0,0.0,0.9314,0.0,,,0.0,0.0,0.0,0.6005,0.0,,,0.0,0.0,0.0,5.0,5.0,0.0,0.0,-0.0548,0.0045,-0.4374,0.0086
5%,a:top64,0.75,0.1,10.0,2871.0,1780.0,0.9314,0.031,0.159,0.0178,0.0049,0.0004,0.0298,0.6005,0.0497,0.0,0.1562,0.0241,1.3028,0.1303,10.0,10.0,1.6128,0.1613,-0.025,0.0046,-0.4075,0.0082
5%,a:top64,0.75,0.1,20.0,2871.0,2952.0,0.9314,0.0514,0.0705,0.0095,0.0036,0.0004,0.0499,0.6005,0.083,0.0,0.3125,0.0326,1.7915,0.0896,20.0,20.0,2.7376,0.1369,-0.005,0.0057,-0.3875,0.0086
5%,a:top64,0.75,0.1,40.0,2871.0,3913.0,0.9314,0.0681,0.0056,0.0013,0.0004,0.0001,0.0663,0.6005,0.1104,0.0,0.625,0.0234,1.312,0.0328,40.0,40.0,3.7015,0.0925,0.0115,0.0076,-0.3711,0.0098
5%,b:consistent,0.75,0.05,5.0,2871.0,7672.0,0.9314,0.1336,0.0,0.0,0.0,0.0,0.0199,0.6005,0.0332,1.0,1.0,0.0,0.0,0.0,5.6683,20.0,0.9699,0.1711,-0.0349,0.0037,-0.4174,0.008
5%,b:consistent,0.75,0.05,10.0,2871.0,15752.0,0.9314,0.2743,0.0,0.0,0.0,0.0,0.118,0.6005,0.1965,0.4838,0.7102,0.0334,1.6998,0.1887,9.0098,30.0,5.8992,0.6548,0.0632,0.0045,-0.3194,0.0068
5%,b:consistent,0.75,0.05,20.0,2871.0,16746.0,0.9314,0.2916,0.0,0.0,0.0,0.0,0.1749,0.6005,0.2913,0.5764,0.8727,0.0213,1.1064,0.078,14.1858,55.0,8.7736,0.6185,0.1201,0.006,-0.2624,0.0072
5%,b:consistent,0.75,0.05,40.0,2871.0,16760.0,0.9314,0.2919,0.0,0.0,0.0,0.0,0.2001,0.6005,0.3332,0.9659,0.9918,0.0016,0.0805,0.0039,20.4236,80.0,10.0439,0.4918,0.1453,0.0068,-0.2373,0.0073
5%,b:consistent,0.75,0.1,5.0,2871.0,7688.0,0.9314,0.1339,0.0,0.0,0.0,0.0,0.0205,0.6005,0.0341,0.9863,0.984,0.0003,0.0159,0.0028,5.6651,20.0,0.9978,0.1761,-0.0343,0.0037,-0.4169,0.008
5%,b:consistent,0.75,0.1,10.0,2871.0,15997.0,0.9314,0.2786,0.0004,0.0002,0.0001,0.0,0.1484,0.6005,0.2471,0.2435,0.5742,0.0622,3.1377,0.3755,8.3559,30.0,7.4186,0.8878,0.0936,0.0054,-0.289,0.0071
5%,b:consistent,0.75,0.1,20.0,2871.0,16752.0,0.9314,0.2917,0.0005,0.0002,0.0001,0.0001,0.1817,0.6005,0.3025,0.523,0.841,0.0274,1.4134,0.1008,14.0209,55.0,9.1123,0.6499,0.1268,0.0061,-0.2557,0.0073
5%,b:consistent,0.75,0.1,40.0,2871.0,16760.0,0.9314,0.2919,0.0,0.0,0.0,0.0,0.2024,0.6005,0.3371,0.9471,0.9862,0.0026,0.1337,0.0066,20.3962,80.0,10.1572,0.498,0.1476,0.0068,-0.235,0.0074
5%,b:top128,0.75,0.05,5.0,2871.0,49878.0,0.9314,0.8687,0.0,0.0,0.0,0.0,0.1259,0.6005,0.2097,1.0,1.0,0.0,0.0,0.0,23.304,25.0,6.2427,0.2679,0.0711,0.0043,-0.3115,0.0069
5%,b:top128,0.75,0.05,10.0,2871.0,50247.0,0.9314,0.8751,0.0001,0.0,0.0001,0.0,0.3156,0.6005,0.5256,0.7164,0.7938,0.067,3.3558,0.0944,35.5516,39.0,15.6972,0.4415,0.2608,0.0062,-0.1217,0.003
5%,b:top128,0.75,0.05,20.0,2871.0,50260.0,0.9314,0.8753,0.0,0.0,0.0,0.0,0.4207,0.6005,0.7005,0.9674,0.9912,0.003,0.1712,0.003,56.8573,60.0,20.9226,0.368,0.3659,0.0082,-0.0167,0.0011
5%,b:top128,0.75,0.05,40.0,2871.0,50260.0,0.9314,0.8753,0.0,0.0,0.0,0.0,0.4353,0.6005,0.7248,0.986,0.9977,0.0008,0.046,0.0006,81.9447,84.0,21.7094,0.2649,0.3805,0.0086,-0.0021,0.0021
5%,b:top128,0.75,0.1,5.0,2871.0,49878.0,0.9314,0.8687,0.0,0.0,0.0,0.0,0.126,0.6005,0.2099,0.9999,1.0,0.0,0.0001,0.0,23.2874,25.0,6.2488,0.2683,0.0712,0.0043,-0.3114,0.0069
5%,b:top128,0.75,0.1,10.0,2871.0,50250.0,0.9314,0.8751,0.0002,0.0001,0.0002,0.0001,0.3476,0.6005,0.5788,0.6046,0.723,0.0983,4.9292,0.1418,34.7692,39.0,17.3025,0.4976,0.2928,0.0071,-0.0898,0.0033
5%,b:top128,0.75,0.1,20.0,2871.0,50260.0,0.9314,0.8753,0.0,0.0,0.0,0.0,0.4241,0.6005,0.7062,0.9578,0.9814,0.0063,0.3593,0.0063,56.7504,60.0,21.1111,0.372,0.3692,0.0083,-0.0133,0.0015
5%,b:top128,0.75,0.1,40.0,2871.0,50260.0,0.9314,0.8753,0.0,0.0,0.0,0.0,0.4383,0.6005,0.7298,0.9782,0.9966,0.0012,0.0684,0.0008,81.9392,84.0,21.882,0.2671,0.3835,0.0087,0.0009,0.0024
5%,b:top128/3,0.75,0.05,5.0,2871.0,0.0,0.9314,0.0,,,0.0,0.0,0.0,0.6005,0.0,,,0.0,0.0,0.0,15.0,15.0,0.0,0.0,-0.0548,0.0045,-0.4374,0.0086
5%,b:top128/3,0.75,0.05,10.0,2871.0,19675.0,0.9314,0.3427,0.0007,0.0002,0.0002,0.0001,0.2199,0.6005,0.3662,0.0,0.5424,0.0992,4.9784,0.1662,29.9495,30.0,11.0118,0.3677,0.1651,0.0085,-0.2175,0.0071
5%,b:top128/3,0.75,0.05,20.0,2871.0,35267.0,0.9314,0.6142,0.0001,0.0,0.0001,0.0,0.3768,0.6005,0.6275,0.9394,0.9783,0.0064,0.3633,0.0064,56.7149,60.0,18.7877,0.3313,0.322,0.0095,-0.0605,0.0036
5%,b:top128/3,0.75,0.05,40.0,2871.0,35920.0,0.9314,0.6256,0.0,0.0,0.0,0.0,0.3943,0.6005,0.6566,0.9699,0.9962,0.0011,0.066,0.0008,81.927,84.0,19.7179,0.2407,0.3395,0.01,-0.0431,0.0042
5%,b:top128/3,0.75,0.1,5.0,2871.0,553.0,0.9314,0.0096,0.0018,0.0018,0.0,0.0,0.0061,0.6005,0.0102,0.0,0.38,0.0038,0.1869,0.0125,15.0,15.0,0.304,0.0203,-0.0487,0.0044,-0.4313,0.0084
5%,b:top128/3,0.75,0.1,10.0,2871.0,22056.0,0.9314,0.3841,0.0016,0.0003,0.0006,0.0001,0.248,0.6005,0.413,0.0,0.532,0.1139,5.7185,0.1913,29.8939,30.0,12.4129,0.4152,0.1932,0.0091,-0.1894,0.0071
5%,b:top128/3,0.75,0.1,20.0,2871.0,35347.0,0.9314,0.6156,0.0003,0.0001,0.0002,0.0001,0.3806,0.6005,0.6338,0.9266,0.9669,0.0098,0.5548,0.0098,56.5995,60.0,18.992,0.3356,0.3258,0.0096,-0.0568,0.0037
5%,b:top128/3,0.75,0.1,40.0,2871.0,35920.0,0.9314,0.6256,0.0,0.0,0.0,0.0,0.3981,0.6005,0.663,0.9533,0.994,0.0018,0.1044,0.0013,81.9155,84.0,19.9353,0.2434,0.3433,0.0102,-0.0393,0.0045
5%,c:union,0.75,0.05,5.0,2871.0,0.0,0.9314,0.0,,,0.0,0.0,0.0,0.6005,0.0,,,0.0,0.0,0.0,5.0,5.0,0.0,0.0,-0.0548,0.0045,-0.4374,0.0086
5%,c:union,0.75,0.05,10.0,2871.0,0.0,0.9314,0.0,,,0.0,0.0,0.0,0.6005,0.0,,,0.0,0.0,0.0,10.0,10.0,0.0,0.0,-0.0548,0.0045,-0.4374,0.0086
5%,c:union,0.75,0.05,20.0,2871.0,49900.0,0.9314,0.869,0.0,0.0,0.0,0.0,0.1282,0.6005,0.2134,1.0,1.0,0.0,0.0,0.0,20.0,20.0,6.3553,0.3178,0.0734,0.0043,-0.3092,0.0069
5%,c:union,0.75,0.05,40.0,2871.0,50260.0,0.9314,0.8753,0.0,0.0,0.0,0.0,0.3572,0.6005,0.5948,0.5736,0.8398,0.0583,2.9118,0.0728,40.0,40.0,17.766,0.4441,0.3024,0.0073,-0.0802,0.0032
5%,c:union,0.75,0.1,5.0,2871.0,0.0,0.9314,0.0,,,0.0,0.0,0.0,0.6005,0.0,,,0.0,0.0,0.0,5.0,5.0,0.0,0.0,-0.0548,0.0045,-0.4374,0.0086
5%,c:union,0.75,0.1,10.0,2871.0,0.0,0.9314,0.0,,,0.0,0.0,0.0,0.6005,0.0,,,0.0,0.0,0.0,10.0,10.0,0.0,0.0,-0.0548,0.0045,-0.4374,0.0086
5%,c:union,0.75,0.1,20.0,2871.0,49900.0,0.9314,0.869,0.0,0.0,0.0,0.0,0.1282,0.6005,0.2134,1.0,1.0,0.0,0.0,0.0,20.0,20.0,6.3553,0.3178,0.0734,0.0043,-0.3092,0.0069
5%,c:union,0.75,0.1,40.0,2871.0,50260.0,0.9314,0.8753,0.0,0.0,0.0,0.0,0.3584,0.6005,0.5968,0.5689,0.8386,0.0588,2.937,0.0734,40.0,40.0,17.8238,0.4456,0.3036,0.0073,-0.079,0.0031
5%,c:seq,0.75,0.05,5.0,2871.0,0.0,0.9314,0.0,,,0.0,0.0,0.0,0.6005,0.0,,,0.0,0.0,0.0,5.0,5.0,0.0,0.0,-0.0548,0.0045,-0.4374,0.0086
5%,c:seq,0.75,0.05,10.0,2871.0,0.0,0.9314,0.0,,,0.0,0.0,0.0,0.6005,0.0,,,0.0,0.0,0.0,10.0,10.0,0.0,0.0,-0.0548,0.0045,-0.4374,0.0086
5%,c:seq,0.75,0.05,20.0,2871.0,49220.0,0.9314,0.8572,0.0,0.0,0.0,0.0,0.1267,0.6005,0.211,1.0,1.0,0.0,0.0,0.0,20.0,20.0,6.2842,0.3142,0.0719,0.0043,-0.3107,0.0069
5%,c:seq,0.75,0.05,40.0,2871.0,49220.0,0.9314,0.8572,0.0,0.0,0.0,0.0,0.3737,0.6005,0.6223,0.4805,0.8173,0.0687,3.4199,0.0855,40.0,40.0,18.5709,0.4643,0.3189,0.0078,-0.0637,0.0028
5%,c:seq,0.75,0.1,5.0,2871.0,0.0,0.9314,0.0,,,0.0,0.0,0.0,0.6005,0.0,,,0.0,0.0,0.0,5.0,5.0,0.0,0.0,-0.0548,0.0045,-0.4374,0.0086
5%,c:seq,0.75,0.1,10.0,2871.0,0.0,0.9314,0.0,,,0.0,0.0,0.0,0.6005,0.0,,,0.0,0.0,0.0,10.0,10.0,0.0,0.0,-0.0548,0.0045,-0.4374,0.0086
5%,c:seq,0.75,0.1,20.0,2871.0,49220.0,0.9314,0.8572,0.0,0.0,0.0,0.0,0.1267,0.6005,0.211,1.0,1.0,0.0,0.0,0.0,20.0,20.0,6.2842,0.3142,0.0719,0.0043,-0.3107,0.0069
5%,c:seq,0.75,0.1,40.0,2871.0,49220.0,0.9314,0.8572,0.0001,0.0,0.0001,0.0,0.3818,0.6005,0.6357,0.455,0.8072,0.073,3.6444,0.0911,40.0,40.0,18.9862,0.4747,0.327,0.008,-0.0556,0.0027
