rule,family,param,runs,auc150,auc50,at_5,at_10,at_15,at_20,at_25,at_30,at_40,at_50,at_75,at_100,at_150,gain150,gain150_se,gain50,gain50_se,worse_runs,better_runs,gain150_h0,gain150_h1,tag,beta
today,today,,717,0.48836,0.31476,0.17443,0.17443,0.17443,0.17443,0.34372,0.41055,0.46205,0.48814,0.53881,0.58881,0.61683,0.0,0.0,0.0,0.0,0.0,0.0,0.0,0.0,binary1pct_b025,0.25
detector_always,always,,717,0.52168,0.40435,0.32948,0.37077,0.3896,0.39649,0.39879,0.43501,0.4778,0.50493,0.54648,0.59144,0.61782,0.03332,0.00417,0.08959,0.01153,0.24686,0.73919,0.04155,0.0243,binary1pct_b025,0.25
ceiling_opening,ceiling,,717,0.52776,0.41906,0.35609,0.38874,0.40702,0.41388,0.41366,0.44833,0.48875,0.5125,0.54924,0.59201,0.61806,0.03939,0.00359,0.1043,0.01014,0.0,0.8954,0.04594,0.03221,binary1pct_b025,0.25
ceiling_any,ceiling,,717,0.52912,0.41975,0.35609,0.38874,0.40702,0.41388,0.41632,0.44912,0.49007,0.51416,0.55154,0.59416,0.61946,0.04075,0.00348,0.10499,0.01007,0.0,0.9749,0.04691,0.034,binary1pct_b025,0.25
click_0,click,0,717,0.52168,0.40435,0.32948,0.37077,0.3896,0.39649,0.39879,0.43501,0.4778,0.50493,0.54648,0.59144,0.61782,0.03332,0.00417,0.08959,0.01153,0.24686,0.73919,0.04155,0.0243,binary1pct_b025,0.25
click_1,click,1,717,0.52168,0.40435,0.32948,0.37077,0.3896,0.39649,0.39879,0.43501,0.4778,0.50493,0.54648,0.59144,0.61782,0.03332,0.00417,0.08959,0.01153,0.24686,0.73919,0.04155,0.0243,binary1pct_b025,0.25
click_2,click,2,717,0.52168,0.40435,0.32948,0.37077,0.3896,0.39649,0.39879,0.43501,0.4778,0.50493,0.54648,0.59144,0.61782,0.03332,0.00417,0.08959,0.01153,0.24686,0.73919,0.04155,0.0243,binary1pct_b025,0.25
click_3,click,3,717,0.52174,0.40453,0.32948,0.37077,0.3896,0.39649,0.39879,0.43501,0.4778,0.50493,0.54648,0.59144,0.61782,0.03338,0.00417,0.08976,0.01152,0.24686,0.73919,0.04159,0.02437,binary1pct_b025,0.25
click_4,click,4,717,0.52182,0.40477,0.32948,0.37077,0.3896,0.39649,0.39879,0.43501,0.4778,0.50493,0.54648,0.59144,0.61782,0.03346,0.00415,0.09,0.01148,0.24686,0.73919,0.04163,0.0245,binary1pct_b025,0.25
click_5,click,5,717,0.52183,0.40478,0.32948,0.37077,0.3896,0.39649,0.39879,0.43501,0.4778,0.50493,0.54648,0.59144,0.61782,0.03346,0.00411,0.09002,0.01133,0.24547,0.74059,0.04137,0.02479,binary1pct_b025,0.25
click_6,click,6,717,0.52079,0.40168,0.17443,0.37077,0.3896,0.39649,0.39879,0.43501,0.4778,0.50493,0.54648,0.59144,0.61782,0.03243,0.00397,0.08692,0.01088,0.24128,0.74477,0.03983,0.02431,binary1pct_b025,0.25
click_7,click,7,717,0.51975,0.39854,0.17443,0.37077,0.3896,0.39649,0.39879,0.43501,0.4778,0.50493,0.54648,0.59144,0.61782,0.03138,0.00382,0.08378,0.0104,0.23989,0.74616,0.0383,0.0238,binary1pct_b025,0.25
click_8,click,8,717,0.51855,0.39496,0.17443,0.37077,0.3896,0.39649,0.39879,0.43501,0.4778,0.50493,0.54648,0.59144,0.61782,0.03019,0.00368,0.08019,0.00994,0.23989,0.74616,0.03669,0.02306,binary1pct_b025,0.25
click_9,click,9,717,0.51734,0.39133,0.17443,0.37077,0.3896,0.39649,0.39879,0.43501,0.4778,0.50493,0.54648,0.59144,0.61782,0.02898,0.00355,0.07656,0.00947,0.23849,0.74756,0.035,0.02238,binary1pct_b025,0.25
click_10,click,10,717,0.51607,0.38753,0.17443,0.37077,0.3896,0.39649,0.39879,0.43501,0.4778,0.50493,0.54648,0.59144,0.61782,0.02771,0.00341,0.07276,0.009,0.23989,0.74616,0.03327,0.02161,binary1pct_b025,0.25
click_11,click,11,717,0.51477,0.3836,0.17443,0.17443,0.3896,0.39649,0.39879,0.43501,0.4778,0.50493,0.54648,0.59144,0.61782,0.0264,0.00327,0.06883,0.00852,0.2371,0.74895,0.03153,0.02078,binary1pct_b025,0.25
click_12,click,12,717,0.51342,0.37957,0.17443,0.17443,0.3896,0.39649,0.39879,0.43501,0.4778,0.50493,0.54648,0.59144,0.61782,0.02506,0.00312,0.06481,0.00804,0.23849,0.74756,0.02977,0.0199,binary1pct_b025,0.25
click_13,click,13,717,0.51205,0.37544,0.17443,0.17443,0.3896,0.39649,0.39879,0.43501,0.4778,0.50493,0.54648,0.59144,0.61782,0.02368,0.00298,0.06067,0.00753,0.24128,0.74477,0.02794,0.01901,binary1pct_b025,0.25
click_14,click,14,717,0.5107,0.37139,0.17443,0.17443,0.3896,0.39649,0.39879,0.43501,0.4778,0.50493,0.54648,0.59144,0.61782,0.02233,0.00284,0.05662,0.00703,0.24128,0.74477,0.02613,0.01817,binary1pct_b025,0.25
click_15,click,15,717,0.50936,0.36739,0.17443,0.17443,0.3896,0.39649,0.39879,0.43501,0.4778,0.50493,0.54648,0.59144,0.61782,0.021,0.00271,0.05263,0.00654,0.24407,0.74198,0.02436,0.01731,binary1pct_b025,0.25
click_16,click,16,717,0.50793,0.36309,0.17443,0.17443,0.17443,0.39649,0.39879,0.43501,0.4778,0.50493,0.54648,0.59144,0.61782,0.01957,0.00258,0.04832,0.00606,0.24407,0.74198,0.02253,0.01632,binary1pct_b025,0.25
click_17,click,17,717,0.50652,0.35887,0.17443,0.17443,0.17443,0.39649,0.39879,0.43501,0.4778,0.50493,0.54648,0.59144,0.61782,0.01816,0.00246,0.0441,0.00561,0.24826,0.7378,0.02073,0.01534,binary1pct_b025,0.25
click_18,click,18,717,0.50511,0.35465,0.17443,0.17443,0.17443,0.39649,0.39879,0.43501,0.4778,0.50493,0.54648,0.59144,0.61782,0.01675,0.00234,0.03988,0.00516,0.24826,0.7378,0.01893,0.01437,binary1pct_b025,0.25
click_19,click,19,717,0.50368,0.35033,0.17443,0.17443,0.17443,0.39649,0.39879,0.43501,0.4778,0.50493,0.54648,0.59144,0.61782,0.01531,0.00223,0.03557,0.00471,0.24965,0.7364,0.01708,0.01337,binary1pct_b025,0.25
click_20,click,20,717,0.50226,0.34608,0.17443,0.17443,0.17443,0.39649,0.39879,0.43501,0.4778,0.50493,0.54648,0.59144,0.61782,0.0139,0.00213,0.03131,0.00428,0.24826,0.7378,0.0153,0.01236,binary1pct_b025,0.25
click_21,click,21,717,0.50078,0.34164,0.17443,0.17443,0.17443,0.17443,0.39879,0.43501,0.4778,0.50493,0.54648,0.59144,0.61782,0.01242,0.00203,0.02687,0.00387,0.24686,0.73919,0.01342,0.01132,binary1pct_b025,0.25
click_22,click,22,717,0.49929,0.33718,0.17443,0.17443,0.17443,0.17443,0.39879,0.43501,0.4778,0.50493,0.54648,0.59144,0.61782,0.01093,0.00195,0.02242,0.00351,0.24547,0.74059,0.01152,0.01029,binary1pct_b025,0.25
click_23,click,23,717,0.4978,0.3327,0.17443,0.17443,0.17443,0.17443,0.39879,0.43501,0.4778,0.50493,0.54648,0.59144,0.61782,0.00944,0.00188,0.01794,0.0032,0.24686,0.7378,0.0096,0.00925,binary1pct_b025,0.25
click_24,click,24,717,0.49632,0.32826,0.17443,0.17443,0.17443,0.17443,0.39879,0.43501,0.4778,0.50493,0.54648,0.59144,0.61782,0.00796,0.00184,0.0135,0.00295,0.23989,0.46722,0.00771,0.00822,binary1pct_b025,0.25
click_25,click,25,717,0.49577,0.32661,0.17443,0.17443,0.17443,0.17443,0.39879,0.43501,0.4778,0.50493,0.54648,0.59144,0.61782,0.0074,0.00181,0.01184,0.00284,0.23291,0.38633,0.0071,0.00774,binary1pct_b025,0.25
click_26,click,26,717,0.4954,0.3255,0.17443,0.17443,0.17443,0.17443,0.34372,0.43501,0.4778,0.50493,0.54648,0.59144,0.61782,0.00704,0.00178,0.01074,0.0027,0.2357,0.35425,0.00672,0.00738,binary1pct_b025,0.25
click_27,click,27,717,0.49511,0.32463,0.17443,0.17443,0.17443,0.17443,0.34372,0.43501,0.4778,0.50493,0.54648,0.59144,0.61782,0.00674,0.00175,0.00986,0.00258,0.23431,0.33333,0.00643,0.0071,binary1pct_b025,0.25
click_28,click,28,717,0.49484,0.32381,0.17443,0.17443,0.17443,0.17443,0.34372,0.43501,0.4778,0.50493,0.54648,0.59144,0.61782,0.00647,0.00173,0.00905,0.00249,0.22873,0.32078,0.00621,0.00676,binary1pct_b025,0.25
click_29,click,29,717,0.49459,0.32308,0.17443,0.17443,0.17443,0.17443,0.34372,0.43501,0.4778,0.50493,0.54648,0.59144,0.61782,0.00623,0.00169,0.00832,0.00238,0.22873,0.29986,0.00595,0.00653,binary1pct_b025,0.25
click_30,click,30,717,0.49439,0.32248,0.17443,0.17443,0.17443,0.17443,0.34372,0.43501,0.4778,0.50493,0.54648,0.59144,0.61782,0.00603,0.00166,0.00772,0.00226,0.22176,0.29289,0.00576,0.00633,binary1pct_b025,0.25
click_31,click,31,717,0.49423,0.32199,0.17443,0.17443,0.17443,0.17443,0.34372,0.41055,0.4778,0.50493,0.54648,0.59144,0.61782,0.00587,0.00163,0.00723,0.00214,0.22036,0.28591,0.00562,0.00614,binary1pct_b025,0.25
click_32,click,32,717,0.4941,0.32159,0.17443,0.17443,0.17443,0.17443,0.34372,0.41055,0.4778,0.50493,0.54648,0.59144,0.61782,0.00573,0.0016,0.00683,0.00204,0.21478,0.28591,0.0055,0.00598,binary1pct_b025,0.25
click_33,click,33,717,0.49396,0.32117,0.17443,0.17443,0.17443,0.17443,0.34372,0.41055,0.4778,0.50493,0.54648,0.59144,0.61782,0.00559,0.00156,0.00641,0.00193,0.21199,0.28312,0.0054,0.0058,binary1pct_b025,0.25
click_34,click,34,717,0.49383,0.32079,0.17443,0.17443,0.17443,0.17443,0.34372,0.41055,0.4778,0.50493,0.54648,0.59144,0.61782,0.00547,0.00154,0.00603,0.00183,0.2106,0.27476,0.00528,0.00567,binary1pct_b025,0.25
click_35,click,35,717,0.49369,0.32039,0.17443,0.17443,0.17443,0.17443,0.34372,0.41055,0.4778,0.50493,0.54648,0.59144,0.61782,0.00533,0.0015,0.00562,0.00172,0.20781,0.26918,0.00515,0.00553,binary1pct_b025,0.25
click_36,click,36,717,0.49358,0.32003,0.17443,0.17443,0.17443,0.17443,0.34372,0.41055,0.4778,0.50493,0.54648,0.59144,0.61782,0.00521,0.00147,0.00527,0.00162,0.20781,0.25802,0.00503,0.00542,binary1pct_b025,0.25
click_37,click,37,717,0.49345,0.31967,0.17443,0.17443,0.17443,0.17443,0.34372,0.41055,0.4778,0.50493,0.54648,0.59144,0.61782,0.00509,0.00143,0.0049,0.00152,0.20363,0.25384,0.00491,0.00529,binary1pct_b025,0.25
click_38,click,38,717,0.49335,0.31934,0.17443,0.17443,0.17443,0.17443,0.34372,0.41055,0.4778,0.50493,0.54648,0.59144,0.61782,0.00498,0.00141,0.00458,0.00142,0.20084,0.24826,0.00482,0.00516,binary1pct_b025,0.25
click_39,click,39,717,0.49322,0.31897,0.17443,0.17443,0.17443,0.17443,0.34372,0.41055,0.4778,0.50493,0.54648,0.59144,0.61782,0.00486,0.00138,0.00421,0.00131,0.19665,0.24128,0.00474,0.00499,binary1pct_b025,0.25
click_40,click,40,717,0.49311,0.31863,0.17443,0.17443,0.17443,0.17443,0.34372,0.41055,0.4778,0.50493,0.54648,0.59144,0.61782,0.00475,0.00135,0.00387,0.00121,0.19386,0.23152,0.00466,0.00484,binary1pct_b025,0.25
click_41,click,41,717,0.493,0.31832,0.17443,0.17443,0.17443,0.17443,0.34372,0.41055,0.46205,0.50493,0.54648,0.59144,0.61782,0.00464,0.00132,0.00355,0.00112,0.19107,0.22873,0.00458,0.0047,binary1pct_b025,0.25
click_42,click,42,717,0.4929,0.31799,0.17443,0.17443,0.17443,0.17443,0.34372,0.41055,0.46205,0.50493,0.54648,0.59144,0.61782,0.00453,0.00129,0.00322,0.00101,0.18131,0.23152,0.0045,0.00457,binary1pct_b025,0.25
click_43,click,43,717,0.49277,0.3176,0.17443,0.17443,0.17443,0.17443,0.34372,0.41055,0.46205,0.50493,0.54648,0.59144,0.61782,0.0044,0.00125,0.00284,0.00089,0.17573,0.22734,0.00439,0.00442,binary1pct_b025,0.25
click_44,click,44,717,0.49265,0.31726,0.17443,0.17443,0.17443,0.17443,0.34372,0.41055,0.46205,0.50493,0.54648,0.59144,0.61782,0.00429,0.00122,0.00249,0.00077,0.17155,0.22176,0.0043,0.00428,binary1pct_b025,0.25
click_45,click,45,717,0.49253,0.31688,0.17443,0.17443,0.17443,0.17443,0.34372,0.41055,0.46205,0.50493,0.54648,0.59144,0.61782,0.00416,0.00118,0.00212,0.00066,0.16597,0.21618,0.0042,0.00412,binary1pct_b025,0.25
click_46,click,46,717,0.49241,0.31653,0.17443,0.17443,0.17443,0.17443,0.34372,0.41055,0.46205,0.50493,0.54648,0.59144,0.61782,0.00404,0.00115,0.00176,0.00055,0.16318,0.21339,0.00412,0.00396,binary1pct_b025,0.25
click_47,click,47,717,0.4923,0.31619,0.17443,0.17443,0.17443,0.17443,0.34372,0.41055,0.46205,0.50493,0.54648,0.59144,0.61782,0.00393,0.00112,0.00143,0.00044,0.15202,0.2106,0.00404,0.00381,binary1pct_b025,0.25
click_48,click,48,717,0.49216,0.31579,0.17443,0.17443,0.17443,0.17443,0.34372,0.41055,0.46205,0.50493,0.54648,0.59144,0.61782,0.0038,0.00109,0.00103,0.00033,0.15063,0.20921,0.00394,0.00365,binary1pct_b025,0.25
click_49,click,49,717,0.49205,0.31545,0.17443,0.17443,0.17443,0.17443,0.34372,0.41055,0.46205,0.50493,0.54648,0.59144,0.61782,0.00369,0.00106,0.00069,0.00023,0.15342,0.20084,0.00388,0.00348,binary1pct_b025,0.25
click_50,click,50,717,0.49193,0.3151,0.17443,0.17443,0.17443,0.17443,0.34372,0.41055,0.46205,0.50493,0.54648,0.59144,0.61782,0.00357,0.00103,0.00034,0.00012,0.15202,0.20223,0.00377,0.00335,binary1pct_b025,0.25
click_51,click,51,717,0.49182,0.31476,0.17443,0.17443,0.17443,0.17443,0.34372,0.41055,0.46205,0.48814,0.54648,0.59144,0.61782,0.00346,0.001,0.0,0.0,0.15342,0.19805,0.00367,0.00322,binary1pct_b025,0.25
click_52,click,52,717,0.4917,0.31476,0.17443,0.17443,0.17443,0.17443,0.34372,0.41055,0.46205,0.48814,0.54648,0.59144,0.61782,0.00334,0.00096,0.0,0.0,0.14784,0.19944,0.00358,0.00307,binary1pct_b025,0.25
click_53,click,53,717,0.49158,0.31476,0.17443,0.17443,0.17443,0.17443,0.34372,0.41055,0.46205,0.48814,0.54648,0.59144,0.61782,0.00321,0.00093,0.0,0.0,0.14086,0.19247,0.00348,0.00293,binary1pct_b025,0.25
click_54,click,54,717,0.49146,0.31476,0.17443,0.17443,0.17443,0.17443,0.34372,0.41055,0.46205,0.48814,0.54648,0.59144,0.61782,0.00309,0.0009,0.0,0.0,0.13529,0.19107,0.00338,0.00278,binary1pct_b025,0.25
click_55,click,55,717,0.49134,0.31476,0.17443,0.17443,0.17443,0.17443,0.34372,0.41055,0.46205,0.48814,0.54648,0.59144,0.61782,0.00298,0.00087,0.0,0.0,0.12971,0.18828,0.00328,0.00264,binary1pct_b025,0.25
click_56,click,56,717,0.4912,0.31476,0.17443,0.17443,0.17443,0.17443,0.34372,0.41055,0.46205,0.48814,0.54648,0.59144,0.61782,0.00284,0.00084,0.0,0.0,0.12273,0.18689,0.00318,0.00247,binary1pct_b025,0.25
click_57,click,57,717,0.49107,0.31476,0.17443,0.17443,0.17443,0.17443,0.34372,0.41055,0.46205,0.48814,0.54648,0.59144,0.61782,0.00271,0.00081,0.0,0.0,0.12134,0.18271,0.00307,0.00231,binary1pct_b025,0.25
click_58,click,58,717,0.49093,0.31476,0.17443,0.17443,0.17443,0.17443,0.34372,0.41055,0.46205,0.48814,0.54648,0.59144,0.61782,0.00257,0.00078,0.0,0.0,0.12134,0.17573,0.00295,0.00215,binary1pct_b025,0.25
click_59,click,59,717,0.49082,0.31476,0.17443,0.17443,0.17443,0.17443,0.34372,0.41055,0.46205,0.48814,0.54648,0.59144,0.61782,0.00245,0.00075,0.0,0.0,0.11715,0.16457,0.00286,0.002,binary1pct_b025,0.25
click_60,click,60,717,0.4907,0.31476,0.17443,0.17443,0.17443,0.17443,0.34372,0.41055,0.46205,0.48814,0.54648,0.59144,0.61782,0.00234,0.00072,0.0,0.0,0.11715,0.15621,0.00279,0.00185,binary1pct_b025,0.25
click_61,click,61,717,0.49062,0.31476,0.17443,0.17443,0.17443,0.17443,0.34372,0.41055,0.46205,0.48814,0.54648,0.59144,0.61782,0.00226,0.0007,0.0,0.0,0.11437,0.15481,0.00273,0.00174,binary1pct_b025,0.25
click_62,click,62,717,0.49054,0.31476,0.17443,0.17443,0.17443,0.17443,0.34372,0.41055,0.46205,0.48814,0.54648,0.59144,0.61782,0.00217,0.00068,0.0,0.0,0.106,0.15342,0.00267,0.00163,binary1pct_b025,0.25
click_63,click,63,717,0.49046,0.31476,0.17443,0.17443,0.17443,0.17443,0.34372,0.41055,0.46205,0.48814,0.54648,0.59144,0.61782,0.00209,0.00066,0.0,0.0,0.10181,0.15342,0.00261,0.00153,binary1pct_b025,0.25
click_64,click,64,717,0.49037,0.31476,0.17443,0.17443,0.17443,0.17443,0.34372,0.41055,0.46205,0.48814,0.54648,0.59144,0.61782,0.00201,0.00064,0.0,0.0,0.09763,0.15202,0.00253,0.00144,binary1pct_b025,0.25
click_65,click,65,717,0.49029,0.31476,0.17443,0.17443,0.17443,0.17443,0.34372,0.41055,0.46205,0.48814,0.54648,0.59144,0.61782,0.00193,0.00062,0.0,0.0,0.09763,0.14505,0.00245,0.00136,binary1pct_b025,0.25
click_66,click,66,717,0.49023,0.31476,0.17443,0.17443,0.17443,0.17443,0.34372,0.41055,0.46205,0.48814,0.54648,0.59144,0.61782,0.00186,0.0006,0.0,0.0,0.09484,0.13947,0.00238,0.00129,binary1pct_b025,0.25
click_67,click,67,717,0.49016,0.31476,0.17443,0.17443,0.17443,0.17443,0.34372,0.41055,0.46205,0.48814,0.54648,0.59144,0.61782,0.00179,0.00058,0.0,0.0,0.09623,0.1311,0.00233,0.0012,binary1pct_b025,0.25
click_68,click,68,717,0.4901,0.31476,0.17443,0.17443,0.17443,0.17443,0.34372,0.41055,0.46205,0.48814,0.54648,0.59144,0.61782,0.00174,0.00057,0.0,0.0,0.09484,0.12971,0.00228,0.00114,binary1pct_b025,0.25
click_69,click,69,717,0.49004,0.31476,0.17443,0.17443,0.17443,0.17443,0.34372,0.41055,0.46205,0.48814,0.54648,0.59144,0.61782,0.00168,0.00055,0.0,0.0,0.09066,0.1311,0.00223,0.00107,binary1pct_b025,0.25
click_70,click,70,717,0.48999,0.31476,0.17443,0.17443,0.17443,0.17443,0.34372,0.41055,0.46205,0.48814,0.54648,0.59144,0.61782,0.00162,0.00053,0.0,0.0,0.08647,0.12831,0.00217,0.00102,binary1pct_b025,0.25
click_71,click,71,717,0.48993,0.31476,0.17443,0.17443,0.17443,0.17443,0.34372,0.41055,0.46205,0.48814,0.54648,0.59144,0.61782,0.00157,0.00052,0.0,0.0,0.08787,0.12273,0.00212,0.00096,binary1pct_b025,0.25
click_72,click,72,717,0.48987,0.31476,0.17443,0.17443,0.17443,0.17443,0.34372,0.41055,0.46205,0.48814,0.54648,0.59144,0.61782,0.00151,0.0005,0.0,0.0,0.08229,0.12273,0.00207,0.00089,binary1pct_b025,0.25
click_73,click,73,717,0.48981,0.31476,0.17443,0.17443,0.17443,0.17443,0.34372,0.41055,0.46205,0.48814,0.54648,0.59144,0.61782,0.00145,0.00049,0.0,0.0,0.0795,0.12134,0.00201,0.00083,binary1pct_b025,0.25
click_74,click,74,717,0.48975,0.31476,0.17443,0.17443,0.17443,0.17443,0.34372,0.41055,0.46205,0.48814,0.54648,0.59144,0.61782,0.00139,0.00047,0.0,0.0,0.0795,0.11715,0.00197,0.00076,binary1pct_b025,0.25
click_75,click,75,717,0.48969,0.31476,0.17443,0.17443,0.17443,0.17443,0.34372,0.41055,0.46205,0.48814,0.54648,0.59144,0.61782,0.00133,0.00046,0.0,0.0,0.07671,0.11297,0.00191,0.00069,binary1pct_b025,0.25
click_76,click,76,717,0.48964,0.31476,0.17443,0.17443,0.17443,0.17443,0.34372,0.41055,0.46205,0.48814,0.53881,0.59144,0.61782,0.00128,0.00045,0.0,0.0,0.07671,0.11018,0.00186,0.00063,binary1pct_b025,0.25
click_77,click,77,717,0.48958,0.31476,0.17443,0.17443,0.17443,0.17443,0.34372,0.41055,0.46205,0.48814,0.53881,0.59144,0.61782,0.00122,0.00044,0.0,0.0,0.07392,0.1046,0.00181,0.00057,binary1pct_b025,0.25
click_78,click,78,717,0.48953,0.31476,0.17443,0.17443,0.17443,0.17443,0.34372,0.41055,0.46205,0.48814,0.53881,0.59144,0.61782,0.00117,0.00042,0.0,0.0,0.07113,0.09902,0.00175,0.00053,binary1pct_b025,0.25
click_79,click,79,717,0.48949,0.31476,0.17443,0.17443,0.17443,0.17443,0.34372,0.41055,0.46205,0.48814,0.53881,0.59144,0.61782,0.00112,0.00041,0.0,0.0,0.06555,0.09623,0.00169,0.0005,binary1pct_b025,0.25
click_80,click,80,717,0.48944,0.31476,0.17443,0.17443,0.17443,0.17443,0.34372,0.41055,0.46205,0.48814,0.53881,0.59144,0.61782,0.00108,0.00039,0.0,0.0,0.06555,0.09344,0.00162,0.00048,binary1pct_b025,0.25
click_81,click,81,717,0.4894,0.31476,0.17443,0.17443,0.17443,0.17443,0.34372,0.41055,0.46205,0.48814,0.53881,0.59144,0.61782,0.00104,0.00038,0.0,0.0,0.06416,0.08926,0.00156,0.00047,binary1pct_b025,0.25
click_82,click,82,717,0.48937,0.31476,0.17443,0.17443,0.17443,0.17443,0.34372,0.41055,0.46205,0.48814,0.53881,0.59144,0.61782,0.001,0.00037,0.0,0.0,0.06137,0.08647,0.0015,0.00045,binary1pct_b025,0.25
click_83,click,83,717,0.48934,0.31476,0.17443,0.17443,0.17443,0.17443,0.34372,0.41055,0.46205,0.48814,0.53881,0.59144,0.61782,0.00097,0.00036,0.0,0.0,0.05997,0.08229,0.00145,0.00044,binary1pct_b025,0.25
click_84,click,84,717,0.48931,0.31476,0.17443,0.17443,0.17443,0.17443,0.34372,0.41055,0.46205,0.48814,0.53881,0.59144,0.61782,0.00094,0.00035,0.0,0.0,0.05579,0.08229,0.00141,0.00044,binary1pct_b025,0.25
click_85,click,85,717,0.48928,0.31476,0.17443,0.17443,0.17443,0.17443,0.34372,0.41055,0.46205,0.48814,0.53881,0.59144,0.61782,0.00092,0.00034,0.0,0.0,0.05439,0.08089,0.00136,0.00043,binary1pct_b025,0.25
click_86,click,86,717,0.48925,0.31476,0.17443,0.17443,0.17443,0.17443,0.34372,0.41055,0.46205,0.48814,0.53881,0.59144,0.61782,0.00089,0.00033,0.0,0.0,0.05439,0.08089,0.00131,0.00042,binary1pct_b025,0.25
click_87,click,87,717,0.48922,0.31476,0.17443,0.17443,0.17443,0.17443,0.34372,0.41055,0.46205,0.48814,0.53881,0.59144,0.61782,0.00085,0.00031,0.0,0.0,0.0516,0.0781,0.00125,0.00041,binary1pct_b025,0.25
click_88,click,88,717,0.48919,0.31476,0.17443,0.17443,0.17443,0.17443,0.34372,0.41055,0.46205,0.48814,0.53881,0.59144,0.61782,0.00082,0.00031,0.0,0.0,0.04881,0.07252,0.00121,0.0004,binary1pct_b025,0.25
click_89,click,89,717,0.48916,0.31476,0.17443,0.17443,0.17443,0.17443,0.34372,0.41055,0.46205,0.48814,0.53881,0.59144,0.61782,0.0008,0.0003,0.0,0.0,0.04881,0.06834,0.00117,0.0004,binary1pct_b025,0.25
click_90,click,90,717,0.48914,0.31476,0.17443,0.17443,0.17443,0.17443,0.34372,0.41055,0.46205,0.48814,0.53881,0.59144,0.61782,0.00078,0.00029,0.0,0.0,0.04603,0.06695,0.00114,0.00039,binary1pct_b025,0.25
click_91,click,91,717,0.48911,0.31476,0.17443,0.17443,0.17443,0.17443,0.34372,0.41055,0.46205,0.48814,0.53881,0.59144,0.61782,0.00075,0.00028,0.0,0.0,0.04324,0.06555,0.0011,0.00037,binary1pct_b025,0.25
click_92,click,92,717,0.48908,0.31476,0.17443,0.17443,0.17443,0.17443,0.34372,0.41055,0.46205,0.48814,0.53881,0.59144,0.61782,0.00072,0.00027,0.0,0.0,0.04324,0.06555,0.00106,0.00035,binary1pct_b025,0.25
click_93,click,93,717,0.48906,0.31476,0.17443,0.17443,0.17443,0.17443,0.34372,0.41055,0.46205,0.48814,0.53881,0.59144,0.61782,0.00069,0.00026,0.0,0.0,0.04324,0.06416,0.00102,0.00034,binary1pct_b025,0.25
click_94,click,94,717,0.48903,0.31476,0.17443,0.17443,0.17443,0.17443,0.34372,0.41055,0.46205,0.48814,0.53881,0.59144,0.61782,0.00066,0.00026,0.0,0.0,0.03905,0.06416,0.00098,0.00032,binary1pct_b025,0.25
click_95,click,95,717,0.489,0.31476,0.17443,0.17443,0.17443,0.17443,0.34372,0.41055,0.46205,0.48814,0.53881,0.59144,0.61782,0.00064,0.00025,0.0,0.0,0.03766,0.06137,0.00094,0.0003,binary1pct_b025,0.25
click_96,click,96,717,0.48897,0.31476,0.17443,0.17443,0.17443,0.17443,0.34372,0.41055,0.46205,0.48814,0.53881,0.59144,0.61782,0.00061,0.00024,0.0,0.0,0.03626,0.05858,0.00091,0.00028,binary1pct_b025,0.25
click_97,click,97,717,0.48895,0.31476,0.17443,0.17443,0.17443,0.17443,0.34372,0.41055,0.46205,0.48814,0.53881,0.59144,0.61782,0.00058,0.00024,0.0,0.0,0.03626,0.05718,0.00088,0.00026,binary1pct_b025,0.25
click_98,click,98,717,0.48893,0.31476,0.17443,0.17443,0.17443,0.17443,0.34372,0.41055,0.46205,0.48814,0.53881,0.59144,0.61782,0.00057,0.00023,0.0,0.0,0.03347,0.05579,0.00085,0.00025,binary1pct_b025,0.25
click_99,click,99,717,0.48891,0.31476,0.17443,0.17443,0.17443,0.17443,0.34372,0.41055,0.46205,0.48814,0.53881,0.59144,0.61782,0.00055,0.00022,0.0,0.0,0.03208,0.05439,0.00083,0.00024,binary1pct_b025,0.25
click_100,click,100,717,0.48889,0.31476,0.17443,0.17443,0.17443,0.17443,0.34372,0.41055,0.46205,0.48814,0.53881,0.59144,0.61782,0.00053,0.00022,0.0,0.0,0.03068,0.05439,0.00081,0.00022,binary1pct_b025,0.25
click_101,click,101,717,0.48887,0.31476,0.17443,0.17443,0.17443,0.17443,0.34372,0.41055,0.46205,0.48814,0.53881,0.58881,0.61782,0.00051,0.00021,0.0,0.0,0.03068,0.05439,0.00079,0.0002,binary1pct_b025,0.25
click_102,click,102,717,0.48886,0.31476,0.17443,0.17443,0.17443,0.17443,0.34372,0.41055,0.46205,0.48814,0.53881,0.58881,0.61782,0.00049,0.00021,0.0,0.0,0.03068,0.05439,0.00077,0.00019,binary1pct_b025,0.25
click_103,click,103,717,0.48884,0.31476,0.17443,0.17443,0.17443,0.17443,0.34372,0.41055,0.46205,0.48814,0.53881,0.58881,0.61782,0.00047,0.0002,0.0,0.0,0.03208,0.053,0.00074,0.00018,binary1pct_b025,0.25
click_104,click,104,717,0.48882,0.31476,0.17443,0.17443,0.17443,0.17443,0.34372,0.41055,0.46205,0.48814,0.53881,0.58881,0.61782,0.00045,0.00019,0.0,0.0,0.02929,0.053,0.00072,0.00016,binary1pct_b025,0.25
click_105,click,105,717,0.48879,0.31476,0.17443,0.17443,0.17443,0.17443,0.34372,0.41055,0.46205,0.48814,0.53881,0.58881,0.61782,0.00043,0.00019,0.0,0.0,0.02789,0.0516,0.00069,0.00014,binary1pct_b025,0.25
click_106,click,106,717,0.48878,0.31476,0.17443,0.17443,0.17443,0.17443,0.34372,0.41055,0.46205,0.48814,0.53881,0.58881,0.61782,0.00041,0.00018,0.0,0.0,0.02789,0.05021,0.00067,0.00013,binary1pct_b025,0.25
click_107,click,107,717,0.48876,0.31476,0.17443,0.17443,0.17443,0.17443,0.34372,0.41055,0.46205,0.48814,0.53881,0.58881,0.61782,0.0004,0.00018,0.0,0.0,0.0251,0.04881,0.00065,0.00012,binary1pct_b025,0.25
click_108,click,108,717,0.48874,0.31476,0.17443,0.17443,0.17443,0.17443,0.34372,0.41055,0.46205,0.48814,0.53881,0.58881,0.61782,0.00038,0.00017,0.0,0.0,0.0251,0.04742,0.00063,0.00011,binary1pct_b025,0.25
click_109,click,109,717,0.48873,0.31476,0.17443,0.17443,0.17443,0.17443,0.34372,0.41055,0.46205,0.48814,0.53881,0.58881,0.61782,0.00037,0.00016,0.0,0.0,0.02371,0.04603,0.00061,0.0001,binary1pct_b025,0.25
click_110,click,110,717,0.48872,0.31476,0.17443,0.17443,0.17443,0.17443,0.34372,0.41055,0.46205,0.48814,0.53881,0.58881,0.61782,0.00036,0.00016,0.0,0.0,0.02371,0.04603,0.00059,0.0001,binary1pct_b025,0.25
click_111,click,111,717,0.48871,0.31476,0.17443,0.17443,0.17443,0.17443,0.34372,0.41055,0.46205,0.48814,0.53881,0.58881,0.61782,0.00034,0.00016,0.0,0.0,0.02232,0.04463,0.00058,9e-05,binary1pct_b025,0.25
click_112,click,112,717,0.48869,0.31476,0.17443,0.17443,0.17443,0.17443,0.34372,0.41055,0.46205,0.48814,0.53881,0.58881,0.61782,0.00033,0.00015,0.0,0.0,0.02092,0.04603,0.00056,8e-05,binary1pct_b025,0.25
click_113,click,113,717,0.48868,0.31476,0.17443,0.17443,0.17443,0.17443,0.34372,0.41055,0.46205,0.48814,0.53881,0.58881,0.61782,0.00032,0.00015,0.0,0.0,0.01953,0.04184,0.00053,8e-05,binary1pct_b025,0.25
click_114,click,114,717,0.48867,0.31476,0.17443,0.17443,0.17443,0.17443,0.34372,0.41055,0.46205,0.48814,0.53881,0.58881,0.61782,0.00031,0.00014,0.0,0.0,0.01813,0.04184,0.00052,7e-05,binary1pct_b025,0.25
click_115,click,115,717,0.48866,0.31476,0.17443,0.17443,0.17443,0.17443,0.34372,0.41055,0.46205,0.48814,0.53881,0.58881,0.61782,0.00029,0.00014,0.0,0.0,0.01813,0.04045,0.0005,7e-05,binary1pct_b025,0.25
click_116,click,116,717,0.48865,0.31476,0.17443,0.17443,0.17443,0.17443,0.34372,0.41055,0.46205,0.48814,0.53881,0.58881,0.61782,0.00028,0.00013,0.0,0.0,0.01674,0.04184,0.00049,6e-05,binary1pct_b025,0.25
click_117,click,117,717,0.48864,0.31476,0.17443,0.17443,0.17443,0.17443,0.34372,0.41055,0.46205,0.48814,0.53881,0.58881,0.61782,0.00027,0.00013,0.0,0.0,0.01674,0.04045,0.00047,5e-05,binary1pct_b025,0.25
click_118,click,118,717,0.48863,0.31476,0.17443,0.17443,0.17443,0.17443,0.34372,0.41055,0.46205,0.48814,0.53881,0.58881,0.61782,0.00026,0.00012,0.0,0.0,0.01674,0.03766,0.00045,5e-05,binary1pct_b025,0.25
click_119,click,119,717,0.48861,0.31476,0.17443,0.17443,0.17443,0.17443,0.34372,0.41055,0.46205,0.48814,0.53881,0.58881,0.61782,0.00025,0.00012,0.0,0.0,0.01674,0.03766,0.00044,4e-05,binary1pct_b025,0.25
click_120,click,120,717,0.4886,0.31476,0.17443,0.17443,0.17443,0.17443,0.34372,0.41055,0.46205,0.48814,0.53881,0.58881,0.61782,0.00024,0.00012,0.0,0.0,0.01813,0.03626,0.00043,4e-05,binary1pct_b025,0.25
click_121,click,121,717,0.48859,0.31476,0.17443,0.17443,0.17443,0.17443,0.34372,0.41055,0.46205,0.48814,0.53881,0.58881,0.61782,0.00023,0.00011,0.0,0.0,0.01674,0.03626,0.00041,4e-05,binary1pct_b025,0.25
click_122,click,122,717,0.48858,0.31476,0.17443,0.17443,0.17443,0.17443,0.34372,0.41055,0.46205,0.48814,0.53881,0.58881,0.61782,0.00022,0.00011,0.0,0.0,0.01674,0.03626,0.00039,3e-05,binary1pct_b025,0.25
click_123,click,123,717,0.48857,0.31476,0.17443,0.17443,0.17443,0.17443,0.34372,0.41055,0.46205,0.48814,0.53881,0.58881,0.61782,0.00021,0.0001,0.0,0.0,0.01674,0.03626,0.00037,3e-05,binary1pct_b025,0.25
click_124,click,124,717,0.48856,0.31476,0.17443,0.17443,0.17443,0.17443,0.34372,0.41055,0.46205,0.48814,0.53881,0.58881,0.61782,0.00019,0.0001,0.0,0.0,0.01674,0.03626,0.00035,3e-05,binary1pct_b025,0.25
click_125,click,125,717,0.48854,0.31476,0.17443,0.17443,0.17443,0.17443,0.34372,0.41055,0.46205,0.48814,0.53881,0.58881,0.61782,0.00018,9e-05,0.0,0.0,0.01674,0.03626,0.00032,2e-05,binary1pct_b025,0.25
click_126,click,126,717,0.48853,0.31476,0.17443,0.17443,0.17443,0.17443,0.34372,0.41055,0.46205,0.48814,0.53881,0.58881,0.61782,0.00017,9e-05,0.0,0.0,0.01534,0.03766,0.00031,2e-05,binary1pct_b025,0.25
click_127,click,127,717,0.48852,0.31476,0.17443,0.17443,0.17443,0.17443,0.34372,0.41055,0.46205,0.48814,0.53881,0.58881,0.61782,0.00016,9e-05,0.0,0.0,0.01534,0.03766,0.00029,2e-05,binary1pct_b025,0.25
click_128,click,128,717,0.48851,0.31476,0.17443,0.17443,0.17443,0.17443,0.34372,0.41055,0.46205,0.48814,0.53881,0.58881,0.61782,0.00015,8e-05,0.0,0.0,0.01534,0.03626,0.00027,1e-05,binary1pct_b025,0.25
click_129,click,129,717,0.4885,0.31476,0.17443,0.17443,0.17443,0.17443,0.34372,0.41055,0.46205,0.48814,0.53881,0.58881,0.61782,0.00014,8e-05,0.0,0.0,0.01534,0.03347,0.00025,1e-05,binary1pct_b025,0.25
click_130,click,130,717,0.48849,0.31476,0.17443,0.17443,0.17443,0.17443,0.34372,0.41055,0.46205,0.48814,0.53881,0.58881,0.61782,0.00013,7e-05,0.0,0.0,0.01534,0.03347,0.00024,1e-05,binary1pct_b025,0.25
click_131,click,131,717,0.48848,0.31476,0.17443,0.17443,0.17443,0.17443,0.34372,0.41055,0.46205,0.48814,0.53881,0.58881,0.61782,0.00012,7e-05,0.0,0.0,0.01534,0.03347,0.00022,0.0,binary1pct_b025,0.25
click_132,click,132,717,0.48847,0.31476,0.17443,0.17443,0.17443,0.17443,0.34372,0.41055,0.46205,0.48814,0.53881,0.58881,0.61782,0.00011,7e-05,0.0,0.0,0.01534,0.03208,0.0002,0.0,binary1pct_b025,0.25
click_133,click,133,717,0.48846,0.31476,0.17443,0.17443,0.17443,0.17443,0.34372,0.41055,0.46205,0.48814,0.53881,0.58881,0.61782,0.0001,6e-05,0.0,0.0,0.01534,0.03068,0.00018,0.0,binary1pct_b025,0.25
click_134,click,134,717,0.48845,0.31476,0.17443,0.17443,0.17443,0.17443,0.34372,0.41055,0.46205,0.48814,0.53881,0.58881,0.61782,9e-05,6e-05,0.0,0.0,0.01534,0.02929,0.00017,0.0,binary1pct_b025,0.25
click_135,click,135,717,0.48845,0.31476,0.17443,0.17443,0.17443,0.17443,0.34372,0.41055,0.46205,0.48814,0.53881,0.58881,0.61782,8e-05,6e-05,0.0,0.0,0.01534,0.0265,0.00015,0.0,binary1pct_b025,0.25
click_136,click,136,717,0.48844,0.31476,0.17443,0.17443,0.17443,0.17443,0.34372,0.41055,0.46205,0.48814,0.53881,0.58881,0.61782,8e-05,5e-05,0.0,0.0,0.01395,0.0251,0.00014,0.0,binary1pct_b025,0.25
click_137,click,137,717,0.48843,0.31476,0.17443,0.17443,0.17443,0.17443,0.34372,0.41055,0.46205,0.48814,0.53881,0.58881,0.61782,7e-05,5e-05,0.0,0.0,0.01395,0.02232,0.00013,0.0,binary1pct_b025,0.25
click_138,click,138,717,0.48843,0.31476,0.17443,0.17443,0.17443,0.17443,0.34372,0.41055,0.46205,0.48814,0.53881,0.58881,0.61782,7e-05,5e-05,0.0,0.0,0.01395,0.02232,0.00012,1e-05,binary1pct_b025,0.25
click_139,click,139,717,0.48843,0.31476,0.17443,0.17443,0.17443,0.17443,0.34372,0.41055,0.46205,0.48814,0.53881,0.58881,0.61782,6e-05,4e-05,0.0,0.0,0.01395,0.02232,0.00012,1e-05,binary1pct_b025,0.25
click_140,click,140,717,0.48842,0.31476,0.17443,0.17443,0.17443,0.17443,0.34372,0.41055,0.46205,0.48814,0.53881,0.58881,0.61782,6e-05,4e-05,0.0,0.0,0.01395,0.02232,0.0001,1e-05,binary1pct_b025,0.25
click_141,click,141,717,0.48842,0.31476,0.17443,0.17443,0.17443,0.17443,0.34372,0.41055,0.46205,0.48814,0.53881,0.58881,0.61782,5e-05,4e-05,0.0,0.0,0.01395,0.02232,9e-05,1e-05,binary1pct_b025,0.25
click_142,click,142,717,0.48841,0.31476,0.17443,0.17443,0.17443,0.17443,0.34372,0.41055,0.46205,0.48814,0.53881,0.58881,0.61782,5e-05,3e-05,0.0,0.0,0.01255,0.02371,9e-05,1e-05,binary1pct_b025,0.25
click_143,click,143,717,0.48841,0.31476,0.17443,0.17443,0.17443,0.17443,0.34372,0.41055,0.46205,0.48814,0.53881,0.58881,0.61782,4e-05,3e-05,0.0,0.0,0.01395,0.02232,8e-05,1e-05,binary1pct_b025,0.25
click_144,click,144,717,0.4884,0.31476,0.17443,0.17443,0.17443,0.17443,0.34372,0.41055,0.46205,0.48814,0.53881,0.58881,0.61782,4e-05,3e-05,0.0,0.0,0.01395,0.02092,6e-05,1e-05,binary1pct_b025,0.25
click_145,click,145,717,0.48839,0.31476,0.17443,0.17443,0.17443,0.17443,0.34372,0.41055,0.46205,0.48814,0.53881,0.58881,0.61782,3e-05,2e-05,0.0,0.0,0.01255,0.01953,5e-05,0.0,binary1pct_b025,0.25
click_146,click,146,717,0.48839,0.31476,0.17443,0.17443,0.17443,0.17443,0.34372,0.41055,0.46205,0.48814,0.53881,0.58881,0.61782,3e-05,2e-05,0.0,0.0,0.01255,0.01534,4e-05,0.0,binary1pct_b025,0.25
click_147,click,147,717,0.48838,0.31476,0.17443,0.17443,0.17443,0.17443,0.34372,0.41055,0.46205,0.48814,0.53881,0.58881,0.61782,2e-05,1e-05,0.0,0.0,0.01255,0.01534,4e-05,0.0,binary1pct_b025,0.25
click_148,click,148,717,0.48838,0.31476,0.17443,0.17443,0.17443,0.17443,0.34372,0.41055,0.46205,0.48814,0.53881,0.58881,0.61782,2e-05,1e-05,0.0,0.0,0.01255,0.01534,3e-05,0.0,binary1pct_b025,0.25
click_149,click,149,717,0.48838,0.31476,0.17443,0.17443,0.17443,0.17443,0.34372,0.41055,0.46205,0.48814,0.53881,0.58881,0.61782,1e-05,1e-05,0.0,0.0,0.01255,0.01534,2e-05,0.0,binary1pct_b025,0.25
click_150,click,150,717,0.48837,0.31476,0.17443,0.17443,0.17443,0.17443,0.34372,0.41055,0.46205,0.48814,0.53881,0.58881,0.61782,1e-05,0.0,0.0,0.0,0.01255,0.01534,1e-05,0.0,binary1pct_b025,0.25
exact_10,exact,10,717,0.51607,0.38753,0.17443,0.37077,0.3896,0.39649,0.39879,0.43501,0.4778,0.50493,0.54648,0.59144,0.61782,0.02771,0.00341,0.07276,0.009,0.23989,0.74616,0.03327,0.02161,binary1pct_b025,0.25
exact_20,exact,20,717,0.50226,0.34608,0.17443,0.17443,0.17443,0.39649,0.39879,0.43501,0.4778,0.50493,0.54648,0.59144,0.61782,0.0139,0.00213,0.03131,0.00428,0.24826,0.7378,0.0153,0.01236,binary1pct_b025,0.25
exact_30,exact,30,717,0.48705,0.30044,0.17443,0.17443,0.17443,0.17443,0.17443,0.43501,0.4778,0.50493,0.54648,0.59144,0.61782,-0.00132,0.0019,-0.01432,0.00344,0.66806,0.30404,-0.00397,0.00159,binary1pct_b025,0.25
exact_40,exact,40,717,0.46851,0.24482,0.17443,0.17443,0.17443,0.17443,0.17443,0.17443,0.4778,0.50493,0.54648,0.59144,0.61782,-0.01986,0.00312,-0.06995,0.00827,0.71688,0.25662,-0.02649,-0.01259,binary1pct_b025,0.25
exact_50,exact,50,717,0.44724,0.18104,0.17443,0.17443,0.17443,0.17443,0.17443,0.17443,0.17443,0.50493,0.54648,0.59144,0.61782,-0.04112,0.00481,-0.13373,0.01382,0.73501,0.24965,-0.05181,-0.02939,binary1pct_b025,0.25
exact_60,exact,60,717,0.42441,0.17443,0.17443,0.17443,0.17443,0.17443,0.17443,0.17443,0.17443,0.17443,0.54648,0.59144,0.61782,-0.06396,0.00657,-0.14034,0.01438,0.77127,0.20502,-0.07883,-0.04765,binary1pct_b025,0.25
exact_80,exact,80,717,0.37565,0.17443,0.17443,0.17443,0.17443,0.17443,0.17443,0.17443,0.17443,0.17443,0.17443,0.59144,0.61782,-0.11272,0.0101,-0.14034,0.01438,0.83403,0.14644,-0.13543,-0.08781,binary1pct_b025,0.25
exact_100,exact,100,717,0.32224,0.17443,0.17443,0.17443,0.17443,0.17443,0.17443,0.17443,0.17443,0.17443,0.17443,0.59144,0.61782,-0.16612,0.01359,-0.14034,0.01438,0.87448,0.10739,-0.19728,-0.13195,binary1pct_b025,0.25
goods_1,goods,1,717,0.52168,0.40435,0.32948,0.37077,0.3896,0.39649,0.39879,0.43501,0.4778,0.50493,0.54648,0.59144,0.61782,0.03332,0.00417,0.08959,0.01153,0.24686,0.73919,0.04155,0.0243,binary1pct_b025,0.25
goods_2,goods,2,717,0.5214,0.40483,0.33171,0.37283,0.38909,0.39622,0.39918,0.43551,0.47822,0.50427,0.54547,0.59066,0.61752,0.03303,0.0041,0.09007,0.01133,0.2357,0.74338,0.04107,0.02422,binary1pct_b025,0.25
goods_3,goods,3,717,0.52194,0.40626,0.33547,0.37482,0.39092,0.39769,0.40054,0.43686,0.47894,0.50476,0.5459,0.59062,0.61746,0.03357,0.00404,0.0915,0.01117,0.21478,0.75174,0.04129,0.0251,binary1pct_b025,0.25
goods_4,goods,4,717,0.51845,0.396,0.17443,0.37392,0.39142,0.39731,0.40084,0.43693,0.47887,0.50475,0.54565,0.59038,0.61739,0.03008,0.00354,0.08123,0.00955,0.17015,0.70711,0.03607,0.02353,binary1pct_b025,0.25
goods_5,goods,5,717,0.51713,0.39224,0.17443,0.37268,0.39133,0.39672,0.40023,0.43691,0.47843,0.50484,0.54569,0.59023,0.61739,0.02877,0.00336,0.07748,0.00899,0.14784,0.68759,0.03431,0.02269,binary1pct_b025,0.25
goods_6,goods,6,717,0.51564,0.38804,0.17443,0.36353,0.39073,0.39683,0.39963,0.43637,0.47827,0.50504,0.54563,0.5903,0.61737,0.02727,0.00317,0.07328,0.00842,0.12692,0.67364,0.03244,0.0216,binary1pct_b025,0.25
goods_7,goods,7,717,0.51389,0.38301,0.17443,0.17443,0.38894,0.39654,0.39805,0.4349,0.47763,0.50441,0.54571,0.59023,0.61737,0.02552,0.00297,0.06825,0.00783,0.12552,0.65411,0.03027,0.02032,binary1pct_b025,0.25
goods_8,goods,8,717,0.51224,0.37826,0.17443,0.17443,0.38883,0.39527,0.39855,0.43388,0.4766,0.50424,0.54571,0.59024,0.61737,0.02388,0.00278,0.0635,0.00725,0.12273,0.64296,0.02825,0.01909,binary1pct_b025,0.25
goods_9,goods,9,717,0.51056,0.37357,0.17443,0.17443,0.38565,0.39422,0.39811,0.43417,0.47595,0.5025,0.54569,0.59009,0.61737,0.0222,0.00255,0.05881,0.00661,0.106,0.64017,0.02617,0.01785,binary1pct_b025,0.25
goods_10,goods,10,717,0.50865,0.36833,0.17443,0.17443,0.37433,0.39257,0.39767,0.4329,0.47435,0.50167,0.54573,0.59009,0.61683,0.02028,0.00234,0.05356,0.006,0.10181,0.62622,0.02383,0.01639,binary1pct_b025,0.25
goods_11,goods,11,717,0.50688,0.36336,0.17443,0.17443,0.35812,0.39167,0.39515,0.43218,0.47241,0.50105,0.54568,0.58999,0.61683,0.01852,0.00214,0.04859,0.00541,0.09066,0.61925,0.02179,0.01494,binary1pct_b025,0.25
goods_12,goods,12,717,0.50493,0.3582,0.17443,0.17443,0.17443,0.38992,0.39395,0.43184,0.47207,0.49949,0.5454,0.58999,0.61683,0.01657,0.00192,0.04344,0.00485,0.09066,0.60391,0.01952,0.01333,binary1pct_b025,0.25
goods_13,goods,13,717,0.50287,0.35277,0.17443,0.17443,0.17443,0.38595,0.39301,0.42882,0.47155,0.4977,0.54439,0.59003,0.61683,0.0145,0.00168,0.03801,0.00428,0.08508,0.59414,0.0171,0.01165,binary1pct_b025,0.25
goods_14,goods,14,717,0.50094,0.34738,0.17443,0.17443,0.17443,0.37297,0.39163,0.42655,0.47102,0.49647,0.54333,0.59003,0.61683,0.01257,0.00148,0.03262,0.00373,0.08089,0.58438,0.01477,0.01016,binary1pct_b025,0.25
goods_15,goods,15,717,0.49904,0.34227,0.17443,0.17443,0.17443,0.358,0.38669,0.42671,0.46876,0.49558,0.54326,0.59003,0.61683,0.01068,0.00127,0.0275,0.00317,0.07252,0.5788,0.0125,0.00868,binary1pct_b025,0.25
goods_16,goods,16,717,0.49713,0.33677,0.17443,0.17443,0.17443,0.33182,0.38057,0.42625,0.46833,0.49499,0.54286,0.58985,0.61683,0.00877,0.00103,0.022,0.00253,0.07113,0.57183,0.01028,0.00711,binary1pct_b025,0.25
goods_17,goods,17,717,0.49503,0.3313,0.17443,0.17443,0.17443,0.17443,0.37509,0.42233,0.46755,0.49309,0.54334,0.58985,0.61683,0.00667,0.00076,0.01653,0.00194,0.06555,0.56904,0.00776,0.00548,binary1pct_b025,0.25
goods_18,goods,18,717,0.49281,0.32592,0.17443,0.17443,0.17443,0.17443,0.36653,0.4171,0.46585,0.49252,0.54093,0.58985,0.61683,0.00444,0.00047,0.01116,0.0013,0.06137,0.55788,0.0053,0.0035,binary1pct_b025,0.25
goods_19,goods,19,717,0.49046,0.32037,0.17443,0.17443,0.17443,0.17443,0.35487,0.41415,0.46501,0.48916,0.54069,0.58902,0.61683,0.0021,0.00023,0.00561,0.00069,0.06695,0.53975,0.00265,0.00149,binary1pct_b025,0.25
goods_20,goods,20,717,0.48836,0.31476,0.17443,0.17443,0.17443,0.17443,0.34372,0.41055,0.46205,0.48814,0.53881,0.58881,0.61683,0.0,0.0,0.0,0.0,0.0,0.0,0.0,0.0,binary1pct_b025,0.25
after_bad,after_bad,,717,0.51974,0.39968,0.17443,0.37482,0.39092,0.39769,0.40054,0.43686,0.47894,0.50476,0.5459,0.59062,0.61746,0.03138,0.00372,0.08491,0.01013,0.21199,0.75453,0.03786,0.02427,binary1pct_b025,0.25
after_bad_votes_m-0.2_p1,after_bad_votes,"(-0.2, 1)",717,0.5178,0.3939,0.17443,0.36324,0.38886,0.39643,0.39985,0.43636,0.47911,0.50504,0.5459,0.59062,0.61746,0.02944,0.00351,0.07913,0.00949,0.21339,0.74198,0.03517,0.02316,binary1pct_b025,0.25
after_bad_votes_m-0.2_p3,after_bad_votes,"(-0.2, 3)",717,0.51552,0.38724,0.17443,0.35889,0.38788,0.39458,0.3996,0.43633,0.47902,0.50504,0.54565,0.59038,0.61739,0.02715,0.00322,0.07247,0.00853,0.17015,0.69456,0.03206,0.02178,binary1pct_b025,0.25
after_bad_votes_m-0.1_p1,after_bad_votes,"(-0.1, 1)",717,0.51726,0.3923,0.17443,0.35688,0.38348,0.3924,0.3977,0.43633,0.47921,0.50521,0.5459,0.59062,0.61746,0.0289,0.00347,0.07754,0.00935,0.20921,0.73919,0.03464,0.0226,binary1pct_b025,0.25
after_bad_votes_m-0.1_p3,after_bad_votes,"(-0.1, 3)",717,0.51469,0.38486,0.17443,0.33588,0.38225,0.39123,0.39739,0.43595,0.4789,0.50437,0.54565,0.59038,0.61739,0.02632,0.00315,0.0701,0.00835,0.17015,0.68619,0.03145,0.0207,binary1pct_b025,0.25
after_bad_votes_m+0.0_p1,after_bad_votes,"(0.0, 1)",717,0.51402,0.38266,0.17443,0.32976,0.34846,0.36076,0.39453,0.43543,0.47878,0.50417,0.5456,0.59063,0.61746,0.02566,0.00323,0.06789,0.00866,0.18271,0.64575,0.03086,0.01996,binary1pct_b025,0.25
after_bad_votes_m+0.0_p3,after_bad_votes,"(0.0, 3)",717,0.50868,0.36681,0.17443,0.28982,0.30914,0.32742,0.39152,0.43472,0.47835,0.50399,0.54567,0.59038,0.61739,0.02032,0.00277,0.05205,0.00711,0.159,0.55788,0.02499,0.01519,binary1pct_b025,0.25
after_bad_votes_m+0.1_p1,after_bad_votes,"(0.1, 1)",717,0.4979,0.33432,0.17443,0.18857,0.20091,0.21057,0.3774,0.43484,0.4791,0.50399,0.54593,0.5903,0.61752,0.00954,0.00215,0.01955,0.00452,0.14086,0.30265,0.00896,0.01017,binary1pct_b025,0.25
after_bad_votes_m+0.1_p3,after_bad_votes,"(0.1, 3)",717,0.49772,0.33395,0.17443,0.18587,0.20172,0.21097,0.37768,0.43489,0.47894,0.50367,0.54596,0.59027,0.61739,0.00935,0.00208,0.01918,0.00428,0.1325,0.29149,0.00866,0.01011,binary1pct_b025,0.25
after_bad_votes_m+0.2_p1,after_bad_votes,"(0.2, 1)",717,0.49593,0.32962,0.17443,0.18857,0.19065,0.1984,0.36756,0.43114,0.47743,0.50192,0.54502,0.59028,0.61752,0.00756,0.00197,0.01486,0.00408,0.11855,0.23291,0.0075,0.00763,binary1pct_b025,0.25
after_bad_votes_m+0.2_p3,after_bad_votes,"(0.2, 3)",717,0.49565,0.32885,0.17443,0.18511,0.19043,0.19705,0.36724,0.43115,0.47742,0.50197,0.54502,0.59028,0.61739,0.00729,0.0019,0.01409,0.00385,0.11297,0.22315,0.00729,0.0073,binary1pct_b025,0.25
votes_m-0.2_p1,votes,"(-0.2, 1)",717,0.51744,0.393,0.17575,0.36216,0.3869,0.39495,0.39844,0.43498,0.47839,0.50459,0.54547,0.59066,0.61752,0.02908,0.00356,0.07823,0.0096,0.23291,0.7364,0.03513,0.02244,binary1pct_b025,0.25
votes_m-0.2_p3,votes,"(-0.2, 3)",717,0.51552,0.38724,0.17443,0.35889,0.38788,0.39458,0.3996,0.43633,0.47902,0.50504,0.54565,0.59038,0.61739,0.02715,0.00322,0.07247,0.00853,0.17015,0.69456,0.03206,0.02178,binary1pct_b025,0.25
votes_m-0.2_p5,votes,"(-0.2, 5)",717,0.51257,0.37891,0.17443,0.17869,0.38501,0.3947,0.3976,0.43587,0.47818,0.50492,0.54563,0.5903,0.61737,0.02421,0.00284,0.06415,0.00739,0.12552,0.66109,0.0284,0.01961,binary1pct_b025,0.25
votes_m-0.2_p8,votes,"(-0.2, 8)",717,0.50724,0.36369,0.17443,0.17443,0.36273,0.38927,0.39344,0.43164,0.47428,0.503,0.54569,0.59009,0.61737,0.01888,0.0022,0.04893,0.00551,0.10181,0.62901,0.02202,0.01544,binary1pct_b025,0.25
votes_m-0.1_p1,votes,"(-0.1, 1)",717,0.51707,0.39185,0.17575,0.35757,0.38323,0.39137,0.39656,0.4354,0.47856,0.50475,0.54547,0.59066,0.61752,0.0287,0.0035,0.07709,0.00942,0.22734,0.73501,0.03476,0.02206,binary1pct_b025,0.25
votes_m-0.1_p3,votes,"(-0.1, 3)",717,0.51469,0.38486,0.17443,0.33588,0.38225,0.39123,0.39739,0.43595,0.4789,0.50437,0.54565,0.59038,0.61739,0.02632,0.00315,0.0701,0.00835,0.17015,0.68619,0.03145,0.0207,binary1pct_b025,0.25
votes_m-0.1_p5,votes,"(-0.1, 5)",717,0.51208,0.37757,0.17443,0.17702,0.38058,0.39144,0.39625,0.43596,0.47817,0.50425,0.54563,0.5903,0.61737,0.02372,0.0028,0.0628,0.00727,0.12413,0.65272,0.02796,0.01907,binary1pct_b025,0.25
votes_m-0.1_p8,votes,"(-0.1, 8)",717,0.50678,0.36231,0.17443,0.17443,0.35684,0.38366,0.39179,0.43045,0.47442,0.503,0.54569,0.59009,0.61737,0.01842,0.00219,0.04755,0.00547,0.10181,0.61785,0.02158,0.01496,binary1pct_b025,0.25
votes_m+0.0_p1,votes,"(0.0, 1)",717,0.51405,0.38263,0.17493,0.32983,0.34846,0.36076,0.39453,0.43543,0.47868,0.50407,0.54556,0.59071,0.61763,0.02569,0.00323,0.06787,0.00867,0.1855,0.65272,0.03094,0.01993,binary1pct_b025,0.25
votes_m+0.0_p3,votes,"(0.0, 3)",717,0.50868,0.36681,0.17443,0.28982,0.30914,0.32742,0.39152,0.43472,0.47835,0.50399,0.54567,0.59038,0.61739,0.02032,0.00277,0.05205,0.00711,0.159,0.55788,0.02499,0.01519,binary1pct_b025,0.25
votes_m+0.0_p5,votes,"(0.0, 5)",717,0.50529,0.35712,0.17443,0.17501,0.28967,0.30912,0.39081,0.43447,0.47795,0.50438,0.54576,0.5903,0.61737,0.01693,0.00235,0.04236,0.00576,0.11855,0.49791,0.02023,0.0133,binary1pct_b025,0.25
votes_m+0.0_p8,votes,"(0.0, 8)",717,0.50006,0.34205,0.17443,0.17443,0.23947,0.27336,0.38629,0.43017,0.47406,0.50312,0.54576,0.59009,0.61737,0.01169,0.00179,0.02729,0.00402,0.09066,0.4198,0.01336,0.00986,binary1pct_b025,0.25
votes_m+0.1_p1,votes,"(0.1, 1)",717,0.49789,0.33429,0.17397,0.18856,0.20091,0.21057,0.3774,0.43484,0.4791,0.50399,0.54593,0.5903,0.61752,0.00953,0.00215,0.01952,0.00452,0.14086,0.30265,0.00895,0.01016,binary1pct_b025,0.25
votes_m+0.1_p3,votes,"(0.1, 3)",717,0.49772,0.33395,0.17443,0.18587,0.20172,0.21097,0.37768,0.43489,0.47894,0.50367,0.54596,0.59027,0.61739,0.00935,0.00208,0.01918,0.00428,0.1325,0.29149,0.00866,0.01011,binary1pct_b025,0.25
votes_m+0.1_p5,votes,"(0.1, 5)",717,0.49686,0.33189,0.17443,0.17443,0.199,0.20718,0.37552,0.43344,0.47756,0.50374,0.54595,0.59019,0.61737,0.0085,0.00195,0.01712,0.00397,0.1046,0.26081,0.00796,0.00908,binary1pct_b025,0.25
votes_m+0.1_p8,votes,"(0.1, 8)",717,0.49505,0.3272,0.17443,0.17443,0.18501,0.19932,0.37188,0.42908,0.47248,0.50207,0.54543,0.59013,0.61737,0.00669,0.00163,0.01244,0.0032,0.08229,0.23152,0.00629,0.00712,binary1pct_b025,0.25
votes_m+0.2_p1,votes,"(0.2, 1)",717,0.49593,0.32962,0.17397,0.18856,0.19123,0.1984,0.36756,0.43114,0.47743,0.50192,0.54502,0.59028,0.61752,0.00756,0.00197,0.01485,0.00408,0.11855,0.23291,0.00749,0.00764,binary1pct_b025,0.25
votes_m+0.2_p3,votes,"(0.2, 3)",717,0.49565,0.32885,0.17443,0.18511,0.19043,0.19705,0.36724,0.43115,0.47742,0.50197,0.54502,0.59028,0.61739,0.00729,0.0019,0.01409,0.00385,0.11297,0.22315,0.00729,0.0073,binary1pct_b025,0.25
votes_m+0.2_p5,votes,"(0.2, 5)",717,0.4948,0.32682,0.17443,0.17443,0.18694,0.19211,0.36254,0.42988,0.47657,0.50167,0.54503,0.59019,0.61737,0.00644,0.00176,0.01205,0.00347,0.08787,0.19526,0.00661,0.00626,binary1pct_b025,0.25
votes_m+0.2_p8,votes,"(0.2, 8)",717,0.49338,0.32317,0.17443,0.17443,0.18264,0.18666,0.35846,0.42506,0.47117,0.50036,0.54489,0.59014,0.61737,0.00502,0.00142,0.00841,0.00254,0.06974,0.17573,0.00514,0.00488,binary1pct_b025,0.25
today,today,,717,0.42721,0.32042,0.24129,0.24129,0.24129,0.24129,0.32935,0.37063,0.40489,0.4233,0.45228,0.48922,0.51536,0.0,0.0,0.0,0.0,0.0,0.0,0.0,0.0,binary1pct_b1,1.0
detector_always,always,,717,0.42985,0.32966,0.23444,0.28757,0.30867,0.31411,0.31552,0.35578,0.39415,0.41814,0.44997,0.48968,0.51578,0.00264,0.00327,0.00924,0.00895,0.49093,0.49512,0.01263,-0.00831,binary1pct_b1,1.0
ceiling_opening,ceiling,,717,0.44359,0.36433,0.30564,0.33651,0.35049,0.35601,0.34803,0.38124,0.41363,0.43192,0.45543,0.49078,0.51614,0.01638,0.00215,0.04391,0.0062,0.0,0.79219,0.02266,0.00949,binary1pct_b1,1.0
ceiling_any,ceiling,,717,0.4464,0.36701,0.30564,0.33651,0.35049,0.35601,0.35631,0.38683,0.41792,0.43529,0.45945,0.49428,0.51795,0.01919,0.00189,0.0466,0.00595,0.0,0.9749,0.02442,0.01345,binary1pct_b1,1.0
click_0,click,0,717,0.42985,0.32966,0.23444,0.28757,0.30867,0.31411,0.31552,0.35578,0.39415,0.41814,0.44997,0.48968,0.51578,0.00264,0.00327,0.00924,0.00895,0.49093,0.49512,0.01263,-0.00831,binary1pct_b1,1.0
click_1,click,1,717,0.42985,0.32966,0.23444,0.28757,0.30867,0.31411,0.31552,0.35578,0.39415,0.41814,0.44997,0.48968,0.51578,0.00264,0.00327,0.00924,0.00895,0.49093,0.49512,0.01263,-0.00831,binary1pct_b1,1.0
click_2,click,2,717,0.42985,0.32966,0.23444,0.28757,0.30867,0.31411,0.31552,0.35578,0.39415,0.41814,0.44997,0.48968,0.51578,0.00264,0.00327,0.00924,0.00895,0.49093,0.49512,0.01263,-0.00831,binary1pct_b1,1.0
click_3,click,3,717,0.42997,0.33002,0.23444,0.28757,0.30867,0.31411,0.31552,0.35578,0.39415,0.41814,0.44997,0.48968,0.51578,0.00276,0.00326,0.0096,0.00893,0.48954,0.49651,0.01272,-0.00816,binary1pct_b1,1.0
click_4,click,4,717,0.43017,0.33062,0.23444,0.28757,0.30867,0.31411,0.31552,0.35578,0.39415,0.41814,0.44997,0.48968,0.51578,0.00296,0.00325,0.01021,0.0089,0.48954,0.49651,0.01286,-0.00789,binary1pct_b1,1.0
click_5,click,5,717,0.43131,0.33403,0.23444,0.28757,0.30867,0.31411,0.31552,0.35578,0.39415,0.41814,0.44997,0.48968,0.51578,0.0041,0.00325,0.01362,0.00886,0.47838,0.50767,0.01382,-0.00656,binary1pct_b1,1.0
click_6,click,6,717,0.43136,0.33417,0.24129,0.28757,0.30867,0.31411,0.31552,0.35578,0.39415,0.41814,0.44997,0.48968,0.51578,0.00415,0.00314,0.01376,0.00854,0.4742,0.51185,0.01343,-0.00603,binary1pct_b1,1.0
click_7,click,7,717,0.43128,0.33393,0.24129,0.28757,0.30867,0.31411,0.31552,0.35578,0.39415,0.41814,0.44997,0.48968,0.51578,0.00407,0.00303,0.01352,0.0082,0.46722,0.51883,0.0129,-0.00562,binary1pct_b1,1.0
click_8,click,8,717,0.43111,0.33342,0.24129,0.28757,0.30867,0.31411,0.31552,0.35578,0.39415,0.41814,0.44997,0.48968,0.51578,0.00389,0.00293,0.013,0.00786,0.46444,0.52162,0.01235,-0.00537,binary1pct_b1,1.0
click_9,click,9,717,0.43089,0.33277,0.24129,0.28757,0.30867,0.31411,0.31552,0.35578,0.39415,0.41814,0.44997,0.48968,0.51578,0.00368,0.00282,0.01235,0.00751,0.46722,0.51883,0.0117,-0.00512,binary1pct_b1,1.0
click_10,click,10,717,0.43062,0.33195,0.24129,0.28757,0.30867,0.31411,0.31552,0.35578,0.39415,0.41814,0.44997,0.48968,0.51578,0.0034,0.0027,0.01153,0.00715,0.46304,0.52301,0.01099,-0.00492,binary1pct_b1,1.0
click_11,click,11,717,0.43031,0.33102,0.24129,0.24129,0.30867,0.31411,0.31552,0.35578,0.39415,0.41814,0.44997,0.48968,0.51578,0.0031,0.00259,0.0106,0.00677,0.46165,0.52441,0.01027,-0.00478,binary1pct_b1,1.0
click_12,click,12,717,0.42995,0.32994,0.24129,0.24129,0.30867,0.31411,0.31552,0.35578,0.39415,0.41814,0.44997,0.48968,0.51578,0.00274,0.00247,0.00952,0.0064,0.46165,0.52441,0.0095,-0.00468,binary1pct_b1,1.0
click_13,click,13,717,0.42956,0.32879,0.24129,0.24129,0.30867,0.31411,0.31552,0.35578,0.39415,0.41814,0.44997,0.48968,0.51578,0.00235,0.00235,0.00838,0.00601,0.46165,0.52441,0.00869,-0.0046,binary1pct_b1,1.0
click_14,click,14,717,0.42918,0.32764,0.24129,0.24129,0.30867,0.31411,0.31552,0.35578,0.39415,0.41814,0.44997,0.48968,0.51578,0.00197,0.00223,0.00723,0.00563,0.45886,0.5272,0.00787,-0.0045,binary1pct_b1,1.0
click_15,click,15,717,0.42881,0.32653,0.24129,0.24129,0.30867,0.31411,0.31552,0.35578,0.39415,0.41814,0.44997,0.48968,0.51578,0.0016,0.00211,0.00611,0.00524,0.45746,0.52859,0.00708,-0.00441,binary1pct_b1,1.0
click_16,click,16,717,0.42836,0.32518,0.24129,0.24129,0.24129,0.31411,0.31552,0.35578,0.39415,0.41814,0.44997,0.48968,0.51578,0.00115,0.00199,0.00477,0.00486,0.45746,0.52859,0.00622,-0.00441,binary1pct_b1,1.0
click_17,click,17,717,0.42794,0.32392,0.24129,0.24129,0.24129,0.31411,0.31552,0.35578,0.39415,0.41814,0.44997,0.48968,0.51578,0.00073,0.00188,0.00351,0.00449,0.45467,0.53138,0.0054,-0.00439,binary1pct_b1,1.0
click_18,click,18,717,0.42752,0.32264,0.24129,0.24129,0.24129,0.31411,0.31552,0.35578,0.39415,0.41814,0.44997,0.48968,0.51578,0.0003,0.00177,0.00223,0.00412,0.45049,0.53556,0.00458,-0.00439,binary1pct_b1,1.0
click_19,click,19,717,0.42706,0.32129,0.24129,0.24129,0.24129,0.31411,0.31552,0.35578,0.39415,0.41814,0.44997,0.48968,0.51578,-0.00015,0.00166,0.00088,0.00374,0.44909,0.53696,0.00371,-0.00438,binary1pct_b1,1.0
click_20,click,20,717,0.42661,0.31994,0.24129,0.24129,0.24129,0.31411,0.31552,0.35578,0.39415,0.41814,0.44997,0.48968,0.51578,-0.0006,0.00156,-0.00048,0.00339,0.4477,0.53835,0.00288,-0.00441,binary1pct_b1,1.0
click_21,click,21,717,0.42613,0.31848,0.24129,0.24129,0.24129,0.24129,0.31552,0.35578,0.39415,0.41814,0.44997,0.48968,0.51578,-0.00108,0.00146,-0.00194,0.00304,0.4463,0.53975,0.00199,-0.00446,binary1pct_b1,1.0
click_22,click,22,717,0.42565,0.31706,0.24129,0.24129,0.24129,0.24129,0.31552,0.35578,0.39415,0.41814,0.44997,0.48968,0.51578,-0.00156,0.00136,-0.00335,0.00271,0.4463,0.53975,0.00109,-0.00446,binary1pct_b1,1.0
click_23,click,23,717,0.42517,0.3156,0.24129,0.24129,0.24129,0.24129,0.31552,0.35578,0.39415,0.41814,0.44997,0.48968,0.51578,-0.00205,0.00128,-0.00482,0.0024,0.43933,0.54533,0.0002,-0.0045,binary1pct_b1,1.0
click_24,click,24,717,0.42469,0.31417,0.24129,0.24129,0.24129,0.24129,0.31552,0.35578,0.39415,0.41814,0.44997,0.48968,0.51578,-0.00252,0.0012,-0.00625,0.00212,0.40446,0.30265,-0.00068,-0.00454,binary1pct_b1,1.0
click_25,click,25,717,0.42471,0.31422,0.24129,0.24129,0.24129,0.24129,0.31552,0.35578,0.39415,0.41814,0.44997,0.48968,0.51578,-0.00251,0.00117,-0.0062,0.002,0.37936,0.23989,-0.00077,-0.00441,binary1pct_b1,1.0
click_26,click,26,717,0.4248,0.31449,0.24129,0.24129,0.24129,0.24129,0.32935,0.35578,0.39415,0.41814,0.44997,0.48968,0.51578,-0.00241,0.00114,-0.00592,0.00189,0.36681,0.22315,-0.00075,-0.00424,binary1pct_b1,1.0
click_27,click,27,717,0.4249,0.31479,0.24129,0.24129,0.24129,0.24129,0.32935,0.35578,0.39415,0.41814,0.44997,0.48968,0.51578,-0.00232,0.00111,-0.00563,0.00179,0.35704,0.2106,-0.00071,-0.00407,binary1pct_b1,1.0
click_28,click,28,717,0.425,0.3151,0.24129,0.24129,0.24129,0.24129,0.32935,0.35578,0.39415,0.41814,0.44997,0.48968,0.51578,-0.00221,0.00109,-0.00531,0.00171,0.35007,0.19944,-0.00063,-0.00395,binary1pct_b1,1.0
click_29,click,29,717,0.42511,0.31542,0.24129,0.24129,0.24129,0.24129,0.32935,0.35578,0.39415,0.41814,0.44997,0.48968,0.51578,-0.0021,0.00107,-0.00499,0.00163,0.34031,0.18828,-0.00057,-0.00378,binary1pct_b1,1.0
click_30,click,30,717,0.42521,0.31572,0.24129,0.24129,0.24129,0.24129,0.32935,0.35578,0.39415,0.41814,0.44997,0.48968,0.51578,-0.00201,0.00104,-0.0047,0.00154,0.33612,0.17852,-0.00052,-0.00364,binary1pct_b1,1.0
click_31,click,31,717,0.42531,0.31601,0.24129,0.24129,0.24129,0.24129,0.32935,0.37063,0.39415,0.41814,0.44997,0.48968,0.51578,-0.00191,0.00102,-0.0044,0.00146,0.33333,0.17294,-0.00045,-0.0035,binary1pct_b1,1.0
click_32,click,32,717,0.42543,0.31638,0.24129,0.24129,0.24129,0.24129,0.32935,0.37063,0.39415,0.41814,0.44997,0.48968,0.51578,-0.00178,0.00099,-0.00403,0.00138,0.32915,0.17155,-0.00036,-0.00334,binary1pct_b1,1.0
click_33,click,33,717,0.42554,0.31673,0.24129,0.24129,0.24129,0.24129,0.32935,0.37063,0.39415,0.41814,0.44997,0.48968,0.51578,-0.00167,0.00097,-0.00368,0.0013,0.32357,0.17155,-0.00027,-0.0032,binary1pct_b1,1.0
click_34,click,34,717,0.42566,0.31708,0.24129,0.24129,0.24129,0.24129,0.32935,0.37063,0.39415,0.41814,0.44997,0.48968,0.51578,-0.00155,0.00095,-0.00333,0.00121,0.3152,0.17015,-0.0002,-0.00303,binary1pct_b1,1.0
click_35,click,35,717,0.42577,0.3174,0.24129,0.24129,0.24129,0.24129,0.32935,0.37063,0.39415,0.41814,0.44997,0.48968,0.51578,-0.00145,0.00093,-0.00302,0.00114,0.31102,0.16597,-0.00014,-0.00287,binary1pct_b1,1.0
click_36,click,36,717,0.42587,0.31771,0.24129,0.24129,0.24129,0.24129,0.32935,0.37063,0.39415,0.41814,0.44997,0.48968,0.51578,-0.00134,0.0009,-0.00271,0.00106,0.30265,0.16318,-9e-05,-0.00272,binary1pct_b1,1.0
click_37,click,37,717,0.42597,0.318,0.24129,0.24129,0.24129,0.24129,0.32935,0.37063,0.39415,0.41814,0.44997,0.48968,0.51578,-0.00124,0.00088,-0.00242,0.00099,0.29707,0.16039,-3e-05,-0.00258,binary1pct_b1,1.0
click_38,click,38,717,0.42606,0.31828,0.24129,0.24129,0.24129,0.24129,0.32935,0.37063,0.39415,0.41814,0.44997,0.48968,0.51578,-0.00115,0.00086,-0.00213,0.00092,0.2887,0.16039,4e-05,-0.00245,binary1pct_b1,1.0
click_39,click,39,717,0.42614,0.31853,0.24129,0.24129,0.24129,0.24129,0.32935,0.37063,0.39415,0.41814,0.44997,0.48968,0.51578,-0.00107,0.00084,-0.00189,0.00085,0.27894,0.159,9e-05,-0.00234,binary1pct_b1,1.0
click_40,click,40,717,0.42622,0.31876,0.24129,0.24129,0.24129,0.24129,0.32935,0.37063,0.39415,0.41814,0.44997,0.48968,0.51578,-0.00099,0.00082,-0.00165,0.00078,0.26918,0.15621,0.00014,-0.00223,binary1pct_b1,1.0
click_41,click,41,717,0.42629,0.31898,0.24129,0.24129,0.24129,0.24129,0.32935,0.37063,0.40489,0.41814,0.44997,0.48968,0.51578,-0.00092,0.0008,-0.00144,0.00071,0.2636,0.15621,0.00018,-0.00212,binary1pct_b1,1.0
click_42,click,42,717,0.42636,0.31918,0.24129,0.24129,0.24129,0.24129,0.32935,0.37063,0.40489,0.41814,0.44997,0.48968,0.51578,-0.00085,0.00078,-0.00123,0.00064,0.25802,0.15481,0.00022,-0.00202,binary1pct_b1,1.0
click_43,click,43,717,0.42642,0.31936,0.24129,0.24129,0.24129,0.24129,0.32935,0.37063,0.40489,0.41814,0.44997,0.48968,0.51578,-0.00079,0.00076,-0.00106,0.00056,0.24826,0.15481,0.00024,-0.00192,binary1pct_b1,1.0
click_44,click,44,717,0.42648,0.31953,0.24129,0.24129,0.24129,0.24129,0.32935,0.37063,0.40489,0.41814,0.44997,0.48968,0.51578,-0.00074,0.00073,-0.00089,0.00048,0.24407,0.14923,0.00027,-0.00184,binary1pct_b1,1.0
click_45,click,45,717,0.42653,0.31968,0.24129,0.24129,0.24129,0.24129,0.32935,0.37063,0.40489,0.41814,0.44997,0.48968,0.51578,-0.00068,0.00071,-0.00073,0.00042,0.23291,0.14923,0.0003,-0.00176,binary1pct_b1,1.0
click_46,click,46,717,0.42659,0.31986,0.24129,0.24129,0.24129,0.24129,0.32935,0.37063,0.40489,0.41814,0.44997,0.48968,0.51578,-0.00062,0.00069,-0.00056,0.00035,0.23291,0.14365,0.00034,-0.00168,binary1pct_b1,1.0
click_47,click,47,717,0.42664,0.32002,0.24129,0.24129,0.24129,0.24129,0.32935,0.37063,0.40489,0.41814,0.44997,0.48968,0.51578,-0.00057,0.00067,-0.0004,0.00028,0.21757,0.14505,0.00037,-0.0016,binary1pct_b1,1.0
click_48,click,48,717,0.42667,0.3201,0.24129,0.24129,0.24129,0.24129,0.32935,0.37063,0.40489,0.41814,0.44997,0.48968,0.51578,-0.00055,0.00065,-0.00032,0.00021,0.21618,0.14365,0.00037,-0.00155,binary1pct_b1,1.0
click_49,click,49,717,0.4267,0.32021,0.24129,0.24129,0.24129,0.24129,0.32935,0.37063,0.40489,0.41814,0.44997,0.48968,0.51578,-0.00051,0.00063,-0.00021,0.00015,0.21478,0.13947,0.00039,-0.0015,binary1pct_b1,1.0
click_50,click,50,717,0.42674,0.32031,0.24129,0.24129,0.24129,0.24129,0.32935,0.37063,0.40489,0.41814,0.44997,0.48968,0.51578,-0.00047,0.00061,-0.0001,8e-05,0.21897,0.13529,0.0004,-0.00143,binary1pct_b1,1.0
click_51,click,51,717,0.42677,0.32042,0.24129,0.24129,0.24129,0.24129,0.32935,0.37063,0.40489,0.4233,0.44997,0.48968,0.51578,-0.00044,0.00059,0.0,0.0,0.21339,0.13808,0.0004,-0.00136,binary1pct_b1,1.0
click_52,click,52,717,0.42681,0.32042,0.24129,0.24129,0.24129,0.24129,0.32935,0.37063,0.40489,0.4233,0.44997,0.48968,0.51578,-0.0004,0.00057,0.0,0.0,0.20921,0.13808,0.00043,-0.0013,binary1pct_b1,1.0
click_53,click,53,717,0.42684,0.32042,0.24129,0.24129,0.24129,0.24129,0.32935,0.37063,0.40489,0.4233,0.44997,0.48968,0.51578,-0.00037,0.00055,0.0,0.0,0.19665,0.13668,0.00045,-0.00126,binary1pct_b1,1.0
click_54,click,54,717,0.42687,0.32042,0.24129,0.24129,0.24129,0.24129,0.32935,0.37063,0.40489,0.4233,0.44997,0.48968,0.51578,-0.00034,0.00053,0.0,0.0,0.19386,0.1325,0.00046,-0.00122,binary1pct_b1,1.0
click_55,click,55,717,0.42689,0.32042,0.24129,0.24129,0.24129,0.24129,0.32935,0.37063,0.40489,0.4233,0.44997,0.48968,0.51578,-0.00032,0.00052,0.0,0.0,0.18968,0.12831,0.00047,-0.00119,binary1pct_b1,1.0
click_56,click,56,717,0.4269,0.32042,0.24129,0.24129,0.24129,0.24129,0.32935,0.37063,0.40489,0.4233,0.44997,0.48968,0.51578,-0.00031,0.0005,0.0,0.0,0.18131,0.12831,0.00047,-0.00117,binary1pct_b1,1.0
click_57,click,57,717,0.42691,0.32042,0.24129,0.24129,0.24129,0.24129,0.32935,0.37063,0.40489,0.4233,0.44997,0.48968,0.51578,-0.0003,0.00048,0.0,0.0,0.17992,0.12413,0.00047,-0.00114,binary1pct_b1,1.0
click_58,click,58,717,0.42693,0.32042,0.24129,0.24129,0.24129,0.24129,0.32935,0.37063,0.40489,0.4233,0.44997,0.48968,0.51578,-0.00029,0.00046,0.0,0.0,0.17852,0.11855,0.00047,-0.00111,binary1pct_b1,1.0
click_59,click,59,717,0.42695,0.32042,0.24129,0.24129,0.24129,0.24129,0.32935,0.37063,0.40489,0.4233,0.44997,0.48968,0.51578,-0.00027,0.00045,0.0,0.0,0.17015,0.11158,0.00048,-0.00108,binary1pct_b1,1.0
click_60,click,60,717,0.42696,0.32042,0.24129,0.24129,0.24129,0.24129,0.32935,0.37063,0.40489,0.4233,0.44997,0.48968,0.51578,-0.00025,0.00043,0.0,0.0,0.16597,0.10739,0.0005,-0.00106,binary1pct_b1,1.0
click_61,click,61,717,0.42699,0.32042,0.24129,0.24129,0.24129,0.24129,0.32935,0.37063,0.40489,0.4233,0.44997,0.48968,0.51578,-0.00022,0.00041,0.0,0.0,0.16318,0.106,0.00052,-0.00104,binary1pct_b1,1.0
click_62,click,62,717,0.42702,0.32042,0.24129,0.24129,0.24129,0.24129,0.32935,0.37063,0.40489,0.4233,0.44997,0.48968,0.51578,-0.0002,0.0004,0.0,0.0,0.15621,0.10321,0.00054,-0.001,binary1pct_b1,1.0
click_63,click,63,717,0.42704,0.32042,0.24129,0.24129,0.24129,0.24129,0.32935,0.37063,0.40489,0.4233,0.44997,0.48968,0.51578,-0.00017,0.00039,0.0,0.0,0.15063,0.1046,0.00055,-0.00097,binary1pct_b1,1.0
click_64,click,64,717,0.42707,0.32042,0.24129,0.24129,0.24129,0.24129,0.32935,0.37063,0.40489,0.4233,0.44997,0.48968,0.51578,-0.00014,0.00038,0.0,0.0,0.14923,0.10042,0.00057,-0.00092,binary1pct_b1,1.0
click_65,click,65,717,0.42709,0.32042,0.24129,0.24129,0.24129,0.24129,0.32935,0.37063,0.40489,0.4233,0.44997,0.48968,0.51578,-0.00012,0.00036,0.0,0.0,0.14644,0.09623,0.00058,-0.00088,binary1pct_b1,1.0
click_66,click,66,717,0.42711,0.32042,0.24129,0.24129,0.24129,0.24129,0.32935,0.37063,0.40489,0.4233,0.44997,0.48968,0.51578,-0.0001,0.00035,0.0,0.0,0.14086,0.09344,0.00058,-0.00084,binary1pct_b1,1.0
click_67,click,67,717,0.42714,0.32042,0.24129,0.24129,0.24129,0.24129,0.32935,0.37063,0.40489,0.4233,0.44997,0.48968,0.51578,-7e-05,0.00034,0.0,0.0,0.13529,0.09205,0.0006,-0.00081,binary1pct_b1,1.0
click_68,click,68,717,0.42717,0.32042,0.24129,0.24129,0.24129,0.24129,0.32935,0.37063,0.40489,0.4233,0.44997,0.48968,0.51578,-4e-05,0.00033,0.0,0.0,0.1325,0.09205,0.00062,-0.00078,binary1pct_b1,1.0
click_69,click,69,717,0.42719,0.32042,0.24129,0.24129,0.24129,0.24129,0.32935,0.37063,0.40489,0.4233,0.44997,0.48968,0.51578,-2e-05,0.00032,0.0,0.0,0.1325,0.08926,0.00064,-0.00074,binary1pct_b1,1.0
click_70,click,70,717,0.42722,0.32042,0.24129,0.24129,0.24129,0.24129,0.32935,0.37063,0.40489,0.4233,0.44997,0.48968,0.51578,1e-05,0.00031,0.0,0.0,0.12692,0.08787,0.00065,-0.0007,binary1pct_b1,1.0
click_71,click,71,717,0.42724,0.32042,0.24129,0.24129,0.24129,0.24129,0.32935,0.37063,0.40489,0.4233,0.44997,0.48968,0.51578,3e-05,0.0003,0.0,0.0,0.12134,0.08926,0.00066,-0.00066,binary1pct_b1,1.0
click_72,click,72,717,0.42726,0.32042,0.24129,0.24129,0.24129,0.24129,0.32935,0.37063,0.40489,0.4233,0.44997,0.48968,0.51578,5e-05,0.00029,0.0,0.0,0.11715,0.08787,0.00066,-0.00063,binary1pct_b1,1.0
click_73,click,73,717,0.42728,0.32042,0.24129,0.24129,0.24129,0.24129,0.32935,0.37063,0.40489,0.4233,0.44997,0.48968,0.51578,7e-05,0.00028,0.0,0.0,0.11158,0.08926,0.00066,-0.00059,binary1pct_b1,1.0
click_74,click,74,717,0.4273,0.32042,0.24129,0.24129,0.24129,0.24129,0.32935,0.37063,0.40489,0.4233,0.44997,0.48968,0.51578,8e-05,0.00028,0.0,0.0,0.11297,0.08368,0.00067,-0.00056,binary1pct_b1,1.0
click_75,click,75,717,0.42731,0.32042,0.24129,0.24129,0.24129,0.24129,0.32935,0.37063,0.40489,0.4233,0.44997,0.48968,0.51578,0.0001,0.00027,0.0,0.0,0.10739,0.08229,0.00068,-0.00053,binary1pct_b1,1.0
click_76,click,76,717,0.42733,0.32042,0.24129,0.24129,0.24129,0.24129,0.32935,0.37063,0.40489,0.4233,0.45228,0.48968,0.51578,0.00011,0.00026,0.0,0.0,0.1046,0.08229,0.00068,-0.00051,binary1pct_b1,1.0
click_77,click,77,717,0.42734,0.32042,0.24129,0.24129,0.24129,0.24129,0.32935,0.37063,0.40489,0.4233,0.45228,0.48968,0.51578,0.00012,0.00025,0.0,0.0,0.10042,0.0781,0.00069,-0.00049,binary1pct_b1,1.0
click_78,click,78,717,0.42735,0.32042,0.24129,0.24129,0.24129,0.24129,0.32935,0.37063,0.40489,0.4233,0.45228,0.48968,0.51578,0.00014,0.00024,0.0,0.0,0.09344,0.07671,0.00068,-0.00046,binary1pct_b1,1.0
click_79,click,79,717,0.42736,0.32042,0.24129,0.24129,0.24129,0.24129,0.32935,0.37063,0.40489,0.4233,0.45228,0.48968,0.51578,0.00014,0.00023,0.0,0.0,0.09066,0.07113,0.00067,-0.00044,binary1pct_b1,1.0
click_80,click,80,717,0.42736,0.32042,0.24129,0.24129,0.24129,0.24129,0.32935,0.37063,0.40489,0.4233,0.45228,0.48968,0.51578,0.00015,0.00022,0.0,0.0,0.08787,0.07113,0.00065,-0.00041,binary1pct_b1,1.0
click_81,click,81,717,0.42737,0.32042,0.24129,0.24129,0.24129,0.24129,0.32935,0.37063,0.40489,0.4233,0.45228,0.48968,0.51578,0.00015,0.00022,0.0,0.0,0.08508,0.06834,0.00064,-0.00038,binary1pct_b1,1.0
click_82,click,82,717,0.42737,0.32042,0.24129,0.24129,0.24129,0.24129,0.32935,0.37063,0.40489,0.4233,0.45228,0.48968,0.51578,0.00016,0.00021,0.0,0.0,0.08368,0.06416,0.00062,-0.00035,binary1pct_b1,1.0
click_83,click,83,717,0.42738,0.32042,0.24129,0.24129,0.24129,0.24129,0.32935,0.37063,0.40489,0.4233,0.45228,0.48968,0.51578,0.00017,0.0002,0.0,0.0,0.08089,0.06137,0.00061,-0.00032,binary1pct_b1,1.0
click_84,click,84,717,0.42738,0.32042,0.24129,0.24129,0.24129,0.24129,0.32935,0.37063,0.40489,0.4233,0.45228,0.48968,0.51578,0.00017,0.00019,0.0,0.0,0.07671,0.06137,0.0006,-0.0003,binary1pct_b1,1.0
click_85,click,85,717,0.42739,0.32042,0.24129,0.24129,0.24129,0.24129,0.32935,0.37063,0.40489,0.4233,0.45228,0.48968,0.51578,0.00017,0.00019,0.0,0.0,0.07252,0.06276,0.00058,-0.00027,binary1pct_b1,1.0
click_86,click,86,717,0.42739,0.32042,0.24129,0.24129,0.24129,0.24129,0.32935,0.37063,0.40489,0.4233,0.45228,0.48968,0.51578,0.00018,0.00018,0.0,0.0,0.07113,0.06416,0.00057,-0.00026,binary1pct_b1,1.0
click_87,click,87,717,0.42739,0.32042,0.24129,0.24129,0.24129,0.24129,0.32935,0.37063,0.40489,0.4233,0.45228,0.48968,0.51578,0.00018,0.00017,0.0,0.0,0.06555,0.06416,0.00056,-0.00023,binary1pct_b1,1.0
click_88,click,88,717,0.4274,0.32042,0.24129,0.24129,0.24129,0.24129,0.32935,0.37063,0.40489,0.4233,0.45228,0.48968,0.51578,0.00018,0.00016,0.0,0.0,0.05997,0.06137,0.00054,-0.00021,binary1pct_b1,1.0
click_89,click,89,717,0.4274,0.32042,0.24129,0.24129,0.24129,0.24129,0.32935,0.37063,0.40489,0.4233,0.45228,0.48968,0.51578,0.00019,0.00016,0.0,0.0,0.05858,0.05858,0.00053,-0.00019,binary1pct_b1,1.0
click_90,click,90,717,0.4274,0.32042,0.24129,0.24129,0.24129,0.24129,0.32935,0.37063,0.40489,0.4233,0.45228,0.48968,0.51578,0.00019,0.00015,0.0,0.0,0.05439,0.05858,0.00051,-0.00017,binary1pct_b1,1.0
click_91,click,91,717,0.4274,0.32042,0.24129,0.24129,0.24129,0.24129,0.32935,0.37063,0.40489,0.4233,0.45228,0.48968,0.51578,0.00019,0.00015,0.0,0.0,0.0516,0.05718,0.0005,-0.00015,binary1pct_b1,1.0
click_92,click,92,717,0.4274,0.32042,0.24129,0.24129,0.24129,0.24129,0.32935,0.37063,0.40489,0.4233,0.45228,0.48968,0.51578,0.00019,0.00015,0.0,0.0,0.0516,0.05718,0.00049,-0.00013,binary1pct_b1,1.0
click_93,click,93,717,0.4274,0.32042,0.24129,0.24129,0.24129,0.24129,0.32935,0.37063,0.40489,0.4233,0.45228,0.48968,0.51578,0.00019,0.00014,0.0,0.0,0.05021,0.05718,0.00047,-0.00012,binary1pct_b1,1.0
click_94,click,94,717,0.4274,0.32042,0.24129,0.24129,0.24129,0.24129,0.32935,0.37063,0.40489,0.4233,0.45228,0.48968,0.51578,0.00019,0.00014,0.0,0.0,0.04742,0.05579,0.00045,-0.00011,binary1pct_b1,1.0
click_95,click,95,717,0.42739,0.32042,0.24129,0.24129,0.24129,0.24129,0.32935,0.37063,0.40489,0.4233,0.45228,0.48968,0.51578,0.00018,0.00014,0.0,0.0,0.04463,0.05439,0.00044,-9e-05,binary1pct_b1,1.0
click_96,click,96,717,0.42739,0.32042,0.24129,0.24129,0.24129,0.24129,0.32935,0.37063,0.40489,0.4233,0.45228,0.48968,0.51578,0.00018,0.00013,0.0,0.0,0.04184,0.053,0.00042,-9e-05,binary1pct_b1,1.0
click_97,click,97,717,0.42739,0.32042,0.24129,0.24129,0.24129,0.24129,0.32935,0.37063,0.40489,0.4233,0.45228,0.48968,0.51578,0.00018,0.00013,0.0,0.0,0.04184,0.0516,0.00041,-7e-05,binary1pct_b1,1.0
click_98,click,98,717,0.42739,0.32042,0.24129,0.24129,0.24129,0.24129,0.32935,0.37063,0.40489,0.4233,0.45228,0.48968,0.51578,0.00018,0.00013,0.0,0.0,0.04045,0.04881,0.00039,-6e-05,binary1pct_b1,1.0
click_99,click,99,717,0.42739,0.32042,0.24129,0.24129,0.24129,0.24129,0.32935,0.37063,0.40489,0.4233,0.45228,0.48968,0.51578,0.00018,0.00012,0.0,0.0,0.03766,0.04881,0.00039,-5e-05,binary1pct_b1,1.0
click_100,click,100,717,0.42739,0.32042,0.24129,0.24129,0.24129,0.24129,0.32935,0.37063,0.40489,0.4233,0.45228,0.48968,0.51578,0.00018,0.00012,0.0,0.0,0.03626,0.04881,0.00038,-5e-05,binary1pct_b1,1.0
click_101,click,101,717,0.42738,0.32042,0.24129,0.24129,0.24129,0.24129,0.32935,0.37063,0.40489,0.4233,0.45228,0.48922,0.51578,0.00017,0.00012,0.0,0.0,0.03626,0.04881,0.00037,-4e-05,binary1pct_b1,1.0
click_102,click,102,717,0.42738,0.32042,0.24129,0.24129,0.24129,0.24129,0.32935,0.37063,0.40489,0.4233,0.45228,0.48922,0.51578,0.00017,0.00012,0.0,0.0,0.03626,0.04881,0.00036,-4e-05,binary1pct_b1,1.0
click_103,click,103,717,0.42738,0.32042,0.24129,0.24129,0.24129,0.24129,0.32935,0.37063,0.40489,0.4233,0.45228,0.48922,0.51578,0.00017,0.00011,0.0,0.0,0.03626,0.04881,0.00035,-4e-05,binary1pct_b1,1.0
click_104,click,104,717,0.42737,0.32042,0.24129,0.24129,0.24129,0.24129,0.32935,0.37063,0.40489,0.4233,0.45228,0.48922,0.51578,0.00016,0.00011,0.0,0.0,0.03347,0.04881,0.00034,-3e-05,binary1pct_b1,1.0
click_105,click,105,717,0.42737,0.32042,0.24129,0.24129,0.24129,0.24129,0.32935,0.37063,0.40489,0.4233,0.45228,0.48922,0.51578,0.00016,0.00011,0.0,0.0,0.03208,0.04742,0.00033,-3e-05,binary1pct_b1,1.0
click_106,click,106,717,0.42737,0.32042,0.24129,0.24129,0.24129,0.24129,0.32935,0.37063,0.40489,0.4233,0.45228,0.48922,0.51578,0.00016,0.00011,0.0,0.0,0.03068,0.04742,0.00033,-3e-05,binary1pct_b1,1.0
click_107,click,107,717,0.42737,0.32042,0.24129,0.24129,0.24129,0.24129,0.32935,0.37063,0.40489,0.4233,0.45228,0.48922,0.51578,0.00015,0.00011,0.0,0.0,0.0265,0.04742,0.00032,-3e-05,binary1pct_b1,1.0
click_108,click,108,717,0.42736,0.32042,0.24129,0.24129,0.24129,0.24129,0.32935,0.37063,0.40489,0.4233,0.45228,0.48922,0.51578,0.00015,0.0001,0.0,0.0,0.0265,0.04603,0.00031,-3e-05,binary1pct_b1,1.0
click_109,click,109,717,0.42736,0.32042,0.24129,0.24129,0.24129,0.24129,0.32935,0.37063,0.40489,0.4233,0.45228,0.48922,0.51578,0.00015,0.0001,0.0,0.0,0.0251,0.04463,0.00031,-2e-05,binary1pct_b1,1.0
click_110,click,110,717,0.42736,0.32042,0.24129,0.24129,0.24129,0.24129,0.32935,0.37063,0.40489,0.4233,0.45228,0.48922,0.51578,0.00015,0.0001,0.0,0.0,0.0251,0.04463,0.0003,-2e-05,binary1pct_b1,1.0
click_111,click,111,717,0.42736,0.32042,0.24129,0.24129,0.24129,0.24129,0.32935,0.37063,0.40489,0.4233,0.45228,0.48922,0.51578,0.00014,0.0001,0.0,0.0,0.02371,0.04324,0.0003,-2e-05,binary1pct_b1,1.0
click_112,click,112,717,0.42735,0.32042,0.24129,0.24129,0.24129,0.24129,0.32935,0.37063,0.40489,0.4233,0.45228,0.48922,0.51578,0.00014,0.0001,0.0,0.0,0.02371,0.04324,0.00029,-2e-05,binary1pct_b1,1.0
click_113,click,113,717,0.42735,0.32042,0.24129,0.24129,0.24129,0.24129,0.32935,0.37063,0.40489,0.4233,0.45228,0.48922,0.51578,0.00014,9e-05,0.0,0.0,0.02232,0.03905,0.00028,-2e-05,binary1pct_b1,1.0
click_114,click,114,717,0.42735,0.32042,0.24129,0.24129,0.24129,0.24129,0.32935,0.37063,0.40489,0.4233,0.45228,0.48922,0.51578,0.00014,9e-05,0.0,0.0,0.02092,0.03905,0.00028,-2e-05,binary1pct_b1,1.0
click_115,click,115,717,0.42734,0.32042,0.24129,0.24129,0.24129,0.24129,0.32935,0.37063,0.40489,0.4233,0.45228,0.48922,0.51578,0.00013,9e-05,0.0,0.0,0.02092,0.03766,0.00027,-2e-05,binary1pct_b1,1.0
click_116,click,116,717,0.42734,0.32042,0.24129,0.24129,0.24129,0.24129,0.32935,0.37063,0.40489,0.4233,0.45228,0.48922,0.51578,0.00013,9e-05,0.0,0.0,0.02092,0.03766,0.00026,-1e-05,binary1pct_b1,1.0
click_117,click,117,717,0.42734,0.32042,0.24129,0.24129,0.24129,0.24129,0.32935,0.37063,0.40489,0.4233,0.45228,0.48922,0.51578,0.00013,9e-05,0.0,0.0,0.02092,0.03626,0.00025,-1e-05,binary1pct_b1,1.0
click_118,click,118,717,0.42734,0.32042,0.24129,0.24129,0.24129,0.24129,0.32935,0.37063,0.40489,0.4233,0.45228,0.48922,0.51578,0.00012,8e-05,0.0,0.0,0.02092,0.03347,0.00025,-1e-05,binary1pct_b1,1.0
click_119,click,119,717,0.42733,0.32042,0.24129,0.24129,0.24129,0.24129,0.32935,0.37063,0.40489,0.4233,0.45228,0.48922,0.51578,0.00012,8e-05,0.0,0.0,0.02092,0.03347,0.00024,-1e-05,binary1pct_b1,1.0
click_120,click,120,717,0.42733,0.32042,0.24129,0.24129,0.24129,0.24129,0.32935,0.37063,0.40489,0.4233,0.45228,0.48922,0.51578,0.00012,8e-05,0.0,0.0,0.02092,0.03347,0.00023,-1e-05,binary1pct_b1,1.0
click_121,click,121,717,0.42732,0.32042,0.24129,0.24129,0.24129,0.24129,0.32935,0.37063,0.40489,0.4233,0.45228,0.48922,0.51578,0.00011,7e-05,0.0,0.0,0.01953,0.03347,0.00022,-2e-05,binary1pct_b1,1.0
click_122,click,122,717,0.42731,0.32042,0.24129,0.24129,0.24129,0.24129,0.32935,0.37063,0.40489,0.4233,0.45228,0.48922,0.51578,0.0001,7e-05,0.0,0.0,0.01953,0.03347,0.00021,-2e-05,binary1pct_b1,1.0
click_123,click,123,717,0.42731,0.32042,0.24129,0.24129,0.24129,0.24129,0.32935,0.37063,0.40489,0.4233,0.45228,0.48922,0.51578,0.0001,7e-05,0.0,0.0,0.01953,0.03347,0.0002,-2e-05,binary1pct_b1,1.0
click_124,click,124,717,0.4273,0.32042,0.24129,0.24129,0.24129,0.24129,0.32935,0.37063,0.40489,0.4233,0.45228,0.48922,0.51578,9e-05,6e-05,0.0,0.0,0.01953,0.03347,0.00018,-2e-05,binary1pct_b1,1.0
click_125,click,125,717,0.42729,0.32042,0.24129,0.24129,0.24129,0.24129,0.32935,0.37063,0.40489,0.4233,0.45228,0.48922,0.51578,8e-05,6e-05,0.0,0.0,0.01953,0.03347,0.00017,-2e-05,binary1pct_b1,1.0
click_126,click,126,717,0.42728,0.32042,0.24129,0.24129,0.24129,0.24129,0.32935,0.37063,0.40489,0.4233,0.45228,0.48922,0.51578,7e-05,6e-05,0.0,0.0,0.01953,0.03347,0.00016,-2e-05,binary1pct_b1,1.0
click_127,click,127,717,0.42728,0.32042,0.24129,0.24129,0.24129,0.24129,0.32935,0.37063,0.40489,0.4233,0.45228,0.48922,0.51578,6e-05,5e-05,0.0,0.0,0.02092,0.03208,0.00015,-3e-05,binary1pct_b1,1.0
click_128,click,128,717,0.42727,0.32042,0.24129,0.24129,0.24129,0.24129,0.32935,0.37063,0.40489,0.4233,0.45228,0.48922,0.51578,6e-05,5e-05,0.0,0.0,0.02092,0.03068,0.00013,-3e-05,binary1pct_b1,1.0
click_129,click,129,717,0.42726,0.32042,0.24129,0.24129,0.24129,0.24129,0.32935,0.37063,0.40489,0.4233,0.45228,0.48922,0.51578,5e-05,5e-05,0.0,0.0,0.01953,0.02929,0.00013,-3e-05,binary1pct_b1,1.0
click_130,click,130,717,0.42726,0.32042,0.24129,0.24129,0.24129,0.24129,0.32935,0.37063,0.40489,0.4233,0.45228,0.48922,0.51578,5e-05,4e-05,0.0,0.0,0.01953,0.02929,0.00012,-3e-05,binary1pct_b1,1.0
click_131,click,131,717,0.42725,0.32042,0.24129,0.24129,0.24129,0.24129,0.32935,0.37063,0.40489,0.4233,0.45228,0.48922,0.51578,4e-05,4e-05,0.0,0.0,0.01953,0.02929,0.00011,-3e-05,binary1pct_b1,1.0
click_132,click,132,717,0.42725,0.32042,0.24129,0.24129,0.24129,0.24129,0.32935,0.37063,0.40489,0.4233,0.45228,0.48922,0.51578,4e-05,4e-05,0.0,0.0,0.01813,0.02929,0.0001,-3e-05,binary1pct_b1,1.0
click_133,click,133,717,0.42724,0.32042,0.24129,0.24129,0.24129,0.24129,0.32935,0.37063,0.40489,0.4233,0.45228,0.48922,0.51578,3e-05,4e-05,0.0,0.0,0.01813,0.02789,9e-05,-3e-05,binary1pct_b1,1.0
click_134,click,134,717,0.42724,0.32042,0.24129,0.24129,0.24129,0.24129,0.32935,0.37063,0.40489,0.4233,0.45228,0.48922,0.51578,3e-05,3e-05,0.0,0.0,0.01813,0.0265,8e-05,-3e-05,binary1pct_b1,1.0
click_135,click,135,717,0.42723,0.32042,0.24129,0.24129,0.24129,0.24129,0.32935,0.37063,0.40489,0.4233,0.45228,0.48922,0.51578,2e-05,3e-05,0.0,0.0,0.01813,0.02371,7e-05,-2e-05,binary1pct_b1,1.0
click_136,click,136,717,0.42723,0.32042,0.24129,0.24129,0.24129,0.24129,0.32935,0.37063,0.40489,0.4233,0.45228,0.48922,0.51578,2e-05,3e-05,0.0,0.0,0.01674,0.02232,6e-05,-2e-05,binary1pct_b1,1.0
click_137,click,137,717,0.42723,0.32042,0.24129,0.24129,0.24129,0.24129,0.32935,0.37063,0.40489,0.4233,0.45228,0.48922,0.51578,2e-05,3e-05,0.0,0.0,0.01674,0.01953,5e-05,-2e-05,binary1pct_b1,1.0
click_138,click,138,717,0.42723,0.32042,0.24129,0.24129,0.24129,0.24129,0.32935,0.37063,0.40489,0.4233,0.45228,0.48922,0.51578,2e-05,3e-05,0.0,0.0,0.01674,0.01953,5e-05,-2e-05,binary1pct_b1,1.0
click_139,click,139,717,0.42723,0.32042,0.24129,0.24129,0.24129,0.24129,0.32935,0.37063,0.40489,0.4233,0.45228,0.48922,0.51578,2e-05,2e-05,0.0,0.0,0.01674,0.01953,5e-05,-1e-05,binary1pct_b1,1.0
click_140,click,140,717,0.42723,0.32042,0.24129,0.24129,0.24129,0.24129,0.32935,0.37063,0.40489,0.4233,0.45228,0.48922,0.51578,2e-05,2e-05,0.0,0.0,0.01674,0.01953,4e-05,-1e-05,binary1pct_b1,1.0
click_141,click,141,717,0.42723,0.32042,0.24129,0.24129,0.24129,0.24129,0.32935,0.37063,0.40489,0.4233,0.45228,0.48922,0.51578,1e-05,2e-05,0.0,0.0,0.01674,0.01953,4e-05,-1e-05,binary1pct_b1,1.0
click_142,click,142,717,0.42723,0.32042,0.24129,0.24129,0.24129,0.24129,0.32935,0.37063,0.40489,0.4233,0.45228,0.48922,0.51578,1e-05,2e-05,0.0,0.0,0.01674,0.01953,3e-05,-1e-05,binary1pct_b1,1.0
click_143,click,143,717,0.42722,0.32042,0.24129,0.24129,0.24129,0.24129,0.32935,0.37063,0.40489,0.4233,0.45228,0.48922,0.51578,1e-05,2e-05,0.0,0.0,0.01674,0.01953,3e-05,-0.0,binary1pct_b1,1.0
click_144,click,144,717,0.42722,0.32042,0.24129,0.24129,0.24129,0.24129,0.32935,0.37063,0.40489,0.4233,0.45228,0.48922,0.51578,1e-05,1e-05,0.0,0.0,0.01674,0.01813,2e-05,-0.0,binary1pct_b1,1.0
click_145,click,145,717,0.42722,0.32042,0.24129,0.24129,0.24129,0.24129,0.32935,0.37063,0.40489,0.4233,0.45228,0.48922,0.51578,1e-05,1e-05,0.0,0.0,0.01534,0.01674,2e-05,-0.0,binary1pct_b1,1.0
click_146,click,146,717,0.42722,0.32042,0.24129,0.24129,0.24129,0.24129,0.32935,0.37063,0.40489,0.4233,0.45228,0.48922,0.51578,1e-05,1e-05,0.0,0.0,0.01395,0.01395,1e-05,-0.0,binary1pct_b1,1.0
click_147,click,147,717,0.42722,0.32042,0.24129,0.24129,0.24129,0.24129,0.32935,0.37063,0.40489,0.4233,0.45228,0.48922,0.51578,1e-05,1e-05,0.0,0.0,0.01395,0.01395,1e-05,-0.0,binary1pct_b1,1.0
click_148,click,148,717,0.42722,0.32042,0.24129,0.24129,0.24129,0.24129,0.32935,0.37063,0.40489,0.4233,0.45228,0.48922,0.51578,1e-05,1e-05,0.0,0.0,0.01395,0.01395,1e-05,0.0,binary1pct_b1,1.0
click_149,click,149,717,0.42722,0.32042,0.24129,0.24129,0.24129,0.24129,0.32935,0.37063,0.40489,0.4233,0.45228,0.48922,0.51578,0.0,0.0,0.0,0.0,0.01395,0.01395,1e-05,-0.0,binary1pct_b1,1.0
click_150,click,150,717,0.42721,0.32042,0.24129,0.24129,0.24129,0.24129,0.32935,0.37063,0.40489,0.4233,0.45228,0.48922,0.51578,0.0,0.0,0.0,0.0,0.01395,0.01395,1e-05,-0.0,binary1pct_b1,1.0
exact_10,exact,10,717,0.43062,0.33195,0.24129,0.28757,0.30867,0.31411,0.31552,0.35578,0.39415,0.41814,0.44997,0.48968,0.51578,0.0034,0.0027,0.01153,0.00715,0.46304,0.52301,0.01099,-0.00492,binary1pct_b1,1.0
exact_20,exact,20,717,0.42661,0.31994,0.24129,0.24129,0.24129,0.31411,0.31552,0.35578,0.39415,0.41814,0.44997,0.48968,0.51578,-0.0006,0.00156,-0.00048,0.00339,0.4477,0.53835,0.00288,-0.00441,binary1pct_b1,1.0
exact_30,exact,30,717,0.42128,0.30395,0.24129,0.24129,0.24129,0.24129,0.24129,0.35578,0.39415,0.41814,0.44997,0.48968,0.51578,-0.00593,0.00103,-0.01646,0.00198,0.72943,0.24268,-0.00655,-0.00525,binary1pct_b1,1.0
exact_40,exact,40,717,0.41267,0.2781,0.24129,0.24129,0.24129,0.24129,0.24129,0.24129,0.39415,0.41814,0.44997,0.48968,0.51578,-0.01455,0.00193,-0.04232,0.00575,0.74338,0.23013,-0.01934,-0.00929,binary1pct_b1,1.0
exact_50,exact,50,717,0.40158,0.24482,0.24129,0.24129,0.24129,0.24129,0.24129,0.24129,0.24129,0.41814,0.44997,0.48968,0.51578,-0.02564,0.00326,-0.07559,0.01003,0.74756,0.2371,-0.03433,-0.01611,binary1pct_b1,1.0
exact_60,exact,60,717,0.38933,0.24129,0.24129,0.24129,0.24129,0.24129,0.24129,0.24129,0.24129,0.24129,0.44997,0.48968,0.51578,-0.03788,0.00462,-0.07913,0.01046,0.75732,0.21897,-0.05042,-0.02414,binary1pct_b1,1.0
exact_80,exact,80,717,0.36247,0.24129,0.24129,0.24129,0.24129,0.24129,0.24129,0.24129,0.24129,0.24129,0.24129,0.48968,0.51578,-0.06475,0.00738,-0.07913,0.01046,0.78801,0.19247,-0.08473,-0.04283,binary1pct_b1,1.0
exact_100,exact,100,717,0.33123,0.24129,0.24129,0.24129,0.24129,0.24129,0.24129,0.24129,0.24129,0.24129,0.24129,0.48968,0.51578,-0.09598,0.01015,-0.07913,0.01046,0.82566,0.15621,-0.12385,-0.06542,binary1pct_b1,1.0
goods_1,goods,1,717,0.42985,0.32966,0.23444,0.28757,0.30867,0.31411,0.31552,0.35578,0.39415,0.41814,0.44997,0.48968,0.51578,0.00264,0.00327,0.00924,0.00895,0.49093,0.49512,0.01263,-0.00831,binary1pct_b1,1.0
goods_2,goods,2,717,0.4311,0.33295,0.24051,0.29322,0.31363,0.31751,0.3183,0.35738,0.39523,0.41917,0.4503,0.48963,0.51579,0.00389,0.00317,0.01254,0.00874,0.47978,0.4993,0.01363,-0.00678,binary1pct_b1,1.0
goods_3,goods,3,717,0.43213,0.3356,0.24749,0.29723,0.31625,0.32008,0.32047,0.3595,0.39647,0.41999,0.451,0.48965,0.51577,0.00492,0.0031,0.01519,0.00858,0.45746,0.50907,0.01424,-0.00529,binary1pct_b1,1.0
goods_4,goods,4,717,0.43322,0.33878,0.24129,0.30134,0.31846,0.32132,0.32225,0.36047,0.39733,0.42032,0.45124,0.48969,0.51571,0.00601,0.00273,0.01836,0.00742,0.37796,0.4993,0.01384,-0.00257,binary1pct_b1,1.0
goods_5,goods,5,717,0.43328,0.33896,0.24129,0.30615,0.32061,0.32297,0.32284,0.36161,0.39759,0.42081,0.45149,0.48947,0.51572,0.00607,0.00259,0.01855,0.00698,0.34449,0.49093,0.01338,-0.00195,binary1pct_b1,1.0
goods_6,goods,6,717,0.43322,0.33882,0.24129,0.31124,0.3233,0.3249,0.32407,0.36242,0.39805,0.42134,0.45157,0.48953,0.51569,0.00601,0.00244,0.01841,0.00651,0.31939,0.48117,0.01289,-0.00153,binary1pct_b1,1.0
goods_7,goods,7,717,0.43296,0.33806,0.24129,0.24129,0.326,0.32708,0.32547,0.36282,0.39822,0.42117,0.45171,0.4896,0.51569,0.00575,0.00228,0.01764,0.00605,0.30823,0.47141,0.01211,-0.00124,binary1pct_b1,1.0
goods_8,goods,8,717,0.43268,0.33723,0.24129,0.24129,0.32804,0.32784,0.32768,0.36383,0.39811,0.42143,0.45171,0.48967,0.51569,0.00546,0.00213,0.01682,0.00558,0.30126,0.46444,0.01137,-0.00101,binary1pct_b1,1.0
goods_9,goods,9,717,0.43244,0.3365,0.24129,0.24129,0.32892,0.32969,0.32938,0.36513,0.3989,0.42098,0.4518,0.48958,0.51569,0.00523,0.00195,0.01608,0.00508,0.28452,0.46165,0.0106,-0.00066,binary1pct_b1,1.0
goods_10,goods,10,717,0.43205,0.33541,0.24129,0.24129,0.32776,0.33014,0.33098,0.36632,0.39944,0.42115,0.45186,0.48958,0.51533,0.00484,0.00178,0.015,0.0046,0.27197,0.45607,0.00973,-0.00053,binary1pct_b1,1.0
goods_11,goods,11,717,0.43179,0.33455,0.24129,0.24129,0.32485,0.33104,0.33137,0.36824,0.4005,0.42148,0.45198,0.48955,0.51533,0.00458,0.0016,0.01413,0.00411,0.25662,0.45328,0.00893,-0.0002,binary1pct_b1,1.0
goods_12,goods,12,717,0.43131,0.33324,0.24129,0.24129,0.24129,0.33134,0.33206,0.36971,0.40247,0.42158,0.45202,0.48959,0.51533,0.0041,0.00143,0.01282,0.00366,0.24547,0.44909,0.00802,-0.00021,binary1pct_b1,1.0
goods_13,goods,13,717,0.4308,0.33195,0.24129,0.24129,0.24129,0.33158,0.334,0.36973,0.40339,0.42166,0.45137,0.48966,0.51536,0.00359,0.00124,0.01154,0.0032,0.23989,0.43933,0.00696,-0.0001,binary1pct_b1,1.0
goods_14,goods,14,717,0.43043,0.33066,0.24129,0.24129,0.24129,0.33117,0.33459,0.36948,0.40402,0.42173,0.45097,0.48966,0.51536,0.00321,0.00107,0.01025,0.00274,0.22873,0.43654,0.0061,5e-05,binary1pct_b1,1.0
goods_15,goods,15,717,0.42999,0.32927,0.24129,0.24129,0.24129,0.32667,0.33464,0.37045,0.40338,0.42293,0.4511,0.48966,0.51536,0.00278,0.0009,0.00885,0.00232,0.21618,0.43515,0.00518,0.00015,binary1pct_b1,1.0
goods_16,goods,16,717,0.42951,0.32752,0.24129,0.24129,0.24129,0.31967,0.33381,0.37126,0.40395,0.42366,0.45098,0.48956,0.51536,0.0023,0.00073,0.00711,0.00187,0.19944,0.44351,0.00425,0.00016,binary1pct_b1,1.0
goods_17,goods,17,717,0.429,0.3257,0.24129,0.24129,0.24129,0.24129,0.33383,0.3716,0.40395,0.42355,0.45197,0.48956,0.51536,0.00179,0.00055,0.00529,0.00144,0.18968,0.44491,0.00323,0.0002,binary1pct_b1,1.0
goods_18,goods,18,717,0.4284,0.32398,0.24129,0.24129,0.24129,0.24129,0.33333,0.3708,0.40407,0.42434,0.45181,0.48956,0.51536,0.00119,0.00036,0.00356,0.00096,0.17573,0.44351,0.00216,0.00013,binary1pct_b1,1.0
goods_19,goods,19,717,0.42778,0.32228,0.24129,0.24129,0.24129,0.24129,0.33183,0.37134,0.40514,0.4235,0.45253,0.48945,0.51536,0.00057,0.00018,0.00186,0.00047,0.17713,0.42957,0.00102,7e-05,binary1pct_b1,1.0
goods_20,goods,20,717,0.42721,0.32042,0.24129,0.24129,0.24129,0.24129,0.32935,0.37063,0.40489,0.4233,0.45228,0.48922,0.51536,0.0,0.0,0.0,0.0,0.0,0.0,0.0,0.0,binary1pct_b1,1.0
after_bad,after_bad,,717,0.43296,0.33809,0.24129,0.29723,0.31625,0.32008,0.32047,0.3595,0.39647,0.41999,0.451,0.48965,0.51577,0.00575,0.00289,0.01767,0.00791,0.43515,0.53138,0.01406,-0.00336,binary1pct_b1,1.0
after_bad_votes_m-0.2_p1,after_bad_votes,"(-0.2, 1)",717,0.43394,0.34099,0.24129,0.3103,0.32419,0.32684,0.32538,0.36153,0.39719,0.42022,0.4511,0.48965,0.51577,0.00673,0.00262,0.02058,0.00708,0.40446,0.53556,0.01418,-0.00144,binary1pct_b1,1.0
after_bad_votes_m-0.2_p3,after_bad_votes,"(-0.2, 3)",717,0.43367,0.3401,0.24129,0.31538,0.32647,0.32961,0.32807,0.36265,0.39795,0.42059,0.45135,0.48969,0.51571,0.00646,0.00236,0.01968,0.00627,0.3431,0.49791,0.0131,-0.00081,binary1pct_b1,1.0
after_bad_votes_m-0.1_p1,after_bad_votes,"(-0.1, 1)",717,0.43431,0.34181,0.24129,0.3079,0.32527,0.32674,0.3264,0.36372,0.39795,0.42132,0.45113,0.48965,0.51577,0.0071,0.0025,0.0214,0.00676,0.35704,0.51743,0.01406,-0.00053,binary1pct_b1,1.0
after_bad_votes_m-0.1_p3,after_bad_votes,"(-0.1, 3)",717,0.43356,0.3395,0.24129,0.30713,0.32242,0.32671,0.32837,0.36468,0.39831,0.42159,0.45139,0.48969,0.51571,0.00635,0.00218,0.01909,0.00575,0.29568,0.45886,0.0126,-0.0005,binary1pct_b1,1.0
after_bad_votes_m+0.0_p1,after_bad_votes,"(0.0, 1)",717,0.43456,0.3421,0.24129,0.30961,0.32143,0.32337,0.32685,0.3657,0.40014,0.42257,0.4518,0.48978,0.51577,0.00735,0.00239,0.02168,0.00647,0.29149,0.48117,0.01407,-1e-05,binary1pct_b1,1.0
after_bad_votes_m+0.0_p3,after_bad_votes,"(0.0, 3)",717,0.43348,0.33882,0.24129,0.30806,0.31495,0.31621,0.32865,0.36722,0.40119,0.42283,0.45175,0.48969,0.51571,0.00627,0.00199,0.01841,0.00526,0.23431,0.39609,0.01224,-0.00029,binary1pct_b1,1.0
after_bad_votes_m+0.1_p1,after_bad_votes,"(0.1, 1)",717,0.42741,0.32043,0.24129,0.24573,0.24566,0.24457,0.32615,0.36906,0.40343,0.42352,0.45192,0.48961,0.51586,0.0002,0.00126,1e-05,0.00292,0.17155,0.1325,0.00193,-0.0017,binary1pct_b1,1.0
after_bad_votes_m+0.1_p3,after_bad_votes,"(0.1, 3)",717,0.42772,0.32124,0.24129,0.24866,0.24774,0.24633,0.32782,0.36982,0.40419,0.42386,0.45216,0.48963,0.51572,0.00051,0.00114,0.00082,0.00257,0.15342,0.11855,0.00196,-0.00107,binary1pct_b1,1.0
after_bad_votes_m+0.2_p1,after_bad_votes,"(0.2, 1)",717,0.4278,0.32123,0.24129,0.24569,0.24527,0.24566,0.32718,0.3703,0.40385,0.42385,0.45282,0.48966,0.51551,0.00059,0.00115,0.00081,0.00273,0.11715,0.10321,0.00194,-0.00089,binary1pct_b1,1.0
after_bad_votes_m+0.2_p3,after_bad_votes,"(0.2, 3)",717,0.428,0.3218,0.24129,0.24781,0.24675,0.24711,0.32879,0.37117,0.40423,0.42425,0.45282,0.48966,0.51537,0.00079,0.00095,0.00138,0.00209,0.09902,0.09066,0.00189,-0.00041,binary1pct_b1,1.0
votes_m-0.2_p1,votes,"(-0.2, 1)",717,0.43332,0.33955,0.24053,0.31016,0.32234,0.3241,0.32319,0.35957,0.396,0.41946,0.4504,0.48963,0.51579,0.00611,0.00268,0.01914,0.00718,0.4212,0.53138,0.01394,-0.00249,binary1pct_b1,1.0
votes_m-0.2_p3,votes,"(-0.2, 3)",717,0.43367,0.3401,0.24129,0.31538,0.32647,0.32961,0.32807,0.36265,0.39795,0.42059,0.45135,0.48969,0.51571,0.00646,0.00236,0.01968,0.00627,0.3431,0.49791,0.0131,-0.00081,binary1pct_b1,1.0
votes_m-0.2_p5,votes,"(-0.2, 5)",717,0.43339,0.33928,0.24129,0.24146,0.33093,0.33469,0.33135,0.36519,0.39888,0.42164,0.45168,0.48953,0.51569,0.00618,0.00204,0.01886,0.00532,0.27057,0.47699,0.01198,-0.00018,binary1pct_b1,1.0
votes_m-0.2_p8,votes,"(-0.2, 8)",717,0.43219,0.33566,0.24129,0.24129,0.32731,0.33658,0.33498,0.36745,0.39996,0.42214,0.4519,0.48958,0.51569,0.00498,0.00157,0.01524,0.00393,0.23013,0.4477,0.00938,0.00016,binary1pct_b1,1.0
votes_m-0.1_p1,votes,"(-0.1, 1)",717,0.43384,0.34088,0.24115,0.30775,0.32549,0.32674,0.32556,0.36193,0.39631,0.42022,0.45046,0.48965,0.51579,0.00663,0.00254,0.02046,0.00681,0.38354,0.51604,0.0139,-0.00135,binary1pct_b1,1.0
votes_m-0.1_p3,votes,"(-0.1, 3)",717,0.43356,0.3395,0.24129,0.30713,0.32242,0.32671,0.32837,0.36468,0.39831,0.42159,0.45139,0.48969,0.51571,0.00635,0.00218,0.01909,0.00575,0.29568,0.45886,0.0126,-0.0005,binary1pct_b1,1.0
votes_m-0.1_p5,votes,"(-0.1, 5)",717,0.43313,0.33834,0.24129,0.24129,0.32504,0.32973,0.33155,0.36754,0.39938,0.42236,0.45168,0.48953,0.51569,0.00592,0.0019,0.01792,0.0049,0.23849,0.43236,0.0115,-0.00019,binary1pct_b1,1.0
votes_m-0.1_p8,votes,"(-0.1, 8)",717,0.43199,0.33489,0.24129,0.24129,0.3212,0.33054,0.33452,0.36998,0.40019,0.42282,0.4519,0.48958,0.51569,0.00477,0.00148,0.01447,0.00366,0.19944,0.40307,0.00897,0.00018,binary1pct_b1,1.0
votes_m+0.0_p1,votes,"(0.0, 1)",717,0.4346,0.34211,0.24115,0.30946,0.32165,0.32361,0.32717,0.36614,0.40001,0.42245,0.45174,0.48986,0.51595,0.00739,0.00239,0.02169,0.00648,0.29568,0.48815,0.01413,-0.0,binary1pct_b1,1.0
votes_m+0.0_p3,votes,"(0.0, 3)",717,0.43348,0.33882,0.24129,0.30806,0.31495,0.31621,0.32865,0.36722,0.40119,0.42283,0.45175,0.48969,0.51571,0.00627,0.00199,0.01841,0.00526,0.23431,0.39609,0.01224,-0.00029,binary1pct_b1,1.0
votes_m+0.0_p5,votes,"(0.0, 5)",717,0.43226,0.33533,0.24129,0.24129,0.31039,0.31059,0.32956,0.36881,0.4013,0.42321,0.45201,0.48953,0.51569,0.00505,0.0017,0.01492,0.00434,0.18828,0.3417,0.01034,-0.00076,binary1pct_b1,1.0
votes_m+0.0_p8,votes,"(0.0, 8)",717,0.43063,0.3304,0.24129,0.24129,0.29934,0.30019,0.32986,0.37079,0.40245,0.42372,0.45216,0.48958,0.51569,0.00342,0.00117,0.00999,0.00279,0.14505,0.27894,0.00679,-0.00027,binary1pct_b1,1.0
votes_m+0.1_p1,votes,"(0.1, 1)",717,0.42743,0.32049,0.24067,0.24558,0.24589,0.24481,0.32647,0.3695,0.40343,0.42352,0.45192,0.48961,0.51586,0.00022,0.00127,7e-05,0.00293,0.17155,0.13389,0.00192,-0.00166,binary1pct_b1,1.0
votes_m+0.1_p3,votes,"(0.1, 3)",717,0.42772,0.32124,0.24129,0.24866,0.24774,0.24633,0.32782,0.36982,0.40419,0.42386,0.45216,0.48963,0.51572,0.00051,0.00114,0.00082,0.00257,0.15342,0.11855,0.00196,-0.00107,binary1pct_b1,1.0
votes_m+0.1_p5,votes,"(0.1, 5)",717,0.42783,0.32182,0.24129,0.24129,0.24859,0.2484,0.32994,0.37193,0.40393,0.42418,0.45237,0.48944,0.51569,0.00062,0.00104,0.00141,0.00224,0.11437,0.10042,0.00198,-0.00086,binary1pct_b1,1.0
votes_m+0.1_p8,votes,"(0.1, 8)",717,0.42746,0.32072,0.24129,0.24129,0.24463,0.24513,0.32941,0.37072,0.40332,0.42418,0.45245,0.48958,0.51569,0.00025,0.00063,0.00031,0.00098,0.09066,0.07252,0.00099,-0.00057,binary1pct_b1,1.0
votes_m+0.2_p1,votes,"(0.2, 1)",717,0.42782,0.32129,0.24067,0.24554,0.2455,0.2459,0.3275,0.37074,0.40385,0.42385,0.45282,0.48966,0.51551,0.00061,0.00115,0.00087,0.00273,0.11715,0.1046,0.00194,-0.00085,binary1pct_b1,1.0
votes_m+0.2_p3,votes,"(0.2, 3)",717,0.428,0.3218,0.24129,0.24781,0.24675,0.24711,0.32879,0.37117,0.40423,0.42425,0.45282,0.48966,0.51537,0.00079,0.00095,0.00138,0.00209,0.09902,0.09066,0.00189,-0.00041,binary1pct_b1,1.0
votes_m+0.2_p5,votes,"(0.2, 5)",717,0.42798,0.32193,0.24129,0.24129,0.24725,0.24706,0.32972,0.37245,0.4041,0.42462,0.45308,0.48948,0.51533,0.00077,0.00084,0.00152,0.00175,0.07252,0.07252,0.00171,-0.00026,binary1pct_b1,1.0
votes_m+0.2_p8,votes,"(0.2, 8)",717,0.42739,0.32023,0.24129,0.24129,0.24129,0.2414,0.32941,0.3705,0.40322,0.42465,0.45306,0.48957,0.51533,0.00018,0.00047,-0.00019,0.00047,0.05858,0.04045,0.0006,-0.00028,binary1pct_b1,1.0
today,today,,717,0.53231,0.47589,0.46912,0.46912,0.46912,0.46912,0.46027,0.46978,0.48904,0.49818,0.53093,0.56363,0.60606,0.0,0.0,0.0,0.0,0.0,0.0,0.0,0.0,binary1pct_b4,4.0
detector_always,always,,717,0.51021,0.41232,0.29665,0.36203,0.38229,0.3971,0.40482,0.43186,0.46383,0.48313,0.52576,0.56567,0.6078,-0.0221,0.00343,-0.06356,0.0079,0.72803,0.25802,-0.01575,-0.02907,binary1pct_b4,4.0
ceiling_opening,ceiling,,717,0.54043,0.49042,0.47937,0.48894,0.49252,0.49647,0.47206,0.48158,0.5009,0.50972,0.53656,0.56738,0.60823,0.00812,0.00128,0.01454,0.00292,0.0,0.60391,0.0096,0.0065,binary1pct_b4,4.0
ceiling_any,ceiling,,717,0.54964,0.50069,0.47937,0.48894,0.49252,0.49647,0.49835,0.50585,0.51751,0.52449,0.54926,0.57701,0.61155,0.01733,0.00129,0.0248,0.00275,0.0,0.97629,0.01696,0.01773,binary1pct_b4,4.0
click_0,click,0,717,0.51021,0.41232,0.29665,0.36203,0.38229,0.3971,0.40482,0.43186,0.46383,0.48313,0.52576,0.56567,0.6078,-0.0221,0.00343,-0.06356,0.0079,0.72803,0.25802,-0.01575,-0.02907,binary1pct_b4,4.0
click_1,click,1,717,0.51021,0.41232,0.29665,0.36203,0.38229,0.3971,0.40482,0.43186,0.46383,0.48313,0.52576,0.56567,0.6078,-0.0221,0.00343,-0.06356,0.0079,0.72803,0.25802,-0.01575,-0.02907,binary1pct_b4,4.0
click_2,click,2,717,0.51021,0.41232,0.29665,0.36203,0.38229,0.3971,0.40482,0.43186,0.46383,0.48313,0.52576,0.56567,0.6078,-0.0221,0.00343,-0.06356,0.0079,0.72803,0.25802,-0.01575,-0.02907,binary1pct_b4,4.0
click_3,click,3,717,0.51046,0.4131,0.29665,0.36203,0.38229,0.3971,0.40482,0.43186,0.46383,0.48313,0.52576,0.56567,0.6078,-0.02185,0.00342,-0.06279,0.00787,0.72803,0.25802,-0.01554,-0.02876,binary1pct_b4,4.0
click_4,click,4,717,0.5109,0.41442,0.29665,0.36203,0.38229,0.3971,0.40482,0.43186,0.46383,0.48313,0.52576,0.56567,0.6078,-0.0214,0.00341,-0.06147,0.00784,0.72664,0.25941,-0.0152,-0.02821,binary1pct_b4,4.0
click_5,click,5,717,0.51331,0.42164,0.29665,0.36203,0.38229,0.3971,0.40482,0.43186,0.46383,0.48313,0.52576,0.56567,0.6078,-0.019,0.00341,-0.05424,0.00782,0.70014,0.28591,-0.01278,-0.02581,binary1pct_b4,4.0
click_6,click,6,717,0.51446,0.42509,0.46912,0.36203,0.38229,0.3971,0.40482,0.43186,0.46383,0.48313,0.52576,0.56567,0.6078,-0.01785,0.00337,-0.05079,0.00764,0.69317,0.29289,-0.01186,-0.02442,binary1pct_b4,4.0
click_7,click,7,717,0.51544,0.42802,0.46912,0.36203,0.38229,0.3971,0.40482,0.43186,0.46383,0.48313,0.52576,0.56567,0.6078,-0.01687,0.00332,-0.04787,0.00745,0.68619,0.29986,-0.01108,-0.02322,binary1pct_b4,4.0
click_8,click,8,717,0.51625,0.43045,0.46912,0.36203,0.38229,0.3971,0.40482,0.43186,0.46383,0.48313,0.52576,0.56567,0.6078,-0.01606,0.00327,-0.04544,0.00725,0.68201,0.30404,-0.01042,-0.02225,binary1pct_b4,4.0
click_9,click,9,717,0.51708,0.43296,0.46912,0.36203,0.38229,0.3971,0.40482,0.43186,0.46383,0.48313,0.52576,0.56567,0.6078,-0.01522,0.00322,-0.04293,0.00705,0.67225,0.31381,-0.00974,-0.02123,binary1pct_b4,4.0
click_10,click,10,717,0.51783,0.43521,0.46912,0.36203,0.38229,0.3971,0.40482,0.43186,0.46383,0.48313,0.52576,0.56567,0.6078,-0.01447,0.00316,-0.04068,0.00682,0.66527,0.32078,-0.00919,-0.02027,binary1pct_b4,4.0
click_11,click,11,717,0.51855,0.43735,0.46912,0.46912,0.38229,0.3971,0.40482,0.43186,0.46383,0.48313,0.52576,0.56567,0.6078,-0.01376,0.0031,-0.03854,0.0066,0.66248,0.32357,-0.00865,-0.01936,binary1pct_b4,4.0
click_12,click,12,717,0.51918,0.43926,0.46912,0.46912,0.38229,0.3971,0.40482,0.43186,0.46383,0.48313,0.52576,0.56567,0.6078,-0.01313,0.00304,-0.03663,0.00637,0.66109,0.32497,-0.00818,-0.01855,binary1pct_b4,4.0
click_13,click,13,717,0.51982,0.44116,0.46912,0.46912,0.38229,0.3971,0.40482,0.43186,0.46383,0.48313,0.52576,0.56567,0.6078,-0.01249,0.00298,-0.03473,0.00615,0.65969,0.32636,-0.00772,-0.01772,binary1pct_b4,4.0
click_14,click,14,717,0.52041,0.44293,0.46912,0.46912,0.38229,0.3971,0.40482,0.43186,0.46383,0.48313,0.52576,0.56567,0.6078,-0.0119,0.00293,-0.03296,0.00594,0.65411,0.33194,-0.00731,-0.01694,binary1pct_b4,4.0
click_15,click,15,717,0.52104,0.44483,0.46912,0.46912,0.38229,0.3971,0.40482,0.43186,0.46383,0.48313,0.52576,0.56567,0.6078,-0.01127,0.00287,-0.03106,0.00573,0.6569,0.32915,-0.00684,-0.01613,binary1pct_b4,4.0
click_16,click,16,717,0.52162,0.44657,0.46912,0.46912,0.46912,0.3971,0.40482,0.43186,0.46383,0.48313,0.52576,0.56567,0.6078,-0.01069,0.00282,-0.02932,0.00552,0.65272,0.33333,-0.00642,-0.01538,binary1pct_b4,4.0
click_17,click,17,717,0.52218,0.44826,0.46912,0.46912,0.46912,0.3971,0.40482,0.43186,0.46383,0.48313,0.52576,0.56567,0.6078,-0.01012,0.00277,-0.02763,0.00532,0.64575,0.34031,-0.00601,-0.01464,binary1pct_b4,4.0
click_18,click,18,717,0.52275,0.44997,0.46912,0.46912,0.46912,0.3971,0.40482,0.43186,0.46383,0.48313,0.52576,0.56567,0.6078,-0.00956,0.00272,-0.02592,0.00512,0.63459,0.35146,-0.0056,-0.01389,binary1pct_b4,4.0
click_19,click,19,717,0.5233,0.45161,0.46912,0.46912,0.46912,0.3971,0.40482,0.43186,0.46383,0.48313,0.52576,0.56567,0.6078,-0.00901,0.00266,-0.02427,0.00492,0.62901,0.35704,-0.00523,-0.01315,binary1pct_b4,4.0
click_20,click,20,717,0.52381,0.45314,0.46912,0.46912,0.46912,0.3971,0.40482,0.43186,0.46383,0.48313,0.52576,0.56567,0.6078,-0.0085,0.00262,-0.02275,0.00474,0.62762,0.35844,-0.00488,-0.01247,binary1pct_b4,4.0
click_21,click,21,717,0.52429,0.45458,0.46912,0.46912,0.46912,0.46912,0.40482,0.43186,0.46383,0.48313,0.52576,0.56567,0.6078,-0.00802,0.00257,-0.02131,0.00457,0.62901,0.35704,-0.00456,-0.01181,binary1pct_b4,4.0
click_22,click,22,717,0.52477,0.45601,0.46912,0.46912,0.46912,0.46912,0.40482,0.43186,0.46383,0.48313,0.52576,0.56567,0.6078,-0.00754,0.00252,-0.01988,0.00439,0.6304,0.35565,-0.00426,-0.01113,binary1pct_b4,4.0
click_23,click,23,717,0.52524,0.45743,0.46912,0.46912,0.46912,0.46912,0.40482,0.43186,0.46383,0.48313,0.52576,0.56567,0.6078,-0.00707,0.00248,-0.01845,0.00422,0.62762,0.35704,-0.00395,-0.01048,binary1pct_b4,4.0
click_24,click,24,717,0.52572,0.45886,0.46912,0.46912,0.46912,0.46912,0.40482,0.43186,0.46383,0.48313,0.52576,0.56567,0.6078,-0.00659,0.00244,-0.01703,0.00406,0.46583,0.23989,-0.00363,-0.00984,binary1pct_b4,4.0
click_25,click,25,717,0.52612,0.46008,0.46912,0.46912,0.46912,0.46912,0.40482,0.43186,0.46383,0.48313,0.52576,0.56567,0.6078,-0.00618,0.00239,-0.01581,0.00389,0.40865,0.2106,-0.00332,-0.00933,binary1pct_b4,4.0
click_26,click,26,717,0.52649,0.46119,0.46912,0.46912,0.46912,0.46912,0.46027,0.43186,0.46383,0.48313,0.52576,0.56567,0.6078,-0.00581,0.00234,-0.0147,0.00373,0.38633,0.20363,-0.00306,-0.00884,binary1pct_b4,4.0
click_27,click,27,717,0.52683,0.46221,0.46912,0.46912,0.46912,0.46912,0.46027,0.43186,0.46383,0.48313,0.52576,0.56567,0.6078,-0.00548,0.0023,-0.01368,0.00357,0.36541,0.20223,-0.00282,-0.00839,binary1pct_b4,4.0
click_28,click,28,717,0.52717,0.46322,0.46912,0.46912,0.46912,0.46912,0.46027,0.43186,0.46383,0.48313,0.52576,0.56567,0.6078,-0.00514,0.00225,-0.01267,0.0034,0.35007,0.19944,-0.00255,-0.00797,binary1pct_b4,4.0
click_29,click,29,717,0.52748,0.46415,0.46912,0.46912,0.46912,0.46912,0.46027,0.43186,0.46383,0.48313,0.52576,0.56567,0.6078,-0.00483,0.00221,-0.01174,0.00324,0.33194,0.19665,-0.00232,-0.00758,binary1pct_b4,4.0
click_30,click,30,717,0.52776,0.46498,0.46912,0.46912,0.46912,0.46912,0.46027,0.43186,0.46383,0.48313,0.52576,0.56567,0.6078,-0.00455,0.00216,-0.0109,0.00308,0.32218,0.19247,-0.00212,-0.00721,binary1pct_b4,4.0
click_31,click,31,717,0.52801,0.46574,0.46912,0.46912,0.46912,0.46912,0.46027,0.46978,0.46383,0.48313,0.52576,0.56567,0.6078,-0.0043,0.00211,-0.01015,0.00292,0.3166,0.18968,-0.00193,-0.0069,binary1pct_b4,4.0
click_32,click,32,717,0.52828,0.46655,0.46912,0.46912,0.46912,0.46912,0.46027,0.46978,0.46383,0.48313,0.52576,0.56567,0.6078,-0.00403,0.00207,-0.00934,0.00276,0.31102,0.18968,-0.00172,-0.00656,binary1pct_b4,4.0
click_33,click,33,717,0.52853,0.46731,0.46912,0.46912,0.46912,0.46912,0.46027,0.46978,0.46383,0.48313,0.52576,0.56567,0.6078,-0.00378,0.00202,-0.00858,0.00261,0.30544,0.18968,-0.00152,-0.00625,binary1pct_b4,4.0
click_34,click,34,717,0.52879,0.46806,0.46912,0.46912,0.46912,0.46912,0.46027,0.46978,0.46383,0.48313,0.52576,0.56567,0.6078,-0.00352,0.00197,-0.00783,0.00245,0.29847,0.18689,-0.00134,-0.00591,binary1pct_b4,4.0
click_35,click,35,717,0.52901,0.46874,0.46912,0.46912,0.46912,0.46912,0.46027,0.46978,0.46383,0.48313,0.52576,0.56567,0.6078,-0.0033,0.00193,-0.00714,0.00229,0.2901,0.18689,-0.00118,-0.00562,binary1pct_b4,4.0
click_36,click,36,717,0.52923,0.46941,0.46912,0.46912,0.46912,0.46912,0.46027,0.46978,0.46383,0.48313,0.52576,0.56567,0.6078,-0.00308,0.00188,-0.00648,0.00214,0.28173,0.1841,-0.00103,-0.00531,binary1pct_b4,4.0
click_37,click,37,717,0.52944,0.47001,0.46912,0.46912,0.46912,0.46912,0.46027,0.46978,0.46383,0.48313,0.52576,0.56567,0.6078,-0.00287,0.00184,-0.00587,0.00198,0.27476,0.18271,-0.0009,-0.00504,binary1pct_b4,4.0
click_38,click,38,717,0.52964,0.47062,0.46912,0.46912,0.46912,0.46912,0.46027,0.46978,0.46383,0.48313,0.52576,0.56567,0.6078,-0.00267,0.00179,-0.00527,0.00184,0.26639,0.18271,-0.00075,-0.00478,binary1pct_b4,4.0
click_39,click,39,717,0.52982,0.47117,0.46912,0.46912,0.46912,0.46912,0.46027,0.46978,0.46383,0.48313,0.52576,0.56567,0.6078,-0.00249,0.00175,-0.00472,0.0017,0.25662,0.18131,-0.00062,-0.00454,binary1pct_b4,4.0
click_40,click,40,717,0.52999,0.47168,0.46912,0.46912,0.46912,0.46912,0.46027,0.46978,0.46383,0.48313,0.52576,0.56567,0.6078,-0.00232,0.00171,-0.00421,0.00155,0.24686,0.17852,-0.00051,-0.0043,binary1pct_b4,4.0
click_41,click,41,717,0.53016,0.47219,0.46912,0.46912,0.46912,0.46912,0.46027,0.46978,0.48904,0.48313,0.52576,0.56567,0.6078,-0.00215,0.00166,-0.0037,0.00141,0.23989,0.17992,-0.0004,-0.00407,binary1pct_b4,4.0
click_42,click,42,717,0.53032,0.47266,0.46912,0.46912,0.46912,0.46912,0.46027,0.46978,0.48904,0.48313,0.52576,0.56567,0.6078,-0.00199,0.00162,-0.00323,0.00126,0.23152,0.18131,-0.0003,-0.00385,binary1pct_b4,4.0
click_43,click,43,717,0.53047,0.47311,0.46912,0.46912,0.46912,0.46912,0.46027,0.46978,0.48904,0.48313,0.52576,0.56567,0.6078,-0.00184,0.00158,-0.00277,0.00111,0.22176,0.18131,-0.00021,-0.00363,binary1pct_b4,4.0
click_44,click,44,717,0.53061,0.47354,0.46912,0.46912,0.46912,0.46912,0.46027,0.46978,0.48904,0.48313,0.52576,0.56567,0.6078,-0.0017,0.00153,-0.00235,0.00097,0.2106,0.18271,-0.00013,-0.00342,binary1pct_b4,4.0
click_45,click,45,717,0.53074,0.47393,0.46912,0.46912,0.46912,0.46912,0.46027,0.46978,0.48904,0.48313,0.52576,0.56567,0.6078,-0.00157,0.00149,-0.00195,0.00083,0.20642,0.17573,-6e-05,-0.00322,binary1pct_b4,4.0
click_46,click,46,717,0.53089,0.47436,0.46912,0.46912,0.46912,0.46912,0.46027,0.46978,0.48904,0.48313,0.52576,0.56567,0.6078,-0.00142,0.00145,-0.00152,0.0007,0.20502,0.17155,3e-05,-0.00301,binary1pct_b4,4.0
click_47,click,47,717,0.53101,0.47474,0.46912,0.46912,0.46912,0.46912,0.46027,0.46978,0.48904,0.48313,0.52576,0.56567,0.6078,-0.0013,0.00141,-0.00114,0.00056,0.19526,0.16736,0.00011,-0.00284,binary1pct_b4,4.0
click_48,click,48,717,0.5311,0.47502,0.46912,0.46912,0.46912,0.46912,0.46027,0.46978,0.48904,0.48313,0.52576,0.56567,0.6078,-0.00121,0.00137,-0.00087,0.00042,0.19386,0.16597,0.00016,-0.0027,binary1pct_b4,4.0
click_49,click,49,717,0.5312,0.47532,0.46912,0.46912,0.46912,0.46912,0.46027,0.46978,0.48904,0.48313,0.52576,0.56567,0.6078,-0.00111,0.00133,-0.00057,0.00028,0.18968,0.16457,0.00022,-0.00256,binary1pct_b4,4.0
click_50,click,50,717,0.53129,0.47559,0.46912,0.46912,0.46912,0.46912,0.46027,0.46978,0.48904,0.48313,0.52576,0.56567,0.6078,-0.00102,0.00129,-0.0003,0.00014,0.18689,0.16736,0.00027,-0.00242,binary1pct_b4,4.0
click_51,click,51,717,0.53139,0.47589,0.46912,0.46912,0.46912,0.46912,0.46027,0.46978,0.48904,0.49818,0.52576,0.56567,0.6078,-0.00092,0.00125,0.0,0.0,0.1855,0.16597,0.00032,-0.00227,binary1pct_b4,4.0
click_52,click,52,717,0.5315,0.47589,0.46912,0.46912,0.46912,0.46912,0.46027,0.46978,0.48904,0.49818,0.52576,0.56567,0.6078,-0.00081,0.00121,0.0,0.0,0.18131,0.16597,0.00039,-0.00212,binary1pct_b4,4.0
click_53,click,53,717,0.5316,0.47589,0.46912,0.46912,0.46912,0.46912,0.46027,0.46978,0.48904,0.49818,0.52576,0.56567,0.6078,-0.00071,0.00118,0.0,0.0,0.17294,0.16039,0.00046,-0.002,binary1pct_b4,4.0
click_54,click,54,717,0.53168,0.47589,0.46912,0.46912,0.46912,0.46912,0.46027,0.46978,0.48904,0.49818,0.52576,0.56567,0.6078,-0.00063,0.00114,0.0,0.0,0.16736,0.159,0.00051,-0.00189,binary1pct_b4,4.0
click_55,click,55,717,0.53175,0.47589,0.46912,0.46912,0.46912,0.46912,0.46027,0.46978,0.48904,0.49818,0.52576,0.56567,0.6078,-0.00056,0.0011,0.0,0.0,0.16039,0.1576,0.00057,-0.00181,binary1pct_b4,4.0
click_56,click,56,717,0.53181,0.47589,0.46912,0.46912,0.46912,0.46912,0.46027,0.46978,0.48904,0.49818,0.52576,0.56567,0.6078,-0.0005,0.00107,0.0,0.0,0.15481,0.15481,0.00062,-0.00173,binary1pct_b4,4.0
click_57,click,57,717,0.53187,0.47589,0.46912,0.46912,0.46912,0.46912,0.46027,0.46978,0.48904,0.49818,0.52576,0.56567,0.6078,-0.00044,0.00104,0.0,0.0,0.14784,0.15621,0.00067,-0.00165,binary1pct_b4,4.0
click_58,click,58,717,0.53194,0.47589,0.46912,0.46912,0.46912,0.46912,0.46027,0.46978,0.48904,0.49818,0.52576,0.56567,0.6078,-0.00037,0.001,0.0,0.0,0.14923,0.14784,0.00072,-0.00156,binary1pct_b4,4.0
click_59,click,59,717,0.53201,0.47589,0.46912,0.46912,0.46912,0.46912,0.46027,0.46978,0.48904,0.49818,0.52576,0.56567,0.6078,-0.0003,0.00097,0.0,0.0,0.14505,0.13668,0.00077,-0.00147,binary1pct_b4,4.0
click_60,click,60,717,0.53208,0.47589,0.46912,0.46912,0.46912,0.46912,0.46027,0.46978,0.48904,0.49818,0.52576,0.56567,0.6078,-0.00023,0.00094,0.0,0.0,0.14505,0.12831,0.00084,-0.00139,binary1pct_b4,4.0
click_61,click,61,717,0.53216,0.47589,0.46912,0.46912,0.46912,0.46912,0.46027,0.46978,0.48904,0.49818,0.52576,0.56567,0.6078,-0.00015,0.00091,0.0,0.0,0.14365,0.12552,0.00091,-0.00131,binary1pct_b4,4.0
click_62,click,62,717,0.53224,0.47589,0.46912,0.46912,0.46912,0.46912,0.46027,0.46978,0.48904,0.49818,0.52576,0.56567,0.6078,-7e-05,0.00088,0.0,0.0,0.13808,0.12134,0.00098,-0.00122,binary1pct_b4,4.0
click_63,click,63,717,0.53231,0.47589,0.46912,0.46912,0.46912,0.46912,0.46027,0.46978,0.48904,0.49818,0.52576,0.56567,0.6078,0.0,0.00085,0.0,0.0,0.13389,0.12134,0.00103,-0.00113,binary1pct_b4,4.0
click_64,click,64,717,0.53238,0.47589,0.46912,0.46912,0.46912,0.46912,0.46027,0.46978,0.48904,0.49818,0.52576,0.56567,0.6078,7e-05,0.00082,0.0,0.0,0.12831,0.12134,0.00108,-0.00103,binary1pct_b4,4.0
click_65,click,65,717,0.53244,0.47589,0.46912,0.46912,0.46912,0.46912,0.46027,0.46978,0.48904,0.49818,0.52576,0.56567,0.6078,0.00014,0.0008,0.0,0.0,0.12552,0.11715,0.00112,-0.00094,binary1pct_b4,4.0
click_66,click,66,717,0.53251,0.47589,0.46912,0.46912,0.46912,0.46912,0.46027,0.46978,0.48904,0.49818,0.52576,0.56567,0.6078,0.0002,0.00077,0.0,0.0,0.11855,0.11576,0.00117,-0.00086,binary1pct_b4,4.0
click_67,click,67,717,0.53256,0.47589,0.46912,0.46912,0.46912,0.46912,0.46027,0.46978,0.48904,0.49818,0.52576,0.56567,0.6078,0.00026,0.00075,0.0,0.0,0.11018,0.11715,0.00121,-0.00079,binary1pct_b4,4.0
click_68,click,68,717,0.53262,0.47589,0.46912,0.46912,0.46912,0.46912,0.46027,0.46978,0.48904,0.49818,0.52576,0.56567,0.6078,0.00031,0.00073,0.0,0.0,0.10879,0.11576,0.00126,-0.00073,binary1pct_b4,4.0
click_69,click,69,717,0.53268,0.47589,0.46912,0.46912,0.46912,0.46912,0.46027,0.46978,0.48904,0.49818,0.52576,0.56567,0.6078,0.00037,0.00071,0.0,0.0,0.1046,0.11715,0.00131,-0.00065,binary1pct_b4,4.0
click_70,click,70,717,0.53274,0.47589,0.46912,0.46912,0.46912,0.46912,0.46027,0.46978,0.48904,0.49818,0.52576,0.56567,0.6078,0.00043,0.00068,0.0,0.0,0.09623,0.11855,0.00135,-0.00058,binary1pct_b4,4.0
click_71,click,71,717,0.53278,0.47589,0.46912,0.46912,0.46912,0.46912,0.46027,0.46978,0.48904,0.49818,0.52576,0.56567,0.6078,0.00047,0.00066,0.0,0.0,0.09205,0.11855,0.00138,-0.00052,binary1pct_b4,4.0
click_72,click,72,717,0.53283,0.47589,0.46912,0.46912,0.46912,0.46912,0.46027,0.46978,0.48904,0.49818,0.52576,0.56567,0.6078,0.00052,0.00064,0.0,0.0,0.08926,0.11576,0.00141,-0.00046,binary1pct_b4,4.0
click_73,click,73,717,0.53287,0.47589,0.46912,0.46912,0.46912,0.46912,0.46027,0.46978,0.48904,0.49818,0.52576,0.56567,0.6078,0.00056,0.00062,0.0,0.0,0.08508,0.11576,0.00143,-0.00039,binary1pct_b4,4.0
click_74,click,74,717,0.53291,0.47589,0.46912,0.46912,0.46912,0.46912,0.46027,0.46978,0.48904,0.49818,0.52576,0.56567,0.6078,0.0006,0.0006,0.0,0.0,0.08089,0.11576,0.00146,-0.00034,binary1pct_b4,4.0
click_75,click,75,717,0.53295,0.47589,0.46912,0.46912,0.46912,0.46912,0.46027,0.46978,0.48904,0.49818,0.52576,0.56567,0.6078,0.00064,0.00058,0.0,0.0,0.0781,0.11158,0.00148,-0.00029,binary1pct_b4,4.0
click_76,click,76,717,0.53298,0.47589,0.46912,0.46912,0.46912,0.46912,0.46027,0.46978,0.48904,0.49818,0.53093,0.56567,0.6078,0.00067,0.00056,0.0,0.0,0.07531,0.11158,0.0015,-0.00024,binary1pct_b4,4.0
click_77,click,77,717,0.53301,0.47589,0.46912,0.46912,0.46912,0.46912,0.46027,0.46978,0.48904,0.49818,0.53093,0.56567,0.6078,0.0007,0.00054,0.0,0.0,0.07531,0.10321,0.00152,-0.0002,binary1pct_b4,4.0
click_78,click,78,717,0.53304,0.47589,0.46912,0.46912,0.46912,0.46912,0.46027,0.46978,0.48904,0.49818,0.53093,0.56567,0.6078,0.00073,0.00052,0.0,0.0,0.06834,0.10181,0.00153,-0.00015,binary1pct_b4,4.0
click_79,click,79,717,0.53306,0.47589,0.46912,0.46912,0.46912,0.46912,0.46027,0.46978,0.48904,0.49818,0.53093,0.56567,0.6078,0.00075,0.00051,0.0,0.0,0.06276,0.09902,0.00153,-0.00011,binary1pct_b4,4.0
click_80,click,80,717,0.53307,0.47589,0.46912,0.46912,0.46912,0.46912,0.46027,0.46978,0.48904,0.49818,0.53093,0.56567,0.6078,0.00076,0.00049,0.0,0.0,0.06137,0.09763,0.00151,-6e-05,binary1pct_b4,4.0
click_81,click,81,717,0.53309,0.47589,0.46912,0.46912,0.46912,0.46912,0.46027,0.46978,0.48904,0.49818,0.53093,0.56567,0.6078,0.00078,0.00047,0.0,0.0,0.05858,0.09484,0.00151,-2e-05,binary1pct_b4,4.0
click_82,click,82,717,0.5331,0.47589,0.46912,0.46912,0.46912,0.46912,0.46027,0.46978,0.48904,0.49818,0.53093,0.56567,0.6078,0.00079,0.00046,0.0,0.0,0.053,0.09484,0.0015,1e-05,binary1pct_b4,4.0
click_83,click,83,717,0.53311,0.47589,0.46912,0.46912,0.46912,0.46912,0.46027,0.46978,0.48904,0.49818,0.53093,0.56567,0.6078,0.0008,0.00045,0.0,0.0,0.05021,0.09205,0.00149,4e-05,binary1pct_b4,4.0
click_84,click,84,717,0.53312,0.47589,0.46912,0.46912,0.46912,0.46912,0.46027,0.46978,0.48904,0.49818,0.53093,0.56567,0.6078,0.00081,0.00043,0.0,0.0,0.04881,0.08926,0.00148,7e-05,binary1pct_b4,4.0
click_85,click,85,717,0.53313,0.47589,0.46912,0.46912,0.46912,0.46912,0.46027,0.46978,0.48904,0.49818,0.53093,0.56567,0.6078,0.00082,0.00042,0.0,0.0,0.04463,0.09066,0.00147,0.00011,binary1pct_b4,4.0
click_86,click,86,717,0.53313,0.47589,0.46912,0.46912,0.46912,0.46912,0.46027,0.46978,0.48904,0.49818,0.53093,0.56567,0.6078,0.00082,0.00041,0.0,0.0,0.04881,0.08647,0.00147,0.00012,binary1pct_b4,4.0
click_87,click,87,717,0.53315,0.47589,0.46912,0.46912,0.46912,0.46912,0.46027,0.46978,0.48904,0.49818,0.53093,0.56567,0.6078,0.00084,0.0004,0.0,0.0,0.04603,0.08368,0.00146,0.00015,binary1pct_b4,4.0
click_88,click,88,717,0.53315,0.47589,0.46912,0.46912,0.46912,0.46912,0.46027,0.46978,0.48904,0.49818,0.53093,0.56567,0.6078,0.00084,0.00039,0.0,0.0,0.03766,0.08368,0.00145,0.00017,binary1pct_b4,4.0
click_89,click,89,717,0.53314,0.47589,0.46912,0.46912,0.46912,0.46912,0.46027,0.46978,0.48904,0.49818,0.53093,0.56567,0.6078,0.00083,0.00038,0.0,0.0,0.03626,0.08089,0.00143,0.00018,binary1pct_b4,4.0
click_90,click,90,717,0.53314,0.47589,0.46912,0.46912,0.46912,0.46912,0.46027,0.46978,0.48904,0.49818,0.53093,0.56567,0.6078,0.00083,0.00037,0.0,0.0,0.03487,0.0781,0.00141,0.00019,binary1pct_b4,4.0
click_91,click,91,717,0.53314,0.47589,0.46912,0.46912,0.46912,0.46912,0.46027,0.46978,0.48904,0.49818,0.53093,0.56567,0.6078,0.00083,0.00037,0.0,0.0,0.03208,0.07671,0.00139,0.00021,binary1pct_b4,4.0
click_92,click,92,717,0.53313,0.47589,0.46912,0.46912,0.46912,0.46912,0.46027,0.46978,0.48904,0.49818,0.53093,0.56567,0.6078,0.00082,0.00036,0.0,0.0,0.03208,0.07671,0.00137,0.00021,binary1pct_b4,4.0
click_93,click,93,717,0.53312,0.47589,0.46912,0.46912,0.46912,0.46912,0.46027,0.46978,0.48904,0.49818,0.53093,0.56567,0.6078,0.00081,0.00035,0.0,0.0,0.02929,0.0781,0.00135,0.00022,binary1pct_b4,4.0
click_94,click,94,717,0.53311,0.47589,0.46912,0.46912,0.46912,0.46912,0.46027,0.46978,0.48904,0.49818,0.53093,0.56567,0.6078,0.0008,0.00035,0.0,0.0,0.02929,0.07392,0.00133,0.00023,binary1pct_b4,4.0
click_95,click,95,717,0.5331,0.47589,0.46912,0.46912,0.46912,0.46912,0.46027,0.46978,0.48904,0.49818,0.53093,0.56567,0.6078,0.00079,0.00034,0.0,0.0,0.02929,0.06974,0.0013,0.00023,binary1pct_b4,4.0
click_96,click,96,717,0.53309,0.47589,0.46912,0.46912,0.46912,0.46912,0.46027,0.46978,0.48904,0.49818,0.53093,0.56567,0.6078,0.00078,0.00033,0.0,0.0,0.02929,0.06555,0.00128,0.00024,binary1pct_b4,4.0
click_97,click,97,717,0.53308,0.47589,0.46912,0.46912,0.46912,0.46912,0.46027,0.46978,0.48904,0.49818,0.53093,0.56567,0.6078,0.00077,0.00033,0.0,0.0,0.02929,0.06416,0.00125,0.00025,binary1pct_b4,4.0
click_98,click,98,717,0.53308,0.47589,0.46912,0.46912,0.46912,0.46912,0.46027,0.46978,0.48904,0.49818,0.53093,0.56567,0.6078,0.00077,0.00032,0.0,0.0,0.02929,0.05997,0.00123,0.00027,binary1pct_b4,4.0
click_99,click,99,717,0.53308,0.47589,0.46912,0.46912,0.46912,0.46912,0.46027,0.46978,0.48904,0.49818,0.53093,0.56567,0.6078,0.00077,0.00032,0.0,0.0,0.0251,0.06137,0.00121,0.00028,binary1pct_b4,4.0
click_100,click,100,717,0.53307,0.47589,0.46912,0.46912,0.46912,0.46912,0.46027,0.46978,0.48904,0.49818,0.53093,0.56567,0.6078,0.00076,0.00031,0.0,0.0,0.02371,0.06137,0.00118,0.00029,binary1pct_b4,4.0
click_101,click,101,717,0.53305,0.47589,0.46912,0.46912,0.46912,0.46912,0.46027,0.46978,0.48904,0.49818,0.53093,0.56363,0.6078,0.00074,0.0003,0.0,0.0,0.02371,0.06137,0.00115,0.00029,binary1pct_b4,4.0
click_102,click,102,717,0.53304,0.47589,0.46912,0.46912,0.46912,0.46912,0.46027,0.46978,0.48904,0.49818,0.53093,0.56363,0.6078,0.00073,0.0003,0.0,0.0,0.02371,0.06137,0.00113,0.0003,binary1pct_b4,4.0
click_103,click,103,717,0.53302,0.47589,0.46912,0.46912,0.46912,0.46912,0.46027,0.46978,0.48904,0.49818,0.53093,0.56363,0.6078,0.00071,0.00029,0.0,0.0,0.0251,0.05997,0.0011,0.00029,binary1pct_b4,4.0
click_104,click,104,717,0.53301,0.47589,0.46912,0.46912,0.46912,0.46912,0.46027,0.46978,0.48904,0.49818,0.53093,0.56363,0.6078,0.0007,0.00029,0.0,0.0,0.02092,0.06137,0.00107,0.00029,binary1pct_b4,4.0
click_105,click,105,717,0.53299,0.47589,0.46912,0.46912,0.46912,0.46912,0.46027,0.46978,0.48904,0.49818,0.53093,0.56363,0.6078,0.00068,0.00029,0.0,0.0,0.02232,0.05718,0.00104,0.00029,binary1pct_b4,4.0
click_106,click,106,717,0.53298,0.47589,0.46912,0.46912,0.46912,0.46912,0.46027,0.46978,0.48904,0.49818,0.53093,0.56363,0.6078,0.00067,0.00028,0.0,0.0,0.02232,0.05579,0.00102,0.00029,binary1pct_b4,4.0
click_107,click,107,717,0.53297,0.47589,0.46912,0.46912,0.46912,0.46912,0.46027,0.46978,0.48904,0.49818,0.53093,0.56363,0.6078,0.00066,0.00028,0.0,0.0,0.01953,0.05439,0.001,0.00029,binary1pct_b4,4.0
click_108,click,108,717,0.53295,0.47589,0.46912,0.46912,0.46912,0.46912,0.46027,0.46978,0.48904,0.49818,0.53093,0.56363,0.6078,0.00065,0.00027,0.0,0.0,0.01953,0.053,0.00097,0.00029,binary1pct_b4,4.0
click_109,click,109,717,0.53295,0.47589,0.46912,0.46912,0.46912,0.46912,0.46027,0.46978,0.48904,0.49818,0.53093,0.56363,0.6078,0.00064,0.00026,0.0,0.0,0.01813,0.0516,0.00096,0.00028,binary1pct_b4,4.0
click_110,click,110,717,0.53293,0.47589,0.46912,0.46912,0.46912,0.46912,0.46027,0.46978,0.48904,0.49818,0.53093,0.56363,0.6078,0.00062,0.00026,0.0,0.0,0.01813,0.0516,0.00094,0.00028,binary1pct_b4,4.0
click_111,click,111,717,0.53292,0.47589,0.46912,0.46912,0.46912,0.46912,0.46027,0.46978,0.48904,0.49818,0.53093,0.56363,0.6078,0.00061,0.00025,0.0,0.0,0.01813,0.04881,0.00092,0.00027,binary1pct_b4,4.0
click_112,click,112,717,0.53291,0.47589,0.46912,0.46912,0.46912,0.46912,0.46027,0.46978,0.48904,0.49818,0.53093,0.56363,0.6078,0.0006,0.00025,0.0,0.0,0.01813,0.04881,0.0009,0.00026,binary1pct_b4,4.0
click_113,click,113,717,0.53289,0.47589,0.46912,0.46912,0.46912,0.46912,0.46027,0.46978,0.48904,0.49818,0.53093,0.56363,0.6078,0.00058,0.00024,0.0,0.0,0.01813,0.04324,0.00088,0.00026,binary1pct_b4,4.0
click_114,click,114,717,0.53288,0.47589,0.46912,0.46912,0.46912,0.46912,0.46027,0.46978,0.48904,0.49818,0.53093,0.56363,0.6078,0.00058,0.00024,0.0,0.0,0.01674,0.04324,0.00087,0.00025,binary1pct_b4,4.0
click_115,click,115,717,0.53287,0.47589,0.46912,0.46912,0.46912,0.46912,0.46027,0.46978,0.48904,0.49818,0.53093,0.56363,0.6078,0.00056,0.00023,0.0,0.0,0.01674,0.04184,0.00085,0.00025,binary1pct_b4,4.0
click_116,click,116,717,0.53286,0.47589,0.46912,0.46912,0.46912,0.46912,0.46027,0.46978,0.48904,0.49818,0.53093,0.56363,0.6078,0.00055,0.00023,0.0,0.0,0.01674,0.04184,0.00083,0.00025,binary1pct_b4,4.0
click_117,click,117,717,0.53285,0.47589,0.46912,0.46912,0.46912,0.46912,0.46027,0.46978,0.48904,0.49818,0.53093,0.56363,0.6078,0.00054,0.00022,0.0,0.0,0.01674,0.04045,0.00081,0.00024,binary1pct_b4,4.0
click_118,click,118,717,0.53284,0.47589,0.46912,0.46912,0.46912,0.46912,0.46027,0.46978,0.48904,0.49818,0.53093,0.56363,0.6078,0.00053,0.00022,0.0,0.0,0.01674,0.03766,0.0008,0.00024,binary1pct_b4,4.0
click_119,click,119,717,0.53283,0.47589,0.46912,0.46912,0.46912,0.46912,0.46027,0.46978,0.48904,0.49818,0.53093,0.56363,0.6078,0.00052,0.00021,0.0,0.0,0.01813,0.03626,0.00078,0.00023,binary1pct_b4,4.0
click_120,click,120,717,0.53281,0.47589,0.46912,0.46912,0.46912,0.46912,0.46027,0.46978,0.48904,0.49818,0.53093,0.56363,0.6078,0.0005,0.00021,0.0,0.0,0.01813,0.03626,0.00075,0.00023,binary1pct_b4,4.0
click_121,click,121,717,0.53279,0.47589,0.46912,0.46912,0.46912,0.46912,0.46027,0.46978,0.48904,0.49818,0.53093,0.56363,0.6078,0.00048,0.0002,0.0,0.0,0.01674,0.03626,0.00072,0.00022,binary1pct_b4,4.0
click_122,click,122,717,0.53277,0.47589,0.46912,0.46912,0.46912,0.46912,0.46027,0.46978,0.48904,0.49818,0.53093,0.56363,0.6078,0.00046,0.00019,0.0,0.0,0.01674,0.03626,0.00069,0.00021,binary1pct_b4,4.0
click_123,click,123,717,0.53275,0.47589,0.46912,0.46912,0.46912,0.46912,0.46027,0.46978,0.48904,0.49818,0.53093,0.56363,0.6078,0.00044,0.00018,0.0,0.0,0.01674,0.03626,0.00066,0.0002,binary1pct_b4,4.0
click_124,click,124,717,0.53273,0.47589,0.46912,0.46912,0.46912,0.46912,0.46027,0.46978,0.48904,0.49818,0.53093,0.56363,0.6078,0.00042,0.00017,0.0,0.0,0.01674,0.03626,0.00063,0.00019,binary1pct_b4,4.0
click_125,click,125,717,0.5327,0.47589,0.46912,0.46912,0.46912,0.46912,0.46027,0.46978,0.48904,0.49818,0.53093,0.56363,0.6078,0.00039,0.00016,0.0,0.0,0.01674,0.03626,0.00058,0.00018,binary1pct_b4,4.0
click_126,click,126,717,0.53268,0.47589,0.46912,0.46912,0.46912,0.46912,0.46027,0.46978,0.48904,0.49818,0.53093,0.56363,0.6078,0.00037,0.00015,0.0,0.0,0.01674,0.03626,0.00055,0.00017,binary1pct_b4,4.0
click_127,click,127,717,0.53265,0.47589,0.46912,0.46912,0.46912,0.46912,0.46027,0.46978,0.48904,0.49818,0.53093,0.56363,0.6078,0.00034,0.00014,0.0,0.0,0.01674,0.03626,0.00051,0.00016,binary1pct_b4,4.0
click_128,click,128,717,0.53263,0.47589,0.46912,0.46912,0.46912,0.46912,0.46027,0.46978,0.48904,0.49818,0.53093,0.56363,0.6078,0.00032,0.00013,0.0,0.0,0.01674,0.03487,0.00047,0.00014,binary1pct_b4,4.0
click_129,click,129,717,0.53261,0.47589,0.46912,0.46912,0.46912,0.46912,0.46027,0.46978,0.48904,0.49818,0.53093,0.56363,0.6078,0.0003,0.00013,0.0,0.0,0.01534,0.03347,0.00045,0.00013,binary1pct_b4,4.0
click_130,click,130,717,0.53259,0.47589,0.46912,0.46912,0.46912,0.46912,0.46027,0.46978,0.48904,0.49818,0.53093,0.56363,0.6078,0.00028,0.00012,0.0,0.0,0.01534,0.03347,0.00042,0.00012,binary1pct_b4,4.0
click_131,click,131,717,0.53257,0.47589,0.46912,0.46912,0.46912,0.46912,0.46027,0.46978,0.48904,0.49818,0.53093,0.56363,0.6078,0.00026,0.00011,0.0,0.0,0.01534,0.03347,0.00039,0.00012,binary1pct_b4,4.0
click_132,click,132,717,0.53255,0.47589,0.46912,0.46912,0.46912,0.46912,0.46027,0.46978,0.48904,0.49818,0.53093,0.56363,0.6078,0.00024,0.0001,0.0,0.0,0.01534,0.03208,0.00037,0.00011,binary1pct_b4,4.0
click_133,click,133,717,0.53254,0.47589,0.46912,0.46912,0.46912,0.46912,0.46027,0.46978,0.48904,0.49818,0.53093,0.56363,0.6078,0.00023,0.0001,0.0,0.0,0.01534,0.03068,0.00034,0.0001,binary1pct_b4,4.0
click_134,click,134,717,0.53252,0.47589,0.46912,0.46912,0.46912,0.46912,0.46027,0.46978,0.48904,0.49818,0.53093,0.56363,0.6078,0.00021,9e-05,0.0,0.0,0.01534,0.02929,0.00031,0.0001,binary1pct_b4,4.0
click_135,click,135,717,0.5325,0.47589,0.46912,0.46912,0.46912,0.46912,0.46027,0.46978,0.48904,0.49818,0.53093,0.56363,0.6078,0.00019,9e-05,0.0,0.0,0.01534,0.0265,0.00028,9e-05,binary1pct_b4,4.0
click_136,click,136,717,0.53249,0.47589,0.46912,0.46912,0.46912,0.46912,0.46027,0.46978,0.48904,0.49818,0.53093,0.56363,0.6078,0.00018,8e-05,0.0,0.0,0.01395,0.0251,0.00026,9e-05,binary1pct_b4,4.0
click_137,click,137,717,0.53247,0.47589,0.46912,0.46912,0.46912,0.46912,0.46027,0.46978,0.48904,0.49818,0.53093,0.56363,0.6078,0.00016,8e-05,0.0,0.0,0.01395,0.02232,0.00023,8e-05,binary1pct_b4,4.0
click_138,click,138,717,0.53246,0.47589,0.46912,0.46912,0.46912,0.46912,0.46027,0.46978,0.48904,0.49818,0.53093,0.56363,0.6078,0.00015,7e-05,0.0,0.0,0.01255,0.02371,0.00022,8e-05,binary1pct_b4,4.0
click_139,click,139,717,0.53245,0.47589,0.46912,0.46912,0.46912,0.46912,0.46027,0.46978,0.48904,0.49818,0.53093,0.56363,0.6078,0.00014,7e-05,0.0,0.0,0.01395,0.02232,0.0002,8e-05,binary1pct_b4,4.0
click_140,click,140,717,0.53244,0.47589,0.46912,0.46912,0.46912,0.46912,0.46027,0.46978,0.48904,0.49818,0.53093,0.56363,0.6078,0.00013,6e-05,0.0,0.0,0.01395,0.02232,0.00017,8e-05,binary1pct_b4,4.0
click_141,click,141,717,0.53243,0.47589,0.46912,0.46912,0.46912,0.46912,0.46027,0.46978,0.48904,0.49818,0.53093,0.56363,0.6078,0.00012,6e-05,0.0,0.0,0.01395,0.02232,0.00016,8e-05,binary1pct_b4,4.0
click_142,click,142,717,0.53242,0.47589,0.46912,0.46912,0.46912,0.46912,0.46027,0.46978,0.48904,0.49818,0.53093,0.56363,0.6078,0.00011,5e-05,0.0,0.0,0.01395,0.02232,0.00014,7e-05,binary1pct_b4,4.0
click_143,click,143,717,0.5324,0.47589,0.46912,0.46912,0.46912,0.46912,0.46027,0.46978,0.48904,0.49818,0.53093,0.56363,0.6078,9e-05,5e-05,0.0,0.0,0.01395,0.02232,0.00012,7e-05,binary1pct_b4,4.0
click_144,click,144,717,0.53239,0.47589,0.46912,0.46912,0.46912,0.46912,0.46027,0.46978,0.48904,0.49818,0.53093,0.56363,0.6078,8e-05,4e-05,0.0,0.0,0.01395,0.02092,0.0001,6e-05,binary1pct_b4,4.0
click_145,click,145,717,0.53238,0.47589,0.46912,0.46912,0.46912,0.46912,0.46027,0.46978,0.48904,0.49818,0.53093,0.56363,0.6078,7e-05,4e-05,0.0,0.0,0.01255,0.01953,8e-05,5e-05,binary1pct_b4,4.0
click_146,click,146,717,0.53236,0.47589,0.46912,0.46912,0.46912,0.46912,0.46027,0.46978,0.48904,0.49818,0.53093,0.56363,0.6078,5e-05,3e-05,0.0,0.0,0.01255,0.01534,6e-05,5e-05,binary1pct_b4,4.0
click_147,click,147,717,0.53235,0.47589,0.46912,0.46912,0.46912,0.46912,0.46027,0.46978,0.48904,0.49818,0.53093,0.56363,0.6078,4e-05,2e-05,0.0,0.0,0.01255,0.01534,5e-05,4e-05,binary1pct_b4,4.0
click_148,click,148,717,0.53234,0.47589,0.46912,0.46912,0.46912,0.46912,0.46027,0.46978,0.48904,0.49818,0.53093,0.56363,0.6078,3e-05,2e-05,0.0,0.0,0.01255,0.01534,4e-05,3e-05,binary1pct_b4,4.0
click_149,click,149,717,0.53233,0.47589,0.46912,0.46912,0.46912,0.46912,0.46027,0.46978,0.48904,0.49818,0.53093,0.56363,0.6078,2e-05,1e-05,0.0,0.0,0.01255,0.01534,3e-05,2e-05,binary1pct_b4,4.0
click_150,click,150,717,0.53232,0.47589,0.46912,0.46912,0.46912,0.46912,0.46027,0.46978,0.48904,0.49818,0.53093,0.56363,0.6078,1e-05,1e-05,0.0,0.0,0.01116,0.01674,1e-05,1e-05,binary1pct_b4,4.0
exact_10,exact,10,717,0.51783,0.43521,0.46912,0.36203,0.38229,0.3971,0.40482,0.43186,0.46383,0.48313,0.52576,0.56567,0.6078,-0.01447,0.00316,-0.04068,0.00682,0.66527,0.32078,-0.00919,-0.02027,binary1pct_b4,4.0
exact_20,exact,20,717,0.52381,0.45314,0.46912,0.46912,0.46912,0.3971,0.40482,0.43186,0.46383,0.48313,0.52576,0.56567,0.6078,-0.0085,0.00262,-0.02275,0.00474,0.62762,0.35844,-0.00488,-0.01247,binary1pct_b4,4.0
exact_30,exact,30,717,0.52794,0.46552,0.46912,0.46912,0.46912,0.46912,0.46912,0.43186,0.46383,0.48313,0.52576,0.56567,0.6078,-0.00437,0.00222,-0.01036,0.00328,0.52859,0.44351,-0.00255,-0.00636,binary1pct_b4,4.0
exact_40,exact,40,717,0.52949,0.47018,0.46912,0.46912,0.46912,0.46912,0.46912,0.46912,0.46383,0.48313,0.52576,0.56567,0.6078,-0.00282,0.00196,-0.00571,0.00299,0.50767,0.46583,-0.00255,-0.00311,binary1pct_b4,4.0
exact_50,exact,50,717,0.52923,0.4694,0.46912,0.46912,0.46912,0.46912,0.46912,0.46912,0.46912,0.48313,0.52576,0.56567,0.6078,-0.00308,0.00196,-0.00649,0.00411,0.51883,0.46583,-0.00421,-0.00184,binary1pct_b4,4.0
exact_60,exact,60,717,0.52774,0.46912,0.46912,0.46912,0.46912,0.46912,0.46912,0.46912,0.46912,0.46912,0.52576,0.56567,0.6078,-0.00457,0.00218,-0.00677,0.00426,0.53278,0.44351,-0.00697,-0.00194,binary1pct_b4,4.0
exact_80,exact,80,717,0.5214,0.46912,0.46912,0.46912,0.46912,0.46912,0.46912,0.46912,0.46912,0.46912,0.46912,0.56567,0.6078,-0.01091,0.00309,-0.00677,0.00426,0.59414,0.38633,-0.01561,-0.00576,binary1pct_b4,4.0
exact_100,exact,100,717,0.51034,0.46912,0.46912,0.46912,0.46912,0.46912,0.46912,0.46912,0.46912,0.46912,0.46912,0.56567,0.6078,-0.02197,0.00426,-0.00677,0.00426,0.66248,0.31939,-0.0291,-0.01415,binary1pct_b4,4.0
goods_1,goods,1,717,0.51021,0.41232,0.29665,0.36203,0.38229,0.3971,0.40482,0.43186,0.46383,0.48313,0.52576,0.56567,0.6078,-0.0221,0.00343,-0.06356,0.0079,0.72803,0.25802,-0.01575,-0.02907,binary1pct_b4,4.0
goods_2,goods,2,717,0.51313,0.41972,0.31153,0.37406,0.39377,0.4047,0.41084,0.4353,0.46632,0.48577,0.52673,0.56595,0.60788,-0.01918,0.00317,-0.05616,0.00732,0.69177,0.28731,-0.01343,-0.02549,binary1pct_b4,4.0
goods_3,goods,3,717,0.51419,0.42385,0.3245,0.38157,0.39689,0.40862,0.41369,0.43763,0.46716,0.48612,0.5271,0.5652,0.60725,-0.01812,0.0029,-0.05204,0.007,0.68061,0.28591,-0.01317,-0.02354,binary1pct_b4,4.0
goods_4,goods,4,717,0.5193,0.43978,0.46912,0.3901,0.401,0.41027,0.41593,0.43812,0.46776,0.48648,0.52751,0.56484,0.6066,-0.01301,0.00266,-0.03611,0.00616,0.59135,0.28591,-0.00854,-0.01792,binary1pct_b4,4.0
goods_5,goods,5,717,0.52039,0.44335,0.46912,0.39975,0.40517,0.41286,0.41586,0.43881,0.46817,0.4871,0.52794,0.56423,0.6066,-0.01192,0.00252,-0.03253,0.00576,0.55788,0.27755,-0.00772,-0.01653,binary1pct_b4,4.0
goods_6,goods,6,717,0.52136,0.4465,0.46912,0.41489,0.41017,0.41513,0.41746,0.44015,0.46848,0.48737,0.52784,0.56418,0.6064,-0.01095,0.00237,-0.02938,0.00537,0.53975,0.26081,-0.00697,-0.01532,binary1pct_b4,4.0
goods_7,goods,7,717,0.52223,0.44917,0.46912,0.46912,0.41601,0.4199,0.42128,0.441,0.46832,0.48676,0.52796,0.56422,0.6064,-0.01008,0.00221,-0.02672,0.00499,0.52859,0.25105,-0.00648,-0.01401,binary1pct_b4,4.0
goods_8,goods,8,717,0.52305,0.45181,0.46912,0.46912,0.42015,0.42241,0.42588,0.44419,0.46854,0.48621,0.52796,0.56417,0.6064,-0.00926,0.0021,-0.02408,0.00463,0.52441,0.24128,-0.00595,-0.01288,binary1pct_b4,4.0
goods_9,goods,9,717,0.52402,0.45466,0.46912,0.46912,0.42261,0.42748,0.42868,0.44692,0.46935,0.48607,0.52844,0.5639,0.6064,-0.00829,0.00187,-0.02123,0.00416,0.50488,0.24128,-0.00541,-0.01144,binary1pct_b4,4.0
goods_10,goods,10,717,0.5248,0.45718,0.46912,0.46912,0.42853,0.42867,0.43253,0.44953,0.47126,0.48703,0.52832,0.5639,0.606,-0.0075,0.00172,-0.01871,0.00376,0.49233,0.2357,-0.0049,-0.01037,binary1pct_b4,4.0
goods_11,goods,11,717,0.52576,0.45991,0.46912,0.46912,0.43708,0.42939,0.43418,0.45309,0.4737,0.48761,0.52848,0.56391,0.606,-0.00655,0.00154,-0.01598,0.00339,0.47978,0.23013,-0.00428,-0.00905,binary1pct_b4,4.0
goods_12,goods,12,717,0.52645,0.46205,0.46912,0.46912,0.46912,0.43106,0.43502,0.45611,0.47887,0.48829,0.52826,0.56386,0.606,-0.00586,0.00138,-0.01384,0.00301,0.46862,0.22594,-0.00378,-0.00813,binary1pct_b4,4.0
goods_13,goods,13,717,0.52717,0.46442,0.46912,0.46912,0.46912,0.43538,0.43827,0.45721,0.48091,0.48943,0.52762,0.56388,0.60606,-0.00514,0.00121,-0.01147,0.0026,0.45746,0.22176,-0.00345,-0.007,binary1pct_b4,4.0
goods_14,goods,14,717,0.52797,0.46658,0.46912,0.46912,0.46912,0.44117,0.43996,0.45681,0.48263,0.49002,0.5272,0.56388,0.60606,-0.00434,0.00104,-0.00931,0.00218,0.44491,0.22036,-0.00282,-0.006,binary1pct_b4,4.0
goods_15,goods,15,717,0.52877,0.46861,0.46912,0.46912,0.46912,0.44522,0.44271,0.45862,0.48278,0.49383,0.52723,0.56388,0.60606,-0.00354,0.00088,-0.00728,0.00183,0.43375,0.21757,-0.00214,-0.00507,binary1pct_b4,4.0
goods_16,goods,16,717,0.5295,0.47006,0.46912,0.46912,0.46912,0.45402,0.44513,0.4604,0.48365,0.49625,0.52707,0.5639,0.60606,-0.00281,0.00073,-0.00583,0.00152,0.42259,0.22036,-0.00165,-0.00408,binary1pct_b4,4.0
goods_17,goods,17,717,0.53032,0.47139,0.46912,0.46912,0.46912,0.46912,0.44862,0.46255,0.48426,0.49678,0.52812,0.5639,0.60606,-0.00199,0.00055,-0.00449,0.00119,0.41702,0.21757,-0.00112,-0.00294,binary1pct_b4,4.0
goods_18,goods,18,717,0.53094,0.47289,0.46912,0.46912,0.46912,0.46912,0.45182,0.4658,0.48553,0.49822,0.52861,0.5639,0.60606,-0.00137,0.00036,-0.003,0.00083,0.41004,0.20921,-0.00083,-0.00197,binary1pct_b4,4.0
goods_19,goods,19,717,0.53166,0.47452,0.46912,0.46912,0.46912,0.46912,0.45668,0.46851,0.48709,0.49802,0.5303,0.56377,0.60606,-0.00065,0.00018,-0.00136,0.0004,0.39749,0.20781,-0.00052,-0.0008,binary1pct_b4,4.0
goods_20,goods,20,717,0.53231,0.47589,0.46912,0.46912,0.46912,0.46912,0.46027,0.46978,0.48904,0.49818,0.53093,0.56363,0.60606,0.0,0.0,0.0,0.0,0.0,0.0,0.0,0.0,binary1pct_b4,4.0
after_bad,after_bad,,717,0.51814,0.43568,0.46912,0.38157,0.39689,0.40862,0.41369,0.43763,0.46716,0.48612,0.5271,0.5652,0.60725,-0.01417,0.00284,-0.04021,0.00666,0.64156,0.32497,-0.0095,-0.0193,binary1pct_b4,4.0
after_bad_votes_m-0.2_p1,after_bad_votes,"(-0.2, 1)",717,0.52533,0.45536,0.46912,0.42076,0.42879,0.43566,0.43619,0.45544,0.47829,0.49345,0.52934,0.56518,0.60725,-0.00698,0.00197,-0.02053,0.0047,0.53138,0.29986,-0.00401,-0.01023,binary1pct_b4,4.0
after_bad_votes_m-0.2_p3,after_bad_votes,"(-0.2, 3)",717,0.52715,0.46137,0.46912,0.44417,0.43687,0.44177,0.44035,0.45714,0.47935,0.49397,0.52959,0.56481,0.6066,-0.00516,0.00178,-0.01452,0.00404,0.47699,0.27057,-0.00246,-0.00811,binary1pct_b4,4.0
after_bad_votes_m-0.1_p1,after_bad_votes,"(-0.1, 1)",717,0.52766,0.46062,0.46912,0.42099,0.43659,0.44359,0.44477,0.4612,0.48399,0.49706,0.53101,0.56507,0.60725,-0.00464,0.00162,-0.01527,0.00405,0.44351,0.27894,-0.00198,-0.00757,binary1pct_b4,4.0
after_bad_votes_m-0.1_p3,after_bad_votes,"(-0.1, 3)",717,0.53026,0.46891,0.46912,0.4444,0.45133,0.45671,0.45334,0.46442,0.48618,0.49814,0.53112,0.56472,0.6066,-0.00205,0.00129,-0.00698,0.00306,0.3682,0.25384,3e-05,-0.00433,binary1pct_b4,4.0
after_bad_votes_m+0.0_p1,after_bad_votes,"(0.0, 1)",717,0.52911,0.46328,0.46912,0.42415,0.43745,0.44625,0.44796,0.46546,0.48711,0.49952,0.53264,0.56543,0.60725,-0.0032,0.00142,-0.01261,0.00392,0.36402,0.24547,-0.0007,-0.00594,binary1pct_b4,4.0
after_bad_votes_m+0.0_p3,after_bad_votes,"(0.0, 3)",717,0.53173,0.47147,0.46912,0.44542,0.45162,0.46,0.45593,0.46904,0.4899,0.50063,0.53257,0.56509,0.6066,-0.00058,0.00102,-0.00441,0.00284,0.27894,0.22176,0.00119,-0.00252,binary1pct_b4,4.0
after_bad_votes_m+0.1_p1,after_bad_votes,"(0.1, 1)",717,0.53341,0.47686,0.46912,0.47284,0.4718,0.47175,0.45989,0.46901,0.48823,0.50019,0.53214,0.56478,0.60717,0.0011,0.00077,0.00097,0.00203,0.02789,0.08508,0.00225,-0.00017,binary1pct_b4,4.0
after_bad_votes_m+0.1_p3,after_bad_votes,"(0.1, 3)",717,0.53323,0.47633,0.46912,0.46859,0.46833,0.4683,0.46064,0.47032,0.48945,0.50105,0.53216,0.56477,0.6066,0.00093,0.00031,0.00044,0.0005,0.01255,0.05439,0.00115,0.00068,binary1pct_b4,4.0
after_bad_votes_m+0.2_p1,after_bad_votes,"(0.2, 1)",717,0.53275,0.47556,0.46912,0.46823,0.4674,0.46722,0.4596,0.46951,0.48938,0.5001,0.53178,0.56446,0.60677,0.00044,0.00036,-0.00032,0.00064,0.01534,0.04463,0.00045,0.00044,binary1pct_b4,4.0
after_bad_votes_m+0.2_p3,after_bad_votes,"(0.2, 3)",717,0.53304,0.47629,0.46912,0.46859,0.46833,0.4685,0.46041,0.47036,0.49021,0.50092,0.53201,0.56445,0.6062,0.00073,0.00023,0.0004,0.00029,0.00418,0.03766,0.00062,0.00085,binary1pct_b4,4.0
votes_m-0.2_p1,votes,"(-0.2, 1)",717,0.52567,0.45505,0.466,0.42011,0.4287,0.43566,0.43619,0.45544,0.47822,0.49338,0.52997,0.56589,0.60805,-0.00664,0.00205,-0.02083,0.0047,0.52999,0.31241,-0.00349,-0.0101,binary1pct_b4,4.0
votes_m-0.2_p3,votes,"(-0.2, 3)",717,0.52715,0.46137,0.46912,0.44417,0.43687,0.44177,0.44035,0.45714,0.47935,0.49397,0.52959,0.56481,0.6066,-0.00516,0.00178,-0.01452,0.00404,0.47699,0.27057,-0.00246,-0.00811,binary1pct_b4,4.0
votes_m-0.2_p5,votes,"(-0.2, 5)",717,0.52778,0.46402,0.46912,0.46889,0.44159,0.44567,0.44345,0.4592,0.4801,0.49392,0.52982,0.56415,0.6064,-0.00453,0.00159,-0.01186,0.00355,0.44212,0.24128,-0.00171,-0.00762,binary1pct_b4,4.0
votes_m-0.2_p8,votes,"(-0.2, 8)",717,0.5293,0.46864,0.46912,0.46912,0.45557,0.45415,0.4486,0.46277,0.48061,0.49356,0.53017,0.5639,0.6064,-0.00301,0.00126,-0.00724,0.00258,0.40028,0.23013,-0.00086,-0.00536,binary1pct_b4,4.0
votes_m-0.1_p1,votes,"(-0.1, 1)",717,0.52788,0.4603,0.466,0.42034,0.4365,0.44356,0.44468,0.4612,0.48392,0.49699,0.53115,0.56545,0.60812,-0.00443,0.00168,-0.01559,0.00405,0.44212,0.2901,-0.00171,-0.00741,binary1pct_b4,4.0
votes_m-0.1_p3,votes,"(-0.1, 3)",717,0.53026,0.46891,0.46912,0.4444,0.45133,0.45671,0.45334,0.46442,0.48618,0.49814,0.53112,0.56472,0.6066,-0.00205,0.00129,-0.00698,0.00306,0.3682,0.25384,3e-05,-0.00433,binary1pct_b4,4.0
votes_m-0.1_p5,votes,"(-0.1, 5)",717,0.5307,0.47113,0.46912,0.46912,0.45688,0.46003,0.45409,0.46502,0.48619,0.49798,0.53101,0.56403,0.6064,-0.00161,0.00114,-0.00476,0.00263,0.33473,0.22315,0.0004,-0.00382,binary1pct_b4,4.0
votes_m-0.1_p8,votes,"(-0.1, 8)",717,0.53159,0.47356,0.46912,0.46912,0.46135,0.46378,0.45599,0.46676,0.48691,0.49856,0.53164,0.56378,0.6064,-0.00072,0.00091,-0.00233,0.00195,0.29568,0.21618,0.00072,-0.0023,binary1pct_b4,4.0
votes_m+0.0_p1,votes,"(0.0, 1)",717,0.52931,0.46293,0.466,0.42315,0.43737,0.44622,0.44787,0.46539,0.48704,0.49945,0.53278,0.56582,0.60812,-0.003,0.00147,-0.01296,0.00391,0.36402,0.25662,-0.00045,-0.00579,binary1pct_b4,4.0
votes_m+0.0_p3,votes,"(0.0, 3)",717,0.53173,0.47147,0.46912,0.44542,0.45162,0.46,0.45593,0.46904,0.4899,0.50063,0.53257,0.56509,0.6066,-0.00058,0.00102,-0.00441,0.00284,0.27894,0.22176,0.00119,-0.00252,binary1pct_b4,4.0
votes_m+0.0_p5,votes,"(0.0, 5)",717,0.53248,0.47421,0.46912,0.46912,0.45717,0.46462,0.45702,0.47042,0.49117,0.50088,0.53281,0.5644,0.6064,0.00017,0.00084,-0.00168,0.00236,0.23291,0.19526,0.00163,-0.00144,binary1pct_b4,4.0
votes_m+0.0_p8,votes,"(0.0, 8)",717,0.53268,0.47554,0.46912,0.46912,0.46164,0.46808,0.45816,0.46992,0.49002,0.5,0.53227,0.56396,0.6064,0.00037,0.00054,-0.00035,0.00154,0.19386,0.17852,0.00111,-0.00045,binary1pct_b4,4.0
votes_m+0.1_p1,votes,"(0.1, 1)",717,0.53339,0.4768,0.46912,0.47237,0.4718,0.47175,0.45989,0.46901,0.48823,0.50019,0.53214,0.56478,0.60717,0.00108,0.00077,0.00091,0.00204,0.02789,0.08508,0.00224,-0.0002,binary1pct_b4,4.0
votes_m+0.1_p3,votes,"(0.1, 3)",717,0.53323,0.47633,0.46912,0.46859,0.46833,0.4683,0.46064,0.47032,0.48945,0.50105,0.53216,0.56477,0.6066,0.00093,0.00031,0.00044,0.0005,0.01255,0.05439,0.00115,0.00068,binary1pct_b4,4.0
votes_m+0.1_p5,votes,"(0.1, 5)",717,0.53298,0.47637,0.46912,0.46912,0.46833,0.4683,0.46037,0.47029,0.48995,0.50093,0.53173,0.56457,0.6064,0.00067,0.00023,0.00048,0.00032,0.00697,0.03626,0.00082,0.00051,binary1pct_b4,4.0
votes_m+0.1_p8,votes,"(0.1, 8)",717,0.53271,0.4762,0.46912,0.46912,0.46912,0.46912,0.46027,0.4699,0.48914,0.49983,0.53117,0.56396,0.6064,0.0004,0.00017,0.00032,0.00027,0.00418,0.0265,0.00048,0.0003,binary1pct_b4,4.0
votes_m+0.2_p1,votes,"(0.2, 1)",717,0.5326,0.47512,0.46912,0.46775,0.46682,0.46664,0.45902,0.46893,0.4888,0.5001,0.53178,0.56446,0.60677,0.00029,0.00046,-0.00077,0.00097,0.01674,0.04463,0.00045,0.00012,binary1pct_b4,4.0
votes_m+0.2_p3,votes,"(0.2, 3)",717,0.53304,0.47629,0.46912,0.46859,0.46833,0.4685,0.46041,0.47036,0.49021,0.50092,0.53201,0.56445,0.6062,0.00073,0.00023,0.0004,0.00029,0.00418,0.03766,0.00062,0.00085,binary1pct_b4,4.0
votes_m+0.2_p5,votes,"(0.2, 5)",717,0.5327,0.47616,0.46912,0.46912,0.46912,0.46912,0.46027,0.47018,0.48942,0.50023,0.53173,0.56424,0.606,0.00039,0.00015,0.00027,0.00018,0.00139,0.02092,0.00031,0.00047,binary1pct_b4,4.0
votes_m+0.2_p8,votes,"(0.2, 8)",717,0.53254,0.47605,0.46912,0.46912,0.46912,0.46912,0.46027,0.4699,0.48914,0.49983,0.53112,0.5639,0.606,0.00023,0.00011,0.00016,0.00013,0.00139,0.01674,0.00019,0.00027,binary1pct_b4,4.0
