arm,dataset,t,mean,q25,q75,coverage,n_cells,baseline
app,coco_better·siglip,0,0.4266294642857143,0.050833,0.7892637499999999,1.0,280,0.4266294642857143
app,coco_better·siglip,1,,,,0.0,280,0.4266294642857143
app,coco_better·siglip,2,0.033596486486486485,0.004917,0.034467,0.13214285714285715,280,0.4266294642857143
app,coco_better·siglip,3,0.04211733333333333,0.00772325,0.043462,0.2357142857142857,280,0.4266294642857143
app,coco_better·siglip,4,0.3300192355769231,0.032390249999999995,0.5997315000000001,0.7428571428571429,280,0.4266294642857143
app,coco_better·siglip,5,0.37294509047619046,0.05486075,0.6936767500000001,0.75,280,0.4266294642857143
app,coco_better·siglip,6,0.38978077934272304,0.077484,0.718493,0.7607142857142857,280,0.4266294642857143
app,coco_better·siglip,7,0.39932719266055045,0.07552700000000001,0.7209885,0.7785714285714286,280,0.4266294642857143
app,coco_better·siglip,8,0.4064797027027027,0.0767655,0.72401275,0.7928571428571428,280,0.4266294642857143
app,coco_better·siglip,9,0.4145747857142857,0.08604875000000001,0.7303415,0.8,280,0.4266294642857143
app,coco_better·siglip,10,0.42142784000000005,0.091617,0.750749,0.8035714285714286,280,0.4266294642857143
app,coco_better·siglip,11,0.4257237268722467,0.086652,0.7520089999999999,0.8107142857142857,280,0.4266294642857143
app,coco_better·siglip,12,0.43224520264317184,0.0981185,0.763545,0.8107142857142857,280,0.4266294642857143
app,coco_better·siglip,13,0.43636399565217393,0.10423375,0.76578225,0.8214285714285714,280,0.4266294642857143
app,coco_better·siglip,14,0.43252308936170214,0.096896,0.755484,0.8392857142857143,280,0.4266294642857143
app,coco_better·siglip,15,0.43369408860759495,0.097565,0.765921,0.8464285714285714,280,0.4266294642857143
app,coco_better·siglip,16,0.43720749159663863,0.09812075,0.7667612500000001,0.85,280,0.4266294642857143
app,coco_better·siglip,17,0.43841844583333334,0.0973585,0.7788984999999999,0.8571428571428571,280,0.4266294642857143
app,coco_better·siglip,18,0.4411180125,0.09437224999999999,0.780958,0.8571428571428571,280,0.4266294642857143
app,coco_better·siglip,19,0.4432305833333333,0.100326,0.7795084999999999,0.8571428571428571,280,0.4266294642857143
app,coco_better·siglip,20,0.44639072916666667,0.10718975,0.77476,0.8571428571428571,280,0.4266294642857143
app,coco_better·siglip,21,0.44165024180327866,0.1022955,0.7755825000000001,0.8714285714285714,280,0.4266294642857143
app,coco_better·siglip,22,0.4427123551020408,0.104965,0.772703,0.875,280,0.4266294642857143
app,coco_better·siglip,23,0.4411846842105263,0.10491349999999999,0.773546,0.8821428571428571,280,0.4266294642857143
app,coco_better·siglip,24,0.44021419277108437,0.104619,0.776985,0.8892857142857142,280,0.4266294642857143
app,coco_better·siglip,25,0.4412343253012048,0.101518,0.773825,0.8892857142857142,280,0.4266294642857143
app,coco_better·siglip,26,0.44146494399999997,0.099323,0.775362,0.8928571428571429,280,0.4266294642857143
app,coco_better·siglip,27,0.4389954563492064,0.096368,0.77449925,0.9,280,0.4266294642857143
app,coco_better·siglip,28,0.441315507936508,0.10171175,0.7685835,0.9,280,0.4266294642857143
app,coco_better·siglip,29,0.44164671825396823,0.10073800000000001,0.7700605,0.9,280,0.4266294642857143
app,coco_better·siglip,30,0.44112243873517787,0.104514,0.773063,0.9035714285714286,280,0.4266294642857143
app,coco_better·siglip,31,0.43968243529411766,0.10240550000000001,0.7732844999999999,0.9107142857142857,280,0.4266294642857143
app,coco_better·siglip,32,0.43835577821011673,0.101044,0.771355,0.9178571428571428,280,0.4266294642857143
app,coco_better·siglip,33,0.43749032170542634,0.10603575,0.7726967499999999,0.9214285714285714,280,0.4266294642857143
app,coco_better·siglip,34,0.43903457751937985,0.106834,0.77613725,0.9214285714285714,280,0.4266294642857143
app,coco_better·siglip,35,0.43819627027027025,0.1049745,0.7743985,0.925,280,0.4266294642857143
app,coco_better·siglip,36,0.43966477606177606,0.11034749999999999,0.7729645,0.925,280,0.4266294642857143
app,coco_better·siglip,37,0.44036400772200773,0.11217650000000001,0.7748105,0.925,280,0.4266294642857143
app,coco_better·siglip,38,0.4405014362934363,0.1096625,0.7735575,0.925,280,0.4266294642857143
app,coco_better·siglip,39,0.4399268769230769,0.1115765,0.77210075,0.9285714285714286,280,0.4266294642857143
app,coco_better·siglip,40,0.43911742911877394,0.111286,0.769757,0.9321428571428572,280,0.4266294642857143
app,coco_better·siglip,41,0.43541789015151516,0.10522025,0.772195,0.9428571428571428,280,0.4266294642857143
app,coco_better·siglip,42,0.43639619696969695,0.104324,0.7717179999999999,0.9428571428571428,280,0.4266294642857143
app,coco_better·siglip,43,0.43722242424242425,0.10525475,0.7717637500000001,0.9428571428571428,280,0.4266294642857143
app,coco_better·siglip,44,0.4375219696969697,0.1053755,0.77297825,0.9428571428571428,280,0.4266294642857143
app,coco_better·siglip,45,0.43772936363636367,0.10710525,0.77471775,0.9428571428571428,280,0.4266294642857143
app,coco_better·siglip,46,0.43801630303030303,0.1054585,0.7751107500000001,0.9428571428571428,280,0.4266294642857143
app,coco_better·siglip,47,0.43966495454545457,0.10715225,0.77528175,0.9428571428571428,280,0.4266294642857143
app,coco_better·siglip,48,0.4407066325757576,0.1054725,0.77942,0.9428571428571428,280,0.4266294642857143
app,coco_better·siglip,49,0.44107139015151514,0.10633000000000001,0.7814545,0.9428571428571428,280,0.4266294642857143
app,coco_better·siglip,50,0.43973928301886794,0.105897,0.781857,0.9464285714285714,280,0.4266294642857143
app,coco_better·siglip,51,0.44038366792452827,0.10599,0.780049,0.9464285714285714,280,0.4266294642857143
app,coco_better·siglip,52,0.440705279245283,0.106097,0.782791,0.9464285714285714,280,0.4266294642857143
app,coco_better·siglip,53,0.44146152075471695,0.109056,0.784153,0.9464285714285714,280,0.4266294642857143
app,coco_better·siglip,54,0.44218759999999996,0.109392,0.784144,0.9464285714285714,280,0.4266294642857143
app,coco_better·siglip,55,0.44096336466165414,0.1086605,0.7831405,0.95,280,0.4266294642857143
app,coco_better·siglip,56,0.44270072180451125,0.107892,0.78918225,0.95,280,0.4266294642857143
app,coco_better·siglip,57,0.44288438721804513,0.1081945,0.78930025,0.95,280,0.4266294642857143
app,coco_better·siglip,58,0.443075022556391,0.10835075,0.790369,0.95,280,0.4266294642857143
app,coco_better·siglip,59,0.4432756353383459,0.10825225000000001,0.78787575,0.95,280,0.4266294642857143
app,coco_better·siglip,60,0.44358309398496243,0.10671275,0.788556,0.95,280,0.4266294642857143
app,coco_better·siglip,61,0.444492469924812,0.10711074999999999,0.7897925,0.95,280,0.4266294642857143
app,coco_better·siglip,62,0.44495117293233083,0.10736775,0.7884655,0.95,280,0.4266294642857143
app,coco_better·siglip,63,0.44493897368421054,0.106886,0.787092,0.95,280,0.4266294642857143
app,coco_better·siglip,64,0.44327375280898873,0.10308500000000001,0.786931,0.9535714285714286,280,0.4266294642857143
app,coco_better·siglip,65,0.4433580936329588,0.103235,0.78696,0.9535714285714286,280,0.4266294642857143
app,coco_better·siglip,66,0.4434295018726592,0.1066145,0.7872285,0.9535714285714286,280,0.4266294642857143
app,coco_better·siglip,67,0.4435199850187266,0.1075515,0.788462,0.9535714285714286,280,0.4266294642857143
app,coco_better·siglip,68,0.4420384888059702,0.1033125,0.78633975,0.9571428571428572,280,0.4266294642857143
app,coco_better·siglip,69,0.44287103358208957,0.10283049999999999,0.7881675,0.9571428571428572,280,0.4266294642857143
app,coco_better·siglip,70,0.4414460074349442,0.100016,0.786024,0.9607142857142857,280,0.4266294642857143
app,coco_better·siglip,71,0.4415870111524164,0.103858,0.786151,0.9607142857142857,280,0.4266294642857143
app,coco_better·siglip,72,0.44014329259259255,0.100719,0.785327,0.9642857142857143,280,0.4266294642857143
app,coco_better·siglip,73,0.4404322296296296,0.10121075,0.7886537499999999,0.9642857142857143,280,0.4266294642857143
app,coco_better·siglip,74,0.4411273037037037,0.1022045,0.78726075,0.9642857142857143,280,0.4266294642857143
app,coco_better·siglip,75,0.4395344870848708,0.10124949999999999,0.7862675,0.9678571428571429,280,0.4266294642857143
app,coco_better·siglip,76,0.44006397416974175,0.103376,0.7857685000000001,0.9678571428571429,280,0.4266294642857143
app,coco_better·siglip,77,0.4399033616236162,0.1021125,0.786311,0.9678571428571429,280,0.4266294642857143
app,coco_better·siglip,78,0.4410439040590406,0.10423550000000001,0.7871239999999999,0.9678571428571429,280,0.4266294642857143
app,coco_better·siglip,79,0.4412562287822878,0.104801,0.7855255000000001,0.9678571428571429,280,0.4266294642857143
app,coco_better·siglip,80,0.43973188235294114,0.1074765,0.7861125,0.9714285714285714,280,0.4266294642857143
app,coco_better·siglip,81,0.43995588602941177,0.10591375,0.7852822500000001,0.9714285714285714,280,0.4266294642857143
app,coco_better·siglip,82,0.44077551838235296,0.1049885,0.78407425,0.9714285714285714,280,0.4266294642857143
app,coco_better·siglip,83,0.4408977904411765,0.110025,0.7847729999999999,0.9714285714285714,280,0.4266294642857143
app,coco_better·siglip,84,0.4417293382352941,0.110626,0.7857315,0.9714285714285714,280,0.4266294642857143
app,coco_better·siglip,85,0.44175323161764707,0.10802275,0.78646975,0.9714285714285714,280,0.4266294642857143
app,coco_better·siglip,86,0.441884125,0.108675,0.78629275,0.9714285714285714,280,0.4266294642857143
app,coco_better·siglip,87,0.44198488602941177,0.10986725,0.78639675,0.9714285714285714,280,0.4266294642857143
app,coco_better·siglip,88,0.44221113970588233,0.11183075,0.7855725,0.9714285714285714,280,0.4266294642857143
app,coco_better·siglip,89,0.44250443382352944,0.11187725000000001,0.7855800000000001,0.9714285714285714,280,0.4266294642857143
app,coco_better·siglip,90,0.4427267426470588,0.11208475,0.78555075,0.9714285714285714,280,0.4266294642857143
app,coco_better·siglip,91,0.44201647426470586,0.11219425,0.7854775,0.9714285714285714,280,0.4266294642857143
app,coco_better·siglip,92,0.44198592279411764,0.11292525,0.78565025,0.9714285714285714,280,0.4266294642857143
app,coco_better·siglip,93,0.44228783455882353,0.112631,0.78483125,0.9714285714285714,280,0.4266294642857143
app,coco_better·siglip,94,0.4432655992647059,0.11228925000000001,0.78264975,0.9714285714285714,280,0.4266294642857143
app,coco_better·siglip,95,0.4431251801470588,0.11215900000000001,0.78528525,0.9714285714285714,280,0.4266294642857143
app,coco_better·siglip,96,0.4431233419117647,0.11131325,0.78516975,0.9714285714285714,280,0.4266294642857143
app,coco_better·siglip,97,0.4415339853479853,0.110349,0.782513,0.975,280,0.4266294642857143
app,coco_better·siglip,98,0.4399834854014599,0.1086355,0.78210375,0.9785714285714285,280,0.4266294642857143
app,coco_better·siglip,99,0.4402046642335766,0.10851775,0.78192975,0.9785714285714285,280,0.4266294642857143
app,coco_better·siglip,100,0.44067616058394155,0.10968225,0.783655,0.9785714285714285,280,0.4266294642857143
app,coco_better·siglip,101,0.4409139160583942,0.11037775,0.7852714999999999,0.9785714285714285,280,0.4266294642857143
app,coco_better·siglip,102,0.4413781240875912,0.11001,0.7845915,0.9785714285714285,280,0.4266294642857143
app,coco_better·siglip,103,0.44138951094890516,0.1097445,0.785243,0.9785714285714285,280,0.4266294642857143
app,coco_better·siglip,104,0.4404331890909091,0.109541,0.7859205,0.9821428571428571,280,0.4266294642857143
app,coco_better·siglip,105,0.4405130545454546,0.109612,0.7860404999999999,0.9821428571428571,280,0.4266294642857143
app,coco_better·siglip,106,0.43967231636363635,0.1102055,0.7883965,0.9821428571428571,280,0.4266294642857143
app,coco_better·siglip,107,0.43979483636363637,0.1075735,0.788678,0.9821428571428571,280,0.4266294642857143
app,coco_better·siglip,108,0.44032691636363636,0.10935249999999999,0.786423,0.9821428571428571,280,0.4266294642857143
app,coco_better·siglip,109,0.4405525781818182,0.108193,0.786145,0.9821428571428571,280,0.4266294642857143
app,coco_better·siglip,110,0.4404900290909091,0.10553850000000001,0.788386,0.9821428571428571,280,0.4266294642857143
app,coco_better·siglip,111,0.43900389130434786,0.1036125,0.782674,0.9857142857142858,280,0.4266294642857143
app,coco_better·siglip,112,0.4376425054151625,0.100465,0.780407,0.9892857142857143,280,0.4266294642857143
app,coco_better·siglip,113,0.43781024548736464,0.100504,0.781837,0.9892857142857143,280,0.4266294642857143
app,coco_better·siglip,114,0.4381647689530686,0.100518,0.784716,0.9892857142857143,280,0.4266294642857143
app,coco_better·siglip,115,0.4382839711191336,0.100602,0.78457,0.9892857142857143,280,0.4266294642857143
app,coco_better·siglip,116,0.4384482454873646,0.099987,0.782931,0.9892857142857143,280,0.4266294642857143
app,coco_better·siglip,117,0.43889857761732853,0.100705,0.781994,0.9892857142857143,280,0.4266294642857143
app,coco_better·siglip,118,0.43894816606498194,0.099289,0.781739,0.9892857142857143,280,0.4266294642857143
app,coco_better·siglip,119,0.4376597122302158,0.099175,0.7817547499999999,0.9928571428571429,280,0.4266294642857143
app,coco_better·siglip,120,0.437899464028777,0.10015275,0.7830062499999999,0.9928571428571429,280,0.4266294642857143
app,coco_better·siglip,121,0.4383160503597122,0.0999945,0.7827885,0.9928571428571429,280,0.4266294642857143
app,coco_better·siglip,122,0.4381864352517985,0.10012650000000001,0.7837495,0.9928571428571429,280,0.4266294642857143
app,coco_better·siglip,123,0.4381331151079137,0.099301,0.7827125,0.9928571428571429,280,0.4266294642857143
app,coco_better·siglip,124,0.43884958273381297,0.09940425,0.78928675,0.9928571428571429,280,0.4266294642857143
app,coco_better·siglip,125,0.4392513489208633,0.09948225,0.7888964999999999,0.9928571428571429,280,0.4266294642857143
app,coco_better·siglip,126,0.43965408992805755,0.10233400000000001,0.7866615,0.9928571428571429,280,0.4266294642857143
app,coco_better·siglip,127,0.4397142338129496,0.0994075,0.7874000000000001,0.9928571428571429,280,0.4266294642857143
app,coco_better·siglip,128,0.43986575539568346,0.10141625,0.7835635000000001,0.9928571428571429,280,0.4266294642857143
app,coco_better·siglip,129,0.4398288489208633,0.10209475,0.7837775,0.9928571428571429,280,0.4266294642857143
app,coco_better·siglip,130,0.4398489532374101,0.10288175,0.7841417500000001,0.9928571428571429,280,0.4266294642857143
app,coco_better·siglip,131,0.44011801798561156,0.10268675000000001,0.785339,0.9928571428571429,280,0.4266294642857143
app,coco_better·siglip,132,0.43814729032258065,0.100416,0.7845365,0.9964285714285714,280,0.4266294642857143
app,coco_better·siglip,133,0.4385998637992831,0.0984875,0.7844985,0.9964285714285714,280,0.4266294642857143
app,coco_better·siglip,134,0.4384931684587814,0.098161,0.785298,0.9964285714285714,280,0.4266294642857143
app,coco_better·siglip,135,0.4383656451612903,0.09819549999999999,0.7860965,0.9964285714285714,280,0.4266294642857143
app,coco_better·siglip,136,0.43854554838709675,0.099935,0.7862629999999999,0.9964285714285714,280,0.4266294642857143
app,coco_better·siglip,137,0.43865196415770613,0.099898,0.786589,0.9964285714285714,280,0.4266294642857143
app,coco_better·siglip,138,0.4386454336917563,0.099496,0.7870455000000001,0.9964285714285714,280,0.4266294642857143
app,coco_better·siglip,139,0.4391763548387097,0.10097400000000001,0.7886340000000001,0.9964285714285714,280,0.4266294642857143
app,coco_better·siglip,140,0.4382358607142857,0.101454,0.7882672500000001,1.0,280,0.4266294642857143
app,coco_better·siglip,141,0.43846217857142855,0.09956275,0.788416,1.0,280,0.4266294642857143
app,coco_better·siglip,142,0.4387787357142857,0.0991605,0.7899892500000001,1.0,280,0.4266294642857143
app,coco_better·siglip,143,0.4389197607142857,0.09983349999999999,0.7890412499999999,1.0,280,0.4266294642857143
app,coco_better·siglip,144,0.43903305357142863,0.09997700000000001,0.7933097499999999,1.0,280,0.4266294642857143
app,coco_better·siglip,145,0.4391478428571428,0.099524,0.79149775,1.0,280,0.4266294642857143
app,coco_better·siglip,146,0.4391330785714286,0.0994265,0.79338625,1.0,280,0.4266294642857143
app,coco_better·siglip,147,0.4392672678571428,0.09998825,0.79260975,1.0,280,0.4266294642857143
app,coco_better·siglip,148,0.43963571428571424,0.100062,0.792751,1.0,280,0.4266294642857143
app,coco_better·siglip,149,0.4396361285714286,0.10021250000000001,0.791111,1.0,280,0.4266294642857143
app,coco_better·siglip,150,0.43967077142857147,0.10058399999999999,0.7913344999999999,1.0,280,0.4266294642857143
app_xcal,coco_better·siglip,0,0.4266294642857143,0.050833,0.7892637499999999,1.0,280,0.4266294642857143
app_xcal,coco_better·siglip,1,,,,0.0,280,0.4266294642857143
app_xcal,coco_better·siglip,2,0.033596486486486485,0.004917,0.034467,0.13214285714285715,280,0.4266294642857143
app_xcal,coco_better·siglip,3,0.04211733333333333,0.00772325,0.043462,0.2357142857142857,280,0.4266294642857143
app_xcal,coco_better·siglip,4,0.33042857211538457,0.032390249999999995,0.5997315000000001,0.7428571428571429,280,0.4266294642857143
app_xcal,coco_better·siglip,5,0.3731437904761905,0.05486075,0.6936767500000001,0.75,280,0.4266294642857143
app_xcal,coco_better·siglip,6,0.389777338028169,0.077484,0.718493,0.7607142857142857,280,0.4266294642857143
app_xcal,coco_better·siglip,7,0.39932718807339446,0.07552700000000001,0.7209885,0.7785714285714286,280,0.4266294642857143
app_xcal,coco_better·siglip,8,0.4164268873873874,0.07749675,0.7574032500000001,0.7928571428571428,280,0.4266294642857143
app_xcal,coco_better·siglip,9,0.43260837946428576,0.09166275,0.7661585,0.8,280,0.4266294642857143
app_xcal,coco_better·siglip,10,0.44395463999999996,0.08465,0.768665,0.8035714285714286,280,0.4266294642857143
app_xcal,coco_better·siglip,11,0.45197907929515424,0.0942065,0.795698,0.8107142857142857,280,0.4266294642857143
app_xcal,coco_better·siglip,12,0.46150157709251105,0.09807850000000001,0.7736704999999999,0.8107142857142857,280,0.4266294642857143
app_xcal,coco_better·siglip,13,0.4621212086956522,0.09789525,0.81112725,0.8214285714285714,280,0.4266294642857143
app_xcal,coco_better·siglip,14,0.45911328936170215,0.0971785,0.826036,0.8392857142857143,280,0.4266294642857143
app_xcal,coco_better·siglip,15,0.4639081856540084,0.100852,0.819938,0.8464285714285714,280,0.4266294642857143
app_xcal,coco_better·siglip,16,0.46793146218487397,0.09297425,0.8252475,0.85,280,0.4266294642857143
app_xcal,coco_better·siglip,17,0.4721099416666667,0.09941950000000001,0.827307,0.8571428571428571,280,0.4266294642857143
app_xcal,coco_better·siglip,18,0.4785730375,0.09483225,0.83856,0.8571428571428571,280,0.4266294642857143
app_xcal,coco_better·siglip,19,0.482943325,0.090597,0.856932,0.8571428571428571,280,0.4266294642857143
app_xcal,coco_better·siglip,20,0.4875170833333333,0.099821,0.852193,0.8571428571428571,280,0.4266294642857143
app_xcal,coco_better·siglip,21,0.4858540286885246,0.09365124999999999,0.8497555,0.8714285714285714,280,0.4266294642857143
app_xcal,coco_better·siglip,22,0.48851253877551015,0.094189,0.857796,0.875,280,0.4266294642857143
app_xcal,coco_better·siglip,23,0.4869407854251012,0.0916105,0.8619395,0.8821428571428571,280,0.4266294642857143
app_xcal,coco_better·siglip,24,0.48485424096385543,0.093485,0.865982,0.8892857142857142,280,0.4266294642857143
app_xcal,coco_better·siglip,25,0.4844682570281124,0.097521,0.866303,0.8892857142857142,280,0.4266294642857143
app_xcal,coco_better·siglip,26,0.484733156,0.09448825,0.8650227500000001,0.8928571428571429,280,0.4266294642857143
app_xcal,coco_better·siglip,27,0.48315987698412705,0.0953305,0.8585290000000001,0.9,280,0.4266294642857143
app_xcal,coco_better·siglip,28,0.48534642857142857,0.098276,0.86043075,0.9,280,0.4266294642857143
app_xcal,coco_better·siglip,29,0.4882767380952381,0.10230924999999999,0.861486,0.9,280,0.4266294642857143
app_xcal,coco_better·siglip,30,0.4889754584980237,0.104694,0.862753,0.9035714285714286,280,0.4266294642857143
app_xcal,coco_better·siglip,31,0.4882508235294118,0.097824,0.8657625,0.9107142857142857,280,0.4266294642857143
app_xcal,coco_better·siglip,32,0.48568857198443577,0.095959,0.860373,0.9178571428571428,280,0.4266294642857143
app_xcal,coco_better·siglip,33,0.48563530232558133,0.09952074999999999,0.8616952499999999,0.9214285714285714,280,0.4266294642857143
app_xcal,coco_better·siglip,34,0.4865060581395349,0.10139025,0.8618224999999999,0.9214285714285714,280,0.4266294642857143
app_xcal,coco_better·siglip,35,0.4867430501930502,0.10170299999999999,0.861238,0.925,280,0.4266294642857143
app_xcal,coco_better·siglip,36,0.48858212355212355,0.1057595,0.862005,0.925,280,0.4266294642857143
app_xcal,coco_better·siglip,37,0.489639166023166,0.1058605,0.8630675000000001,0.925,280,0.4266294642857143
app_xcal,coco_better·siglip,38,0.490975833976834,0.1020465,0.8642295,0.925,280,0.4266294642857143
app_xcal,coco_better·siglip,39,0.49073984615384614,0.10045075,0.8686422500000001,0.9285714285714286,280,0.4266294642857143
app_xcal,coco_better·siglip,40,0.49108239846743296,0.101204,0.868684,0.9321428571428572,280,0.4266294642857143
app_xcal,coco_better·siglip,41,0.48664543939393934,0.10058675,0.8645085,0.9428571428571428,280,0.4266294642857143
app_xcal,coco_better·siglip,42,0.4870744848484848,0.09999949999999999,0.86244175,0.9428571428571428,280,0.4266294642857143
app_xcal,coco_better·siglip,43,0.4894354242424242,0.10311175,0.860348,0.9428571428571428,280,0.4266294642857143
app_xcal,coco_better·siglip,44,0.48981269696969687,0.10409625,0.8572555000000001,0.9428571428571428,280,0.4266294642857143
app_xcal,coco_better·siglip,45,0.4900721856060606,0.10123675,0.8565035000000001,0.9428571428571428,280,0.4266294642857143
app_xcal,coco_better·siglip,46,0.4902695454545455,0.1027245,0.8601165,0.9428571428571428,280,0.4266294642857143
app_xcal,coco_better·siglip,47,0.4903617121212121,0.10535800000000001,0.85911,0.9428571428571428,280,0.4266294642857143
app_xcal,coco_better·siglip,48,0.4906923636363636,0.10078125,0.8544565,0.9428571428571428,280,0.4266294642857143
app_xcal,coco_better·siglip,49,0.4917346060606061,0.101238,0.8614865,0.9428571428571428,280,0.4266294642857143
app_xcal,coco_better·siglip,50,0.49060573207547165,0.102039,0.86128,0.9464285714285714,280,0.4266294642857143
app_xcal,coco_better·siglip,51,0.4913468603773585,0.102281,0.861179,0.9464285714285714,280,0.4266294642857143
app_xcal,coco_better·siglip,52,0.49300771698113205,0.105846,0.861218,0.9464285714285714,280,0.4266294642857143
app_xcal,coco_better·siglip,53,0.49113407547169813,0.105326,0.864922,0.9464285714285714,280,0.4266294642857143
app_xcal,coco_better·siglip,54,0.492319716981132,0.106044,0.869268,0.9464285714285714,280,0.4266294642857143
app_xcal,coco_better·siglip,55,0.4920393308270677,0.10426824999999999,0.86985,0.95,280,0.4266294642857143
app_xcal,coco_better·siglip,56,0.4925920563909774,0.10378925,0.8724905000000001,0.95,280,0.4266294642857143
app_xcal,coco_better·siglip,57,0.49298315037593976,0.10627325,0.871144,0.95,280,0.4266294642857143
app_xcal,coco_better·siglip,58,0.4929939736842105,0.10259750000000001,0.8681215,0.95,280,0.4266294642857143
app_xcal,coco_better·siglip,59,0.493676947368421,0.1029805,0.86644175,0.95,280,0.4266294642857143
app_xcal,coco_better·siglip,60,0.4942341729323309,0.09991775,0.8646247499999999,0.95,280,0.4266294642857143
app_xcal,coco_better·siglip,61,0.49512630827067666,0.10100525,0.86678925,0.95,280,0.4266294642857143
app_xcal,coco_better·siglip,62,0.4950488571428572,0.10202025,0.86901175,0.95,280,0.4266294642857143
app_xcal,coco_better·siglip,63,0.4954140037593985,0.105715,0.86890725,0.95,280,0.4266294642857143
app_xcal,coco_better·siglip,64,0.49362655056179777,0.104688,0.8690365,0.9535714285714286,280,0.4266294642857143
app_xcal,coco_better·siglip,65,0.4942170224719101,0.105573,0.8726594999999999,0.9535714285714286,280,0.4266294642857143
app_xcal,coco_better·siglip,66,0.49345680524344576,0.1053885,0.870147,0.9535714285714286,280,0.4266294642857143
app_xcal,coco_better·siglip,67,0.4943951348314607,0.11025650000000001,0.869332,0.9535714285714286,280,0.4266294642857143
app_xcal,coco_better·siglip,68,0.4930991865671641,0.10566475,0.8699034999999999,0.9571428571428572,280,0.4266294642857143
app_xcal,coco_better·siglip,69,0.494071473880597,0.10771325000000001,0.86994375,0.9571428571428572,280,0.4266294642857143
app_xcal,coco_better·siglip,70,0.49221734572490705,0.105467,0.872591,0.9607142857142857,280,0.4266294642857143
app_xcal,coco_better·siglip,71,0.49336599256505587,0.108685,0.872714,0.9607142857142857,280,0.4266294642857143
app_xcal,coco_better·siglip,72,0.4921291481481481,0.10922575000000001,0.87157925,0.9642857142857143,280,0.4266294642857143
app_xcal,coco_better·siglip,73,0.4925620666666667,0.10919024999999999,0.87139075,0.9642857142857143,280,0.4266294642857143
app_xcal,coco_better·siglip,74,0.4928766259259259,0.1053015,0.87425675,0.9642857142857143,280,0.4266294642857143
app_xcal,coco_better·siglip,75,0.49168488191881915,0.107488,0.8735705,0.9678571428571429,280,0.4266294642857143
app_xcal,coco_better·siglip,76,0.4923981955719557,0.1097705,0.8750344999999999,0.9678571428571429,280,0.4266294642857143
app_xcal,coco_better·siglip,77,0.49317199999999994,0.108901,0.874179,0.9678571428571429,280,0.4266294642857143
app_xcal,coco_better·siglip,78,0.49293901845018456,0.109618,0.8758225,0.9678571428571429,280,0.4266294642857143
app_xcal,coco_better·siglip,79,0.4926659778597786,0.1110475,0.874425,0.9678571428571429,280,0.4266294642857143
app_xcal,coco_better·siglip,80,0.49231632720588225,0.11220675,0.8753585,0.9714285714285714,280,0.4266294642857143
app_xcal,coco_better·siglip,81,0.49265658823529407,0.111835,0.87830175,0.9714285714285714,280,0.4266294642857143
app_xcal,coco_better·siglip,82,0.49335156249999995,0.10990025,0.8770145,0.9714285714285714,280,0.4266294642857143
app_xcal,coco_better·siglip,83,0.49361333088235293,0.11254175,0.8793442499999999,0.9714285714285714,280,0.4266294642857143
app_xcal,coco_better·siglip,84,0.4940773419117647,0.11333975,0.87772275,0.9714285714285714,280,0.4266294642857143
app_xcal,coco_better·siglip,85,0.4939330772058824,0.11199999999999999,0.87514025,0.9714285714285714,280,0.4266294642857143
app_xcal,coco_better·siglip,86,0.4938071838235294,0.1121545,0.87817975,0.9714285714285714,280,0.4266294642857143
app_xcal,coco_better·siglip,87,0.49400625735294124,0.112581,0.880132,0.9714285714285714,280,0.4266294642857143
app_xcal,coco_better·siglip,88,0.4939553823529412,0.1125975,0.878252,0.9714285714285714,280,0.4266294642857143
app_xcal,coco_better·siglip,89,0.49395323161764704,0.11385575,0.87760825,0.9714285714285714,280,0.4266294642857143
app_xcal,coco_better·siglip,90,0.4945598823529411,0.114193,0.8773445,0.9714285714285714,280,0.4266294642857143
app_xcal,coco_better·siglip,91,0.494776669117647,0.1165255,0.87814775,0.9714285714285714,280,0.4266294642857143
app_xcal,coco_better·siglip,92,0.4952063419117647,0.116997,0.8796215000000001,0.9714285714285714,280,0.4266294642857143
app_xcal,coco_better·siglip,93,0.4952280294117647,0.1163115,0.87631375,0.9714285714285714,280,0.4266294642857143
app_xcal,coco_better·siglip,94,0.49511849632352944,0.11638949999999999,0.877221,0.9714285714285714,280,0.4266294642857143
app_xcal,coco_better·siglip,95,0.49515999632352936,0.11804975,0.8798412499999999,0.9714285714285714,280,0.4266294642857143
app_xcal,coco_better·siglip,96,0.49528679411764703,0.11632600000000001,0.88178075,0.9714285714285714,280,0.4266294642857143
app_xcal,coco_better·siglip,97,0.49375883882783883,0.116129,0.880207,0.975,280,0.4266294642857143
app_xcal,coco_better·siglip,98,0.4922067700729928,0.11115525,0.8818585,0.9785714285714285,280,0.4266294642857143
app_xcal,coco_better·siglip,99,0.492842204379562,0.1148635,0.88310675,0.9785714285714285,280,0.4266294642857143
app_xcal,coco_better·siglip,100,0.49317041970802916,0.11593224999999999,0.88233375,0.9785714285714285,280,0.4266294642857143
app_xcal,coco_better·siglip,101,0.4927853503649635,0.1115215,0.8832855,0.9785714285714285,280,0.4266294642857143
app_xcal,coco_better·siglip,102,0.49318439051094887,0.1129315,0.88126775,0.9785714285714285,280,0.4266294642857143
app_xcal,coco_better·siglip,103,0.4935155328467153,0.11162875,0.8828217500000001,0.9785714285714285,280,0.4266294642857143
app_xcal,coco_better·siglip,104,0.4924365890909092,0.1092965,0.8832905,0.9821428571428571,280,0.4266294642857143
app_xcal,coco_better·siglip,105,0.4933444109090909,0.113918,0.881177,0.9821428571428571,280,0.4266294642857143
app_xcal,coco_better·siglip,106,0.4934986872727272,0.1143965,0.880289,0.9821428571428571,280,0.4266294642857143
app_xcal,coco_better·siglip,107,0.4941252763636364,0.1111615,0.8803265,0.9821428571428571,280,0.4266294642857143
app_xcal,coco_better·siglip,108,0.4945979890909091,0.1118635,0.8804700000000001,0.9821428571428571,280,0.4266294642857143
app_xcal,coco_better·siglip,109,0.4953594509090909,0.11127799999999999,0.8772905,0.9821428571428571,280,0.4266294642857143
app_xcal,coco_better·siglip,110,0.49593574909090915,0.1112795,0.8771085,0.9821428571428571,280,0.4266294642857143
app_xcal,coco_better·siglip,111,0.49510067028985505,0.11090649999999999,0.8811375,0.9857142857142858,280,0.4266294642857143
app_xcal,coco_better·siglip,112,0.49400919494584833,0.110818,0.88206,0.9892857142857143,280,0.4266294642857143
app_xcal,coco_better·siglip,113,0.4944758050541516,0.106358,0.880458,0.9892857142857143,280,0.4266294642857143
app_xcal,coco_better·siglip,114,0.4945199025270758,0.107148,0.880073,0.9892857142857143,280,0.4266294642857143
app_xcal,coco_better·siglip,115,0.4949672346570397,0.10773,0.880164,0.9892857142857143,280,0.4266294642857143
app_xcal,coco_better·siglip,116,0.4950684981949458,0.106408,0.880075,0.9892857142857143,280,0.4266294642857143
app_xcal,coco_better·siglip,117,0.4954607220216607,0.106479,0.880713,0.9892857142857143,280,0.4266294642857143
app_xcal,coco_better·siglip,118,0.495631238267148,0.106006,0.881688,0.9892857142857143,280,0.4266294642857143
app_xcal,coco_better·siglip,119,0.4946762482014388,0.103821,0.879599,0.9928571428571429,280,0.4266294642857143
app_xcal,coco_better·siglip,120,0.4947240863309353,0.10391525,0.87858675,0.9928571428571429,280,0.4266294642857143
app_xcal,coco_better·siglip,121,0.4946845539568346,0.10431775,0.88055825,0.9928571428571429,280,0.4266294642857143
app_xcal,coco_better·siglip,122,0.49524913669064746,0.1040335,0.88095325,0.9928571428571429,280,0.4266294642857143
app_xcal,coco_better·siglip,123,0.49531451079136696,0.10365049999999999,0.88071,0.9928571428571429,280,0.4266294642857143
app_xcal,coco_better·siglip,124,0.4949763417266188,0.10055650000000001,0.8800455,0.9928571428571429,280,0.4266294642857143
app_xcal,coco_better·siglip,125,0.49491152877697836,0.10093525,0.880778,0.9928571428571429,280,0.4266294642857143
app_xcal,coco_better·siglip,126,0.49514404676258994,0.10043025,0.884135,0.9928571428571429,280,0.4266294642857143
app_xcal,coco_better·siglip,127,0.495446964028777,0.10231925,0.8843325,0.9928571428571429,280,0.4266294642857143
app_xcal,coco_better·siglip,128,0.49549633093525175,0.10028675000000001,0.8847985,0.9928571428571429,280,0.4266294642857143
app_xcal,coco_better·siglip,129,0.4948844748201438,0.09934925,0.8847820000000001,0.9928571428571429,280,0.4266294642857143
app_xcal,coco_better·siglip,130,0.49502645323741,0.10160025,0.884272,0.9928571428571429,280,0.4266294642857143
app_xcal,coco_better·siglip,131,0.494933417266187,0.1040845,0.8841272499999999,0.9928571428571429,280,0.4266294642857143
app_xcal,coco_better·siglip,132,0.49287378853046593,0.100365,0.8783045,0.9964285714285714,280,0.4266294642857143
app_xcal,coco_better·siglip,133,0.493210523297491,0.1005885,0.8766400000000001,0.9964285714285714,280,0.4266294642857143
app_xcal,coco_better·siglip,134,0.4930145304659499,0.0992345,0.876478,0.9964285714285714,280,0.4266294642857143
app_xcal,coco_better·siglip,135,0.49300164516129036,0.0999895,0.8760045,0.9964285714285714,280,0.4266294642857143
app_xcal,coco_better·siglip,136,0.49346007168458783,0.1002835,0.874726,0.9964285714285714,280,0.4266294642857143
app_xcal,coco_better·siglip,137,0.4939755268817205,0.1024255,0.875793,0.9964285714285714,280,0.4266294642857143
app_xcal,coco_better·siglip,138,0.4944173082437276,0.1025335,0.8747475,0.9964285714285714,280,0.4266294642857143
app_xcal,coco_better·siglip,139,0.4946256810035842,0.1022895,0.8775265,0.9964285714285714,280,0.4266294642857143
app_xcal,coco_better·siglip,140,0.49215126785714286,0.10081225,0.87549375,1.0,280,0.4266294642857143
app_xcal,coco_better·siglip,141,0.4927933178571428,0.10119775,0.87556875,1.0,280,0.4266294642857143
app_xcal,coco_better·siglip,142,0.49295726428571424,0.100613,0.87397575,1.0,280,0.4266294642857143
app_xcal,coco_better·siglip,143,0.4929896678571428,0.10080025,0.8761637499999999,1.0,280,0.4266294642857143
app_xcal,coco_better·siglip,144,0.49295543571428574,0.10036125,0.8764865000000001,1.0,280,0.4266294642857143
app_xcal,coco_better·siglip,145,0.4933265107142857,0.1003845,0.8765455,1.0,280,0.4266294642857143
app_xcal,coco_better·siglip,146,0.49281605357142855,0.100563,0.87561025,1.0,280,0.4266294642857143
app_xcal,coco_better·siglip,147,0.49276936071428573,0.1009995,0.8767324999999999,1.0,280,0.4266294642857143
app_xcal,coco_better·siglip,148,0.4929976750000001,0.1094555,0.8764712499999999,1.0,280,0.4266294642857143
app_xcal,coco_better·siglip,149,0.4932053714285714,0.10957449999999999,0.876549,1.0,280,0.4266294642857143
app_xcal,coco_better·siglip,150,0.4940207785714287,0.11599425,0.878852,1.0,280,0.4266294642857143
app_gmm,coco_better·siglip,0,0.4266294642857143,0.050833,0.7892637499999999,1.0,280,0.4266294642857143
app_gmm,coco_better·siglip,1,,,,0.0,280,0.4266294642857143
app_gmm,coco_better·siglip,2,0.033596486486486485,0.004917,0.034467,0.13214285714285715,280,0.4266294642857143
app_gmm,coco_better·siglip,3,0.04211733333333333,0.00772325,0.043462,0.2357142857142857,280,0.4266294642857143
app_gmm,coco_better·siglip,4,0.3300192355769231,0.032390249999999995,0.5997315000000001,0.7428571428571429,280,0.4266294642857143
app_gmm,coco_better·siglip,5,0.37294509047619046,0.05486075,0.6936767500000001,0.75,280,0.4266294642857143
app_gmm,coco_better·siglip,6,0.3897807746478873,0.077484,0.718493,0.7607142857142857,280,0.4266294642857143
app_gmm,coco_better·siglip,7,0.39932719266055045,0.07552700000000001,0.7209885,0.7785714285714286,280,0.4266294642857143
app_gmm,coco_better·siglip,8,0.40376674324324324,0.07661425,0.72888875,0.7928571428571428,280,0.4266294642857143
app_gmm,coco_better·siglip,9,0.4113340535714286,0.08901075,0.74547975,0.8,280,0.4266294642857143
app_gmm,coco_better·siglip,10,0.41669903555555554,0.099823,0.75503,0.8035714285714286,280,0.4266294642857143
app_gmm,coco_better·siglip,11,0.4170929339207048,0.0915355,0.753127,0.8107142857142857,280,0.4266294642857143
app_gmm,coco_better·siglip,12,0.4213125154185021,0.096332,0.758097,0.8107142857142857,280,0.4266294642857143
app_gmm,coco_better·siglip,13,0.42009712173913044,0.09558175000000001,0.75316475,0.8214285714285714,280,0.4266294642857143
app_gmm,coco_better·siglip,14,0.41520731063829786,0.089954,0.7601755,0.8392857142857143,280,0.4266294642857143
app_gmm,coco_better·siglip,15,0.4151077594936709,0.091957,0.754894,0.8464285714285714,280,0.4266294642857143
app_gmm,coco_better·siglip,16,0.4157275168067227,0.0893125,0.757795,0.85,280,0.4266294642857143
app_gmm,coco_better·siglip,17,0.4155751583333333,0.09204999999999999,0.75872675,0.8571428571428571,280,0.4266294642857143
app_gmm,coco_better·siglip,18,0.4164460541666667,0.08909075,0.7620757499999999,0.8571428571428571,280,0.4266294642857143
app_gmm,coco_better·siglip,19,0.4175208083333333,0.09001775,0.758468,0.8571428571428571,280,0.4266294642857143
app_gmm,coco_better·siglip,20,0.4189509541666666,0.09407750000000001,0.76391375,0.8571428571428571,280,0.4266294642857143
app_gmm,coco_better·siglip,21,0.41346718032786883,0.08832675,0.75784675,0.8714285714285714,280,0.4266294642857143
app_gmm,coco_better·siglip,22,0.4140684081632653,0.090391,0.756224,0.875,280,0.4266294642857143
app_gmm,coco_better·siglip,23,0.41160220242914974,0.090973,0.7523,0.8821428571428571,280,0.4266294642857143
app_gmm,coco_better·siglip,24,0.410258875502008,0.091809,0.759186,0.8892857142857142,280,0.4266294642857143
app_gmm,coco_better·siglip,25,0.4102316224899598,0.090636,0.757259,0.8892857142857142,280,0.4266294642857143
app_gmm,coco_better·siglip,26,0.409621364,0.093735,0.7493755,0.8928571428571429,280,0.4266294642857143
app_gmm,coco_better·siglip,27,0.4073775992063492,0.093642,0.74383775,0.9,280,0.4266294642857143
app_gmm,coco_better·siglip,28,0.40887086111111115,0.0937635,0.74720925,0.9,280,0.4266294642857143
app_gmm,coco_better·siglip,29,0.40974232936507937,0.09309375,0.7468524999999999,0.9,280,0.4266294642857143
app_gmm,coco_better·siglip,30,0.4091791581027668,0.096417,0.739617,0.9035714285714286,280,0.4266294642857143
app_gmm,coco_better·siglip,31,0.40734935686274504,0.09258150000000001,0.7369315000000001,0.9107142857142857,280,0.4266294642857143
app_gmm,coco_better·siglip,32,0.40581503501945526,0.094761,0.741223,0.9178571428571428,280,0.4266294642857143
app_gmm,coco_better·siglip,33,0.404654015503876,0.091865,0.733811,0.9214285714285714,280,0.4266294642857143
app_gmm,coco_better·siglip,34,0.4053063682170543,0.094386,0.73673075,0.9214285714285714,280,0.4266294642857143
app_gmm,coco_better·siglip,35,0.40457908108108104,0.09103449999999999,0.7308615,0.925,280,0.4266294642857143
app_gmm,coco_better·siglip,36,0.40510223552123553,0.09117700000000001,0.7304655,0.925,280,0.4266294642857143
app_gmm,coco_better·siglip,37,0.40567467567567567,0.090558,0.727649,0.925,280,0.4266294642857143
app_gmm,coco_better·siglip,38,0.40564061776061777,0.08901600000000001,0.7287265,0.925,280,0.4266294642857143
app_gmm,coco_better·siglip,39,0.40464082307692306,0.08780574999999999,0.72499425,0.9285714285714286,280,0.4266294642857143
app_gmm,coco_better·siglip,40,0.4035957931034483,0.084094,0.728176,0.9321428571428572,280,0.4266294642857143
app_gmm,coco_better·siglip,41,0.3997869356060606,0.07803399999999999,0.71072,0.9428571428571428,280,0.4266294642857143
app_gmm,coco_better·siglip,42,0.39991547727272725,0.0782995,0.7100925,0.9428571428571428,280,0.4266294642857143
app_gmm,coco_better·siglip,43,0.4001851628787879,0.0803205,0.713941,0.9428571428571428,280,0.4266294642857143
app_gmm,coco_better·siglip,44,0.4008111515151515,0.07892099999999999,0.7136135,0.9428571428571428,280,0.4266294642857143
app_gmm,coco_better·siglip,45,0.4014756212121212,0.07958625,0.71757925,0.9428571428571428,280,0.4266294642857143
app_gmm,coco_better·siglip,46,0.40158515909090914,0.08041599999999999,0.71870575,0.9428571428571428,280,0.4266294642857143
app_gmm,coco_better·siglip,47,0.40213185227272724,0.08089099999999999,0.718331,0.9428571428571428,280,0.4266294642857143
app_gmm,coco_better·siglip,48,0.4021992765151515,0.08157825,0.71245875,0.9428571428571428,280,0.4266294642857143
app_gmm,coco_better·siglip,49,0.4026225681818182,0.08200225,0.71389325,0.9428571428571428,280,0.4266294642857143
app_gmm,coco_better·siglip,50,0.40154796981132074,0.079592,0.712092,0.9464285714285714,280,0.4266294642857143
app_gmm,coco_better·siglip,51,0.40204024528301885,0.077857,0.709763,0.9464285714285714,280,0.4266294642857143
app_gmm,coco_better·siglip,52,0.4026590037735849,0.077627,0.708818,0.9464285714285714,280,0.4266294642857143
app_gmm,coco_better·siglip,53,0.40299081509433965,0.076921,0.704783,0.9464285714285714,280,0.4266294642857143
app_gmm,coco_better·siglip,54,0.40329280377358495,0.077538,0.710769,0.9464285714285714,280,0.4266294642857143
app_gmm,coco_better·siglip,55,0.4021665,0.07747425,0.70075325,0.95,280,0.4266294642857143
app_gmm,coco_better·siglip,56,0.40243433458646616,0.0760725,0.69954625,0.95,280,0.4266294642857143
app_gmm,coco_better·siglip,57,0.402519530075188,0.0783385,0.7031590000000001,0.95,280,0.4266294642857143
app_gmm,coco_better·siglip,58,0.40286293984962407,0.0785875,0.70300675,0.95,280,0.4266294642857143
app_gmm,coco_better·siglip,59,0.4031140714285714,0.07771025,0.7049695,0.95,280,0.4266294642857143
app_gmm,coco_better·siglip,60,0.40341081954887215,0.0783745,0.70657,0.95,280,0.4266294642857143
app_gmm,coco_better·siglip,61,0.4041792518796992,0.07743825,0.71146675,0.95,280,0.4266294642857143
app_gmm,coco_better·siglip,62,0.40441989473684214,0.0802595,0.71131775,0.95,280,0.4266294642857143
app_gmm,coco_better·siglip,63,0.4045816052631579,0.08094475000000001,0.710479,0.95,280,0.4266294642857143
app_gmm,coco_better·siglip,64,0.40326043820224716,0.08099049999999999,0.707942,0.9535714285714286,280,0.4266294642857143
app_gmm,coco_better·siglip,65,0.4035542397003745,0.0822315,0.7086365,0.9535714285714286,280,0.4266294642857143
app_gmm,coco_better·siglip,66,0.40339652059925096,0.08010300000000001,0.707581,0.9535714285714286,280,0.4266294642857143
app_gmm,coco_better·siglip,67,0.40393024344569284,0.0797025,0.705909,0.9535714285714286,280,0.4266294642857143
app_gmm,coco_better·siglip,68,0.40271790298507465,0.07875225,0.70480475,0.9571428571428572,280,0.4266294642857143
app_gmm,coco_better·siglip,69,0.4027385186567164,0.07720175,0.7027835,0.9571428571428572,280,0.4266294642857143
app_gmm,coco_better·siglip,70,0.40177713011152416,0.075691,0.700659,0.9607142857142857,280,0.4266294642857143
app_gmm,coco_better·siglip,71,0.40206299999999995,0.075965,0.702319,0.9607142857142857,280,0.4266294642857143
app_gmm,coco_better·siglip,72,0.40045664444444445,0.07555624999999999,0.7003287499999999,0.9642857142857143,280,0.4266294642857143
app_gmm,coco_better·siglip,73,0.4005920074074074,0.07569475,0.7011007499999999,0.9642857142857143,280,0.4266294642857143
app_gmm,coco_better·siglip,74,0.4006563111111111,0.07598474999999999,0.70010725,0.9642857142857143,280,0.4266294642857143
app_gmm,coco_better·siglip,75,0.3994564833948339,0.074622,0.701952,0.9678571428571429,280,0.4266294642857143
app_gmm,coco_better·siglip,76,0.39971034317343174,0.0753375,0.7041,0.9678571428571429,280,0.4266294642857143
app_gmm,coco_better·siglip,77,0.3998099409594096,0.0747855,0.7019394999999999,0.9678571428571429,280,0.4266294642857143
app_gmm,coco_better·siglip,78,0.39988850184501845,0.07456199999999999,0.7039865000000001,0.9678571428571429,280,0.4266294642857143
app_gmm,coco_better·siglip,79,0.39980402952029526,0.07463900000000001,0.703506,0.9678571428571429,280,0.4266294642857143
app_gmm,coco_better·siglip,80,0.3990842867647059,0.07508325,0.70299825,0.9714285714285714,280,0.4266294642857143
app_gmm,coco_better·siglip,81,0.3993010330882353,0.074727,0.70492375,0.9714285714285714,280,0.4266294642857143
app_gmm,coco_better·siglip,82,0.3996102647058824,0.07530775,0.706807,0.9714285714285714,280,0.4266294642857143
app_gmm,coco_better·siglip,83,0.3994639375,0.07630675,0.7042915,0.9714285714285714,280,0.4266294642857143
app_gmm,coco_better·siglip,84,0.3995767647058824,0.07544375,0.706194,0.9714285714285714,280,0.4266294642857143
app_gmm,coco_better·siglip,85,0.39954856250000004,0.07579475,0.70401625,0.9714285714285714,280,0.4266294642857143
app_gmm,coco_better·siglip,86,0.39952337132352944,0.07557675,0.70260175,0.9714285714285714,280,0.4266294642857143
app_gmm,coco_better·siglip,87,0.39966476470588236,0.07563225,0.70594325,0.9714285714285714,280,0.4266294642857143
app_gmm,coco_better·siglip,88,0.3996769338235294,0.07589275,0.7071305,0.9714285714285714,280,0.4266294642857143
app_gmm,coco_better·siglip,89,0.3999028492647059,0.07582925,0.7074995,0.9714285714285714,280,0.4266294642857143
app_gmm,coco_better·siglip,90,0.4001442352941177,0.07608425,0.70745025,0.9714285714285714,280,0.4266294642857143
app_gmm,coco_better·siglip,91,0.4002167463235294,0.0767055,0.70785325,0.9714285714285714,280,0.4266294642857143
app_gmm,coco_better·siglip,92,0.40071948897058823,0.07499925,0.707384,0.9714285714285714,280,0.4266294642857143
app_gmm,coco_better·siglip,93,0.40079318382352946,0.07532925,0.70831725,0.9714285714285714,280,0.4266294642857143
app_gmm,coco_better·siglip,94,0.4008186397058824,0.07472474999999999,0.708062,0.9714285714285714,280,0.4266294642857143
app_gmm,coco_better·siglip,95,0.4008889816176471,0.0753895,0.70812325,0.9714285714285714,280,0.4266294642857143
app_gmm,coco_better·siglip,96,0.4009667058823529,0.07540875,0.708376,0.9714285714285714,280,0.4266294642857143
app_gmm,coco_better·siglip,97,0.39967377289377287,0.074977,0.70679,0.975,280,0.4266294642857143
app_gmm,coco_better·siglip,98,0.3983272664233577,0.07493,0.70808425,0.9785714285714285,280,0.4266294642857143
app_gmm,coco_better·siglip,99,0.398499302919708,0.07467975,0.707962,0.9785714285714285,280,0.4266294642857143
app_gmm,coco_better·siglip,100,0.3986075072992701,0.07445099999999999,0.71017925,0.9785714285714285,280,0.4266294642857143
app_gmm,coco_better·siglip,101,0.3986748175182481,0.07458175,0.70874575,0.9785714285714285,280,0.4266294642857143
app_gmm,coco_better·siglip,102,0.39882231021897807,0.07436325,0.71004775,0.9785714285714285,280,0.4266294642857143
app_gmm,coco_better·siglip,103,0.3989108102189781,0.07484375,0.71006525,0.9785714285714285,280,0.4266294642857143
app_gmm,coco_better·siglip,104,0.3980002690909091,0.074953,0.709182,0.9821428571428571,280,0.4266294642857143
app_gmm,coco_better·siglip,105,0.39804281454545454,0.074671,0.7096905,0.9821428571428571,280,0.4266294642857143
app_gmm,coco_better·siglip,106,0.3981529272727273,0.07479749999999999,0.710396,0.9821428571428571,280,0.4266294642857143
app_gmm,coco_better·siglip,107,0.39812141090909087,0.075134,0.708474,0.9821428571428571,280,0.4266294642857143
app_gmm,coco_better·siglip,108,0.39812942181818184,0.0750865,0.7081605,0.9821428571428571,280,0.4266294642857143
app_gmm,coco_better·siglip,109,0.3981398545454546,0.07520299999999999,0.7069624999999999,0.9821428571428571,280,0.4266294642857143
app_gmm,coco_better·siglip,110,0.3981413709090909,0.074512,0.7066105,0.9821428571428571,280,0.4266294642857143
app_gmm,coco_better·siglip,111,0.396788097826087,0.0741565,0.70607,0.9857142857142858,280,0.4266294642857143
app_gmm,coco_better·siglip,112,0.39546219855595666,0.072992,0.703174,0.9892857142857143,280,0.4266294642857143
app_gmm,coco_better·siglip,113,0.3954230722021661,0.073283,0.702869,0.9892857142857143,280,0.4266294642857143
app_gmm,coco_better·siglip,114,0.39542367148014435,0.073349,0.701524,0.9892857142857143,280,0.4266294642857143
app_gmm,coco_better·siglip,115,0.39548568231046927,0.073541,0.70221,0.9892857142857143,280,0.4266294642857143
app_gmm,coco_better·siglip,116,0.3955672743682311,0.072603,0.701131,0.9892857142857143,280,0.4266294642857143
app_gmm,coco_better·siglip,117,0.39568261732851984,0.072898,0.703961,0.9892857142857143,280,0.4266294642857143
app_gmm,coco_better·siglip,118,0.39563634296028877,0.072877,0.704588,0.9892857142857143,280,0.4266294642857143
app_gmm,coco_better·siglip,119,0.39438501798561154,0.07323750000000001,0.7058344999999999,0.9928571428571429,280,0.4266294642857143
app_gmm,coco_better·siglip,120,0.3959027805755395,0.07352924999999999,0.70834825,0.9928571428571429,280,0.4266294642857143
app_gmm,coco_better·siglip,121,0.3962650971223022,0.0738565,0.709093,0.9928571428571429,280,0.4266294642857143
app_gmm,coco_better·siglip,122,0.39646979856115105,0.0738675,0.7089955,0.9928571428571429,280,0.4266294642857143
app_gmm,coco_better·siglip,123,0.396455035971223,0.073894,0.7088065,0.9928571428571429,280,0.4266294642857143
app_gmm,coco_better·siglip,124,0.39665286690647483,0.07319825,0.70998275,0.9928571428571429,280,0.4266294642857143
app_gmm,coco_better·siglip,125,0.3968659424460432,0.072933,0.7101655,0.9928571428571429,280,0.4266294642857143
app_gmm,coco_better·siglip,126,0.39683402877697843,0.07404975,0.71240975,0.9928571428571429,280,0.4266294642857143
app_gmm,coco_better·siglip,127,0.3965973489208633,0.0740075,0.7129082499999999,0.9928571428571429,280,0.4266294642857143
app_gmm,coco_better·siglip,128,0.39665531294964024,0.07409774999999999,0.71337675,0.9928571428571429,280,0.4266294642857143
app_gmm,coco_better·siglip,129,0.39668012949640286,0.073935,0.71315125,0.9928571428571429,280,0.4266294642857143
app_gmm,coco_better·siglip,130,0.39660838848920865,0.07380575,0.71332275,0.9928571428571429,280,0.4266294642857143
app_gmm,coco_better·siglip,131,0.39686070863309353,0.07378849999999999,0.7133195,0.9928571428571429,280,0.4266294642857143
app_gmm,coco_better·siglip,132,0.3956217992831541,0.0733945,0.7122225,0.9964285714285714,280,0.4266294642857143
app_gmm,coco_better·siglip,133,0.3957503010752688,0.074269,0.7120219999999999,0.9964285714285714,280,0.4266294642857143
app_gmm,coco_better·siglip,134,0.39593943369175627,0.0747265,0.7107085,0.9964285714285714,280,0.4266294642857143
app_gmm,coco_better·siglip,135,0.3959145842293907,0.074627,0.7123855,0.9964285714285714,280,0.4266294642857143
app_gmm,coco_better·siglip,136,0.3961105555555556,0.0759605,0.712661,0.9964285714285714,280,0.4266294642857143
app_gmm,coco_better·siglip,137,0.3961440537634408,0.07575950000000001,0.7122145,0.9964285714285714,280,0.4266294642857143
app_gmm,coco_better·siglip,138,0.3961497240143369,0.075789,0.712545,0.9964285714285714,280,0.4266294642857143
app_gmm,coco_better·siglip,139,0.39666001792114697,0.07520099999999999,0.712863,0.9964285714285714,280,0.4266294642857143
app_gmm,coco_better·siglip,140,0.3948267392857143,0.07367125000000001,0.7106512500000001,1.0,280,0.4266294642857143
app_gmm,coco_better·siglip,141,0.3949052535714286,0.0742565,0.7104597500000001,1.0,280,0.4266294642857143
app_gmm,coco_better·siglip,142,0.3949835571428571,0.07435275,0.71024175,1.0,280,0.4266294642857143
app_gmm,coco_better·siglip,143,0.39496903928571425,0.07441675,0.710244,1.0,280,0.4266294642857143
app_gmm,coco_better·siglip,144,0.39512306428571425,0.07460775,0.7102445,1.0,280,0.4266294642857143
app_gmm,coco_better·siglip,145,0.3951559964285714,0.0747045,0.709566,1.0,280,0.4266294642857143
app_gmm,coco_better·siglip,146,0.39510482499999994,0.07473525,0.71023825,1.0,280,0.4266294642857143
app_gmm,coco_better·siglip,147,0.3951779571428572,0.07467499999999999,0.7112132499999999,1.0,280,0.4266294642857143
app_gmm,coco_better·siglip,148,0.3952569535714286,0.07468225,0.7119955,1.0,280,0.4266294642857143
app_gmm,coco_better·siglip,149,0.39517950357142856,0.07470975,0.7111195,1.0,280,0.4266294642857143
app_gmm,coco_better·siglip,150,0.395408725,0.074877,0.71078525,1.0,280,0.4266294642857143
gp_rbf_anch,coco_better·siglip,0,0.4266294642857143,0.050833,0.7892637499999999,1.0,280,0.4266294642857143
gp_rbf_anch,coco_better·siglip,1,,,,0.0,280,0.4266294642857143
gp_rbf_anch,coco_better·siglip,2,0.07812018918918918,0.007526,0.0832,0.13214285714285715,280,0.4266294642857143
gp_rbf_anch,coco_better·siglip,3,0.10396869696969696,0.0108995,0.12618225,0.2357142857142857,280,0.4266294642857143
gp_rbf_anch,coco_better·siglip,4,0.38592952884615384,0.080807,0.69180575,0.7428571428571429,280,0.4266294642857143
gp_rbf_anch,coco_better·siglip,5,0.3471077761904762,0.049902,0.627485,0.75,280,0.4266294642857143
gp_rbf_anch,coco_better·siglip,6,0.3465013990610329,0.049481,0.632406,0.7607142857142857,280,0.4266294642857143
gp_rbf_anch,coco_better·siglip,7,0.3494468302752293,0.04732625,0.6545285,0.7785714285714286,280,0.4266294642857143
gp_rbf_anch,coco_better·siglip,8,0.3794889099099099,0.03776875,0.70711075,0.7928571428571428,280,0.4266294642857143
gp_rbf_anch,coco_better·siglip,9,0.3824990044642857,0.037415500000000004,0.712186,0.8,280,0.4266294642857143
gp_rbf_anch,coco_better·siglip,10,0.39089615111111115,0.038906,0.722372,0.8035714285714286,280,0.4266294642857143
gp_rbf_anch,coco_better·siglip,11,0.3975053612334802,0.034788,0.7333099999999999,0.8107142857142857,280,0.4266294642857143
gp_rbf_anch,coco_better·siglip,12,0.40347413656387665,0.0372705,0.7558739999999999,0.8107142857142857,280,0.4266294642857143
gp_rbf_anch,coco_better·siglip,13,0.41290916521739135,0.05168875,0.7482685,0.8214285714285714,280,0.4266294642857143
gp_rbf_anch,coco_better·siglip,14,0.4111192978723404,0.050974000000000005,0.7434905,0.8392857142857143,280,0.4266294642857143
gp_rbf_anch,coco_better·siglip,15,0.41236264556962027,0.054184,0.74297,0.8464285714285714,280,0.4266294642857143
gp_rbf_anch,coco_better·siglip,16,0.41919383193277315,0.051860750000000004,0.74602725,0.85,280,0.4266294642857143
gp_rbf_anch,coco_better·siglip,17,0.4234532625,0.050291,0.76215125,0.8571428571428571,280,0.4266294642857143
gp_rbf_anch,coco_better·siglip,18,0.4303587458333334,0.0536735,0.77585475,0.8571428571428571,280,0.4266294642857143
gp_rbf_anch,coco_better·siglip,19,0.43452214166666664,0.05896875,0.7821475,0.8571428571428571,280,0.4266294642857143
gp_rbf_anch,coco_better·siglip,20,0.43955645000000004,0.07532950000000001,0.781394,0.8571428571428571,280,0.4266294642857143
gp_rbf_anch,coco_better·siglip,21,0.43651440983606554,0.05920125,0.78241825,0.8714285714285714,280,0.4266294642857143
gp_rbf_anch,coco_better·siglip,22,0.4382587510204081,0.059012,0.787156,0.875,280,0.4266294642857143
gp_rbf_anch,coco_better·siglip,23,0.4370983360323887,0.0564925,0.798367,0.8821428571428571,280,0.4266294642857143
gp_rbf_anch,coco_better·siglip,24,0.43495997188755026,0.058899,0.796575,0.8892857142857142,280,0.4266294642857143
gp_rbf_anch,coco_better·siglip,25,0.43694070682730923,0.060882,0.799573,0.8892857142857142,280,0.4266294642857143
gp_rbf_anch,coco_better·siglip,26,0.43795681200000003,0.05917675,0.7868452499999999,0.8928571428571429,280,0.4266294642857143
gp_rbf_anch,coco_better·siglip,27,0.43500589682539686,0.059629,0.79176975,0.9,280,0.4266294642857143
gp_rbf_anch,coco_better·siglip,28,0.43726129761904764,0.06580575,0.79824125,0.9,280,0.4266294642857143
gp_rbf_anch,coco_better·siglip,29,0.4423233531746032,0.0721725,0.8003965000000001,0.9,280,0.4266294642857143
gp_rbf_anch,coco_better·siglip,30,0.443606628458498,0.072901,0.798747,0.9035714285714286,280,0.4266294642857143
gp_rbf_anch,coco_better·siglip,31,0.44254544313725486,0.072273,0.8031440000000001,0.9107142857142857,280,0.4266294642857143
gp_rbf_anch,coco_better·siglip,32,0.4414905603112841,0.075616,0.804954,0.9178571428571428,280,0.4266294642857143
gp_rbf_anch,coco_better·siglip,33,0.4417437015503876,0.07769925,0.8019875,0.9214285714285714,280,0.4266294642857143
gp_rbf_anch,coco_better·siglip,34,0.4428711976744186,0.077211,0.8027124999999999,0.9214285714285714,280,0.4266294642857143
gp_rbf_anch,coco_better·siglip,35,0.44298427413127417,0.073456,0.803629,0.925,280,0.4266294642857143
gp_rbf_anch,coco_better·siglip,36,0.44509262934362936,0.077141,0.8040725,0.925,280,0.4266294642857143
gp_rbf_anch,coco_better·siglip,37,0.4459275984555985,0.0799525,0.807377,0.925,280,0.4266294642857143
gp_rbf_anch,coco_better·siglip,38,0.4470383629343629,0.08061750000000001,0.8066735,0.925,280,0.4266294642857143
gp_rbf_anch,coco_better·siglip,39,0.44645027692307687,0.077256,0.80654975,0.9285714285714286,280,0.4266294642857143
gp_rbf_anch,coco_better·siglip,40,0.44584347126436785,0.07772,0.803432,0.9321428571428572,280,0.4266294642857143
gp_rbf_anch,coco_better·siglip,41,0.4422156363636364,0.07276099999999999,0.80026825,0.9428571428571428,280,0.4266294642857143
gp_rbf_anch,coco_better·siglip,42,0.4438019242424242,0.07360175000000001,0.796435,0.9428571428571428,280,0.4266294642857143
gp_rbf_anch,coco_better·siglip,43,0.44558323106060604,0.074854,0.7976935,0.9428571428571428,280,0.4266294642857143
gp_rbf_anch,coco_better·siglip,44,0.44650870075757576,0.07401525,0.80546675,0.9428571428571428,280,0.4266294642857143
gp_rbf_anch,coco_better·siglip,45,0.4473924924242424,0.08014025,0.7985465,0.9428571428571428,280,0.4266294642857143
gp_rbf_anch,coco_better·siglip,46,0.44828629166666667,0.0834855,0.80395175,0.9428571428571428,280,0.4266294642857143
gp_rbf_anch,coco_better·siglip,47,0.44840108712121207,0.0833345,0.80272275,0.9428571428571428,280,0.4266294642857143
gp_rbf_anch,coco_better·siglip,48,0.44898948484848483,0.07959275,0.8054255,0.9428571428571428,280,0.4266294642857143
gp_rbf_anch,coco_better·siglip,49,0.4497153446969697,0.08036725,0.81021275,0.9428571428571428,280,0.4266294642857143
gp_rbf_anch,coco_better·siglip,50,0.4502173547169811,0.080597,0.81037,0.9464285714285714,280,0.4266294642857143
gp_rbf_anch,coco_better·siglip,51,0.45113518490566035,0.079966,0.810863,0.9464285714285714,280,0.4266294642857143
gp_rbf_anch,coco_better·siglip,52,0.45171357735849055,0.081655,0.811001,0.9464285714285714,280,0.4266294642857143
gp_rbf_anch,coco_better·siglip,53,0.4525742867924528,0.087497,0.811553,0.9464285714285714,280,0.4266294642857143
gp_rbf_anch,coco_better·siglip,54,0.45279075471698116,0.086243,0.8151,0.9464285714285714,280,0.4266294642857143
gp_rbf_anch,coco_better·siglip,55,0.4525935714285715,0.08386025,0.8098460000000001,0.95,280,0.4266294642857143
gp_rbf_anch,coco_better·siglip,56,0.4530973383458647,0.0817075,0.81378475,0.95,280,0.4266294642857143
gp_rbf_anch,coco_better·siglip,57,0.45379879323308275,0.084446,0.81554775,0.95,280,0.4266294642857143
gp_rbf_anch,coco_better·siglip,58,0.4539263120300752,0.084319,0.815415,0.95,280,0.4266294642857143
gp_rbf_anch,coco_better·siglip,59,0.45410072556390974,0.08021075,0.81729275,0.95,280,0.4266294642857143
gp_rbf_anch,coco_better·siglip,60,0.45446413157894733,0.0824805,0.81835975,0.95,280,0.4266294642857143
gp_rbf_anch,coco_better·siglip,61,0.4548151917293233,0.08376399999999999,0.8186065,0.95,280,0.4266294642857143
gp_rbf_anch,coco_better·siglip,62,0.4551151654135338,0.08445675,0.818893,0.95,280,0.4266294642857143
gp_rbf_anch,coco_better·siglip,63,0.45557134962406015,0.08527725,0.8168185,0.95,280,0.4266294642857143
gp_rbf_anch,coco_better·siglip,64,0.4542961872659176,0.085367,0.817168,0.9535714285714286,280,0.4266294642857143
gp_rbf_anch,coco_better·siglip,65,0.45438516479400753,0.082092,0.8175954999999999,0.9535714285714286,280,0.4266294642857143
gp_rbf_anch,coco_better·siglip,66,0.4554261685393259,0.0878215,0.8194205,0.9535714285714286,280,0.4266294642857143
gp_rbf_anch,coco_better·siglip,67,0.45551297003745317,0.089434,0.818056,0.9535714285714286,280,0.4266294642857143
gp_rbf_anch,coco_better·siglip,68,0.45421590298507464,0.08792725,0.81810475,0.9571428571428572,280,0.4266294642857143
gp_rbf_anch,coco_better·siglip,69,0.45409959701492536,0.0930815,0.820165,0.9571428571428572,280,0.4266294642857143
gp_rbf_anch,coco_better·siglip,70,0.45321154275092934,0.090735,0.819514,0.9607142857142857,280,0.4266294642857143
gp_rbf_anch,coco_better·siglip,71,0.45343375836431227,0.090737,0.819506,0.9607142857142857,280,0.4266294642857143
gp_rbf_anch,coco_better·siglip,72,0.45125360370370365,0.08754025,0.8183087499999999,0.9642857142857143,280,0.4266294642857143
gp_rbf_anch,coco_better·siglip,73,0.4513169037037037,0.09120400000000001,0.8192945,0.9642857142857143,280,0.4266294642857143
gp_rbf_anch,coco_better·siglip,74,0.45159885555555557,0.08827075000000001,0.82071175,0.9642857142857143,280,0.4266294642857143
gp_rbf_anch,coco_better·siglip,75,0.4498147453874539,0.08417849999999999,0.8202659999999999,0.9678571428571429,280,0.4266294642857143
gp_rbf_anch,coco_better·siglip,76,0.45051765313653136,0.084531,0.8216600000000001,0.9678571428571429,280,0.4266294642857143
gp_rbf_anch,coco_better·siglip,77,0.4506834022140221,0.08394599999999999,0.8205705,0.9678571428571429,280,0.4266294642857143
gp_rbf_anch,coco_better·siglip,78,0.4510579446494465,0.0832475,0.8215155,0.9678571428571429,280,0.4266294642857143
gp_rbf_anch,coco_better·siglip,79,0.4513957527675277,0.083941,0.8239274999999999,0.9678571428571429,280,0.4266294642857143
gp_rbf_anch,coco_better·siglip,80,0.44946988970588236,0.08391075,0.822506,0.9714285714285714,280,0.4266294642857143
gp_rbf_anch,coco_better·siglip,81,0.45063998897058827,0.082987,0.82350525,0.9714285714285714,280,0.4266294642857143
gp_rbf_anch,coco_better·siglip,82,0.4509907389705882,0.0828525,0.82054,0.9714285714285714,280,0.4266294642857143
gp_rbf_anch,coco_better·siglip,83,0.4512073970588236,0.08415249999999999,0.8215574999999999,0.9714285714285714,280,0.4266294642857143
gp_rbf_anch,coco_better·siglip,84,0.4515634742647059,0.08424575,0.820392,0.9714285714285714,280,0.4266294642857143
gp_rbf_anch,coco_better·siglip,85,0.4521861323529412,0.0834075,0.81936725,0.9714285714285714,280,0.4266294642857143
gp_rbf_anch,coco_better·siglip,86,0.45236570955882355,0.083421,0.817873,0.9714285714285714,280,0.4266294642857143
gp_rbf_anch,coco_better·siglip,87,0.45249011397058825,0.08125425,0.8174407499999999,0.9714285714285714,280,0.4266294642857143
gp_rbf_anch,coco_better·siglip,88,0.4527810625,0.08172525,0.81737525,0.9714285714285714,280,0.4266294642857143
gp_rbf_anch,coco_better·siglip,89,0.4526590147058823,0.08141224999999999,0.81802125,0.9714285714285714,280,0.4266294642857143
gp_rbf_anch,coco_better·siglip,90,0.45353884191176475,0.08104425,0.8199879999999999,0.9714285714285714,280,0.4266294642857143
gp_rbf_anch,coco_better·siglip,91,0.4532141544117647,0.0840565,0.82208075,0.9714285714285714,280,0.4266294642857143
gp_rbf_anch,coco_better·siglip,92,0.4536036801470588,0.08315625,0.82735925,0.9714285714285714,280,0.4266294642857143
gp_rbf_anch,coco_better·siglip,93,0.45366182352941176,0.085122,0.827431,0.9714285714285714,280,0.4266294642857143
gp_rbf_anch,coco_better·siglip,94,0.4541447536764706,0.084617,0.828348,0.9714285714285714,280,0.4266294642857143
gp_rbf_anch,coco_better·siglip,95,0.45434208088235295,0.0843325,0.82996925,0.9714285714285714,280,0.4266294642857143
gp_rbf_anch,coco_better·siglip,96,0.45463876838235295,0.079197,0.8290135,0.9714285714285714,280,0.4266294642857143
gp_rbf_anch,coco_better·siglip,97,0.45318529670329666,0.078094,0.83307,0.975,280,0.4266294642857143
gp_rbf_anch,coco_better·siglip,98,0.45173460218978106,0.07531725,0.830079,0.9785714285714285,280,0.4266294642857143
gp_rbf_anch,coco_better·siglip,99,0.452030802919708,0.077853,0.830403,0.9785714285714285,280,0.4266294642857143
gp_rbf_anch,coco_better·siglip,100,0.4520846350364963,0.07634725,0.83323125,0.9785714285714285,280,0.4266294642857143
gp_rbf_anch,coco_better·siglip,101,0.45242602554744527,0.07634874999999999,0.8325327499999999,0.9785714285714285,280,0.4266294642857143
gp_rbf_anch,coco_better·siglip,102,0.4527331861313869,0.07688724999999999,0.83376125,0.9785714285714285,280,0.4266294642857143
gp_rbf_anch,coco_better·siglip,103,0.45274421167883216,0.07784250000000001,0.83395175,0.9785714285714285,280,0.4266294642857143
gp_rbf_anch,coco_better·siglip,104,0.4516061963636364,0.0783115,0.8334035,0.9821428571428571,280,0.4266294642857143
gp_rbf_anch,coco_better·siglip,105,0.45265212,0.0783845,0.83461,0.9821428571428571,280,0.4266294642857143
gp_rbf_anch,coco_better·siglip,106,0.4525582763636363,0.08066999999999999,0.83449,0.9821428571428571,280,0.4266294642857143
gp_rbf_anch,coco_better·siglip,107,0.4527952836363636,0.083342,0.8343255,0.9821428571428571,280,0.4266294642857143
gp_rbf_anch,coco_better·siglip,108,0.45286915636363634,0.08365700000000001,0.8329765,0.9821428571428571,280,0.4266294642857143
gp_rbf_anch,coco_better·siglip,109,0.45288220363636367,0.08509900000000001,0.8327275000000001,0.9821428571428571,280,0.4266294642857143
gp_rbf_anch,coco_better·siglip,110,0.45287748727272725,0.08498449999999999,0.8324165,0.9821428571428571,280,0.4266294642857143
gp_rbf_anch,coco_better·siglip,111,0.45155424637681163,0.08647875,0.83363425,0.9857142857142858,280,0.4266294642857143
gp_rbf_anch,coco_better·siglip,112,0.45041071841155234,0.085112,0.833424,0.9892857142857143,280,0.4266294642857143
gp_rbf_anch,coco_better·siglip,113,0.45042080505415166,0.084529,0.834287,0.9892857142857143,280,0.4266294642857143
gp_rbf_anch,coco_better·siglip,114,0.4507323393501805,0.084075,0.831123,0.9892857142857143,280,0.4266294642857143
gp_rbf_anch,coco_better·siglip,115,0.45084529963898917,0.084074,0.831335,0.9892857142857143,280,0.4266294642857143
gp_rbf_anch,coco_better·siglip,116,0.45145344043321295,0.084672,0.831704,0.9892857142857143,280,0.4266294642857143
gp_rbf_anch,coco_better·siglip,117,0.45181392418772565,0.084874,0.831794,0.9892857142857143,280,0.4266294642857143
gp_rbf_anch,coco_better·siglip,118,0.451796761732852,0.085939,0.830475,0.9892857142857143,280,0.4266294642857143
gp_rbf_anch,coco_better·siglip,119,0.45050031654676265,0.08210325,0.82738725,0.9928571428571429,280,0.4266294642857143
gp_rbf_anch,coco_better·siglip,120,0.4508903705035971,0.0855155,0.83177675,0.9928571428571429,280,0.4266294642857143
gp_rbf_anch,coco_better·siglip,121,0.45166660071942455,0.0896985,0.83115275,0.9928571428571429,280,0.4266294642857143
gp_rbf_anch,coco_better·siglip,122,0.45184430575539575,0.08982,0.8342345,0.9928571428571429,280,0.4266294642857143
gp_rbf_anch,coco_better·siglip,123,0.45181726258992805,0.09066025,0.8260915,0.9928571428571429,280,0.4266294642857143
gp_rbf_anch,coco_better·siglip,124,0.45223003956834534,0.0893965,0.8266447499999999,0.9928571428571429,280,0.4266294642857143
gp_rbf_anch,coco_better·siglip,125,0.45266345323741014,0.09083625000000001,0.82674425,0.9928571428571429,280,0.4266294642857143
gp_rbf_anch,coco_better·siglip,126,0.4527087913669065,0.09045525,0.8266775,0.9928571428571429,280,0.4266294642857143
gp_rbf_anch,coco_better·siglip,127,0.4527549064748202,0.08980199999999999,0.82570775,0.9928571428571429,280,0.4266294642857143
gp_rbf_anch,coco_better·siglip,128,0.4532712482014388,0.08942125000000001,0.82466825,0.9928571428571429,280,0.4266294642857143
gp_rbf_anch,coco_better·siglip,129,0.4535130323741008,0.089645,0.8250857500000001,0.9928571428571429,280,0.4266294642857143
gp_rbf_anch,coco_better·siglip,130,0.4535414496402878,0.0911555,0.820952,0.9928571428571429,280,0.4266294642857143
gp_rbf_anch,coco_better·siglip,131,0.4538004100719425,0.09206575,0.82059525,0.9928571428571429,280,0.4266294642857143
gp_rbf_anch,coco_better·siglip,132,0.45232891756272403,0.09257,0.8199289999999999,0.9964285714285714,280,0.4266294642857143
gp_rbf_anch,coco_better·siglip,133,0.45268743727598565,0.09306400000000001,0.8195335,0.9964285714285714,280,0.4266294642857143
gp_rbf_anch,coco_better·siglip,134,0.4526621075268817,0.0926215,0.822147,0.9964285714285714,280,0.4266294642857143
gp_rbf_anch,coco_better·siglip,135,0.4527686953405018,0.093658,0.8234794999999999,0.9964285714285714,280,0.4266294642857143
gp_rbf_anch,coco_better·siglip,136,0.45256818637992835,0.092987,0.8233904999999999,0.9964285714285714,280,0.4266294642857143
gp_rbf_anch,coco_better·siglip,137,0.45269204301075266,0.0922105,0.8227880000000001,0.9964285714285714,280,0.4266294642857143
gp_rbf_anch,coco_better·siglip,138,0.45288298924731185,0.0920665,0.8233775000000001,0.9964285714285714,280,0.4266294642857143
gp_rbf_anch,coco_better·siglip,139,0.4543091075268817,0.09231800000000001,0.82608,0.9964285714285714,280,0.4266294642857143
gp_rbf_anch,coco_better·siglip,140,0.45271345,0.088295,0.82315025,1.0,280,0.4266294642857143
gp_rbf_anch,coco_better·siglip,141,0.4526477142857142,0.0900405,0.8234935,1.0,280,0.4266294642857143
gp_rbf_anch,coco_better·siglip,142,0.4531790357142858,0.08788725,0.8266129999999999,1.0,280,0.4266294642857143
gp_rbf_anch,coco_better·siglip,143,0.45443962142857147,0.091857,0.82531325,1.0,280,0.4266294642857143
gp_rbf_anch,coco_better·siglip,144,0.45506849999999993,0.0917115,0.82656775,1.0,280,0.4266294642857143
gp_rbf_anch,coco_better·siglip,145,0.45520450357142855,0.09226575,0.8266417500000001,1.0,280,0.4266294642857143
gp_rbf_anch,coco_better·siglip,146,0.4553025035714286,0.09235325,0.82599,1.0,280,0.4266294642857143
gp_rbf_anch,coco_better·siglip,147,0.45513147857142855,0.092743,0.828614,1.0,280,0.4266294642857143
gp_rbf_anch,coco_better·siglip,148,0.45548165,0.09212975,0.824168,1.0,280,0.4266294642857143
gp_rbf_anch,coco_better·siglip,149,0.4558398928571429,0.092797,0.82240775,1.0,280,0.4266294642857143
gp_rbf_anch,coco_better·siglip,150,0.45580528928571423,0.0931625,0.8228645,1.0,280,0.4266294642857143
gp_rbf_xcal,coco_better·siglip,0,0.4266294642857143,0.050833,0.7892637499999999,1.0,280,0.4266294642857143
gp_rbf_xcal,coco_better·siglip,1,,,,0.0,280,0.4266294642857143
gp_rbf_xcal,coco_better·siglip,2,0.07812018918918918,0.007526,0.0832,0.13214285714285715,280,0.4266294642857143
gp_rbf_xcal,coco_better·siglip,3,0.10396869696969696,0.0108995,0.12618225,0.2357142857142857,280,0.4266294642857143
gp_rbf_xcal,coco_better·siglip,4,0.38592952884615384,0.080807,0.69180575,0.7428571428571429,280,0.4266294642857143
gp_rbf_xcal,coco_better·siglip,5,0.3471077761904762,0.049902,0.627485,0.75,280,0.4266294642857143
gp_rbf_xcal,coco_better·siglip,6,0.3465013990610329,0.049481,0.632406,0.7607142857142857,280,0.4266294642857143
gp_rbf_xcal,coco_better·siglip,7,0.3494468302752293,0.04732625,0.6545285,0.7785714285714286,280,0.4266294642857143
gp_rbf_xcal,coco_better·siglip,8,0.36455698198198194,0.0478825,0.71143675,0.7928571428571428,280,0.4266294642857143
gp_rbf_xcal,coco_better·siglip,9,0.37797257589285715,0.041292,0.72837725,0.8,280,0.4266294642857143
gp_rbf_xcal,coco_better·siglip,10,0.3716738133333334,0.021639,0.750495,0.8035714285714286,280,0.4266294642857143
gp_rbf_xcal,coco_better·siglip,11,0.4046016519823788,0.0362125,0.7663580000000001,0.8107142857142857,280,0.4266294642857143
gp_rbf_xcal,coco_better·siglip,12,0.40039332599118943,0.0350815,0.7733395000000001,0.8107142857142857,280,0.4266294642857143
gp_rbf_xcal,coco_better·siglip,13,0.42169764347826083,0.045019750000000004,0.78347,0.8214285714285714,280,0.4266294642857143
gp_rbf_xcal,coco_better·siglip,14,0.4255780382978724,0.041361,0.7977265,0.8392857142857143,280,0.4266294642857143
gp_rbf_xcal,coco_better·siglip,15,0.4275337130801688,0.040783,0.785791,0.8464285714285714,280,0.4266294642857143
gp_rbf_xcal,coco_better·siglip,16,0.43273157142857144,0.03890975,0.79680375,0.85,280,0.4266294642857143
gp_rbf_xcal,coco_better·siglip,17,0.4337279666666667,0.042312249999999996,0.81811675,0.8571428571428571,280,0.4266294642857143
gp_rbf_xcal,coco_better·siglip,18,0.4378790958333333,0.045243,0.8212174999999999,0.8571428571428571,280,0.4266294642857143
gp_rbf_xcal,coco_better·siglip,19,0.44078822083333336,0.05281475,0.8265715,0.8571428571428571,280,0.4266294642857143
gp_rbf_xcal,coco_better·siglip,20,0.44389432083333336,0.05286375,0.8262704999999999,0.8571428571428571,280,0.4266294642857143
gp_rbf_xcal,coco_better·siglip,21,0.43800089754098354,0.0443075,0.8205675,0.8714285714285714,280,0.4266294642857143
gp_rbf_xcal,coco_better·siglip,22,0.44010542040816325,0.0487,0.820187,0.875,280,0.4266294642857143
gp_rbf_xcal,coco_better·siglip,23,0.4386489149797571,0.0420725,0.8196760000000001,0.8821428571428571,280,0.4266294642857143
gp_rbf_xcal,coco_better·siglip,24,0.4374058473895582,0.041374,0.823223,0.8892857142857142,280,0.4266294642857143
gp_rbf_xcal,coco_better·siglip,25,0.43817793574297187,0.049591,0.822501,0.8892857142857142,280,0.4266294642857143
gp_rbf_xcal,coco_better·siglip,26,0.436887184,0.0434205,0.82636225,0.8928571428571429,280,0.4266294642857143
gp_rbf_xcal,coco_better·siglip,27,0.4347413015873016,0.043658,0.8239885,0.9,280,0.4266294642857143
gp_rbf_xcal,coco_better·siglip,28,0.43605818253968254,0.044451500000000005,0.820163,0.9,280,0.4266294642857143
gp_rbf_xcal,coco_better·siglip,29,0.437717373015873,0.04580575,0.819569,0.9,280,0.4266294642857143
gp_rbf_xcal,coco_better·siglip,30,0.437312976284585,0.052989,0.822663,0.9035714285714286,280,0.4266294642857143
gp_rbf_xcal,coco_better·siglip,31,0.4359758549019608,0.053891499999999995,0.8212060000000001,0.9107142857142857,280,0.4266294642857143
gp_rbf_xcal,coco_better·siglip,32,0.4330919416342412,0.053601,0.812563,0.9178571428571428,280,0.4266294642857143
gp_rbf_xcal,coco_better·siglip,33,0.4325852790697674,0.05370949999999999,0.8170292499999999,0.9214285714285714,280,0.4266294642857143
gp_rbf_xcal,coco_better·siglip,34,0.43385216279069766,0.0539405,0.8176895,0.9214285714285714,280,0.4266294642857143
gp_rbf_xcal,coco_better·siglip,35,0.43393721621621617,0.054627,0.8147584999999999,0.925,280,0.4266294642857143
gp_rbf_xcal,coco_better·siglip,36,0.4342112239382239,0.051249,0.814676,0.925,280,0.4266294642857143
gp_rbf_xcal,coco_better·siglip,37,0.4347307374517374,0.052249000000000004,0.8136935000000001,0.925,280,0.4266294642857143
gp_rbf_xcal,coco_better·siglip,38,0.43593713127413125,0.0504255,0.8202324999999999,0.925,280,0.4266294642857143
gp_rbf_xcal,coco_better·siglip,39,0.4350202615384615,0.048438749999999996,0.82280775,0.9285714285714286,280,0.4266294642857143
gp_rbf_xcal,coco_better·siglip,40,0.4347326130268199,0.048383,0.831388,0.9321428571428572,280,0.4266294642857143
gp_rbf_xcal,coco_better·siglip,41,0.4308164507575758,0.0487585,0.8250799999999999,0.9428571428571428,280,0.4266294642857143
gp_rbf_xcal,coco_better·siglip,42,0.4306741287878788,0.050526,0.8178475,0.9428571428571428,280,0.4266294642857143
gp_rbf_xcal,coco_better·siglip,43,0.4332716893939394,0.05126875,0.822057,0.9428571428571428,280,0.4266294642857143
gp_rbf_xcal,coco_better·siglip,44,0.43385717424242426,0.054066499999999997,0.81936425,0.9428571428571428,280,0.4266294642857143
gp_rbf_xcal,coco_better·siglip,45,0.43552185606060606,0.0549155,0.824355,0.9428571428571428,280,0.4266294642857143
gp_rbf_xcal,coco_better·siglip,46,0.43729168939393936,0.05792775,0.8263532499999999,0.9428571428571428,280,0.4266294642857143
gp_rbf_xcal,coco_better·siglip,47,0.43809099621212116,0.060379749999999996,0.824287,0.9428571428571428,280,0.4266294642857143
gp_rbf_xcal,coco_better·siglip,48,0.4405872083333333,0.0622225,0.8261747500000001,0.9428571428571428,280,0.4266294642857143
gp_rbf_xcal,coco_better·siglip,49,0.4430059621212121,0.06469875,0.82530925,0.9428571428571428,280,0.4266294642857143
gp_rbf_xcal,coco_better·siglip,50,0.4404890679245283,0.062887,0.825902,0.9464285714285714,280,0.4266294642857143
gp_rbf_xcal,coco_better·siglip,51,0.4407342037735849,0.065202,0.826388,0.9464285714285714,280,0.4266294642857143
gp_rbf_xcal,coco_better·siglip,52,0.4409983018867925,0.065175,0.822382,0.9464285714285714,280,0.4266294642857143
gp_rbf_xcal,coco_better·siglip,53,0.44103079245283017,0.064801,0.819449,0.9464285714285714,280,0.4266294642857143
gp_rbf_xcal,coco_better·siglip,54,0.44238603018867917,0.067065,0.820446,0.9464285714285714,280,0.4266294642857143
gp_rbf_xcal,coco_better·siglip,55,0.44105979323308275,0.068391,0.8208037499999999,0.95,280,0.4266294642857143
gp_rbf_xcal,coco_better·siglip,56,0.4411678458646617,0.07027175,0.8232072500000001,0.95,280,0.4266294642857143
gp_rbf_xcal,coco_better·siglip,57,0.44213974436090225,0.06993775,0.8230585,0.95,280,0.4266294642857143
gp_rbf_xcal,coco_better·siglip,58,0.44232976315789474,0.06920125,0.82210175,0.95,280,0.4266294642857143
gp_rbf_xcal,coco_better·siglip,59,0.4432164586466165,0.0692305,0.8226672500000001,0.95,280,0.4266294642857143
gp_rbf_xcal,coco_better·siglip,60,0.44312245864661653,0.06909575,0.82314225,0.95,280,0.4266294642857143
gp_rbf_xcal,coco_better·siglip,61,0.44328766541353387,0.0703095,0.8233875,0.95,280,0.4266294642857143
gp_rbf_xcal,coco_better·siglip,62,0.44377412030075186,0.07037325,0.8287402500000001,0.95,280,0.4266294642857143
gp_rbf_xcal,coco_better·siglip,63,0.4442309398496241,0.070985,0.82732725,0.95,280,0.4266294642857143
gp_rbf_xcal,coco_better·siglip,64,0.4425682734082397,0.06790199999999999,0.8279734999999999,0.9535714285714286,280,0.4266294642857143
gp_rbf_xcal,coco_better·siglip,65,0.4429710187265917,0.06855900000000001,0.8273665,0.9535714285714286,280,0.4266294642857143
gp_rbf_xcal,coco_better·siglip,66,0.4430576292134832,0.06825200000000001,0.8266564999999999,0.9535714285714286,280,0.4266294642857143
gp_rbf_xcal,coco_better·siglip,67,0.44405085393258426,0.067964,0.8256384999999999,0.9535714285714286,280,0.4266294642857143
gp_rbf_xcal,coco_better·siglip,68,0.4437891007462686,0.0678285,0.825259,0.9571428571428572,280,0.4266294642857143
gp_rbf_xcal,coco_better·siglip,69,0.44497860447761195,0.069048,0.8312705,0.9571428571428572,280,0.4266294642857143
gp_rbf_xcal,coco_better·siglip,70,0.4450310557620818,0.069014,0.830247,0.9607142857142857,280,0.4266294642857143
gp_rbf_xcal,coco_better·siglip,71,0.4476535167286245,0.068392,0.841646,0.9607142857142857,280,0.4266294642857143
gp_rbf_xcal,coco_better·siglip,72,0.4487382703703704,0.0678765,0.83999175,0.9642857142857143,280,0.4266294642857143
gp_rbf_xcal,coco_better·siglip,73,0.4510341925925926,0.067828,0.8405144999999999,0.9642857142857143,280,0.4266294642857143
gp_rbf_xcal,coco_better·siglip,74,0.45268954814814816,0.07073850000000001,0.84179825,0.9642857142857143,280,0.4266294642857143
gp_rbf_xcal,coco_better·siglip,75,0.45392021402214017,0.069387,0.846563,0.9678571428571429,280,0.4266294642857143
gp_rbf_xcal,coco_better·siglip,76,0.45710550922509224,0.0745805,0.8505165,0.9678571428571429,280,0.4266294642857143
gp_rbf_xcal,coco_better·siglip,77,0.45946050553505535,0.0742835,0.8557085,0.9678571428571429,280,0.4266294642857143
gp_rbf_xcal,coco_better·siglip,78,0.4611417084870849,0.075133,0.851793,0.9678571428571429,280,0.4266294642857143
gp_rbf_xcal,coco_better·siglip,79,0.4621799483394834,0.07517650000000001,0.8520215,0.9678571428571429,280,0.4266294642857143
gp_rbf_xcal,coco_better·siglip,80,0.46166430147058823,0.0743215,0.85174175,0.9714285714285714,280,0.4266294642857143
gp_rbf_xcal,coco_better·siglip,81,0.46285662867647065,0.075613,0.8514805,0.9714285714285714,280,0.4266294642857143
gp_rbf_xcal,coco_better·siglip,82,0.46447185294117643,0.07823074999999999,0.8522595,0.9714285714285714,280,0.4266294642857143
gp_rbf_xcal,coco_better·siglip,83,0.4663188161764706,0.077931,0.8581854999999999,0.9714285714285714,280,0.4266294642857143
gp_rbf_xcal,coco_better·siglip,84,0.46812068749999997,0.07873999999999999,0.8596557499999999,0.9714285714285714,280,0.4266294642857143
gp_rbf_xcal,coco_better·siglip,85,0.46892445588235293,0.07834725000000001,0.86151125,0.9714285714285714,280,0.4266294642857143
gp_rbf_xcal,coco_better·siglip,86,0.46997444485294126,0.078628,0.86913175,0.9714285714285714,280,0.4266294642857143
gp_rbf_xcal,coco_better·siglip,87,0.47063390808823535,0.07897974999999999,0.8729735,0.9714285714285714,280,0.4266294642857143
gp_rbf_xcal,coco_better·siglip,88,0.4715742352941176,0.07858475000000001,0.8772995,0.9714285714285714,280,0.4266294642857143
gp_rbf_xcal,coco_better·siglip,89,0.4727542720588235,0.0803355,0.877483,0.9714285714285714,280,0.4266294642857143
gp_rbf_xcal,coco_better·siglip,90,0.4742294889705883,0.08188825,0.87499175,0.9714285714285714,280,0.4266294642857143
gp_rbf_xcal,coco_better·siglip,91,0.47487044852941174,0.0817755,0.8739012500000001,0.9714285714285714,280,0.4266294642857143
gp_rbf_xcal,coco_better·siglip,92,0.4757034375,0.08617949999999999,0.8676665,0.9714285714285714,280,0.4266294642857143
gp_rbf_xcal,coco_better·siglip,93,0.47655701102941184,0.08741499999999999,0.86765825,0.9714285714285714,280,0.4266294642857143
gp_rbf_xcal,coco_better·siglip,94,0.4774826985294118,0.0865025,0.87577925,0.9714285714285714,280,0.4266294642857143
gp_rbf_xcal,coco_better·siglip,95,0.477432650735294,0.08633874999999999,0.875371,0.9714285714285714,280,0.4266294642857143
gp_rbf_xcal,coco_better·siglip,96,0.47787671323529407,0.08643624999999999,0.87561025,0.9714285714285714,280,0.4266294642857143
gp_rbf_xcal,coco_better·siglip,97,0.47600884981684977,0.086353,0.875824,0.975,280,0.4266294642857143
gp_rbf_xcal,coco_better·siglip,98,0.47459658394160587,0.08372125,0.87794775,0.9785714285714285,280,0.4266294642857143
gp_rbf_xcal,coco_better·siglip,99,0.47503957664233576,0.08293524999999999,0.87869175,0.9785714285714285,280,0.4266294642857143
gp_rbf_xcal,coco_better·siglip,100,0.47562798540145984,0.08294425,0.87750075,0.9785714285714285,280,0.4266294642857143
gp_rbf_xcal,coco_better·siglip,101,0.476152200729927,0.083065,0.8764285,0.9785714285714285,280,0.4266294642857143
gp_rbf_xcal,coco_better·siglip,102,0.4762785072992701,0.08286525,0.87756325,0.9785714285714285,280,0.4266294642857143
gp_rbf_xcal,coco_better·siglip,103,0.4767141423357664,0.0827025,0.878717,0.9785714285714285,280,0.4266294642857143
gp_rbf_xcal,coco_better·siglip,104,0.4752963963636363,0.0812755,0.8736605,0.9821428571428571,280,0.4266294642857143
gp_rbf_xcal,coco_better·siglip,105,0.4753234872727272,0.0808495,0.8744845,0.9821428571428571,280,0.4266294642857143
gp_rbf_xcal,coco_better·siglip,106,0.47610464,0.081101,0.878388,0.9821428571428571,280,0.4266294642857143
gp_rbf_xcal,coco_better·siglip,107,0.4770142109090909,0.080767,0.8834934999999999,0.9821428571428571,280,0.4266294642857143
gp_rbf_xcal,coco_better·siglip,108,0.4785979890909091,0.0808835,0.8846305,0.9821428571428571,280,0.4266294642857143
gp_rbf_xcal,coco_better·siglip,109,0.4793103418181818,0.08121049999999999,0.885547,0.9821428571428571,280,0.4266294642857143
gp_rbf_xcal,coco_better·siglip,110,0.4794879527272728,0.0818425,0.8849885,0.9821428571428571,280,0.4266294642857143
gp_rbf_xcal,coco_better·siglip,111,0.4786633152173913,0.08202275,0.8822274999999999,0.9857142857142858,280,0.4266294642857143
gp_rbf_xcal,coco_better·siglip,112,0.4775572238267147,0.081908,0.882019,0.9892857142857143,280,0.4266294642857143
gp_rbf_xcal,coco_better·siglip,113,0.47781696028880866,0.081843,0.881029,0.9892857142857143,280,0.4266294642857143
gp_rbf_xcal,coco_better·siglip,114,0.47886103610108305,0.080047,0.877178,0.9892857142857143,280,0.4266294642857143
gp_rbf_xcal,coco_better·siglip,115,0.4792138700361011,0.081086,0.878595,0.9892857142857143,280,0.4266294642857143
gp_rbf_xcal,coco_better·siglip,116,0.479483953068592,0.080775,0.882136,0.9892857142857143,280,0.4266294642857143
gp_rbf_xcal,coco_better·siglip,117,0.48013147292418773,0.082015,0.879519,0.9892857142857143,280,0.4266294642857143
gp_rbf_xcal,coco_better·siglip,118,0.4801814223826715,0.082304,0.88419,0.9892857142857143,280,0.4266294642857143
gp_rbf_xcal,coco_better·siglip,119,0.47911921582733813,0.0810595,0.8822242499999999,0.9928571428571429,280,0.4266294642857143
gp_rbf_xcal,coco_better·siglip,120,0.47962367266187045,0.08067425,0.88711975,0.9928571428571429,280,0.4266294642857143
gp_rbf_xcal,coco_better·siglip,121,0.47989991007194244,0.08112825,0.8909435,0.9928571428571429,280,0.4266294642857143
gp_rbf_xcal,coco_better·siglip,122,0.48016265827338117,0.08115075,0.889305,0.9928571428571429,280,0.4266294642857143
gp_rbf_xcal,coco_better·siglip,123,0.48053164388489206,0.08112950000000001,0.8880025,0.9928571428571429,280,0.4266294642857143
gp_rbf_xcal,coco_better·siglip,124,0.4806450827338129,0.08118025,0.8884915,0.9928571428571429,280,0.4266294642857143
gp_rbf_xcal,coco_better·siglip,125,0.48095519784172674,0.08118650000000001,0.8888064999999999,0.9928571428571429,280,0.4266294642857143
gp_rbf_xcal,coco_better·siglip,126,0.48163558633093534,0.08089025,0.888183,0.9928571428571429,280,0.4266294642857143
gp_rbf_xcal,coco_better·siglip,127,0.4817289388489209,0.08125550000000001,0.8879295,0.9928571428571429,280,0.4266294642857143
gp_rbf_xcal,coco_better·siglip,128,0.4823608057553956,0.08161650000000001,0.88843325,0.9928571428571429,280,0.4266294642857143
gp_rbf_xcal,coco_better·siglip,129,0.4825610215827338,0.08091375,0.889491,0.9928571428571429,280,0.4266294642857143
gp_rbf_xcal,coco_better·siglip,130,0.48292086690647484,0.08109775,0.8902065,0.9928571428571429,280,0.4266294642857143
gp_rbf_xcal,coco_better·siglip,131,0.48315631654676267,0.08097299999999999,0.8912165000000001,0.9928571428571429,280,0.4266294642857143
gp_rbf_xcal,coco_better·siglip,132,0.4815941075268817,0.0805965,0.890121,0.9964285714285714,280,0.4266294642857143
gp_rbf_xcal,coco_better·siglip,133,0.48158380286738345,0.080842,0.890509,0.9964285714285714,280,0.4266294642857143
gp_rbf_xcal,coco_better·siglip,134,0.48198808243727603,0.08079549999999999,0.8912975000000001,0.9964285714285714,280,0.4266294642857143
gp_rbf_xcal,coco_better·siglip,135,0.48206363799283153,0.0809325,0.8912875,0.9964285714285714,280,0.4266294642857143
gp_rbf_xcal,coco_better·siglip,136,0.48220795698924734,0.08078199999999999,0.8921650000000001,0.9964285714285714,280,0.4266294642857143
gp_rbf_xcal,coco_better·siglip,137,0.4822109534050179,0.08081250000000001,0.8916845,0.9964285714285714,280,0.4266294642857143
gp_rbf_xcal,coco_better·siglip,138,0.4822544551971326,0.080985,0.8928455,0.9964285714285714,280,0.4266294642857143
gp_rbf_xcal,coco_better·siglip,139,0.4823463118279569,0.080831,0.8930705,0.9964285714285714,280,0.4266294642857143
gp_rbf_xcal,coco_better·siglip,140,0.4812683178571429,0.0808545,0.89332225,1.0,280,0.4266294642857143
gp_rbf_xcal,coco_better·siglip,141,0.481930675,0.0809735,0.8923412500000001,1.0,280,0.4266294642857143
gp_rbf_xcal,coco_better·siglip,142,0.48263385714285706,0.08145,0.8923972499999999,1.0,280,0.4266294642857143
gp_rbf_xcal,coco_better·siglip,143,0.4834889142857142,0.08617749999999999,0.89302625,1.0,280,0.4266294642857143
gp_rbf_xcal,coco_better·siglip,144,0.4841622928571429,0.08878125,0.893079,1.0,280,0.4266294642857143
gp_rbf_xcal,coco_better·siglip,145,0.4849897821428571,0.0960455,0.89630825,1.0,280,0.4266294642857143
gp_rbf_xcal,coco_better·siglip,146,0.48519881071428567,0.09002325,0.8979137500000001,1.0,280,0.4266294642857143
gp_rbf_xcal,coco_better·siglip,147,0.48565664999999997,0.0924595,0.8970899999999999,1.0,280,0.4266294642857143
gp_rbf_xcal,coco_better·siglip,148,0.4870026214285715,0.0959455,0.89740475,1.0,280,0.4266294642857143
gp_rbf_xcal,coco_better·siglip,149,0.4879552071428571,0.09991475,0.89502075,1.0,280,0.4266294642857143
gp_rbf_xcal,coco_better·siglip,150,0.4887790607142856,0.10835525,0.895325,1.0,280,0.4266294642857143
gp_rbf_gmm,coco_better·siglip,0,0.4266294642857143,0.050833,0.7892637499999999,1.0,280,0.4266294642857143
gp_rbf_gmm,coco_better·siglip,1,,,,0.0,280,0.4266294642857143
gp_rbf_gmm,coco_better·siglip,2,0.07812216216216217,0.007526,0.0832,0.13214285714285715,280,0.4266294642857143
gp_rbf_gmm,coco_better·siglip,3,0.10396869696969696,0.0108995,0.12618225,0.2357142857142857,280,0.4266294642857143
gp_rbf_gmm,coco_better·siglip,4,0.38592952884615384,0.080807,0.69180575,0.7428571428571429,280,0.4266294642857143
gp_rbf_gmm,coco_better·siglip,5,0.3471077761904762,0.049902,0.627485,0.75,280,0.4266294642857143
gp_rbf_gmm,coco_better·siglip,6,0.3465013990610329,0.049481,0.632406,0.7607142857142857,280,0.4266294642857143
gp_rbf_gmm,coco_better·siglip,7,0.3494468302752293,0.04732625,0.6545285,0.7785714285714286,280,0.4266294642857143
gp_rbf_gmm,coco_better·siglip,8,0.38042856306306305,0.05212975,0.72731525,0.7928571428571428,280,0.4266294642857143
gp_rbf_gmm,coco_better·siglip,9,0.3876883035714286,0.0420795,0.75155225,0.8,280,0.4266294642857143
gp_rbf_gmm,coco_better·siglip,10,0.3913665511111111,0.043841,0.764211,0.8035714285714286,280,0.4266294642857143
gp_rbf_gmm,coco_better·siglip,11,0.39207876651982376,0.034788,0.7595285,0.8107142857142857,280,0.4266294642857143
gp_rbf_gmm,coco_better·siglip,12,0.3982677621145374,0.035345,0.7618105,0.8107142857142857,280,0.4266294642857143
gp_rbf_gmm,coco_better·siglip,13,0.4011647304347826,0.03981925,0.75277175,0.8214285714285714,280,0.4266294642857143
gp_rbf_gmm,coco_better·siglip,14,0.39604917446808513,0.0363465,0.7335535,0.8392857142857143,280,0.4266294642857143
gp_rbf_gmm,coco_better·siglip,15,0.39757670464135014,0.042958,0.728928,0.8464285714285714,280,0.4266294642857143
gp_rbf_gmm,coco_better·siglip,16,0.40141681512605043,0.049775,0.73372075,0.85,280,0.4266294642857143
gp_rbf_gmm,coco_better·siglip,17,0.40201410416666666,0.052483749999999996,0.731646,0.8571428571428571,280,0.4266294642857143
gp_rbf_gmm,coco_better·siglip,18,0.4052474541666667,0.0555495,0.73397475,0.8571428571428571,280,0.4266294642857143
gp_rbf_gmm,coco_better·siglip,19,0.40851143333333334,0.057662500000000005,0.735446,0.8571428571428571,280,0.4266294642857143
gp_rbf_gmm,coco_better·siglip,20,0.41049858333333333,0.06452025,0.73526925,0.8571428571428571,280,0.4266294642857143
gp_rbf_gmm,coco_better·siglip,21,0.40550010655737706,0.06665125,0.7313207500000001,0.8714285714285714,280,0.4266294642857143
gp_rbf_gmm,coco_better·siglip,22,0.4059671142857143,0.059811,0.732778,0.875,280,0.4266294642857143
gp_rbf_gmm,coco_better·siglip,23,0.40356970445344126,0.055093,0.732438,0.8821428571428571,280,0.4266294642857143
gp_rbf_gmm,coco_better·siglip,24,0.3996454096385542,0.049229,0.728994,0.8892857142857142,280,0.4266294642857143
gp_rbf_gmm,coco_better·siglip,25,0.4016850321285141,0.056042,0.72467,0.8892857142857142,280,0.4266294642857143
gp_rbf_gmm,coco_better·siglip,26,0.403008592,0.0575555,0.7311715,0.8928571428571429,280,0.4266294642857143
gp_rbf_gmm,coco_better·siglip,27,0.4025711904761905,0.06102175,0.7270522500000001,0.9,280,0.4266294642857143
gp_rbf_gmm,coco_better·siglip,28,0.4047681904761905,0.065803,0.7247662500000001,0.9,280,0.4266294642857143
gp_rbf_gmm,coco_better·siglip,29,0.40583886111111117,0.0691805,0.72708175,0.9,280,0.4266294642857143
gp_rbf_gmm,coco_better·siglip,30,0.40597225691699607,0.067815,0.731459,0.9035714285714286,280,0.4266294642857143
gp_rbf_gmm,coco_better·siglip,31,0.40499681176470587,0.0712495,0.725441,0.9107142857142857,280,0.4266294642857143
gp_rbf_gmm,coco_better·siglip,32,0.4034740389105058,0.068613,0.717389,0.9178571428571428,280,0.4266294642857143
gp_rbf_gmm,coco_better·siglip,33,0.40354375968992245,0.0723935,0.72146525,0.9214285714285714,280,0.4266294642857143
gp_rbf_gmm,coco_better·siglip,34,0.4045916821705427,0.07524249999999999,0.7228685,0.9214285714285714,280,0.4266294642857143
gp_rbf_gmm,coco_better·siglip,35,0.4041545907335907,0.072941,0.716552,0.925,280,0.4266294642857143
gp_rbf_gmm,coco_better·siglip,36,0.40527483011583015,0.075578,0.7162075,0.925,280,0.4266294642857143
gp_rbf_gmm,coco_better·siglip,37,0.406272250965251,0.0748345,0.7160150000000001,0.925,280,0.4266294642857143
gp_rbf_gmm,coco_better·siglip,38,0.40681172200772203,0.07403799999999999,0.718099,0.925,280,0.4266294642857143
gp_rbf_gmm,coco_better·siglip,39,0.40631313076923076,0.07515925,0.71935875,0.9285714285714286,280,0.4266294642857143
gp_rbf_gmm,coco_better·siglip,40,0.40556670114942533,0.074482,0.717635,0.9321428571428572,280,0.4266294642857143
gp_rbf_gmm,coco_better·siglip,41,0.402077178030303,0.07294774999999999,0.712334,0.9428571428571428,280,0.4266294642857143
gp_rbf_gmm,coco_better·siglip,42,0.40269245833333334,0.07255400000000001,0.71379775,0.9428571428571428,280,0.4266294642857143
gp_rbf_gmm,coco_better·siglip,43,0.40356893939393945,0.07530400000000001,0.71382375,0.9428571428571428,280,0.4266294642857143
gp_rbf_gmm,coco_better·siglip,44,0.40399806818181816,0.07605425,0.7172695,0.9428571428571428,280,0.4266294642857143
gp_rbf_gmm,coco_better·siglip,45,0.4041387083333334,0.078532,0.716063,0.9428571428571428,280,0.4266294642857143
gp_rbf_gmm,coco_better·siglip,46,0.40479085606060605,0.07871500000000001,0.71762575,0.9428571428571428,280,0.4266294642857143
gp_rbf_gmm,coco_better·siglip,47,0.40549903409090915,0.08005925,0.71608,0.9428571428571428,280,0.4266294642857143
gp_rbf_gmm,coco_better·siglip,48,0.40573305303030305,0.07860075,0.717491,0.9428571428571428,280,0.4266294642857143
gp_rbf_gmm,coco_better·siglip,49,0.40581229924242423,0.07978550000000001,0.716903,0.9428571428571428,280,0.4266294642857143
gp_rbf_gmm,coco_better·siglip,50,0.40456387924528303,0.076419,0.71916,0.9464285714285714,280,0.4266294642857143
gp_rbf_gmm,coco_better·siglip,51,0.4051834452830189,0.077995,0.719342,0.9464285714285714,280,0.4266294642857143
gp_rbf_gmm,coco_better·siglip,52,0.40564667547169814,0.079297,0.718916,0.9464285714285714,280,0.4266294642857143
gp_rbf_gmm,coco_better·siglip,53,0.40609476981132075,0.079492,0.717368,0.9464285714285714,280,0.4266294642857143
gp_rbf_gmm,coco_better·siglip,54,0.4065925886792453,0.07969,0.720215,0.9464285714285714,280,0.4266294642857143
gp_rbf_gmm,coco_better·siglip,55,0.40573183082706765,0.07744899999999999,0.7190887499999999,0.95,280,0.4266294642857143
gp_rbf_gmm,coco_better·siglip,56,0.40625559398496236,0.07984250000000001,0.7227889999999999,0.95,280,0.4266294642857143
gp_rbf_gmm,coco_better·siglip,57,0.4066237781954887,0.07755475,0.72402225,0.95,280,0.4266294642857143
gp_rbf_gmm,coco_better·siglip,58,0.40703615413533834,0.07919175,0.72703425,0.95,280,0.4266294642857143
gp_rbf_gmm,coco_better·siglip,59,0.40733724812030075,0.077074,0.7256665,0.95,280,0.4266294642857143
gp_rbf_gmm,coco_better·siglip,60,0.4077246052631579,0.0791115,0.7255905,0.95,280,0.4266294642857143
gp_rbf_gmm,coco_better·siglip,61,0.4081587631578948,0.078265,0.724192,0.95,280,0.4266294642857143
gp_rbf_gmm,coco_better·siglip,62,0.40838188721804514,0.0790695,0.725252,0.95,280,0.4266294642857143
gp_rbf_gmm,coco_better·siglip,63,0.40932201503759397,0.07994625,0.7239265,0.95,280,0.4266294642857143
gp_rbf_gmm,coco_better·siglip,64,0.40796788764044944,0.080334,0.719841,0.9535714285714286,280,0.4266294642857143
gp_rbf_gmm,coco_better·siglip,65,0.4084364419475655,0.0811685,0.7200415,0.9535714285714286,280,0.4266294642857143
gp_rbf_gmm,coco_better·siglip,66,0.4085559475655431,0.081709,0.720481,0.9535714285714286,280,0.4266294642857143
gp_rbf_gmm,coco_better·siglip,67,0.4089434531835206,0.08211099999999999,0.7193635,0.9535714285714286,280,0.4266294642857143
gp_rbf_gmm,coco_better·siglip,68,0.40733286567164184,0.08184,0.71666325,0.9571428571428572,280,0.4266294642857143
gp_rbf_gmm,coco_better·siglip,69,0.40764837313432833,0.08291975,0.7142495,0.9571428571428572,280,0.4266294642857143
gp_rbf_gmm,coco_better·siglip,70,0.406075,0.081503,0.718777,0.9607142857142857,280,0.4266294642857143
gp_rbf_gmm,coco_better·siglip,71,0.4065461078066915,0.08182,0.72055,0.9607142857142857,280,0.4266294642857143
gp_rbf_gmm,coco_better·siglip,72,0.4052208185185185,0.079236,0.715743,0.9642857142857143,280,0.4266294642857143
gp_rbf_gmm,coco_better·siglip,73,0.4056276037037037,0.07898625,0.71997825,0.9642857142857143,280,0.4266294642857143
gp_rbf_gmm,coco_better·siglip,74,0.40581562592592596,0.08170175,0.7182815,0.9642857142857143,280,0.4266294642857143
gp_rbf_gmm,coco_better·siglip,75,0.40479814022140226,0.080138,0.7179755,0.9678571428571429,280,0.4266294642857143
gp_rbf_gmm,coco_better·siglip,76,0.4044669852398524,0.0801085,0.71608,0.9678571428571429,280,0.4266294642857143
gp_rbf_gmm,coco_better·siglip,77,0.4049436937269372,0.0781865,0.711892,0.9678571428571429,280,0.4266294642857143
gp_rbf_gmm,coco_better·siglip,78,0.40526979335793356,0.07963500000000001,0.7130449999999999,0.9678571428571429,280,0.4266294642857143
gp_rbf_gmm,coco_better·siglip,79,0.4054396789667897,0.08107700000000001,0.713438,0.9678571428571429,280,0.4266294642857143
gp_rbf_gmm,coco_better·siglip,80,0.40396665073529414,0.078493,0.7097085000000001,0.9714285714285714,280,0.4266294642857143
gp_rbf_gmm,coco_better·siglip,81,0.4041032389705882,0.079653,0.7088305,0.9714285714285714,280,0.4266294642857143
gp_rbf_gmm,coco_better·siglip,82,0.40423086029411764,0.0794,0.70727425,0.9714285714285714,280,0.4266294642857143
gp_rbf_gmm,coco_better·siglip,83,0.40444456617647057,0.0792775,0.7064050000000001,0.9714285714285714,280,0.4266294642857143
gp_rbf_gmm,coco_better·siglip,84,0.4046794963235294,0.078768,0.70569725,0.9714285714285714,280,0.4266294642857143
gp_rbf_gmm,coco_better·siglip,85,0.4049638529411765,0.07974025,0.7058475,0.9714285714285714,280,0.4266294642857143
gp_rbf_gmm,coco_better·siglip,86,0.40511091176470587,0.0798455,0.7062277499999999,0.9714285714285714,280,0.4266294642857143
gp_rbf_gmm,coco_better·siglip,87,0.4053334375,0.07824075,0.70649275,0.9714285714285714,280,0.4266294642857143
gp_rbf_gmm,coco_better·siglip,88,0.4053875772058823,0.0791475,0.70735425,0.9714285714285714,280,0.4266294642857143
gp_rbf_gmm,coco_better·siglip,89,0.40567613970588234,0.08091375,0.70694625,0.9714285714285714,280,0.4266294642857143
gp_rbf_gmm,coco_better·siglip,90,0.4059798455882353,0.0811325,0.7075687500000001,0.9714285714285714,280,0.4266294642857143
gp_rbf_gmm,coco_better·siglip,91,0.4062645661764706,0.0809995,0.70759075,0.9714285714285714,280,0.4266294642857143
gp_rbf_gmm,coco_better·siglip,92,0.4066528419117647,0.07779,0.70748175,0.9714285714285714,280,0.4266294642857143
gp_rbf_gmm,coco_better·siglip,93,0.40658596691176474,0.0801685,0.70670375,0.9714285714285714,280,0.4266294642857143
gp_rbf_gmm,coco_better·siglip,94,0.4069741360294118,0.0809665,0.7069705,0.9714285714285714,280,0.4266294642857143
gp_rbf_gmm,coco_better·siglip,95,0.40718782352941174,0.08012625,0.70670375,0.9714285714285714,280,0.4266294642857143
gp_rbf_gmm,coco_better·siglip,96,0.4078724191176471,0.080193,0.7075235,0.9714285714285714,280,0.4266294642857143
gp_rbf_gmm,coco_better·siglip,97,0.4063833406593407,0.080423,0.708119,0.975,280,0.4266294642857143
gp_rbf_gmm,coco_better·siglip,98,0.40510840875912413,0.07280175,0.70523275,0.9785714285714285,280,0.4266294642857143
gp_rbf_gmm,coco_better·siglip,99,0.4053811386861314,0.073449,0.70496025,0.9785714285714285,280,0.4266294642857143
gp_rbf_gmm,coco_better·siglip,100,0.40559721897810214,0.07439899999999999,0.70672725,0.9785714285714285,280,0.4266294642857143
gp_rbf_gmm,coco_better·siglip,101,0.405628200729927,0.075078,0.706964,0.9785714285714285,280,0.4266294642857143
gp_rbf_gmm,coco_better·siglip,102,0.40583025182481747,0.07624725,0.707639,0.9785714285714285,280,0.4266294642857143
gp_rbf_gmm,coco_better·siglip,103,0.40582848540145994,0.0771815,0.7076290000000001,0.9785714285714285,280,0.4266294642857143
gp_rbf_gmm,coco_better·siglip,104,0.4047683636363637,0.0728815,0.70825,0.9821428571428571,280,0.4266294642857143
gp_rbf_gmm,coco_better·siglip,105,0.4048970981818182,0.0732475,0.7084159999999999,0.9821428571428571,280,0.4266294642857143
gp_rbf_gmm,coco_better·siglip,106,0.4054095927272727,0.0725625,0.706842,0.9821428571428571,280,0.4266294642857143
gp_rbf_gmm,coco_better·siglip,107,0.4054372327272727,0.0749245,0.705633,0.9821428571428571,280,0.4266294642857143
gp_rbf_gmm,coco_better·siglip,108,0.4054728763636364,0.0745865,0.7064475,0.9821428571428571,280,0.4266294642857143
gp_rbf_gmm,coco_better·siglip,109,0.40549262181818185,0.0748815,0.7069399999999999,0.9821428571428571,280,0.4266294642857143
gp_rbf_gmm,coco_better·siglip,110,0.40548010545454544,0.075337,0.705837,0.9821428571428571,280,0.4266294642857143
gp_rbf_gmm,coco_better·siglip,111,0.40427539492753617,0.06926825,0.7056235,0.9857142857142858,280,0.4266294642857143
gp_rbf_gmm,coco_better·siglip,112,0.4028720036101083,0.067613,0.705549,0.9892857142857143,280,0.4266294642857143
gp_rbf_gmm,coco_better·siglip,113,0.40291078339350184,0.067691,0.705108,0.9892857142857143,280,0.4266294642857143
gp_rbf_gmm,coco_better·siglip,114,0.40303790613718415,0.068065,0.706831,0.9892857142857143,280,0.4266294642857143
gp_rbf_gmm,coco_better·siglip,115,0.4031796750902527,0.067849,0.706143,0.9892857142857143,280,0.4266294642857143
gp_rbf_gmm,coco_better·siglip,116,0.40291501444043326,0.067931,0.706515,0.9892857142857143,280,0.4266294642857143
gp_rbf_gmm,coco_better·siglip,117,0.403216870036101,0.068197,0.705752,0.9892857142857143,280,0.4266294642857143
gp_rbf_gmm,coco_better·siglip,118,0.4033655270758123,0.068259,0.705648,0.9892857142857143,280,0.4266294642857143
gp_rbf_gmm,coco_better·siglip,119,0.4024057661870504,0.06839575,0.706442,0.9928571428571429,280,0.4266294642857143
gp_rbf_gmm,coco_better·siglip,120,0.40230723741007196,0.0684435,0.7053842499999999,0.9928571428571429,280,0.4266294642857143
gp_rbf_gmm,coco_better·siglip,121,0.4028059424460432,0.06922724999999999,0.70471425,0.9928571428571429,280,0.4266294642857143
gp_rbf_gmm,coco_better·siglip,122,0.4030111654676259,0.06992475000000001,0.7062170000000001,0.9928571428571429,280,0.4266294642857143
gp_rbf_gmm,coco_better·siglip,123,0.40310888489208635,0.0698365,0.70702725,0.9928571428571429,280,0.4266294642857143
gp_rbf_gmm,coco_better·siglip,124,0.40337634892086327,0.070323,0.707443,0.9928571428571429,280,0.4266294642857143
gp_rbf_gmm,coco_better·siglip,125,0.40349331294964025,0.07067324999999999,0.707065,0.9928571428571429,280,0.4266294642857143
gp_rbf_gmm,coco_better·siglip,126,0.4033733597122302,0.07404475,0.70577425,0.9928571428571429,280,0.4266294642857143
gp_rbf_gmm,coco_better·siglip,127,0.4037133669064748,0.0740625,0.7059285,0.9928571428571429,280,0.4266294642857143
gp_rbf_gmm,coco_better·siglip,128,0.40374227697841725,0.0739785,0.705399,0.9928571428571429,280,0.4266294642857143
gp_rbf_gmm,coco_better·siglip,129,0.403963917266187,0.07230700000000001,0.70589275,0.9928571428571429,280,0.4266294642857143
gp_rbf_gmm,coco_better·siglip,130,0.4039804280575539,0.07354825000000001,0.70569,0.9928571428571429,280,0.4266294642857143
gp_rbf_gmm,coco_better·siglip,131,0.40415870863309356,0.07376949999999999,0.70794025,0.9928571428571429,280,0.4266294642857143
gp_rbf_gmm,coco_better·siglip,132,0.4028964874551971,0.074237,0.706967,0.9964285714285714,280,0.4266294642857143
gp_rbf_gmm,coco_better·siglip,133,0.4027424551971326,0.07424700000000001,0.7060275,0.9964285714285714,280,0.4266294642857143
gp_rbf_gmm,coco_better·siglip,134,0.40299796774193547,0.074218,0.704705,0.9964285714285714,280,0.4266294642857143
gp_rbf_gmm,coco_better·siglip,135,0.40306541577060934,0.07944899999999999,0.7059195,0.9964285714285714,280,0.4266294642857143
gp_rbf_gmm,coco_better·siglip,136,0.403157146953405,0.0794325,0.7069654999999999,0.9964285714285714,280,0.4266294642857143
gp_rbf_gmm,coco_better·siglip,137,0.40330998924731176,0.080371,0.7066835,0.9964285714285714,280,0.4266294642857143
gp_rbf_gmm,coco_better·siglip,138,0.40328742652329747,0.080324,0.7067289999999999,0.9964285714285714,280,0.4266294642857143
gp_rbf_gmm,coco_better·siglip,139,0.40313006810035845,0.079823,0.705444,0.9964285714285714,280,0.4266294642857143
gp_rbf_gmm,coco_better·siglip,140,0.40194880714285713,0.075541,0.7061855,1.0,280,0.4266294642857143
gp_rbf_gmm,coco_better·siglip,141,0.4020436357142857,0.0753145,0.70592875,1.0,280,0.4266294642857143
gp_rbf_gmm,coco_better·siglip,142,0.4022898035714286,0.07542499999999999,0.70568775,1.0,280,0.4266294642857143
gp_rbf_gmm,coco_better·siglip,143,0.40221330714285713,0.075541,0.70596225,1.0,280,0.4266294642857143
gp_rbf_gmm,coco_better·siglip,144,0.40281292857142853,0.08113250000000001,0.70560075,1.0,280,0.4266294642857143
gp_rbf_gmm,coco_better·siglip,145,0.4028214035714285,0.08204550000000001,0.70485725,1.0,280,0.4266294642857143
gp_rbf_gmm,coco_better·siglip,146,0.40293268571428575,0.081987,0.7046215,1.0,280,0.4266294642857143
gp_rbf_gmm,coco_better·siglip,147,0.40312651428571433,0.08070725000000001,0.708649,1.0,280,0.4266294642857143
gp_rbf_gmm,coco_better·siglip,148,0.40313065,0.08256524999999999,0.7084675,1.0,280,0.4266294642857143
gp_rbf_gmm,coco_better·siglip,149,0.40335401785714287,0.08028375,0.705564,1.0,280,0.4266294642857143
gp_rbf_gmm,coco_better·siglip,150,0.4033848464285714,0.08035975,0.7051642499999999,1.0,280,0.4266294642857143
gp_dot_anch,coco_better·siglip,0,0.4266294642857143,0.050833,0.7892637499999999,1.0,280,0.4266294642857143
gp_dot_anch,coco_better·siglip,1,,,,0.0,280,0.4266294642857143
gp_dot_anch,coco_better·siglip,2,0.03359840540540541,0.004919,0.034449,0.13214285714285715,280,0.4266294642857143
gp_dot_anch,coco_better·siglip,3,0.0734005303030303,0.0070635,0.09621775,0.2357142857142857,280,0.4266294642857143
gp_dot_anch,coco_better·siglip,4,0.37592900480769226,0.05036775,0.70668825,0.7428571428571429,280,0.4266294642857143
gp_dot_anch,coco_better·siglip,5,0.39158955238095233,0.05391,0.7333525000000001,0.75,280,0.4266294642857143
gp_dot_anch,coco_better·siglip,6,0.38672169953051644,0.054645,0.708992,0.7607142857142857,280,0.4266294642857143
gp_dot_anch,coco_better·siglip,7,0.3588937889908257,0.038666000000000006,0.67812675,0.7785714285714286,280,0.4266294642857143
gp_dot_anch,coco_better·siglip,8,0.3415317612612613,0.02583,0.68075175,0.7928571428571428,280,0.4266294642857143
gp_dot_anch,coco_better·siglip,9,0.3453982098214286,0.023092249999999998,0.6806085,0.8,280,0.4266294642857143
gp_dot_anch,coco_better·siglip,10,0.3780512311111111,0.038441,0.724809,0.8035714285714286,280,0.4266294642857143
gp_dot_anch,coco_better·siglip,11,0.389814422907489,0.0474075,0.7336955000000001,0.8107142857142857,280,0.4266294642857143
gp_dot_anch,coco_better·siglip,12,0.39802578854625553,0.047266,0.7450555,0.8107142857142857,280,0.4266294642857143
gp_dot_anch,coco_better·siglip,13,0.4016293956521739,0.05026125,0.7641875,0.8214285714285714,280,0.4266294642857143
gp_dot_anch,coco_better·siglip,14,0.40015955744680853,0.046682,0.7501995,0.8392857142857143,280,0.4266294642857143
gp_dot_anch,coco_better·siglip,15,0.4013698101265823,0.049557,0.747468,0.8464285714285714,280,0.4266294642857143
gp_dot_anch,coco_better·siglip,16,0.40565923109243696,0.0508815,0.74820525,0.85,280,0.4266294642857143
gp_dot_anch,coco_better·siglip,17,0.4065200958333334,0.047677,0.7610165,0.8571428571428571,280,0.4266294642857143
gp_dot_anch,coco_better·siglip,18,0.41124965,0.0497325,0.770214,0.8571428571428571,280,0.4266294642857143
gp_dot_anch,coco_better·siglip,19,0.4155182875,0.061309999999999996,0.7757945,0.8571428571428571,280,0.4266294642857143
gp_dot_anch,coco_better·siglip,20,0.41953992916666666,0.06702625,0.7790995,0.8571428571428571,280,0.4266294642857143
gp_dot_anch,coco_better·siglip,21,0.4163972131147541,0.06102125,0.7644645,0.8714285714285714,280,0.4266294642857143
gp_dot_anch,coco_better·siglip,22,0.417668518367347,0.070376,0.76124,0.875,280,0.4266294642857143
gp_dot_anch,coco_better·siglip,23,0.41629295546558703,0.06906300000000001,0.7558685,0.8821428571428571,280,0.4266294642857143
gp_dot_anch,coco_better·siglip,24,0.4160442891566265,0.066589,0.758509,0.8892857142857142,280,0.4266294642857143
gp_dot_anch,coco_better·siglip,25,0.41826548192771085,0.068433,0.756201,0.8892857142857142,280,0.4266294642857143
gp_dot_anch,coco_better·siglip,26,0.41883264800000003,0.07234600000000001,0.7686850000000001,0.8928571428571429,280,0.4266294642857143
gp_dot_anch,coco_better·siglip,27,0.41691651587301587,0.072586,0.7740445,0.9,280,0.4266294642857143
gp_dot_anch,coco_better·siglip,28,0.4191736587301587,0.07510225000000001,0.76930475,0.9,280,0.4266294642857143
gp_dot_anch,coco_better·siglip,29,0.4217302301587301,0.07733375,0.76544075,0.9,280,0.4266294642857143
gp_dot_anch,coco_better·siglip,30,0.4236298695652174,0.075942,0.770043,0.9035714285714286,280,0.4266294642857143
gp_dot_anch,coco_better·siglip,31,0.42236977647058827,0.0751545,0.7630455,0.9107142857142857,280,0.4266294642857143
gp_dot_anch,coco_better·siglip,32,0.42123092217898833,0.076797,0.765006,0.9178571428571428,280,0.4266294642857143
gp_dot_anch,coco_better·siglip,33,0.42160095348837207,0.07332275,0.7664027499999999,0.9214285714285714,280,0.4266294642857143
gp_dot_anch,coco_better·siglip,34,0.4224772984496124,0.07418725,0.767984,0.9214285714285714,280,0.4266294642857143
gp_dot_anch,coco_better·siglip,35,0.42169808880308884,0.0772595,0.770813,0.925,280,0.4266294642857143
gp_dot_anch,coco_better·siglip,36,0.4226744015444015,0.07455049999999999,0.7722275000000001,0.925,280,0.4266294642857143
gp_dot_anch,coco_better·siglip,37,0.42363969111969113,0.0767795,0.768409,0.925,280,0.4266294642857143
gp_dot_anch,coco_better·siglip,38,0.4247721158301158,0.08159749999999999,0.7756465,0.925,280,0.4266294642857143
gp_dot_anch,coco_better·siglip,39,0.42474879615384614,0.080554,0.76945,0.9285714285714286,280,0.4266294642857143
gp_dot_anch,coco_better·siglip,40,0.42399906513409963,0.081584,0.770971,0.9321428571428572,280,0.4266294642857143
gp_dot_anch,coco_better·siglip,41,0.42066202272727277,0.07127025,0.75830375,0.9428571428571428,280,0.4266294642857143
gp_dot_anch,coco_better·siglip,42,0.4216410871212121,0.07656674999999999,0.7573565,0.9428571428571428,280,0.4266294642857143
gp_dot_anch,coco_better·siglip,43,0.4225671439393939,0.075041,0.762425,0.9428571428571428,280,0.4266294642857143
gp_dot_anch,coco_better·siglip,44,0.42344179545454547,0.07712325,0.76332225,0.9428571428571428,280,0.4266294642857143
gp_dot_anch,coco_better·siglip,45,0.42436276515151516,0.0794795,0.763521,0.9428571428571428,280,0.4266294642857143
gp_dot_anch,coco_better·siglip,46,0.4253317765151515,0.08177375,0.7620564999999999,0.9428571428571428,280,0.4266294642857143
gp_dot_anch,coco_better·siglip,47,0.4258857234848485,0.08297725,0.76510575,0.9428571428571428,280,0.4266294642857143
gp_dot_anch,coco_better·siglip,48,0.4268658333333333,0.0806835,0.7600482500000001,0.9428571428571428,280,0.4266294642857143
gp_dot_anch,coco_better·siglip,49,0.427483303030303,0.0827,0.763451,0.9428571428571428,280,0.4266294642857143
gp_dot_anch,coco_better·siglip,50,0.4262655358490566,0.082934,0.753455,0.9464285714285714,280,0.4266294642857143
gp_dot_anch,coco_better·siglip,51,0.4268726075471698,0.085291,0.750158,0.9464285714285714,280,0.4266294642857143
gp_dot_anch,coco_better·siglip,52,0.4277160867924528,0.084396,0.750849,0.9464285714285714,280,0.4266294642857143
gp_dot_anch,coco_better·siglip,53,0.4283765698113208,0.086057,0.750562,0.9464285714285714,280,0.4266294642857143
gp_dot_anch,coco_better·siglip,54,0.4289276037735849,0.081371,0.750442,0.9464285714285714,280,0.4266294642857143
gp_dot_anch,coco_better·siglip,55,0.4278182180451128,0.08517975,0.74871675,0.95,280,0.4266294642857143
gp_dot_anch,coco_better·siglip,56,0.42959515789473685,0.084902,0.745924,0.95,280,0.4266294642857143
gp_dot_anch,coco_better·siglip,57,0.42995757142857144,0.085616,0.74374475,0.95,280,0.4266294642857143
gp_dot_anch,coco_better·siglip,58,0.4302336616541353,0.08822275,0.74688825,0.95,280,0.4266294642857143
gp_dot_anch,coco_better·siglip,59,0.43102723684210525,0.0879555,0.747946,0.95,280,0.4266294642857143
gp_dot_anch,coco_better·siglip,60,0.4314514436090226,0.08916675,0.7498875,0.95,280,0.4266294642857143
gp_dot_anch,coco_better·siglip,61,0.4320212706766917,0.089311,0.7512695,0.95,280,0.4266294642857143
gp_dot_anch,coco_better·siglip,62,0.43324745112781954,0.09184824999999999,0.7797895,0.95,280,0.4266294642857143
gp_dot_anch,coco_better·siglip,63,0.43401189097744364,0.09232575,0.7841575,0.95,280,0.4266294642857143
gp_dot_anch,coco_better·siglip,64,0.432647734082397,0.09193899999999999,0.789501,0.9535714285714286,280,0.4266294642857143
gp_dot_anch,coco_better·siglip,65,0.4328008052434457,0.09162300000000001,0.7868055,0.9535714285714286,280,0.4266294642857143
gp_dot_anch,coco_better·siglip,66,0.43317081273408237,0.09243599999999999,0.774887,0.9535714285714286,280,0.4266294642857143
gp_dot_anch,coco_better·siglip,67,0.4334626029962547,0.0936555,0.7753865,0.9535714285714286,280,0.4266294642857143
gp_dot_anch,coco_better·siglip,68,0.43254291791044774,0.0923725,0.7761045,0.9571428571428572,280,0.4266294642857143
gp_dot_anch,coco_better·siglip,69,0.43291001865671636,0.092032,0.7749137500000001,0.9571428571428572,280,0.4266294642857143
gp_dot_anch,coco_better·siglip,70,0.4320109814126394,0.090596,0.769573,0.9607142857142857,280,0.4266294642857143
gp_dot_anch,coco_better·siglip,71,0.4327497955390335,0.090318,0.771342,0.9607142857142857,280,0.4266294642857143
gp_dot_anch,coco_better·siglip,72,0.4315767962962963,0.08994875,0.7607865,0.9642857142857143,280,0.4266294642857143
gp_dot_anch,coco_better·siglip,73,0.4315834666666667,0.0912305,0.75823225,0.9642857142857143,280,0.4266294642857143
gp_dot_anch,coco_better·siglip,74,0.4313682148148148,0.0905465,0.7642817500000001,0.9642857142857143,280,0.4266294642857143
gp_dot_anch,coco_better·siglip,75,0.42999151291512916,0.089091,0.762699,0.9678571428571429,280,0.4266294642857143
gp_dot_anch,coco_better·siglip,76,0.4302060221402214,0.08942549999999999,0.7621125,0.9678571428571429,280,0.4266294642857143
gp_dot_anch,coco_better·siglip,77,0.4306787638376384,0.0897925,0.770438,0.9678571428571429,280,0.4266294642857143
gp_dot_anch,coco_better·siglip,78,0.43089455350553507,0.089319,0.7631494999999999,0.9678571428571429,280,0.4266294642857143
gp_dot_anch,coco_better·siglip,79,0.43131899999999995,0.0884285,0.7682115,0.9678571428571429,280,0.4266294642857143
gp_dot_anch,coco_better·siglip,80,0.4302949522058823,0.08606675,0.7725115,0.9714285714285714,280,0.4266294642857143
gp_dot_anch,coco_better·siglip,81,0.43124737867647056,0.0866915,0.773504,0.9714285714285714,280,0.4266294642857143
gp_dot_anch,coco_better·siglip,82,0.4315482279411765,0.086955,0.778027,0.9714285714285714,280,0.4266294642857143
gp_dot_anch,coco_better·siglip,83,0.43164185661764704,0.08861575,0.7818697499999999,0.9714285714285714,280,0.4266294642857143
gp_dot_anch,coco_better·siglip,84,0.4320059264705882,0.0888015,0.7784595,0.9714285714285714,280,0.4266294642857143
gp_dot_anch,coco_better·siglip,85,0.43284611397058825,0.088051,0.7790225,0.9714285714285714,280,0.4266294642857143
gp_dot_anch,coco_better·siglip,86,0.4329979889705882,0.08836574999999999,0.778759,0.9714285714285714,280,0.4266294642857143
gp_dot_anch,coco_better·siglip,87,0.4333662610294117,0.088742,0.7837955000000001,0.9714285714285714,280,0.4266294642857143
gp_dot_anch,coco_better·siglip,88,0.43352405147058826,0.08922975,0.7820229999999999,0.9714285714285714,280,0.4266294642857143
gp_dot_anch,coco_better·siglip,89,0.4339855845588235,0.08989575,0.783079,0.9714285714285714,280,0.4266294642857143
gp_dot_anch,coco_better·siglip,90,0.4342376727941177,0.09026625,0.7840612499999999,0.9714285714285714,280,0.4266294642857143
gp_dot_anch,coco_better·siglip,91,0.4346065882352942,0.090065,0.78476225,0.9714285714285714,280,0.4266294642857143
gp_dot_anch,coco_better·siglip,92,0.4351075330882353,0.08943575000000001,0.7857385,0.9714285714285714,280,0.4266294642857143
gp_dot_anch,coco_better·siglip,93,0.4353865257352941,0.09261549999999999,0.78520875,0.9714285714285714,280,0.4266294642857143
gp_dot_anch,coco_better·siglip,94,0.43540380882352947,0.08870575,0.78740125,0.9714285714285714,280,0.4266294642857143
gp_dot_anch,coco_better·siglip,95,0.4358126544117647,0.08870600000000001,0.78892825,0.9714285714285714,280,0.4266294642857143
gp_dot_anch,coco_better·siglip,96,0.4374530073529412,0.093567,0.78857675,0.9714285714285714,280,0.4266294642857143
gp_dot_anch,coco_better·siglip,97,0.43657582417582413,0.08519,0.790465,0.975,280,0.4266294642857143
gp_dot_anch,coco_better·siglip,98,0.43479953284671535,0.087054,0.7892837500000001,0.9785714285714285,280,0.4266294642857143
gp_dot_anch,coco_better·siglip,99,0.43576939051094893,0.087411,0.7886740000000001,0.9785714285714285,280,0.4266294642857143
gp_dot_anch,coco_better·siglip,100,0.43632231386861314,0.08668474999999999,0.78947475,0.9785714285714285,280,0.4266294642857143
gp_dot_anch,coco_better·siglip,101,0.4365075109489051,0.08322825,0.7890820000000001,0.9785714285714285,280,0.4266294642857143
gp_dot_anch,coco_better·siglip,102,0.4371271605839416,0.08313899999999999,0.78942075,0.9785714285714285,280,0.4266294642857143
gp_dot_anch,coco_better·siglip,103,0.4378149598540146,0.084353,0.7898795000000001,0.9785714285714285,280,0.4266294642857143
gp_dot_anch,coco_better·siglip,104,0.43645148,0.082904,0.7915114999999999,0.9821428571428571,280,0.4266294642857143
gp_dot_anch,coco_better·siglip,105,0.4369922036363636,0.081927,0.791222,0.9821428571428571,280,0.4266294642857143
gp_dot_anch,coco_better·siglip,106,0.4368093418181818,0.08296200000000001,0.7930235,0.9821428571428571,280,0.4266294642857143
gp_dot_anch,coco_better·siglip,107,0.4372073636363636,0.08320749999999999,0.796316,0.9821428571428571,280,0.4266294642857143
gp_dot_anch,coco_better·siglip,108,0.43748684727272724,0.0837235,0.7953215,0.9821428571428571,280,0.4266294642857143
gp_dot_anch,coco_better·siglip,109,0.4379859163636363,0.083736,0.7955705,0.9821428571428571,280,0.4266294642857143
gp_dot_anch,coco_better·siglip,110,0.43833221454545457,0.088872,0.7971085,0.9821428571428571,280,0.4266294642857143
gp_dot_anch,coco_better·siglip,111,0.4372781521739131,0.08695675,0.7980225000000001,0.9857142857142858,280,0.4266294642857143
gp_dot_anch,coco_better·siglip,112,0.43602154151624545,0.086776,0.798479,0.9892857142857143,280,0.4266294642857143
gp_dot_anch,coco_better·siglip,113,0.4360484981949459,0.087096,0.798956,0.9892857142857143,280,0.4266294642857143
gp_dot_anch,coco_better·siglip,114,0.4363790974729242,0.087433,0.795402,0.9892857142857143,280,0.4266294642857143
gp_dot_anch,coco_better·siglip,115,0.43642916967509027,0.085575,0.795562,0.9892857142857143,280,0.4266294642857143
gp_dot_anch,coco_better·siglip,116,0.43660476895306866,0.085617,0.796782,0.9892857142857143,280,0.4266294642857143
gp_dot_anch,coco_better·siglip,117,0.43647977978339353,0.085426,0.794363,0.9892857142857143,280,0.4266294642857143
gp_dot_anch,coco_better·siglip,118,0.4367013718411552,0.090796,0.795024,0.9892857142857143,280,0.4266294642857143
gp_dot_anch,coco_better·siglip,119,0.4356133417266187,0.0869225,0.799916,0.9928571428571429,280,0.4266294642857143
gp_dot_anch,coco_better·siglip,120,0.4356056942446043,0.086604,0.8030252499999999,0.9928571428571429,280,0.4266294642857143
gp_dot_anch,coco_better·siglip,121,0.43607841726618707,0.08646225,0.8055607499999999,0.9928571428571429,280,0.4266294642857143
gp_dot_anch,coco_better·siglip,122,0.4363289028776979,0.08699499999999999,0.806114,0.9928571428571429,280,0.4266294642857143
gp_dot_anch,coco_better·siglip,123,0.4362242338129496,0.08423125,0.80126825,0.9928571428571429,280,0.4266294642857143
gp_dot_anch,coco_better·siglip,124,0.4360414064748202,0.08599775,0.80766375,0.9928571428571429,280,0.4266294642857143
gp_dot_anch,coco_better·siglip,125,0.43665857913669065,0.08493875000000001,0.80900575,0.9928571428571429,280,0.4266294642857143
gp_dot_anch,coco_better·siglip,126,0.43672662949640284,0.084784,0.809016,0.9928571428571429,280,0.4266294642857143
gp_dot_anch,coco_better·siglip,127,0.4366952122302159,0.08445575,0.8063545000000001,0.9928571428571429,280,0.4266294642857143
gp_dot_anch,coco_better·siglip,128,0.43659339568345323,0.084886,0.80813625,0.9928571428571429,280,0.4266294642857143
gp_dot_anch,coco_better·siglip,129,0.43683533812949643,0.0850675,0.80933975,0.9928571428571429,280,0.4266294642857143
gp_dot_anch,coco_better·siglip,130,0.4375879028776979,0.090948,0.8116442500000001,0.9928571428571429,280,0.4266294642857143
gp_dot_anch,coco_better·siglip,131,0.43774958273381287,0.09299525,0.8088887499999999,0.9928571428571429,280,0.4266294642857143
gp_dot_anch,coco_better·siglip,132,0.43645386379928314,0.091757,0.811188,0.9964285714285714,280,0.4266294642857143
gp_dot_anch,coco_better·siglip,133,0.4360594982078853,0.091912,0.8142935,0.9964285714285714,280,0.4266294642857143
gp_dot_anch,coco_better·siglip,134,0.4362282043010753,0.092108,0.8137205000000001,0.9964285714285714,280,0.4266294642857143
gp_dot_anch,coco_better·siglip,135,0.43619970609319,0.0934865,0.8145785000000001,0.9964285714285714,280,0.4266294642857143
gp_dot_anch,coco_better·siglip,136,0.4362663010752688,0.09212899999999999,0.8146295,0.9964285714285714,280,0.4266294642857143
gp_dot_anch,coco_better·siglip,137,0.4367067598566309,0.09289449999999999,0.8157955,0.9964285714285714,280,0.4266294642857143
gp_dot_anch,coco_better·siglip,138,0.4367549641577061,0.0924165,0.815463,0.9964285714285714,280,0.4266294642857143
gp_dot_anch,coco_better·siglip,139,0.43698420430107526,0.0923165,0.8141745,0.9964285714285714,280,0.4266294642857143
gp_dot_anch,coco_better·siglip,140,0.43529570714285715,0.09100225,0.8154245,1.0,280,0.4266294642857143
gp_dot_anch,coco_better·siglip,141,0.4357698714285715,0.0921145,0.8145804999999999,1.0,280,0.4266294642857143
gp_dot_anch,coco_better·siglip,142,0.43590729642857146,0.09300924999999999,0.81341,1.0,280,0.4266294642857143
gp_dot_anch,coco_better·siglip,143,0.4361583,0.093022,0.813037,1.0,280,0.4266294642857143
gp_dot_anch,coco_better·siglip,144,0.4367085821428571,0.09393175,0.81290475,1.0,280,0.4266294642857143
gp_dot_anch,coco_better·siglip,145,0.43734856785714293,0.09373975000000001,0.813481,1.0,280,0.4266294642857143
gp_dot_anch,coco_better·siglip,146,0.4374222928571429,0.09463774999999999,0.8141455,1.0,280,0.4266294642857143
gp_dot_anch,coco_better·siglip,147,0.4368665214285714,0.09340175,0.81323175,1.0,280,0.4266294642857143
gp_dot_anch,coco_better·siglip,148,0.4370596178571428,0.09494775,0.8141685,1.0,280,0.4266294642857143
gp_dot_anch,coco_better·siglip,149,0.43729082857142854,0.09530175,0.8143265,1.0,280,0.4266294642857143
gp_dot_anch,coco_better·siglip,150,0.43772743214285714,0.09480825,0.814269,1.0,280,0.4266294642857143
gp_rbf_anch_maxvar,coco_better·siglip,0,0.4266294642857143,0.050833,0.7892637499999999,1.0,280,0.4266294642857143
gp_rbf_anch_maxvar,coco_better·siglip,1,,,,0.0,280,0.4266294642857143
gp_rbf_anch_maxvar,coco_better·siglip,2,0.07812018918918918,0.007526,0.0832,0.13214285714285715,280,0.4266294642857143
gp_rbf_anch_maxvar,coco_better·siglip,3,0.10396869696969696,0.0108995,0.12618225,0.2357142857142857,280,0.4266294642857143
gp_rbf_anch_maxvar,coco_better·siglip,4,0.38592952884615384,0.080807,0.69180575,0.7428571428571429,280,0.4266294642857143
gp_rbf_anch_maxvar,coco_better·siglip,5,0.3471077761904762,0.049902,0.627485,0.75,280,0.4266294642857143
gp_rbf_anch_maxvar,coco_better·siglip,6,0.3465013990610329,0.049481,0.632406,0.7607142857142857,280,0.4266294642857143
gp_rbf_anch_maxvar,coco_better·siglip,7,0.3494468302752293,0.04732625,0.6545285,0.7785714285714286,280,0.4266294642857143
gp_rbf_anch_maxvar,coco_better·siglip,8,0.3730897477477477,0.05028875,0.69477525,0.7928571428571428,280,0.4266294642857143
gp_rbf_anch_maxvar,coco_better·siglip,9,0.3872093348214286,0.054016999999999996,0.72638475,0.8,280,0.4266294642857143
gp_rbf_anch_maxvar,coco_better·siglip,10,0.3837053688888889,0.044125,0.718991,0.8035714285714286,280,0.4266294642857143
gp_rbf_anch_maxvar,coco_better·siglip,11,0.39659388986784144,0.053058499999999995,0.7332434999999999,0.8107142857142857,280,0.4266294642857143
gp_rbf_anch_maxvar,coco_better·siglip,12,0.4087714537444934,0.0600135,0.7279345,0.8107142857142857,280,0.4266294642857143
gp_rbf_anch_maxvar,coco_better·siglip,13,0.41375939999999994,0.06335475,0.7250414999999999,0.8214285714285714,280,0.4266294642857143
gp_rbf_anch_maxvar,coco_better·siglip,14,0.41105215744680856,0.050520999999999996,0.7478165,0.8392857142857143,280,0.4266294642857143
gp_rbf_anch_maxvar,coco_better·siglip,15,0.4153165949367089,0.054184,0.746887,0.8464285714285714,280,0.4266294642857143
gp_rbf_anch_maxvar,coco_better·siglip,16,0.4172554831932773,0.057493,0.765298,0.85,280,0.4266294642857143
gp_rbf_anch_maxvar,coco_better·siglip,17,0.4188525708333334,0.0616985,0.75811275,0.8571428571428571,280,0.4266294642857143
gp_rbf_anch_maxvar,coco_better·siglip,18,0.4233102541666666,0.06879149999999999,0.75936225,0.8571428571428571,280,0.4266294642857143
gp_rbf_anch_maxvar,coco_better·siglip,19,0.42861594583333334,0.07171,0.771948,0.8571428571428571,280,0.4266294642857143
gp_rbf_anch_maxvar,coco_better·siglip,20,0.43496098333333333,0.07469875,0.76178175,0.8571428571428571,280,0.4266294642857143
gp_rbf_anch_maxvar,coco_better·siglip,21,0.432378487704918,0.07000250000000001,0.766559,0.8714285714285714,280,0.4266294642857143
gp_rbf_anch_maxvar,coco_better·siglip,22,0.43366282857142857,0.072644,0.768453,0.875,280,0.4266294642857143
gp_rbf_anch_maxvar,coco_better·siglip,23,0.4316658623481781,0.0747125,0.7743315,0.8821428571428571,280,0.4266294642857143
gp_rbf_anch_maxvar,coco_better·siglip,24,0.4358150642570281,0.072389,0.780427,0.8892857142857142,280,0.4266294642857143
gp_rbf_anch_maxvar,coco_better·siglip,25,0.4396613815261044,0.072402,0.775374,0.8892857142857142,280,0.4266294642857143
gp_rbf_anch_maxvar,coco_better·siglip,26,0.44076516400000004,0.07232275,0.781658,0.8928571428571429,280,0.4266294642857143
gp_rbf_anch_maxvar,coco_better·siglip,27,0.4422003849206349,0.06972675,0.78910125,0.9,280,0.4266294642857143
gp_rbf_anch_maxvar,coco_better·siglip,28,0.44759588888888885,0.0719435,0.80212075,0.9,280,0.4266294642857143
gp_rbf_anch_maxvar,coco_better·siglip,29,0.4509637976190476,0.076567,0.80323325,0.9,280,0.4266294642857143
gp_rbf_anch_maxvar,coco_better·siglip,30,0.45422288142292494,0.074854,0.806352,0.9035714285714286,280,0.4266294642857143
gp_rbf_anch_maxvar,coco_better·siglip,31,0.45608881960784314,0.078371,0.819306,0.9107142857142857,280,0.4266294642857143
gp_rbf_anch_maxvar,coco_better·siglip,32,0.45631012062256815,0.076581,0.821112,0.9178571428571428,280,0.4266294642857143
gp_rbf_anch_maxvar,coco_better·siglip,33,0.45716871317829455,0.0818775,0.8190175000000001,0.9214285714285714,280,0.4266294642857143
gp_rbf_anch_maxvar,coco_better·siglip,34,0.46123331782945737,0.08442825000000001,0.815501,0.9214285714285714,280,0.4266294642857143
gp_rbf_anch_maxvar,coco_better·siglip,35,0.46374083783783787,0.08507200000000001,0.8259925,0.925,280,0.4266294642857143
gp_rbf_anch_maxvar,coco_better·siglip,36,0.46751562162162164,0.0834645,0.8254635,0.925,280,0.4266294642857143
gp_rbf_anch_maxvar,coco_better·siglip,37,0.46895002702702704,0.082772,0.8242214999999999,0.925,280,0.4266294642857143
gp_rbf_anch_maxvar,coco_better·siglip,38,0.4713062007722008,0.0889765,0.828235,0.925,280,0.4266294642857143
gp_rbf_anch_maxvar,coco_better·siglip,39,0.4721726653846154,0.09000675,0.83042125,0.9285714285714286,280,0.4266294642857143
gp_rbf_anch_maxvar,coco_better·siglip,40,0.47285442911877396,0.089252,0.830901,0.9321428571428572,280,0.4266294642857143
gp_rbf_anch_maxvar,coco_better·siglip,41,0.4707983371212121,0.08243975,0.84804125,0.9428571428571428,280,0.4266294642857143
gp_rbf_anch_maxvar,coco_better·siglip,42,0.473546821969697,0.08377575,0.84818775,0.9428571428571428,280,0.4266294642857143
gp_rbf_anch_maxvar,coco_better·siglip,43,0.47563692803030305,0.0878655,0.8581295,0.9428571428571428,280,0.4266294642857143
gp_rbf_anch_maxvar,coco_better·siglip,44,0.47813442803030304,0.08895700000000001,0.86281125,0.9428571428571428,280,0.4266294642857143
gp_rbf_anch_maxvar,coco_better·siglip,45,0.48187890530303024,0.095527,0.87543025,0.9428571428571428,280,0.4266294642857143
gp_rbf_anch_maxvar,coco_better·siglip,46,0.48351824621212125,0.095099,0.8721135,0.9428571428571428,280,0.4266294642857143
gp_rbf_anch_maxvar,coco_better·siglip,47,0.4856120795454546,0.094434,0.8760939999999999,0.9428571428571428,280,0.4266294642857143
gp_rbf_anch_maxvar,coco_better·siglip,48,0.48670976515151515,0.0991285,0.877568,0.9428571428571428,280,0.4266294642857143
gp_rbf_anch_maxvar,coco_better·siglip,49,0.4882251893939394,0.09905900000000001,0.879715,0.9428571428571428,280,0.4266294642857143
gp_rbf_anch_maxvar,coco_better·siglip,50,0.4873761283018868,0.096973,0.878931,0.9464285714285714,280,0.4266294642857143
gp_rbf_anch_maxvar,coco_better·siglip,51,0.48844193962264154,0.100089,0.883956,0.9464285714285714,280,0.4266294642857143
gp_rbf_anch_maxvar,coco_better·siglip,52,0.4892062113207548,0.097583,0.881221,0.9464285714285714,280,0.4266294642857143
gp_rbf_anch_maxvar,coco_better·siglip,53,0.49045583396226416,0.103198,0.883132,0.9464285714285714,280,0.4266294642857143
gp_rbf_anch_maxvar,coco_better·siglip,54,0.49214172830188674,0.102459,0.885213,0.9464285714285714,280,0.4266294642857143
gp_rbf_anch_maxvar,coco_better·siglip,55,0.493448984962406,0.10004275,0.88541125,0.95,280,0.4266294642857143
gp_rbf_anch_maxvar,coco_better·siglip,56,0.4956101917293232,0.10679899999999999,0.890868,0.95,280,0.4266294642857143
gp_rbf_anch_maxvar,coco_better·siglip,57,0.49720761654135337,0.10777125,0.88970875,0.95,280,0.4266294642857143
gp_rbf_anch_maxvar,coco_better·siglip,58,0.49799922932330837,0.11201125,0.892426,0.95,280,0.4266294642857143
gp_rbf_anch_maxvar,coco_better·siglip,59,0.5000600977443609,0.11351425,0.8916625,0.95,280,0.4266294642857143
gp_rbf_anch_maxvar,coco_better·siglip,60,0.500630007518797,0.11986374999999999,0.89317975,0.95,280,0.4266294642857143
gp_rbf_anch_maxvar,coco_better·siglip,61,0.502186879699248,0.1236165,0.8931865,0.95,280,0.4266294642857143
gp_rbf_anch_maxvar,coco_better·siglip,62,0.5028869060150376,0.122131,0.8905595,0.95,280,0.4266294642857143
gp_rbf_anch_maxvar,coco_better·siglip,63,0.5033126165413534,0.12164425000000001,0.8940605,0.95,280,0.4266294642857143
gp_rbf_anch_maxvar,coco_better·siglip,64,0.5020313670411984,0.1209075,0.8957634999999999,0.9535714285714286,280,0.4266294642857143
gp_rbf_anch_maxvar,coco_better·siglip,65,0.5031653033707866,0.120322,0.8974949999999999,0.9535714285714286,280,0.4266294642857143
gp_rbf_anch_maxvar,coco_better·siglip,66,0.5046591722846442,0.11941850000000001,0.8979630000000001,0.9535714285714286,280,0.4266294642857143
gp_rbf_anch_maxvar,coco_better·siglip,67,0.5060569999999999,0.116872,0.8969585,0.9535714285714286,280,0.4266294642857143
gp_rbf_anch_maxvar,coco_better·siglip,68,0.5054297425373134,0.1170035,0.9000487500000001,0.9571428571428572,280,0.4266294642857143
gp_rbf_anch_maxvar,coco_better·siglip,69,0.505322973880597,0.11757025,0.9000127499999999,0.9571428571428572,280,0.4266294642857143
gp_rbf_anch_maxvar,coco_better·siglip,70,0.5036418215613383,0.117434,0.900965,0.9607142857142857,280,0.4266294642857143
gp_rbf_anch_maxvar,coco_better·siglip,71,0.506763249070632,0.122267,0.900599,0.9607142857142857,280,0.4266294642857143
gp_rbf_anch_maxvar,coco_better·siglip,72,0.5056342555555556,0.11566875,0.902668,0.9642857142857143,280,0.4266294642857143
gp_rbf_anch_maxvar,coco_better·siglip,73,0.5061085592592593,0.1154445,0.9002917500000001,0.9642857142857143,280,0.4266294642857143
gp_rbf_anch_maxvar,coco_better·siglip,74,0.5076240851851852,0.11799825,0.89924,0.9642857142857143,280,0.4266294642857143
gp_rbf_anch_maxvar,coco_better·siglip,75,0.507971442804428,0.12058150000000001,0.902876,0.9678571428571429,280,0.4266294642857143
gp_rbf_anch_maxvar,coco_better·siglip,76,0.5093289926199261,0.122527,0.905616,0.9678571428571429,280,0.4266294642857143
gp_rbf_anch_maxvar,coco_better·siglip,77,0.5103899926199261,0.12255150000000001,0.9023515,0.9678571428571429,280,0.4266294642857143
gp_rbf_anch_maxvar,coco_better·siglip,78,0.5111839963099631,0.1197075,0.9002924999999999,0.9678571428571429,280,0.4266294642857143
gp_rbf_anch_maxvar,coco_better·siglip,79,0.5126055830258303,0.125766,0.9014645,0.9678571428571429,280,0.4266294642857143
gp_rbf_anch_maxvar,coco_better·siglip,80,0.5105501691176471,0.12249674999999999,0.9031757499999999,0.9714285714285714,280,0.4266294642857143
gp_rbf_anch_maxvar,coco_better·siglip,81,0.5113865661764706,0.12186274999999999,0.899312,0.9714285714285714,280,0.4266294642857143
gp_rbf_anch_maxvar,coco_better·siglip,82,0.5114806139705882,0.12125375,0.90377625,0.9714285714285714,280,0.4266294642857143
gp_rbf_anch_maxvar,coco_better·siglip,83,0.5129464191176472,0.12116,0.9017620000000001,0.9714285714285714,280,0.4266294642857143
gp_rbf_anch_maxvar,coco_better·siglip,84,0.5143227132352941,0.12269475,0.90454225,0.9714285714285714,280,0.4266294642857143
gp_rbf_anch_maxvar,coco_better·siglip,85,0.5160261507352941,0.1231575,0.9056985,0.9714285714285714,280,0.4266294642857143
gp_rbf_anch_maxvar,coco_better·siglip,86,0.5161705477941176,0.12321175,0.90383775,0.9714285714285714,280,0.4266294642857143
gp_rbf_anch_maxvar,coco_better·siglip,87,0.516657294117647,0.1282395,0.90351325,0.9714285714285714,280,0.4266294642857143
gp_rbf_anch_maxvar,coco_better·siglip,88,0.5172489264705883,0.130721,0.9061155000000001,0.9714285714285714,280,0.4266294642857143
gp_rbf_anch_maxvar,coco_better·siglip,89,0.5184394117647059,0.1319205,0.90383575,0.9714285714285714,280,0.4266294642857143
gp_rbf_anch_maxvar,coco_better·siglip,90,0.5190958970588235,0.137999,0.9045305,0.9714285714285714,280,0.4266294642857143
gp_rbf_anch_maxvar,coco_better·siglip,91,0.5196947794117647,0.13802775,0.90510475,0.9714285714285714,280,0.4266294642857143
gp_rbf_anch_maxvar,coco_better·siglip,92,0.5209433124999999,0.13648725,0.902131,0.9714285714285714,280,0.4266294642857143
gp_rbf_anch_maxvar,coco_better·siglip,93,0.5214814889705882,0.13506975000000002,0.9062144999999999,0.9714285714285714,280,0.4266294642857143
gp_rbf_anch_maxvar,coco_better·siglip,94,0.5226397095588234,0.1328715,0.9098795,0.9714285714285714,280,0.4266294642857143
gp_rbf_anch_maxvar,coco_better·siglip,95,0.523037875,0.1361225,0.91043975,0.9714285714285714,280,0.4266294642857143
gp_rbf_anch_maxvar,coco_better·siglip,96,0.5242765147058823,0.13890249999999998,0.90810525,0.9714285714285714,280,0.4266294642857143
gp_rbf_anch_maxvar,coco_better·siglip,97,0.523332542124542,0.139637,0.909731,0.975,280,0.4266294642857143
gp_rbf_anch_maxvar,coco_better·siglip,98,0.5219907919708029,0.13866,0.91104675,0.9785714285714285,280,0.4266294642857143
gp_rbf_anch_maxvar,coco_better·siglip,99,0.5230083613138685,0.141557,0.90836525,0.9785714285714285,280,0.4266294642857143
gp_rbf_anch_maxvar,coco_better·siglip,100,0.5244156532846717,0.138381,0.9079155,0.9785714285714285,280,0.4266294642857143
gp_rbf_anch_maxvar,coco_better·siglip,101,0.5249890620437957,0.146458,0.90971775,0.9785714285714285,280,0.4266294642857143
gp_rbf_anch_maxvar,coco_better·siglip,102,0.5253512335766423,0.14580575,0.9071815000000001,0.9785714285714285,280,0.4266294642857143
gp_rbf_anch_maxvar,coco_better·siglip,103,0.5249615985401459,0.13645174999999998,0.9074880000000001,0.9785714285714285,280,0.4266294642857143
gp_rbf_anch_maxvar,coco_better·siglip,104,0.5241030363636363,0.136325,0.9076365,0.9821428571428571,280,0.4266294642857143
gp_rbf_anch_maxvar,coco_better·siglip,105,0.5248419018181818,0.132174,0.9084289999999999,0.9821428571428571,280,0.4266294642857143
gp_rbf_anch_maxvar,coco_better·siglip,106,0.526112269090909,0.140182,0.9114525,0.9821428571428571,280,0.4266294642857143
gp_rbf_anch_maxvar,coco_better·siglip,107,0.5266968109090908,0.147161,0.912801,0.9821428571428571,280,0.4266294642857143
gp_rbf_anch_maxvar,coco_better·siglip,108,0.5276249018181818,0.1399385,0.9132845,0.9821428571428571,280,0.4266294642857143
gp_rbf_anch_maxvar,coco_better·siglip,109,0.5287037963636363,0.14748,0.912431,0.9821428571428571,280,0.4266294642857143
gp_rbf_anch_maxvar,coco_better·siglip,110,0.5287629236363637,0.14020500000000002,0.9128315,0.9821428571428571,280,0.4266294642857143
gp_rbf_anch_maxvar,coco_better·siglip,111,0.527323365942029,0.13678649999999998,0.91071225,0.9857142857142858,280,0.4266294642857143
gp_rbf_anch_maxvar,coco_better·siglip,112,0.5262384404332131,0.136843,0.910416,0.9892857142857143,280,0.4266294642857143
gp_rbf_anch_maxvar,coco_better·siglip,113,0.5265003646209386,0.139958,0.909876,0.9892857142857143,280,0.4266294642857143
gp_rbf_anch_maxvar,coco_better·siglip,114,0.5267207545126354,0.140852,0.909325,0.9892857142857143,280,0.4266294642857143
gp_rbf_anch_maxvar,coco_better·siglip,115,0.52765880866426,0.133691,0.910043,0.9892857142857143,280,0.4266294642857143
gp_rbf_anch_maxvar,coco_better·siglip,116,0.5282337906137184,0.13775,0.910235,0.9892857142857143,280,0.4266294642857143
gp_rbf_anch_maxvar,coco_better·siglip,117,0.5284575234657041,0.142759,0.910368,0.9892857142857143,280,0.4266294642857143
gp_rbf_anch_maxvar,coco_better·siglip,118,0.529088631768953,0.151495,0.910484,0.9892857142857143,280,0.4266294642857143
gp_rbf_anch_maxvar,coco_better·siglip,119,0.5276473345323741,0.15065525,0.91077825,0.9928571428571429,280,0.4266294642857143
gp_rbf_anch_maxvar,coco_better·siglip,120,0.528055107913669,0.15132075,0.9108835,0.9928571428571429,280,0.4266294642857143
gp_rbf_anch_maxvar,coco_better·siglip,121,0.528661082733813,0.14733425,0.911059,0.9928571428571429,280,0.4266294642857143
gp_rbf_anch_maxvar,coco_better·siglip,122,0.5290845935251798,0.138275,0.9118505,0.9928571428571429,280,0.4266294642857143
gp_rbf_anch_maxvar,coco_better·siglip,123,0.5299340863309353,0.14683400000000002,0.9125275,0.9928571428571429,280,0.4266294642857143
gp_rbf_anch_maxvar,coco_better·siglip,124,0.5307309244604317,0.15065875,0.912725,0.9928571428571429,280,0.4266294642857143
gp_rbf_anch_maxvar,coco_better·siglip,125,0.5311475215827339,0.15373025,0.91339675,0.9928571428571429,280,0.4266294642857143
gp_rbf_anch_maxvar,coco_better·siglip,126,0.5312598417266187,0.1585705,0.91344025,0.9928571428571429,280,0.4266294642857143
gp_rbf_anch_maxvar,coco_better·siglip,127,0.5322187086330935,0.15468025000000002,0.9154362500000001,0.9928571428571429,280,0.4266294642857143
gp_rbf_anch_maxvar,coco_better·siglip,128,0.532929071942446,0.1563565,0.9122515,0.9928571428571429,280,0.4266294642857143
gp_rbf_anch_maxvar,coco_better·siglip,129,0.5331734712230216,0.1499345,0.91196,0.9928571428571429,280,0.4266294642857143
gp_rbf_anch_maxvar,coco_better·siglip,130,0.5342478417266187,0.1527355,0.91149075,0.9928571428571429,280,0.4266294642857143
gp_rbf_anch_maxvar,coco_better·siglip,131,0.534091679856115,0.15108425,0.9110145,0.9928571428571429,280,0.4266294642857143
gp_rbf_anch_maxvar,coco_better·siglip,132,0.5328453118279569,0.1463395,0.911231,0.9964285714285714,280,0.4266294642857143
gp_rbf_anch_maxvar,coco_better·siglip,133,0.533024347670251,0.1431315,0.9109225000000001,0.9964285714285714,280,0.4266294642857143
gp_rbf_anch_maxvar,coco_better·siglip,134,0.5336992329749104,0.151975,0.910838,0.9964285714285714,280,0.4266294642857143
gp_rbf_anch_maxvar,coco_better·siglip,135,0.5340180752688172,0.157704,0.9110005,0.9964285714285714,280,0.4266294642857143
gp_rbf_anch_maxvar,coco_better·siglip,136,0.5344098422939069,0.1591435,0.9109435,0.9964285714285714,280,0.4266294642857143
gp_rbf_anch_maxvar,coco_better·siglip,137,0.5347210645161291,0.16157,0.9112359999999999,0.9964285714285714,280,0.4266294642857143
gp_rbf_anch_maxvar,coco_better·siglip,138,0.5347741756272402,0.16635149999999999,0.911745,0.9964285714285714,280,0.4266294642857143
gp_rbf_anch_maxvar,coco_better·siglip,139,0.5360642007168459,0.16773749999999998,0.9110485,0.9964285714285714,280,0.4266294642857143
gp_rbf_anch_maxvar,coco_better·siglip,140,0.5342475035714285,0.16617425,0.908808,1.0,280,0.4266294642857143
gp_rbf_anch_maxvar,coco_better·siglip,141,0.5351203,0.1655525,0.90898925,1.0,280,0.4266294642857143
gp_rbf_anch_maxvar,coco_better·siglip,142,0.5358562892857143,0.16899475,0.9102915,1.0,280,0.4266294642857143
gp_rbf_anch_maxvar,coco_better·siglip,143,0.5369367857142858,0.16921650000000002,0.9107715000000001,1.0,280,0.4266294642857143
gp_rbf_anch_maxvar,coco_better·siglip,144,0.5378928857142857,0.17578825,0.9112399999999999,1.0,280,0.4266294642857143
gp_rbf_anch_maxvar,coco_better·siglip,145,0.538865025,0.17321525,0.9109185,1.0,280,0.4266294642857143
gp_rbf_anch_maxvar,coco_better·siglip,146,0.5388686071428572,0.17442875,0.9115105,1.0,280,0.4266294642857143
gp_rbf_anch_maxvar,coco_better·siglip,147,0.5389887464285715,0.17607899999999999,0.912703,1.0,280,0.4266294642857143
gp_rbf_anch_maxvar,coco_better·siglip,148,0.5389510000000001,0.17455625000000002,0.912263,1.0,280,0.4266294642857143
gp_rbf_anch_maxvar,coco_better·siglip,149,0.5391917964285714,0.17531125,0.91257,1.0,280,0.4266294642857143
gp_rbf_anch_maxvar,coco_better·siglip,150,0.5394433035714286,0.17432999999999998,0.912794,1.0,280,0.4266294642857143
app,coco_better·siglip2_l,0,0.49676547368421053,0.101297,0.897979,1.0,285,0.49676547368421053
app,coco_better·siglip2_l,1,,,,0.0,285,0.49676547368421053
app,coco_better·siglip2_l,2,0.026851399999999997,0.00706675,0.039291,0.14035087719298245,285,0.49676547368421053
app,coco_better·siglip2_l,3,0.03763498333333333,0.008683,0.046387250000000005,0.21052631578947367,285,0.49676547368421053
app,coco_better·siglip2_l,4,0.35199278838174275,0.054127,0.663234,0.8456140350877193,285,0.49676547368421053
app,coco_better·siglip2_l,5,0.38815645934959353,0.061904,0.7282347499999999,0.8631578947368421,285,0.49676547368421053
app,coco_better·siglip2_l,6,0.4053573293650793,0.0667545,0.764945,0.8842105263157894,285,0.49676547368421053
app,coco_better·siglip2_l,7,0.4155010354330709,0.07174050000000001,0.7943735,0.8912280701754386,285,0.49676547368421053
app,coco_better·siglip2_l,8,0.4270508862745098,0.0928,0.795099,0.8947368421052632,285,0.49676547368421053
app,coco_better·siglip2_l,9,0.4345890233463035,0.091048,0.823824,0.9017543859649123,285,0.49676547368421053
app,coco_better·siglip2_l,10,0.4419561240310078,0.08507725000000001,0.8289695,0.9052631578947369,285,0.49676547368421053
app,coco_better·siglip2_l,11,0.44794413846153847,0.09130625,0.828592,0.9122807017543859,285,0.49676547368421053
app,coco_better·siglip2_l,12,0.4506719272030651,0.095141,0.819067,0.9157894736842105,285,0.49676547368421053
app,coco_better·siglip2_l,13,0.45468229118773945,0.100562,0.834044,0.9157894736842105,285,0.49676547368421053
app,coco_better·siglip2_l,14,0.4582916053639846,0.104633,0.833958,0.9157894736842105,285,0.49676547368421053
app,coco_better·siglip2_l,15,0.46054399618320613,0.1068875,0.8439485,0.9192982456140351,285,0.49676547368421053
app,coco_better·siglip2_l,16,0.463547106870229,0.104675,0.845415,0.9192982456140351,285,0.49676547368421053
app,coco_better·siglip2_l,17,0.46949427480916034,0.11373675,0.85346325,0.9192982456140351,285,0.49676547368421053
app,coco_better·siglip2_l,18,0.4717428320610687,0.11554975,0.8573255,0.9192982456140351,285,0.49676547368421053
app,coco_better·siglip2_l,19,0.470642678030303,0.11233275,0.85932525,0.9263157894736842,285,0.49676547368421053
app,coco_better·siglip2_l,20,0.46782212359550557,0.101102,0.859212,0.9368421052631579,285,0.49676547368421053
app,coco_better·siglip2_l,21,0.4709584644194756,0.110679,0.862078,0.9368421052631579,285,0.49676547368421053
app,coco_better·siglip2_l,22,0.4718949513108615,0.11112849999999999,0.8574565000000001,0.9368421052631579,285,0.49676547368421053
app,coco_better·siglip2_l,23,0.47310012359550563,0.111989,0.863996,0.9368421052631579,285,0.49676547368421053
app,coco_better·siglip2_l,24,0.475054808988764,0.11249200000000001,0.8625480000000001,0.9368421052631579,285,0.49676547368421053
app,coco_better·siglip2_l,25,0.47606583146067416,0.1143555,0.8630800000000001,0.9368421052631579,285,0.49676547368421053
app,coco_better·siglip2_l,26,0.47772057677902624,0.1117205,0.8625510000000001,0.9368421052631579,285,0.49676547368421053
app,coco_better·siglip2_l,27,0.47936106741573037,0.1072145,0.860066,0.9368421052631579,285,0.49676547368421053
app,coco_better·siglip2_l,28,0.4789663805970149,0.10504675,0.8605700000000001,0.9403508771929825,285,0.49676547368421053
app,coco_better·siglip2_l,29,0.4790018185185185,0.10708699999999999,0.8612025,0.9473684210526315,285,0.49676547368421053
app,coco_better·siglip2_l,30,0.4793735111111111,0.10884100000000001,0.86051725,0.9473684210526315,285,0.49676547368421053
app,coco_better·siglip2_l,31,0.48005837407407403,0.107694,0.86210425,0.9473684210526315,285,0.49676547368421053
app,coco_better·siglip2_l,32,0.481244,0.11153049999999999,0.8616295,0.9473684210526315,285,0.49676547368421053
app,coco_better·siglip2_l,33,0.4824687592592593,0.11107725,0.868295,0.9473684210526315,285,0.49676547368421053
app,coco_better·siglip2_l,34,0.4829014518518519,0.11105275,0.86940225,0.9473684210526315,285,0.49676547368421053
app,coco_better·siglip2_l,35,0.4840690407407407,0.11364550000000001,0.871356,0.9473684210526315,285,0.49676547368421053
app,coco_better·siglip2_l,36,0.4851365296296296,0.11813850000000001,0.8707280000000001,0.9473684210526315,285,0.49676547368421053
app,coco_better·siglip2_l,37,0.48626630370370366,0.119287,0.8712675,0.9473684210526315,285,0.49676547368421053
app,coco_better·siglip2_l,38,0.4866074444444444,0.12127875,0.8723047500000001,0.9473684210526315,285,0.49676547368421053
app,coco_better·siglip2_l,39,0.4874643740740741,0.1216525,0.87139225,0.9473684210526315,285,0.49676547368421053
app,coco_better·siglip2_l,40,0.4884023481481481,0.12045700000000001,0.875694,0.9473684210526315,285,0.49676547368421053
app,coco_better·siglip2_l,41,0.48889721851851853,0.12064975,0.87506025,0.9473684210526315,285,0.49676547368421053
app,coco_better·siglip2_l,42,0.4881775592592594,0.12006875,0.87359575,0.9473684210526315,285,0.49676547368421053
app,coco_better·siglip2_l,43,0.48699091881918816,0.116619,0.87374,0.9508771929824561,285,0.49676547368421053
app,coco_better·siglip2_l,44,0.4876121771217712,0.118932,0.8735705,0.9508771929824561,285,0.49676547368421053
app,coco_better·siglip2_l,45,0.4860415992647058,0.11393500000000001,0.87494775,0.9543859649122807,285,0.49676547368421053
app,coco_better·siglip2_l,46,0.4846512527472528,0.114335,0.878502,0.9578947368421052,285,0.49676547368421053
app,coco_better·siglip2_l,47,0.48504769230769224,0.117647,0.87523,0.9578947368421052,285,0.49676547368421053
app,coco_better·siglip2_l,48,0.4851028754578755,0.112815,0.875927,0.9578947368421052,285,0.49676547368421053
app,coco_better·siglip2_l,49,0.4855308058608059,0.113859,0.876775,0.9578947368421052,285,0.49676547368421053
app,coco_better·siglip2_l,50,0.4859366776556776,0.113638,0.877553,0.9578947368421052,285,0.49676547368421053
app,coco_better·siglip2_l,51,0.4864670073260074,0.110936,0.875884,0.9578947368421052,285,0.49676547368421053
app,coco_better·siglip2_l,52,0.48708443956043956,0.109721,0.875725,0.9578947368421052,285,0.49676547368421053
app,coco_better·siglip2_l,53,0.4872428388278388,0.111325,0.876474,0.9578947368421052,285,0.49676547368421053
app,coco_better·siglip2_l,54,0.48755072161172164,0.109101,0.872683,0.9578947368421052,285,0.49676547368421053
app,coco_better·siglip2_l,55,0.4862967773722628,0.1091865,0.8737225,0.9614035087719298,285,0.49676547368421053
app,coco_better·siglip2_l,56,0.4851037018181819,0.1074425,0.872654,0.9649122807017544,285,0.49676547368421053
app,coco_better·siglip2_l,57,0.4854185854545455,0.107986,0.8755285,0.9649122807017544,285,0.49676547368421053
app,coco_better·siglip2_l,58,0.48567525454545457,0.107383,0.8762975,0.9649122807017544,285,0.49676547368421053
app,coco_better·siglip2_l,59,0.4844739746376811,0.10583124999999999,0.8758319999999999,0.968421052631579,285,0.49676547368421053
app,coco_better·siglip2_l,60,0.4846870326086956,0.1048235,0.8738115,0.968421052631579,285,0.49676547368421053
app,coco_better·siglip2_l,61,0.48346470758122734,0.10342,0.872098,0.9719298245614035,285,0.49676547368421053
app,coco_better·siglip2_l,62,0.4835571444043322,0.10707,0.87129,0.9719298245614035,285,0.49676547368421053
app,coco_better·siglip2_l,63,0.4816763417266187,0.107016,0.8713722500000001,0.9754385964912281,285,0.49676547368421053
app,coco_better·siglip2_l,64,0.4820707338129497,0.1063355,0.8730425,0.9754385964912281,285,0.49676547368421053
app,coco_better·siglip2_l,65,0.4821016690647483,0.1071095,0.87510725,0.9754385964912281,285,0.49676547368421053
app,coco_better·siglip2_l,66,0.4821688345323741,0.1070135,0.8750355,0.9754385964912281,285,0.49676547368421053
app,coco_better·siglip2_l,67,0.48221815827338127,0.10563075,0.87527575,0.9754385964912281,285,0.49676547368421053
app,coco_better·siglip2_l,68,0.48242426978417263,0.1056445,0.878699,0.9754385964912281,285,0.49676547368421053
app,coco_better·siglip2_l,69,0.4809434193548388,0.1031485,0.871921,0.9789473684210527,285,0.49676547368421053
app,coco_better·siglip2_l,70,0.4794901714285714,0.10356725,0.874243,0.9824561403508771,285,0.49676547368421053
app,coco_better·siglip2_l,71,0.4798044035714286,0.10397325,0.874332,0.9824561403508771,285,0.49676547368421053
app,coco_better·siglip2_l,72,0.47969654285714275,0.1041755,0.876749,0.9824561403508771,285,0.49676547368421053
app,coco_better·siglip2_l,73,0.4798083392857143,0.1040925,0.876276,0.9824561403508771,285,0.49676547368421053
app,coco_better·siglip2_l,74,0.4797221321428571,0.10493075,0.876134,0.9824561403508771,285,0.49676547368421053
app,coco_better·siglip2_l,75,0.4800305642857143,0.10601825,0.8794887499999999,0.9824561403508771,285,0.49676547368421053
app,coco_better·siglip2_l,76,0.4807889571428571,0.10645550000000001,0.88114775,0.9824561403508771,285,0.49676547368421053
app,coco_better·siglip2_l,77,0.4792655729537367,0.107279,0.880477,0.9859649122807017,285,0.49676547368421053
app,coco_better·siglip2_l,78,0.4775386312056737,0.10422375,0.878413,0.9894736842105263,285,0.49676547368421053
app,coco_better·siglip2_l,79,0.47753699645390074,0.104839,0.878583,0.9894736842105263,285,0.49676547368421053
app,coco_better·siglip2_l,80,0.47776876595744683,0.1058545,0.87886175,0.9894736842105263,285,0.49676547368421053
app,coco_better·siglip2_l,81,0.4776066524822694,0.1061815,0.87971425,0.9894736842105263,285,0.49676547368421053
app,coco_better·siglip2_l,82,0.4774897801418439,0.10692025,0.8789215,0.9894736842105263,285,0.49676547368421053
app,coco_better·siglip2_l,83,0.477688609929078,0.10643325,0.87999925,0.9894736842105263,285,0.49676547368421053
app,coco_better·siglip2_l,84,0.47958714893617027,0.1096615,0.88090575,0.9894736842105263,285,0.49676547368421053
app,coco_better·siglip2_l,85,0.4797543687943262,0.110152,0.8820895,0.9894736842105263,285,0.49676547368421053
app,coco_better·siglip2_l,86,0.4803032765957447,0.11005100000000001,0.88333175,0.9894736842105263,285,0.49676547368421053
app,coco_better·siglip2_l,87,0.4814672411347517,0.10600825,0.88309125,0.9894736842105263,285,0.49676547368421053
app,coco_better·siglip2_l,88,0.48192802836879434,0.1060195,0.88756525,0.9894736842105263,285,0.49676547368421053
app,coco_better·siglip2_l,89,0.48207717021276597,0.1060565,0.88792125,0.9894736842105263,285,0.49676547368421053
app,coco_better·siglip2_l,90,0.48202652482269503,0.1059165,0.8885005,0.9894736842105263,285,0.49676547368421053
app,coco_better·siglip2_l,91,0.48283420921985815,0.1089445,0.88841875,0.9894736842105263,285,0.49676547368421053
app,coco_better·siglip2_l,92,0.48274879432624107,0.10862075,0.8891439999999999,0.9894736842105263,285,0.49676547368421053
app,coco_better·siglip2_l,93,0.48287745035461,0.10893824999999999,0.8887535,0.9894736842105263,285,0.49676547368421053
app,coco_better·siglip2_l,94,0.48351533687943266,0.11007149999999999,0.88853475,0.9894736842105263,285,0.49676547368421053
app,coco_better·siglip2_l,95,0.48188430388692577,0.11035149999999999,0.887526,0.9929824561403509,285,0.49676547368421053
app,coco_better·siglip2_l,96,0.48187461130742043,0.1115505,0.8877444999999999,0.9929824561403509,285,0.49676547368421053
app,coco_better·siglip2_l,97,0.4819556607773852,0.1114175,0.8868535,0.9929824561403509,285,0.49676547368421053
app,coco_better·siglip2_l,98,0.4821713356890459,0.112268,0.886254,0.9929824561403509,285,0.49676547368421053
app,coco_better·siglip2_l,99,0.48219907067137807,0.11260300000000001,0.8865615,0.9929824561403509,285,0.49676547368421053
app,coco_better·siglip2_l,100,0.4823211060070671,0.112835,0.8896934999999999,0.9929824561403509,285,0.49676547368421053
app,coco_better·siglip2_l,101,0.4820357950530036,0.11221400000000001,0.8891605,0.9929824561403509,285,0.49676547368421053
app,coco_better·siglip2_l,102,0.4823506925795053,0.113347,0.8893025,0.9929824561403509,285,0.49676547368421053
app,coco_better·siglip2_l,103,0.4828113604240283,0.1134185,0.8888689999999999,0.9929824561403509,285,0.49676547368421053
app,coco_better·siglip2_l,104,0.482907558303887,0.113173,0.8891665,0.9929824561403509,285,0.49676547368421053
app,coco_better·siglip2_l,105,0.48310741342756186,0.112983,0.8885164999999999,0.9929824561403509,285,0.49676547368421053
app,coco_better·siglip2_l,106,0.483364703180212,0.112859,0.888682,0.9929824561403509,285,0.49676547368421053
app,coco_better·siglip2_l,107,0.48265008127208475,0.1134995,0.8892495,0.9929824561403509,285,0.49676547368421053
app,coco_better·siglip2_l,108,0.4825505830388692,0.11306350000000001,0.889113,0.9929824561403509,285,0.49676547368421053
app,coco_better·siglip2_l,109,0.4827056289752649,0.1136765,0.8882525,0.9929824561403509,285,0.49676547368421053
app,coco_better·siglip2_l,110,0.48273853356890456,0.1126585,0.887761,0.9929824561403509,285,0.49676547368421053
app,coco_better·siglip2_l,111,0.4834975901060071,0.11435100000000001,0.8873185,0.9929824561403509,285,0.49676547368421053
app,coco_better·siglip2_l,112,0.4835035441696113,0.114707,0.8897915000000001,0.9929824561403509,285,0.49676547368421053
app,coco_better·siglip2_l,113,0.483898148409894,0.114475,0.8891420000000001,0.9929824561403509,285,0.49676547368421053
app,coco_better·siglip2_l,114,0.48399014840989407,0.1136645,0.888603,0.9929824561403509,285,0.49676547368421053
app,coco_better·siglip2_l,115,0.48393177031802115,0.1136385,0.888089,0.9929824561403509,285,0.49676547368421053
app,coco_better·siglip2_l,116,0.4839473604240283,0.1139725,0.8903285000000001,0.9929824561403509,285,0.49676547368421053
app,coco_better·siglip2_l,117,0.48414584805653715,0.1152395,0.890727,0.9929824561403509,285,0.49676547368421053
app,coco_better·siglip2_l,118,0.48505833215547695,0.1202845,0.891564,0.9929824561403509,285,0.49676547368421053
app,coco_better·siglip2_l,119,0.48495234982332164,0.1155905,0.8888535,0.9929824561403509,285,0.49676547368421053
app,coco_better·siglip2_l,120,0.48498542049469967,0.1156185,0.8857745,0.9929824561403509,285,0.49676547368421053
app,coco_better·siglip2_l,121,0.48514269257950526,0.11596000000000001,0.8860159999999999,0.9929824561403509,285,0.49676547368421053
app,coco_better·siglip2_l,122,0.4853356925795054,0.11766650000000001,0.8859589999999999,0.9929824561403509,285,0.49676547368421053
app,coco_better·siglip2_l,123,0.4854238657243816,0.11977399999999999,0.886784,0.9929824561403509,285,0.49676547368421053
app,coco_better·siglip2_l,124,0.485506332155477,0.11938599999999999,0.8869245,0.9929824561403509,285,0.49676547368421053
app,coco_better·siglip2_l,125,0.48529113780918726,0.117837,0.8836485000000001,0.9929824561403509,285,0.49676547368421053
app,coco_better·siglip2_l,126,0.48587979505300355,0.119396,0.883443,0.9929824561403509,285,0.49676547368421053
app,coco_better·siglip2_l,127,0.48597049823321553,0.121478,0.88383,0.9929824561403509,285,0.49676547368421053
app,coco_better·siglip2_l,128,0.4862757385159011,0.1213725,0.8837375000000001,0.9929824561403509,285,0.49676547368421053
app,coco_better·siglip2_l,129,0.48628131448763257,0.121779,0.8834635,0.9929824561403509,285,0.49676547368421053
app,coco_better·siglip2_l,130,0.48660893992932863,0.121934,0.8864764999999999,0.9929824561403509,285,0.49676547368421053
app,coco_better·siglip2_l,131,0.48720359010600706,0.121908,0.8871945,0.9929824561403509,285,0.49676547368421053
app,coco_better·siglip2_l,132,0.48614671478873245,0.12166825,0.8857327500000001,0.9964912280701754,285,0.49676547368421053
app,coco_better·siglip2_l,133,0.4864547887323944,0.12114975,0.8853785000000001,0.9964912280701754,285,0.49676547368421053
app,coco_better·siglip2_l,134,0.4860672816901408,0.12065475,0.88550725,0.9964912280701754,285,0.49676547368421053
app,coco_better·siglip2_l,135,0.48620859859154936,0.1212485,0.88619425,0.9964912280701754,285,0.49676547368421053
app,coco_better·siglip2_l,136,0.4863574647887324,0.12305725,0.8865922500000001,0.9964912280701754,285,0.49676547368421053
app,coco_better·siglip2_l,137,0.4869003908450705,0.1242385,0.88639825,0.9964912280701754,285,0.49676547368421053
app,coco_better·siglip2_l,138,0.4871524542253521,0.12480000000000001,0.8858265000000001,0.9964912280701754,285,0.49676547368421053
app,coco_better·siglip2_l,139,0.4871191866197183,0.12565425,0.8855412500000001,0.9964912280701754,285,0.49676547368421053
app,coco_better·siglip2_l,140,0.48755110563380283,0.12550624999999999,0.8855215,0.9964912280701754,285,0.49676547368421053
app,coco_better·siglip2_l,141,0.48799019366197194,0.12455225,0.8856762499999999,0.9964912280701754,285,0.49676547368421053
app,coco_better·siglip2_l,142,0.4880944366197183,0.125175,0.88743625,0.9964912280701754,285,0.49676547368421053
app,coco_better·siglip2_l,143,0.48824617253521135,0.125386,0.890758,0.9964912280701754,285,0.49676547368421053
app,coco_better·siglip2_l,144,0.488553264084507,0.12548725,0.89200675,0.9964912280701754,285,0.49676547368421053
app,coco_better·siglip2_l,145,0.4886771514084507,0.12609975,0.892128,0.9964912280701754,285,0.49676547368421053
app,coco_better·siglip2_l,146,0.48889338028169005,0.126223,0.8921162499999999,0.9964912280701754,285,0.49676547368421053
app,coco_better·siglip2_l,147,0.4868744561403508,0.126191,0.890467,1.0,285,0.49676547368421053
app,coco_better·siglip2_l,148,0.4867954771929825,0.126389,0.889945,1.0,285,0.49676547368421053
app,coco_better·siglip2_l,149,0.4870115157894736,0.126694,0.890038,1.0,285,0.49676547368421053
app,coco_better·siglip2_l,150,0.4871068280701754,0.125788,0.89023,1.0,285,0.49676547368421053
app_xcal,coco_better·siglip2_l,0,0.49676547368421053,0.101297,0.897979,1.0,285,0.49676547368421053
app_xcal,coco_better·siglip2_l,1,,,,0.0,285,0.49676547368421053
app_xcal,coco_better·siglip2_l,2,0.026851375,0.00706675,0.039291,0.14035087719298245,285,0.49676547368421053
app_xcal,coco_better·siglip2_l,3,0.03763498333333333,0.008683,0.046387250000000005,0.21052631578947367,285,0.49676547368421053
app_xcal,coco_better·siglip2_l,4,0.35174915352697095,0.054127,0.663234,0.8456140350877193,285,0.49676547368421053
app_xcal,coco_better·siglip2_l,5,0.3879050772357724,0.059912999999999994,0.7282347499999999,0.8631578947368421,285,0.49676547368421053
app_xcal,coco_better·siglip2_l,6,0.40564528968253966,0.0667545,0.764945,0.8842105263157894,285,0.49676547368421053
app_xcal,coco_better·siglip2_l,7,0.4157504212598426,0.07174050000000001,0.7943735,0.8912280701754386,285,0.49676547368421053
app_xcal,coco_better·siglip2_l,8,0.43208373333333333,0.0866465,0.815856,0.8947368421052632,285,0.49676547368421053
app_xcal,coco_better·siglip2_l,9,0.44701105058365764,0.094523,0.83991,0.9017543859649123,285,0.49676547368421053
app_xcal,coco_better·siglip2_l,10,0.4603766666666666,0.08393125,0.84049525,0.9052631578947369,285,0.49676547368421053
app_xcal,coco_better·siglip2_l,11,0.4712440884615385,0.09407375,0.86562575,0.9122807017543859,285,0.49676547368421053
app_xcal,coco_better·siglip2_l,12,0.480615367816092,0.105254,0.871482,0.9157894736842105,285,0.49676547368421053
app_xcal,coco_better·siglip2_l,13,0.48608853256704987,0.104319,0.893929,0.9157894736842105,285,0.49676547368421053
app_xcal,coco_better·siglip2_l,14,0.4920205249042145,0.098927,0.895687,0.9157894736842105,285,0.49676547368421053
app_xcal,coco_better·siglip2_l,15,0.4998034770992366,0.0896965,0.8965025,0.9192982456140351,285,0.49676547368421053
app_xcal,coco_better·siglip2_l,16,0.5038679045801527,0.093334,0.9124285,0.9192982456140351,285,0.49676547368421053
app_xcal,coco_better·siglip2_l,17,0.5087924503816794,0.100408,0.903548,0.9192982456140351,285,0.49676547368421053
app_xcal,coco_better·siglip2_l,18,0.5130780648854961,0.098527,0.91316825,0.9192982456140351,285,0.49676547368421053
app_xcal,coco_better·siglip2_l,19,0.5138477272727273,0.10153825,0.9189825,0.9263157894736842,285,0.49676547368421053
app_xcal,coco_better·siglip2_l,20,0.5098675430711611,0.09767,0.9158649999999999,0.9368421052631579,285,0.49676547368421053
app_xcal,coco_better·siglip2_l,21,0.5129564307116105,0.0966795,0.9237775,0.9368421052631579,285,0.49676547368421053
app_xcal,coco_better·siglip2_l,22,0.5159652996254681,0.0940085,0.928443,0.9368421052631579,285,0.49676547368421053
app_xcal,coco_better·siglip2_l,23,0.5179563707865169,0.099723,0.929397,0.9368421052631579,285,0.49676547368421053
app_xcal,coco_better·siglip2_l,24,0.519563011235955,0.110063,0.931556,0.9368421052631579,285,0.49676547368421053
app_xcal,coco_better·siglip2_l,25,0.5237367940074905,0.1145905,0.9330705,0.9368421052631579,285,0.49676547368421053
app_xcal,coco_better·siglip2_l,26,0.5263229438202248,0.1156745,0.9411704999999999,0.9368421052631579,285,0.49676547368421053
app_xcal,coco_better·siglip2_l,27,0.5285358689138577,0.112949,0.9385785,0.9368421052631579,285,0.49676547368421053
app_xcal,coco_better·siglip2_l,28,0.527186302238806,0.1111935,0.9355265,0.9403508771929825,285,0.49676547368421053
app_xcal,coco_better·siglip2_l,29,0.5242628222222223,0.10821449999999999,0.93705025,0.9473684210526315,285,0.49676547368421053
app_xcal,coco_better·siglip2_l,30,0.5277399814814815,0.1103935,0.9358515000000001,0.9473684210526315,285,0.49676547368421053
app_xcal,coco_better·siglip2_l,31,0.5295225148148149,0.113332,0.9364625,0.9473684210526315,285,0.49676547368421053
app_xcal,coco_better·siglip2_l,32,0.5310695222222223,0.112195,0.93518675,0.9473684210526315,285,0.49676547368421053
app_xcal,coco_better·siglip2_l,33,0.5327468,0.11262325000000001,0.9350385,0.9473684210526315,285,0.49676547368421053
app_xcal,coco_better·siglip2_l,34,0.5336228111111111,0.12129100000000001,0.93513425,0.9473684210526315,285,0.49676547368421053
app_xcal,coco_better·siglip2_l,35,0.5344847740740741,0.11801075,0.935944,0.9473684210526315,285,0.49676547368421053
app_xcal,coco_better·siglip2_l,36,0.5356733222222222,0.12005425,0.9357752500000001,0.9473684210526315,285,0.49676547368421053
app_xcal,coco_better·siglip2_l,37,0.5364281814814814,0.11968775,0.9368915,0.9473684210526315,285,0.49676547368421053
app_xcal,coco_better·siglip2_l,38,0.5363437074074074,0.120304,0.93544225,0.9473684210526315,285,0.49676547368421053
app_xcal,coco_better·siglip2_l,39,0.5370418222222222,0.11841700000000001,0.93614675,0.9473684210526315,285,0.49676547368421053
app_xcal,coco_better·siglip2_l,40,0.5379221888888889,0.11894525,0.93731975,0.9473684210526315,285,0.49676547368421053
app_xcal,coco_better·siglip2_l,41,0.5384681444444444,0.1171725,0.9345950000000001,0.9473684210526315,285,0.49676547368421053
app_xcal,coco_better·siglip2_l,42,0.5397675444444444,0.11308275000000001,0.9377845,0.9473684210526315,285,0.49676547368421053
app_xcal,coco_better·siglip2_l,43,0.5391377084870849,0.1141625,0.9366235,0.9508771929824561,285,0.49676547368421053
app_xcal,coco_better·siglip2_l,44,0.5386480922509226,0.12005099999999999,0.9347475000000001,0.9508771929824561,285,0.49676547368421053
app_xcal,coco_better·siglip2_l,45,0.5362705110294117,0.118179,0.936498,0.9543859649122807,285,0.49676547368421053
app_xcal,coco_better·siglip2_l,46,0.5343739487179486,0.118607,0.935418,0.9578947368421052,285,0.49676547368421053
app_xcal,coco_better·siglip2_l,47,0.5357153809523809,0.119139,0.931638,0.9578947368421052,285,0.49676547368421053
app_xcal,coco_better·siglip2_l,48,0.535721695970696,0.119815,0.933524,0.9578947368421052,285,0.49676547368421053
app_xcal,coco_better·siglip2_l,49,0.5373628534798535,0.119617,0.932459,0.9578947368421052,285,0.49676547368421053
app_xcal,coco_better·siglip2_l,50,0.5387482087912088,0.12515,0.932564,0.9578947368421052,285,0.49676547368421053
app_xcal,coco_better·siglip2_l,51,0.5394814395604396,0.118917,0.932564,0.9578947368421052,285,0.49676547368421053
app_xcal,coco_better·siglip2_l,52,0.539858,0.12086,0.933411,0.9578947368421052,285,0.49676547368421053
app_xcal,coco_better·siglip2_l,53,0.5404623882783883,0.123493,0.935037,0.9578947368421052,285,0.49676547368421053
app_xcal,coco_better·siglip2_l,54,0.5410312344322344,0.12218,0.938361,0.9578947368421052,285,0.49676547368421053
app_xcal,coco_better·siglip2_l,55,0.5392521861313868,0.122752,0.9365997500000001,0.9614035087719298,285,0.49676547368421053
app_xcal,coco_better·siglip2_l,56,0.5380278872727272,0.123497,0.935759,0.9649122807017544,285,0.49676547368421053
app_xcal,coco_better·siglip2_l,57,0.538695530909091,0.1205235,0.937657,0.9649122807017544,285,0.49676547368421053
app_xcal,coco_better·siglip2_l,58,0.538313989090909,0.115149,0.9371455,0.9649122807017544,285,0.49676547368421053
app_xcal,coco_better·siglip2_l,59,0.536133384057971,0.11711475,0.9381567500000001,0.968421052631579,285,0.49676547368421053
app_xcal,coco_better·siglip2_l,60,0.5364454239130435,0.11578925,0.9408595,0.968421052631579,285,0.49676547368421053
app_xcal,coco_better·siglip2_l,61,0.5350997581227437,0.117674,0.933883,0.9719298245614035,285,0.49676547368421053
app_xcal,coco_better·siglip2_l,62,0.5350822418772563,0.121282,0.935832,0.9719298245614035,285,0.49676547368421053
app_xcal,coco_better·siglip2_l,63,0.534139535971223,0.11901775,0.9356415,0.9754385964912281,285,0.49676547368421053
app_xcal,coco_better·siglip2_l,64,0.5345669568345324,0.12370675,0.93662225,0.9754385964912281,285,0.49676547368421053
app_xcal,coco_better·siglip2_l,65,0.5363474532374102,0.1265935,0.93785075,0.9754385964912281,285,0.49676547368421053
app_xcal,coco_better·siglip2_l,66,0.5367508525179856,0.126324,0.9378074999999999,0.9754385964912281,285,0.49676547368421053
app_xcal,coco_better·siglip2_l,67,0.5366562877697841,0.12687925,0.93793375,0.9754385964912281,285,0.49676547368421053
app_xcal,coco_better·siglip2_l,68,0.5373466115107914,0.12722125,0.93976,0.9754385964912281,285,0.49676547368421053
app_xcal,coco_better·siglip2_l,69,0.5354129713261649,0.12706299999999998,0.9399234999999999,0.9789473684210527,285,0.49676547368421053
app_xcal,coco_better·siglip2_l,70,0.5342875892857143,0.12317275,0.93869475,0.9824561403508771,285,0.49676547368421053
app_xcal,coco_better·siglip2_l,71,0.5347029392857142,0.12407675,0.940301,0.9824561403508771,285,0.49676547368421053
app_xcal,coco_better·siglip2_l,72,0.5352803964285714,0.12638525,0.9401692500000001,0.9824561403508771,285,0.49676547368421053
app_xcal,coco_better·siglip2_l,73,0.5362846678571428,0.12414825000000002,0.9414452499999999,0.9824561403508771,285,0.49676547368421053
app_xcal,coco_better·siglip2_l,74,0.5370571392857143,0.1227395,0.94131025,0.9824561403508771,285,0.49676547368421053
app_xcal,coco_better·siglip2_l,75,0.5372782714285714,0.12083150000000001,0.94168125,0.9824561403508771,285,0.49676547368421053
app_xcal,coco_better·siglip2_l,76,0.5377313821428571,0.12174575,0.9421759999999999,0.9824561403508771,285,0.49676547368421053
app_xcal,coco_better·siglip2_l,77,0.5367887722419928,0.122741,0.942117,0.9859649122807017,285,0.49676547368421053
app_xcal,coco_better·siglip2_l,78,0.5360501382978723,0.122202,0.942179,0.9894736842105263,285,0.49676547368421053
app_xcal,coco_better·siglip2_l,79,0.5363656418439716,0.122951,0.941033,0.9894736842105263,285,0.49676547368421053
app_xcal,coco_better·siglip2_l,80,0.5369190673758866,0.121906,0.940483,0.9894736842105263,285,0.49676547368421053
app_xcal,coco_better·siglip2_l,81,0.5367534645390071,0.12067325,0.9400385,0.9894736842105263,285,0.49676547368421053
app_xcal,coco_better·siglip2_l,82,0.5370505531914894,0.12114325000000001,0.940647,0.9894736842105263,285,0.49676547368421053
app_xcal,coco_better·siglip2_l,83,0.5372863510638298,0.121568,0.9423675,0.9894736842105263,285,0.49676547368421053
app_xcal,coco_better·siglip2_l,84,0.5377094078014184,0.12326825,0.9417945,0.9894736842105263,285,0.49676547368421053
app_xcal,coco_better·siglip2_l,85,0.538710925531915,0.1258985,0.9400515,0.9894736842105263,285,0.49676547368421053
app_xcal,coco_better·siglip2_l,86,0.5394564255319149,0.1260825,0.94136725,0.9894736842105263,285,0.49676547368421053
app_xcal,coco_better·siglip2_l,87,0.5400678120567376,0.1238215,0.94118775,0.9894736842105263,285,0.49676547368421053
app_xcal,coco_better·siglip2_l,88,0.5407547624113475,0.1290875,0.9435977499999999,0.9894736842105263,285,0.49676547368421053
app_xcal,coco_better·siglip2_l,89,0.5410701241134751,0.1286755,0.944414,0.9894736842105263,285,0.49676547368421053
app_xcal,coco_better·siglip2_l,90,0.541091875886525,0.12852275,0.94395075,0.9894736842105263,285,0.49676547368421053
app_xcal,coco_better·siglip2_l,91,0.541468744680851,0.1327985,0.941449,0.9894736842105263,285,0.49676547368421053
app_xcal,coco_better·siglip2_l,92,0.5422587056737588,0.13125825000000002,0.9407535,0.9894736842105263,285,0.49676547368421053
app_xcal,coco_better·siglip2_l,93,0.5420317056737588,0.126558,0.941201,0.9894736842105263,285,0.49676547368421053
app_xcal,coco_better·siglip2_l,94,0.5425947943262411,0.1274435,0.94197625,0.9894736842105263,285,0.49676547368421053
app_xcal,coco_better·siglip2_l,95,0.5412253816254418,0.1264275,0.9415175,0.9929824561403509,285,0.49676547368421053
app_xcal,coco_better·siglip2_l,96,0.5407657526501767,0.128355,0.9432125,0.9929824561403509,285,0.49676547368421053
app_xcal,coco_better·siglip2_l,97,0.5407936360424028,0.128056,0.942994,0.9929824561403509,285,0.49676547368421053
app_xcal,coco_better·siglip2_l,98,0.54110148409894,0.13426,0.942219,0.9929824561403509,285,0.49676547368421053
app_xcal,coco_better·siglip2_l,99,0.5412671342756185,0.132334,0.9430620000000001,0.9929824561403509,285,0.49676547368421053
app_xcal,coco_better·siglip2_l,100,0.5411617667844523,0.13151449999999998,0.9444615000000001,0.9929824561403509,285,0.49676547368421053
app_xcal,coco_better·siglip2_l,101,0.5418003851590105,0.139108,0.9459175,0.9929824561403509,285,0.49676547368421053
app_xcal,coco_better·siglip2_l,102,0.5421552791519435,0.1379645,0.944877,0.9929824561403509,285,0.49676547368421053
app_xcal,coco_better·siglip2_l,103,0.5425154098939929,0.13989200000000002,0.9446285000000001,0.9929824561403509,285,0.49676547368421053
app_xcal,coco_better·siglip2_l,104,0.5440044204946997,0.1432235,0.944651,0.9929824561403509,285,0.49676547368421053
app_xcal,coco_better·siglip2_l,105,0.5437515477031802,0.1459225,0.944436,0.9929824561403509,285,0.49676547368421053
app_xcal,coco_better·siglip2_l,106,0.5439732650176679,0.1477975,0.9449955,0.9929824561403509,285,0.49676547368421053
app_xcal,coco_better·siglip2_l,107,0.5440218692579506,0.148014,0.9444375,0.9929824561403509,285,0.49676547368421053
app_xcal,coco_better·siglip2_l,108,0.5438009646643109,0.149202,0.9440930000000001,0.9929824561403509,285,0.49676547368421053
app_xcal,coco_better·siglip2_l,109,0.5437391519434629,0.149399,0.945076,0.9929824561403509,285,0.49676547368421053
app_xcal,coco_better·siglip2_l,110,0.5440839540636043,0.15335300000000002,0.943792,0.9929824561403509,285,0.49676547368421053
app_xcal,coco_better·siglip2_l,111,0.5444619787985866,0.1535475,0.943798,0.9929824561403509,285,0.49676547368421053
app_xcal,coco_better·siglip2_l,112,0.5450516077738516,0.154011,0.945064,0.9929824561403509,285,0.49676547368421053
app_xcal,coco_better·siglip2_l,113,0.5453557243816255,0.1525385,0.9447555000000001,0.9929824561403509,285,0.49676547368421053
app_xcal,coco_better·siglip2_l,114,0.545534074204947,0.1532415,0.945303,0.9929824561403509,285,0.49676547368421053
app_xcal,coco_better·siglip2_l,115,0.5460016148409894,0.1531705,0.9459775,0.9929824561403509,285,0.49676547368421053
app_xcal,coco_better·siglip2_l,116,0.546457035335689,0.153648,0.94512,0.9929824561403509,285,0.49676547368421053
app_xcal,coco_better·siglip2_l,117,0.5466232897526502,0.1556565,0.9457455,0.9929824561403509,285,0.49676547368421053
app_xcal,coco_better·siglip2_l,118,0.5468402614840989,0.1541055,0.945643,0.9929824561403509,285,0.49676547368421053
app_xcal,coco_better·siglip2_l,119,0.546816367491166,0.1539975,0.9455555,0.9929824561403509,285,0.49676547368421053
app_xcal,coco_better·siglip2_l,120,0.5470251625441697,0.153363,0.9459105,0.9929824561403509,285,0.49676547368421053
app_xcal,coco_better·siglip2_l,121,0.5470779222614842,0.15291749999999998,0.9460090000000001,0.9929824561403509,285,0.49676547368421053
app_xcal,coco_better·siglip2_l,122,0.5470913356890459,0.153611,0.9451235,0.9929824561403509,285,0.49676547368421053
app_xcal,coco_better·siglip2_l,123,0.547172664310954,0.1532385,0.9451255000000001,0.9929824561403509,285,0.49676547368421053
app_xcal,coco_better·siglip2_l,124,0.5477704699646644,0.1551765,0.9457275,0.9929824561403509,285,0.49676547368421053
app_xcal,coco_better·siglip2_l,125,0.5479199010600706,0.155527,0.944774,0.9929824561403509,285,0.49676547368421053
app_xcal,coco_better·siglip2_l,126,0.5477990636042404,0.15551700000000002,0.9451065000000001,0.9929824561403509,285,0.49676547368421053
app_xcal,coco_better·siglip2_l,127,0.5476767561837456,0.1531515,0.9457165,0.9929824561403509,285,0.49676547368421053
app_xcal,coco_better·siglip2_l,128,0.5478747491166078,0.153215,0.9455025,0.9929824561403509,285,0.49676547368421053
app_xcal,coco_better·siglip2_l,129,0.548196,0.154452,0.9450715000000001,0.9929824561403509,285,0.49676547368421053
app_xcal,coco_better·siglip2_l,130,0.548329890459364,0.154053,0.94472,0.9929824561403509,285,0.49676547368421053
app_xcal,coco_better·siglip2_l,131,0.5483759116607774,0.153831,0.9450635000000001,0.9929824561403509,285,0.49676547368421053
app_xcal,coco_better·siglip2_l,132,0.5469776056338028,0.15198825,0.9439315,0.9964912280701754,285,0.49676547368421053
app_xcal,coco_better·siglip2_l,133,0.5469555246478873,0.15546375,0.944037,0.9964912280701754,285,0.49676547368421053
app_xcal,coco_better·siglip2_l,134,0.5471864683098592,0.15600175,0.94452525,0.9964912280701754,285,0.49676547368421053
app_xcal,coco_better·siglip2_l,135,0.5475164718309858,0.16195125,0.9447909999999999,0.9964912280701754,285,0.49676547368421053
app_xcal,coco_better·siglip2_l,136,0.5474010528169014,0.16058424999999998,0.94427425,0.9964912280701754,285,0.49676547368421053
app_xcal,coco_better·siglip2_l,137,0.5477194788732395,0.15885749999999998,0.94404225,0.9964912280701754,285,0.49676547368421053
app_xcal,coco_better·siglip2_l,138,0.5480188450704225,0.16266475,0.944439,0.9964912280701754,285,0.49676547368421053
app_xcal,coco_better·siglip2_l,139,0.5485496654929578,0.1641195,0.9446424999999999,0.9964912280701754,285,0.49676547368421053
app_xcal,coco_better·siglip2_l,140,0.5487382711267607,0.16459775,0.9445950000000001,0.9964912280701754,285,0.49676547368421053
app_xcal,coco_better·siglip2_l,141,0.5483984929577466,0.165622,0.9442815,0.9964912280701754,285,0.49676547368421053
app_xcal,coco_better·siglip2_l,142,0.5484101725352113,0.16533799999999998,0.9445405,0.9964912280701754,285,0.49676547368421053
app_xcal,coco_better·siglip2_l,143,0.5481551690140845,0.16524925000000001,0.944236,0.9964912280701754,285,0.49676547368421053
app_xcal,coco_better·siglip2_l,144,0.548581690140845,0.1650345,0.943342,0.9964912280701754,285,0.49676547368421053
app_xcal,coco_better·siglip2_l,145,0.5487308204225351,0.16516,0.9439165,0.9964912280701754,285,0.49676547368421053
app_xcal,coco_better·siglip2_l,146,0.5492886795774646,0.16381125,0.944019,0.9964912280701754,285,0.49676547368421053
app_xcal,coco_better·siglip2_l,147,0.5475699754385965,0.162393,0.94407,1.0,285,0.49676547368421053
app_xcal,coco_better·siglip2_l,148,0.5480435684210526,0.1608,0.943558,1.0,285,0.49676547368421053
app_xcal,coco_better·siglip2_l,149,0.5480457017543859,0.160331,0.943606,1.0,285,0.49676547368421053
app_xcal,coco_better·siglip2_l,150,0.5483945929824562,0.161326,0.944641,1.0,285,0.49676547368421053
app_gmm,coco_better·siglip2_l,0,0.49676547368421053,0.101297,0.897979,1.0,285,0.49676547368421053
app_gmm,coco_better·siglip2_l,1,,,,0.0,285,0.49676547368421053
app_gmm,coco_better·siglip2_l,2,0.026851399999999997,0.00706675,0.039291,0.14035087719298245,285,0.49676547368421053
app_gmm,coco_better·siglip2_l,3,0.03763498333333333,0.008683,0.046387250000000005,0.21052631578947367,285,0.49676547368421053
app_gmm,coco_better·siglip2_l,4,0.35247329875518674,0.054127,0.663234,0.8456140350877193,285,0.49676547368421053
app_gmm,coco_better·siglip2_l,5,0.38815647154471544,0.061904,0.7282347499999999,0.8631578947368421,285,0.49676547368421053
app_gmm,coco_better·siglip2_l,6,0.4053573293650793,0.0667545,0.764945,0.8842105263157894,285,0.49676547368421053
app_gmm,coco_better·siglip2_l,7,0.4155010354330709,0.07174050000000001,0.7943735,0.8912280701754386,285,0.49676547368421053
app_gmm,coco_better·siglip2_l,8,0.4258443450980392,0.088876,0.795632,0.8947368421052632,285,0.49676547368421053
app_gmm,coco_better·siglip2_l,9,0.43046713229571987,0.094877,0.805339,0.9017543859649123,285,0.49676547368421053
app_gmm,coco_better·siglip2_l,10,0.4335523410852713,0.09251475,0.802022,0.9052631578947369,285,0.49676547368421053
app_gmm,coco_better·siglip2_l,11,0.4352615076923077,0.0870425,0.82522875,0.9122807017543859,285,0.49676547368421053
app_gmm,coco_better·siglip2_l,12,0.4361153639846743,0.090229,0.82643,0.9157894736842105,285,0.49676547368421053
app_gmm,coco_better·siglip2_l,13,0.43967737931034484,0.094753,0.833344,0.9157894736842105,285,0.49676547368421053
app_gmm,coco_better·siglip2_l,14,0.4413270076628353,0.092716,0.837324,0.9157894736842105,285,0.49676547368421053
app_gmm,coco_better·siglip2_l,15,0.4410139809160305,0.08932999999999999,0.8377065,0.9192982456140351,285,0.49676547368421053
app_gmm,coco_better·siglip2_l,16,0.4430731488549618,0.08736025,0.8396595,0.9192982456140351,285,0.49676547368421053
app_gmm,coco_better·siglip2_l,17,0.445374213740458,0.09302825,0.84270225,0.9192982456140351,285,0.49676547368421053
app_gmm,coco_better·siglip2_l,18,0.4472560534351145,0.09066225,0.8429132500000001,0.9192982456140351,285,0.49676547368421053
app_gmm,coco_better·siglip2_l,19,0.444631446969697,0.08676225,0.84292325,0.9263157894736842,285,0.49676547368421053
app_gmm,coco_better·siglip2_l,20,0.44079426966292135,0.08591750000000001,0.8410095,0.9368421052631579,285,0.49676547368421053
app_gmm,coco_better·siglip2_l,21,0.44192271910112363,0.087342,0.84575,0.9368421052631579,285,0.49676547368421053
app_gmm,coco_better·siglip2_l,22,0.4430497453183521,0.083126,0.84371,0.9368421052631579,285,0.49676547368421053
app_gmm,coco_better·siglip2_l,23,0.4438662921348314,0.0875695,0.8423045,0.9368421052631579,285,0.49676547368421053
app_gmm,coco_better·siglip2_l,24,0.44424645318352063,0.08383950000000001,0.8438955,0.9368421052631579,285,0.49676547368421053
app_gmm,coco_better·siglip2_l,25,0.4443430374531835,0.08943899999999999,0.8403935,0.9368421052631579,285,0.49676547368421053
app_gmm,coco_better·siglip2_l,26,0.44574919850187267,0.090631,0.839639,0.9368421052631579,285,0.49676547368421053
app_gmm,coco_better·siglip2_l,27,0.4463420112359551,0.091979,0.8417595,0.9368421052631579,285,0.49676547368421053
app_gmm,coco_better·siglip2_l,28,0.4452033358208955,0.09053925,0.8413205,0.9403508771929825,285,0.49676547368421053
app_gmm,coco_better·siglip2_l,29,0.44317137777777776,0.08690025000000001,0.8415915,0.9473684210526315,285,0.49676547368421053
app_gmm,coco_better·siglip2_l,30,0.4439763148148148,0.09066625,0.8372735,0.9473684210526315,285,0.49676547368421053
app_gmm,coco_better·siglip2_l,31,0.4448362592592593,0.09064425000000001,0.840381,0.9473684210526315,285,0.49676547368421053
app_gmm,coco_better·siglip2_l,32,0.4452575037037037,0.08960325,0.840398,0.9473684210526315,285,0.49676547368421053
app_gmm,coco_better·siglip2_l,33,0.44620480370370375,0.0902245,0.83998225,0.9473684210526315,285,0.49676547368421053
app_gmm,coco_better·siglip2_l,34,0.4462428074074074,0.09153275,0.8383665,0.9473684210526315,285,0.49676547368421053
app_gmm,coco_better·siglip2_l,35,0.44656878148148155,0.09029100000000001,0.83937975,0.9473684210526315,285,0.49676547368421053
app_gmm,coco_better·siglip2_l,36,0.44708211481481486,0.090573,0.83303975,0.9473684210526315,285,0.49676547368421053
app_gmm,coco_better·siglip2_l,37,0.44708137407407406,0.09027775,0.83358325,0.9473684210526315,285,0.49676547368421053
app_gmm,coco_better·siglip2_l,38,0.4477606,0.08992325,0.83695025,0.9473684210526315,285,0.49676547368421053
app_gmm,coco_better·siglip2_l,39,0.4480780444444444,0.09192125,0.836597,0.9473684210526315,285,0.49676547368421053
app_gmm,coco_better·siglip2_l,40,0.44880072592592596,0.090849,0.8357495,0.9473684210526315,285,0.49676547368421053
app_gmm,coco_better·siglip2_l,41,0.44895659259259263,0.09270425,0.83574325,0.9473684210526315,285,0.49676547368421053
app_gmm,coco_better·siglip2_l,42,0.44914284444444447,0.09297375,0.838625,0.9473684210526315,285,0.49676547368421053
app_gmm,coco_better·siglip2_l,43,0.4481867121771218,0.0946135,0.8349825,0.9508771929824561,285,0.49676547368421053
app_gmm,coco_better·siglip2_l,44,0.4485075313653136,0.0945215,0.837434,0.9508771929824561,285,0.49676547368421053
app_gmm,coco_better·siglip2_l,45,0.44747266911764705,0.09157675,0.83766325,0.9543859649122807,285,0.49676547368421053
app_gmm,coco_better·siglip2_l,46,0.4459983809523809,0.089857,0.836697,0.9578947368421052,285,0.49676547368421053
app_gmm,coco_better·siglip2_l,47,0.44644247619047617,0.090225,0.837912,0.9578947368421052,285,0.49676547368421053
app_gmm,coco_better·siglip2_l,48,0.44690453846153844,0.090138,0.838271,0.9578947368421052,285,0.49676547368421053
app_gmm,coco_better·siglip2_l,49,0.4471231025641026,0.092057,0.840247,0.9578947368421052,285,0.49676547368421053
app_gmm,coco_better·siglip2_l,50,0.44746906593406593,0.093209,0.840705,0.9578947368421052,285,0.49676547368421053
app_gmm,coco_better·siglip2_l,51,0.44768554945054945,0.093407,0.842946,0.9578947368421052,285,0.49676547368421053
app_gmm,coco_better·siglip2_l,52,0.44777749816849816,0.092845,0.839739,0.9578947368421052,285,0.49676547368421053
app_gmm,coco_better·siglip2_l,53,0.44769915384615383,0.091767,0.840158,0.9578947368421052,285,0.49676547368421053
app_gmm,coco_better·siglip2_l,54,0.44807754945054945,0.089269,0.83901,0.9578947368421052,285,0.49676547368421053
app_gmm,coco_better·siglip2_l,55,0.44655721897810224,0.09223175,0.8371415,0.9614035087719298,285,0.49676547368421053
app_gmm,coco_better·siglip2_l,56,0.4449785127272728,0.08827950000000001,0.831353,0.9649122807017544,285,0.49676547368421053
app_gmm,coco_better·siglip2_l,57,0.44505430545454544,0.08708450000000001,0.8311930000000001,0.9649122807017544,285,0.49676547368421053
app_gmm,coco_better·siglip2_l,58,0.4451859127272727,0.0879145,0.830494,0.9649122807017544,285,0.49676547368421053
app_gmm,coco_better·siglip2_l,59,0.4439086666666667,0.08771725,0.83156475,0.968421052631579,285,0.49676547368421053
app_gmm,coco_better·siglip2_l,60,0.44412601449275363,0.0891615,0.8312215000000001,0.968421052631579,285,0.49676547368421053
app_gmm,coco_better·siglip2_l,61,0.4426542093862816,0.089306,0.829477,0.9719298245614035,285,0.49676547368421053
app_gmm,coco_better·siglip2_l,62,0.44273074007220214,0.089274,0.828245,0.9719298245614035,285,0.49676547368421053
app_gmm,coco_better·siglip2_l,63,0.44144111870503594,0.08397525,0.8309500000000001,0.9754385964912281,285,0.49676547368421053
app_gmm,coco_better·siglip2_l,64,0.44156383453237413,0.08421250000000001,0.832017,0.9754385964912281,285,0.49676547368421053
app_gmm,coco_better·siglip2_l,65,0.44171340287769795,0.084576,0.83145675,0.9754385964912281,285,0.49676547368421053
app_gmm,coco_better·siglip2_l,66,0.44209721582733813,0.084926,0.8308345,0.9754385964912281,285,0.49676547368421053
app_gmm,coco_better·siglip2_l,67,0.44220492446043164,0.08489375,0.83277675,0.9754385964912281,285,0.49676547368421053
app_gmm,coco_better·siglip2_l,68,0.4424509820143885,0.0859235,0.8335615,0.9754385964912281,285,0.49676547368421053
app_gmm,coco_better·siglip2_l,69,0.4410748315412187,0.083938,0.831099,0.9789473684210527,285,0.49676547368421053
app_gmm,coco_better·siglip2_l,70,0.43946027857142855,0.0833055,0.82943575,0.9824561403508771,285,0.49676547368421053
app_gmm,coco_better·siglip2_l,71,0.4398055714285715,0.083496,0.82837125,0.9824561403508771,285,0.49676547368421053
app_gmm,coco_better·siglip2_l,72,0.4398393785714285,0.083408,0.8264005,0.9824561403508771,285,0.49676547368421053
app_gmm,coco_better·siglip2_l,73,0.43913732499999997,0.08505375,0.82734875,0.9824561403508771,285,0.49676547368421053
app_gmm,coco_better·siglip2_l,74,0.43950662499999993,0.0862925,0.8262885,0.9824561403508771,285,0.49676547368421053
app_gmm,coco_better·siglip2_l,75,0.4397110071428571,0.0864135,0.82407875,0.9824561403508771,285,0.49676547368421053
app_gmm,coco_better·siglip2_l,76,0.4399992857142857,0.08689525,0.8285605,0.9824561403508771,285,0.49676547368421053
app_gmm,coco_better·siglip2_l,77,0.4386052455516014,0.085348,0.827708,0.9859649122807017,285,0.49676547368421053
app_gmm,coco_better·siglip2_l,78,0.4370425815602837,0.0844115,0.8235095,0.9894736842105263,285,0.49676547368421053
app_gmm,coco_better·siglip2_l,79,0.4371510886524823,0.08376475,0.82405925,0.9894736842105263,285,0.49676547368421053
app_gmm,coco_better·siglip2_l,80,0.4371618829787234,0.0837555,0.823998,0.9894736842105263,285,0.49676547368421053
app_gmm,coco_better·siglip2_l,81,0.43733576241134753,0.084232,0.8232142499999999,0.9894736842105263,285,0.49676547368421053
app_gmm,coco_better·siglip2_l,82,0.43751951773049647,0.0842985,0.820899,0.9894736842105263,285,0.49676547368421053
app_gmm,coco_better·siglip2_l,83,0.43772752482269506,0.084954,0.82001625,0.9894736842105263,285,0.49676547368421053
app_gmm,coco_better·siglip2_l,84,0.4379564680851064,0.086158,0.8185005,0.9894736842105263,285,0.49676547368421053
app_gmm,coco_better·siglip2_l,85,0.43793533687943265,0.08612125000000001,0.8170379999999999,0.9894736842105263,285,0.49676547368421053
app_gmm,coco_better·siglip2_l,86,0.43821986879432623,0.08856900000000001,0.815271,0.9894736842105263,285,0.49676547368421053
app_gmm,coco_better·siglip2_l,87,0.4384292092198581,0.088486,0.81455175,0.9894736842105263,285,0.49676547368421053
app_gmm,coco_better·siglip2_l,88,0.43999020212765955,0.08823724999999999,0.81445525,0.9894736842105263,285,0.49676547368421053
app_gmm,coco_better·siglip2_l,89,0.4402977056737588,0.09063725,0.81469075,0.9894736842105263,285,0.49676547368421053
app_gmm,coco_better·siglip2_l,90,0.44038787588652484,0.09187375,0.81420375,0.9894736842105263,285,0.49676547368421053
app_gmm,coco_better·siglip2_l,91,0.4403373156028369,0.09247225,0.81407725,0.9894736842105263,285,0.49676547368421053
app_gmm,coco_better·siglip2_l,92,0.4404444113475177,0.09259624999999999,0.814828,0.9894736842105263,285,0.49676547368421053
app_gmm,coco_better·siglip2_l,93,0.4403242340425532,0.091001,0.8150310000000001,0.9894736842105263,285,0.49676547368421053
app_gmm,coco_better·siglip2_l,94,0.44040833687943265,0.09167225000000001,0.81422075,0.9894736842105263,285,0.49676547368421053
app_gmm,coco_better·siglip2_l,95,0.4390165371024735,0.0900325,0.814014,0.9929824561403509,285,0.49676547368421053
app_gmm,coco_better·siglip2_l,96,0.4391204699646643,0.089526,0.812412,0.9929824561403509,285,0.49676547368421053
app_gmm,coco_better·siglip2_l,97,0.43941622261484103,0.0885845,0.8124579999999999,0.9929824561403509,285,0.49676547368421053
app_gmm,coco_better·siglip2_l,98,0.4395256395759718,0.088898,0.8124235,0.9929824561403509,285,0.49676547368421053
app_gmm,coco_better·siglip2_l,99,0.43962780212014135,0.08906700000000001,0.8122885,0.9929824561403509,285,0.49676547368421053
app_gmm,coco_better·siglip2_l,100,0.43977419081272084,0.0895745,0.812162,0.9929824561403509,285,0.49676547368421053
app_gmm,coco_better·siglip2_l,101,0.4399232791519434,0.089714,0.8135025,0.9929824561403509,285,0.49676547368421053
app_gmm,coco_better·siglip2_l,102,0.4398163074204947,0.08998249999999999,0.8133969999999999,0.9929824561403509,285,0.49676547368421053
app_gmm,coco_better·siglip2_l,103,0.4398112438162544,0.08951200000000001,0.8132405,0.9929824561403509,285,0.49676547368421053
app_gmm,coco_better·siglip2_l,104,0.4398820141342756,0.08863599999999999,0.813905,0.9929824561403509,285,0.49676547368421053
app_gmm,coco_better·siglip2_l,105,0.43990559363957593,0.0886435,0.8130955,0.9929824561403509,285,0.49676547368421053
app_gmm,coco_better·siglip2_l,106,0.439619519434629,0.08877499999999999,0.8118275,0.9929824561403509,285,0.49676547368421053
app_gmm,coco_better·siglip2_l,107,0.43974790459363955,0.089004,0.8127985,0.9929824561403509,285,0.49676547368421053
app_gmm,coco_better·siglip2_l,108,0.4398505795053003,0.088697,0.81191,0.9929824561403509,285,0.49676547368421053
app_gmm,coco_better·siglip2_l,109,0.43982443109540637,0.088563,0.8127105,0.9929824561403509,285,0.49676547368421053
app_gmm,coco_better·siglip2_l,110,0.439872406360424,0.0885925,0.812379,0.9929824561403509,285,0.49676547368421053
app_gmm,coco_better·siglip2_l,111,0.43994352296819783,0.08867649999999999,0.812068,0.9929824561403509,285,0.49676547368421053
app_gmm,coco_better·siglip2_l,112,0.44002636749116614,0.0890325,0.81182,0.9929824561403509,285,0.49676547368421053
app_gmm,coco_better·siglip2_l,113,0.44018820848056534,0.08877550000000001,0.8127139999999999,0.9929824561403509,285,0.49676547368421053
app_gmm,coco_better·siglip2_l,114,0.44041551590106004,0.088947,0.8132775,0.9929824561403509,285,0.49676547368421053
app_gmm,coco_better·siglip2_l,115,0.440176367491166,0.08901500000000001,0.8134285,0.9929824561403509,285,0.49676547368421053
app_gmm,coco_better·siglip2_l,116,0.4401412402826855,0.08886,0.812447,0.9929824561403509,285,0.49676547368421053
app_gmm,coco_better·siglip2_l,117,0.44015796113074207,0.088917,0.8140544999999999,0.9929824561403509,285,0.49676547368421053
app_gmm,coco_better·siglip2_l,118,0.44025847703180215,0.08888,0.8126225,0.9929824561403509,285,0.49676547368421053
app_gmm,coco_better·siglip2_l,119,0.4402778621908127,0.0894475,0.8122655000000001,0.9929824561403509,285,0.49676547368421053
app_gmm,coco_better·siglip2_l,120,0.44041599293286215,0.0894885,0.8118055,0.9929824561403509,285,0.49676547368421053
app_gmm,coco_better·siglip2_l,121,0.440483148409894,0.08990000000000001,0.8120215,0.9929824561403509,285,0.49676547368421053
app_gmm,coco_better·siglip2_l,122,0.4405095159010601,0.0902065,0.8119915,0.9929824561403509,285,0.49676547368421053
app_gmm,coco_better·siglip2_l,123,0.4406771342756184,0.0911305,0.811535,0.9929824561403509,285,0.49676547368421053
app_gmm,coco_better·siglip2_l,124,0.4408079363957597,0.09097050000000001,0.8112845,0.9929824561403509,285,0.49676547368421053
app_gmm,coco_better·siglip2_l,125,0.44088211307420494,0.09052,0.8106875,0.9929824561403509,285,0.49676547368421053
app_gmm,coco_better·siglip2_l,126,0.44099100353356885,0.091155,0.8113195,0.9929824561403509,285,0.49676547368421053
app_gmm,coco_better·siglip2_l,127,0.44085314134275616,0.0911205,0.8106534999999999,0.9929824561403509,285,0.49676547368421053
app_gmm,coco_better·siglip2_l,128,0.44086378798586573,0.0911015,0.8118865,0.9929824561403509,285,0.49676547368421053
app_gmm,coco_better·siglip2_l,129,0.440878855123675,0.09153900000000001,0.81239,0.9929824561403509,285,0.49676547368421053
app_gmm,coco_better·siglip2_l,130,0.4406490989399294,0.091167,0.8128075,0.9929824561403509,285,0.49676547368421053
app_gmm,coco_better·siglip2_l,131,0.4408596925795053,0.090794,0.8126905,0.9929824561403509,285,0.49676547368421053
app_gmm,coco_better·siglip2_l,132,0.4397080211267606,0.08983374999999999,0.81075025,0.9964912280701754,285,0.49676547368421053
app_gmm,coco_better·siglip2_l,133,0.43984884154929577,0.090016,0.8100032500000001,0.9964912280701754,285,0.49676547368421053
app_gmm,coco_better·siglip2_l,134,0.4401347112676056,0.0912465,0.8090520000000001,0.9964912280701754,285,0.49676547368421053
app_gmm,coco_better·siglip2_l,135,0.44014323591549304,0.09160349999999999,0.80945325,0.9964912280701754,285,0.49676547368421053
app_gmm,coco_better·siglip2_l,136,0.4402518415492958,0.09160425,0.80956875,0.9964912280701754,285,0.49676547368421053
app_gmm,coco_better·siglip2_l,137,0.44027190492957746,0.09185650000000001,0.8082325,0.9964912280701754,285,0.49676547368421053
app_gmm,coco_better·siglip2_l,138,0.44024343661971826,0.0914345,0.8087405,0.9964912280701754,285,0.49676547368421053
app_gmm,coco_better·siglip2_l,139,0.4403720528169014,0.0912045,0.81002225,0.9964912280701754,285,0.49676547368421053
app_gmm,coco_better·siglip2_l,140,0.44028123239436623,0.0908815,0.80953425,0.9964912280701754,285,0.49676547368421053
app_gmm,coco_better·siglip2_l,141,0.44020639084507035,0.0911175,0.809472,0.9964912280701754,285,0.49676547368421053
app_gmm,coco_better·siglip2_l,142,0.44020384154929576,0.09053525000000001,0.8094414999999999,0.9964912280701754,285,0.49676547368421053
app_gmm,coco_better·siglip2_l,143,0.44046966901408446,0.09116975,0.8105964999999999,0.9964912280701754,285,0.49676547368421053
app_gmm,coco_better·siglip2_l,144,0.4405057957746479,0.09081125000000001,0.81089575,0.9964912280701754,285,0.49676547368421053
app_gmm,coco_better·siglip2_l,145,0.4404780140845071,0.0913125,0.81088125,0.9964912280701754,285,0.49676547368421053
app_gmm,coco_better·siglip2_l,146,0.4411032464788733,0.0907965,0.8211435,0.9964912280701754,285,0.49676547368421053
app_gmm,coco_better·siglip2_l,147,0.4396753017543859,0.09084,0.815879,1.0,285,0.49676547368421053
app_gmm,coco_better·siglip2_l,148,0.4399172175438597,0.090925,0.815857,1.0,285,0.49676547368421053
app_gmm,coco_better·siglip2_l,149,0.43992151578947364,0.091148,0.816085,1.0,285,0.49676547368421053
app_gmm,coco_better·siglip2_l,150,0.43997976491228075,0.091029,0.815424,1.0,285,0.49676547368421053
gp_rbf_anch,coco_better·siglip2_l,0,0.49676547368421053,0.101297,0.897979,1.0,285,0.49676547368421053
gp_rbf_anch,coco_better·siglip2_l,1,,,,0.0,285,0.49676547368421053
gp_rbf_anch,coco_better·siglip2_l,2,0.06718255000000001,0.0055014999999999994,0.048171,0.14035087719298245,285,0.49676547368421053
gp_rbf_anch,coco_better·siglip2_l,3,0.08288061666666667,0.006762,0.0633625,0.21052631578947367,285,0.49676547368421053
gp_rbf_anch,coco_better·siglip2_l,4,0.395118979253112,0.090416,0.733711,0.8456140350877193,285,0.49676547368421053
gp_rbf_anch,coco_better·siglip2_l,5,0.3280926178861789,0.0402635,0.6412249999999999,0.8631578947368421,285,0.49676547368421053
gp_rbf_anch,coco_better·siglip2_l,6,0.31651440476190473,0.038843749999999996,0.61043925,0.8842105263157894,285,0.49676547368421053
gp_rbf_anch,coco_better·siglip2_l,7,0.32077269291338584,0.02980075,0.645721,0.8912280701754386,285,0.49676547368421053
gp_rbf_anch,coco_better·siglip2_l,8,0.3646391137254902,0.0365215,0.7495525,0.8947368421052632,285,0.49676547368421053
gp_rbf_anch,coco_better·siglip2_l,9,0.379288813229572,0.028994,0.760858,0.9017543859649123,285,0.49676547368421053
gp_rbf_anch,coco_better·siglip2_l,10,0.3847290891472869,0.02798325,0.781682,0.9052631578947369,285,0.49676547368421053
gp_rbf_anch,coco_better·siglip2_l,11,0.39607805,0.03913925,0.7859,0.9122807017543859,285,0.49676547368421053
gp_rbf_anch,coco_better·siglip2_l,12,0.4040481877394636,0.033187,0.811239,0.9157894736842105,285,0.49676547368421053
gp_rbf_anch,coco_better·siglip2_l,13,0.4176124674329501,0.045734,0.81702,0.9157894736842105,285,0.49676547368421053
gp_rbf_anch,coco_better·siglip2_l,14,0.4265443333333333,0.044459,0.820116,0.9157894736842105,285,0.49676547368421053
gp_rbf_anch,coco_better·siglip2_l,15,0.43240200381679383,0.050090749999999996,0.83091825,0.9192982456140351,285,0.49676547368421053
gp_rbf_anch,coco_better·siglip2_l,16,0.4375467213740458,0.049569,0.8229075,0.9192982456140351,285,0.49676547368421053
gp_rbf_anch,coco_better·siglip2_l,17,0.444719675572519,0.05830375,0.83230725,0.9192982456140351,285,0.49676547368421053
gp_rbf_anch,coco_better·siglip2_l,18,0.4527685038167939,0.06734325000000001,0.83136075,0.9192982456140351,285,0.49676547368421053
gp_rbf_anch,coco_better·siglip2_l,19,0.45372862500000005,0.0675635,0.840672,0.9263157894736842,285,0.49676547368421053
gp_rbf_anch,coco_better·siglip2_l,20,0.45478615355805246,0.0634255,0.8376565,0.9368421052631579,285,0.49676547368421053
gp_rbf_anch,coco_better·siglip2_l,21,0.4586077790262173,0.06860849999999999,0.843683,0.9368421052631579,285,0.49676547368421053
gp_rbf_anch,coco_better·siglip2_l,22,0.46422985393258426,0.07491149999999999,0.8498675,0.9368421052631579,285,0.49676547368421053
gp_rbf_anch,coco_better·siglip2_l,23,0.4676054232209738,0.076875,0.8543615,0.9368421052631579,285,0.49676547368421053
gp_rbf_anch,coco_better·siglip2_l,24,0.4705313071161049,0.070769,0.8608615,0.9368421052631579,285,0.49676547368421053
gp_rbf_anch,coco_better·siglip2_l,25,0.4731330749063671,0.080383,0.865378,0.9368421052631579,285,0.49676547368421053
gp_rbf_anch,coco_better·siglip2_l,26,0.47605491011235956,0.08404400000000001,0.8745940000000001,0.9368421052631579,285,0.49676547368421053
gp_rbf_anch,coco_better·siglip2_l,27,0.47861632584269664,0.08113300000000001,0.870845,0.9368421052631579,285,0.49676547368421053
gp_rbf_anch,coco_better·siglip2_l,28,0.4783681007462687,0.08803075,0.865942,0.9403508771929825,285,0.49676547368421053
gp_rbf_anch,coco_better·siglip2_l,29,0.4788518925925926,0.09380875,0.8616905,0.9473684210526315,285,0.49676547368421053
gp_rbf_anch,coco_better·siglip2_l,30,0.4806632037037037,0.09430775,0.8795059999999999,0.9473684210526315,285,0.49676547368421053
gp_rbf_anch,coco_better·siglip2_l,31,0.4826745,0.09574925000000001,0.885596,0.9473684210526315,285,0.49676547368421053
gp_rbf_anch,coco_better·siglip2_l,32,0.4840372925925926,0.09508925,0.8835350000000001,0.9473684210526315,285,0.49676547368421053
gp_rbf_anch,coco_better·siglip2_l,33,0.4855768370370371,0.0924855,0.88390375,0.9473684210526315,285,0.49676547368421053
gp_rbf_anch,coco_better·siglip2_l,34,0.4877801222222223,0.0923235,0.88352125,0.9473684210526315,285,0.49676547368421053
gp_rbf_anch,coco_better·siglip2_l,35,0.4898440666666667,0.09281525,0.88813425,0.9473684210526315,285,0.49676547368421053
gp_rbf_anch,coco_better·siglip2_l,36,0.4910067888888889,0.092397,0.8917375000000001,0.9473684210526315,285,0.49676547368421053
gp_rbf_anch,coco_better·siglip2_l,37,0.491732525925926,0.09129124999999999,0.8959325,0.9473684210526315,285,0.49676547368421053
gp_rbf_anch,coco_better·siglip2_l,38,0.49245611481481477,0.09173075,0.8966332499999999,0.9473684210526315,285,0.49676547368421053
gp_rbf_anch,coco_better·siglip2_l,39,0.4931708888888889,0.09300225000000001,0.8941297500000001,0.9473684210526315,285,0.49676547368421053
gp_rbf_anch,coco_better·siglip2_l,40,0.4940874703703704,0.0990655,0.8930665,0.9473684210526315,285,0.49676547368421053
gp_rbf_anch,coco_better·siglip2_l,41,0.4951612555555555,0.10174224999999999,0.89388375,0.9473684210526315,285,0.49676547368421053
gp_rbf_anch,coco_better·siglip2_l,42,0.495790125925926,0.10113525,0.89423825,0.9473684210526315,285,0.49676547368421053
gp_rbf_anch,coco_better·siglip2_l,43,0.4948861512915129,0.099842,0.8941635,0.9508771929824561,285,0.49676547368421053
gp_rbf_anch,coco_better·siglip2_l,44,0.4958049372693727,0.1033225,0.8956025,0.9508771929824561,285,0.49676547368421053
gp_rbf_anch,coco_better·siglip2_l,45,0.49445390073529405,0.10156125,0.8968609999999999,0.9543859649122807,285,0.49676547368421053
gp_rbf_anch,coco_better·siglip2_l,46,0.4939722783882784,0.096989,0.898888,0.9578947368421052,285,0.49676547368421053
gp_rbf_anch,coco_better·siglip2_l,47,0.49539336263736267,0.097264,0.898248,0.9578947368421052,285,0.49676547368421053
gp_rbf_anch,coco_better·siglip2_l,48,0.4968017582417583,0.099682,0.900223,0.9578947368421052,285,0.49676547368421053
gp_rbf_anch,coco_better·siglip2_l,49,0.49691826739926737,0.09986,0.899603,0.9578947368421052,285,0.49676547368421053
gp_rbf_anch,coco_better·siglip2_l,50,0.4978966263736263,0.100686,0.900427,0.9578947368421052,285,0.49676547368421053
gp_rbf_anch,coco_better·siglip2_l,51,0.4999727362637363,0.104915,0.90373,0.9578947368421052,285,0.49676547368421053
gp_rbf_anch,coco_better·siglip2_l,52,0.5007565970695971,0.10614,0.904629,0.9578947368421052,285,0.49676547368421053
gp_rbf_anch,coco_better·siglip2_l,53,0.5013342014652015,0.104174,0.904804,0.9578947368421052,285,0.49676547368421053
gp_rbf_anch,coco_better·siglip2_l,54,0.5014815311355311,0.113479,0.907948,0.9578947368421052,285,0.49676547368421053
gp_rbf_anch,coco_better·siglip2_l,55,0.5010266642335767,0.1036005,0.9078952499999999,0.9614035087719298,285,0.49676547368421053
gp_rbf_anch,coco_better·siglip2_l,56,0.5006320472727273,0.102714,0.907834,0.9649122807017544,285,0.49676547368421053
gp_rbf_anch,coco_better·siglip2_l,57,0.5011073090909091,0.10144700000000001,0.9029705,0.9649122807017544,285,0.49676547368421053
gp_rbf_anch,coco_better·siglip2_l,58,0.5016347236363636,0.1001235,0.9044355,0.9649122807017544,285,0.49676547368421053
gp_rbf_anch,coco_better·siglip2_l,59,0.5000901123188406,0.10010725,0.89875775,0.968421052631579,285,0.49676547368421053
gp_rbf_anch,coco_better·siglip2_l,60,0.5006840869565217,0.10086725,0.8968499999999999,0.968421052631579,285,0.49676547368421053
gp_rbf_anch,coco_better·siglip2_l,61,0.4993673935018051,0.104287,0.892494,0.9719298245614035,285,0.49676547368421053
gp_rbf_anch,coco_better·siglip2_l,62,0.49955980144404327,0.103218,0.893089,0.9719298245614035,285,0.49676547368421053
gp_rbf_anch,coco_better·siglip2_l,63,0.4979346618705036,0.10584375,0.8913535,0.9754385964912281,285,0.49676547368421053
gp_rbf_anch,coco_better·siglip2_l,64,0.49813891726618714,0.106926,0.8904035,0.9754385964912281,285,0.49676547368421053
gp_rbf_anch,coco_better·siglip2_l,65,0.49844847122302155,0.108381,0.9003975,0.9754385964912281,285,0.49676547368421053
gp_rbf_anch,coco_better·siglip2_l,66,0.4986006834532375,0.10704675,0.8998667499999999,0.9754385964912281,285,0.49676547368421053
gp_rbf_anch,coco_better·siglip2_l,67,0.4992827086330935,0.1054035,0.913629,0.9754385964912281,285,0.49676547368421053
gp_rbf_anch,coco_better·siglip2_l,68,0.49946374460431664,0.10552025,0.91151575,0.9754385964912281,285,0.49676547368421053
gp_rbf_anch,coco_better·siglip2_l,69,0.4981687347670251,0.1069805,0.913637,0.9789473684210527,285,0.49676547368421053
gp_rbf_anch,coco_better·siglip2_l,70,0.4976724,0.10429825,0.915439,0.9824561403508771,285,0.49676547368421053
gp_rbf_anch,coco_better·siglip2_l,71,0.49749710714285716,0.10410825,0.91761575,0.9824561403508771,285,0.49676547368421053
gp_rbf_anch,coco_better·siglip2_l,72,0.4989328035714286,0.109792,0.917459,0.9824561403508771,285,0.49676547368421053
gp_rbf_anch,coco_better·siglip2_l,73,0.49850977142857145,0.1100735,0.91693875,0.9824561403508771,285,0.49676547368421053
gp_rbf_anch,coco_better·siglip2_l,74,0.4991558250000001,0.10858625,0.91604425,0.9824561403508771,285,0.49676547368421053
gp_rbf_anch,coco_better·siglip2_l,75,0.49931560357142857,0.11127275,0.91763175,0.9824561403508771,285,0.49676547368421053
gp_rbf_anch,coco_better·siglip2_l,76,0.4994092678571429,0.11293349999999999,0.9175057499999999,0.9824561403508771,285,0.49676547368421053
gp_rbf_anch,coco_better·siglip2_l,77,0.4981199644128113,0.110806,0.920179,0.9859649122807017,285,0.49676547368421053
gp_rbf_anch,coco_better·siglip2_l,78,0.4961103120567376,0.112372,0.91374225,0.9894736842105263,285,0.49676547368421053
gp_rbf_anch,coco_better·siglip2_l,79,0.4962660177304965,0.1072275,0.91488,0.9894736842105263,285,0.49676547368421053
gp_rbf_anch,coco_better·siglip2_l,80,0.49664537943262427,0.10982249999999999,0.9152665,0.9894736842105263,285,0.49676547368421053
gp_rbf_anch,coco_better·siglip2_l,81,0.49687687234042555,0.10787925000000001,0.917146,0.9894736842105263,285,0.49676547368421053
gp_rbf_anch,coco_better·siglip2_l,82,0.49762701418439714,0.10225025,0.9176547500000001,0.9894736842105263,285,0.49676547368421053
gp_rbf_anch,coco_better·siglip2_l,83,0.49784567375886535,0.10125425,0.9168372499999999,0.9894736842105263,285,0.49676547368421053
gp_rbf_anch,coco_better·siglip2_l,84,0.49834475177304965,0.10082150000000001,0.9176115,0.9894736842105263,285,0.49676547368421053
gp_rbf_anch,coco_better·siglip2_l,85,0.49867980851063837,0.1059685,0.92252775,0.9894736842105263,285,0.49676547368421053
gp_rbf_anch,coco_better·siglip2_l,86,0.498666085106383,0.106579,0.92267575,0.9894736842105263,285,0.49676547368421053
gp_rbf_anch,coco_better·siglip2_l,87,0.49892808156028373,0.10418875,0.922479,0.9894736842105263,285,0.49676547368421053
gp_rbf_anch,coco_better·siglip2_l,88,0.49953592553191495,0.10867975,0.9216925,0.9894736842105263,285,0.49676547368421053
gp_rbf_anch,coco_better·siglip2_l,89,0.4998127907801419,0.110254,0.92208875,0.9894736842105263,285,0.49676547368421053
gp_rbf_anch,coco_better·siglip2_l,90,0.5000407163120567,0.11406575,0.9239142499999999,0.9894736842105263,285,0.49676547368421053
gp_rbf_anch,coco_better·siglip2_l,91,0.49997699290780145,0.11098224999999999,0.92371725,0.9894736842105263,285,0.49676547368421053
gp_rbf_anch,coco_better·siglip2_l,92,0.500310145390071,0.10947,0.9246970000000001,0.9894736842105263,285,0.49676547368421053
gp_rbf_anch,coco_better·siglip2_l,93,0.5006305141843972,0.11318725,0.92297,0.9894736842105263,285,0.49676547368421053
gp_rbf_anch,coco_better·siglip2_l,94,0.5010566702127659,0.11681675,0.92301575,0.9894736842105263,285,0.49676547368421053
gp_rbf_anch,coco_better·siglip2_l,95,0.50032974204947,0.11784649999999999,0.9242845,0.9929824561403509,285,0.49676547368421053
gp_rbf_anch,coco_better·siglip2_l,96,0.5007053144876326,0.1212115,0.9222874999999999,0.9929824561403509,285,0.49676547368421053
gp_rbf_anch,coco_better·siglip2_l,97,0.5007725477031802,0.122225,0.9163775000000001,0.9929824561403509,285,0.49676547368421053
gp_rbf_anch,coco_better·siglip2_l,98,0.5011382826855123,0.1218355,0.9163954999999999,0.9929824561403509,285,0.49676547368421053
gp_rbf_anch,coco_better·siglip2_l,99,0.5018351378091872,0.1223785,0.915944,0.9929824561403509,285,0.49676547368421053
gp_rbf_anch,coco_better·siglip2_l,100,0.5029057738515902,0.1213375,0.916685,0.9929824561403509,285,0.49676547368421053
gp_rbf_anch,coco_better·siglip2_l,101,0.5031994028268552,0.12014649999999999,0.9158109999999999,0.9929824561403509,285,0.49676547368421053
gp_rbf_anch,coco_better·siglip2_l,102,0.5032532791519435,0.11798900000000001,0.916342,0.9929824561403509,285,0.49676547368421053
gp_rbf_anch,coco_better·siglip2_l,103,0.5035453180212015,0.120933,0.9160200000000001,0.9929824561403509,285,0.49676547368421053
gp_rbf_anch,coco_better·siglip2_l,104,0.503517519434629,0.1189905,0.915859,0.9929824561403509,285,0.49676547368421053
gp_rbf_anch,coco_better·siglip2_l,105,0.5038732120141343,0.12175649999999999,0.9163985,0.9929824561403509,285,0.49676547368421053
gp_rbf_anch,coco_better·siglip2_l,106,0.5039150883392227,0.12197250000000001,0.9171245,0.9929824561403509,285,0.49676547368421053
gp_rbf_anch,coco_better·siglip2_l,107,0.5043378657243817,0.12125949999999999,0.9183655,0.9929824561403509,285,0.49676547368421053
gp_rbf_anch,coco_better·siglip2_l,108,0.504544183745583,0.1199125,0.9174565,0.9929824561403509,285,0.49676547368421053
gp_rbf_anch,coco_better·siglip2_l,109,0.5044239045936395,0.119203,0.916327,0.9929824561403509,285,0.49676547368421053
gp_rbf_anch,coco_better·siglip2_l,110,0.5045603816254417,0.1205455,0.916374,0.9929824561403509,285,0.49676547368421053
gp_rbf_anch,coco_better·siglip2_l,111,0.5045948162544169,0.1202865,0.9172495,0.9929824561403509,285,0.49676547368421053
gp_rbf_anch,coco_better·siglip2_l,112,0.5049615088339223,0.1219835,0.916616,0.9929824561403509,285,0.49676547368421053
gp_rbf_anch,coco_better·siglip2_l,113,0.5050145618374559,0.12422149999999998,0.9165795,0.9929824561403509,285,0.49676547368421053
gp_rbf_anch,coco_better·siglip2_l,114,0.5050738374558305,0.1250105,0.9164235000000001,0.9929824561403509,285,0.49676547368421053
gp_rbf_anch,coco_better·siglip2_l,115,0.5050865441696113,0.125411,0.9165845,0.9929824561403509,285,0.49676547368421053
gp_rbf_anch,coco_better·siglip2_l,116,0.5054368445229682,0.1273065,0.9170495000000001,0.9929824561403509,285,0.49676547368421053
gp_rbf_anch,coco_better·siglip2_l,117,0.5052826254416961,0.1274825,0.9176815,0.9929824561403509,285,0.49676547368421053
gp_rbf_anch,coco_better·siglip2_l,118,0.5054751590106007,0.129842,0.917826,0.9929824561403509,285,0.49676547368421053
gp_rbf_anch,coco_better·siglip2_l,119,0.5054710212014134,0.129371,0.918426,0.9929824561403509,285,0.49676547368421053
gp_rbf_anch,coco_better·siglip2_l,120,0.5055065830388692,0.1267655,0.918953,0.9929824561403509,285,0.49676547368421053
gp_rbf_anch,coco_better·siglip2_l,121,0.5058823886925795,0.1251575,0.9182225,0.9929824561403509,285,0.49676547368421053
gp_rbf_anch,coco_better·siglip2_l,122,0.5068807703180211,0.1278495,0.917889,0.9929824561403509,285,0.49676547368421053
gp_rbf_anch,coco_better·siglip2_l,123,0.5066592226148411,0.1277995,0.9176675000000001,0.9929824561403509,285,0.49676547368421053
gp_rbf_anch,coco_better·siglip2_l,124,0.5068212190812721,0.1269965,0.91709,0.9929824561403509,285,0.49676547368421053
gp_rbf_anch,coco_better·siglip2_l,125,0.5070800388692579,0.126967,0.917127,0.9929824561403509,285,0.49676547368421053
gp_rbf_anch,coco_better·siglip2_l,126,0.5070200636042403,0.127562,0.9168415,0.9929824561403509,285,0.49676547368421053
gp_rbf_anch,coco_better·siglip2_l,127,0.506984183745583,0.12398200000000001,0.9156965,0.9929824561403509,285,0.49676547368421053
gp_rbf_anch,coco_better·siglip2_l,128,0.5067706713780918,0.122805,0.915621,0.9929824561403509,285,0.49676547368421053
gp_rbf_anch,coco_better·siglip2_l,129,0.5068433144876325,0.12594499999999997,0.915773,0.9929824561403509,285,0.49676547368421053
gp_rbf_anch,coco_better·siglip2_l,130,0.5068571978798586,0.125896,0.9146375,0.9929824561403509,285,0.49676547368421053
gp_rbf_anch,coco_better·siglip2_l,131,0.507408886925795,0.126127,0.9165125000000001,0.9929824561403509,285,0.49676547368421053
gp_rbf_anch,coco_better·siglip2_l,132,0.5060529823943661,0.12469399999999999,0.91650825,0.9964912280701754,285,0.49676547368421053
gp_rbf_anch,coco_better·siglip2_l,133,0.5069981936619717,0.12438075,0.91767475,0.9964912280701754,285,0.49676547368421053
gp_rbf_anch,coco_better·siglip2_l,134,0.50712411971831,0.12438574999999999,0.91703425,0.9964912280701754,285,0.49676547368421053
gp_rbf_anch,coco_better·siglip2_l,135,0.5072992781690141,0.122417,0.9166885,0.9964912280701754,285,0.49676547368421053
gp_rbf_anch,coco_better·siglip2_l,136,0.5073249049295774,0.122485,0.9162805,0.9964912280701754,285,0.49676547368421053
gp_rbf_anch,coco_better·siglip2_l,137,0.5074067288732395,0.12530725,0.9161715,0.9964912280701754,285,0.49676547368421053
gp_rbf_anch,coco_better·siglip2_l,138,0.5074214084507043,0.12717925,0.9158425,0.9964912280701754,285,0.49676547368421053
gp_rbf_anch,coco_better·siglip2_l,139,0.5076621338028169,0.12738725,0.915964,0.9964912280701754,285,0.49676547368421053
gp_rbf_anch,coco_better·siglip2_l,140,0.5078582570422535,0.12696625,0.91693025,0.9964912280701754,285,0.49676547368421053
gp_rbf_anch,coco_better·siglip2_l,141,0.5078125070422536,0.1251375,0.9172105,0.9964912280701754,285,0.49676547368421053
gp_rbf_anch,coco_better·siglip2_l,142,0.508250602112676,0.12677025,0.91704375,0.9964912280701754,285,0.49676547368421053
gp_rbf_anch,coco_better·siglip2_l,143,0.5084750281690141,0.12834875,0.9157805,0.9964912280701754,285,0.49676547368421053
gp_rbf_anch,coco_better·siglip2_l,144,0.5087495176056339,0.12907600000000002,0.916069,0.9964912280701754,285,0.49676547368421053
gp_rbf_anch,coco_better·siglip2_l,145,0.5089707957746479,0.13132824999999998,0.915834,0.9964912280701754,285,0.49676547368421053
gp_rbf_anch,coco_better·siglip2_l,146,0.5090255,0.13134725,0.9170475,0.9964912280701754,285,0.49676547368421053
gp_rbf_anch,coco_better·siglip2_l,147,0.5073865754385964,0.129692,0.917095,1.0,285,0.49676547368421053
gp_rbf_anch,coco_better·siglip2_l,148,0.5076431754385966,0.129306,0.918094,1.0,285,0.49676547368421053
gp_rbf_anch,coco_better·siglip2_l,149,0.5078480350877194,0.128943,0.919847,1.0,285,0.49676547368421053
gp_rbf_anch,coco_better·siglip2_l,150,0.5079237614035088,0.130486,0.923565,1.0,285,0.49676547368421053
gp_rbf_xcal,coco_better·siglip2_l,0,0.49676547368421053,0.101297,0.897979,1.0,285,0.49676547368421053
gp_rbf_xcal,coco_better·siglip2_l,1,,,,0.0,285,0.49676547368421053
gp_rbf_xcal,coco_better·siglip2_l,2,0.06718255000000001,0.0055014999999999994,0.048171,0.14035087719298245,285,0.49676547368421053
gp_rbf_xcal,coco_better·siglip2_l,3,0.08288061666666667,0.006762,0.0633625,0.21052631578947367,285,0.49676547368421053
gp_rbf_xcal,coco_better·siglip2_l,4,0.395118979253112,0.090416,0.733711,0.8456140350877193,285,0.49676547368421053
gp_rbf_xcal,coco_better·siglip2_l,5,0.3280926178861789,0.0402635,0.6412249999999999,0.8631578947368421,285,0.49676547368421053
gp_rbf_xcal,coco_better·siglip2_l,6,0.31651440476190473,0.038843749999999996,0.61043925,0.8842105263157894,285,0.49676547368421053
gp_rbf_xcal,coco_better·siglip2_l,7,0.32077269291338584,0.02980075,0.645721,0.8912280701754386,285,0.49676547368421053
gp_rbf_xcal,coco_better·siglip2_l,8,0.3549642784313725,0.0340995,0.732785,0.8947368421052632,285,0.49676547368421053
gp_rbf_xcal,coco_better·siglip2_l,9,0.3763534824902724,0.031414,0.767185,0.9017543859649123,285,0.49676547368421053
gp_rbf_xcal,coco_better·siglip2_l,10,0.37689748062015505,0.02415375,0.77621575,0.9052631578947369,285,0.49676547368421053
gp_rbf_xcal,coco_better·siglip2_l,11,0.4082521269230769,0.03913925,0.824023,0.9122807017543859,285,0.49676547368421053
gp_rbf_xcal,coco_better·siglip2_l,12,0.412118846743295,0.038203,0.836848,0.9157894736842105,285,0.49676547368421053
gp_rbf_xcal,coco_better·siglip2_l,13,0.43877011877394634,0.05336,0.850065,0.9157894736842105,285,0.49676547368421053
gp_rbf_xcal,coco_better·siglip2_l,14,0.4498602068965517,0.066347,0.856375,0.9157894736842105,285,0.49676547368421053
gp_rbf_xcal,coco_better·siglip2_l,15,0.45823098473282436,0.06870525,0.85925175,0.9192982456140351,285,0.49676547368421053
gp_rbf_xcal,coco_better·siglip2_l,16,0.46441176717557253,0.06843975,0.878628,0.9192982456140351,285,0.49676547368421053
gp_rbf_xcal,coco_better·siglip2_l,17,0.4725728587786259,0.0746135,0.8741445,0.9192982456140351,285,0.49676547368421053
gp_rbf_xcal,coco_better·siglip2_l,18,0.47792151145038164,0.07026225,0.888531,0.9192982456140351,285,0.49676547368421053
gp_rbf_xcal,coco_better·siglip2_l,19,0.47806681439393944,0.07008575,0.88759075,0.9263157894736842,285,0.49676547368421053
gp_rbf_xcal,coco_better·siglip2_l,20,0.4776410374531835,0.0714625,0.8883909999999999,0.9368421052631579,285,0.49676547368421053
gp_rbf_xcal,coco_better·siglip2_l,21,0.47947930711610487,0.077879,0.895861,0.9368421052631579,285,0.49676547368421053
gp_rbf_xcal,coco_better·siglip2_l,22,0.48200855805243453,0.08066999999999999,0.898149,0.9368421052631579,285,0.49676547368421053
gp_rbf_xcal,coco_better·siglip2_l,23,0.483503925093633,0.080832,0.8974359999999999,0.9368421052631579,285,0.49676547368421053
gp_rbf_xcal,coco_better·siglip2_l,24,0.4849901535580524,0.0831545,0.8999705,0.9368421052631579,285,0.49676547368421053
gp_rbf_xcal,coco_better·siglip2_l,25,0.48604289513108623,0.084703,0.9041365,0.9368421052631579,285,0.49676547368421053
gp_rbf_xcal,coco_better·siglip2_l,26,0.4881241610486891,0.09296499999999999,0.9061265000000001,0.9368421052631579,285,0.49676547368421053
gp_rbf_xcal,coco_better·siglip2_l,27,0.48978353183520607,0.097427,0.8958885,0.9368421052631579,285,0.49676547368421053
gp_rbf_xcal,coco_better·siglip2_l,28,0.4886880037313433,0.0987885,0.892001,0.9403508771929825,285,0.49676547368421053
gp_rbf_xcal,coco_better·siglip2_l,29,0.4862399851851852,0.093574,0.896729,0.9473684210526315,285,0.49676547368421053
gp_rbf_xcal,coco_better·siglip2_l,30,0.4869605333333332,0.09434825,0.8972095,0.9473684210526315,285,0.49676547368421053
gp_rbf_xcal,coco_better·siglip2_l,31,0.4885393518518518,0.0941025,0.90077575,0.9473684210526315,285,0.49676547368421053
gp_rbf_xcal,coco_better·siglip2_l,32,0.48958767407407405,0.09152225,0.90594425,0.9473684210526315,285,0.49676547368421053
gp_rbf_xcal,coco_better·siglip2_l,33,0.4905811111111111,0.092019,0.907619,0.9473684210526315,285,0.49676547368421053
gp_rbf_xcal,coco_better·siglip2_l,34,0.49217081481481484,0.09532875,0.916666,0.9473684210526315,285,0.49676547368421053
gp_rbf_xcal,coco_better·siglip2_l,35,0.49283740740740745,0.092306,0.9072605,0.9473684210526315,285,0.49676547368421053
gp_rbf_xcal,coco_better·siglip2_l,36,0.4929635037037037,0.09189425,0.90982325,0.9473684210526315,285,0.49676547368421053
gp_rbf_xcal,coco_better·siglip2_l,37,0.4934184666666666,0.09340224999999999,0.912787,0.9473684210526315,285,0.49676547368421053
gp_rbf_xcal,coco_better·siglip2_l,38,0.49428355185185197,0.09483525000000001,0.9196845,0.9473684210526315,285,0.49676547368421053
gp_rbf_xcal,coco_better·siglip2_l,39,0.4951552592592592,0.0947895,0.92141725,0.9473684210526315,285,0.49676547368421053
gp_rbf_xcal,coco_better·siglip2_l,40,0.49665156666666666,0.09590325,0.9184915,0.9473684210526315,285,0.49676547368421053
gp_rbf_xcal,coco_better·siglip2_l,41,0.49725490370370373,0.09633625,0.9191499999999999,0.9473684210526315,285,0.49676547368421053
gp_rbf_xcal,coco_better·siglip2_l,42,0.49853849629629626,0.10061575,0.9200655,0.9473684210526315,285,0.49676547368421053
gp_rbf_xcal,coco_better·siglip2_l,43,0.4973245461254612,0.09514900000000001,0.9179165,0.9508771929824561,285,0.49676547368421053
gp_rbf_xcal,coco_better·siglip2_l,44,0.4979728782287823,0.099323,0.9168385,0.9508771929824561,285,0.49676547368421053
gp_rbf_xcal,coco_better·siglip2_l,45,0.4972325220588236,0.09653149999999999,0.91500425,0.9543859649122807,285,0.49676547368421053
gp_rbf_xcal,coco_better·siglip2_l,46,0.49567484615384616,0.096077,0.92349,0.9578947368421052,285,0.49676547368421053
gp_rbf_xcal,coco_better·siglip2_l,47,0.4957875347985348,0.098593,0.923378,0.9578947368421052,285,0.49676547368421053
gp_rbf_xcal,coco_better·siglip2_l,48,0.4970397619047618,0.100157,0.92295,0.9578947368421052,285,0.49676547368421053
gp_rbf_xcal,coco_better·siglip2_l,49,0.4978120036630036,0.099419,0.922623,0.9578947368421052,285,0.49676547368421053
gp_rbf_xcal,coco_better·siglip2_l,50,0.498646391941392,0.100826,0.922496,0.9578947368421052,285,0.49676547368421053
gp_rbf_xcal,coco_better·siglip2_l,51,0.4987043626373626,0.101813,0.922507,0.9578947368421052,285,0.49676547368421053
gp_rbf_xcal,coco_better·siglip2_l,52,0.4989897326007326,0.101184,0.922798,0.9578947368421052,285,0.49676547368421053
gp_rbf_xcal,coco_better·siglip2_l,53,0.4992882600732601,0.101369,0.922777,0.9578947368421052,285,0.49676547368421053
gp_rbf_xcal,coco_better·siglip2_l,54,0.4995032344322343,0.101615,0.922927,0.9578947368421052,285,0.49676547368421053
gp_rbf_xcal,coco_better·siglip2_l,55,0.49799051094890523,0.10153999999999999,0.920932,0.9614035087719298,285,0.49676547368421053
gp_rbf_xcal,coco_better·siglip2_l,56,0.4970543127272727,0.0994275,0.9156930000000001,0.9649122807017544,285,0.49676547368421053
gp_rbf_xcal,coco_better·siglip2_l,57,0.497088250909091,0.0986915,0.916654,0.9649122807017544,285,0.49676547368421053
gp_rbf_xcal,coco_better·siglip2_l,58,0.49758503636363643,0.099713,0.9170365,0.9649122807017544,285,0.49676547368421053
gp_rbf_xcal,coco_better·siglip2_l,59,0.49597456159420295,0.0978185,0.915058,0.968421052631579,285,0.49676547368421053
gp_rbf_xcal,coco_better·siglip2_l,60,0.49634286594202903,0.0979155,0.91567025,0.968421052631579,285,0.49676547368421053
gp_rbf_xcal,coco_better·siglip2_l,61,0.49463270397111914,0.092933,0.913268,0.9719298245614035,285,0.49676547368421053
gp_rbf_xcal,coco_better·siglip2_l,62,0.49503463898916966,0.095808,0.913871,0.9719298245614035,285,0.49676547368421053
gp_rbf_xcal,coco_better·siglip2_l,63,0.49345355755395676,0.09349299999999999,0.91239875,0.9754385964912281,285,0.49676547368421053
gp_rbf_xcal,coco_better·siglip2_l,64,0.4936104316546763,0.0910985,0.911667,0.9754385964912281,285,0.49676547368421053
gp_rbf_xcal,coco_better·siglip2_l,65,0.4937470935251798,0.09177975000000001,0.91070625,0.9754385964912281,285,0.49676547368421053
gp_rbf_xcal,coco_better·siglip2_l,66,0.4934438021582734,0.09232625,0.91101675,0.9754385964912281,285,0.49676547368421053
gp_rbf_xcal,coco_better·siglip2_l,67,0.4943092661870504,0.0915305,0.9189802499999999,0.9754385964912281,285,0.49676547368421053
gp_rbf_xcal,coco_better·siglip2_l,68,0.49439937410071955,0.09198375,0.919914,0.9754385964912281,285,0.49676547368421053
gp_rbf_xcal,coco_better·siglip2_l,69,0.49411188888888885,0.091543,0.920864,0.9789473684210527,285,0.49676547368421053
gp_rbf_xcal,coco_better·siglip2_l,70,0.49348316785714286,0.093422,0.92199675,0.9824561403508771,285,0.49676547368421053
gp_rbf_xcal,coco_better·siglip2_l,71,0.4958177857142857,0.09367775,0.92499075,0.9824561403508771,285,0.49676547368421053
gp_rbf_xcal,coco_better·siglip2_l,72,0.4971980678571429,0.09044474999999999,0.9260010000000001,0.9824561403508771,285,0.49676547368421053
gp_rbf_xcal,coco_better·siglip2_l,73,0.498481325,0.08867,0.92670575,0.9824561403508771,285,0.49676547368421053
gp_rbf_xcal,coco_better·siglip2_l,74,0.49979877500000003,0.093389,0.931653,0.9824561403508771,285,0.49676547368421053
gp_rbf_xcal,coco_better·siglip2_l,75,0.5048262142857143,0.09633125000000001,0.9277965,0.9824561403508771,285,0.49676547368421053
gp_rbf_xcal,coco_better·siglip2_l,76,0.5087749071428571,0.100342,0.93381025,0.9824561403508771,285,0.49676547368421053
gp_rbf_xcal,coco_better·siglip2_l,77,0.5087224626334519,0.094458,0.939469,0.9859649122807017,285,0.49676547368421053
gp_rbf_xcal,coco_better·siglip2_l,78,0.5098044929078014,0.09512425,0.93446225,0.9894736842105263,285,0.49676547368421053
gp_rbf_xcal,coco_better·siglip2_l,79,0.5114961205673759,0.094419,0.938849,0.9894736842105263,285,0.49676547368421053
gp_rbf_xcal,coco_better·siglip2_l,80,0.5125381985815602,0.09806625000000001,0.9369412500000001,0.9894736842105263,285,0.49676547368421053
gp_rbf_xcal,coco_better·siglip2_l,81,0.5152947446808511,0.10052925,0.9379992500000001,0.9894736842105263,285,0.49676547368421053
gp_rbf_xcal,coco_better·siglip2_l,82,0.5176676914893616,0.09994525,0.938921,0.9894736842105263,285,0.49676547368421053
gp_rbf_xcal,coco_better·siglip2_l,83,0.5192337659574467,0.0962565,0.94150625,0.9894736842105263,285,0.49676547368421053
gp_rbf_xcal,coco_better·siglip2_l,84,0.5198235531914893,0.09679825,0.9410495,0.9894736842105263,285,0.49676547368421053
gp_rbf_xcal,coco_better·siglip2_l,85,0.5205882872340425,0.10087225,0.9406945,0.9894736842105263,285,0.49676547368421053
gp_rbf_xcal,coco_better·siglip2_l,86,0.5211896418439715,0.10896175,0.94001525,0.9894736842105263,285,0.49676547368421053
gp_rbf_xcal,coco_better·siglip2_l,87,0.5213326808510639,0.112487,0.942404,0.9894736842105263,285,0.49676547368421053
gp_rbf_xcal,coco_better·siglip2_l,88,0.5214290177304965,0.11656224999999999,0.94365175,0.9894736842105263,285,0.49676547368421053
gp_rbf_xcal,coco_better·siglip2_l,89,0.5217703510638299,0.11533525,0.94469,0.9894736842105263,285,0.49676547368421053
gp_rbf_xcal,coco_better·siglip2_l,90,0.5223940035460992,0.102134,0.943168,0.9894736842105263,285,0.49676547368421053
gp_rbf_xcal,coco_better·siglip2_l,91,0.5228997482269504,0.101964,0.9435585,0.9894736842105263,285,0.49676547368421053
gp_rbf_xcal,coco_better·siglip2_l,92,0.5231531560283688,0.0999265,0.943572,0.9894736842105263,285,0.49676547368421053
gp_rbf_xcal,coco_better·siglip2_l,93,0.523473730496454,0.10155575,0.94422525,0.9894736842105263,285,0.49676547368421053
gp_rbf_xcal,coco_better·siglip2_l,94,0.5237202553191489,0.10482375000000001,0.9449985,0.9894736842105263,285,0.49676547368421053
gp_rbf_xcal,coco_better·siglip2_l,95,0.5221198798586573,0.10183600000000001,0.9426865,0.9929824561403509,285,0.49676547368421053
gp_rbf_xcal,coco_better·siglip2_l,96,0.5224237279151943,0.101992,0.9415185,0.9929824561403509,285,0.49676547368421053
gp_rbf_xcal,coco_better·siglip2_l,97,0.5228447703180212,0.10274749999999999,0.9401079999999999,0.9929824561403509,285,0.49676547368421053
gp_rbf_xcal,coco_better·siglip2_l,98,0.5229084664310953,0.10355400000000001,0.9405209999999999,0.9929824561403509,285,0.49676547368421053
gp_rbf_xcal,coco_better·siglip2_l,99,0.5235453215547703,0.10400300000000001,0.9406255,0.9929824561403509,285,0.49676547368421053
gp_rbf_xcal,coco_better·siglip2_l,100,0.5238927561837455,0.10543150000000001,0.9408475000000001,0.9929824561403509,285,0.49676547368421053
gp_rbf_xcal,coco_better·siglip2_l,101,0.5243053038869258,0.1082285,0.940172,0.9929824561403509,285,0.49676547368421053
gp_rbf_xcal,coco_better·siglip2_l,102,0.5246635971731449,0.10846800000000001,0.940048,0.9929824561403509,285,0.49676547368421053
gp_rbf_xcal,coco_better·siglip2_l,103,0.5248994699646643,0.10957249999999999,0.939592,0.9929824561403509,285,0.49676547368421053
gp_rbf_xcal,coco_better·siglip2_l,104,0.5249191378091873,0.109785,0.9423925,0.9929824561403509,285,0.49676547368421053
gp_rbf_xcal,coco_better·siglip2_l,105,0.524759038869258,0.108512,0.9424250000000001,0.9929824561403509,285,0.49676547368421053
gp_rbf_xcal,coco_better·siglip2_l,106,0.5255685618374558,0.10731,0.9429775,0.9929824561403509,285,0.49676547368421053
gp_rbf_xcal,coco_better·siglip2_l,107,0.5256450777385159,0.10919999999999999,0.945011,0.9929824561403509,285,0.49676547368421053
gp_rbf_xcal,coco_better·siglip2_l,108,0.5259613568904594,0.11040900000000001,0.9455695,0.9929824561403509,285,0.49676547368421053
gp_rbf_xcal,coco_better·siglip2_l,109,0.5264649363957598,0.1099985,0.9477095,0.9929824561403509,285,0.49676547368421053
gp_rbf_xcal,coco_better·siglip2_l,110,0.5274787137809186,0.11100550000000001,0.9469455,0.9929824561403509,285,0.49676547368421053
gp_rbf_xcal,coco_better·siglip2_l,111,0.5272010282685512,0.1122715,0.9470585,0.9929824561403509,285,0.49676547368421053
gp_rbf_xcal,coco_better·siglip2_l,112,0.528620886925795,0.11484649999999999,0.9469270000000001,0.9929824561403509,285,0.49676547368421053
gp_rbf_xcal,coco_better·siglip2_l,113,0.5291196572438163,0.11219799999999999,0.950002,0.9929824561403509,285,0.49676547368421053
gp_rbf_xcal,coco_better·siglip2_l,114,0.5290444275618376,0.11435000000000001,0.950057,0.9929824561403509,285,0.49676547368421053
gp_rbf_xcal,coco_better·siglip2_l,115,0.5298585335689046,0.1153855,0.9504925,0.9929824561403509,285,0.49676547368421053
gp_rbf_xcal,coco_better·siglip2_l,116,0.530878,0.114439,0.9527140000000001,0.9929824561403509,285,0.49676547368421053
gp_rbf_xcal,coco_better·siglip2_l,117,0.531794183745583,0.1201295,0.952966,0.9929824561403509,285,0.49676547368421053
gp_rbf_xcal,coco_better·siglip2_l,118,0.5326430671378092,0.120156,0.951145,0.9929824561403509,285,0.49676547368421053
gp_rbf_xcal,coco_better·siglip2_l,119,0.5328514028268551,0.121989,0.9495335,0.9929824561403509,285,0.49676547368421053
gp_rbf_xcal,coco_better·siglip2_l,120,0.5331440494699646,0.1216575,0.9484085,0.9929824561403509,285,0.49676547368421053
gp_rbf_xcal,coco_better·siglip2_l,121,0.5331730141342756,0.1196545,0.9499439999999999,0.9929824561403509,285,0.49676547368421053
gp_rbf_xcal,coco_better·siglip2_l,122,0.5329682120141342,0.1200965,0.951154,0.9929824561403509,285,0.49676547368421053
gp_rbf_xcal,coco_better·siglip2_l,123,0.5333364664310953,0.119626,0.9497865000000001,0.9929824561403509,285,0.49676547368421053
gp_rbf_xcal,coco_better·siglip2_l,124,0.5334943109540635,0.1196635,0.9490675,0.9929824561403509,285,0.49676547368421053
gp_rbf_xcal,coco_better·siglip2_l,125,0.5335726325088339,0.1204795,0.950402,0.9929824561403509,285,0.49676547368421053
gp_rbf_xcal,coco_better·siglip2_l,126,0.5336191413427562,0.120784,0.9500500000000001,0.9929824561403509,285,0.49676547368421053
gp_rbf_xcal,coco_better·siglip2_l,127,0.5338293710247349,0.12174299999999999,0.9503025,0.9929824561403509,285,0.49676547368421053
gp_rbf_xcal,coco_better·siglip2_l,128,0.5340897597173145,0.1223795,0.9498135,0.9929824561403509,285,0.49676547368421053
gp_rbf_xcal,coco_better·siglip2_l,129,0.5343803109540637,0.1226515,0.949406,0.9929824561403509,285,0.49676547368421053
gp_rbf_xcal,coco_better·siglip2_l,130,0.5343219081272085,0.1233685,0.9502025000000001,0.9929824561403509,285,0.49676547368421053
gp_rbf_xcal,coco_better·siglip2_l,131,0.5346764346289752,0.1227725,0.950727,0.9929824561403509,285,0.49676547368421053
gp_rbf_xcal,coco_better·siglip2_l,132,0.5327028521126762,0.1201175,0.95059,0.9964912280701754,285,0.49676547368421053
gp_rbf_xcal,coco_better·siglip2_l,133,0.5330442429577466,0.1201005,0.9509267499999999,0.9964912280701754,285,0.49676547368421053
gp_rbf_xcal,coco_better·siglip2_l,134,0.5331170457746478,0.12010599999999999,0.95077725,0.9964912280701754,285,0.49676547368421053
gp_rbf_xcal,coco_better·siglip2_l,135,0.5333107218309858,0.12024725,0.9502475,0.9964912280701754,285,0.49676547368421053
gp_rbf_xcal,coco_better·siglip2_l,136,0.5332847676056337,0.120352,0.94956025,0.9964912280701754,285,0.49676547368421053
gp_rbf_xcal,coco_better·siglip2_l,137,0.5332024190140845,0.120346,0.949586,0.9964912280701754,285,0.49676547368421053
gp_rbf_xcal,coco_better·siglip2_l,138,0.5331718309859155,0.120416,0.94968025,0.9964912280701754,285,0.49676547368421053
gp_rbf_xcal,coco_better·siglip2_l,139,0.5332693767605634,0.11945,0.95121525,0.9964912280701754,285,0.49676547368421053
gp_rbf_xcal,coco_better·siglip2_l,140,0.5338575809859155,0.119573,0.95136675,0.9964912280701754,285,0.49676547368421053
gp_rbf_xcal,coco_better·siglip2_l,141,0.5339679542253521,0.12057975,0.95019625,0.9964912280701754,285,0.49676547368421053
gp_rbf_xcal,coco_better·siglip2_l,142,0.5343003415492957,0.11537175000000001,0.95035225,0.9964912280701754,285,0.49676547368421053
gp_rbf_xcal,coco_better·siglip2_l,143,0.5363409330985915,0.1165785,0.95064125,0.9964912280701754,285,0.49676547368421053
gp_rbf_xcal,coco_better·siglip2_l,144,0.5382726866197183,0.11646324999999999,0.94930625,0.9964912280701754,285,0.49676547368421053
gp_rbf_xcal,coco_better·siglip2_l,145,0.5398889436619718,0.111573,0.949975,0.9964912280701754,285,0.49676547368421053
gp_rbf_xcal,coco_better·siglip2_l,146,0.540556838028169,0.11441675000000001,0.949909,0.9964912280701754,285,0.49676547368421053
gp_rbf_xcal,coco_better·siglip2_l,147,0.5387742350877193,0.118639,0.947902,1.0,285,0.49676547368421053
gp_rbf_xcal,coco_better·siglip2_l,148,0.5394284280701754,0.103626,0.948143,1.0,285,0.49676547368421053
gp_rbf_xcal,coco_better·siglip2_l,149,0.5395824105263158,0.104692,0.949655,1.0,285,0.49676547368421053
gp_rbf_xcal,coco_better·siglip2_l,150,0.5398562877192982,0.112945,0.948849,1.0,285,0.49676547368421053
gp_rbf_gmm,coco_better·siglip2_l,0,0.49676547368421053,0.101297,0.897979,1.0,285,0.49676547368421053
gp_rbf_gmm,coco_better·siglip2_l,1,,,,0.0,285,0.49676547368421053
gp_rbf_gmm,coco_better·siglip2_l,2,0.06718255000000001,0.0055014999999999994,0.048171,0.14035087719298245,285,0.49676547368421053
gp_rbf_gmm,coco_better·siglip2_l,3,0.08288061666666667,0.006762,0.0633625,0.21052631578947367,285,0.49676547368421053
gp_rbf_gmm,coco_better·siglip2_l,4,0.3953775518672199,0.090416,0.733711,0.8456140350877193,285,0.49676547368421053
gp_rbf_gmm,coco_better·siglip2_l,5,0.3280926178861789,0.0402635,0.6412249999999999,0.8631578947368421,285,0.49676547368421053
gp_rbf_gmm,coco_better·siglip2_l,6,0.31651399206349207,0.038843749999999996,0.61043925,0.8842105263157894,285,0.49676547368421053
gp_rbf_gmm,coco_better·siglip2_l,7,0.3207750590551181,0.02980075,0.645721,0.8912280701754386,285,0.49676547368421053
gp_rbf_gmm,coco_better·siglip2_l,8,0.3735247725490196,0.037875500000000006,0.7568465,0.8947368421052632,285,0.49676547368421053
gp_rbf_gmm,coco_better·siglip2_l,9,0.37461917898832686,0.028622,0.780327,0.9017543859649123,285,0.49676547368421053
gp_rbf_gmm,coco_better·siglip2_l,10,0.3878468062015503,0.034953,0.7916957499999999,0.9052631578947369,285,0.49676547368421053
gp_rbf_gmm,coco_better·siglip2_l,11,0.3982994461538461,0.04389975,0.7956037499999999,0.9122807017543859,285,0.49676547368421053
gp_rbf_gmm,coco_better·siglip2_l,12,0.40506301915708803,0.043198,0.800464,0.9157894736842105,285,0.49676547368421053
gp_rbf_gmm,coco_better·siglip2_l,13,0.41658406896551725,0.046475,0.817316,0.9157894736842105,285,0.49676547368421053
gp_rbf_gmm,coco_better·siglip2_l,14,0.4213233754789272,0.046197,0.805366,0.9157894736842105,285,0.49676547368421053
gp_rbf_gmm,coco_better·siglip2_l,15,0.42670648854961835,0.05218075,0.8251455000000001,0.9192982456140351,285,0.49676547368421053
gp_rbf_gmm,coco_better·siglip2_l,16,0.4315459160305343,0.0543085,0.8231182499999999,0.9192982456140351,285,0.49676547368421053
gp_rbf_gmm,coco_better·siglip2_l,17,0.43608186641221375,0.06444575,0.82431325,0.9192982456140351,285,0.49676547368421053
gp_rbf_gmm,coco_better·siglip2_l,18,0.43891432442748096,0.0651095,0.830271,0.9192982456140351,285,0.49676547368421053
gp_rbf_gmm,coco_better·siglip2_l,19,0.4392104090909091,0.06711425,0.8349307499999999,0.9263157894736842,285,0.49676547368421053
gp_rbf_gmm,coco_better·siglip2_l,20,0.43632904119850185,0.0674845,0.832356,0.9368421052631579,285,0.49676547368421053
gp_rbf_gmm,coco_better·siglip2_l,21,0.4376377041198502,0.0759705,0.8304365,0.9368421052631579,285,0.49676547368421053
gp_rbf_gmm,coco_better·siglip2_l,22,0.4392841460674158,0.07883899999999999,0.8332745,0.9368421052631579,285,0.49676547368421053
gp_rbf_gmm,coco_better·siglip2_l,23,0.4408880374531835,0.0828395,0.8356494999999999,0.9368421052631579,285,0.49676547368421053
gp_rbf_gmm,coco_better·siglip2_l,24,0.4423134382022472,0.081273,0.8344674999999999,0.9368421052631579,285,0.49676547368421053
gp_rbf_gmm,coco_better·siglip2_l,25,0.4439191198501873,0.0878005,0.835941,0.9368421052631579,285,0.49676547368421053
gp_rbf_gmm,coco_better·siglip2_l,26,0.44465060674157303,0.0889485,0.8348180000000001,0.9368421052631579,285,0.49676547368421053
gp_rbf_gmm,coco_better·siglip2_l,27,0.4461228913857677,0.0904905,0.833269,0.9368421052631579,285,0.49676547368421053
gp_rbf_gmm,coco_better·siglip2_l,28,0.4456588656716418,0.08704975000000001,0.834997,0.9403508771929825,285,0.49676547368421053
gp_rbf_gmm,coco_better·siglip2_l,29,0.44386504814814814,0.08089275,0.834697,0.9473684210526315,285,0.49676547368421053
gp_rbf_gmm,coco_better·siglip2_l,30,0.44395949259259254,0.078202,0.8344435,0.9473684210526315,285,0.49676547368421053
gp_rbf_gmm,coco_better·siglip2_l,31,0.44570804814814813,0.08095925000000001,0.83542825,0.9473684210526315,285,0.49676547368421053
gp_rbf_gmm,coco_better·siglip2_l,32,0.446899937037037,0.08565225000000001,0.8353605,0.9473684210526315,285,0.49676547368421053
gp_rbf_gmm,coco_better·siglip2_l,33,0.4483561888888889,0.08995275,0.8356945,0.9473684210526315,285,0.49676547368421053
gp_rbf_gmm,coco_better·siglip2_l,34,0.4512050222222222,0.09313625,0.84087975,0.9473684210526315,285,0.49676547368421053
gp_rbf_gmm,coco_better·siglip2_l,35,0.45268923333333333,0.093916,0.843065,0.9473684210526315,285,0.49676547368421053
gp_rbf_gmm,coco_better·siglip2_l,36,0.4536247703703704,0.094213,0.8418304999999999,0.9473684210526315,285,0.49676547368421053
gp_rbf_gmm,coco_better·siglip2_l,37,0.4543712185185186,0.09567824999999999,0.84105325,0.9473684210526315,285,0.49676547368421053
gp_rbf_gmm,coco_better·siglip2_l,38,0.45544605555555556,0.09554075,0.842238,0.9473684210526315,285,0.49676547368421053
gp_rbf_gmm,coco_better·siglip2_l,39,0.4559090666666667,0.09627524999999999,0.8409875,0.9473684210526315,285,0.49676547368421053
gp_rbf_gmm,coco_better·siglip2_l,40,0.45651986296296293,0.09647025000000001,0.8384370000000001,0.9473684210526315,285,0.49676547368421053
gp_rbf_gmm,coco_better·siglip2_l,41,0.45683752962962965,0.09491250000000001,0.8414502500000001,0.9473684210526315,285,0.49676547368421053
gp_rbf_gmm,coco_better·siglip2_l,42,0.4575658074074074,0.09494675,0.8398695,0.9473684210526315,285,0.49676547368421053
gp_rbf_gmm,coco_better·siglip2_l,43,0.45649132103321033,0.094667,0.8381514999999999,0.9508771929824561,285,0.49676547368421053
gp_rbf_gmm,coco_better·siglip2_l,44,0.4569985498154982,0.09528249999999999,0.8381985,0.9508771929824561,285,0.49676547368421053
gp_rbf_gmm,coco_better·siglip2_l,45,0.45606873897058825,0.092743,0.8404065000000001,0.9543859649122807,285,0.49676547368421053
gp_rbf_gmm,coco_better·siglip2_l,46,0.4545917838827839,0.088382,0.83767,0.9578947368421052,285,0.49676547368421053
gp_rbf_gmm,coco_better·siglip2_l,47,0.4551768864468865,0.094232,0.839586,0.9578947368421052,285,0.49676547368421053
gp_rbf_gmm,coco_better·siglip2_l,48,0.45598510622710625,0.095458,0.838149,0.9578947368421052,285,0.49676547368421053
gp_rbf_gmm,coco_better·siglip2_l,49,0.4562559743589744,0.0996,0.837416,0.9578947368421052,285,0.49676547368421053
gp_rbf_gmm,coco_better·siglip2_l,50,0.45657863003662996,0.096217,0.838102,0.9578947368421052,285,0.49676547368421053
gp_rbf_gmm,coco_better·siglip2_l,51,0.45651165567765567,0.095806,0.839122,0.9578947368421052,285,0.49676547368421053
gp_rbf_gmm,coco_better·siglip2_l,52,0.4574655531135531,0.096424,0.84064,0.9578947368421052,285,0.49676547368421053
gp_rbf_gmm,coco_better·siglip2_l,53,0.45789824542124546,0.095379,0.840858,0.9578947368421052,285,0.49676547368421053
gp_rbf_gmm,coco_better·siglip2_l,54,0.45847553113553113,0.09553,0.842077,0.9578947368421052,285,0.49676547368421053
gp_rbf_gmm,coco_better·siglip2_l,55,0.45711936861313873,0.09487625,0.8414815,0.9614035087719298,285,0.49676547368421053
gp_rbf_gmm,coco_better·siglip2_l,56,0.45614809090909086,0.093364,0.840247,0.9649122807017544,285,0.49676547368421053
gp_rbf_gmm,coco_better·siglip2_l,57,0.45650356727272723,0.093359,0.8390785000000001,0.9649122807017544,285,0.49676547368421053
gp_rbf_gmm,coco_better·siglip2_l,58,0.45710522545454546,0.093384,0.8406915,0.9649122807017544,285,0.49676547368421053
gp_rbf_gmm,coco_better·siglip2_l,59,0.45583637681159417,0.09227625,0.83910275,0.968421052631579,285,0.49676547368421053
gp_rbf_gmm,coco_better·siglip2_l,60,0.45631245289855077,0.09403075,0.8410434999999999,0.968421052631579,285,0.49676547368421053
gp_rbf_gmm,coco_better·siglip2_l,61,0.45538475451263544,0.092142,0.839947,0.9719298245614035,285,0.49676547368421053
gp_rbf_gmm,coco_better·siglip2_l,62,0.45580671119133576,0.09214,0.841959,0.9719298245614035,285,0.49676547368421053
gp_rbf_gmm,coco_better·siglip2_l,63,0.4542754928057554,0.0892995,0.84186225,0.9754385964912281,285,0.49676547368421053
gp_rbf_gmm,coco_better·siglip2_l,64,0.45445289208633094,0.09030475,0.83894175,0.9754385964912281,285,0.49676547368421053
gp_rbf_gmm,coco_better·siglip2_l,65,0.45484012949640285,0.09198925,0.839913,0.9754385964912281,285,0.49676547368421053
gp_rbf_gmm,coco_better·siglip2_l,66,0.45478613669064744,0.09208075,0.8385625000000001,0.9754385964912281,285,0.49676547368421053
gp_rbf_gmm,coco_better·siglip2_l,67,0.4552279352517986,0.09318425,0.838544,0.9754385964912281,285,0.49676547368421053
gp_rbf_gmm,coco_better·siglip2_l,68,0.4556554748201439,0.09559,0.8396405,0.9754385964912281,285,0.49676547368421053
gp_rbf_gmm,coco_better·siglip2_l,69,0.45445158422939064,0.094723,0.8389265,0.9789473684210527,285,0.49676547368421053
gp_rbf_gmm,coco_better·siglip2_l,70,0.45321540714285713,0.09095249999999999,0.840714,0.9824561403508771,285,0.49676547368421053
gp_rbf_gmm,coco_better·siglip2_l,71,0.4532146357142857,0.08554300000000001,0.8398952500000001,0.9824561403508771,285,0.49676547368421053
gp_rbf_gmm,coco_better·siglip2_l,72,0.453458925,0.08546775000000001,0.840263,0.9824561403508771,285,0.49676547368421053
gp_rbf_gmm,coco_better·siglip2_l,73,0.45368486785714285,0.0850445,0.841704,0.9824561403508771,285,0.49676547368421053
gp_rbf_gmm,coco_better·siglip2_l,74,0.454109525,0.08784725,0.84330925,0.9824561403508771,285,0.49676547368421053
gp_rbf_gmm,coco_better·siglip2_l,75,0.45400513214285715,0.086607,0.8418325,0.9824561403508771,285,0.49676547368421053
gp_rbf_gmm,coco_better·siglip2_l,76,0.4542724571428572,0.08440325,0.84149275,0.9824561403508771,285,0.49676547368421053
gp_rbf_gmm,coco_better·siglip2_l,77,0.45293731672597864,0.082018,0.841071,0.9859649122807017,285,0.49676547368421053
gp_rbf_gmm,coco_better·siglip2_l,78,0.45122369858156025,0.08025,0.8392155,0.9894736842105263,285,0.49676547368421053
gp_rbf_gmm,coco_better·siglip2_l,79,0.45138006737588654,0.07705825,0.84167825,0.9894736842105263,285,0.49676547368421053
gp_rbf_gmm,coco_better·siglip2_l,80,0.4516476028368795,0.081146,0.8411869999999999,0.9894736842105263,285,0.49676547368421053
gp_rbf_gmm,coco_better·siglip2_l,81,0.4520108333333334,0.0835095,0.84090375,0.9894736842105263,285,0.49676547368421053
gp_rbf_gmm,coco_better·siglip2_l,82,0.45227132624113475,0.0835085,0.842839,0.9894736842105263,285,0.49676547368421053
gp_rbf_gmm,coco_better·siglip2_l,83,0.4524984645390071,0.0828545,0.8437295,0.9894736842105263,285,0.49676547368421053
gp_rbf_gmm,coco_better·siglip2_l,84,0.452998390070922,0.0832005,0.84512475,0.9894736842105263,285,0.49676547368421053
gp_rbf_gmm,coco_better·siglip2_l,85,0.45327648581560287,0.082936,0.845183,0.9894736842105263,285,0.49676547368421053
gp_rbf_gmm,coco_better·siglip2_l,86,0.4537135070921986,0.085524,0.84520375,0.9894736842105263,285,0.49676547368421053
gp_rbf_gmm,coco_better·siglip2_l,87,0.4537896914893617,0.0860885,0.8459515,0.9894736842105263,285,0.49676547368421053
gp_rbf_gmm,coco_better·siglip2_l,88,0.45406031560283683,0.0866405,0.84565725,0.9894736842105263,285,0.49676547368421053
gp_rbf_gmm,coco_better·siglip2_l,89,0.4540764858156028,0.08655275,0.8462495,0.9894736842105263,285,0.49676547368421053
gp_rbf_gmm,coco_better·siglip2_l,90,0.45419873049645393,0.08641875,0.84496175,0.9894736842105263,285,0.49676547368421053
gp_rbf_gmm,coco_better·siglip2_l,91,0.4541073971631206,0.086397,0.8452474999999999,0.9894736842105263,285,0.49676547368421053
gp_rbf_gmm,coco_better·siglip2_l,92,0.4544610212765957,0.08822674999999999,0.84666575,0.9894736842105263,285,0.49676547368421053
gp_rbf_gmm,coco_better·siglip2_l,93,0.45455705319148937,0.0893855,0.84775875,0.9894736842105263,285,0.49676547368421053
gp_rbf_gmm,coco_better·siglip2_l,94,0.45447723758865244,0.09094175,0.8469,0.9894736842105263,285,0.49676547368421053
gp_rbf_gmm,coco_better·siglip2_l,95,0.45322421908127203,0.090588,0.8473094999999999,0.9929824561403509,285,0.49676547368421053
gp_rbf_gmm,coco_better·siglip2_l,96,0.4534032826855124,0.090553,0.8470845,0.9929824561403509,285,0.49676547368421053
gp_rbf_gmm,coco_better·siglip2_l,97,0.45330395406360424,0.08712400000000001,0.8477065,0.9929824561403509,285,0.49676547368421053
gp_rbf_gmm,coco_better·siglip2_l,98,0.45356938162544175,0.08830550000000001,0.846784,0.9929824561403509,285,0.49676547368421053
gp_rbf_gmm,coco_better·siglip2_l,99,0.45412028268551236,0.0904035,0.8472465,0.9929824561403509,285,0.49676547368421053
gp_rbf_gmm,coco_better·siglip2_l,100,0.45533959717314487,0.0903115,0.8469549999999999,0.9929824561403509,285,0.49676547368421053
gp_rbf_gmm,coco_better·siglip2_l,101,0.4554883957597173,0.09114649999999999,0.845593,0.9929824561403509,285,0.49676547368421053
gp_rbf_gmm,coco_better·siglip2_l,102,0.45560326501766785,0.09114,0.84828,0.9929824561403509,285,0.49676547368421053
gp_rbf_gmm,coco_better·siglip2_l,103,0.4556191731448763,0.090517,0.8478425,0.9929824561403509,285,0.49676547368421053
gp_rbf_gmm,coco_better·siglip2_l,104,0.4558027879858657,0.090748,0.8482270000000001,0.9929824561403509,285,0.49676547368421053
gp_rbf_gmm,coco_better·siglip2_l,105,0.4559756961130742,0.090653,0.848447,0.9929824561403509,285,0.49676547368421053
gp_rbf_gmm,coco_better·siglip2_l,106,0.4560140212014134,0.0900435,0.8475055,0.9929824561403509,285,0.49676547368421053
gp_rbf_gmm,coco_better·siglip2_l,107,0.4562856537102473,0.0901905,0.848074,0.9929824561403509,285,0.49676547368421053
gp_rbf_gmm,coco_better·siglip2_l,108,0.4564661236749117,0.0904065,0.846398,0.9929824561403509,285,0.49676547368421053
gp_rbf_gmm,coco_better·siglip2_l,109,0.45636719434628964,0.091865,0.845788,0.9929824561403509,285,0.49676547368421053
gp_rbf_gmm,coco_better·siglip2_l,110,0.45653539575971736,0.0917625,0.8463510000000001,0.9929824561403509,285,0.49676547368421053
gp_rbf_gmm,coco_better·siglip2_l,111,0.4566943816254418,0.0917945,0.8462965,0.9929824561403509,285,0.49676547368421053
gp_rbf_gmm,coco_better·siglip2_l,112,0.4566342332155477,0.09193100000000001,0.8435805,0.9929824561403509,285,0.49676547368421053
gp_rbf_gmm,coco_better·siglip2_l,113,0.4569439681978798,0.0910575,0.8446285,0.9929824561403509,285,0.49676547368421053
gp_rbf_gmm,coco_better·siglip2_l,114,0.45696803886925796,0.092056,0.847567,0.9929824561403509,285,0.49676547368421053
gp_rbf_gmm,coco_better·siglip2_l,115,0.45700782332155476,0.0912685,0.8485105,0.9929824561403509,285,0.49676547368421053
gp_rbf_gmm,coco_better·siglip2_l,116,0.456886300353357,0.09128700000000001,0.8473465,0.9929824561403509,285,0.49676547368421053
gp_rbf_gmm,coco_better·siglip2_l,117,0.45697670318021205,0.0907775,0.8485475,0.9929824561403509,285,0.49676547368421053
gp_rbf_gmm,coco_better·siglip2_l,118,0.4567647137809187,0.090471,0.8484855,0.9929824561403509,285,0.49676547368421053
gp_rbf_gmm,coco_better·siglip2_l,119,0.456884703180212,0.09045149999999999,0.8481989999999999,0.9929824561403509,285,0.49676547368421053
gp_rbf_gmm,coco_better·siglip2_l,120,0.4567529646643109,0.0903275,0.8478334999999999,0.9929824561403509,285,0.49676547368421053
gp_rbf_gmm,coco_better·siglip2_l,121,0.4570079399293287,0.09009600000000001,0.8488055,0.9929824561403509,285,0.49676547368421053
gp_rbf_gmm,coco_better·siglip2_l,122,0.4570347349823321,0.09098300000000001,0.8473204999999999,0.9929824561403509,285,0.49676547368421053
gp_rbf_gmm,coco_better·siglip2_l,123,0.45745779858657243,0.091257,0.8472280000000001,0.9929824561403509,285,0.49676547368421053
gp_rbf_gmm,coco_better·siglip2_l,124,0.4574833639575972,0.09141250000000001,0.8471345,0.9929824561403509,285,0.49676547368421053
gp_rbf_gmm,coco_better·siglip2_l,125,0.45759752650176677,0.091235,0.8470185,0.9929824561403509,285,0.49676547368421053
gp_rbf_gmm,coco_better·siglip2_l,126,0.45757546996466425,0.091282,0.8475145,0.9929824561403509,285,0.49676547368421053
gp_rbf_gmm,coco_better·siglip2_l,127,0.45794509540636047,0.091211,0.8474405,0.9929824561403509,285,0.49676547368421053
gp_rbf_gmm,coco_better·siglip2_l,128,0.45784263604240283,0.0886565,0.847379,0.9929824561403509,285,0.49676547368421053
gp_rbf_gmm,coco_better·siglip2_l,129,0.4580444664310953,0.0853045,0.848608,0.9929824561403509,285,0.49676547368421053
gp_rbf_gmm,coco_better·siglip2_l,130,0.45804743109540635,0.084926,0.8492955,0.9929824561403509,285,0.49676547368421053
gp_rbf_gmm,coco_better·siglip2_l,131,0.45823770671378083,0.08500250000000001,0.8497035,0.9929824561403509,285,0.49676547368421053
gp_rbf_gmm,coco_better·siglip2_l,132,0.4567376443661972,0.082235,0.8503185,0.9964912280701754,285,0.49676547368421053
gp_rbf_gmm,coco_better·siglip2_l,133,0.456926147887324,0.08254975,0.8506402500000001,0.9964912280701754,285,0.49676547368421053
gp_rbf_gmm,coco_better·siglip2_l,134,0.4569789436619718,0.0835605,0.85053275,0.9964912280701754,285,0.49676547368421053
gp_rbf_gmm,coco_better·siglip2_l,135,0.4570782147887325,0.08506375,0.8503825,0.9964912280701754,285,0.49676547368421053
gp_rbf_gmm,coco_better·siglip2_l,136,0.45716843309859156,0.08497625,0.85089275,0.9964912280701754,285,0.49676547368421053
gp_rbf_gmm,coco_better·siglip2_l,137,0.45707711971830983,0.0853755,0.8510087500000001,0.9964912280701754,285,0.49676547368421053
gp_rbf_gmm,coco_better·siglip2_l,138,0.4574121936619719,0.085776,0.8514485,0.9964912280701754,285,0.49676547368421053
gp_rbf_gmm,coco_better·siglip2_l,139,0.4578265669014084,0.08687025,0.8522462500000001,0.9964912280701754,285,0.49676547368421053
gp_rbf_gmm,coco_better·siglip2_l,140,0.4580475845070422,0.0879375,0.85171175,0.9964912280701754,285,0.49676547368421053
gp_rbf_gmm,coco_better·siglip2_l,141,0.45832550000000005,0.08797,0.8528242500000001,0.9964912280701754,285,0.49676547368421053
gp_rbf_gmm,coco_better·siglip2_l,142,0.45850814788732397,0.09057375,0.853019,0.9964912280701754,285,0.49676547368421053
gp_rbf_gmm,coco_better·siglip2_l,143,0.45858874647887327,0.0903205,0.852333,0.9964912280701754,285,0.49676547368421053
gp_rbf_gmm,coco_better·siglip2_l,144,0.45867649647887326,0.09080625,0.85339425,0.9964912280701754,285,0.49676547368421053
gp_rbf_gmm,coco_better·siglip2_l,145,0.4586615563380282,0.09140224999999999,0.8528785,0.9964912280701754,285,0.49676547368421053
gp_rbf_gmm,coco_better·siglip2_l,146,0.4591984929577465,0.09125825,0.85316025,0.9964912280701754,285,0.49676547368421053
gp_rbf_gmm,coco_better·siglip2_l,147,0.45801366666666665,0.089356,0.85556,1.0,285,0.49676547368421053
gp_rbf_gmm,coco_better·siglip2_l,148,0.4579747473684211,0.090161,0.855572,1.0,285,0.49676547368421053
gp_rbf_gmm,coco_better·siglip2_l,149,0.4580921157894738,0.090661,0.854052,1.0,285,0.49676547368421053
gp_rbf_gmm,coco_better·siglip2_l,150,0.4583328877192982,0.091991,0.854178,1.0,285,0.49676547368421053
gp_dot_anch,coco_better·siglip2_l,0,0.49676547368421053,0.101297,0.897979,1.0,285,0.49676547368421053
gp_dot_anch,coco_better·siglip2_l,1,,,,0.0,285,0.49676547368421053
gp_dot_anch,coco_better·siglip2_l,2,0.026864074999999998,0.00706675,0.03929825,0.14035087719298245,285,0.49676547368421053
gp_dot_anch,coco_better·siglip2_l,3,0.07164101666666665,0.0047365,0.060209,0.21052631578947367,285,0.49676547368421053
gp_dot_anch,coco_better·siglip2_l,4,0.39105948962655607,0.070975,0.761291,0.8456140350877193,285,0.49676547368421053
gp_dot_anch,coco_better·siglip2_l,5,0.4072857967479675,0.0774475,0.76423925,0.8631578947368421,285,0.49676547368421053
gp_dot_anch,coco_better·siglip2_l,6,0.40051799206349203,0.054304000000000005,0.7629572499999999,0.8842105263157894,285,0.49676547368421053
gp_dot_anch,coco_better·siglip2_l,7,0.369525905511811,0.031762750000000006,0.71125975,0.8912280701754386,285,0.49676547368421053
gp_dot_anch,coco_better·siglip2_l,8,0.3334102078431373,0.028261500000000002,0.6829164999999999,0.8947368421052632,285,0.49676547368421053
gp_dot_anch,coco_better·siglip2_l,9,0.32679558754863813,0.021799,0.664157,0.9017543859649123,285,0.49676547368421053
gp_dot_anch,coco_better·siglip2_l,10,0.37180642248062024,0.03519175,0.75451125,0.9052631578947369,285,0.49676547368421053
gp_dot_anch,coco_better·siglip2_l,11,0.38816022692307695,0.04407,0.7744075,0.9122807017543859,285,0.49676547368421053
gp_dot_anch,coco_better·siglip2_l,12,0.40249714942528736,0.048865,0.792478,0.9157894736842105,285,0.49676547368421053
gp_dot_anch,coco_better·siglip2_l,13,0.4168073716475096,0.057318,0.817635,0.9157894736842105,285,0.49676547368421053
gp_dot_anch,coco_better·siglip2_l,14,0.42269939463601536,0.064488,0.813845,0.9157894736842105,285,0.49676547368421053
gp_dot_anch,coco_better·siglip2_l,15,0.4288500229007633,0.0673145,0.816397,0.9192982456140351,285,0.49676547368421053
gp_dot_anch,coco_better·siglip2_l,16,0.4366233244274809,0.069938,0.8324625,0.9192982456140351,285,0.49676547368421053
gp_dot_anch,coco_better·siglip2_l,17,0.44110185114503814,0.074441,0.8346465000000001,0.9192982456140351,285,0.49676547368421053
gp_dot_anch,coco_better·siglip2_l,18,0.44406614503816794,0.07399,0.8324065,0.9192982456140351,285,0.49676547368421053
gp_dot_anch,coco_better·siglip2_l,19,0.44531259469696965,0.07529174999999999,0.8304962499999999,0.9263157894736842,285,0.49676547368421053
gp_dot_anch,coco_better·siglip2_l,20,0.4444723183520599,0.0707665,0.8343315,0.9368421052631579,285,0.49676547368421053
gp_dot_anch,coco_better·siglip2_l,21,0.44742657303370775,0.07324449999999999,0.8408935,0.9368421052631579,285,0.49676547368421053
gp_dot_anch,coco_better·siglip2_l,22,0.44921180149812734,0.0784145,0.8459745,0.9368421052631579,285,0.49676547368421053
gp_dot_anch,coco_better·siglip2_l,23,0.4527927116104869,0.078899,0.843952,0.9368421052631579,285,0.49676547368421053
gp_dot_anch,coco_better·siglip2_l,24,0.45609360299625473,0.08673900000000001,0.8496025,0.9368421052631579,285,0.49676547368421053
gp_dot_anch,coco_better·siglip2_l,25,0.45752568164794005,0.08380599999999999,0.85604,0.9368421052631579,285,0.49676547368421053
gp_dot_anch,coco_better·siglip2_l,26,0.4604749026217228,0.082202,0.856869,0.9368421052631579,285,0.49676547368421053
gp_dot_anch,coco_better·siglip2_l,27,0.4610197041198501,0.0860795,0.8612455,0.9368421052631579,285,0.49676547368421053
gp_dot_anch,coco_better·siglip2_l,28,0.4611567611940299,0.0877165,0.8632105,0.9403508771929825,285,0.49676547368421053
gp_dot_anch,coco_better·siglip2_l,29,0.45972204074074074,0.0821715,0.85622975,0.9473684210526315,285,0.49676547368421053
gp_dot_anch,coco_better·siglip2_l,30,0.46070684814814816,0.083872,0.861434,0.9473684210526315,285,0.49676547368421053
gp_dot_anch,coco_better·siglip2_l,31,0.4626907888888889,0.08469525,0.8607095,0.9473684210526315,285,0.49676547368421053
gp_dot_anch,coco_better·siglip2_l,32,0.46402578148148144,0.09073300000000001,0.86165625,0.9473684210526315,285,0.49676547368421053
gp_dot_anch,coco_better·siglip2_l,33,0.46485717407407406,0.0861005,0.8572675,0.9473684210526315,285,0.49676547368421053
gp_dot_anch,coco_better·siglip2_l,34,0.4667078888888889,0.0891355,0.86032575,0.9473684210526315,285,0.49676547368421053
gp_dot_anch,coco_better·siglip2_l,35,0.46712775925925926,0.09193625,0.8634525,0.9473684210526315,285,0.49676547368421053
gp_dot_anch,coco_better·siglip2_l,36,0.4688632925925926,0.0914605,0.86735075,0.9473684210526315,285,0.49676547368421053
gp_dot_anch,coco_better·siglip2_l,37,0.47009791481481483,0.0884775,0.86734175,0.9473684210526315,285,0.49676547368421053
gp_dot_anch,coco_better·siglip2_l,38,0.4708019703703704,0.08978775,0.86442225,0.9473684210526315,285,0.49676547368421053
gp_dot_anch,coco_better·siglip2_l,39,0.4723277851851852,0.09011375,0.8683207500000001,0.9473684210526315,285,0.49676547368421053
gp_dot_anch,coco_better·siglip2_l,40,0.47344810370370366,0.08938774999999999,0.86897875,0.9473684210526315,285,0.49676547368421053
gp_dot_anch,coco_better·siglip2_l,41,0.4749733851851852,0.0882635,0.8693225,0.9473684210526315,285,0.49676547368421053
gp_dot_anch,coco_better·siglip2_l,42,0.4755357703703704,0.09206800000000001,0.868725,0.9473684210526315,285,0.49676547368421053
gp_dot_anch,coco_better·siglip2_l,43,0.47495012546125454,0.0922755,0.8706975,0.9508771929824561,285,0.49676547368421053
gp_dot_anch,coco_better·siglip2_l,44,0.4755893874538746,0.0860335,0.8699275,0.9508771929824561,285,0.49676547368421053
gp_dot_anch,coco_better·siglip2_l,45,0.4756317904411765,0.088553,0.869341,0.9543859649122807,285,0.49676547368421053
gp_dot_anch,coco_better·siglip2_l,46,0.47504736263736264,0.08905,0.868132,0.9578947368421052,285,0.49676547368421053
gp_dot_anch,coco_better·siglip2_l,47,0.47607032234432234,0.093148,0.869141,0.9578947368421052,285,0.49676547368421053
gp_dot_anch,coco_better·siglip2_l,48,0.47661442124542114,0.100134,0.872613,0.9578947368421052,285,0.49676547368421053
gp_dot_anch,coco_better·siglip2_l,49,0.4773480549450549,0.098591,0.87206,0.9578947368421052,285,0.49676547368421053
gp_dot_anch,coco_better·siglip2_l,50,0.4775212014652015,0.099359,0.870228,0.9578947368421052,285,0.49676547368421053
gp_dot_anch,coco_better·siglip2_l,51,0.47786028571428574,0.098196,0.8665,0.9578947368421052,285,0.49676547368421053
gp_dot_anch,coco_better·siglip2_l,52,0.47891596336996334,0.09926,0.867051,0.9578947368421052,285,0.49676547368421053
gp_dot_anch,coco_better·siglip2_l,53,0.4795740769230769,0.101977,0.868327,0.9578947368421052,285,0.49676547368421053
gp_dot_anch,coco_better·siglip2_l,54,0.48070093772893774,0.103158,0.865931,0.9578947368421052,285,0.49676547368421053
gp_dot_anch,coco_better·siglip2_l,55,0.47944368248175184,0.1018865,0.8682625,0.9614035087719298,285,0.49676547368421053
gp_dot_anch,coco_better·siglip2_l,56,0.47827576363636365,0.098443,0.867405,0.9649122807017544,285,0.49676547368421053
gp_dot_anch,coco_better·siglip2_l,57,0.4792017054545455,0.10111400000000001,0.869035,0.9649122807017544,285,0.49676547368421053
gp_dot_anch,coco_better·siglip2_l,58,0.47986274545454544,0.1009325,0.8712005,0.9649122807017544,285,0.49676547368421053
gp_dot_anch,coco_better·siglip2_l,59,0.4786081449275363,0.09978825,0.870208,0.968421052631579,285,0.49676547368421053
gp_dot_anch,coco_better·siglip2_l,60,0.4789799528985507,0.10215175,0.8698454999999999,0.968421052631579,285,0.49676547368421053
gp_dot_anch,coco_better·siglip2_l,61,0.47727567509025265,0.097051,0.871239,0.9719298245614035,285,0.49676547368421053
gp_dot_anch,coco_better·siglip2_l,62,0.4778449422382671,0.099939,0.872587,0.9719298245614035,285,0.49676547368421053
gp_dot_anch,coco_better·siglip2_l,63,0.47633534892086327,0.09410725,0.8728285,0.9754385964912281,285,0.49676547368421053
gp_dot_anch,coco_better·siglip2_l,64,0.47658467985611513,0.09329425,0.87191625,0.9754385964912281,285,0.49676547368421053
gp_dot_anch,coco_better·siglip2_l,65,0.47705199640287765,0.09520674999999999,0.8732102500000001,0.9754385964912281,285,0.49676547368421053
gp_dot_anch,coco_better·siglip2_l,66,0.47839144964028774,0.09371774999999999,0.8730405,0.9754385964912281,285,0.49676547368421053
gp_dot_anch,coco_better·siglip2_l,67,0.4787995323741007,0.09092149999999999,0.8730565,0.9754385964912281,285,0.49676547368421053
gp_dot_anch,coco_better·siglip2_l,68,0.4791837374100719,0.09931375,0.87384075,0.9754385964912281,285,0.49676547368421053
gp_dot_anch,coco_better·siglip2_l,69,0.4776344695340502,0.09597549999999999,0.8735900000000001,0.9789473684210527,285,0.49676547368421053
gp_dot_anch,coco_better·siglip2_l,70,0.4764188035714286,0.0934945,0.87628925,0.9824561403508771,285,0.49676547368421053
gp_dot_anch,coco_better·siglip2_l,71,0.4764145500000001,0.09536875,0.8756845,0.9824561403508771,285,0.49676547368421053
gp_dot_anch,coco_better·siglip2_l,72,0.47674628928571433,0.09491274999999999,0.8732565,0.9824561403508771,285,0.49676547368421053
gp_dot_anch,coco_better·siglip2_l,73,0.47669809642857136,0.09349225,0.874317,0.9824561403508771,285,0.49676547368421053
gp_dot_anch,coco_better·siglip2_l,74,0.4770874535714287,0.09432475000000001,0.87234575,0.9824561403508771,285,0.49676547368421053
gp_dot_anch,coco_better·siglip2_l,75,0.4772706071428572,0.094539,0.8732775,0.9824561403508771,285,0.49676547368421053
gp_dot_anch,coco_better·siglip2_l,76,0.4771820107142858,0.0950665,0.87362925,0.9824561403508771,285,0.49676547368421053
gp_dot_anch,coco_better·siglip2_l,77,0.47551408896797154,0.092375,0.873,0.9859649122807017,285,0.49676547368421053
gp_dot_anch,coco_better·siglip2_l,78,0.47497847517730507,0.0907145,0.872139,0.9894736842105263,285,0.49676547368421053
gp_dot_anch,coco_better·siglip2_l,79,0.4757468156028368,0.090476,0.874948,0.9894736842105263,285,0.49676547368421053
gp_dot_anch,coco_better·siglip2_l,80,0.47631265957446817,0.09117325,0.875102,0.9894736842105263,285,0.49676547368421053
gp_dot_anch,coco_better·siglip2_l,81,0.477249,0.09086125,0.8769942500000001,0.9894736842105263,285,0.49676547368421053
gp_dot_anch,coco_better·siglip2_l,82,0.47736007446808515,0.09035225000000001,0.87614025,0.9894736842105263,285,0.49676547368421053
gp_dot_anch,coco_better·siglip2_l,83,0.47772413475177306,0.090287,0.87632425,0.9894736842105263,285,0.49676547368421053
gp_dot_anch,coco_better·siglip2_l,84,0.47841463475177304,0.08988725,0.8796837500000001,0.9894736842105263,285,0.49676547368421053
gp_dot_anch,coco_better·siglip2_l,85,0.47870551773049647,0.089886,0.8799865,0.9894736842105263,285,0.49676547368421053
gp_dot_anch,coco_better·siglip2_l,86,0.4790382411347518,0.08999850000000001,0.8794027499999999,0.9894736842105263,285,0.49676547368421053
gp_dot_anch,coco_better·siglip2_l,87,0.4794490709219858,0.08998575,0.8776,0.9894736842105263,285,0.49676547368421053
gp_dot_anch,coco_better·siglip2_l,88,0.4800736028368795,0.09159525,0.87623925,0.9894736842105263,285,0.49676547368421053
gp_dot_anch,coco_better·siglip2_l,89,0.48034930496453904,0.091791,0.875823,0.9894736842105263,285,0.49676547368421053
gp_dot_anch,coco_better·siglip2_l,90,0.48014730141843964,0.09214125000000001,0.87802325,0.9894736842105263,285,0.49676547368421053
gp_dot_anch,coco_better·siglip2_l,91,0.4809937446808511,0.09288199999999999,0.87754575,0.9894736842105263,285,0.49676547368421053
gp_dot_anch,coco_better·siglip2_l,92,0.4813169645390071,0.09191375,0.8813155,0.9894736842105263,285,0.49676547368421053
gp_dot_anch,coco_better·siglip2_l,93,0.48088926950354605,0.0906605,0.8830625,0.9894736842105263,285,0.49676547368421053
gp_dot_anch,coco_better·siglip2_l,94,0.48113568085106395,0.08764025,0.8845284999999999,0.9894736842105263,285,0.49676547368421053
gp_dot_anch,coco_better·siglip2_l,95,0.47982590459363955,0.09031600000000001,0.8848769999999999,0.9929824561403509,285,0.49676547368421053
gp_dot_anch,coco_better·siglip2_l,96,0.4800983003533569,0.089181,0.883918,0.9929824561403509,285,0.49676547368421053
gp_dot_anch,coco_better·siglip2_l,97,0.48007465724381626,0.086114,0.884654,0.9929824561403509,285,0.49676547368421053
gp_dot_anch,coco_better·siglip2_l,98,0.4801366077738516,0.0867665,0.884977,0.9929824561403509,285,0.49676547368421053
gp_dot_anch,coco_better·siglip2_l,99,0.4805992897526502,0.0901145,0.8856255,0.9929824561403509,285,0.49676547368421053
gp_dot_anch,coco_better·siglip2_l,100,0.4808586042402827,0.0904655,0.887318,0.9929824561403509,285,0.49676547368421053
gp_dot_anch,coco_better·siglip2_l,101,0.48134050530035344,0.090698,0.889679,0.9929824561403509,285,0.49676547368421053
gp_dot_anch,coco_better·siglip2_l,102,0.48148563957597174,0.091527,0.889927,0.9929824561403509,285,0.49676547368421053
gp_dot_anch,coco_better·siglip2_l,103,0.481863445229682,0.091726,0.8911855,0.9929824561403509,285,0.49676547368421053
gp_dot_anch,coco_better·siglip2_l,104,0.481687,0.0944635,0.890369,0.9929824561403509,285,0.49676547368421053
gp_dot_anch,coco_better·siglip2_l,105,0.4818783780918728,0.092748,0.8907845,0.9929824561403509,285,0.49676547368421053
gp_dot_anch,coco_better·siglip2_l,106,0.48206132508833927,0.0945805,0.889945,0.9929824561403509,285,0.49676547368421053
gp_dot_anch,coco_better·siglip2_l,107,0.48262188339222617,0.096217,0.8897125,0.9929824561403509,285,0.49676547368421053
gp_dot_anch,coco_better·siglip2_l,108,0.4825173144876324,0.0993955,0.8904430000000001,0.9929824561403509,285,0.49676547368421053
gp_dot_anch,coco_better·siglip2_l,109,0.48277243109540635,0.09907650000000001,0.8907339999999999,0.9929824561403509,285,0.49676547368421053
gp_dot_anch,coco_better·siglip2_l,110,0.4829564275618375,0.0997275,0.890915,0.9929824561403509,285,0.49676547368421053
gp_dot_anch,coco_better·siglip2_l,111,0.483605296819788,0.100491,0.8928085,0.9929824561403509,285,0.49676547368421053
gp_dot_anch,coco_better·siglip2_l,112,0.48405341342756186,0.1002545,0.8935985,0.9929824561403509,285,0.49676547368421053
gp_dot_anch,coco_better·siglip2_l,113,0.48445486219081274,0.099874,0.894054,0.9929824561403509,285,0.49676547368421053
gp_dot_anch,coco_better·siglip2_l,114,0.48407611307420495,0.09936700000000001,0.8910215,0.9929824561403509,285,0.49676547368421053
gp_dot_anch,coco_better·siglip2_l,115,0.4841276996466431,0.1031975,0.890899,0.9929824561403509,285,0.49676547368421053
gp_dot_anch,coco_better·siglip2_l,116,0.4849907915194346,0.102625,0.8921905,0.9929824561403509,285,0.49676547368421053
gp_dot_anch,coco_better·siglip2_l,117,0.48539279505300353,0.103405,0.8897235,0.9929824561403509,285,0.49676547368421053
gp_dot_anch,coco_better·siglip2_l,118,0.48562671378091876,0.10324,0.8919165,0.9929824561403509,285,0.49676547368421053
gp_dot_anch,coco_better·siglip2_l,119,0.48601901413427556,0.101036,0.897834,0.9929824561403509,285,0.49676547368421053
gp_dot_anch,coco_better·siglip2_l,120,0.4864177809187279,0.104041,0.8986685,0.9929824561403509,285,0.49676547368421053
gp_dot_anch,coco_better·siglip2_l,121,0.48617538162544166,0.104041,0.8988590000000001,0.9929824561403509,285,0.49676547368421053
gp_dot_anch,coco_better·siglip2_l,122,0.4865765123674913,0.10549700000000001,0.899699,0.9929824561403509,285,0.49676547368421053
gp_dot_anch,coco_better·siglip2_l,123,0.4869955759717315,0.105807,0.9008849999999999,0.9929824561403509,285,0.49676547368421053
gp_dot_anch,coco_better·siglip2_l,124,0.48685025795053,0.105024,0.9064055,0.9929824561403509,285,0.49676547368421053
gp_dot_anch,coco_better·siglip2_l,125,0.48702375265017667,0.1059075,0.9055545,0.9929824561403509,285,0.49676547368421053
gp_dot_anch,coco_better·siglip2_l,126,0.487455441696113,0.10535,0.9057225,0.9929824561403509,285,0.49676547368421053
gp_dot_anch,coco_better·siglip2_l,127,0.4874450035335689,0.1060725,0.906504,0.9929824561403509,285,0.49676547368421053
gp_dot_anch,coco_better·siglip2_l,128,0.4873604699646644,0.10570650000000001,0.9060265000000001,0.9929824561403509,285,0.49676547368421053
gp_dot_anch,coco_better·siglip2_l,129,0.4882422544169612,0.10448,0.9073534999999999,0.9929824561403509,285,0.49676547368421053
gp_dot_anch,coco_better·siglip2_l,130,0.4884098480565371,0.1039335,0.9072815,0.9929824561403509,285,0.49676547368421053
gp_dot_anch,coco_better·siglip2_l,131,0.4886191978798587,0.104321,0.900428,0.9929824561403509,285,0.49676547368421053
gp_dot_anch,coco_better·siglip2_l,132,0.48701102464788726,0.101357,0.8982165,0.9964912280701754,285,0.49676547368421053
gp_dot_anch,coco_better·siglip2_l,133,0.48748863380281693,0.10395950000000001,0.89805925,0.9964912280701754,285,0.49676547368421053
gp_dot_anch,coco_better·siglip2_l,134,0.4871524823943662,0.10323775,0.89867975,0.9964912280701754,285,0.49676547368421053
gp_dot_anch,coco_better·siglip2_l,135,0.48748804929577466,0.10372575,0.89768675,0.9964912280701754,285,0.49676547368421053
gp_dot_anch,coco_better·siglip2_l,136,0.48802276408450707,0.1033545,0.8979545,0.9964912280701754,285,0.49676547368421053
gp_dot_anch,coco_better·siglip2_l,137,0.4882435528169014,0.1015945,0.90362575,0.9964912280701754,285,0.49676547368421053
gp_dot_anch,coco_better·siglip2_l,138,0.48847777464788733,0.10402700000000001,0.9037602499999999,0.9964912280701754,285,0.49676547368421053
gp_dot_anch,coco_better·siglip2_l,139,0.48863516549295766,0.10419324999999999,0.903983,0.9964912280701754,285,0.49676547368421053
gp_dot_anch,coco_better·siglip2_l,140,0.48881265845070426,0.10428275000000001,0.90462775,0.9964912280701754,285,0.49676547368421053
gp_dot_anch,coco_better·siglip2_l,141,0.48876632042253515,0.10474425,0.90458175,0.9964912280701754,285,0.49676547368421053
gp_dot_anch,coco_better·siglip2_l,142,0.48893154929577465,0.10446825,0.9038849999999999,0.9964912280701754,285,0.49676547368421053
gp_dot_anch,coco_better·siglip2_l,143,0.4892996830985914,0.10645874999999999,0.9031862500000001,0.9964912280701754,285,0.49676547368421053
gp_dot_anch,coco_better·siglip2_l,144,0.4889766654929577,0.1063265,0.9027324999999999,0.9964912280701754,285,0.49676547368421053
gp_dot_anch,coco_better·siglip2_l,145,0.4890851514084507,0.10594025,0.9028167500000001,0.9964912280701754,285,0.49676547368421053
gp_dot_anch,coco_better·siglip2_l,146,0.4892341267605633,0.1063145,0.90285175,0.9964912280701754,285,0.49676547368421053
gp_dot_anch,coco_better·siglip2_l,147,0.48750994736842107,0.105985,0.899685,1.0,285,0.49676547368421053
gp_dot_anch,coco_better·siglip2_l,148,0.4875975543859649,0.105898,0.899702,1.0,285,0.49676547368421053
gp_dot_anch,coco_better·siglip2_l,149,0.48754506315789475,0.106605,0.901663,1.0,285,0.49676547368421053
gp_dot_anch,coco_better·siglip2_l,150,0.4864602526315789,0.107218,0.903854,1.0,285,0.49676547368421053
gp_rbf_anch_maxvar,coco_better·siglip2_l,0,0.49676547368421053,0.101297,0.897979,1.0,285,0.49676547368421053
gp_rbf_anch_maxvar,coco_better·siglip2_l,1,,,,0.0,285,0.49676547368421053
gp_rbf_anch_maxvar,coco_better·siglip2_l,2,0.06718255000000001,0.0055014999999999994,0.048171,0.14035087719298245,285,0.49676547368421053
gp_rbf_anch_maxvar,coco_better·siglip2_l,3,0.08288061666666667,0.006762,0.0633625,0.21052631578947367,285,0.49676547368421053
gp_rbf_anch_maxvar,coco_better·siglip2_l,4,0.395118979253112,0.090416,0.733711,0.8456140350877193,285,0.49676547368421053
gp_rbf_anch_maxvar,coco_better·siglip2_l,5,0.3280926178861789,0.0402635,0.6412249999999999,0.8631578947368421,285,0.49676547368421053
gp_rbf_anch_maxvar,coco_better·siglip2_l,6,0.3165136190476191,0.038843749999999996,0.61043925,0.8842105263157894,285,0.49676547368421053
gp_rbf_anch_maxvar,coco_better·siglip2_l,7,0.320773937007874,0.02980075,0.645721,0.8912280701754386,285,0.49676547368421053
gp_rbf_anch_maxvar,coco_better·siglip2_l,8,0.36200762745098036,0.038182999999999995,0.750599,0.8947368421052632,285,0.49676547368421053
gp_rbf_anch_maxvar,coco_better·siglip2_l,9,0.3967444708171206,0.054352,0.777067,0.9017543859649123,285,0.49676547368421053
gp_rbf_anch_maxvar,coco_better·siglip2_l,10,0.3950862829457365,0.039537499999999996,0.7822644999999999,0.9052631578947369,285,0.49676547368421053
gp_rbf_anch_maxvar,coco_better·siglip2_l,11,0.4091751346153846,0.049386,0.791297,0.9122807017543859,285,0.49676547368421053
gp_rbf_anch_maxvar,coco_better·siglip2_l,12,0.4187934214559387,0.067472,0.812782,0.9157894736842105,285,0.49676547368421053
gp_rbf_anch_maxvar,coco_better·siglip2_l,13,0.42583477394636016,0.067788,0.815138,0.9157894736842105,285,0.49676547368421053
gp_rbf_anch_maxvar,coco_better·siglip2_l,14,0.4312199348659003,0.065278,0.831371,0.9157894736842105,285,0.49676547368421053
gp_rbf_anch_maxvar,coco_better·siglip2_l,15,0.4351814389312977,0.069826,0.83958975,0.9192982456140351,285,0.49676547368421053
gp_rbf_anch_maxvar,coco_better·siglip2_l,16,0.4389562709923664,0.07624199999999999,0.8451755,0.9192982456140351,285,0.49676547368421053
gp_rbf_anch_maxvar,coco_better·siglip2_l,17,0.4429418854961832,0.07758599999999999,0.852203,0.9192982456140351,285,0.49676547368421053
gp_rbf_anch_maxvar,coco_better·siglip2_l,18,0.4486905038167938,0.0769195,0.8606655,0.9192982456140351,285,0.49676547368421053
gp_rbf_anch_maxvar,coco_better·siglip2_l,19,0.4494390681818182,0.08074375,0.8598049999999999,0.9263157894736842,285,0.49676547368421053
gp_rbf_anch_maxvar,coco_better·siglip2_l,20,0.4505312434456929,0.0821115,0.884855,0.9368421052631579,285,0.49676547368421053
gp_rbf_anch_maxvar,coco_better·siglip2_l,21,0.4559543033707866,0.082652,0.8888075,0.9368421052631579,285,0.49676547368421053
gp_rbf_anch_maxvar,coco_better·siglip2_l,22,0.4595982209737828,0.0866555,0.8851115,0.9368421052631579,285,0.49676547368421053
gp_rbf_anch_maxvar,coco_better·siglip2_l,23,0.46454140823970036,0.0890045,0.890201,0.9368421052631579,285,0.49676547368421053
gp_rbf_anch_maxvar,coco_better·siglip2_l,24,0.4701852921348315,0.086689,0.8940755,0.9368421052631579,285,0.49676547368421053
gp_rbf_anch_maxvar,coco_better·siglip2_l,25,0.47339257677902624,0.08601,0.910447,0.9368421052631579,285,0.49676547368421053
gp_rbf_anch_maxvar,coco_better·siglip2_l,26,0.476792052434457,0.085704,0.910973,0.9368421052631579,285,0.49676547368421053
gp_rbf_anch_maxvar,coco_better·siglip2_l,27,0.4824425468164794,0.0937375,0.9114575,0.9368421052631579,285,0.49676547368421053
gp_rbf_anch_maxvar,coco_better·siglip2_l,28,0.48568901492537314,0.098446,0.91773425,0.9403508771929825,285,0.49676547368421053
gp_rbf_anch_maxvar,coco_better·siglip2_l,29,0.48736204074074074,0.10193,0.92033,0.9473684210526315,285,0.49676547368421053
gp_rbf_anch_maxvar,coco_better·siglip2_l,30,0.4921223037037037,0.099736,0.920149,0.9473684210526315,285,0.49676547368421053
gp_rbf_anch_maxvar,coco_better·siglip2_l,31,0.49766960740740734,0.09535275,0.92786125,0.9473684210526315,285,0.49676547368421053
gp_rbf_anch_maxvar,coco_better·siglip2_l,32,0.5000818185185185,0.103043,0.92889225,0.9473684210526315,285,0.49676547368421053
gp_rbf_anch_maxvar,coco_better·siglip2_l,33,0.5045658111111112,0.09669975,0.93162375,0.9473684210526315,285,0.49676547368421053
gp_rbf_anch_maxvar,coco_better·siglip2_l,34,0.5086273185185185,0.1026555,0.929334,0.9473684210526315,285,0.49676547368421053
gp_rbf_anch_maxvar,coco_better·siglip2_l,35,0.5112183222222223,0.10341825,0.93458325,0.9473684210526315,285,0.49676547368421053
gp_rbf_anch_maxvar,coco_better·siglip2_l,36,0.5147605740740742,0.11254700000000001,0.93530725,0.9473684210526315,285,0.49676547368421053
gp_rbf_anch_maxvar,coco_better·siglip2_l,37,0.5179392518518517,0.10502550000000001,0.94033025,0.9473684210526315,285,0.49676547368421053
gp_rbf_anch_maxvar,coco_better·siglip2_l,38,0.5212789592592593,0.10983875,0.9377715,0.9473684210526315,285,0.49676547368421053
gp_rbf_anch_maxvar,coco_better·siglip2_l,39,0.5254781296296297,0.11782524999999999,0.93118525,0.9473684210526315,285,0.49676547368421053
gp_rbf_anch_maxvar,coco_better·siglip2_l,40,0.5282335222222222,0.1125565,0.9335705000000001,0.9473684210526315,285,0.49676547368421053
gp_rbf_anch_maxvar,coco_better·siglip2_l,41,0.5299015074074074,0.1188525,0.937736,0.9473684210526315,285,0.49676547368421053
gp_rbf_anch_maxvar,coco_better·siglip2_l,42,0.5308286222222223,0.11941025,0.9396117500000001,0.9473684210526315,285,0.49676547368421053
gp_rbf_anch_maxvar,coco_better·siglip2_l,43,0.5311775461254613,0.113082,0.9414395,0.9508771929824561,285,0.49676547368421053
gp_rbf_anch_maxvar,coco_better·siglip2_l,44,0.5320988966789668,0.1126495,0.944191,0.9508771929824561,285,0.49676547368421053
gp_rbf_anch_maxvar,coco_better·siglip2_l,45,0.5322196066176471,0.11408325,0.9420149999999999,0.9543859649122807,285,0.49676547368421053
gp_rbf_anch_maxvar,coco_better·siglip2_l,46,0.5315485274725275,0.116888,0.943705,0.9578947368421052,285,0.49676547368421053
gp_rbf_anch_maxvar,coco_better·siglip2_l,47,0.5333851501831502,0.118029,0.947211,0.9578947368421052,285,0.49676547368421053
gp_rbf_anch_maxvar,coco_better·siglip2_l,48,0.5364909304029304,0.11867,0.945236,0.9578947368421052,285,0.49676547368421053
gp_rbf_anch_maxvar,coco_better·siglip2_l,49,0.5381421428571428,0.117223,0.946062,0.9578947368421052,285,0.49676547368421053
gp_rbf_anch_maxvar,coco_better·siglip2_l,50,0.5400765787545788,0.119218,0.946381,0.9578947368421052,285,0.49676547368421053
gp_rbf_anch_maxvar,coco_better·siglip2_l,51,0.5417545604395604,0.114893,0.948488,0.9578947368421052,285,0.49676547368421053
gp_rbf_anch_maxvar,coco_better·siglip2_l,52,0.5427882490842492,0.115685,0.951812,0.9578947368421052,285,0.49676547368421053
gp_rbf_anch_maxvar,coco_better·siglip2_l,53,0.5441180989010989,0.118833,0.952609,0.9578947368421052,285,0.49676547368421053
gp_rbf_anch_maxvar,coco_better·siglip2_l,54,0.5451458717948718,0.118246,0.952613,0.9578947368421052,285,0.49676547368421053
gp_rbf_anch_maxvar,coco_better·siglip2_l,55,0.5444713905109488,0.11638975,0.9518605,0.9614035087719298,285,0.49676547368421053
gp_rbf_anch_maxvar,coco_better·siglip2_l,56,0.5442800654545453,0.1113535,0.9503715,0.9649122807017544,285,0.49676547368421053
gp_rbf_anch_maxvar,coco_better·siglip2_l,57,0.5450135963636363,0.111414,0.9505954999999999,0.9649122807017544,285,0.49676547368421053
gp_rbf_anch_maxvar,coco_better·siglip2_l,58,0.5460205345454545,0.115659,0.952349,0.9649122807017544,285,0.49676547368421053
gp_rbf_anch_maxvar,coco_better·siglip2_l,59,0.5454158043478261,0.11283075,0.95376225,0.968421052631579,285,0.49676547368421053
gp_rbf_anch_maxvar,coco_better·siglip2_l,60,0.5460128985507247,0.11422175,0.95270775,0.968421052631579,285,0.49676547368421053
gp_rbf_anch_maxvar,coco_better·siglip2_l,61,0.5458623501805054,0.111582,0.95388,0.9719298245614035,285,0.49676547368421053
gp_rbf_anch_maxvar,coco_better·siglip2_l,62,0.546282357400722,0.113939,0.953884,0.9719298245614035,285,0.49676547368421053
gp_rbf_anch_maxvar,coco_better·siglip2_l,63,0.545458273381295,0.11645425,0.954879,0.9754385964912281,285,0.49676547368421053
gp_rbf_anch_maxvar,coco_better·siglip2_l,64,0.5465540539568345,0.11350375,0.955128,0.9754385964912281,285,0.49676547368421053
gp_rbf_anch_maxvar,coco_better·siglip2_l,65,0.5479203417266187,0.11332675,0.9555185,0.9754385964912281,285,0.49676547368421053
gp_rbf_anch_maxvar,coco_better·siglip2_l,66,0.5481214820143885,0.1130215,0.95608875,0.9754385964912281,285,0.49676547368421053
gp_rbf_anch_maxvar,coco_better·siglip2_l,67,0.5493992050359712,0.11176825,0.9563745,0.9754385964912281,285,0.49676547368421053
gp_rbf_anch_maxvar,coco_better·siglip2_l,68,0.5513308201438849,0.12486575,0.95457675,0.9754385964912281,285,0.49676547368421053
gp_rbf_anch_maxvar,coco_better·siglip2_l,69,0.5510243154121864,0.1197695,0.9563729999999999,0.9789473684210527,285,0.49676547368421053
gp_rbf_anch_maxvar,coco_better·siglip2_l,70,0.550082325,0.1175065,0.956623,0.9824561403508771,285,0.49676547368421053
gp_rbf_anch_maxvar,coco_better·siglip2_l,71,0.5522471035714286,0.1175255,0.9561142499999999,0.9824561403508771,285,0.49676547368421053
gp_rbf_anch_maxvar,coco_better·siglip2_l,72,0.5547610535714286,0.11513525000000001,0.95765475,0.9824561403508771,285,0.49676547368421053
gp_rbf_anch_maxvar,coco_better·siglip2_l,73,0.55622005,0.12580924999999998,0.9564549999999999,0.9824561403508771,285,0.49676547368421053
gp_rbf_anch_maxvar,coco_better·siglip2_l,74,0.5579467214285714,0.12642225,0.9568464999999999,0.9824561403508771,285,0.49676547368421053
gp_rbf_anch_maxvar,coco_better·siglip2_l,75,0.5580550642857143,0.12612925,0.95680725,0.9824561403508771,285,0.49676547368421053
gp_rbf_anch_maxvar,coco_better·siglip2_l,76,0.5593851071428572,0.1373625,0.956974,0.9824561403508771,285,0.49676547368421053
gp_rbf_anch_maxvar,coco_better·siglip2_l,77,0.557735074733096,0.129646,0.956517,0.9859649122807017,285,0.49676547368421053
gp_rbf_anch_maxvar,coco_better·siglip2_l,78,0.5563411418439717,0.13345425,0.9562852500000001,0.9894736842105263,285,0.49676547368421053
gp_rbf_anch_maxvar,coco_better·siglip2_l,79,0.5576091737588652,0.1334035,0.9564352500000001,0.9894736842105263,285,0.49676547368421053
gp_rbf_anch_maxvar,coco_better·siglip2_l,80,0.559012719858156,0.132191,0.9562825,0.9894736842105263,285,0.49676547368421053
gp_rbf_anch_maxvar,coco_better·siglip2_l,81,0.5607761276595745,0.12531525,0.95671375,0.9894736842105263,285,0.49676547368421053
gp_rbf_anch_maxvar,coco_better·siglip2_l,82,0.561567060283688,0.12325775,0.9554445,0.9894736842105263,285,0.49676547368421053
gp_rbf_anch_maxvar,coco_better·siglip2_l,83,0.5628110035460993,0.12385075000000001,0.957701,0.9894736842105263,285,0.49676547368421053
gp_rbf_anch_maxvar,coco_better·siglip2_l,84,0.564586145390071,0.12569325,0.9591005,0.9894736842105263,285,0.49676547368421053
gp_rbf_anch_maxvar,coco_better·siglip2_l,85,0.5652894680851064,0.13127424999999998,0.9578835,0.9894736842105263,285,0.49676547368421053
gp_rbf_anch_maxvar,coco_better·siglip2_l,86,0.5663663687943262,0.13306925,0.95931025,0.9894736842105263,285,0.49676547368421053
gp_rbf_anch_maxvar,coco_better·siglip2_l,87,0.5670432907801418,0.134859,0.9596735000000001,0.9894736842105263,285,0.49676547368421053
gp_rbf_anch_maxvar,coco_better·siglip2_l,88,0.5686232801418439,0.14726224999999998,0.9614725,0.9894736842105263,285,0.49676547368421053
gp_rbf_anch_maxvar,coco_better·siglip2_l,89,0.5691812624113476,0.1421535,0.96182225,0.9894736842105263,285,0.49676547368421053
gp_rbf_anch_maxvar,coco_better·siglip2_l,90,0.5702752907801418,0.14693375,0.9620949999999999,0.9894736842105263,285,0.49676547368421053
gp_rbf_anch_maxvar,coco_better·siglip2_l,91,0.5719545992907802,0.15264125,0.9632737499999999,0.9894736842105263,285,0.49676547368421053
gp_rbf_anch_maxvar,coco_better·siglip2_l,92,0.5725262517730496,0.14493799999999998,0.96293225,0.9894736842105263,285,0.49676547368421053
gp_rbf_anch_maxvar,coco_better·siglip2_l,93,0.5731462943262411,0.13820575000000002,0.9632744999999999,0.9894736842105263,285,0.49676547368421053
gp_rbf_anch_maxvar,coco_better·siglip2_l,94,0.5736778014184396,0.13872574999999998,0.96382775,0.9894736842105263,285,0.49676547368421053
gp_rbf_anch_maxvar,coco_better·siglip2_l,95,0.5738165724381625,0.1452205,0.961937,0.9929824561403509,285,0.49676547368421053
gp_rbf_anch_maxvar,coco_better·siglip2_l,96,0.5743185088339222,0.1396405,0.9611225,0.9929824561403509,285,0.49676547368421053
gp_rbf_anch_maxvar,coco_better·siglip2_l,97,0.5749195653710247,0.1417425,0.9634525,0.9929824561403509,285,0.49676547368421053
gp_rbf_anch_maxvar,coco_better·siglip2_l,98,0.5756947526501767,0.14721499999999998,0.9641565000000001,0.9929824561403509,285,0.49676547368421053
gp_rbf_anch_maxvar,coco_better·siglip2_l,99,0.5766318621908127,0.1575965,0.961788,0.9929824561403509,285,0.49676547368421053
gp_rbf_anch_maxvar,coco_better·siglip2_l,100,0.5768906466431096,0.15504649999999998,0.9617565,0.9929824561403509,285,0.49676547368421053
gp_rbf_anch_maxvar,coco_better·siglip2_l,101,0.5774285512367492,0.16193849999999999,0.9639365,0.9929824561403509,285,0.49676547368421053
gp_rbf_anch_maxvar,coco_better·siglip2_l,102,0.5779648869257951,0.151882,0.9632704999999999,0.9929824561403509,285,0.49676547368421053
gp_rbf_anch_maxvar,coco_better·siglip2_l,103,0.5797053568904593,0.16623,0.9639665,0.9929824561403509,285,0.49676547368421053
gp_rbf_anch_maxvar,coco_better·siglip2_l,104,0.5806244734982333,0.16883900000000002,0.9627615,0.9929824561403509,285,0.49676547368421053
gp_rbf_anch_maxvar,coco_better·siglip2_l,105,0.5810114098939929,0.1736835,0.9629685,0.9929824561403509,285,0.49676547368421053
gp_rbf_anch_maxvar,coco_better·siglip2_l,106,0.5807107632508836,0.168376,0.9627315,0.9929824561403509,285,0.49676547368421053
gp_rbf_anch_maxvar,coco_better·siglip2_l,107,0.5819577455830388,0.17194500000000001,0.9627755,0.9929824561403509,285,0.49676547368421053
gp_rbf_anch_maxvar,coco_better·siglip2_l,108,0.5826799469964664,0.166933,0.9624785,0.9929824561403509,285,0.49676547368421053
gp_rbf_anch_maxvar,coco_better·siglip2_l,109,0.5828862544169611,0.166279,0.9625349999999999,0.9929824561403509,285,0.49676547368421053
gp_rbf_anch_maxvar,coco_better·siglip2_l,110,0.5839232332155476,0.161657,0.9623675,0.9929824561403509,285,0.49676547368421053
gp_rbf_anch_maxvar,coco_better·siglip2_l,111,0.5834018374558303,0.154076,0.9627680000000001,0.9929824561403509,285,0.49676547368421053
gp_rbf_anch_maxvar,coco_better·siglip2_l,112,0.5845600989399294,0.15629500000000002,0.964028,0.9929824561403509,285,0.49676547368421053
gp_rbf_anch_maxvar,coco_better·siglip2_l,113,0.5849599116607774,0.163791,0.964756,0.9929824561403509,285,0.49676547368421053
gp_rbf_anch_maxvar,coco_better·siglip2_l,114,0.5855687738515901,0.16446349999999998,0.9639465,0.9929824561403509,285,0.49676547368421053
gp_rbf_anch_maxvar,coco_better·siglip2_l,115,0.5866476007067138,0.1664365,0.9640445,0.9929824561403509,285,0.49676547368421053
gp_rbf_anch_maxvar,coco_better·siglip2_l,116,0.5872239646643109,0.1788575,0.9637765,0.9929824561403509,285,0.49676547368421053
gp_rbf_anch_maxvar,coco_better·siglip2_l,117,0.5878209045936396,0.18125249999999998,0.9647865,0.9929824561403509,285,0.49676547368421053
gp_rbf_anch_maxvar,coco_better·siglip2_l,118,0.5884202826855124,0.178875,0.965735,0.9929824561403509,285,0.49676547368421053
gp_rbf_anch_maxvar,coco_better·siglip2_l,119,0.5893962579505301,0.177557,0.9663675,0.9929824561403509,285,0.49676547368421053
gp_rbf_anch_maxvar,coco_better·siglip2_l,120,0.5904180247349823,0.1775855,0.9660565,0.9929824561403509,285,0.49676547368421053
gp_rbf_anch_maxvar,coco_better·siglip2_l,121,0.5905101554770318,0.1739115,0.9663664999999999,0.9929824561403509,285,0.49676547368421053
gp_rbf_anch_maxvar,coco_better·siglip2_l,122,0.5904594770318021,0.180117,0.96622,0.9929824561403509,285,0.49676547368421053
gp_rbf_anch_maxvar,coco_better·siglip2_l,123,0.590887780918728,0.18099700000000002,0.9663155,0.9929824561403509,285,0.49676547368421053
gp_rbf_anch_maxvar,coco_better·siglip2_l,124,0.5921167102473497,0.19388850000000002,0.966555,0.9929824561403509,285,0.49676547368421053
gp_rbf_anch_maxvar,coco_better·siglip2_l,125,0.592006816254417,0.198948,0.965275,0.9929824561403509,285,0.49676547368421053
gp_rbf_anch_maxvar,coco_better·siglip2_l,126,0.5924608197879859,0.197934,0.964993,0.9929824561403509,285,0.49676547368421053
gp_rbf_anch_maxvar,coco_better·siglip2_l,127,0.5932313427561838,0.20622000000000001,0.9655885,0.9929824561403509,285,0.49676547368421053
gp_rbf_anch_maxvar,coco_better·siglip2_l,128,0.5935533144876326,0.20270149999999998,0.9651885,0.9929824561403509,285,0.49676547368421053
gp_rbf_anch_maxvar,coco_better·siglip2_l,129,0.5943986925795053,0.198235,0.964939,0.9929824561403509,285,0.49676547368421053
gp_rbf_anch_maxvar,coco_better·siglip2_l,130,0.5950145335689045,0.1986385,0.965897,0.9929824561403509,285,0.49676547368421053
gp_rbf_anch_maxvar,coco_better·siglip2_l,131,0.5950017208480566,0.1986865,0.965217,0.9929824561403509,285,0.49676547368421053
gp_rbf_anch_maxvar,coco_better·siglip2_l,132,0.5936749612676057,0.19389025,0.96456925,0.9964912280701754,285,0.49676547368421053
gp_rbf_anch_maxvar,coco_better·siglip2_l,133,0.593758323943662,0.1920905,0.965068,0.9964912280701754,285,0.49676547368421053
gp_rbf_anch_maxvar,coco_better·siglip2_l,134,0.5941016197183098,0.199187,0.96501075,0.9964912280701754,285,0.49676547368421053
gp_rbf_anch_maxvar,coco_better·siglip2_l,135,0.5951200563380281,0.20524525,0.96534875,0.9964912280701754,285,0.49676547368421053
gp_rbf_anch_maxvar,coco_better·siglip2_l,136,0.5954089964788731,0.20629124999999998,0.9651067499999999,0.9964912280701754,285,0.49676547368421053
gp_rbf_anch_maxvar,coco_better·siglip2_l,137,0.5955254753521126,0.20282375,0.962528,0.9964912280701754,285,0.49676547368421053
gp_rbf_anch_maxvar,coco_better·siglip2_l,138,0.595559105633803,0.201104,0.9632555,0.9964912280701754,285,0.49676547368421053
gp_rbf_anch_maxvar,coco_better·siglip2_l,139,0.5956372887323944,0.202431,0.96383225,0.9964912280701754,285,0.49676547368421053
gp_rbf_anch_maxvar,coco_better·siglip2_l,140,0.5960355809859156,0.1996945,0.9639599999999999,0.9964912280701754,285,0.49676547368421053
gp_rbf_anch_maxvar,coco_better·siglip2_l,141,0.5966440211267605,0.1904605,0.96339625,0.9964912280701754,285,0.49676547368421053
gp_rbf_anch_maxvar,coco_better·siglip2_l,142,0.5967274014084506,0.18923325,0.9629525000000001,0.9964912280701754,285,0.49676547368421053
gp_rbf_anch_maxvar,coco_better·siglip2_l,143,0.5966273767605634,0.19080149999999999,0.963978,0.9964912280701754,285,0.49676547368421053
gp_rbf_anch_maxvar,coco_better·siglip2_l,144,0.5970921725352113,0.189356,0.964387,0.9964912280701754,285,0.49676547368421053
gp_rbf_anch_maxvar,coco_better·siglip2_l,145,0.5968956690140845,0.19523775,0.9638880000000001,0.9964912280701754,285,0.49676547368421053
gp_rbf_anch_maxvar,coco_better·siglip2_l,146,0.5974242570422535,0.18955225,0.964224,0.9964912280701754,285,0.49676547368421053
gp_rbf_anch_maxvar,coco_better·siglip2_l,147,0.5955868596491228,0.190056,0.964271,1.0,285,0.49676547368421053
gp_rbf_anch_maxvar,coco_better·siglip2_l,148,0.5957928666666668,0.189797,0.964419,1.0,285,0.49676547368421053
gp_rbf_anch_maxvar,coco_better·siglip2_l,149,0.5965921192982456,0.190671,0.964426,1.0,285,0.49676547368421053
gp_rbf_anch_maxvar,coco_better·siglip2_l,150,0.5968675578947369,0.189026,0.964424,1.0,285,0.49676547368421053
