media_id,filename,score,label,threshold,target_category,all_categories,cls,train,test,hit
224807,000000224807.jpg,0.2851936817169189,1,0.2684275209903717,bag or luggage@large,bag or luggage@large,bag or luggage,L,L,True
438985,000000438985.jpg,0.4413608610630035,1,0.2684275209903717,bag or luggage@large,bag or luggage@large,bag or luggage,L,L,True
127588,000000127588.jpg,0.5096058249473572,1,0.2684275209903717,bag or luggage@large,bag or luggage@large,bag or luggage,L,L,True
22777,000000022777.jpg,0.3205768167972564,1,0.2684275209903717,bag or luggage@large,bag or luggage@large,bag or luggage,L,L,True
264514,000000264514.jpg,0.3599244952201843,1,0.2684275209903717,bag or luggage@large,bag or luggage@large,bag or luggage,L,L,True
322558,000000322558.jpg,0.4493964612483978,1,0.2684275209903717,bag or luggage@large,bag or luggage@large,bag or luggage,L,L,True
261879,000000261879.jpg,0.4285739064216614,1,0.2684275209903717,bag or luggage@large,bag or luggage@large,bag or luggage,L,L,True
135411,000000135411.jpg,0.4652336239814758,1,0.2684275209903717,bag or luggage@large,bag or luggage@large,bag or luggage,L,L,True
137931,000000137931.jpg,0.5084837675094604,1,0.2684275209903717,bag or luggage@large,bag or luggage@large,bag or luggage,L,L,True
173217,000000173217.jpg,0.41707244515419,1,0.2684275209903717,bag or luggage@large,bag or luggage@large,bag or luggage,L,L,True
438841,000000438841.jpg,0.5184794664382935,1,0.2684275209903717,bag or luggage@large,bag or luggage@large,bag or luggage,L,L,True
9231,000000009231.jpg,0.5111646056175232,1,0.2684275209903717,bag or luggage@large,bag or luggage@large,bag or luggage,L,L,True
123757,000000123757.jpg,0.4522798359394073,1,0.2684275209903717,bag or luggage@large,bag or luggage@large,bag or luggage,L,L,True
249941,000000249941.jpg,0.3842561244964599,1,0.2684275209903717,bag or luggage@large,bag or luggage@large,bag or luggage,L,L,True
53388,000000053388.jpg,0.2185041606426239,1,0.2684275209903717,bag or luggage@large,bag or luggage@large,bag or luggage,L,L,False
426040,000000426040.jpg,0.4715843796730041,1,0.2684275209903717,bag or luggage@large,bag or luggage@large,bag or luggage,L,L,True
4576,000000004576.jpg,0.2946279048919678,1,0.2684275209903717,bag or luggage@large,bag or luggage@large,bag or luggage,L,L,True
87642,000000087642.jpg,0.509832501411438,1,0.2684275209903717,bag or luggage@large,bag or luggage@large,bag or luggage,L,L,True
136289,000000136289.jpg,0.3640269041061401,1,0.2684275209903717,bag or luggage@large,bag or luggage@large,bag or luggage,L,L,True
544719,000000544719.jpg,0.5182426571846008,1,0.2684275209903717,bag or luggage@large,bag or luggage@large,bag or luggage,L,L,True
371258,000000371258.jpg,0.4976656138896942,1,0.2684275209903717,bag or luggage@large,bag or luggage@large,bag or luggage,L,L,True
456639,000000456639.jpg,0.292544275522232,1,0.2684275209903717,bag or luggage@large,bag or luggage@large,bag or luggage,L,L,True
511251,000000511251.jpg,0.5644044876098633,1,0.2684275209903717,bag or luggage@large,bag or luggage@large,bag or luggage,L,L,True
198064,000000198064.jpg,0.5135934352874756,1,0.2684275209903717,bag or luggage@large,bag or luggage@large,bag or luggage,L,L,True
238001,000000238001.jpg,0.6163766980171204,1,0.2684275209903717,bag or luggage@large,bag or luggage@large,bag or luggage,L,L,True
354445,000000354445.jpg,0.5301797389984131,1,0.2684275209903717,bag or luggage@large,bag or luggage@large,bag or luggage,L,L,True
153380,000000153380.jpg,0.2823834717273712,1,0.2684275209903717,bag or luggage@large,bag or luggage@large,bag or luggage,L,L,True
421029,000000421029.jpg,0.3694449365139007,1,0.2684275209903717,bag or luggage@large,bag or luggage@large,bag or luggage,L,L,True
38274,000000038274.jpg,0.4521734416484833,1,0.2684275209903717,bag or luggage@large,bag or luggage@large,bag or luggage,L,L,True
21830,000000021830.jpg,0.5462100505828857,1,0.2684275209903717,bag or luggage@large,bag or luggage@large,bag or luggage,L,L,True
437351,000000437351.jpg,0.4847211837768554,1,0.2684275209903717,bag or luggage@large,bag or luggage@large,bag or luggage,L,L,True
134447,000000134447.jpg,0.3898185789585113,1,0.2684275209903717,bag or luggage@large,bag or luggage@large,bag or luggage,L,L,True
191900,000000191900.jpg,0.3982664942741394,1,0.2684275209903717,bag or luggage@large,bag or luggage@large,bag or luggage,L,L,True
396780,000000396780.jpg,0.491281509399414,1,0.2684275209903717,bag or luggage@large,bag or luggage@large,bag or luggage,L,L,True
104487,000000104487.jpg,0.5826329588890076,1,0.2684275209903717,bag or luggage@large,bag or luggage@large,bag or luggage,L,L,True
198448,000000198448.jpg,0.3274779617786407,1,0.2684275209903717,bag or luggage@large,bag or luggage@large,bag or luggage,L,L,True
390474,000000390474.jpg,0.5245976448059082,1,0.2684275209903717,bag or luggage@large,bag or luggage@large,bag or luggage,L,L,True
32610,000000032610.jpg,0.3351117074489593,1,0.2684275209903717,bag or luggage@large,bag or luggage@large,bag or luggage,L,L,True
71295,000000071295.jpg,0.559586226940155,1,0.2684275209903717,bag or luggage@large,bag or luggage@large,bag or luggage,L,L,True
388569,000000388569.jpg,0.5464907288551331,1,0.2684275209903717,bag or luggage@large,bag or luggage@large,bag or luggage,L,L,True
140850,000000140850.jpg,0.4678669273853302,1,0.2684275209903717,bag or luggage@large,bag or luggage@large,bag or luggage,L,L,True
399922,000000399922.jpg,0.3796066343784332,1,0.2684275209903717,bag or luggage@large,bag or luggage@large,bag or luggage,L,L,True
402726,000000402726.jpg,0.4152022302150726,1,0.2684275209903717,bag or luggage@large,bag or luggage@large,bag or luggage,L,L,True
516214,000000516214.jpg,0.560490071773529,1,0.2684275209903717,bag or luggage@large,bag or luggage@large,bag or luggage,L,L,True
495769,000000495769.jpg,0.2466391175985336,1,0.2684275209903717,bag or luggage@large,bag or luggage@large,bag or luggage,L,L,False
557633,000000557633.jpg,0.3925197422504425,1,0.2684275209903717,bag or luggage@large,bag or luggage@medium,bag or luggage,L,M,True
18482,000000018482.jpg,0.2526496946811676,1,0.2684275209903717,bag or luggage@large,bag or luggage@medium,bag or luggage,L,M,False
321753,000000321753.jpg,0.4111087024211883,1,0.2684275209903717,bag or luggage@large,bag or luggage@medium,bag or luggage,L,M,True
409178,000000409178.jpg,0.2687905728816986,1,0.2684275209903717,bag or luggage@large,bag or luggage@medium|skis@large,bag or luggage,L,M,True
85053,000000085053.jpg,0.3169445097446441,1,0.2684275209903717,bag or luggage@large,bag or luggage@medium,bag or luggage,L,M,True
64941,000000064941.jpg,0.3522244691848755,1,0.2684275209903717,bag or luggage@large,bag or luggage@medium|bicycle@large,bag or luggage,L,M,True
471927,000000471927.jpg,0.5662165284156799,1,0.2684275209903717,bag or luggage@large,bag or luggage@medium,bag or luggage,L,M,True
380447,000000380447.jpg,0.3456663191318512,1,0.2684275209903717,bag or luggage@large,bag or luggage@medium|bicycle@large,bag or luggage,L,M,True
373053,000000373053.jpg,0.2983483374118805,1,0.2684275209903717,bag or luggage@large,bag or luggage@medium,bag or luggage,L,M,True
191072,000000191072.jpg,0.3176200687885284,1,0.2684275209903717,bag or luggage@large,bag or luggage@medium,bag or luggage,L,M,True
359451,000000359451.jpg,0.2944691181182861,1,0.2684275209903717,bag or luggage@large,bag or luggage@medium,bag or luggage,L,M,True
58873,000000058873.jpg,0.3138891160488128,1,0.2684275209903717,bag or luggage@large,bag or luggage@medium,bag or luggage,L,M,True
307757,000000307757.jpg,0.4037818610668182,1,0.2684275209903717,bag or luggage@large,bag or luggage@medium,bag or luggage,L,M,True
379508,000000379508.jpg,0.2640814781188965,1,0.2684275209903717,bag or luggage@large,bag or luggage@medium,bag or luggage,L,M,False
574424,000000574424.jpg,0.2840617597103119,1,0.2684275209903717,bag or luggage@large,bag or luggage@medium,bag or luggage,L,M,True
33052,000000033052.jpg,0.1809547990560531,1,0.2684275209903717,bag or luggage@large,bag or luggage@medium|bottle@small,bag or luggage,L,M,False
498225,000000498225.jpg,0.3470908403396606,1,0.2684275209903717,bag or luggage@large,bag or luggage@medium,bag or luggage,L,M,True
141200,000000141200.jpg,0.3377071022987366,1,0.2684275209903717,bag or luggage@large,bag or luggage@medium|umbrella@large,bag or luggage,L,M,True
372833,000000372833.jpg,0.3124070763587951,1,0.2684275209903717,bag or luggage@large,bag or luggage@medium,bag or luggage,L,M,True
561806,000000561806.jpg,0.4015191793441772,1,0.2684275209903717,bag or luggage@large,bag or luggage@medium,bag or luggage,L,M,True
315742,000000315742.jpg,0.279786080121994,1,0.2684275209903717,bag or luggage@large,bag or luggage@medium,bag or luggage,L,M,True
429065,000000429065.jpg,0.3413026332855224,1,0.2684275209903717,bag or luggage@large,bag or luggage@medium,bag or luggage,L,M,True
547351,000000547351.jpg,0.3081133365631103,1,0.2684275209903717,bag or luggage@large,bag or luggage@medium|cell phone@small,bag or luggage,L,M,True
420397,000000420397.jpg,0.2913047671318054,1,0.2684275209903717,bag or luggage@large,bag or luggage@medium,bag or luggage,L,M,True
99817,000000099817.jpg,0.2268334627151489,1,0.2684275209903717,bag or luggage@large,bag or luggage@medium,bag or luggage,L,M,False
131580,000000131580.jpg,0.250430166721344,1,0.2684275209903717,bag or luggage@large,bag or luggage@medium,bag or luggage,L,M,False
301867,000000301867.jpg,0.3483689129352569,1,0.2684275209903717,bag or luggage@large,bag or luggage@medium|umbrella@large,bag or luggage,L,M,True
149127,000000149127.jpg,0.3179900646209717,1,0.2684275209903717,bag or luggage@large,bag or luggage@medium|skis@small,bag or luggage,L,M,True
383053,000000383053.jpg,0.3586126863956451,1,0.2684275209903717,bag or luggage@large,bag or luggage@medium|enclosed road vehicle@small,bag or luggage,L,M,True
69223,000000069223.jpg,0.226789653301239,1,0.2684275209903717,bag or luggage@large,bag or luggage@medium,bag or luggage,L,M,False
126301,000000126301.jpg,0.3476942479610443,1,0.2684275209903717,bag or luggage@large,bag or luggage@medium,bag or luggage,L,M,True
447037,000000447037.jpg,0.3496327698230743,1,0.2684275209903717,bag or luggage@large,bag or luggage@medium|fork@small,bag or luggage,L,M,True
333436,000000333436.jpg,0.4029085636138916,1,0.2684275209903717,bag or luggage@large,bag or luggage@medium|cell phone@small,bag or luggage,L,M,True
248445,000000248445.jpg,0.3124159276485443,1,0.2684275209903717,bag or luggage@large,bag or luggage@medium,bag or luggage,L,M,True
100196,000000100196.jpg,0.2393610477447509,1,0.2684275209903717,bag or luggage@large,bag or luggage@medium,bag or luggage,L,M,False
116166,000000116166.jpg,0.3284627795219421,1,0.2684275209903717,bag or luggage@large,bag or luggage@medium,bag or luggage,L,M,True
25628,000000025628.jpg,0.2612875699996948,1,0.2684275209903717,bag or luggage@large,bag or luggage@medium,bag or luggage,L,M,False
511231,000000511231.jpg,0.287280261516571,1,0.2684275209903717,bag or luggage@large,bag or luggage@medium,bag or luggage,L,M,True
533800,000000533800.jpg,0.3319123685359955,1,0.2684275209903717,bag or luggage@large,bag or luggage@medium,bag or luggage,L,M,True
252807,000000252807.jpg,0.331046998500824,1,0.2684275209903717,bag or luggage@large,bag or luggage@medium,bag or luggage,L,M,True
424439,000000424439.jpg,0.3171662986278534,1,0.2684275209903717,bag or luggage@large,bag or luggage@medium,bag or luggage,L,M,True
102787,000000102787.jpg,0.3019073605537414,1,0.2684275209903717,bag or luggage@large,bag or luggage@medium,bag or luggage,L,M,True
442321,000000442321.jpg,0.2543386220932007,1,0.2684275209903717,bag or luggage@large,bag or luggage@medium,bag or luggage,L,M,False
397355,000000397355.jpg,0.379822164773941,1,0.2684275209903717,bag or luggage@large,bag or luggage@medium,bag or luggage,L,M,True
50980,000000050980.jpg,0.4076579213142395,1,0.2684275209903717,bag or luggage@large,bag or luggage@medium,bag or luggage,L,M,True
572352,000000572352.jpg,0.2265902161598205,1,0.2684275209903717,bag or luggage@large,bag or luggage@medium|tv@medium,bag or luggage,L,M,False
402794,000000402794.jpg,0.265602707862854,1,0.2684275209903717,bag or luggage@large,bag or luggage@medium,bag or luggage,L,M,False
87649,000000087649.jpg,0.2719631493091583,1,0.2684275209903717,bag or luggage@large,bag or luggage@small,bag or luggage,L,S,True
523199,000000523199.jpg,0.1830289214849472,1,0.2684275209903717,bag or luggage@large,bag or luggage@small,bag or luggage,L,S,False
143129,000000143129.jpg,0.251503437757492,1,0.2684275209903717,bag or luggage@large,bag or luggage@small,bag or luggage,L,S,False
246446,000000246446.jpg,0.2878827452659607,1,0.2684275209903717,bag or luggage@large,bag or luggage@small,bag or luggage,L,S,True
397511,000000397511.jpg,0.3245724737644195,1,0.2684275209903717,bag or luggage@large,bag or luggage@small,bag or luggage,L,S,True
406152,000000406152.jpg,0.3392688333988189,1,0.2684275209903717,bag or luggage@large,bag or luggage@small,bag or luggage,L,S,True
38411,000000038411.jpg,0.3661282658576965,1,0.2684275209903717,bag or luggage@large,bag or luggage@small,bag or luggage,L,S,True
547308,000000547308.jpg,0.2709072530269623,1,0.2684275209903717,bag or luggage@large,bag or luggage@small,bag or luggage,L,S,True
388847,000000388847.jpg,0.3700154721736908,1,0.2684275209903717,bag or luggage@large,bag or luggage@small,bag or luggage,L,S,True
560571,000000560571.jpg,0.2774304151535034,1,0.2684275209903717,bag or luggage@large,bag or luggage@small|traffic light@medium,bag or luggage,L,S,True
220872,000000220872.jpg,0.3145640194416046,1,0.2684275209903717,bag or luggage@large,bag or luggage@small,bag or luggage,L,S,True
20640,000000020640.jpg,0.1817878782749176,1,0.2684275209903717,bag or luggage@large,bag or luggage@small,bag or luggage,L,S,False
563653,000000563653.jpg,0.2538612484931946,1,0.2684275209903717,bag or luggage@large,bag or luggage@small,bag or luggage,L,S,False
495993,000000495993.jpg,0.2856752872467041,1,0.2684275209903717,bag or luggage@large,bag or luggage@small,bag or luggage,L,S,True
270716,000000270716.jpg,0.2297897189855575,1,0.2684275209903717,bag or luggage@large,bag or luggage@small,bag or luggage,L,S,False
504878,000000504878.jpg,0.3434516787528991,1,0.2684275209903717,bag or luggage@large,bag or luggage@small,bag or luggage,L,S,True
486070,000000486070.jpg,0.2193689197301864,1,0.2684275209903717,bag or luggage@large,bag or luggage@small|skis@small|snowboard@small,bag or luggage,L,S,False
415723,000000415723.jpg,0.2649977207183838,1,0.2684275209903717,bag or luggage@large,bag or luggage@small,bag or luggage,L,S,False
61196,000000061196.jpg,0.2952522337436676,1,0.2684275209903717,bag or luggage@large,bag or luggage@small,bag or luggage,L,S,True
96208,000000096208.jpg,0.2397554814815521,1,0.2684275209903717,bag or luggage@large,bag or luggage@small,bag or luggage,L,S,False
193977,000000193977.jpg,0.2294015139341354,1,0.2684275209903717,bag or luggage@large,bag or luggage@small,bag or luggage,L,S,False
325220,000000325220.jpg,0.2268015742301941,1,0.2684275209903717,bag or luggage@large,bag or luggage@small|enclosed road vehicle@medium|traffic light@medium,bag or luggage,L,S,False
511670,000000511670.jpg,0.2242092341184616,1,0.2684275209903717,bag or luggage@large,bag or luggage@small,bag or luggage,L,S,False
340108,000000340108.jpg,0.3275508284568786,1,0.2684275209903717,bag or luggage@large,bag or luggage@small,bag or luggage,L,S,True
108701,000000108701.jpg,0.2574031352996826,1,0.2684275209903717,bag or luggage@large,bag or luggage@small|motorcycle@small,bag or luggage,L,S,False
57663,000000057663.jpg,0.318251222372055,1,0.2684275209903717,bag or luggage@large,bag or luggage@small|motorcycle@small|stop sign@medium,bag or luggage,L,S,True
352895,000000352895.jpg,0.2797882556915283,1,0.2684275209903717,bag or luggage@large,bag or luggage@small,bag or luggage,L,S,True
399476,000000399476.jpg,0.2523118555545807,1,0.2684275209903717,bag or luggage@large,bag or luggage@small|bicycle@medium,bag or luggage,L,S,False
450483,000000450483.jpg,0.3908748030662536,1,0.2684275209903717,bag or luggage@large,bag or luggage@small,bag or luggage,L,S,True
101369,000000101369.jpg,0.1938771307468414,1,0.2684275209903717,bag or luggage@large,bag or luggage@small|tie@medium,bag or luggage,L,S,False
116272,000000116272.jpg,0.2067966312170028,1,0.2684275209903717,bag or luggage@large,bag or luggage@small,bag or luggage,L,S,False
561673,000000561673.jpg,0.4334608018398285,1,0.2684275209903717,bag or luggage@large,bag or luggage@small,bag or luggage,L,S,True
225372,000000225372.jpg,0.2137313783168792,1,0.2684275209903717,bag or luggage@large,bag or luggage@small,bag or luggage,L,S,False
282552,000000282552.jpg,0.2518670558929443,1,0.2684275209903717,bag or luggage@large,bag or luggage@small,bag or luggage,L,S,False
202470,000000202470.jpg,0.2527647018432617,1,0.2684275209903717,bag or luggage@large,bag or luggage@small,bag or luggage,L,S,False
10244,000000010244.jpg,0.3091530799865722,1,0.2684275209903717,bag or luggage@large,bag or luggage@small,bag or luggage,L,S,True
358523,000000358523.jpg,0.2104770243167877,1,0.2684275209903717,bag or luggage@large,bag or luggage@small,bag or luggage,L,S,False
138891,000000138891.jpg,0.2715930640697479,1,0.2684275209903717,bag or luggage@large,bag or luggage@small,bag or luggage,L,S,True
247692,000000247692.jpg,0.2374293804168701,1,0.2684275209903717,bag or luggage@large,bag or luggage@small,bag or luggage,L,S,False
257566,000000257566.jpg,0.2710629999637604,1,0.2684275209903717,bag or luggage@large,bag or luggage@small,bag or luggage,L,S,True
280354,000000280354.jpg,0.2906065583229065,1,0.2684275209903717,bag or luggage@large,bag or luggage@small,bag or luggage,L,S,True
523816,000000523816.jpg,0.2794326245784759,1,0.2684275209903717,bag or luggage@large,bag or luggage@small,bag or luggage,L,S,True
517326,000000517326.jpg,0.2668834030628204,1,0.2684275209903717,bag or luggage@large,bag or luggage@small,bag or luggage,L,S,False
252292,000000252292.jpg,0.2496425211429596,1,0.2684275209903717,bag or luggage@large,bag or luggage@small|traffic light@medium,bag or luggage,L,S,False
560997,000000560997.jpg,0.2820228338241577,1,0.2684275209903717,bag or luggage@large,bag or luggage@small,bag or luggage,L,S,True
220156,000000220156.jpg,0.2518053352832794,1,0.2684275209903717,bag or luggage@large,bag or luggage@small,bag or luggage,L,S,False
343878,000000343878.jpg,0.2777529656887054,1,0.2684275209903717,bag or luggage@large,bag or luggage@small,bag or luggage,L,S,True
58569,000000058569.jpg,0.2445291876792907,1,0.2684275209903717,bag or luggage@large,bag or luggage@small,bag or luggage,L,S,False
156682,000000156682.jpg,0.2995961904525757,1,0.2684275209903717,bag or luggage@large,bag or luggage@small,bag or luggage,L,S,True
37751,000000037751.jpg,0.2240450084209442,1,0.2684275209903717,bag or luggage@large,bag or luggage@small,bag or luggage,L,S,False
545163,000000545163.jpg,0.2752714455127716,1,0.2684275209903717,bag or luggage@large,bag or luggage@small,bag or luggage,L,S,True
411111,000000411111.jpg,0.2698571979999542,1,0.2684275209903717,bag or luggage@large,bag or luggage@small|stop sign@small,bag or luggage,L,S,True
224807,000000224807.jpg,0.2173835635185241,1,0.2522014230489731,bag or luggage@medium,bag or luggage@large,bag or luggage,M,L,False
438985,000000438985.jpg,0.3731841444969177,1,0.2522014230489731,bag or luggage@medium,bag or luggage@large,bag or luggage,M,L,True
127588,000000127588.jpg,0.4133585691452026,1,0.2522014230489731,bag or luggage@medium,bag or luggage@large,bag or luggage,M,L,True
22777,000000022777.jpg,0.2762250602245331,1,0.2522014230489731,bag or luggage@medium,bag or luggage@large,bag or luggage,M,L,True
264514,000000264514.jpg,0.3452193737030029,1,0.2522014230489731,bag or luggage@medium,bag or luggage@large,bag or luggage,M,L,True
322558,000000322558.jpg,0.3227120637893677,1,0.2522014230489731,bag or luggage@medium,bag or luggage@large,bag or luggage,M,L,True
261879,000000261879.jpg,0.4017759561538696,1,0.2522014230489731,bag or luggage@medium,bag or luggage@large,bag or luggage,M,L,True
135411,000000135411.jpg,0.4230283796787262,1,0.2522014230489731,bag or luggage@medium,bag or luggage@large,bag or luggage,M,L,True
137931,000000137931.jpg,0.4213599860668182,1,0.2522014230489731,bag or luggage@medium,bag or luggage@large,bag or luggage,M,L,True
173217,000000173217.jpg,0.3504091799259186,1,0.2522014230489731,bag or luggage@medium,bag or luggage@large,bag or luggage,M,L,True
438841,000000438841.jpg,0.3927779197692871,1,0.2522014230489731,bag or luggage@medium,bag or luggage@large,bag or luggage,M,L,True
9231,000000009231.jpg,0.4039191007614136,1,0.2522014230489731,bag or luggage@medium,bag or luggage@large,bag or luggage,M,L,True
123757,000000123757.jpg,0.4556892216205597,1,0.2522014230489731,bag or luggage@medium,bag or luggage@large,bag or luggage,M,L,True
249941,000000249941.jpg,0.3570426404476166,1,0.2522014230489731,bag or luggage@medium,bag or luggage@large,bag or luggage,M,L,True
53388,000000053388.jpg,0.208607479929924,1,0.2522014230489731,bag or luggage@medium,bag or luggage@large,bag or luggage,M,L,False
426040,000000426040.jpg,0.3552703261375427,1,0.2522014230489731,bag or luggage@medium,bag or luggage@large,bag or luggage,M,L,True
4576,000000004576.jpg,0.3125790953636169,1,0.2522014230489731,bag or luggage@medium,bag or luggage@large,bag or luggage,M,L,True
87642,000000087642.jpg,0.3945245444774627,1,0.2522014230489731,bag or luggage@medium,bag or luggage@large,bag or luggage,M,L,True
136289,000000136289.jpg,0.3603151440620422,1,0.2522014230489731,bag or luggage@medium,bag or luggage@large,bag or luggage,M,L,True
544719,000000544719.jpg,0.3312691450119018,1,0.2522014230489731,bag or luggage@medium,bag or luggage@large,bag or luggage,M,L,True
371258,000000371258.jpg,0.3965031504631042,1,0.2522014230489731,bag or luggage@medium,bag or luggage@large,bag or luggage,M,L,True
456639,000000456639.jpg,0.2928614020347595,1,0.2522014230489731,bag or luggage@medium,bag or luggage@large,bag or luggage,M,L,True
511251,000000511251.jpg,0.4267681539058685,1,0.2522014230489731,bag or luggage@medium,bag or luggage@large,bag or luggage,M,L,True
198064,000000198064.jpg,0.3044743537902832,1,0.2522014230489731,bag or luggage@medium,bag or luggage@large,bag or luggage,M,L,True
238001,000000238001.jpg,0.3759122192859649,1,0.2522014230489731,bag or luggage@medium,bag or luggage@large,bag or luggage,M,L,True
354445,000000354445.jpg,0.3928375840187073,1,0.2522014230489731,bag or luggage@medium,bag or luggage@large,bag or luggage,M,L,True
153380,000000153380.jpg,0.3776164054870605,1,0.2522014230489731,bag or luggage@medium,bag or luggage@large,bag or luggage,M,L,True
421029,000000421029.jpg,0.4012537896633148,1,0.2522014230489731,bag or luggage@medium,bag or luggage@large,bag or luggage,M,L,True
38274,000000038274.jpg,0.4582024812698364,1,0.2522014230489731,bag or luggage@medium,bag or luggage@large,bag or luggage,M,L,True
21830,000000021830.jpg,0.4881601929664612,1,0.2522014230489731,bag or luggage@medium,bag or luggage@large,bag or luggage,M,L,True
437351,000000437351.jpg,0.4585107266902923,1,0.2522014230489731,bag or luggage@medium,bag or luggage@large,bag or luggage,M,L,True
134447,000000134447.jpg,0.3634957671165466,1,0.2522014230489731,bag or luggage@medium,bag or luggage@large,bag or luggage,M,L,True
191900,000000191900.jpg,0.4367505311965942,1,0.2522014230489731,bag or luggage@medium,bag or luggage@large,bag or luggage,M,L,True
396780,000000396780.jpg,0.4718660414218902,1,0.2522014230489731,bag or luggage@medium,bag or luggage@large,bag or luggage,M,L,True
104487,000000104487.jpg,0.3908105492591858,1,0.2522014230489731,bag or luggage@medium,bag or luggage@large,bag or luggage,M,L,True
198448,000000198448.jpg,0.4025595784187317,1,0.2522014230489731,bag or luggage@medium,bag or luggage@large,bag or luggage,M,L,True
390474,000000390474.jpg,0.3811791539192199,1,0.2522014230489731,bag or luggage@medium,bag or luggage@large,bag or luggage,M,L,True
32610,000000032610.jpg,0.3053201735019684,1,0.2522014230489731,bag or luggage@medium,bag or luggage@large,bag or luggage,M,L,True
71295,000000071295.jpg,0.404820442199707,1,0.2522014230489731,bag or luggage@medium,bag or luggage@large,bag or luggage,M,L,True
388569,000000388569.jpg,0.3365139663219452,1,0.2522014230489731,bag or luggage@medium,bag or luggage@large,bag or luggage,M,L,True
140850,000000140850.jpg,0.3621554374694824,1,0.2522014230489731,bag or luggage@medium,bag or luggage@large,bag or luggage,M,L,True
399922,000000399922.jpg,0.3425878286361694,1,0.2522014230489731,bag or luggage@medium,bag or luggage@large,bag or luggage,M,L,True
402726,000000402726.jpg,0.2643695175647735,1,0.2522014230489731,bag or luggage@medium,bag or luggage@large,bag or luggage,M,L,True
516214,000000516214.jpg,0.3541972041130066,1,0.2522014230489731,bag or luggage@medium,bag or luggage@large,bag or luggage,M,L,True
495769,000000495769.jpg,0.326113224029541,1,0.2522014230489731,bag or luggage@medium,bag or luggage@large,bag or luggage,M,L,True
557633,000000557633.jpg,0.3212189078330993,1,0.2522014230489731,bag or luggage@medium,bag or luggage@medium,bag or luggage,M,M,True
18482,000000018482.jpg,0.3175848126411438,1,0.2522014230489731,bag or luggage@medium,bag or luggage@medium,bag or luggage,M,M,True
321753,000000321753.jpg,0.3484812676906585,1,0.2522014230489731,bag or luggage@medium,bag or luggage@medium,bag or luggage,M,M,True
409178,000000409178.jpg,0.1876803785562515,1,0.2522014230489731,bag or luggage@medium,bag or luggage@medium|skis@large,bag or luggage,M,M,False
85053,000000085053.jpg,0.3223472535610199,1,0.2522014230489731,bag or luggage@medium,bag or luggage@medium,bag or luggage,M,M,True
64941,000000064941.jpg,0.3197996020317077,1,0.2522014230489731,bag or luggage@medium,bag or luggage@medium|bicycle@large,bag or luggage,M,M,True
471927,000000471927.jpg,0.4916718304157257,1,0.2522014230489731,bag or luggage@medium,bag or luggage@medium,bag or luggage,M,M,True
380447,000000380447.jpg,0.3427378833293915,1,0.2522014230489731,bag or luggage@medium,bag or luggage@medium|bicycle@large,bag or luggage,M,M,True
373053,000000373053.jpg,0.3716213703155517,1,0.2522014230489731,bag or luggage@medium,bag or luggage@medium,bag or luggage,M,M,True
191072,000000191072.jpg,0.3281384706497192,1,0.2522014230489731,bag or luggage@medium,bag or luggage@medium,bag or luggage,M,M,True
359451,000000359451.jpg,0.2296413630247116,1,0.2522014230489731,bag or luggage@medium,bag or luggage@medium,bag or luggage,M,M,False
58873,000000058873.jpg,0.2485026866197586,1,0.2522014230489731,bag or luggage@medium,bag or luggage@medium,bag or luggage,M,M,False
307757,000000307757.jpg,0.4349627494812011,1,0.2522014230489731,bag or luggage@medium,bag or luggage@medium,bag or luggage,M,M,True
379508,000000379508.jpg,0.2869738042354584,1,0.2522014230489731,bag or luggage@medium,bag or luggage@medium,bag or luggage,M,M,True
574424,000000574424.jpg,0.2182268798351287,1,0.2522014230489731,bag or luggage@medium,bag or luggage@medium,bag or luggage,M,M,False
33052,000000033052.jpg,0.2214577496051788,1,0.2522014230489731,bag or luggage@medium,bag or luggage@medium|bottle@small,bag or luggage,M,M,False
498225,000000498225.jpg,0.2954395115375519,1,0.2522014230489731,bag or luggage@medium,bag or luggage@medium,bag or luggage,M,M,True
141200,000000141200.jpg,0.4117836654186249,1,0.2522014230489731,bag or luggage@medium,bag or luggage@medium|umbrella@large,bag or luggage,M,M,True
372833,000000372833.jpg,0.3077988922595978,1,0.2522014230489731,bag or luggage@medium,bag or luggage@medium,bag or luggage,M,M,True
561806,000000561806.jpg,0.3483642339706421,1,0.2522014230489731,bag or luggage@medium,bag or luggage@medium,bag or luggage,M,M,True
315742,000000315742.jpg,0.2554616928100586,1,0.2522014230489731,bag or luggage@medium,bag or luggage@medium,bag or luggage,M,M,True
429065,000000429065.jpg,0.3903679847717285,1,0.2522014230489731,bag or luggage@medium,bag or luggage@medium,bag or luggage,M,M,True
547351,000000547351.jpg,0.2496313005685806,1,0.2522014230489731,bag or luggage@medium,bag or luggage@medium|cell phone@small,bag or luggage,M,M,False
420397,000000420397.jpg,0.3175361454486847,1,0.2522014230489731,bag or luggage@medium,bag or luggage@medium,bag or luggage,M,M,True
99817,000000099817.jpg,0.2861450910568237,1,0.2522014230489731,bag or luggage@medium,bag or luggage@medium,bag or luggage,M,M,True
131580,000000131580.jpg,0.3688966631889343,1,0.2522014230489731,bag or luggage@medium,bag or luggage@medium,bag or luggage,M,M,True
301867,000000301867.jpg,0.4291180968284607,1,0.2522014230489731,bag or luggage@medium,bag or luggage@medium|umbrella@large,bag or luggage,M,M,True
149127,000000149127.jpg,0.297854870557785,1,0.2522014230489731,bag or luggage@medium,bag or luggage@medium|skis@small,bag or luggage,M,M,True
383053,000000383053.jpg,0.3636294305324554,1,0.2522014230489731,bag or luggage@medium,bag or luggage@medium|enclosed road vehicle@small,bag or luggage,M,M,True
69223,000000069223.jpg,0.1942360997200012,1,0.2522014230489731,bag or luggage@medium,bag or luggage@medium,bag or luggage,M,M,False
126301,000000126301.jpg,0.3995004296302795,1,0.2522014230489731,bag or luggage@medium,bag or luggage@medium,bag or luggage,M,M,True
447037,000000447037.jpg,0.2288277596235275,1,0.2522014230489731,bag or luggage@medium,bag or luggage@medium|fork@small,bag or luggage,M,M,False
333436,000000333436.jpg,0.3924361169338226,1,0.2522014230489731,bag or luggage@medium,bag or luggage@medium|cell phone@small,bag or luggage,M,M,True
248445,000000248445.jpg,0.2469966262578964,1,0.2522014230489731,bag or luggage@medium,bag or luggage@medium,bag or luggage,M,M,False
100196,000000100196.jpg,0.2212438583374023,1,0.2522014230489731,bag or luggage@medium,bag or luggage@medium,bag or luggage,M,M,False
116166,000000116166.jpg,0.2504525184631347,1,0.2522014230489731,bag or luggage@medium,bag or luggage@medium,bag or luggage,M,M,False
25628,000000025628.jpg,0.2515127956867218,1,0.2522014230489731,bag or luggage@medium,bag or luggage@medium,bag or luggage,M,M,False
511231,000000511231.jpg,0.3068233728408813,1,0.2522014230489731,bag or luggage@medium,bag or luggage@medium,bag or luggage,M,M,True
533800,000000533800.jpg,0.2644469738006592,1,0.2522014230489731,bag or luggage@medium,bag or luggage@medium,bag or luggage,M,M,True
252807,000000252807.jpg,0.3697383105754852,1,0.2522014230489731,bag or luggage@medium,bag or luggage@medium,bag or luggage,M,M,True
424439,000000424439.jpg,0.2974285781383514,1,0.2522014230489731,bag or luggage@medium,bag or luggage@medium,bag or luggage,M,M,True
102787,000000102787.jpg,0.2802572250366211,1,0.2522014230489731,bag or luggage@medium,bag or luggage@medium,bag or luggage,M,M,True
442321,000000442321.jpg,0.2600805461406708,1,0.2522014230489731,bag or luggage@medium,bag or luggage@medium,bag or luggage,M,M,True
397355,000000397355.jpg,0.3238719999790191,1,0.2522014230489731,bag or luggage@medium,bag or luggage@medium,bag or luggage,M,M,True
50980,000000050980.jpg,0.3518501222133636,1,0.2522014230489731,bag or luggage@medium,bag or luggage@medium,bag or luggage,M,M,True
572352,000000572352.jpg,0.2762465178966522,1,0.2522014230489731,bag or luggage@medium,bag or luggage@medium|tv@medium,bag or luggage,M,M,True
402794,000000402794.jpg,0.2597540318965912,1,0.2522014230489731,bag or luggage@medium,bag or luggage@medium,bag or luggage,M,M,True
87649,000000087649.jpg,0.3005108535289764,1,0.2522014230489731,bag or luggage@medium,bag or luggage@small,bag or luggage,M,S,True
523199,000000523199.jpg,0.2617664039134979,1,0.2522014230489731,bag or luggage@medium,bag or luggage@small,bag or luggage,M,S,True
143129,000000143129.jpg,0.2121375799179077,1,0.2522014230489731,bag or luggage@medium,bag or luggage@small,bag or luggage,M,S,False
246446,000000246446.jpg,0.4088205397129059,1,0.2522014230489731,bag or luggage@medium,bag or luggage@small,bag or luggage,M,S,True
397511,000000397511.jpg,0.2840186357498169,1,0.2522014230489731,bag or luggage@medium,bag or luggage@small,bag or luggage,M,S,True
406152,000000406152.jpg,0.3543658554553985,1,0.2522014230489731,bag or luggage@medium,bag or luggage@small,bag or luggage,M,S,True
38411,000000038411.jpg,0.3400852978229522,1,0.2522014230489731,bag or luggage@medium,bag or luggage@small,bag or luggage,M,S,True
547308,000000547308.jpg,0.4089874029159546,1,0.2522014230489731,bag or luggage@medium,bag or luggage@small,bag or luggage,M,S,True
388847,000000388847.jpg,0.4629015922546386,1,0.2522014230489731,bag or luggage@medium,bag or luggage@small,bag or luggage,M,S,True
560571,000000560571.jpg,0.4279964566230774,1,0.2522014230489731,bag or luggage@medium,bag or luggage@small|traffic light@medium,bag or luggage,M,S,True
220872,000000220872.jpg,0.2727399170398712,1,0.2522014230489731,bag or luggage@medium,bag or luggage@small,bag or luggage,M,S,True
20640,000000020640.jpg,0.334745317697525,1,0.2522014230489731,bag or luggage@medium,bag or luggage@small,bag or luggage,M,S,True
563653,000000563653.jpg,0.2986146807670593,1,0.2522014230489731,bag or luggage@medium,bag or luggage@small,bag or luggage,M,S,True
495993,000000495993.jpg,0.2492506951093673,1,0.2522014230489731,bag or luggage@medium,bag or luggage@small,bag or luggage,M,S,False
270716,000000270716.jpg,0.1995562762022018,1,0.2522014230489731,bag or luggage@medium,bag or luggage@small,bag or luggage,M,S,False
504878,000000504878.jpg,0.248639315366745,1,0.2522014230489731,bag or luggage@medium,bag or luggage@small,bag or luggage,M,S,False
486070,000000486070.jpg,0.2026984691619873,1,0.2522014230489731,bag or luggage@medium,bag or luggage@small|skis@small|snowboard@small,bag or luggage,M,S,False
415723,000000415723.jpg,0.2384248673915863,1,0.2522014230489731,bag or luggage@medium,bag or luggage@small,bag or luggage,M,S,False
61196,000000061196.jpg,0.2585669755935669,1,0.2522014230489731,bag or luggage@medium,bag or luggage@small,bag or luggage,M,S,True
96208,000000096208.jpg,0.2217044383287429,1,0.2522014230489731,bag or luggage@medium,bag or luggage@small,bag or luggage,M,S,False
193977,000000193977.jpg,0.2094787657260894,1,0.2522014230489731,bag or luggage@medium,bag or luggage@small,bag or luggage,M,S,False
325220,000000325220.jpg,0.2673415839672088,1,0.2522014230489731,bag or luggage@medium,bag or luggage@small|enclosed road vehicle@medium|traffic light@medium,bag or luggage,M,S,True
511670,000000511670.jpg,0.2497472018003463,1,0.2522014230489731,bag or luggage@medium,bag or luggage@small,bag or luggage,M,S,False
340108,000000340108.jpg,0.2570826113224029,1,0.2522014230489731,bag or luggage@medium,bag or luggage@small,bag or luggage,M,S,True
108701,000000108701.jpg,0.2961542904376983,1,0.2522014230489731,bag or luggage@medium,bag or luggage@small|motorcycle@small,bag or luggage,M,S,True
57663,000000057663.jpg,0.2868489027023315,1,0.2522014230489731,bag or luggage@medium,bag or luggage@small|motorcycle@small|stop sign@medium,bag or luggage,M,S,True
352895,000000352895.jpg,0.3219183087348938,1,0.2522014230489731,bag or luggage@medium,bag or luggage@small,bag or luggage,M,S,True
399476,000000399476.jpg,0.3855935633182525,1,0.2522014230489731,bag or luggage@medium,bag or luggage@small|bicycle@medium,bag or luggage,M,S,True
450483,000000450483.jpg,0.2776930630207062,1,0.2522014230489731,bag or luggage@medium,bag or luggage@small,bag or luggage,M,S,True
101369,000000101369.jpg,0.2429227381944656,1,0.2522014230489731,bag or luggage@medium,bag or luggage@small|tie@medium,bag or luggage,M,S,False
116272,000000116272.jpg,0.2237277179956436,1,0.2522014230489731,bag or luggage@medium,bag or luggage@small,bag or luggage,M,S,False
561673,000000561673.jpg,0.2971466183662414,1,0.2522014230489731,bag or luggage@medium,bag or luggage@small,bag or luggage,M,S,True
225372,000000225372.jpg,0.2394565194845199,1,0.2522014230489731,bag or luggage@medium,bag or luggage@small,bag or luggage,M,S,False
282552,000000282552.jpg,0.2873454093933105,1,0.2522014230489731,bag or luggage@medium,bag or luggage@small,bag or luggage,M,S,True
202470,000000202470.jpg,0.3459168970584869,1,0.2522014230489731,bag or luggage@medium,bag or luggage@small,bag or luggage,M,S,True
10244,000000010244.jpg,0.3517090380191803,1,0.2522014230489731,bag or luggage@medium,bag or luggage@small,bag or luggage,M,S,True
358523,000000358523.jpg,0.2678403556346893,1,0.2522014230489731,bag or luggage@medium,bag or luggage@small,bag or luggage,M,S,True
138891,000000138891.jpg,0.2495477944612503,1,0.2522014230489731,bag or luggage@medium,bag or luggage@small,bag or luggage,M,S,False
247692,000000247692.jpg,0.2589159309864044,1,0.2522014230489731,bag or luggage@medium,bag or luggage@small,bag or luggage,M,S,True
257566,000000257566.jpg,0.2891460061073303,1,0.2522014230489731,bag or luggage@medium,bag or luggage@small,bag or luggage,M,S,True
280354,000000280354.jpg,0.2282768934965133,1,0.2522014230489731,bag or luggage@medium,bag or luggage@small,bag or luggage,M,S,False
523816,000000523816.jpg,0.2018031179904937,1,0.2522014230489731,bag or luggage@medium,bag or luggage@small,bag or luggage,M,S,False
517326,000000517326.jpg,0.284036248922348,1,0.2522014230489731,bag or luggage@medium,bag or luggage@small,bag or luggage,M,S,True
252292,000000252292.jpg,0.2331203371286392,1,0.2522014230489731,bag or luggage@medium,bag or luggage@small|traffic light@medium,bag or luggage,M,S,False
560997,000000560997.jpg,0.2884311378002167,1,0.2522014230489731,bag or luggage@medium,bag or luggage@small,bag or luggage,M,S,True
220156,000000220156.jpg,0.2800253629684448,1,0.2522014230489731,bag or luggage@medium,bag or luggage@small,bag or luggage,M,S,True
343878,000000343878.jpg,0.2139712125062942,1,0.2522014230489731,bag or luggage@medium,bag or luggage@small,bag or luggage,M,S,False
58569,000000058569.jpg,0.3734767138957977,1,0.2522014230489731,bag or luggage@medium,bag or luggage@small,bag or luggage,M,S,True
156682,000000156682.jpg,0.2515615820884704,1,0.2522014230489731,bag or luggage@medium,bag or luggage@small,bag or luggage,M,S,False
37751,000000037751.jpg,0.2748479843139648,1,0.2522014230489731,bag or luggage@medium,bag or luggage@small,bag or luggage,M,S,True
545163,000000545163.jpg,0.2645300924777984,1,0.2522014230489731,bag or luggage@medium,bag or luggage@small,bag or luggage,M,S,True
411111,000000411111.jpg,0.3679594397544861,1,0.2522014230489731,bag or luggage@medium,bag or luggage@small|stop sign@small,bag or luggage,M,S,True
4576,000000004576.jpg,0.3023748993873596,1,0.2554011344909668,bag or luggage@mix-equal,bag or luggage@large,bag or luggage,SML=,L,True
9231,000000009231.jpg,0.681970477104187,1,0.2554011344909668,bag or luggage@mix-equal,bag or luggage@large,bag or luggage,SML=,L,True
21830,000000021830.jpg,0.4906410574913025,1,0.2554011344909668,bag or luggage@mix-equal,bag or luggage@large,bag or luggage,SML=,L,True
22777,000000022777.jpg,0.2389549762010574,1,0.2554011344909668,bag or luggage@mix-equal,bag or luggage@large,bag or luggage,SML=,L,False
32610,000000032610.jpg,0.288779616355896,1,0.2554011344909668,bag or luggage@mix-equal,bag or luggage@large,bag or luggage,SML=,L,True
38274,000000038274.jpg,0.431484580039978,1,0.2554011344909668,bag or luggage@mix-equal,bag or luggage@large,bag or luggage,SML=,L,True
53388,000000053388.jpg,0.235364943742752,1,0.2554011344909668,bag or luggage@mix-equal,bag or luggage@large,bag or luggage,SML=,L,False
71295,000000071295.jpg,0.5855203866958618,1,0.2554011344909668,bag or luggage@mix-equal,bag or luggage@large,bag or luggage,SML=,L,True
87642,000000087642.jpg,0.5440889000892639,1,0.2554011344909668,bag or luggage@mix-equal,bag or luggage@large,bag or luggage,SML=,L,True
104487,000000104487.jpg,0.4804059267044067,1,0.2554011344909668,bag or luggage@mix-equal,bag or luggage@large,bag or luggage,SML=,L,True
123757,000000123757.jpg,0.4944800138473511,1,0.2554011344909668,bag or luggage@mix-equal,bag or luggage@large,bag or luggage,SML=,L,True
127588,000000127588.jpg,0.4302122890949249,1,0.2554011344909668,bag or luggage@mix-equal,bag or luggage@large,bag or luggage,SML=,L,True
134447,000000134447.jpg,0.2343220114707946,1,0.2554011344909668,bag or luggage@mix-equal,bag or luggage@large,bag or luggage,SML=,L,False
135411,000000135411.jpg,0.6209529042243958,1,0.2554011344909668,bag or luggage@mix-equal,bag or luggage@large,bag or luggage,SML=,L,True
136289,000000136289.jpg,0.3025186657905578,1,0.2554011344909668,bag or luggage@mix-equal,bag or luggage@large,bag or luggage,SML=,L,True
137931,000000137931.jpg,0.5080349445343018,1,0.2554011344909668,bag or luggage@mix-equal,bag or luggage@large,bag or luggage,SML=,L,True
140850,000000140850.jpg,0.5447114109992981,1,0.2554011344909668,bag or luggage@mix-equal,bag or luggage@large,bag or luggage,SML=,L,True
153380,000000153380.jpg,0.2616710662841797,1,0.2554011344909668,bag or luggage@mix-equal,bag or luggage@large,bag or luggage,SML=,L,True
173217,000000173217.jpg,0.4984716475009918,1,0.2554011344909668,bag or luggage@mix-equal,bag or luggage@large,bag or luggage,SML=,L,True
191900,000000191900.jpg,0.397687017917633,1,0.2554011344909668,bag or luggage@mix-equal,bag or luggage@large,bag or luggage,SML=,L,True
198064,000000198064.jpg,0.6772938370704651,1,0.2554011344909668,bag or luggage@mix-equal,bag or luggage@large,bag or luggage,SML=,L,True
198448,000000198448.jpg,0.3770073354244232,1,0.2554011344909668,bag or luggage@mix-equal,bag or luggage@large,bag or luggage,SML=,L,True
224807,000000224807.jpg,0.2200615257024765,1,0.2554011344909668,bag or luggage@mix-equal,bag or luggage@large,bag or luggage,SML=,L,False
238001,000000238001.jpg,0.4622537791728973,1,0.2554011344909668,bag or luggage@mix-equal,bag or luggage@large,bag or luggage,SML=,L,True
249941,000000249941.jpg,0.4334689974784851,1,0.2554011344909668,bag or luggage@mix-equal,bag or luggage@large,bag or luggage,SML=,L,True
261879,000000261879.jpg,0.306793600320816,1,0.2554011344909668,bag or luggage@mix-equal,bag or luggage@large,bag or luggage,SML=,L,True
264514,000000264514.jpg,0.314206451177597,1,0.2554011344909668,bag or luggage@mix-equal,bag or luggage@large,bag or luggage,SML=,L,True
322558,000000322558.jpg,0.4776624143123626,1,0.2554011344909668,bag or luggage@mix-equal,bag or luggage@large,bag or luggage,SML=,L,True
354445,000000354445.jpg,0.6251084804534912,1,0.2554011344909668,bag or luggage@mix-equal,bag or luggage@large,bag or luggage,SML=,L,True
371258,000000371258.jpg,0.5949965119361877,1,0.2554011344909668,bag or luggage@mix-equal,bag or luggage@large,bag or luggage,SML=,L,True
388569,000000388569.jpg,0.4742585718631744,1,0.2554011344909668,bag or luggage@mix-equal,bag or luggage@large,bag or luggage,SML=,L,True
390474,000000390474.jpg,0.4609868824481964,1,0.2554011344909668,bag or luggage@mix-equal,bag or luggage@large,bag or luggage,SML=,L,True
396780,000000396780.jpg,0.4354208707809448,1,0.2554011344909668,bag or luggage@mix-equal,bag or luggage@large,bag or luggage,SML=,L,True
399922,000000399922.jpg,0.3347923159599304,1,0.2554011344909668,bag or luggage@mix-equal,bag or luggage@large,bag or luggage,SML=,L,True
402726,000000402726.jpg,0.3488250076770782,1,0.2554011344909668,bag or luggage@mix-equal,bag or luggage@large,bag or luggage,SML=,L,True
421029,000000421029.jpg,0.4288625419139862,1,0.2554011344909668,bag or luggage@mix-equal,bag or luggage@large,bag or luggage,SML=,L,True
426040,000000426040.jpg,0.4642870128154754,1,0.2554011344909668,bag or luggage@mix-equal,bag or luggage@large,bag or luggage,SML=,L,True
437351,000000437351.jpg,0.5371206998825073,1,0.2554011344909668,bag or luggage@mix-equal,bag or luggage@large,bag or luggage,SML=,L,True
438841,000000438841.jpg,0.4779294431209564,1,0.2554011344909668,bag or luggage@mix-equal,bag or luggage@large,bag or luggage,SML=,L,True
438985,000000438985.jpg,0.5512211322784424,1,0.2554011344909668,bag or luggage@mix-equal,bag or luggage@large,bag or luggage,SML=,L,True
456639,000000456639.jpg,0.2253293991088867,1,0.2554011344909668,bag or luggage@mix-equal,bag or luggage@large,bag or luggage,SML=,L,False
495769,000000495769.jpg,0.2852561771869659,1,0.2554011344909668,bag or luggage@mix-equal,bag or luggage@large,bag or luggage,SML=,L,True
511251,000000511251.jpg,0.531043529510498,1,0.2554011344909668,bag or luggage@mix-equal,bag or luggage@large,bag or luggage,SML=,L,True
516214,000000516214.jpg,0.5855803489685059,1,0.2554011344909668,bag or luggage@mix-equal,bag or luggage@large,bag or luggage,SML=,L,True
544719,000000544719.jpg,0.4477512538433075,1,0.2554011344909668,bag or luggage@mix-equal,bag or luggage@large,bag or luggage,SML=,L,True
18482,000000018482.jpg,0.2504291236400604,1,0.2554011344909668,bag or luggage@mix-equal,bag or luggage@medium,bag or luggage,SML=,M,False
25628,000000025628.jpg,0.264257937669754,1,0.2554011344909668,bag or luggage@mix-equal,bag or luggage@medium,bag or luggage,SML=,M,True
33052,000000033052.jpg,0.1879388839006424,1,0.2554011344909668,bag or luggage@mix-equal,bag or luggage@medium|bottle@small,bag or luggage,SML=,M,False
50980,000000050980.jpg,0.2475790828466415,1,0.2554011344909668,bag or luggage@mix-equal,bag or luggage@medium,bag or luggage,SML=,M,False
58873,000000058873.jpg,0.213555172085762,1,0.2554011344909668,bag or luggage@mix-equal,bag or luggage@medium,bag or luggage,SML=,M,False
64941,000000064941.jpg,0.288855642080307,1,0.2554011344909668,bag or luggage@mix-equal,bag or luggage@medium|bicycle@large,bag or luggage,SML=,M,True
69223,000000069223.jpg,0.216091901063919,1,0.2554011344909668,bag or luggage@mix-equal,bag or luggage@medium,bag or luggage,SML=,M,False
85053,000000085053.jpg,0.3107205033302307,1,0.2554011344909668,bag or luggage@mix-equal,bag or luggage@medium,bag or luggage,SML=,M,True
99817,000000099817.jpg,0.2270904779434204,1,0.2554011344909668,bag or luggage@mix-equal,bag or luggage@medium,bag or luggage,SML=,M,False
100196,000000100196.jpg,0.2881437242031097,1,0.2554011344909668,bag or luggage@mix-equal,bag or luggage@medium,bag or luggage,SML=,M,True
102787,000000102787.jpg,0.2447090595960617,1,0.2554011344909668,bag or luggage@mix-equal,bag or luggage@medium,bag or luggage,SML=,M,False
116166,000000116166.jpg,0.2162101715803146,1,0.2554011344909668,bag or luggage@mix-equal,bag or luggage@medium,bag or luggage,SML=,M,False
126301,000000126301.jpg,0.3169035017490387,1,0.2554011344909668,bag or luggage@mix-equal,bag or luggage@medium,bag or luggage,SML=,M,True
131580,000000131580.jpg,0.3028791546821594,1,0.2554011344909668,bag or luggage@mix-equal,bag or luggage@medium,bag or luggage,SML=,M,True
141200,000000141200.jpg,0.2793482840061188,1,0.2554011344909668,bag or luggage@mix-equal,bag or luggage@medium|umbrella@large,bag or luggage,SML=,M,True
149127,000000149127.jpg,0.210426315665245,1,0.2554011344909668,bag or luggage@mix-equal,bag or luggage@medium|skis@small,bag or luggage,SML=,M,False
191072,000000191072.jpg,0.3162190616130829,1,0.2554011344909668,bag or luggage@mix-equal,bag or luggage@medium,bag or luggage,SML=,M,True
248445,000000248445.jpg,0.2466316968202591,1,0.2554011344909668,bag or luggage@mix-equal,bag or luggage@medium,bag or luggage,SML=,M,False
252807,000000252807.jpg,0.2611833810806274,1,0.2554011344909668,bag or luggage@mix-equal,bag or luggage@medium,bag or luggage,SML=,M,True
301867,000000301867.jpg,0.3947246670722961,1,0.2554011344909668,bag or luggage@mix-equal,bag or luggage@medium|umbrella@large,bag or luggage,SML=,M,True
307757,000000307757.jpg,0.339711457490921,1,0.2554011344909668,bag or luggage@mix-equal,bag or luggage@medium,bag or luggage,SML=,M,True
315742,000000315742.jpg,0.2275150269269943,1,0.2554011344909668,bag or luggage@mix-equal,bag or luggage@medium,bag or luggage,SML=,M,False
321753,000000321753.jpg,0.4241607785224914,1,0.2554011344909668,bag or luggage@mix-equal,bag or luggage@medium,bag or luggage,SML=,M,True
333436,000000333436.jpg,0.2201987355947494,1,0.2554011344909668,bag or luggage@mix-equal,bag or luggage@medium|cell phone@small,bag or luggage,SML=,M,False
359451,000000359451.jpg,0.2743817567825317,1,0.2554011344909668,bag or luggage@mix-equal,bag or luggage@medium,bag or luggage,SML=,M,True
372833,000000372833.jpg,0.3083789944648742,1,0.2554011344909668,bag or luggage@mix-equal,bag or luggage@medium,bag or luggage,SML=,M,True
373053,000000373053.jpg,0.3345784842967987,1,0.2554011344909668,bag or luggage@mix-equal,bag or luggage@medium,bag or luggage,SML=,M,True
379508,000000379508.jpg,0.2028022855520248,1,0.2554011344909668,bag or luggage@mix-equal,bag or luggage@medium,bag or luggage,SML=,M,False
380447,000000380447.jpg,0.3534775972366333,1,0.2554011344909668,bag or luggage@mix-equal,bag or luggage@medium|bicycle@large,bag or luggage,SML=,M,True
383053,000000383053.jpg,0.3043751120567322,1,0.2554011344909668,bag or luggage@mix-equal,bag or luggage@medium|enclosed road vehicle@small,bag or luggage,SML=,M,True
397355,000000397355.jpg,0.2891882359981537,1,0.2554011344909668,bag or luggage@mix-equal,bag or luggage@medium,bag or luggage,SML=,M,True
402794,000000402794.jpg,0.2917811870574951,1,0.2554011344909668,bag or luggage@mix-equal,bag or luggage@medium,bag or luggage,SML=,M,True
409178,000000409178.jpg,0.2443513721227646,1,0.2554011344909668,bag or luggage@mix-equal,bag or luggage@medium|skis@large,bag or luggage,SML=,M,False
420397,000000420397.jpg,0.2176303565502166,1,0.2554011344909668,bag or luggage@mix-equal,bag or luggage@medium,bag or luggage,SML=,M,False
424439,000000424439.jpg,0.249660238623619,1,0.2554011344909668,bag or luggage@mix-equal,bag or luggage@medium,bag or luggage,SML=,M,False
429065,000000429065.jpg,0.3165987730026245,1,0.2554011344909668,bag or luggage@mix-equal,bag or luggage@medium,bag or luggage,SML=,M,True
442321,000000442321.jpg,0.2416748702526092,1,0.2554011344909668,bag or luggage@mix-equal,bag or luggage@medium,bag or luggage,SML=,M,False
447037,000000447037.jpg,0.2157693803310394,1,0.2554011344909668,bag or luggage@mix-equal,bag or luggage@medium|fork@small,bag or luggage,SML=,M,False
471927,000000471927.jpg,0.5155137181282043,1,0.2554011344909668,bag or luggage@mix-equal,bag or luggage@medium,bag or luggage,SML=,M,True
498225,000000498225.jpg,0.313344806432724,1,0.2554011344909668,bag or luggage@mix-equal,bag or luggage@medium,bag or luggage,SML=,M,True
511231,000000511231.jpg,0.2493100762367248,1,0.2554011344909668,bag or luggage@mix-equal,bag or luggage@medium,bag or luggage,SML=,M,False
533800,000000533800.jpg,0.2454744130373001,1,0.2554011344909668,bag or luggage@mix-equal,bag or luggage@medium,bag or luggage,SML=,M,False
547351,000000547351.jpg,0.3032719194889068,1,0.2554011344909668,bag or luggage@mix-equal,bag or luggage@medium|cell phone@small,bag or luggage,SML=,M,True
557633,000000557633.jpg,0.3048351407051086,1,0.2554011344909668,bag or luggage@mix-equal,bag or luggage@medium,bag or luggage,SML=,M,True
561806,000000561806.jpg,0.3509282767772674,1,0.2554011344909668,bag or luggage@mix-equal,bag or luggage@medium,bag or luggage,SML=,M,True
572352,000000572352.jpg,0.2304888367652893,1,0.2554011344909668,bag or luggage@mix-equal,bag or luggage@medium|tv@medium,bag or luggage,SML=,M,False
574424,000000574424.jpg,0.2032887488603592,1,0.2554011344909668,bag or luggage@mix-equal,bag or luggage@medium,bag or luggage,SML=,M,False
10244,000000010244.jpg,0.2511323690414428,1,0.2554011344909668,bag or luggage@mix-equal,bag or luggage@small,bag or luggage,SML=,S,False
20640,000000020640.jpg,0.2274170964956283,1,0.2554011344909668,bag or luggage@mix-equal,bag or luggage@small,bag or luggage,SML=,S,False
37751,000000037751.jpg,0.1985122859477996,1,0.2554011344909668,bag or luggage@mix-equal,bag or luggage@small,bag or luggage,SML=,S,False
38411,000000038411.jpg,0.2885633707046509,1,0.2554011344909668,bag or luggage@mix-equal,bag or luggage@small,bag or luggage,SML=,S,True
57663,000000057663.jpg,0.2729103863239288,1,0.2554011344909668,bag or luggage@mix-equal,bag or luggage@small|motorcycle@small|stop sign@medium,bag or luggage,SML=,S,True
58569,000000058569.jpg,0.2962448298931122,1,0.2554011344909668,bag or luggage@mix-equal,bag or luggage@small,bag or luggage,SML=,S,True
61196,000000061196.jpg,0.1990868747234344,1,0.2554011344909668,bag or luggage@mix-equal,bag or luggage@small,bag or luggage,SML=,S,False
87649,000000087649.jpg,0.325521171092987,1,0.2554011344909668,bag or luggage@mix-equal,bag or luggage@small,bag or luggage,SML=,S,True
96208,000000096208.jpg,0.2114206850528717,1,0.2554011344909668,bag or luggage@mix-equal,bag or luggage@small,bag or luggage,SML=,S,False
101369,000000101369.jpg,0.1871784180402755,1,0.2554011344909668,bag or luggage@mix-equal,bag or luggage@small|tie@medium,bag or luggage,SML=,S,False
108701,000000108701.jpg,0.2676688730716705,1,0.2554011344909668,bag or luggage@mix-equal,bag or luggage@small|motorcycle@small,bag or luggage,SML=,S,True
116272,000000116272.jpg,0.2212228775024414,1,0.2554011344909668,bag or luggage@mix-equal,bag or luggage@small,bag or luggage,SML=,S,False
138891,000000138891.jpg,0.2819483280181885,1,0.2554011344909668,bag or luggage@mix-equal,bag or luggage@small,bag or luggage,SML=,S,True
143129,000000143129.jpg,0.2441386580467224,1,0.2554011344909668,bag or luggage@mix-equal,bag or luggage@small,bag or luggage,SML=,S,False
156682,000000156682.jpg,0.2387057244777679,1,0.2554011344909668,bag or luggage@mix-equal,bag or luggage@small,bag or luggage,SML=,S,False
193977,000000193977.jpg,0.1908360719680786,1,0.2554011344909668,bag or luggage@mix-equal,bag or luggage@small,bag or luggage,SML=,S,False
202470,000000202470.jpg,0.3206060528755188,1,0.2554011344909668,bag or luggage@mix-equal,bag or luggage@small,bag or luggage,SML=,S,True
220156,000000220156.jpg,0.300032764673233,1,0.2554011344909668,bag or luggage@mix-equal,bag or luggage@small,bag or luggage,SML=,S,True
220872,000000220872.jpg,0.3368116617202759,1,0.2554011344909668,bag or luggage@mix-equal,bag or luggage@small,bag or luggage,SML=,S,True
225372,000000225372.jpg,0.2587452232837677,1,0.2554011344909668,bag or luggage@mix-equal,bag or luggage@small,bag or luggage,SML=,S,True
246446,000000246446.jpg,0.4881092309951782,1,0.2554011344909668,bag or luggage@mix-equal,bag or luggage@small,bag or luggage,SML=,S,True
247692,000000247692.jpg,0.2032161802053451,1,0.2554011344909668,bag or luggage@mix-equal,bag or luggage@small,bag or luggage,SML=,S,False
252292,000000252292.jpg,0.2802974283695221,1,0.2554011344909668,bag or luggage@mix-equal,bag or luggage@small|traffic light@medium,bag or luggage,SML=,S,True
257566,000000257566.jpg,0.2788083851337433,1,0.2554011344909668,bag or luggage@mix-equal,bag or luggage@small,bag or luggage,SML=,S,True
270716,000000270716.jpg,0.2236939221620559,1,0.2554011344909668,bag or luggage@mix-equal,bag or luggage@small,bag or luggage,SML=,S,False
280354,000000280354.jpg,0.2036834359169006,1,0.2554011344909668,bag or luggage@mix-equal,bag or luggage@small,bag or luggage,SML=,S,False
282552,000000282552.jpg,0.3062687814235687,1,0.2554011344909668,bag or luggage@mix-equal,bag or luggage@small,bag or luggage,SML=,S,True
325220,000000325220.jpg,0.2308369725942611,1,0.2554011344909668,bag or luggage@mix-equal,bag or luggage@small|enclosed road vehicle@medium|traffic light@medium,bag or luggage,SML=,S,False
340108,000000340108.jpg,0.3084408640861511,1,0.2554011344909668,bag or luggage@mix-equal,bag or luggage@small,bag or luggage,SML=,S,True
343878,000000343878.jpg,0.2386584877967834,1,0.2554011344909668,bag or luggage@mix-equal,bag or luggage@small,bag or luggage,SML=,S,False
352895,000000352895.jpg,0.3369909822940826,1,0.2554011344909668,bag or luggage@mix-equal,bag or luggage@small,bag or luggage,SML=,S,True
358523,000000358523.jpg,0.2323464155197143,1,0.2554011344909668,bag or luggage@mix-equal,bag or luggage@small,bag or luggage,SML=,S,False
388847,000000388847.jpg,0.3808657526969909,1,0.2554011344909668,bag or luggage@mix-equal,bag or luggage@small,bag or luggage,SML=,S,True
397511,000000397511.jpg,0.2998413145542145,1,0.2554011344909668,bag or luggage@mix-equal,bag or luggage@small,bag or luggage,SML=,S,True
399476,000000399476.jpg,0.2554296553134918,1,0.2554011344909668,bag or luggage@mix-equal,bag or luggage@small|bicycle@medium,bag or luggage,SML=,S,True
406152,000000406152.jpg,0.3350672125816345,1,0.2554011344909668,bag or luggage@mix-equal,bag or luggage@small,bag or luggage,SML=,S,True
411111,000000411111.jpg,0.3454833030700683,1,0.2554011344909668,bag or luggage@mix-equal,bag or luggage@small|stop sign@small,bag or luggage,SML=,S,True
415723,000000415723.jpg,0.2570323348045349,1,0.2554011344909668,bag or luggage@mix-equal,bag or luggage@small,bag or luggage,SML=,S,True
450483,000000450483.jpg,0.3364481031894684,1,0.2554011344909668,bag or luggage@mix-equal,bag or luggage@small,bag or luggage,SML=,S,True
486070,000000486070.jpg,0.1946615427732467,1,0.2554011344909668,bag or luggage@mix-equal,bag or luggage@small|skis@small|snowboard@small,bag or luggage,SML=,S,False
495993,000000495993.jpg,0.2981949150562286,1,0.2554011344909668,bag or luggage@mix-equal,bag or luggage@small,bag or luggage,SML=,S,True
504878,000000504878.jpg,0.2891514003276825,1,0.2554011344909668,bag or luggage@mix-equal,bag or luggage@small,bag or luggage,SML=,S,True
511670,000000511670.jpg,0.2221425920724868,1,0.2554011344909668,bag or luggage@mix-equal,bag or luggage@small,bag or luggage,SML=,S,False
517326,000000517326.jpg,0.3024607598781585,1,0.2554011344909668,bag or luggage@mix-equal,bag or luggage@small,bag or luggage,SML=,S,True
523199,000000523199.jpg,0.2169730961322784,1,0.2554011344909668,bag or luggage@mix-equal,bag or luggage@small,bag or luggage,SML=,S,False
523816,000000523816.jpg,0.219490498304367,1,0.2554011344909668,bag or luggage@mix-equal,bag or luggage@small,bag or luggage,SML=,S,False
545163,000000545163.jpg,0.2415786236524582,1,0.2554011344909668,bag or luggage@mix-equal,bag or luggage@small,bag or luggage,SML=,S,False
547308,000000547308.jpg,0.3334397375583648,1,0.2554011344909668,bag or luggage@mix-equal,bag or luggage@small,bag or luggage,SML=,S,True
560571,000000560571.jpg,0.4517784714698791,1,0.2554011344909668,bag or luggage@mix-equal,bag or luggage@small|traffic light@medium,bag or luggage,SML=,S,True
560997,000000560997.jpg,0.3528858721256256,1,0.2554011344909668,bag or luggage@mix-equal,bag or luggage@small,bag or luggage,SML=,S,True
561673,000000561673.jpg,0.3357098996639251,1,0.2554011344909668,bag or luggage@mix-equal,bag or luggage@small,bag or luggage,SML=,S,True
563653,000000563653.jpg,0.2595665752887726,1,0.2554011344909668,bag or luggage@mix-equal,bag or luggage@small,bag or luggage,SML=,S,True
4576,000000004576.jpg,0.3516861200332641,1,0.2639529407024383,bag or luggage@mix-natural,bag or luggage@large,bag or luggage,SMLn,L,True
9231,000000009231.jpg,0.5440131425857544,1,0.2639529407024383,bag or luggage@mix-natural,bag or luggage@large,bag or luggage,SMLn,L,True
21830,000000021830.jpg,0.5497726202011108,1,0.2639529407024383,bag or luggage@mix-natural,bag or luggage@large,bag or luggage,SMLn,L,True
22777,000000022777.jpg,0.2148904055356979,1,0.2639529407024383,bag or luggage@mix-natural,bag or luggage@large,bag or luggage,SMLn,L,False
32610,000000032610.jpg,0.3310177028179168,1,0.2639529407024383,bag or luggage@mix-natural,bag or luggage@large,bag or luggage,SMLn,L,True
38274,000000038274.jpg,0.4610921144485473,1,0.2639529407024383,bag or luggage@mix-natural,bag or luggage@large,bag or luggage,SMLn,L,True
53388,000000053388.jpg,0.2411737889051437,1,0.2639529407024383,bag or luggage@mix-natural,bag or luggage@large,bag or luggage,SMLn,L,False
71295,000000071295.jpg,0.51451575756073,1,0.2639529407024383,bag or luggage@mix-natural,bag or luggage@large,bag or luggage,SMLn,L,True
87642,000000087642.jpg,0.4817064106464386,1,0.2639529407024383,bag or luggage@mix-natural,bag or luggage@large,bag or luggage,SMLn,L,True
104487,000000104487.jpg,0.4599834084510803,1,0.2639529407024383,bag or luggage@mix-natural,bag or luggage@large,bag or luggage,SMLn,L,True
123757,000000123757.jpg,0.5144004225730896,1,0.2639529407024383,bag or luggage@mix-natural,bag or luggage@large,bag or luggage,SMLn,L,True
127588,000000127588.jpg,0.4642674028873443,1,0.2639529407024383,bag or luggage@mix-natural,bag or luggage@large,bag or luggage,SMLn,L,True
134447,000000134447.jpg,0.3776729106903076,1,0.2639529407024383,bag or luggage@mix-natural,bag or luggage@large,bag or luggage,SMLn,L,True
135411,000000135411.jpg,0.5079566836357117,1,0.2639529407024383,bag or luggage@mix-natural,bag or luggage@large,bag or luggage,SMLn,L,True
136289,000000136289.jpg,0.5292966961860657,1,0.2639529407024383,bag or luggage@mix-natural,bag or luggage@large,bag or luggage,SMLn,L,True
137931,000000137931.jpg,0.509554386138916,1,0.2639529407024383,bag or luggage@mix-natural,bag or luggage@large,bag or luggage,SMLn,L,True
140850,000000140850.jpg,0.4480500817298889,1,0.2639529407024383,bag or luggage@mix-natural,bag or luggage@large,bag or luggage,SMLn,L,True
153380,000000153380.jpg,0.3432798385620117,1,0.2639529407024383,bag or luggage@mix-natural,bag or luggage@large,bag or luggage,SMLn,L,True
173217,000000173217.jpg,0.4491380155086517,1,0.2639529407024383,bag or luggage@mix-natural,bag or luggage@large,bag or luggage,SMLn,L,True
191900,000000191900.jpg,0.371212363243103,1,0.2639529407024383,bag or luggage@mix-natural,bag or luggage@large,bag or luggage,SMLn,L,True
198064,000000198064.jpg,0.4933028519153595,1,0.2639529407024383,bag or luggage@mix-natural,bag or luggage@large,bag or luggage,SMLn,L,True
198448,000000198448.jpg,0.3519908785820007,1,0.2639529407024383,bag or luggage@mix-natural,bag or luggage@large,bag or luggage,SMLn,L,True
224807,000000224807.jpg,0.2620193660259247,1,0.2639529407024383,bag or luggage@mix-natural,bag or luggage@large,bag or luggage,SMLn,L,False
238001,000000238001.jpg,0.5589691996574402,1,0.2639529407024383,bag or luggage@mix-natural,bag or luggage@large,bag or luggage,SMLn,L,True
249941,000000249941.jpg,0.430738240480423,1,0.2639529407024383,bag or luggage@mix-natural,bag or luggage@large,bag or luggage,SMLn,L,True
261879,000000261879.jpg,0.3937345445156097,1,0.2639529407024383,bag or luggage@mix-natural,bag or luggage@large,bag or luggage,SMLn,L,True
264514,000000264514.jpg,0.3571982681751251,1,0.2639529407024383,bag or luggage@mix-natural,bag or luggage@large,bag or luggage,SMLn,L,True
322558,000000322558.jpg,0.3847716748714447,1,0.2639529407024383,bag or luggage@mix-natural,bag or luggage@large,bag or luggage,SMLn,L,True
354445,000000354445.jpg,0.5412957668304443,1,0.2639529407024383,bag or luggage@mix-natural,bag or luggage@large,bag or luggage,SMLn,L,True
371258,000000371258.jpg,0.6089364290237427,1,0.2639529407024383,bag or luggage@mix-natural,bag or luggage@large,bag or luggage,SMLn,L,True
388569,000000388569.jpg,0.3935105800628662,1,0.2639529407024383,bag or luggage@mix-natural,bag or luggage@large,bag or luggage,SMLn,L,True
390474,000000390474.jpg,0.4835137128829956,1,0.2639529407024383,bag or luggage@mix-natural,bag or luggage@large,bag or luggage,SMLn,L,True
396780,000000396780.jpg,0.4897055327892303,1,0.2639529407024383,bag or luggage@mix-natural,bag or luggage@large,bag or luggage,SMLn,L,True
399922,000000399922.jpg,0.4008494913578033,1,0.2639529407024383,bag or luggage@mix-natural,bag or luggage@large,bag or luggage,SMLn,L,True
402726,000000402726.jpg,0.3974251747131347,1,0.2639529407024383,bag or luggage@mix-natural,bag or luggage@large,bag or luggage,SMLn,L,True
421029,000000421029.jpg,0.458044558763504,1,0.2639529407024383,bag or luggage@mix-natural,bag or luggage@large,bag or luggage,SMLn,L,True
426040,000000426040.jpg,0.4170868396759033,1,0.2639529407024383,bag or luggage@mix-natural,bag or luggage@large,bag or luggage,SMLn,L,True
437351,000000437351.jpg,0.494359940290451,1,0.2639529407024383,bag or luggage@mix-natural,bag or luggage@large,bag or luggage,SMLn,L,True
438841,000000438841.jpg,0.4520809054374695,1,0.2639529407024383,bag or luggage@mix-natural,bag or luggage@large,bag or luggage,SMLn,L,True
438985,000000438985.jpg,0.5110248327255249,1,0.2639529407024383,bag or luggage@mix-natural,bag or luggage@large,bag or luggage,SMLn,L,True
456639,000000456639.jpg,0.3247959911823272,1,0.2639529407024383,bag or luggage@mix-natural,bag or luggage@large,bag or luggage,SMLn,L,True
495769,000000495769.jpg,0.3387008905410766,1,0.2639529407024383,bag or luggage@mix-natural,bag or luggage@large,bag or luggage,SMLn,L,True
511251,000000511251.jpg,0.5188052654266357,1,0.2639529407024383,bag or luggage@mix-natural,bag or luggage@large,bag or luggage,SMLn,L,True
516214,000000516214.jpg,0.5017036199569702,1,0.2639529407024383,bag or luggage@mix-natural,bag or luggage@large,bag or luggage,SMLn,L,True
544719,000000544719.jpg,0.4251658022403717,1,0.2639529407024383,bag or luggage@mix-natural,bag or luggage@large,bag or luggage,SMLn,L,True
18482,000000018482.jpg,0.2855028510093689,1,0.2639529407024383,bag or luggage@mix-natural,bag or luggage@medium,bag or luggage,SMLn,M,True
25628,000000025628.jpg,0.2745423913002014,1,0.2639529407024383,bag or luggage@mix-natural,bag or luggage@medium,bag or luggage,SMLn,M,True
33052,000000033052.jpg,0.2577546834945678,1,0.2639529407024383,bag or luggage@mix-natural,bag or luggage@medium|bottle@small,bag or luggage,SMLn,M,False
50980,000000050980.jpg,0.425618976354599,1,0.2639529407024383,bag or luggage@mix-natural,bag or luggage@medium,bag or luggage,SMLn,M,True
58873,000000058873.jpg,0.2788206040859222,1,0.2639529407024383,bag or luggage@mix-natural,bag or luggage@medium,bag or luggage,SMLn,M,True
64941,000000064941.jpg,0.299297958612442,1,0.2639529407024383,bag or luggage@mix-natural,bag or luggage@medium|bicycle@large,bag or luggage,SMLn,M,True
69223,000000069223.jpg,0.2286892980337143,1,0.2639529407024383,bag or luggage@mix-natural,bag or luggage@medium,bag or luggage,SMLn,M,False
85053,000000085053.jpg,0.2904937267303467,1,0.2639529407024383,bag or luggage@mix-natural,bag or luggage@medium,bag or luggage,SMLn,M,True
99817,000000099817.jpg,0.2605183720588684,1,0.2639529407024383,bag or luggage@mix-natural,bag or luggage@medium,bag or luggage,SMLn,M,False
100196,000000100196.jpg,0.2287849336862564,1,0.2639529407024383,bag or luggage@mix-natural,bag or luggage@medium,bag or luggage,SMLn,M,False
102787,000000102787.jpg,0.33123379945755,1,0.2639529407024383,bag or luggage@mix-natural,bag or luggage@medium,bag or luggage,SMLn,M,True
116166,000000116166.jpg,0.305922269821167,1,0.2639529407024383,bag or luggage@mix-natural,bag or luggage@medium,bag or luggage,SMLn,M,True
126301,000000126301.jpg,0.359283834695816,1,0.2639529407024383,bag or luggage@mix-natural,bag or luggage@medium,bag or luggage,SMLn,M,True
131580,000000131580.jpg,0.3500293493270874,1,0.2639529407024383,bag or luggage@mix-natural,bag or luggage@medium,bag or luggage,SMLn,M,True
141200,000000141200.jpg,0.4329520165920257,1,0.2639529407024383,bag or luggage@mix-natural,bag or luggage@medium|umbrella@large,bag or luggage,SMLn,M,True
149127,000000149127.jpg,0.3271756172180176,1,0.2639529407024383,bag or luggage@mix-natural,bag or luggage@medium|skis@small,bag or luggage,SMLn,M,True
191072,000000191072.jpg,0.285319983959198,1,0.2639529407024383,bag or luggage@mix-natural,bag or luggage@medium,bag or luggage,SMLn,M,True
248445,000000248445.jpg,0.2982937395572662,1,0.2639529407024383,bag or luggage@mix-natural,bag or luggage@medium,bag or luggage,SMLn,M,True
252807,000000252807.jpg,0.3305251896381378,1,0.2639529407024383,bag or luggage@mix-natural,bag or luggage@medium,bag or luggage,SMLn,M,True
301867,000000301867.jpg,0.4282514452934265,1,0.2639529407024383,bag or luggage@mix-natural,bag or luggage@medium|umbrella@large,bag or luggage,SMLn,M,True
307757,000000307757.jpg,0.3997528553009033,1,0.2639529407024383,bag or luggage@mix-natural,bag or luggage@medium,bag or luggage,SMLn,M,True
315742,000000315742.jpg,0.24253711104393,1,0.2639529407024383,bag or luggage@mix-natural,bag or luggage@medium,bag or luggage,SMLn,M,False
321753,000000321753.jpg,0.4060889184474945,1,0.2639529407024383,bag or luggage@mix-natural,bag or luggage@medium,bag or luggage,SMLn,M,True
333436,000000333436.jpg,0.4243243336677551,1,0.2639529407024383,bag or luggage@mix-natural,bag or luggage@medium|cell phone@small,bag or luggage,SMLn,M,True
359451,000000359451.jpg,0.2682787179946899,1,0.2639529407024383,bag or luggage@mix-natural,bag or luggage@medium,bag or luggage,SMLn,M,True
372833,000000372833.jpg,0.3355705440044403,1,0.2639529407024383,bag or luggage@mix-natural,bag or luggage@medium,bag or luggage,SMLn,M,True
373053,000000373053.jpg,0.3136245608329773,1,0.2639529407024383,bag or luggage@mix-natural,bag or luggage@medium,bag or luggage,SMLn,M,True
379508,000000379508.jpg,0.2539921104907989,1,0.2639529407024383,bag or luggage@mix-natural,bag or luggage@medium,bag or luggage,SMLn,M,False
380447,000000380447.jpg,0.3072975575923919,1,0.2639529407024383,bag or luggage@mix-natural,bag or luggage@medium|bicycle@large,bag or luggage,SMLn,M,True
383053,000000383053.jpg,0.3776367008686065,1,0.2639529407024383,bag or luggage@mix-natural,bag or luggage@medium|enclosed road vehicle@small,bag or luggage,SMLn,M,True
397355,000000397355.jpg,0.37154421210289,1,0.2639529407024383,bag or luggage@mix-natural,bag or luggage@medium,bag or luggage,SMLn,M,True
402794,000000402794.jpg,0.2598202526569366,1,0.2639529407024383,bag or luggage@mix-natural,bag or luggage@medium,bag or luggage,SMLn,M,False
409178,000000409178.jpg,0.2395576685667038,1,0.2639529407024383,bag or luggage@mix-natural,bag or luggage@medium|skis@large,bag or luggage,SMLn,M,False
420397,000000420397.jpg,0.3783968091011047,1,0.2639529407024383,bag or luggage@mix-natural,bag or luggage@medium,bag or luggage,SMLn,M,True
424439,000000424439.jpg,0.3736676871776581,1,0.2639529407024383,bag or luggage@mix-natural,bag or luggage@medium,bag or luggage,SMLn,M,True
429065,000000429065.jpg,0.4022890329360962,1,0.2639529407024383,bag or luggage@mix-natural,bag or luggage@medium,bag or luggage,SMLn,M,True
442321,000000442321.jpg,0.2571321427822113,1,0.2639529407024383,bag or luggage@mix-natural,bag or luggage@medium,bag or luggage,SMLn,M,False
447037,000000447037.jpg,0.3002109229564667,1,0.2639529407024383,bag or luggage@mix-natural,bag or luggage@medium|fork@small,bag or luggage,SMLn,M,True
471927,000000471927.jpg,0.5698421597480774,1,0.2639529407024383,bag or luggage@mix-natural,bag or luggage@medium,bag or luggage,SMLn,M,True
498225,000000498225.jpg,0.3169723451137543,1,0.2639529407024383,bag or luggage@mix-natural,bag or luggage@medium,bag or luggage,SMLn,M,True
511231,000000511231.jpg,0.3507209420204162,1,0.2639529407024383,bag or luggage@mix-natural,bag or luggage@medium,bag or luggage,SMLn,M,True
533800,000000533800.jpg,0.2408411502838134,1,0.2639529407024383,bag or luggage@mix-natural,bag or luggage@medium,bag or luggage,SMLn,M,False
547351,000000547351.jpg,0.3172707855701446,1,0.2639529407024383,bag or luggage@mix-natural,bag or luggage@medium|cell phone@small,bag or luggage,SMLn,M,True
557633,000000557633.jpg,0.375260978937149,1,0.2639529407024383,bag or luggage@mix-natural,bag or luggage@medium,bag or luggage,SMLn,M,True
561806,000000561806.jpg,0.3175088167190552,1,0.2639529407024383,bag or luggage@mix-natural,bag or luggage@medium,bag or luggage,SMLn,M,True
572352,000000572352.jpg,0.2603117227554321,1,0.2639529407024383,bag or luggage@mix-natural,bag or luggage@medium|tv@medium,bag or luggage,SMLn,M,False
574424,000000574424.jpg,0.2599422633647918,1,0.2639529407024383,bag or luggage@mix-natural,bag or luggage@medium,bag or luggage,SMLn,M,False
10244,000000010244.jpg,0.3212511241436004,1,0.2639529407024383,bag or luggage@mix-natural,bag or luggage@small,bag or luggage,SMLn,S,True
20640,000000020640.jpg,0.2275174856185913,1,0.2639529407024383,bag or luggage@mix-natural,bag or luggage@small,bag or luggage,SMLn,S,False
37751,000000037751.jpg,0.2532563805580139,1,0.2639529407024383,bag or luggage@mix-natural,bag or luggage@small,bag or luggage,SMLn,S,False
38411,000000038411.jpg,0.3617230653762817,1,0.2639529407024383,bag or luggage@mix-natural,bag or luggage@small,bag or luggage,SMLn,S,True
57663,000000057663.jpg,0.2995859384536743,1,0.2639529407024383,bag or luggage@mix-natural,bag or luggage@small|motorcycle@small|stop sign@medium,bag or luggage,SMLn,S,True
58569,000000058569.jpg,0.2857808768749237,1,0.2639529407024383,bag or luggage@mix-natural,bag or luggage@small,bag or luggage,SMLn,S,True
61196,000000061196.jpg,0.2378608435392379,1,0.2639529407024383,bag or luggage@mix-natural,bag or luggage@small,bag or luggage,SMLn,S,False
87649,000000087649.jpg,0.3158400654792785,1,0.2639529407024383,bag or luggage@mix-natural,bag or luggage@small,bag or luggage,SMLn,S,True
96208,000000096208.jpg,0.2433454096317291,1,0.2639529407024383,bag or luggage@mix-natural,bag or luggage@small,bag or luggage,SMLn,S,False
101369,000000101369.jpg,0.2445936650037765,1,0.2639529407024383,bag or luggage@mix-natural,bag or luggage@small|tie@medium,bag or luggage,SMLn,S,False
108701,000000108701.jpg,0.425029307603836,1,0.2639529407024383,bag or luggage@mix-natural,bag or luggage@small|motorcycle@small,bag or luggage,SMLn,S,True
116272,000000116272.jpg,0.2514517307281494,1,0.2639529407024383,bag or luggage@mix-natural,bag or luggage@small,bag or luggage,SMLn,S,False
138891,000000138891.jpg,0.3501355946063995,1,0.2639529407024383,bag or luggage@mix-natural,bag or luggage@small,bag or luggage,SMLn,S,True
143129,000000143129.jpg,0.2495822161436081,1,0.2639529407024383,bag or luggage@mix-natural,bag or luggage@small,bag or luggage,SMLn,S,False
156682,000000156682.jpg,0.2910153269767761,1,0.2639529407024383,bag or luggage@mix-natural,bag or luggage@small,bag or luggage,SMLn,S,True
193977,000000193977.jpg,0.2237140834331512,1,0.2639529407024383,bag or luggage@mix-natural,bag or luggage@small,bag or luggage,SMLn,S,False
202470,000000202470.jpg,0.3365379869937897,1,0.2639529407024383,bag or luggage@mix-natural,bag or luggage@small,bag or luggage,SMLn,S,True
220156,000000220156.jpg,0.3546043336391449,1,0.2639529407024383,bag or luggage@mix-natural,bag or luggage@small,bag or luggage,SMLn,S,True
220872,000000220872.jpg,0.3175049722194671,1,0.2639529407024383,bag or luggage@mix-natural,bag or luggage@small,bag or luggage,SMLn,S,True
225372,000000225372.jpg,0.287960946559906,1,0.2639529407024383,bag or luggage@mix-natural,bag or luggage@small,bag or luggage,SMLn,S,True
246446,000000246446.jpg,0.3824588358402252,1,0.2639529407024383,bag or luggage@mix-natural,bag or luggage@small,bag or luggage,SMLn,S,True
247692,000000247692.jpg,0.2765017449855804,1,0.2639529407024383,bag or luggage@mix-natural,bag or luggage@small,bag or luggage,SMLn,S,True
252292,000000252292.jpg,0.2983501553535461,1,0.2639529407024383,bag or luggage@mix-natural,bag or luggage@small|traffic light@medium,bag or luggage,SMLn,S,True
257566,000000257566.jpg,0.2884483933448791,1,0.2639529407024383,bag or luggage@mix-natural,bag or luggage@small,bag or luggage,SMLn,S,True
270716,000000270716.jpg,0.2007371485233307,1,0.2639529407024383,bag or luggage@mix-natural,bag or luggage@small,bag or luggage,SMLn,S,False
280354,000000280354.jpg,0.2415088266134262,1,0.2639529407024383,bag or luggage@mix-natural,bag or luggage@small,bag or luggage,SMLn,S,False
282552,000000282552.jpg,0.309900164604187,1,0.2639529407024383,bag or luggage@mix-natural,bag or luggage@small,bag or luggage,SMLn,S,True
325220,000000325220.jpg,0.355250597000122,1,0.2639529407024383,bag or luggage@mix-natural,bag or luggage@small|enclosed road vehicle@medium|traffic light@medium,bag or luggage,SMLn,S,True
340108,000000340108.jpg,0.3490002453327179,1,0.2639529407024383,bag or luggage@mix-natural,bag or luggage@small,bag or luggage,SMLn,S,True
343878,000000343878.jpg,0.2637854814529419,1,0.2639529407024383,bag or luggage@mix-natural,bag or luggage@small,bag or luggage,SMLn,S,False
352895,000000352895.jpg,0.3019916415214538,1,0.2639529407024383,bag or luggage@mix-natural,bag or luggage@small,bag or luggage,SMLn,S,True
358523,000000358523.jpg,0.2409280240535736,1,0.2639529407024383,bag or luggage@mix-natural,bag or luggage@small,bag or luggage,SMLn,S,False
388847,000000388847.jpg,0.4274559617042541,1,0.2639529407024383,bag or luggage@mix-natural,bag or luggage@small,bag or luggage,SMLn,S,True
397511,000000397511.jpg,0.342597484588623,1,0.2639529407024383,bag or luggage@mix-natural,bag or luggage@small,bag or luggage,SMLn,S,True
399476,000000399476.jpg,0.252907782793045,1,0.2639529407024383,bag or luggage@mix-natural,bag or luggage@small|bicycle@medium,bag or luggage,SMLn,S,False
406152,000000406152.jpg,0.3680177330970764,1,0.2639529407024383,bag or luggage@mix-natural,bag or luggage@small,bag or luggage,SMLn,S,True
411111,000000411111.jpg,0.3233203291893005,1,0.2639529407024383,bag or luggage@mix-natural,bag or luggage@small|stop sign@small,bag or luggage,SMLn,S,True
415723,000000415723.jpg,0.3066834807395935,1,0.2639529407024383,bag or luggage@mix-natural,bag or luggage@small,bag or luggage,SMLn,S,True
450483,000000450483.jpg,0.3128505349159241,1,0.2639529407024383,bag or luggage@mix-natural,bag or luggage@small,bag or luggage,SMLn,S,True
486070,000000486070.jpg,0.2196559011936187,1,0.2639529407024383,bag or luggage@mix-natural,bag or luggage@small|skis@small|snowboard@small,bag or luggage,SMLn,S,False
495993,000000495993.jpg,0.3107034862041473,1,0.2639529407024383,bag or luggage@mix-natural,bag or luggage@small,bag or luggage,SMLn,S,True
504878,000000504878.jpg,0.2914741039276123,1,0.2639529407024383,bag or luggage@mix-natural,bag or luggage@small,bag or luggage,SMLn,S,True
511670,000000511670.jpg,0.2364983558654785,1,0.2639529407024383,bag or luggage@mix-natural,bag or luggage@small,bag or luggage,SMLn,S,False
517326,000000517326.jpg,0.4990755617618561,1,0.2639529407024383,bag or luggage@mix-natural,bag or luggage@small,bag or luggage,SMLn,S,True
523199,000000523199.jpg,0.2377618700265884,1,0.2639529407024383,bag or luggage@mix-natural,bag or luggage@small,bag or luggage,SMLn,S,False
523816,000000523816.jpg,0.2489859610795974,1,0.2639529407024383,bag or luggage@mix-natural,bag or luggage@small,bag or luggage,SMLn,S,False
545163,000000545163.jpg,0.2510952055454254,1,0.2639529407024383,bag or luggage@mix-natural,bag or luggage@small,bag or luggage,SMLn,S,False
547308,000000547308.jpg,0.4160632789134979,1,0.2639529407024383,bag or luggage@mix-natural,bag or luggage@small,bag or luggage,SMLn,S,True
560571,000000560571.jpg,0.3849344253540039,1,0.2639529407024383,bag or luggage@mix-natural,bag or luggage@small|traffic light@medium,bag or luggage,SMLn,S,True
560997,000000560997.jpg,0.2701195776462555,1,0.2639529407024383,bag or luggage@mix-natural,bag or luggage@small,bag or luggage,SMLn,S,True
561673,000000561673.jpg,0.4547092914581299,1,0.2639529407024383,bag or luggage@mix-natural,bag or luggage@small,bag or luggage,SMLn,S,True
563653,000000563653.jpg,0.3457477688789367,1,0.2639529407024383,bag or luggage@mix-natural,bag or luggage@small,bag or luggage,SMLn,S,True
224807,000000224807.jpg,0.354334145784378,1,0.3226353973150253,bag or luggage@small,bag or luggage@large,bag or luggage,S,L,True
438985,000000438985.jpg,0.2358464151620865,1,0.3226353973150253,bag or luggage@small,bag or luggage@large,bag or luggage,S,L,False
127588,000000127588.jpg,0.3080640137195587,1,0.3226353973150253,bag or luggage@small,bag or luggage@large,bag or luggage,S,L,False
22777,000000022777.jpg,0.3038035333156585,1,0.3226353973150253,bag or luggage@small,bag or luggage@large,bag or luggage,S,L,False
264514,000000264514.jpg,0.3018892705440521,1,0.3226353973150253,bag or luggage@small,bag or luggage@large,bag or luggage,S,L,False
322558,000000322558.jpg,0.3173280358314514,1,0.3226353973150253,bag or luggage@small,bag or luggage@large,bag or luggage,S,L,False
261879,000000261879.jpg,0.2406601160764694,1,0.3226353973150253,bag or luggage@small,bag or luggage@large,bag or luggage,S,L,False
135411,000000135411.jpg,0.3168008327484131,1,0.3226353973150253,bag or luggage@small,bag or luggage@large,bag or luggage,S,L,False
137931,000000137931.jpg,0.3496957123279571,1,0.3226353973150253,bag or luggage@small,bag or luggage@large,bag or luggage,S,L,True
173217,000000173217.jpg,0.2844121754169464,1,0.3226353973150253,bag or luggage@small,bag or luggage@large,bag or luggage,S,L,False
438841,000000438841.jpg,0.2539759576320648,1,0.3226353973150253,bag or luggage@small,bag or luggage@large,bag or luggage,S,L,False
9231,000000009231.jpg,0.2953130900859833,1,0.3226353973150253,bag or luggage@small,bag or luggage@large,bag or luggage,S,L,False
123757,000000123757.jpg,0.2826015949249267,1,0.3226353973150253,bag or luggage@small,bag or luggage@large,bag or luggage,S,L,False
249941,000000249941.jpg,0.240223154425621,1,0.3226353973150253,bag or luggage@small,bag or luggage@large,bag or luggage,S,L,False
53388,000000053388.jpg,0.3011582493782043,1,0.3226353973150253,bag or luggage@small,bag or luggage@large,bag or luggage,S,L,False
426040,000000426040.jpg,0.2438235282897949,1,0.3226353973150253,bag or luggage@small,bag or luggage@large,bag or luggage,S,L,False
4576,000000004576.jpg,0.3319103717803955,1,0.3226353973150253,bag or luggage@small,bag or luggage@large,bag or luggage,S,L,True
87642,000000087642.jpg,0.2734477519989013,1,0.3226353973150253,bag or luggage@small,bag or luggage@large,bag or luggage,S,L,False
136289,000000136289.jpg,0.2970747649669647,1,0.3226353973150253,bag or luggage@small,bag or luggage@large,bag or luggage,S,L,False
544719,000000544719.jpg,0.221548318862915,1,0.3226353973150253,bag or luggage@small,bag or luggage@large,bag or luggage,S,L,False
371258,000000371258.jpg,0.261944830417633,1,0.3226353973150253,bag or luggage@small,bag or luggage@large,bag or luggage,S,L,False
456639,000000456639.jpg,0.2609212100505829,1,0.3226353973150253,bag or luggage@small,bag or luggage@large,bag or luggage,S,L,False
511251,000000511251.jpg,0.3108488321304321,1,0.3226353973150253,bag or luggage@small,bag or luggage@large,bag or luggage,S,L,False
198064,000000198064.jpg,0.2619691491127014,1,0.3226353973150253,bag or luggage@small,bag or luggage@large,bag or luggage,S,L,False
238001,000000238001.jpg,0.2714539468288421,1,0.3226353973150253,bag or luggage@small,bag or luggage@large,bag or luggage,S,L,False
354445,000000354445.jpg,0.2659663558006286,1,0.3226353973150253,bag or luggage@small,bag or luggage@large,bag or luggage,S,L,False
153380,000000153380.jpg,0.3242159187793731,1,0.3226353973150253,bag or luggage@small,bag or luggage@large,bag or luggage,S,L,True
421029,000000421029.jpg,0.3016824126243591,1,0.3226353973150253,bag or luggage@small,bag or luggage@large,bag or luggage,S,L,False
38274,000000038274.jpg,0.2409775853157043,1,0.3226353973150253,bag or luggage@small,bag or luggage@large,bag or luggage,S,L,False
21830,000000021830.jpg,0.3232550323009491,1,0.3226353973150253,bag or luggage@small,bag or luggage@large,bag or luggage,S,L,True
437351,000000437351.jpg,0.2890171408653259,1,0.3226353973150253,bag or luggage@small,bag or luggage@large,bag or luggage,S,L,False
134447,000000134447.jpg,0.3409609198570251,1,0.3226353973150253,bag or luggage@small,bag or luggage@large,bag or luggage,S,L,True
191900,000000191900.jpg,0.3781091272830963,1,0.3226353973150253,bag or luggage@small,bag or luggage@large,bag or luggage,S,L,True
396780,000000396780.jpg,0.2487429678440094,1,0.3226353973150253,bag or luggage@small,bag or luggage@large,bag or luggage,S,L,False
104487,000000104487.jpg,0.2409452199935913,1,0.3226353973150253,bag or luggage@small,bag or luggage@large,bag or luggage,S,L,False
198448,000000198448.jpg,0.2868551015853882,1,0.3226353973150253,bag or luggage@small,bag or luggage@large,bag or luggage,S,L,False
390474,000000390474.jpg,0.2192856073379516,1,0.3226353973150253,bag or luggage@small,bag or luggage@large,bag or luggage,S,L,False
32610,000000032610.jpg,0.2144473195075988,1,0.3226353973150253,bag or luggage@small,bag or luggage@large,bag or luggage,S,L,False
71295,000000071295.jpg,0.2537870109081268,1,0.3226353973150253,bag or luggage@small,bag or luggage@large,bag or luggage,S,L,False
388569,000000388569.jpg,0.247061401605606,1,0.3226353973150253,bag or luggage@small,bag or luggage@large,bag or luggage,S,L,False
140850,000000140850.jpg,0.2618687152862549,1,0.3226353973150253,bag or luggage@small,bag or luggage@large,bag or luggage,S,L,False
399922,000000399922.jpg,0.3762651085853576,1,0.3226353973150253,bag or luggage@small,bag or luggage@large,bag or luggage,S,L,True
402726,000000402726.jpg,0.3089660108089447,1,0.3226353973150253,bag or luggage@small,bag or luggage@large,bag or luggage,S,L,False
516214,000000516214.jpg,0.2272879183292389,1,0.3226353973150253,bag or luggage@small,bag or luggage@large,bag or luggage,S,L,False
495769,000000495769.jpg,0.3350929915904999,1,0.3226353973150253,bag or luggage@small,bag or luggage@large,bag or luggage,S,L,True
557633,000000557633.jpg,0.3419802188873291,1,0.3226353973150253,bag or luggage@small,bag or luggage@medium,bag or luggage,S,M,True
18482,000000018482.jpg,0.3205528855323791,1,0.3226353973150253,bag or luggage@small,bag or luggage@medium,bag or luggage,S,M,False
321753,000000321753.jpg,0.2682903409004211,1,0.3226353973150253,bag or luggage@small,bag or luggage@medium,bag or luggage,S,M,False
409178,000000409178.jpg,0.2964391708374023,1,0.3226353973150253,bag or luggage@small,bag or luggage@medium|skis@large,bag or luggage,S,M,False
85053,000000085053.jpg,0.3890334367752075,1,0.3226353973150253,bag or luggage@small,bag or luggage@medium,bag or luggage,S,M,True
64941,000000064941.jpg,0.3689830899238586,1,0.3226353973150253,bag or luggage@small,bag or luggage@medium|bicycle@large,bag or luggage,S,M,True
471927,000000471927.jpg,0.3006304204463959,1,0.3226353973150253,bag or luggage@small,bag or luggage@medium,bag or luggage,S,M,False
380447,000000380447.jpg,0.3715673983097076,1,0.3226353973150253,bag or luggage@small,bag or luggage@medium|bicycle@large,bag or luggage,S,M,True
373053,000000373053.jpg,0.3667845726013183,1,0.3226353973150253,bag or luggage@small,bag or luggage@medium,bag or luggage,S,M,True
191072,000000191072.jpg,0.3274317681789398,1,0.3226353973150253,bag or luggage@small,bag or luggage@medium,bag or luggage,S,M,True
359451,000000359451.jpg,0.4061656892299652,1,0.3226353973150253,bag or luggage@small,bag or luggage@medium,bag or luggage,S,M,True
58873,000000058873.jpg,0.2712837755680084,1,0.3226353973150253,bag or luggage@small,bag or luggage@medium,bag or luggage,S,M,False
307757,000000307757.jpg,0.2924882769584656,1,0.3226353973150253,bag or luggage@small,bag or luggage@medium,bag or luggage,S,M,False
379508,000000379508.jpg,0.2874639630317688,1,0.3226353973150253,bag or luggage@small,bag or luggage@medium,bag or luggage,S,M,False
574424,000000574424.jpg,0.2451418787240982,1,0.3226353973150253,bag or luggage@small,bag or luggage@medium,bag or luggage,S,M,False
33052,000000033052.jpg,0.2383607774972915,1,0.3226353973150253,bag or luggage@small,bag or luggage@medium|bottle@small,bag or luggage,S,M,False
498225,000000498225.jpg,0.2989030480384826,1,0.3226353973150253,bag or luggage@small,bag or luggage@medium,bag or luggage,S,M,False
141200,000000141200.jpg,0.3464483022689819,1,0.3226353973150253,bag or luggage@small,bag or luggage@medium|umbrella@large,bag or luggage,S,M,True
372833,000000372833.jpg,0.296550840139389,1,0.3226353973150253,bag or luggage@small,bag or luggage@medium,bag or luggage,S,M,False
561806,000000561806.jpg,0.3562317490577698,1,0.3226353973150253,bag or luggage@small,bag or luggage@medium,bag or luggage,S,M,True
315742,000000315742.jpg,0.2623999714851379,1,0.3226353973150253,bag or luggage@small,bag or luggage@medium,bag or luggage,S,M,False
429065,000000429065.jpg,0.3561129570007324,1,0.3226353973150253,bag or luggage@small,bag or luggage@medium,bag or luggage,S,M,True
547351,000000547351.jpg,0.3245913684368133,1,0.3226353973150253,bag or luggage@small,bag or luggage@medium|cell phone@small,bag or luggage,S,M,True
420397,000000420397.jpg,0.364612728357315,1,0.3226353973150253,bag or luggage@small,bag or luggage@medium,bag or luggage,S,M,True
99817,000000099817.jpg,0.2228263020515442,1,0.3226353973150253,bag or luggage@small,bag or luggage@medium,bag or luggage,S,M,False
131580,000000131580.jpg,0.3188837766647339,1,0.3226353973150253,bag or luggage@small,bag or luggage@medium,bag or luggage,S,M,False
301867,000000301867.jpg,0.4129119515419006,1,0.3226353973150253,bag or luggage@small,bag or luggage@medium|umbrella@large,bag or luggage,S,M,True
149127,000000149127.jpg,0.2670667469501495,1,0.3226353973150253,bag or luggage@small,bag or luggage@medium|skis@small,bag or luggage,S,M,False
383053,000000383053.jpg,0.4103073477745056,1,0.3226353973150253,bag or luggage@small,bag or luggage@medium|enclosed road vehicle@small,bag or luggage,S,M,True
69223,000000069223.jpg,0.2504404187202453,1,0.3226353973150253,bag or luggage@small,bag or luggage@medium,bag or luggage,S,M,False
126301,000000126301.jpg,0.3384599983692169,1,0.3226353973150253,bag or luggage@small,bag or luggage@medium,bag or luggage,S,M,True
447037,000000447037.jpg,0.3106650710105896,1,0.3226353973150253,bag or luggage@small,bag or luggage@medium|fork@small,bag or luggage,S,M,False
333436,000000333436.jpg,0.3454756140708923,1,0.3226353973150253,bag or luggage@small,bag or luggage@medium|cell phone@small,bag or luggage,S,M,True
248445,000000248445.jpg,0.3204679787158966,1,0.3226353973150253,bag or luggage@small,bag or luggage@medium,bag or luggage,S,M,False
100196,000000100196.jpg,0.2323200106620788,1,0.3226353973150253,bag or luggage@small,bag or luggage@medium,bag or luggage,S,M,False
116166,000000116166.jpg,0.3530935645103454,1,0.3226353973150253,bag or luggage@small,bag or luggage@medium,bag or luggage,S,M,True
25628,000000025628.jpg,0.3364248275756836,1,0.3226353973150253,bag or luggage@small,bag or luggage@medium,bag or luggage,S,M,True
511231,000000511231.jpg,0.389590710401535,1,0.3226353973150253,bag or luggage@small,bag or luggage@medium,bag or luggage,S,M,True
533800,000000533800.jpg,0.2546320855617523,1,0.3226353973150253,bag or luggage@small,bag or luggage@medium,bag or luggage,S,M,False
252807,000000252807.jpg,0.286187469959259,1,0.3226353973150253,bag or luggage@small,bag or luggage@medium,bag or luggage,S,M,False
424439,000000424439.jpg,0.3822134435176849,1,0.3226353973150253,bag or luggage@small,bag or luggage@medium,bag or luggage,S,M,True
102787,000000102787.jpg,0.3275623619556427,1,0.3226353973150253,bag or luggage@small,bag or luggage@medium,bag or luggage,S,M,True
442321,000000442321.jpg,0.3015554845333099,1,0.3226353973150253,bag or luggage@small,bag or luggage@medium,bag or luggage,S,M,False
397355,000000397355.jpg,0.2919993102550506,1,0.3226353973150253,bag or luggage@small,bag or luggage@medium,bag or luggage,S,M,False
50980,000000050980.jpg,0.2473810166120529,1,0.3226353973150253,bag or luggage@small,bag or luggage@medium,bag or luggage,S,M,False
572352,000000572352.jpg,0.2039810866117477,1,0.3226353973150253,bag or luggage@small,bag or luggage@medium|tv@medium,bag or luggage,S,M,False
402794,000000402794.jpg,0.300260066986084,1,0.3226353973150253,bag or luggage@small,bag or luggage@medium,bag or luggage,S,M,False
87649,000000087649.jpg,0.3775728344917297,1,0.3226353973150253,bag or luggage@small,bag or luggage@small,bag or luggage,S,S,True
523199,000000523199.jpg,0.2553790807723999,1,0.3226353973150253,bag or luggage@small,bag or luggage@small,bag or luggage,S,S,False
143129,000000143129.jpg,0.2900671362876892,1,0.3226353973150253,bag or luggage@small,bag or luggage@small,bag or luggage,S,S,False
246446,000000246446.jpg,0.4130060374736786,1,0.3226353973150253,bag or luggage@small,bag or luggage@small,bag or luggage,S,S,True
397511,000000397511.jpg,0.3100192546844482,1,0.3226353973150253,bag or luggage@small,bag or luggage@small,bag or luggage,S,S,False
406152,000000406152.jpg,0.2651879489421844,1,0.3226353973150253,bag or luggage@small,bag or luggage@small,bag or luggage,S,S,False
38411,000000038411.jpg,0.302774965763092,1,0.3226353973150253,bag or luggage@small,bag or luggage@small,bag or luggage,S,S,False
547308,000000547308.jpg,0.3152362406253814,1,0.3226353973150253,bag or luggage@small,bag or luggage@small,bag or luggage,S,S,False
388847,000000388847.jpg,0.3534477651119232,1,0.3226353973150253,bag or luggage@small,bag or luggage@small,bag or luggage,S,S,True
560571,000000560571.jpg,0.4592381715774536,1,0.3226353973150253,bag or luggage@small,bag or luggage@small|traffic light@medium,bag or luggage,S,S,True
220872,000000220872.jpg,0.3494491279125213,1,0.3226353973150253,bag or luggage@small,bag or luggage@small,bag or luggage,S,S,True
20640,000000020640.jpg,0.2787273228168487,1,0.3226353973150253,bag or luggage@small,bag or luggage@small,bag or luggage,S,S,False
563653,000000563653.jpg,0.2575368285179138,1,0.3226353973150253,bag or luggage@small,bag or luggage@small,bag or luggage,S,S,False
495993,000000495993.jpg,0.3129614591598511,1,0.3226353973150253,bag or luggage@small,bag or luggage@small,bag or luggage,S,S,False
270716,000000270716.jpg,0.2806368470191955,1,0.3226353973150253,bag or luggage@small,bag or luggage@small,bag or luggage,S,S,False
504878,000000504878.jpg,0.2441897094249725,1,0.3226353973150253,bag or luggage@small,bag or luggage@small,bag or luggage,S,S,False
486070,000000486070.jpg,0.2910878956317901,1,0.3226353973150253,bag or luggage@small,bag or luggage@small|skis@small|snowboard@small,bag or luggage,S,S,False
415723,000000415723.jpg,0.3535560667514801,1,0.3226353973150253,bag or luggage@small,bag or luggage@small,bag or luggage,S,S,True
61196,000000061196.jpg,0.2760107219219208,1,0.3226353973150253,bag or luggage@small,bag or luggage@small,bag or luggage,S,S,False
96208,000000096208.jpg,0.2619943022727966,1,0.3226353973150253,bag or luggage@small,bag or luggage@small,bag or luggage,S,S,False
193977,000000193977.jpg,0.2608484625816345,1,0.3226353973150253,bag or luggage@small,bag or luggage@small,bag or luggage,S,S,False
325220,000000325220.jpg,0.3211783468723297,1,0.3226353973150253,bag or luggage@small,bag or luggage@small|enclosed road vehicle@medium|traffic light@medium,bag or luggage,S,S,False
511670,000000511670.jpg,0.313618004322052,1,0.3226353973150253,bag or luggage@small,bag or luggage@small,bag or luggage,S,S,False
340108,000000340108.jpg,0.3290193378925323,1,0.3226353973150253,bag or luggage@small,bag or luggage@small,bag or luggage,S,S,True
108701,000000108701.jpg,0.3442118167877197,1,0.3226353973150253,bag or luggage@small,bag or luggage@small|motorcycle@small,bag or luggage,S,S,True
57663,000000057663.jpg,0.3118121027946472,1,0.3226353973150253,bag or luggage@small,bag or luggage@small|motorcycle@small|stop sign@medium,bag or luggage,S,S,False
352895,000000352895.jpg,0.316696435213089,1,0.3226353973150253,bag or luggage@small,bag or luggage@small,bag or luggage,S,S,False
399476,000000399476.jpg,0.3296664655208587,1,0.3226353973150253,bag or luggage@small,bag or luggage@small|bicycle@medium,bag or luggage,S,S,True
450483,000000450483.jpg,0.3690003752708435,1,0.3226353973150253,bag or luggage@small,bag or luggage@small,bag or luggage,S,S,True
101369,000000101369.jpg,0.2664026021957397,1,0.3226353973150253,bag or luggage@small,bag or luggage@small|tie@medium,bag or luggage,S,S,False
116272,000000116272.jpg,0.3061085641384125,1,0.3226353973150253,bag or luggage@small,bag or luggage@small,bag or luggage,S,S,False
561673,000000561673.jpg,0.3294984102249145,1,0.3226353973150253,bag or luggage@small,bag or luggage@small,bag or luggage,S,S,True
225372,000000225372.jpg,0.405740737915039,1,0.3226353973150253,bag or luggage@small,bag or luggage@small,bag or luggage,S,S,True
282552,000000282552.jpg,0.3285224437713623,1,0.3226353973150253,bag or luggage@small,bag or luggage@small,bag or luggage,S,S,True
202470,000000202470.jpg,0.3099246025085449,1,0.3226353973150253,bag or luggage@small,bag or luggage@small,bag or luggage,S,S,False
10244,000000010244.jpg,0.2830792367458343,1,0.3226353973150253,bag or luggage@small,bag or luggage@small,bag or luggage,S,S,False
358523,000000358523.jpg,0.2587049305438995,1,0.3226353973150253,bag or luggage@small,bag or luggage@small,bag or luggage,S,S,False
138891,000000138891.jpg,0.4006652534008026,1,0.3226353973150253,bag or luggage@small,bag or luggage@small,bag or luggage,S,S,True
247692,000000247692.jpg,0.3515191972255707,1,0.3226353973150253,bag or luggage@small,bag or luggage@small,bag or luggage,S,S,True
257566,000000257566.jpg,0.3845505118370056,1,0.3226353973150253,bag or luggage@small,bag or luggage@small,bag or luggage,S,S,True
280354,000000280354.jpg,0.3139662146568298,1,0.3226353973150253,bag or luggage@small,bag or luggage@small,bag or luggage,S,S,False
523816,000000523816.jpg,0.330984354019165,1,0.3226353973150253,bag or luggage@small,bag or luggage@small,bag or luggage,S,S,True
517326,000000517326.jpg,0.3308455944061279,1,0.3226353973150253,bag or luggage@small,bag or luggage@small,bag or luggage,S,S,True
252292,000000252292.jpg,0.3239531815052032,1,0.3226353973150253,bag or luggage@small,bag or luggage@small|traffic light@medium,bag or luggage,S,S,True
560997,000000560997.jpg,0.3340982496738434,1,0.3226353973150253,bag or luggage@small,bag or luggage@small,bag or luggage,S,S,True
220156,000000220156.jpg,0.3103185296058655,1,0.3226353973150253,bag or luggage@small,bag or luggage@small,bag or luggage,S,S,False
343878,000000343878.jpg,0.3845133185386657,1,0.3226353973150253,bag or luggage@small,bag or luggage@small,bag or luggage,S,S,True
58569,000000058569.jpg,0.3650412261486053,1,0.3226353973150253,bag or luggage@small,bag or luggage@small,bag or luggage,S,S,True
156682,000000156682.jpg,0.3699822127819061,1,0.3226353973150253,bag or luggage@small,bag or luggage@small,bag or luggage,S,S,True
37751,000000037751.jpg,0.3078188300132751,1,0.3226353973150253,bag or luggage@small,bag or luggage@small,bag or luggage,S,S,False
545163,000000545163.jpg,0.264022022485733,1,0.3226353973150253,bag or luggage@small,bag or luggage@small,bag or luggage,S,S,False
411111,000000411111.jpg,0.3965453803539276,1,0.3226353973150253,bag or luggage@small,bag or luggage@small|stop sign@small,bag or luggage,S,S,True
185545,000000185545.jpg,0.4251613914966583,1,0.2859362959861755,fire hydrant@large,fire hydrant@large,fire hydrant,L,L,True
400936,000000400936.jpg,0.6268560886383057,1,0.2859362959861755,fire hydrant@large,fire hydrant@large,fire hydrant,L,L,True
79298,000000079298.jpg,0.5847662687301636,1,0.2859362959861755,fire hydrant@large,fire hydrant@large,fire hydrant,L,L,True
558541,000000558541.jpg,0.6839931011199951,1,0.2859362959861755,fire hydrant@large,fire hydrant@large,fire hydrant,L,L,True
20825,000000020825.jpg,0.7027988433837891,1,0.2859362959861755,fire hydrant@large,fire hydrant@large,fire hydrant,L,L,True
333826,000000333826.jpg,0.6677874326705933,1,0.2859362959861755,fire hydrant@large,fire hydrant@large,fire hydrant,L,L,True
29671,000000029671.jpg,0.5421000123023987,1,0.2859362959861755,fire hydrant@large,fire hydrant@large,fire hydrant,L,L,True
379464,000000379464.jpg,0.3097025752067566,1,0.2859362959861755,fire hydrant@large,fire hydrant@large,fire hydrant,L,L,True
177419,000000177419.jpg,0.7002919316291809,1,0.2859362959861755,fire hydrant@large,fire hydrant@large,fire hydrant,L,L,True
322975,000000322975.jpg,0.7094963192939758,1,0.2859362959861755,fire hydrant@large,fire hydrant@large,fire hydrant,L,L,True
503250,000000503250.jpg,0.686692476272583,1,0.2859362959861755,fire hydrant@large,fire hydrant@large,fire hydrant,L,L,True
312367,000000312367.jpg,0.6802867650985718,1,0.2859362959861755,fire hydrant@large,fire hydrant@large,fire hydrant,L,L,True
117289,000000117289.jpg,0.7240868806838989,1,0.2859362959861755,fire hydrant@large,fire hydrant@large,fire hydrant,L,L,True
528731,000000528731.jpg,0.6008996963500977,1,0.2859362959861755,fire hydrant@large,fire hydrant@large,fire hydrant,L,L,True
386958,000000386958.jpg,0.6309055685997009,1,0.2859362959861755,fire hydrant@large,fire hydrant@large,fire hydrant,L,L,True
125524,000000125524.jpg,0.6036643385887146,1,0.2859362959861755,fire hydrant@large,fire hydrant@large,fire hydrant,L,L,True
16805,000000016805.jpg,0.7051224708557129,1,0.2859362959861755,fire hydrant@large,fire hydrant@large,fire hydrant,L,L,True
35105,000000035105.jpg,0.611202597618103,1,0.2859362959861755,fire hydrant@large,fire hydrant@large,fire hydrant,L,L,True
465049,000000465049.jpg,0.5663892030715942,1,0.2859362959861755,fire hydrant@large,fire hydrant@large,fire hydrant,L,L,True
46162,000000046162.jpg,0.3972439169883728,1,0.2859362959861755,fire hydrant@large,fire hydrant@large,fire hydrant,L,L,True
215803,000000215803.jpg,0.681368887424469,1,0.2859362959861755,fire hydrant@large,fire hydrant@large,fire hydrant,L,L,True
479195,000000479195.jpg,0.6839911341667175,1,0.2859362959861755,fire hydrant@large,fire hydrant@large,fire hydrant,L,L,True
537540,000000537540.jpg,0.5083346962928772,1,0.2859362959861755,fire hydrant@large,fire hydrant@large,fire hydrant,L,L,True
405999,000000405999.jpg,0.6949768662452698,1,0.2859362959861755,fire hydrant@large,fire hydrant@large,fire hydrant,L,L,True
318224,000000318224.jpg,0.6338674426078796,1,0.2859362959861755,fire hydrant@large,fire hydrant@large,fire hydrant,L,L,True
165713,000000165713.jpg,0.6087815761566162,1,0.2859362959861755,fire hydrant@large,fire hydrant@large,fire hydrant,L,L,True
431573,000000431573.jpg,0.7145716547966003,1,0.2859362959861755,fire hydrant@large,fire hydrant@large,fire hydrant,L,L,True
193717,000000193717.jpg,0.6984288096427917,1,0.2859362959861755,fire hydrant@large,fire hydrant@large,fire hydrant,L,L,True
471350,000000471350.jpg,0.6507091522216797,1,0.2859362959861755,fire hydrant@large,bus@medium|fire hydrant@large,fire hydrant,L,L,True
123777,000000123777.jpg,0.7100734114646912,1,0.2859362959861755,fire hydrant@large,fire hydrant@large,fire hydrant,L,L,True
13352,000000013352.jpg,0.68587726354599,1,0.2859362959861755,fire hydrant@large,fire hydrant@large,fire hydrant,L,L,True
485113,000000485113.jpg,0.6531960964202881,1,0.2859362959861755,fire hydrant@large,fire hydrant@large,fire hydrant,L,L,True
310978,000000310978.jpg,0.5701807737350464,1,0.2859362959861755,fire hydrant@large,fire hydrant@large,fire hydrant,L,L,True
427956,000000427956.jpg,0.6988691687583923,1,0.2859362959861755,fire hydrant@large,fire hydrant@large,fire hydrant,L,L,True
89395,000000089395.jpg,0.4424128532409668,1,0.2859362959861755,fire hydrant@large,fire hydrant@large,fire hydrant,L,L,True
29648,000000029648.jpg,0.7129308581352234,1,0.2859362959861755,fire hydrant@large,fire hydrant@large,fire hydrant,L,L,True
1496,000000001496.jpg,0.7050990462303162,1,0.2859362959861755,fire hydrant@large,fire hydrant@large,fire hydrant,L,L,True
943,000000000943.jpg,0.4343816339969635,1,0.2859362959861755,fire hydrant@large,fire hydrant@large,fire hydrant,L,L,True
126907,000000126907.jpg,0.6228373050689697,1,0.2859362959861755,fire hydrant@large,fire hydrant@large,fire hydrant,L,L,True
14128,000000014128.jpg,0.4679846465587616,1,0.2859362959861755,fire hydrant@large,fire hydrant@large,fire hydrant,L,L,True
469721,000000469721.jpg,0.4421473443508148,1,0.2859362959861755,fire hydrant@large,fire hydrant@large,fire hydrant,L,L,True
9975,000000009975.jpg,0.7168816924095154,1,0.2859362959861755,fire hydrant@large,fire hydrant@large,fire hydrant,L,L,True
269784,000000269784.jpg,0.4053106307983398,1,0.2859362959861755,fire hydrant@large,fire hydrant@large,fire hydrant,L,L,True
307272,000000307272.jpg,0.6810925602912903,1,0.2859362959861755,fire hydrant@large,fire hydrant@large,fire hydrant,L,L,True
531970,000000531970.jpg,0.6206087470054626,1,0.2859362959861755,fire hydrant@large,fire hydrant@large,fire hydrant,L,L,True
336040,000000336040.jpg,0.6951762437820435,1,0.2859362959861755,fire hydrant@large,fire hydrant@large,fire hydrant,L,L,True
332113,000000332113.jpg,0.6797822713851929,1,0.2859362959861755,fire hydrant@large,fire hydrant@large,fire hydrant,L,L,True
344236,000000344236.jpg,0.604052722454071,1,0.2859362959861755,fire hydrant@large,fire hydrant@large,fire hydrant,L,L,True
307359,000000307359.jpg,0.5579137206077576,1,0.2859362959861755,fire hydrant@large,fire hydrant@large,fire hydrant,L,L,True
346668,000000346668.jpg,0.4752147197723388,1,0.2859362959861755,fire hydrant@large,fire hydrant@large,fire hydrant,L,L,True
333321,000000333321.jpg,0.3339775800704956,1,0.2859362959861755,fire hydrant@large,fire hydrant@medium,fire hydrant,L,M,True
400860,000000400860.jpg,0.3324805498123169,1,0.2859362959861755,fire hydrant@large,fire hydrant@medium,fire hydrant,L,M,True
88848,000000088848.jpg,0.6433829665184021,1,0.2859362959861755,fire hydrant@large,fire hydrant@medium,fire hydrant,L,M,True
462676,000000462676.jpg,0.275446742773056,1,0.2859362959861755,fire hydrant@large,fire hydrant@medium,fire hydrant,L,M,False
44341,000000044341.jpg,0.5387710332870483,1,0.2859362959861755,fire hydrant@large,fire hydrant@medium,fire hydrant,L,M,True
317087,000000317087.jpg,0.3815963864326477,1,0.2859362959861755,fire hydrant@large,fire hydrant@medium,fire hydrant,L,M,True
158359,000000158359.jpg,0.379227876663208,1,0.2859362959861755,fire hydrant@large,fire hydrant@medium,fire hydrant,L,M,True
451014,000000451014.jpg,0.6630846261978149,1,0.2859362959861755,fire hydrant@large,fire hydrant@medium,fire hydrant,L,M,True
455435,000000455435.jpg,0.4105596840381622,1,0.2859362959861755,fire hydrant@large,fire hydrant@medium,fire hydrant,L,M,True
398177,000000398177.jpg,0.4594656527042389,1,0.2859362959861755,fire hydrant@large,fire hydrant@medium,fire hydrant,L,M,True
5336,000000005336.jpg,0.2809548377990722,1,0.2859362959861755,fire hydrant@large,fire hydrant@medium,fire hydrant,L,M,False
117536,000000117536.jpg,0.3487726747989654,1,0.2859362959861755,fire hydrant@large,fire hydrant@medium,fire hydrant,L,M,True
268372,000000268372.jpg,0.4319597482681274,1,0.2859362959861755,fire hydrant@large,fire hydrant@medium,fire hydrant,L,M,True
87481,000000087481.jpg,0.316124677658081,1,0.2859362959861755,fire hydrant@large,fire hydrant@medium,fire hydrant,L,M,True
565217,000000565217.jpg,0.285808801651001,1,0.2859362959861755,fire hydrant@large,fire hydrant@medium,fire hydrant,L,M,False
124786,000000124786.jpg,0.5375223159790039,1,0.2859362959861755,fire hydrant@large,fire hydrant@medium,fire hydrant,L,M,True
235466,000000235466.jpg,0.2859203815460205,1,0.2859362959861755,fire hydrant@large,fire hydrant@medium,fire hydrant,L,M,False
315195,000000315195.jpg,0.4722781777381897,1,0.2859362959861755,fire hydrant@large,fire hydrant@medium,fire hydrant,L,M,True
523564,000000523564.jpg,0.2231987714767456,1,0.2859362959861755,fire hydrant@large,fire hydrant@medium,fire hydrant,L,M,False
261151,000000261151.jpg,0.2437013238668441,1,0.2859362959861755,fire hydrant@large,fire hydrant@medium,fire hydrant,L,M,False
218508,000000218508.jpg,0.325319230556488,1,0.2859362959861755,fire hydrant@large,fire hydrant@medium,fire hydrant,L,M,True
366385,000000366385.jpg,0.2534985244274139,1,0.2859362959861755,fire hydrant@large,fire hydrant@medium,fire hydrant,L,M,False
274736,000000274736.jpg,0.3751727640628814,1,0.2859362959861755,fire hydrant@large,fire hydrant@medium|motorcycle@large,fire hydrant,L,M,True
218379,000000218379.jpg,0.3238389790058136,1,0.2859362959861755,fire hydrant@large,bench@medium|fire hydrant@medium,fire hydrant,L,M,True
17183,000000017183.jpg,0.4266543984413147,1,0.2859362959861755,fire hydrant@large,fire hydrant@medium,fire hydrant,L,M,True
301432,000000301432.jpg,0.5697140097618103,1,0.2859362959861755,fire hydrant@large,fire hydrant@medium,fire hydrant,L,M,True
406103,000000406103.jpg,0.2430621087551117,1,0.2859362959861755,fire hydrant@large,fire hydrant@medium,fire hydrant,L,M,False
111280,000000111280.jpg,0.4466053545475006,1,0.2859362959861755,fire hydrant@large,fire hydrant@medium,fire hydrant,L,M,True
405209,000000405209.jpg,0.4162375330924988,1,0.2859362959861755,fire hydrant@large,fire hydrant@medium,fire hydrant,L,M,True
350825,000000350825.jpg,0.3476632535457611,1,0.2859362959861755,fire hydrant@large,fire hydrant@medium,fire hydrant,L,M,True
293668,000000293668.jpg,0.391368567943573,1,0.2859362959861755,fire hydrant@large,fire hydrant@medium,fire hydrant,L,M,True
531575,000000531575.jpg,0.2956864833831787,1,0.2859362959861755,fire hydrant@large,fire hydrant@medium,fire hydrant,L,M,True
336492,000000336492.jpg,0.3037011623382568,1,0.2859362959861755,fire hydrant@large,fire hydrant@medium,fire hydrant,L,M,True
310472,000000310472.jpg,0.5854635834693909,1,0.2859362959861755,fire hydrant@large,fire hydrant@medium,fire hydrant,L,M,True
263098,000000263098.jpg,0.2174859791994094,1,0.2859362959861755,fire hydrant@large,fire hydrant@medium,fire hydrant,L,M,False
320333,000000320333.jpg,0.3274408876895904,1,0.2859362959861755,fire hydrant@large,fire hydrant@medium,fire hydrant,L,M,True
43353,000000043353.jpg,0.3471562266349792,1,0.2859362959861755,fire hydrant@large,fire hydrant@medium,fire hydrant,L,M,True
501667,000000501667.jpg,0.5267312526702881,1,0.2859362959861755,fire hydrant@large,fire hydrant@medium,fire hydrant,L,M,True
300177,000000300177.jpg,0.6876408457756042,1,0.2859362959861755,fire hydrant@large,fire hydrant@medium,fire hydrant,L,M,True
569495,000000569495.jpg,0.3656679391860962,1,0.2859362959861755,fire hydrant@large,fire hydrant@medium,fire hydrant,L,M,True
409374,000000409374.jpg,0.3737105131149292,1,0.2859362959861755,fire hydrant@large,fire hydrant@medium,fire hydrant,L,M,True
180329,000000180329.jpg,0.3382981419563293,1,0.2859362959861755,fire hydrant@large,fire hydrant@medium,fire hydrant,L,M,True
147505,000000147505.jpg,0.473669171333313,1,0.2859362959861755,fire hydrant@large,fire hydrant@medium,fire hydrant,L,M,True
521739,000000521739.jpg,0.3944953978061676,1,0.2859362959861755,fire hydrant@large,fire hydrant@medium,fire hydrant,L,M,True
338826,000000338826.jpg,0.3312533795833587,1,0.2859362959861755,fire hydrant@large,fire hydrant@small,fire hydrant,L,S,True
24629,000000024629.jpg,0.2983919978141784,1,0.2859362959861755,fire hydrant@large,fire hydrant@small,fire hydrant,L,S,True
293215,000000293215.jpg,0.2532802224159241,1,0.2859362959861755,fire hydrant@large,fire hydrant@small,fire hydrant,L,S,False
18090,000000018090.jpg,0.2424240708351135,1,0.2859362959861755,fire hydrant@large,fire hydrant@small,fire hydrant,L,S,False
414133,000000414133.jpg,0.2877357304096222,1,0.2859362959861755,fire hydrant@large,fire hydrant@small,fire hydrant,L,S,True
559484,000000559484.jpg,0.3508607149124145,1,0.2859362959861755,fire hydrant@large,fire hydrant@small,fire hydrant,L,S,True
113880,000000113880.jpg,0.2343929558992386,1,0.2859362959861755,fire hydrant@large,fire hydrant@small|motorcycle@medium,fire hydrant,L,S,False
315696,000000315696.jpg,0.2325439453125,1,0.2859362959861755,fire hydrant@large,fire hydrant@small|vase or potted plant@small,fire hydrant,L,S,False
521059,000000521059.jpg,0.2853841483592987,1,0.2859362959861755,fire hydrant@large,fire hydrant@small,fire hydrant,L,S,False
523002,000000523002.jpg,0.2834886014461517,1,0.2859362959861755,fire hydrant@large,fire hydrant@small,fire hydrant,L,S,False
406205,000000406205.jpg,0.2574365735054016,1,0.2859362959861755,fire hydrant@large,fire hydrant@small,fire hydrant,L,S,False
529041,000000529041.jpg,0.4312611520290375,1,0.2859362959861755,fire hydrant@large,fire hydrant@small,fire hydrant,L,S,True
61992,000000061992.jpg,0.2374130338430404,1,0.2859362959861755,fire hydrant@large,fire hydrant@small,fire hydrant,L,S,False
534702,000000534702.jpg,0.2209853678941726,1,0.2859362959861755,fire hydrant@large,fire hydrant@small,fire hydrant,L,S,False
217156,000000217156.jpg,0.2390942722558975,1,0.2859362959861755,fire hydrant@large,fire hydrant@small,fire hydrant,L,S,False
556666,000000556666.jpg,0.1861233115196228,1,0.2859362959861755,fire hydrant@large,fire hydrant@small,fire hydrant,L,S,False
27756,000000027756.jpg,0.2771871089935303,1,0.2859362959861755,fire hydrant@large,fire hydrant@small,fire hydrant,L,S,False
43625,000000043625.jpg,0.275392085313797,1,0.2859362959861755,fire hydrant@large,fire hydrant@small,fire hydrant,L,S,False
251741,000000251741.jpg,0.2573307752609253,1,0.2859362959861755,fire hydrant@large,fire hydrant@small,fire hydrant,L,S,False
347865,000000347865.jpg,0.2498766183853149,1,0.2859362959861755,fire hydrant@large,fire hydrant@small,fire hydrant,L,S,False
547280,000000547280.jpg,0.2455687820911407,1,0.2859362959861755,fire hydrant@large,fire hydrant@small,fire hydrant,L,S,False
269038,000000269038.jpg,0.2634521126747131,1,0.2859362959861755,fire hydrant@large,fire hydrant@small,fire hydrant,L,S,False
571182,000000571182.jpg,0.2776965200901031,1,0.2859362959861755,fire hydrant@large,fire hydrant@small,fire hydrant,L,S,False
295328,000000295328.jpg,0.2976331114768982,1,0.2859362959861755,fire hydrant@large,enclosed road vehicle@large|fire hydrant@small,fire hydrant,L,S,True
337083,000000337083.jpg,0.257380723953247,1,0.2859362959861755,fire hydrant@large,fire hydrant@small|stop sign@small,fire hydrant,L,S,False
241407,000000241407.jpg,0.2842083871364593,1,0.2859362959861755,fire hydrant@large,fire hydrant@small,fire hydrant,L,S,False
27777,000000027777.jpg,0.2692670524120331,1,0.2859362959861755,fire hydrant@large,fire hydrant@small,fire hydrant,L,S,False
264396,000000264396.jpg,0.2228730022907257,1,0.2859362959861755,fire hydrant@large,fire hydrant@small,fire hydrant,L,S,False
162692,000000162692.jpg,0.351416528224945,1,0.2859362959861755,fire hydrant@large,fire hydrant@small,fire hydrant,L,S,True
113333,000000113333.jpg,0.2248360365629196,1,0.2859362959861755,fire hydrant@large,fire hydrant@small,fire hydrant,L,S,False
31604,000000031604.jpg,0.2665713727474212,1,0.2859362959861755,fire hydrant@large,fire hydrant@small,fire hydrant,L,S,False
139428,000000139428.jpg,0.2965539991855621,1,0.2859362959861755,fire hydrant@large,fire hydrant@small,fire hydrant,L,S,True
534791,000000534791.jpg,0.2124096602201461,1,0.2859362959861755,fire hydrant@large,fire hydrant@small,fire hydrant,L,S,False
90237,000000090237.jpg,0.2518135905265808,1,0.2859362959861755,fire hydrant@large,fire hydrant@small,fire hydrant,L,S,False
310703,000000310703.jpg,0.2625058591365814,1,0.2859362959861755,fire hydrant@large,fire hydrant@small,fire hydrant,L,S,False
86393,000000086393.jpg,0.2453612834215164,1,0.2859362959861755,fire hydrant@large,fire hydrant@small,fire hydrant,L,S,False
326428,000000326428.jpg,0.3508327901363373,1,0.2859362959861755,fire hydrant@large,fire hydrant@small,fire hydrant,L,S,True
429353,000000429353.jpg,0.2180608659982681,1,0.2859362959861755,fire hydrant@large,fire hydrant@small,fire hydrant,L,S,False
183330,000000183330.jpg,0.317718356847763,1,0.2859362959861755,fire hydrant@large,fire hydrant@small,fire hydrant,L,S,True
3134,000000003134.jpg,0.2776356041431427,1,0.2859362959861755,fire hydrant@large,fire hydrant@small,fire hydrant,L,S,False
212011,000000212011.jpg,0.2618081271648407,1,0.2859362959861755,fire hydrant@large,fire hydrant@small,fire hydrant,L,S,False
349363,000000349363.jpg,0.2327336966991424,1,0.2859362959861755,fire hydrant@large,fire hydrant@small,fire hydrant,L,S,False
87743,000000087743.jpg,0.2287966012954712,1,0.2859362959861755,fire hydrant@large,fire hydrant@small,fire hydrant,L,S,False
572604,000000572604.jpg,0.2852022349834442,1,0.2859362959861755,fire hydrant@large,fire hydrant@small,fire hydrant,L,S,False
510430,000000510430.jpg,0.3052765727043152,1,0.2859362959861755,fire hydrant@large,fire hydrant@small,fire hydrant,L,S,True
548662,000000548662.jpg,0.2239249944686889,1,0.2859362959861755,fire hydrant@large,fire hydrant@small,fire hydrant,L,S,False
231889,000000231889.jpg,0.2099698930978775,1,0.2859362959861755,fire hydrant@large,fire hydrant@small,fire hydrant,L,S,False
133183,000000133183.jpg,0.2473746240139007,1,0.2859362959861755,fire hydrant@large,fire hydrant@small,fire hydrant,L,S,False
185555,000000185555.jpg,0.3971422910690307,1,0.2859362959861755,fire hydrant@large,fire hydrant@small,fire hydrant,L,S,True
440298,000000440298.jpg,0.3173460662364959,1,0.2859362959861755,fire hydrant@large,fire hydrant@small,fire hydrant,L,S,True
537355,000000537355.jpg,0.3780952394008636,1,0.2859362959861755,fire hydrant@large,fire hydrant@small,fire hydrant,L,S,True
140630,000000140630.jpg,0.2523175776004791,1,0.2859362959861755,fire hydrant@large,fire hydrant@small,fire hydrant,L,S,False
85004,000000085004.jpg,0.3314043879508972,1,0.2859362959861755,fire hydrant@large,fire hydrant@small,fire hydrant,L,S,True
137778,000000137778.jpg,0.2357616275548935,1,0.2859362959861755,fire hydrant@large,fire hydrant@small,fire hydrant,L,S,False
185545,000000185545.jpg,0.4125524461269378,1,0.2517839670181274,fire hydrant@medium,fire hydrant@large,fire hydrant,M,L,True
400936,000000400936.jpg,0.5574399828910828,1,0.2517839670181274,fire hydrant@medium,fire hydrant@large,fire hydrant,M,L,True
79298,000000079298.jpg,0.4595159888267517,1,0.2517839670181274,fire hydrant@medium,fire hydrant@large,fire hydrant,M,L,True
558541,000000558541.jpg,0.5737674832344055,1,0.2517839670181274,fire hydrant@medium,fire hydrant@large,fire hydrant,M,L,True
20825,000000020825.jpg,0.6250477433204651,1,0.2517839670181274,fire hydrant@medium,fire hydrant@large,fire hydrant,M,L,True
333826,000000333826.jpg,0.5813461542129517,1,0.2517839670181274,fire hydrant@medium,fire hydrant@large,fire hydrant,M,L,True
29671,000000029671.jpg,0.4184688925743103,1,0.2517839670181274,fire hydrant@medium,fire hydrant@large,fire hydrant,M,L,True
379464,000000379464.jpg,0.404781699180603,1,0.2517839670181274,fire hydrant@medium,fire hydrant@large,fire hydrant,M,L,True
177419,000000177419.jpg,0.5869303345680237,1,0.2517839670181274,fire hydrant@medium,fire hydrant@large,fire hydrant,M,L,True
322975,000000322975.jpg,0.6351978182792664,1,0.2517839670181274,fire hydrant@medium,fire hydrant@large,fire hydrant,M,L,True
503250,000000503250.jpg,0.5397526621818542,1,0.2517839670181274,fire hydrant@medium,fire hydrant@large,fire hydrant,M,L,True
312367,000000312367.jpg,0.5710339546203613,1,0.2517839670181274,fire hydrant@medium,fire hydrant@large,fire hydrant,M,L,True
117289,000000117289.jpg,0.6322086453437805,1,0.2517839670181274,fire hydrant@medium,fire hydrant@large,fire hydrant,M,L,True
528731,000000528731.jpg,0.6052957773208618,1,0.2517839670181274,fire hydrant@medium,fire hydrant@large,fire hydrant,M,L,True
386958,000000386958.jpg,0.5097044706344604,1,0.2517839670181274,fire hydrant@medium,fire hydrant@large,fire hydrant,M,L,True
125524,000000125524.jpg,0.4972714781761169,1,0.2517839670181274,fire hydrant@medium,fire hydrant@large,fire hydrant,M,L,True
16805,000000016805.jpg,0.648331880569458,1,0.2517839670181274,fire hydrant@medium,fire hydrant@large,fire hydrant,M,L,True
35105,000000035105.jpg,0.6301789283752441,1,0.2517839670181274,fire hydrant@medium,fire hydrant@large,fire hydrant,M,L,True
465049,000000465049.jpg,0.4379505515098572,1,0.2517839670181274,fire hydrant@medium,fire hydrant@large,fire hydrant,M,L,True
46162,000000046162.jpg,0.4303973615169525,1,0.2517839670181274,fire hydrant@medium,fire hydrant@large,fire hydrant,M,L,True
215803,000000215803.jpg,0.5137660503387451,1,0.2517839670181274,fire hydrant@medium,fire hydrant@large,fire hydrant,M,L,True
479195,000000479195.jpg,0.5983472466468811,1,0.2517839670181274,fire hydrant@medium,fire hydrant@large,fire hydrant,M,L,True
537540,000000537540.jpg,0.4464189708232879,1,0.2517839670181274,fire hydrant@medium,fire hydrant@large,fire hydrant,M,L,True
405999,000000405999.jpg,0.5429957509040833,1,0.2517839670181274,fire hydrant@medium,fire hydrant@large,fire hydrant,M,L,True
318224,000000318224.jpg,0.5667529702186584,1,0.2517839670181274,fire hydrant@medium,fire hydrant@large,fire hydrant,M,L,True
165713,000000165713.jpg,0.5108633637428284,1,0.2517839670181274,fire hydrant@medium,fire hydrant@large,fire hydrant,M,L,True
431573,000000431573.jpg,0.6178233623504639,1,0.2517839670181274,fire hydrant@medium,fire hydrant@large,fire hydrant,M,L,True
193717,000000193717.jpg,0.6366276144981384,1,0.2517839670181274,fire hydrant@medium,fire hydrant@large,fire hydrant,M,L,True
471350,000000471350.jpg,0.6293339729309082,1,0.2517839670181274,fire hydrant@medium,bus@medium|fire hydrant@large,fire hydrant,M,L,True
123777,000000123777.jpg,0.6223877668380737,1,0.2517839670181274,fire hydrant@medium,fire hydrant@large,fire hydrant,M,L,True
13352,000000013352.jpg,0.589249312877655,1,0.2517839670181274,fire hydrant@medium,fire hydrant@large,fire hydrant,M,L,True
485113,000000485113.jpg,0.5594199299812317,1,0.2517839670181274,fire hydrant@medium,fire hydrant@large,fire hydrant,M,L,True
310978,000000310978.jpg,0.4822541177272796,1,0.2517839670181274,fire hydrant@medium,fire hydrant@large,fire hydrant,M,L,True
427956,000000427956.jpg,0.6121857166290283,1,0.2517839670181274,fire hydrant@medium,fire hydrant@large,fire hydrant,M,L,True
89395,000000089395.jpg,0.4519666731357574,1,0.2517839670181274,fire hydrant@medium,fire hydrant@large,fire hydrant,M,L,True
29648,000000029648.jpg,0.6069177985191345,1,0.2517839670181274,fire hydrant@medium,fire hydrant@large,fire hydrant,M,L,True
1496,000000001496.jpg,0.5727839469909668,1,0.2517839670181274,fire hydrant@medium,fire hydrant@large,fire hydrant,M,L,True
943,000000000943.jpg,0.4016334116458893,1,0.2517839670181274,fire hydrant@medium,fire hydrant@large,fire hydrant,M,L,True
126907,000000126907.jpg,0.5839024186134338,1,0.2517839670181274,fire hydrant@medium,fire hydrant@large,fire hydrant,M,L,True
14128,000000014128.jpg,0.4725802838802337,1,0.2517839670181274,fire hydrant@medium,fire hydrant@large,fire hydrant,M,L,True
469721,000000469721.jpg,0.3789286911487579,1,0.2517839670181274,fire hydrant@medium,fire hydrant@large,fire hydrant,M,L,True
9975,000000009975.jpg,0.5960662961006165,1,0.2517839670181274,fire hydrant@medium,fire hydrant@large,fire hydrant,M,L,True
269784,000000269784.jpg,0.3834220170974731,1,0.2517839670181274,fire hydrant@medium,fire hydrant@large,fire hydrant,M,L,True
307272,000000307272.jpg,0.6428214311599731,1,0.2517839670181274,fire hydrant@medium,fire hydrant@large,fire hydrant,M,L,True
531970,000000531970.jpg,0.4748798906803131,1,0.2517839670181274,fire hydrant@medium,fire hydrant@large,fire hydrant,M,L,True
336040,000000336040.jpg,0.6367700695991516,1,0.2517839670181274,fire hydrant@medium,fire hydrant@large,fire hydrant,M,L,True
332113,000000332113.jpg,0.5651630759239197,1,0.2517839670181274,fire hydrant@medium,fire hydrant@large,fire hydrant,M,L,True
344236,000000344236.jpg,0.5361131429672241,1,0.2517839670181274,fire hydrant@medium,fire hydrant@large,fire hydrant,M,L,True
307359,000000307359.jpg,0.5616411566734314,1,0.2517839670181274,fire hydrant@medium,fire hydrant@large,fire hydrant,M,L,True
346668,000000346668.jpg,0.4921188056468963,1,0.2517839670181274,fire hydrant@medium,fire hydrant@large,fire hydrant,M,L,True
333321,000000333321.jpg,0.3791164755821228,1,0.2517839670181274,fire hydrant@medium,fire hydrant@medium,fire hydrant,M,M,True
400860,000000400860.jpg,0.3424191176891327,1,0.2517839670181274,fire hydrant@medium,fire hydrant@medium,fire hydrant,M,M,True
88848,000000088848.jpg,0.5735985636711121,1,0.2517839670181274,fire hydrant@medium,fire hydrant@medium,fire hydrant,M,M,True
462676,000000462676.jpg,0.3524783253669739,1,0.2517839670181274,fire hydrant@medium,fire hydrant@medium,fire hydrant,M,M,True
44341,000000044341.jpg,0.5461452007293701,1,0.2517839670181274,fire hydrant@medium,fire hydrant@medium,fire hydrant,M,M,True
317087,000000317087.jpg,0.4142982363700866,1,0.2517839670181274,fire hydrant@medium,fire hydrant@medium,fire hydrant,M,M,True
158359,000000158359.jpg,0.4542904794216156,1,0.2517839670181274,fire hydrant@medium,fire hydrant@medium,fire hydrant,M,M,True
451014,000000451014.jpg,0.6550916433334351,1,0.2517839670181274,fire hydrant@medium,fire hydrant@medium,fire hydrant,M,M,True
455435,000000455435.jpg,0.3327573239803314,1,0.2517839670181274,fire hydrant@medium,fire hydrant@medium,fire hydrant,M,M,True
398177,000000398177.jpg,0.5093153715133667,1,0.2517839670181274,fire hydrant@medium,fire hydrant@medium,fire hydrant,M,M,True
5336,000000005336.jpg,0.3226109445095062,1,0.2517839670181274,fire hydrant@medium,fire hydrant@medium,fire hydrant,M,M,True
117536,000000117536.jpg,0.3942769765853882,1,0.2517839670181274,fire hydrant@medium,fire hydrant@medium,fire hydrant,M,M,True
268372,000000268372.jpg,0.4099290370941162,1,0.2517839670181274,fire hydrant@medium,fire hydrant@medium,fire hydrant,M,M,True
87481,000000087481.jpg,0.4111490845680237,1,0.2517839670181274,fire hydrant@medium,fire hydrant@medium,fire hydrant,M,M,True
565217,000000565217.jpg,0.3255550861358642,1,0.2517839670181274,fire hydrant@medium,fire hydrant@medium,fire hydrant,M,M,True
124786,000000124786.jpg,0.4684120118618011,1,0.2517839670181274,fire hydrant@medium,fire hydrant@medium,fire hydrant,M,M,True
235466,000000235466.jpg,0.2839800417423248,1,0.2517839670181274,fire hydrant@medium,fire hydrant@medium,fire hydrant,M,M,True
315195,000000315195.jpg,0.4724343717098236,1,0.2517839670181274,fire hydrant@medium,fire hydrant@medium,fire hydrant,M,M,True
523564,000000523564.jpg,0.2860086858272552,1,0.2517839670181274,fire hydrant@medium,fire hydrant@medium,fire hydrant,M,M,True
261151,000000261151.jpg,0.2850129008293152,1,0.2517839670181274,fire hydrant@medium,fire hydrant@medium,fire hydrant,M,M,True
218508,000000218508.jpg,0.3360179364681244,1,0.2517839670181274,fire hydrant@medium,fire hydrant@medium,fire hydrant,M,M,True
366385,000000366385.jpg,0.3430710732936859,1,0.2517839670181274,fire hydrant@medium,fire hydrant@medium,fire hydrant,M,M,True
274736,000000274736.jpg,0.2748225629329681,1,0.2517839670181274,fire hydrant@medium,fire hydrant@medium|motorcycle@large,fire hydrant,M,M,True
218379,000000218379.jpg,0.4077575206756592,1,0.2517839670181274,fire hydrant@medium,bench@medium|fire hydrant@medium,fire hydrant,M,M,True
17183,000000017183.jpg,0.5000051856040955,1,0.2517839670181274,fire hydrant@medium,fire hydrant@medium,fire hydrant,M,M,True
301432,000000301432.jpg,0.4948579967021942,1,0.2517839670181274,fire hydrant@medium,fire hydrant@medium,fire hydrant,M,M,True
406103,000000406103.jpg,0.3106389939785003,1,0.2517839670181274,fire hydrant@medium,fire hydrant@medium,fire hydrant,M,M,True
111280,000000111280.jpg,0.5206598043441772,1,0.2517839670181274,fire hydrant@medium,fire hydrant@medium,fire hydrant,M,M,True
405209,000000405209.jpg,0.5010905265808105,1,0.2517839670181274,fire hydrant@medium,fire hydrant@medium,fire hydrant,M,M,True
350825,000000350825.jpg,0.4108344316482544,1,0.2517839670181274,fire hydrant@medium,fire hydrant@medium,fire hydrant,M,M,True
293668,000000293668.jpg,0.4182232916355133,1,0.2517839670181274,fire hydrant@medium,fire hydrant@medium,fire hydrant,M,M,True
531575,000000531575.jpg,0.4158568084239959,1,0.2517839670181274,fire hydrant@medium,fire hydrant@medium,fire hydrant,M,M,True
336492,000000336492.jpg,0.3401658535003662,1,0.2517839670181274,fire hydrant@medium,fire hydrant@medium,fire hydrant,M,M,True
310472,000000310472.jpg,0.5242778658866882,1,0.2517839670181274,fire hydrant@medium,fire hydrant@medium,fire hydrant,M,M,True
263098,000000263098.jpg,0.2591180503368377,1,0.2517839670181274,fire hydrant@medium,fire hydrant@medium,fire hydrant,M,M,True
320333,000000320333.jpg,0.4427937865257263,1,0.2517839670181274,fire hydrant@medium,fire hydrant@medium,fire hydrant,M,M,True
43353,000000043353.jpg,0.429294615983963,1,0.2517839670181274,fire hydrant@medium,fire hydrant@medium,fire hydrant,M,M,True
501667,000000501667.jpg,0.4611652195453644,1,0.2517839670181274,fire hydrant@medium,fire hydrant@medium,fire hydrant,M,M,True
300177,000000300177.jpg,0.5747898817062378,1,0.2517839670181274,fire hydrant@medium,fire hydrant@medium,fire hydrant,M,M,True
569495,000000569495.jpg,0.4088790416717529,1,0.2517839670181274,fire hydrant@medium,fire hydrant@medium,fire hydrant,M,M,True
409374,000000409374.jpg,0.4051413834095001,1,0.2517839670181274,fire hydrant@medium,fire hydrant@medium,fire hydrant,M,M,True
180329,000000180329.jpg,0.3863231539726257,1,0.2517839670181274,fire hydrant@medium,fire hydrant@medium,fire hydrant,M,M,True
147505,000000147505.jpg,0.5197730660438538,1,0.2517839670181274,fire hydrant@medium,fire hydrant@medium,fire hydrant,M,M,True
521739,000000521739.jpg,0.4366335868835449,1,0.2517839670181274,fire hydrant@medium,fire hydrant@medium,fire hydrant,M,M,True
338826,000000338826.jpg,0.3768068253993988,1,0.2517839670181274,fire hydrant@medium,fire hydrant@small,fire hydrant,M,S,True
24629,000000024629.jpg,0.377472460269928,1,0.2517839670181274,fire hydrant@medium,fire hydrant@small,fire hydrant,M,S,True
293215,000000293215.jpg,0.2549434304237366,1,0.2517839670181274,fire hydrant@medium,fire hydrant@small,fire hydrant,M,S,True
18090,000000018090.jpg,0.2553358376026153,1,0.2517839670181274,fire hydrant@medium,fire hydrant@small,fire hydrant,M,S,True
414133,000000414133.jpg,0.3175627291202545,1,0.2517839670181274,fire hydrant@medium,fire hydrant@small,fire hydrant,M,S,True
559484,000000559484.jpg,0.4243250787258148,1,0.2517839670181274,fire hydrant@medium,fire hydrant@small,fire hydrant,M,S,True
113880,000000113880.jpg,0.3184023797512054,1,0.2517839670181274,fire hydrant@medium,fire hydrant@small|motorcycle@medium,fire hydrant,M,S,True
315696,000000315696.jpg,0.3088610470294952,1,0.2517839670181274,fire hydrant@medium,fire hydrant@small|vase or potted plant@small,fire hydrant,M,S,True
521059,000000521059.jpg,0.3866673409938812,1,0.2517839670181274,fire hydrant@medium,fire hydrant@small,fire hydrant,M,S,True
523002,000000523002.jpg,0.3769181370735168,1,0.2517839670181274,fire hydrant@medium,fire hydrant@small,fire hydrant,M,S,True
406205,000000406205.jpg,0.3951669931411743,1,0.2517839670181274,fire hydrant@medium,fire hydrant@small,fire hydrant,M,S,True
529041,000000529041.jpg,0.4389892220497131,1,0.2517839670181274,fire hydrant@medium,fire hydrant@small,fire hydrant,M,S,True
61992,000000061992.jpg,0.2920985519886017,1,0.2517839670181274,fire hydrant@medium,fire hydrant@small,fire hydrant,M,S,True
534702,000000534702.jpg,0.223488762974739,1,0.2517839670181274,fire hydrant@medium,fire hydrant@small,fire hydrant,M,S,False
217156,000000217156.jpg,0.387520432472229,1,0.2517839670181274,fire hydrant@medium,fire hydrant@small,fire hydrant,M,S,True
556666,000000556666.jpg,0.2967372536659241,1,0.2517839670181274,fire hydrant@medium,fire hydrant@small,fire hydrant,M,S,True
27756,000000027756.jpg,0.3842684626579284,1,0.2517839670181274,fire hydrant@medium,fire hydrant@small,fire hydrant,M,S,True
43625,000000043625.jpg,0.3744532167911529,1,0.2517839670181274,fire hydrant@medium,fire hydrant@small,fire hydrant,M,S,True
251741,000000251741.jpg,0.2368040233850479,1,0.2517839670181274,fire hydrant@medium,fire hydrant@small,fire hydrant,M,S,False
347865,000000347865.jpg,0.3910019099712372,1,0.2517839670181274,fire hydrant@medium,fire hydrant@small,fire hydrant,M,S,True
547280,000000547280.jpg,0.3883990049362182,1,0.2517839670181274,fire hydrant@medium,fire hydrant@small,fire hydrant,M,S,True
269038,000000269038.jpg,0.3736883401870727,1,0.2517839670181274,fire hydrant@medium,fire hydrant@small,fire hydrant,M,S,True
571182,000000571182.jpg,0.3069159686565399,1,0.2517839670181274,fire hydrant@medium,fire hydrant@small,fire hydrant,M,S,True
295328,000000295328.jpg,0.2967029809951782,1,0.2517839670181274,fire hydrant@medium,enclosed road vehicle@large|fire hydrant@small,fire hydrant,M,S,True
337083,000000337083.jpg,0.3123944699764251,1,0.2517839670181274,fire hydrant@medium,fire hydrant@small|stop sign@small,fire hydrant,M,S,True
241407,000000241407.jpg,0.2983523905277252,1,0.2517839670181274,fire hydrant@medium,fire hydrant@small,fire hydrant,M,S,True
27777,000000027777.jpg,0.2559533715248108,1,0.2517839670181274,fire hydrant@medium,fire hydrant@small,fire hydrant,M,S,True
264396,000000264396.jpg,0.2652050852775574,1,0.2517839670181274,fire hydrant@medium,fire hydrant@small,fire hydrant,M,S,True
162692,000000162692.jpg,0.4413530826568603,1,0.2517839670181274,fire hydrant@medium,fire hydrant@small,fire hydrant,M,S,True
113333,000000113333.jpg,0.3898383975028991,1,0.2517839670181274,fire hydrant@medium,fire hydrant@small,fire hydrant,M,S,True
31604,000000031604.jpg,0.4170232117176056,1,0.2517839670181274,fire hydrant@medium,fire hydrant@small,fire hydrant,M,S,True
139428,000000139428.jpg,0.3167289495468139,1,0.2517839670181274,fire hydrant@medium,fire hydrant@small,fire hydrant,M,S,True
534791,000000534791.jpg,0.3808299303054809,1,0.2517839670181274,fire hydrant@medium,fire hydrant@small,fire hydrant,M,S,True
90237,000000090237.jpg,0.2358022928237915,1,0.2517839670181274,fire hydrant@medium,fire hydrant@small,fire hydrant,M,S,False
310703,000000310703.jpg,0.3067370653152466,1,0.2517839670181274,fire hydrant@medium,fire hydrant@small,fire hydrant,M,S,True
86393,000000086393.jpg,0.32884082198143,1,0.2517839670181274,fire hydrant@medium,fire hydrant@small,fire hydrant,M,S,True
326428,000000326428.jpg,0.4176316559314728,1,0.2517839670181274,fire hydrant@medium,fire hydrant@small,fire hydrant,M,S,True
429353,000000429353.jpg,0.2361241728067398,1,0.2517839670181274,fire hydrant@medium,fire hydrant@small,fire hydrant,M,S,False
183330,000000183330.jpg,0.3881936371326446,1,0.2517839670181274,fire hydrant@medium,fire hydrant@small,fire hydrant,M,S,True
3134,000000003134.jpg,0.2665720582008362,1,0.2517839670181274,fire hydrant@medium,fire hydrant@small,fire hydrant,M,S,True
212011,000000212011.jpg,0.3287932872772217,1,0.2517839670181274,fire hydrant@medium,fire hydrant@small,fire hydrant,M,S,True
349363,000000349363.jpg,0.3422883450984955,1,0.2517839670181274,fire hydrant@medium,fire hydrant@small,fire hydrant,M,S,True
87743,000000087743.jpg,0.3711842000484466,1,0.2517839670181274,fire hydrant@medium,fire hydrant@small,fire hydrant,M,S,True
572604,000000572604.jpg,0.3666211068630218,1,0.2517839670181274,fire hydrant@medium,fire hydrant@small,fire hydrant,M,S,True
510430,000000510430.jpg,0.3291988670825958,1,0.2517839670181274,fire hydrant@medium,fire hydrant@small,fire hydrant,M,S,True
548662,000000548662.jpg,0.2671425342559814,1,0.2517839670181274,fire hydrant@medium,fire hydrant@small,fire hydrant,M,S,True
231889,000000231889.jpg,0.3043156564235687,1,0.2517839670181274,fire hydrant@medium,fire hydrant@small,fire hydrant,M,S,True
133183,000000133183.jpg,0.3002601563930511,1,0.2517839670181274,fire hydrant@medium,fire hydrant@small,fire hydrant,M,S,True
185555,000000185555.jpg,0.3889175355434418,1,0.2517839670181274,fire hydrant@medium,fire hydrant@small,fire hydrant,M,S,True
440298,000000440298.jpg,0.3655334413051605,1,0.2517839670181274,fire hydrant@medium,fire hydrant@small,fire hydrant,M,S,True
537355,000000537355.jpg,0.3742108643054962,1,0.2517839670181274,fire hydrant@medium,fire hydrant@small,fire hydrant,M,S,True
140630,000000140630.jpg,0.3366827368736267,1,0.2517839670181274,fire hydrant@medium,fire hydrant@small,fire hydrant,M,S,True
85004,000000085004.jpg,0.3383359611034393,1,0.2517839670181274,fire hydrant@medium,fire hydrant@small,fire hydrant,M,S,True
137778,000000137778.jpg,0.3701642751693725,1,0.2517839670181274,fire hydrant@medium,fire hydrant@small,fire hydrant,M,S,True
943,000000000943.jpg,0.4510024189949035,1,0.2669523656368255,fire hydrant@mix-equal,fire hydrant@large,fire hydrant,SML=,L,True
1496,000000001496.jpg,0.6462068557739258,1,0.2669523656368255,fire hydrant@mix-equal,fire hydrant@large,fire hydrant,SML=,L,True
9975,000000009975.jpg,0.6444478631019592,1,0.2669523656368255,fire hydrant@mix-equal,fire hydrant@large,fire hydrant,SML=,L,True
13352,000000013352.jpg,0.6669245362281799,1,0.2669523656368255,fire hydrant@mix-equal,fire hydrant@large,fire hydrant,SML=,L,True
14128,000000014128.jpg,0.4983607828617096,1,0.2669523656368255,fire hydrant@mix-equal,fire hydrant@large,fire hydrant,SML=,L,True
16805,000000016805.jpg,0.712500810623169,1,0.2669523656368255,fire hydrant@mix-equal,fire hydrant@large,fire hydrant,SML=,L,True
20825,000000020825.jpg,0.6756748557090759,1,0.2669523656368255,fire hydrant@mix-equal,fire hydrant@large,fire hydrant,SML=,L,True
29648,000000029648.jpg,0.6866565346717834,1,0.2669523656368255,fire hydrant@mix-equal,fire hydrant@large,fire hydrant,SML=,L,True
29671,000000029671.jpg,0.4965457320213318,1,0.2669523656368255,fire hydrant@mix-equal,fire hydrant@large,fire hydrant,SML=,L,True
35105,000000035105.jpg,0.6322975158691406,1,0.2669523656368255,fire hydrant@mix-equal,fire hydrant@large,fire hydrant,SML=,L,True
46162,000000046162.jpg,0.4656400680541992,1,0.2669523656368255,fire hydrant@mix-equal,fire hydrant@large,fire hydrant,SML=,L,True
79298,000000079298.jpg,0.59390789270401,1,0.2669523656368255,fire hydrant@mix-equal,fire hydrant@large,fire hydrant,SML=,L,True
89395,000000089395.jpg,0.4709736108779907,1,0.2669523656368255,fire hydrant@mix-equal,fire hydrant@large,fire hydrant,SML=,L,True
117289,000000117289.jpg,0.6881920099258423,1,0.2669523656368255,fire hydrant@mix-equal,fire hydrant@large,fire hydrant,SML=,L,True
123777,000000123777.jpg,0.7058594822883606,1,0.2669523656368255,fire hydrant@mix-equal,fire hydrant@large,fire hydrant,SML=,L,True
125524,000000125524.jpg,0.5831004977226257,1,0.2669523656368255,fire hydrant@mix-equal,fire hydrant@large,fire hydrant,SML=,L,True
126907,000000126907.jpg,0.586155116558075,1,0.2669523656368255,fire hydrant@mix-equal,fire hydrant@large,fire hydrant,SML=,L,True
165713,000000165713.jpg,0.624351441860199,1,0.2669523656368255,fire hydrant@mix-equal,fire hydrant@large,fire hydrant,SML=,L,True
177419,000000177419.jpg,0.6962469816207886,1,0.2669523656368255,fire hydrant@mix-equal,fire hydrant@large,fire hydrant,SML=,L,True
185545,000000185545.jpg,0.4299945831298828,1,0.2669523656368255,fire hydrant@mix-equal,fire hydrant@large,fire hydrant,SML=,L,True
193717,000000193717.jpg,0.6988191604614258,1,0.2669523656368255,fire hydrant@mix-equal,fire hydrant@large,fire hydrant,SML=,L,True
215803,000000215803.jpg,0.6601136326789856,1,0.2669523656368255,fire hydrant@mix-equal,fire hydrant@large,fire hydrant,SML=,L,True
269784,000000269784.jpg,0.3834147453308105,1,0.2669523656368255,fire hydrant@mix-equal,fire hydrant@large,fire hydrant,SML=,L,True
307272,000000307272.jpg,0.6578848361968994,1,0.2669523656368255,fire hydrant@mix-equal,fire hydrant@large,fire hydrant,SML=,L,True
307359,000000307359.jpg,0.6098251342773438,1,0.2669523656368255,fire hydrant@mix-equal,fire hydrant@large,fire hydrant,SML=,L,True
310978,000000310978.jpg,0.5649089813232422,1,0.2669523656368255,fire hydrant@mix-equal,fire hydrant@large,fire hydrant,SML=,L,True
312367,000000312367.jpg,0.6757791638374329,1,0.2669523656368255,fire hydrant@mix-equal,fire hydrant@large,fire hydrant,SML=,L,True
318224,000000318224.jpg,0.6213821768760681,1,0.2669523656368255,fire hydrant@mix-equal,fire hydrant@large,fire hydrant,SML=,L,True
322975,000000322975.jpg,0.6879929900169373,1,0.2669523656368255,fire hydrant@mix-equal,fire hydrant@large,fire hydrant,SML=,L,True
332113,000000332113.jpg,0.6231801509857178,1,0.2669523656368255,fire hydrant@mix-equal,fire hydrant@large,fire hydrant,SML=,L,True
333826,000000333826.jpg,0.6566945314407349,1,0.2669523656368255,fire hydrant@mix-equal,fire hydrant@large,fire hydrant,SML=,L,True
336040,000000336040.jpg,0.679707407951355,1,0.2669523656368255,fire hydrant@mix-equal,fire hydrant@large,fire hydrant,SML=,L,True
344236,000000344236.jpg,0.6600090265274048,1,0.2669523656368255,fire hydrant@mix-equal,fire hydrant@large,fire hydrant,SML=,L,True
346668,000000346668.jpg,0.5312854051589966,1,0.2669523656368255,fire hydrant@mix-equal,fire hydrant@large,fire hydrant,SML=,L,True
379464,000000379464.jpg,0.3903931081295013,1,0.2669523656368255,fire hydrant@mix-equal,fire hydrant@large,fire hydrant,SML=,L,True
386958,000000386958.jpg,0.6484237313270569,1,0.2669523656368255,fire hydrant@mix-equal,fire hydrant@large,fire hydrant,SML=,L,True
400936,000000400936.jpg,0.5955021977424622,1,0.2669523656368255,fire hydrant@mix-equal,fire hydrant@large,fire hydrant,SML=,L,True
405999,000000405999.jpg,0.6428027749061584,1,0.2669523656368255,fire hydrant@mix-equal,fire hydrant@large,fire hydrant,SML=,L,True
427956,000000427956.jpg,0.7022327184677124,1,0.2669523656368255,fire hydrant@mix-equal,fire hydrant@large,fire hydrant,SML=,L,True
431573,000000431573.jpg,0.6382190585136414,1,0.2669523656368255,fire hydrant@mix-equal,fire hydrant@large,fire hydrant,SML=,L,True
465049,000000465049.jpg,0.5347414016723633,1,0.2669523656368255,fire hydrant@mix-equal,fire hydrant@large,fire hydrant,SML=,L,True
469721,000000469721.jpg,0.4331402480602264,1,0.2669523656368255,fire hydrant@mix-equal,fire hydrant@large,fire hydrant,SML=,L,True
471350,000000471350.jpg,0.6387156844139099,1,0.2669523656368255,fire hydrant@mix-equal,bus@medium|fire hydrant@large,fire hydrant,SML=,L,True
479195,000000479195.jpg,0.6797263622283936,1,0.2669523656368255,fire hydrant@mix-equal,fire hydrant@large,fire hydrant,SML=,L,True
485113,000000485113.jpg,0.6154793500900269,1,0.2669523656368255,fire hydrant@mix-equal,fire hydrant@large,fire hydrant,SML=,L,True
503250,000000503250.jpg,0.6312528252601624,1,0.2669523656368255,fire hydrant@mix-equal,fire hydrant@large,fire hydrant,SML=,L,True
528731,000000528731.jpg,0.6400152444839478,1,0.2669523656368255,fire hydrant@mix-equal,fire hydrant@large,fire hydrant,SML=,L,True
531970,000000531970.jpg,0.5881115794181824,1,0.2669523656368255,fire hydrant@mix-equal,fire hydrant@large,fire hydrant,SML=,L,True
537540,000000537540.jpg,0.5395926833152771,1,0.2669523656368255,fire hydrant@mix-equal,fire hydrant@large,fire hydrant,SML=,L,True
558541,000000558541.jpg,0.6219198703765869,1,0.2669523656368255,fire hydrant@mix-equal,fire hydrant@large,fire hydrant,SML=,L,True
5336,000000005336.jpg,0.3280456066131592,1,0.2669523656368255,fire hydrant@mix-equal,fire hydrant@medium,fire hydrant,SML=,M,True
17183,000000017183.jpg,0.4640039205551147,1,0.2669523656368255,fire hydrant@mix-equal,fire hydrant@medium,fire hydrant,SML=,M,True
43353,000000043353.jpg,0.4283315539360046,1,0.2669523656368255,fire hydrant@mix-equal,fire hydrant@medium,fire hydrant,SML=,M,True
44341,000000044341.jpg,0.5429832339286804,1,0.2669523656368255,fire hydrant@mix-equal,fire hydrant@medium,fire hydrant,SML=,M,True
87481,000000087481.jpg,0.4047705829143524,1,0.2669523656368255,fire hydrant@mix-equal,fire hydrant@medium,fire hydrant,SML=,M,True
88848,000000088848.jpg,0.597724437713623,1,0.2669523656368255,fire hydrant@mix-equal,fire hydrant@medium,fire hydrant,SML=,M,True
111280,000000111280.jpg,0.5957279205322266,1,0.2669523656368255,fire hydrant@mix-equal,fire hydrant@medium,fire hydrant,SML=,M,True
117536,000000117536.jpg,0.3742709159851074,1,0.2669523656368255,fire hydrant@mix-equal,fire hydrant@medium,fire hydrant,SML=,M,True
124786,000000124786.jpg,0.5476917028427124,1,0.2669523656368255,fire hydrant@mix-equal,fire hydrant@medium,fire hydrant,SML=,M,True
147505,000000147505.jpg,0.5474505424499512,1,0.2669523656368255,fire hydrant@mix-equal,fire hydrant@medium,fire hydrant,SML=,M,True
158359,000000158359.jpg,0.4659943878650665,1,0.2669523656368255,fire hydrant@mix-equal,fire hydrant@medium,fire hydrant,SML=,M,True
180329,000000180329.jpg,0.3255881369113922,1,0.2669523656368255,fire hydrant@mix-equal,fire hydrant@medium,fire hydrant,SML=,M,True
218379,000000218379.jpg,0.4592955112457275,1,0.2669523656368255,fire hydrant@mix-equal,bench@medium|fire hydrant@medium,fire hydrant,SML=,M,True
218508,000000218508.jpg,0.3955068588256836,1,0.2669523656368255,fire hydrant@mix-equal,fire hydrant@medium,fire hydrant,SML=,M,True
235466,000000235466.jpg,0.3445008993148803,1,0.2669523656368255,fire hydrant@mix-equal,fire hydrant@medium,fire hydrant,SML=,M,True
261151,000000261151.jpg,0.3095481097698211,1,0.2669523656368255,fire hydrant@mix-equal,fire hydrant@medium,fire hydrant,SML=,M,True
263098,000000263098.jpg,0.2688497900962829,1,0.2669523656368255,fire hydrant@mix-equal,fire hydrant@medium,fire hydrant,SML=,M,True
268372,000000268372.jpg,0.4773400425910949,1,0.2669523656368255,fire hydrant@mix-equal,fire hydrant@medium,fire hydrant,SML=,M,True
274736,000000274736.jpg,0.3318819999694824,1,0.2669523656368255,fire hydrant@mix-equal,fire hydrant@medium|motorcycle@large,fire hydrant,SML=,M,True
293668,000000293668.jpg,0.4282638430595398,1,0.2669523656368255,fire hydrant@mix-equal,fire hydrant@medium,fire hydrant,SML=,M,True
300177,000000300177.jpg,0.6191769242286682,1,0.2669523656368255,fire hydrant@mix-equal,fire hydrant@medium,fire hydrant,SML=,M,True
301432,000000301432.jpg,0.5459186434745789,1,0.2669523656368255,fire hydrant@mix-equal,fire hydrant@medium,fire hydrant,SML=,M,True
310472,000000310472.jpg,0.5794983506202698,1,0.2669523656368255,fire hydrant@mix-equal,fire hydrant@medium,fire hydrant,SML=,M,True
315195,000000315195.jpg,0.4314534664154053,1,0.2669523656368255,fire hydrant@mix-equal,fire hydrant@medium,fire hydrant,SML=,M,True
317087,000000317087.jpg,0.4504601657390594,1,0.2669523656368255,fire hydrant@mix-equal,fire hydrant@medium,fire hydrant,SML=,M,True
320333,000000320333.jpg,0.4425778985023498,1,0.2669523656368255,fire hydrant@mix-equal,fire hydrant@medium,fire hydrant,SML=,M,True
333321,000000333321.jpg,0.3941194117069244,1,0.2669523656368255,fire hydrant@mix-equal,fire hydrant@medium,fire hydrant,SML=,M,True
336492,000000336492.jpg,0.3754197657108307,1,0.2669523656368255,fire hydrant@mix-equal,fire hydrant@medium,fire hydrant,SML=,M,True
350825,000000350825.jpg,0.5161156058311462,1,0.2669523656368255,fire hydrant@mix-equal,fire hydrant@medium,fire hydrant,SML=,M,True
366385,000000366385.jpg,0.3705790340900421,1,0.2669523656368255,fire hydrant@mix-equal,fire hydrant@medium,fire hydrant,SML=,M,True
398177,000000398177.jpg,0.5364393591880798,1,0.2669523656368255,fire hydrant@mix-equal,fire hydrant@medium,fire hydrant,SML=,M,True
400860,000000400860.jpg,0.4117875695228576,1,0.2669523656368255,fire hydrant@mix-equal,fire hydrant@medium,fire hydrant,SML=,M,True
405209,000000405209.jpg,0.4513270258903503,1,0.2669523656368255,fire hydrant@mix-equal,fire hydrant@medium,fire hydrant,SML=,M,True
406103,000000406103.jpg,0.3405987918376922,1,0.2669523656368255,fire hydrant@mix-equal,fire hydrant@medium,fire hydrant,SML=,M,True
409374,000000409374.jpg,0.3675921261310577,1,0.2669523656368255,fire hydrant@mix-equal,fire hydrant@medium,fire hydrant,SML=,M,True
451014,000000451014.jpg,0.6674895286560059,1,0.2669523656368255,fire hydrant@mix-equal,fire hydrant@medium,fire hydrant,SML=,M,True
455435,000000455435.jpg,0.4137070477008819,1,0.2669523656368255,fire hydrant@mix-equal,fire hydrant@medium,fire hydrant,SML=,M,True
462676,000000462676.jpg,0.3267014026641845,1,0.2669523656368255,fire hydrant@mix-equal,fire hydrant@medium,fire hydrant,SML=,M,True
501667,000000501667.jpg,0.5210885405540466,1,0.2669523656368255,fire hydrant@mix-equal,fire hydrant@medium,fire hydrant,SML=,M,True
521739,000000521739.jpg,0.52365642786026,1,0.2669523656368255,fire hydrant@mix-equal,fire hydrant@medium,fire hydrant,SML=,M,True
523564,000000523564.jpg,0.2747420370578766,1,0.2669523656368255,fire hydrant@mix-equal,fire hydrant@medium,fire hydrant,SML=,M,True
531575,000000531575.jpg,0.4217771589756012,1,0.2669523656368255,fire hydrant@mix-equal,fire hydrant@medium,fire hydrant,SML=,M,True
565217,000000565217.jpg,0.4281923174858093,1,0.2669523656368255,fire hydrant@mix-equal,fire hydrant@medium,fire hydrant,SML=,M,True
569495,000000569495.jpg,0.5514536499977112,1,0.2669523656368255,fire hydrant@mix-equal,fire hydrant@medium,fire hydrant,SML=,M,True
3134,000000003134.jpg,0.2822309136390686,1,0.2669523656368255,fire hydrant@mix-equal,fire hydrant@small,fire hydrant,SML=,S,True
18090,000000018090.jpg,0.235967218875885,1,0.2669523656368255,fire hydrant@mix-equal,fire hydrant@small,fire hydrant,SML=,S,False
24629,000000024629.jpg,0.4109142422676086,1,0.2669523656368255,fire hydrant@mix-equal,fire hydrant@small,fire hydrant,SML=,S,True
27756,000000027756.jpg,0.3640083074569702,1,0.2669523656368255,fire hydrant@mix-equal,fire hydrant@small,fire hydrant,SML=,S,True
27777,000000027777.jpg,0.3071452379226684,1,0.2669523656368255,fire hydrant@mix-equal,fire hydrant@small,fire hydrant,SML=,S,True
31604,000000031604.jpg,0.3768594563007355,1,0.2669523656368255,fire hydrant@mix-equal,fire hydrant@small,fire hydrant,SML=,S,True
43625,000000043625.jpg,0.3034868240356445,1,0.2669523656368255,fire hydrant@mix-equal,fire hydrant@small,fire hydrant,SML=,S,True
61992,000000061992.jpg,0.2595595121383667,1,0.2669523656368255,fire hydrant@mix-equal,fire hydrant@small,fire hydrant,SML=,S,False
85004,000000085004.jpg,0.3986967206001282,1,0.2669523656368255,fire hydrant@mix-equal,fire hydrant@small,fire hydrant,SML=,S,True
86393,000000086393.jpg,0.2898820042610168,1,0.2669523656368255,fire hydrant@mix-equal,fire hydrant@small,fire hydrant,SML=,S,True
87743,000000087743.jpg,0.2985709607601166,1,0.2669523656368255,fire hydrant@mix-equal,fire hydrant@small,fire hydrant,SML=,S,True
90237,000000090237.jpg,0.2732241153717041,1,0.2669523656368255,fire hydrant@mix-equal,fire hydrant@small,fire hydrant,SML=,S,True
113333,000000113333.jpg,0.4474970996379852,1,0.2669523656368255,fire hydrant@mix-equal,fire hydrant@small,fire hydrant,SML=,S,True
113880,000000113880.jpg,0.2529444992542267,1,0.2669523656368255,fire hydrant@mix-equal,fire hydrant@small|motorcycle@medium,fire hydrant,SML=,S,False
133183,000000133183.jpg,0.3537866473197937,1,0.2669523656368255,fire hydrant@mix-equal,fire hydrant@small,fire hydrant,SML=,S,True
137778,000000137778.jpg,0.3460403382778168,1,0.2669523656368255,fire hydrant@mix-equal,fire hydrant@small,fire hydrant,SML=,S,True
139428,000000139428.jpg,0.3099480271339416,1,0.2669523656368255,fire hydrant@mix-equal,fire hydrant@small,fire hydrant,SML=,S,True
140630,000000140630.jpg,0.341768205165863,1,0.2669523656368255,fire hydrant@mix-equal,fire hydrant@small,fire hydrant,SML=,S,True
162692,000000162692.jpg,0.41825932264328,1,0.2669523656368255,fire hydrant@mix-equal,fire hydrant@small,fire hydrant,SML=,S,True
183330,000000183330.jpg,0.3239712715148926,1,0.2669523656368255,fire hydrant@mix-equal,fire hydrant@small,fire hydrant,SML=,S,True
185555,000000185555.jpg,0.4279577136039734,1,0.2669523656368255,fire hydrant@mix-equal,fire hydrant@small,fire hydrant,SML=,S,True
212011,000000212011.jpg,0.3456719517707824,1,0.2669523656368255,fire hydrant@mix-equal,fire hydrant@small,fire hydrant,SML=,S,True
217156,000000217156.jpg,0.3691473007202148,1,0.2669523656368255,fire hydrant@mix-equal,fire hydrant@small,fire hydrant,SML=,S,True
231889,000000231889.jpg,0.2995156645774841,1,0.2669523656368255,fire hydrant@mix-equal,fire hydrant@small,fire hydrant,SML=,S,True
241407,000000241407.jpg,0.3682496845722198,1,0.2669523656368255,fire hydrant@mix-equal,fire hydrant@small,fire hydrant,SML=,S,True
251741,000000251741.jpg,0.2848105132579803,1,0.2669523656368255,fire hydrant@mix-equal,fire hydrant@small,fire hydrant,SML=,S,True
264396,000000264396.jpg,0.2312374413013458,1,0.2669523656368255,fire hydrant@mix-equal,fire hydrant@small,fire hydrant,SML=,S,False
269038,000000269038.jpg,0.3869690299034118,1,0.2669523656368255,fire hydrant@mix-equal,fire hydrant@small,fire hydrant,SML=,S,True
293215,000000293215.jpg,0.2567513287067413,1,0.2669523656368255,fire hydrant@mix-equal,fire hydrant@small,fire hydrant,SML=,S,False
295328,000000295328.jpg,0.3198982179164886,1,0.2669523656368255,fire hydrant@mix-equal,enclosed road vehicle@large|fire hydrant@small,fire hydrant,SML=,S,True
310703,000000310703.jpg,0.2689076662063598,1,0.2669523656368255,fire hydrant@mix-equal,fire hydrant@small,fire hydrant,SML=,S,True
315696,000000315696.jpg,0.3174488544464111,1,0.2669523656368255,fire hydrant@mix-equal,fire hydrant@small|vase or potted plant@small,fire hydrant,SML=,S,True
326428,000000326428.jpg,0.4027320146560669,1,0.2669523656368255,fire hydrant@mix-equal,fire hydrant@small,fire hydrant,SML=,S,True
337083,000000337083.jpg,0.3929850459098816,1,0.2669523656368255,fire hydrant@mix-equal,fire hydrant@small|stop sign@small,fire hydrant,SML=,S,True
338826,000000338826.jpg,0.3572377860546112,1,0.2669523656368255,fire hydrant@mix-equal,fire hydrant@small,fire hydrant,SML=,S,True
347865,000000347865.jpg,0.3271896839141845,1,0.2669523656368255,fire hydrant@mix-equal,fire hydrant@small,fire hydrant,SML=,S,True
349363,000000349363.jpg,0.3345366418361664,1,0.2669523656368255,fire hydrant@mix-equal,fire hydrant@small,fire hydrant,SML=,S,True
406205,000000406205.jpg,0.3225190937519073,1,0.2669523656368255,fire hydrant@mix-equal,fire hydrant@small,fire hydrant,SML=,S,True
414133,000000414133.jpg,0.3248037993907928,1,0.2669523656368255,fire hydrant@mix-equal,fire hydrant@small,fire hydrant,SML=,S,True
429353,000000429353.jpg,0.2854613065719604,1,0.2669523656368255,fire hydrant@mix-equal,fire hydrant@small,fire hydrant,SML=,S,True
440298,000000440298.jpg,0.3720444142818451,1,0.2669523656368255,fire hydrant@mix-equal,fire hydrant@small,fire hydrant,SML=,S,True
510430,000000510430.jpg,0.411937415599823,1,0.2669523656368255,fire hydrant@mix-equal,fire hydrant@small,fire hydrant,SML=,S,True
521059,000000521059.jpg,0.3353243470191955,1,0.2669523656368255,fire hydrant@mix-equal,fire hydrant@small,fire hydrant,SML=,S,True
523002,000000523002.jpg,0.389989286661148,1,0.2669523656368255,fire hydrant@mix-equal,fire hydrant@small,fire hydrant,SML=,S,True
529041,000000529041.jpg,0.402285099029541,1,0.2669523656368255,fire hydrant@mix-equal,fire hydrant@small,fire hydrant,SML=,S,True
534702,000000534702.jpg,0.2124692648649215,1,0.2669523656368255,fire hydrant@mix-equal,fire hydrant@small,fire hydrant,SML=,S,False
534791,000000534791.jpg,0.3562224805355072,1,0.2669523656368255,fire hydrant@mix-equal,fire hydrant@small,fire hydrant,SML=,S,True
537355,000000537355.jpg,0.3840041756629944,1,0.2669523656368255,fire hydrant@mix-equal,fire hydrant@small,fire hydrant,SML=,S,True
547280,000000547280.jpg,0.3357430398464203,1,0.2669523656368255,fire hydrant@mix-equal,fire hydrant@small,fire hydrant,SML=,S,True
548662,000000548662.jpg,0.2364092618227005,1,0.2669523656368255,fire hydrant@mix-equal,fire hydrant@small,fire hydrant,SML=,S,False
556666,000000556666.jpg,0.3130360841751098,1,0.2669523656368255,fire hydrant@mix-equal,fire hydrant@small,fire hydrant,SML=,S,True
559484,000000559484.jpg,0.381684809923172,1,0.2669523656368255,fire hydrant@mix-equal,fire hydrant@small,fire hydrant,SML=,S,True
571182,000000571182.jpg,0.2953898012638092,1,0.2669523656368255,fire hydrant@mix-equal,fire hydrant@small,fire hydrant,SML=,S,True
572604,000000572604.jpg,0.3944379389286041,1,0.2669523656368255,fire hydrant@mix-equal,fire hydrant@small,fire hydrant,SML=,S,True
943,000000000943.jpg,0.4257816672325134,1,0.2594814002513885,fire hydrant@mix-natural,fire hydrant@large,fire hydrant,SMLn,L,True
1496,000000001496.jpg,0.651084303855896,1,0.2594814002513885,fire hydrant@mix-natural,fire hydrant@large,fire hydrant,SMLn,L,True
9975,000000009975.jpg,0.6559950113296509,1,0.2594814002513885,fire hydrant@mix-natural,fire hydrant@large,fire hydrant,SMLn,L,True
13352,000000013352.jpg,0.6284865140914917,1,0.2594814002513885,fire hydrant@mix-natural,fire hydrant@large,fire hydrant,SMLn,L,True
14128,000000014128.jpg,0.4745437204837799,1,0.2594814002513885,fire hydrant@mix-natural,fire hydrant@large,fire hydrant,SMLn,L,True
16805,000000016805.jpg,0.6686363816261292,1,0.2594814002513885,fire hydrant@mix-natural,fire hydrant@large,fire hydrant,SMLn,L,True
20825,000000020825.jpg,0.6479242444038391,1,0.2594814002513885,fire hydrant@mix-natural,fire hydrant@large,fire hydrant,SMLn,L,True
29648,000000029648.jpg,0.6389608979225159,1,0.2594814002513885,fire hydrant@mix-natural,fire hydrant@large,fire hydrant,SMLn,L,True
29671,000000029671.jpg,0.516063392162323,1,0.2594814002513885,fire hydrant@mix-natural,fire hydrant@large,fire hydrant,SMLn,L,True
35105,000000035105.jpg,0.583812952041626,1,0.2594814002513885,fire hydrant@mix-natural,fire hydrant@large,fire hydrant,SMLn,L,True
46162,000000046162.jpg,0.4409025311470032,1,0.2594814002513885,fire hydrant@mix-natural,fire hydrant@large,fire hydrant,SMLn,L,True
79298,000000079298.jpg,0.5556811094284058,1,0.2594814002513885,fire hydrant@mix-natural,fire hydrant@large,fire hydrant,SMLn,L,True
89395,000000089395.jpg,0.4327509105205536,1,0.2594814002513885,fire hydrant@mix-natural,fire hydrant@large,fire hydrant,SMLn,L,True
117289,000000117289.jpg,0.672982931137085,1,0.2594814002513885,fire hydrant@mix-natural,fire hydrant@large,fire hydrant,SMLn,L,True
123777,000000123777.jpg,0.6510565280914307,1,0.2594814002513885,fire hydrant@mix-natural,fire hydrant@large,fire hydrant,SMLn,L,True
125524,000000125524.jpg,0.5243567228317261,1,0.2594814002513885,fire hydrant@mix-natural,fire hydrant@large,fire hydrant,SMLn,L,True
126907,000000126907.jpg,0.5459796190261841,1,0.2594814002513885,fire hydrant@mix-natural,fire hydrant@large,fire hydrant,SMLn,L,True
165713,000000165713.jpg,0.5784599184989929,1,0.2594814002513885,fire hydrant@mix-natural,fire hydrant@large,fire hydrant,SMLn,L,True
177419,000000177419.jpg,0.6322129368782043,1,0.2594814002513885,fire hydrant@mix-natural,fire hydrant@large,fire hydrant,SMLn,L,True
185545,000000185545.jpg,0.4061231315135956,1,0.2594814002513885,fire hydrant@mix-natural,fire hydrant@large,fire hydrant,SMLn,L,True
193717,000000193717.jpg,0.668904721736908,1,0.2594814002513885,fire hydrant@mix-natural,fire hydrant@large,fire hydrant,SMLn,L,True
215803,000000215803.jpg,0.6008433103561401,1,0.2594814002513885,fire hydrant@mix-natural,fire hydrant@large,fire hydrant,SMLn,L,True
269784,000000269784.jpg,0.3539008498191833,1,0.2594814002513885,fire hydrant@mix-natural,fire hydrant@large,fire hydrant,SMLn,L,True
307272,000000307272.jpg,0.6215748190879822,1,0.2594814002513885,fire hydrant@mix-natural,fire hydrant@large,fire hydrant,SMLn,L,True
307359,000000307359.jpg,0.5603302121162415,1,0.2594814002513885,fire hydrant@mix-natural,fire hydrant@large,fire hydrant,SMLn,L,True
310978,000000310978.jpg,0.5199450254440308,1,0.2594814002513885,fire hydrant@mix-natural,fire hydrant@large,fire hydrant,SMLn,L,True
312367,000000312367.jpg,0.6322126984596252,1,0.2594814002513885,fire hydrant@mix-natural,fire hydrant@large,fire hydrant,SMLn,L,True
318224,000000318224.jpg,0.5791407227516174,1,0.2594814002513885,fire hydrant@mix-natural,fire hydrant@large,fire hydrant,SMLn,L,True
322975,000000322975.jpg,0.6845813393592834,1,0.2594814002513885,fire hydrant@mix-natural,fire hydrant@large,fire hydrant,SMLn,L,True
332113,000000332113.jpg,0.6358980536460876,1,0.2594814002513885,fire hydrant@mix-natural,fire hydrant@large,fire hydrant,SMLn,L,True
333826,000000333826.jpg,0.5932613015174866,1,0.2594814002513885,fire hydrant@mix-natural,fire hydrant@large,fire hydrant,SMLn,L,True
336040,000000336040.jpg,0.6457566618919373,1,0.2594814002513885,fire hydrant@mix-natural,fire hydrant@large,fire hydrant,SMLn,L,True
344236,000000344236.jpg,0.601161003112793,1,0.2594814002513885,fire hydrant@mix-natural,fire hydrant@large,fire hydrant,SMLn,L,True
346668,000000346668.jpg,0.4566588699817657,1,0.2594814002513885,fire hydrant@mix-natural,fire hydrant@large,fire hydrant,SMLn,L,True
379464,000000379464.jpg,0.3288909792900085,1,0.2594814002513885,fire hydrant@mix-natural,fire hydrant@large,fire hydrant,SMLn,L,True
386958,000000386958.jpg,0.5867247581481934,1,0.2594814002513885,fire hydrant@mix-natural,fire hydrant@large,fire hydrant,SMLn,L,True
400936,000000400936.jpg,0.594326913356781,1,0.2594814002513885,fire hydrant@mix-natural,fire hydrant@large,fire hydrant,SMLn,L,True
405999,000000405999.jpg,0.6229289770126343,1,0.2594814002513885,fire hydrant@mix-natural,fire hydrant@large,fire hydrant,SMLn,L,True
427956,000000427956.jpg,0.666145920753479,1,0.2594814002513885,fire hydrant@mix-natural,fire hydrant@large,fire hydrant,SMLn,L,True
431573,000000431573.jpg,0.6286540627479553,1,0.2594814002513885,fire hydrant@mix-natural,fire hydrant@large,fire hydrant,SMLn,L,True
465049,000000465049.jpg,0.4997760355472564,1,0.2594814002513885,fire hydrant@mix-natural,fire hydrant@large,fire hydrant,SMLn,L,True
469721,000000469721.jpg,0.3936124145984649,1,0.2594814002513885,fire hydrant@mix-natural,fire hydrant@large,fire hydrant,SMLn,L,True
471350,000000471350.jpg,0.6001933217048645,1,0.2594814002513885,fire hydrant@mix-natural,bus@medium|fire hydrant@large,fire hydrant,SMLn,L,True
479195,000000479195.jpg,0.6614860892295837,1,0.2594814002513885,fire hydrant@mix-natural,fire hydrant@large,fire hydrant,SMLn,L,True
485113,000000485113.jpg,0.5903387665748596,1,0.2594814002513885,fire hydrant@mix-natural,fire hydrant@large,fire hydrant,SMLn,L,True
503250,000000503250.jpg,0.6333410739898682,1,0.2594814002513885,fire hydrant@mix-natural,fire hydrant@large,fire hydrant,SMLn,L,True
528731,000000528731.jpg,0.573589026927948,1,0.2594814002513885,fire hydrant@mix-natural,fire hydrant@large,fire hydrant,SMLn,L,True
531970,000000531970.jpg,0.5834126472473145,1,0.2594814002513885,fire hydrant@mix-natural,fire hydrant@large,fire hydrant,SMLn,L,True
537540,000000537540.jpg,0.4939520061016083,1,0.2594814002513885,fire hydrant@mix-natural,fire hydrant@large,fire hydrant,SMLn,L,True
558541,000000558541.jpg,0.6488920450210571,1,0.2594814002513885,fire hydrant@mix-natural,fire hydrant@large,fire hydrant,SMLn,L,True
5336,000000005336.jpg,0.2845563590526581,1,0.2594814002513885,fire hydrant@mix-natural,fire hydrant@medium,fire hydrant,SMLn,M,True
17183,000000017183.jpg,0.4158627986907959,1,0.2594814002513885,fire hydrant@mix-natural,fire hydrant@medium,fire hydrant,SMLn,M,True
43353,000000043353.jpg,0.3445377945899963,1,0.2594814002513885,fire hydrant@mix-natural,fire hydrant@medium,fire hydrant,SMLn,M,True
44341,000000044341.jpg,0.4984524548053741,1,0.2594814002513885,fire hydrant@mix-natural,fire hydrant@medium,fire hydrant,SMLn,M,True
87481,000000087481.jpg,0.3273025751113891,1,0.2594814002513885,fire hydrant@mix-natural,fire hydrant@medium,fire hydrant,SMLn,M,True
88848,000000088848.jpg,0.5467483997344971,1,0.2594814002513885,fire hydrant@mix-natural,fire hydrant@medium,fire hydrant,SMLn,M,True
111280,000000111280.jpg,0.49345663189888,1,0.2594814002513885,fire hydrant@mix-natural,fire hydrant@medium,fire hydrant,SMLn,M,True
117536,000000117536.jpg,0.321255087852478,1,0.2594814002513885,fire hydrant@mix-natural,fire hydrant@medium,fire hydrant,SMLn,M,True
124786,000000124786.jpg,0.5197392702102661,1,0.2594814002513885,fire hydrant@mix-natural,fire hydrant@medium,fire hydrant,SMLn,M,True
147505,000000147505.jpg,0.4335939288139343,1,0.2594814002513885,fire hydrant@mix-natural,fire hydrant@medium,fire hydrant,SMLn,M,True
158359,000000158359.jpg,0.4159980118274688,1,0.2594814002513885,fire hydrant@mix-natural,fire hydrant@medium,fire hydrant,SMLn,M,True
180329,000000180329.jpg,0.318875104188919,1,0.2594814002513885,fire hydrant@mix-natural,fire hydrant@medium,fire hydrant,SMLn,M,True
218379,000000218379.jpg,0.3450728952884674,1,0.2594814002513885,fire hydrant@mix-natural,bench@medium|fire hydrant@medium,fire hydrant,SMLn,M,True
218508,000000218508.jpg,0.3503805994987488,1,0.2594814002513885,fire hydrant@mix-natural,fire hydrant@medium,fire hydrant,SMLn,M,True
235466,000000235466.jpg,0.3200918138027191,1,0.2594814002513885,fire hydrant@mix-natural,fire hydrant@medium,fire hydrant,SMLn,M,True
261151,000000261151.jpg,0.2548614740371704,1,0.2594814002513885,fire hydrant@mix-natural,fire hydrant@medium,fire hydrant,SMLn,M,False
263098,000000263098.jpg,0.2416370809078216,1,0.2594814002513885,fire hydrant@mix-natural,fire hydrant@medium,fire hydrant,SMLn,M,False
268372,000000268372.jpg,0.4402735233306885,1,0.2594814002513885,fire hydrant@mix-natural,fire hydrant@medium,fire hydrant,SMLn,M,True
274736,000000274736.jpg,0.3436445891857147,1,0.2594814002513885,fire hydrant@mix-natural,fire hydrant@medium|motorcycle@large,fire hydrant,SMLn,M,True
293668,000000293668.jpg,0.377013236284256,1,0.2594814002513885,fire hydrant@mix-natural,fire hydrant@medium,fire hydrant,SMLn,M,True
300177,000000300177.jpg,0.6131950616836548,1,0.2594814002513885,fire hydrant@mix-natural,fire hydrant@medium,fire hydrant,SMLn,M,True
301432,000000301432.jpg,0.5040553212165833,1,0.2594814002513885,fire hydrant@mix-natural,fire hydrant@medium,fire hydrant,SMLn,M,True
310472,000000310472.jpg,0.5418456792831421,1,0.2594814002513885,fire hydrant@mix-natural,fire hydrant@medium,fire hydrant,SMLn,M,True
315195,000000315195.jpg,0.4215565919876098,1,0.2594814002513885,fire hydrant@mix-natural,fire hydrant@medium,fire hydrant,SMLn,M,True
317087,000000317087.jpg,0.3999539315700531,1,0.2594814002513885,fire hydrant@mix-natural,fire hydrant@medium,fire hydrant,SMLn,M,True
320333,000000320333.jpg,0.3489829003810882,1,0.2594814002513885,fire hydrant@mix-natural,fire hydrant@medium,fire hydrant,SMLn,M,True
333321,000000333321.jpg,0.3262748122215271,1,0.2594814002513885,fire hydrant@mix-natural,fire hydrant@medium,fire hydrant,SMLn,M,True
336492,000000336492.jpg,0.3159603774547577,1,0.2594814002513885,fire hydrant@mix-natural,fire hydrant@medium,fire hydrant,SMLn,M,True
350825,000000350825.jpg,0.3735376298427582,1,0.2594814002513885,fire hydrant@mix-natural,fire hydrant@medium,fire hydrant,SMLn,M,True
366385,000000366385.jpg,0.2748979330062866,1,0.2594814002513885,fire hydrant@mix-natural,fire hydrant@medium,fire hydrant,SMLn,M,True
398177,000000398177.jpg,0.4854987859725952,1,0.2594814002513885,fire hydrant@mix-natural,fire hydrant@medium,fire hydrant,SMLn,M,True
400860,000000400860.jpg,0.352387011051178,1,0.2594814002513885,fire hydrant@mix-natural,fire hydrant@medium,fire hydrant,SMLn,M,True
405209,000000405209.jpg,0.4271811246871948,1,0.2594814002513885,fire hydrant@mix-natural,fire hydrant@medium,fire hydrant,SMLn,M,True
406103,000000406103.jpg,0.2952940762042999,1,0.2594814002513885,fire hydrant@mix-natural,fire hydrant@medium,fire hydrant,SMLn,M,True
409374,000000409374.jpg,0.3764813244342804,1,0.2594814002513885,fire hydrant@mix-natural,fire hydrant@medium,fire hydrant,SMLn,M,True
451014,000000451014.jpg,0.6167705655097961,1,0.2594814002513885,fire hydrant@mix-natural,fire hydrant@medium,fire hydrant,SMLn,M,True
455435,000000455435.jpg,0.3856131434440613,1,0.2594814002513885,fire hydrant@mix-natural,fire hydrant@medium,fire hydrant,SMLn,M,True
462676,000000462676.jpg,0.318477988243103,1,0.2594814002513885,fire hydrant@mix-natural,fire hydrant@medium,fire hydrant,SMLn,M,True
501667,000000501667.jpg,0.516218900680542,1,0.2594814002513885,fire hydrant@mix-natural,fire hydrant@medium,fire hydrant,SMLn,M,True
521739,000000521739.jpg,0.4003419280052185,1,0.2594814002513885,fire hydrant@mix-natural,fire hydrant@medium,fire hydrant,SMLn,M,True
523564,000000523564.jpg,0.2235428392887115,1,0.2594814002513885,fire hydrant@mix-natural,fire hydrant@medium,fire hydrant,SMLn,M,False
531575,000000531575.jpg,0.3109293282032013,1,0.2594814002513885,fire hydrant@mix-natural,fire hydrant@medium,fire hydrant,SMLn,M,True
565217,000000565217.jpg,0.2995510697364807,1,0.2594814002513885,fire hydrant@mix-natural,fire hydrant@medium,fire hydrant,SMLn,M,True
569495,000000569495.jpg,0.4685192108154297,1,0.2594814002513885,fire hydrant@mix-natural,fire hydrant@medium,fire hydrant,SMLn,M,True
3134,000000003134.jpg,0.2503440678119659,1,0.2594814002513885,fire hydrant@mix-natural,fire hydrant@small,fire hydrant,SMLn,S,False
18090,000000018090.jpg,0.2305972278118133,1,0.2594814002513885,fire hydrant@mix-natural,fire hydrant@small,fire hydrant,SMLn,S,False
24629,000000024629.jpg,0.3157808184623718,1,0.2594814002513885,fire hydrant@mix-natural,fire hydrant@small,fire hydrant,SMLn,S,True
27756,000000027756.jpg,0.2963379621505737,1,0.2594814002513885,fire hydrant@mix-natural,fire hydrant@small,fire hydrant,SMLn,S,True
27777,000000027777.jpg,0.2782816290855407,1,0.2594814002513885,fire hydrant@mix-natural,fire hydrant@small,fire hydrant,SMLn,S,True
31604,000000031604.jpg,0.2726040482521057,1,0.2594814002513885,fire hydrant@mix-natural,fire hydrant@small,fire hydrant,SMLn,S,True
43625,000000043625.jpg,0.2700594067573547,1,0.2594814002513885,fire hydrant@mix-natural,fire hydrant@small,fire hydrant,SMLn,S,True
61992,000000061992.jpg,0.2571838796138763,1,0.2594814002513885,fire hydrant@mix-natural,fire hydrant@small,fire hydrant,SMLn,S,False
85004,000000085004.jpg,0.3277084827423095,1,0.2594814002513885,fire hydrant@mix-natural,fire hydrant@small,fire hydrant,SMLn,S,True
86393,000000086393.jpg,0.2517904937267303,1,0.2594814002513885,fire hydrant@mix-natural,fire hydrant@small,fire hydrant,SMLn,S,False
87743,000000087743.jpg,0.2277022451162338,1,0.2594814002513885,fire hydrant@mix-natural,fire hydrant@small,fire hydrant,SMLn,S,False
90237,000000090237.jpg,0.2468530535697937,1,0.2594814002513885,fire hydrant@mix-natural,fire hydrant@small,fire hydrant,SMLn,S,False
113333,000000113333.jpg,0.264332503080368,1,0.2594814002513885,fire hydrant@mix-natural,fire hydrant@small,fire hydrant,SMLn,S,True
113880,000000113880.jpg,0.2617523670196533,1,0.2594814002513885,fire hydrant@mix-natural,fire hydrant@small|motorcycle@medium,fire hydrant,SMLn,S,True
133183,000000133183.jpg,0.2504242360591888,1,0.2594814002513885,fire hydrant@mix-natural,fire hydrant@small,fire hydrant,SMLn,S,False
137778,000000137778.jpg,0.2795531451702118,1,0.2594814002513885,fire hydrant@mix-natural,fire hydrant@small,fire hydrant,SMLn,S,True
139428,000000139428.jpg,0.2836418747901916,1,0.2594814002513885,fire hydrant@mix-natural,fire hydrant@small,fire hydrant,SMLn,S,True
140630,000000140630.jpg,0.2405739277601242,1,0.2594814002513885,fire hydrant@mix-natural,fire hydrant@small,fire hydrant,SMLn,S,False
162692,000000162692.jpg,0.4344393610954284,1,0.2594814002513885,fire hydrant@mix-natural,fire hydrant@small,fire hydrant,SMLn,S,True
183330,000000183330.jpg,0.302542507648468,1,0.2594814002513885,fire hydrant@mix-natural,fire hydrant@small,fire hydrant,SMLn,S,True
185555,000000185555.jpg,0.4199095070362091,1,0.2594814002513885,fire hydrant@mix-natural,fire hydrant@small,fire hydrant,SMLn,S,True
212011,000000212011.jpg,0.2543887794017792,1,0.2594814002513885,fire hydrant@mix-natural,fire hydrant@small,fire hydrant,SMLn,S,False
217156,000000217156.jpg,0.2685179710388183,1,0.2594814002513885,fire hydrant@mix-natural,fire hydrant@small,fire hydrant,SMLn,S,True
231889,000000231889.jpg,0.2406527251005172,1,0.2594814002513885,fire hydrant@mix-natural,fire hydrant@small,fire hydrant,SMLn,S,False
241407,000000241407.jpg,0.2877886891365051,1,0.2594814002513885,fire hydrant@mix-natural,fire hydrant@small,fire hydrant,SMLn,S,True
251741,000000251741.jpg,0.2619541883468628,1,0.2594814002513885,fire hydrant@mix-natural,fire hydrant@small,fire hydrant,SMLn,S,True
264396,000000264396.jpg,0.2236078232526779,1,0.2594814002513885,fire hydrant@mix-natural,fire hydrant@small,fire hydrant,SMLn,S,False
269038,000000269038.jpg,0.2769655883312225,1,0.2594814002513885,fire hydrant@mix-natural,fire hydrant@small,fire hydrant,SMLn,S,True
293215,000000293215.jpg,0.2689347267150879,1,0.2594814002513885,fire hydrant@mix-natural,fire hydrant@small,fire hydrant,SMLn,S,True
295328,000000295328.jpg,0.2619021534919739,1,0.2594814002513885,fire hydrant@mix-natural,enclosed road vehicle@large|fire hydrant@small,fire hydrant,SMLn,S,True
310703,000000310703.jpg,0.2719115614891052,1,0.2594814002513885,fire hydrant@mix-natural,fire hydrant@small,fire hydrant,SMLn,S,True
315696,000000315696.jpg,0.271345317363739,1,0.2594814002513885,fire hydrant@mix-natural,fire hydrant@small|vase or potted plant@small,fire hydrant,SMLn,S,True
326428,000000326428.jpg,0.3241134285926819,1,0.2594814002513885,fire hydrant@mix-natural,fire hydrant@small,fire hydrant,SMLn,S,True
337083,000000337083.jpg,0.2796745896339416,1,0.2594814002513885,fire hydrant@mix-natural,fire hydrant@small|stop sign@small,fire hydrant,SMLn,S,True
338826,000000338826.jpg,0.339495986700058,1,0.2594814002513885,fire hydrant@mix-natural,fire hydrant@small,fire hydrant,SMLn,S,True
347865,000000347865.jpg,0.2769451141357422,1,0.2594814002513885,fire hydrant@mix-natural,fire hydrant@small,fire hydrant,SMLn,S,True
349363,000000349363.jpg,0.2491010129451751,1,0.2594814002513885,fire hydrant@mix-natural,fire hydrant@small,fire hydrant,SMLn,S,False
406205,000000406205.jpg,0.2652686536312103,1,0.2594814002513885,fire hydrant@mix-natural,fire hydrant@small,fire hydrant,SMLn,S,True
414133,000000414133.jpg,0.2734609544277191,1,0.2594814002513885,fire hydrant@mix-natural,fire hydrant@small,fire hydrant,SMLn,S,True
429353,000000429353.jpg,0.2531562745571136,1,0.2594814002513885,fire hydrant@mix-natural,fire hydrant@small,fire hydrant,SMLn,S,False
440298,000000440298.jpg,0.3135983347892761,1,0.2594814002513885,fire hydrant@mix-natural,fire hydrant@small,fire hydrant,SMLn,S,True
510430,000000510430.jpg,0.3176831603050232,1,0.2594814002513885,fire hydrant@mix-natural,fire hydrant@small,fire hydrant,SMLn,S,True
521059,000000521059.jpg,0.303465723991394,1,0.2594814002513885,fire hydrant@mix-natural,fire hydrant@small,fire hydrant,SMLn,S,True
523002,000000523002.jpg,0.3013812899589538,1,0.2594814002513885,fire hydrant@mix-natural,fire hydrant@small,fire hydrant,SMLn,S,True
529041,000000529041.jpg,0.4173605442047119,1,0.2594814002513885,fire hydrant@mix-natural,fire hydrant@small,fire hydrant,SMLn,S,True
534702,000000534702.jpg,0.209939494729042,1,0.2594814002513885,fire hydrant@mix-natural,fire hydrant@small,fire hydrant,SMLn,S,False
534791,000000534791.jpg,0.276860773563385,1,0.2594814002513885,fire hydrant@mix-natural,fire hydrant@small,fire hydrant,SMLn,S,True
537355,000000537355.jpg,0.3825974762439728,1,0.2594814002513885,fire hydrant@mix-natural,fire hydrant@small,fire hydrant,SMLn,S,True
547280,000000547280.jpg,0.2524715363979339,1,0.2594814002513885,fire hydrant@mix-natural,fire hydrant@small,fire hydrant,SMLn,S,False
548662,000000548662.jpg,0.2111299037933349,1,0.2594814002513885,fire hydrant@mix-natural,fire hydrant@small,fire hydrant,SMLn,S,False
556666,000000556666.jpg,0.2520098388195038,1,0.2594814002513885,fire hydrant@mix-natural,fire hydrant@small,fire hydrant,SMLn,S,False
559484,000000559484.jpg,0.3203997313976288,1,0.2594814002513885,fire hydrant@mix-natural,fire hydrant@small,fire hydrant,SMLn,S,True
571182,000000571182.jpg,0.2619290649890899,1,0.2594814002513885,fire hydrant@mix-natural,fire hydrant@small,fire hydrant,SMLn,S,True
572604,000000572604.jpg,0.3494257032871246,1,0.2594814002513885,fire hydrant@mix-natural,fire hydrant@small,fire hydrant,SMLn,S,True
185545,000000185545.jpg,0.2476669996976852,1,0.2448944523930549,fire hydrant@small,fire hydrant@large,fire hydrant,S,L,True
400936,000000400936.jpg,0.247019350528717,1,0.2448944523930549,fire hydrant@small,fire hydrant@large,fire hydrant,S,L,True
79298,000000079298.jpg,0.2096724957227707,1,0.2448944523930549,fire hydrant@small,fire hydrant@large,fire hydrant,S,L,False
558541,000000558541.jpg,0.1998582929372787,1,0.2448944523930549,fire hydrant@small,fire hydrant@large,fire hydrant,S,L,False
20825,000000020825.jpg,0.2523027956485748,1,0.2448944523930549,fire hydrant@small,fire hydrant@large,fire hydrant,S,L,True
333826,000000333826.jpg,0.3043315708637237,1,0.2448944523930549,fire hydrant@small,fire hydrant@large,fire hydrant,S,L,True
29671,000000029671.jpg,0.3205936551094055,1,0.2448944523930549,fire hydrant@small,fire hydrant@large,fire hydrant,S,L,True
379464,000000379464.jpg,0.2539961040019989,1,0.2448944523930549,fire hydrant@small,fire hydrant@large,fire hydrant,S,L,True
177419,000000177419.jpg,0.2926836609840393,1,0.2448944523930549,fire hydrant@small,fire hydrant@large,fire hydrant,S,L,True
322975,000000322975.jpg,0.2799693048000335,1,0.2448944523930549,fire hydrant@small,fire hydrant@large,fire hydrant,S,L,True
503250,000000503250.jpg,0.2997243404388428,1,0.2448944523930549,fire hydrant@small,fire hydrant@large,fire hydrant,S,L,True
312367,000000312367.jpg,0.2720892131328583,1,0.2448944523930549,fire hydrant@small,fire hydrant@large,fire hydrant,S,L,True
117289,000000117289.jpg,0.2698996663093567,1,0.2448944523930549,fire hydrant@small,fire hydrant@large,fire hydrant,S,L,True
528731,000000528731.jpg,0.2925806045532226,1,0.2448944523930549,fire hydrant@small,fire hydrant@large,fire hydrant,S,L,True
386958,000000386958.jpg,0.22060227394104,1,0.2448944523930549,fire hydrant@small,fire hydrant@large,fire hydrant,S,L,False
125524,000000125524.jpg,0.284848541021347,1,0.2448944523930549,fire hydrant@small,fire hydrant@large,fire hydrant,S,L,True
16805,000000016805.jpg,0.2825016975402832,1,0.2448944523930549,fire hydrant@small,fire hydrant@large,fire hydrant,S,L,True
35105,000000035105.jpg,0.3322851657867431,1,0.2448944523930549,fire hydrant@small,fire hydrant@large,fire hydrant,S,L,True
465049,000000465049.jpg,0.2486959248781204,1,0.2448944523930549,fire hydrant@small,fire hydrant@large,fire hydrant,S,L,True
46162,000000046162.jpg,0.2471010386943817,1,0.2448944523930549,fire hydrant@small,fire hydrant@large,fire hydrant,S,L,True
215803,000000215803.jpg,0.210602656006813,1,0.2448944523930549,fire hydrant@small,fire hydrant@large,fire hydrant,S,L,False
479195,000000479195.jpg,0.2587604820728302,1,0.2448944523930549,fire hydrant@small,fire hydrant@large,fire hydrant,S,L,True
537540,000000537540.jpg,0.289273589849472,1,0.2448944523930549,fire hydrant@small,fire hydrant@large,fire hydrant,S,L,True
405999,000000405999.jpg,0.2205087542533874,1,0.2448944523930549,fire hydrant@small,fire hydrant@large,fire hydrant,S,L,False
318224,000000318224.jpg,0.3178057372570038,1,0.2448944523930549,fire hydrant@small,fire hydrant@large,fire hydrant,S,L,True
165713,000000165713.jpg,0.2381792366504669,1,0.2448944523930549,fire hydrant@small,fire hydrant@large,fire hydrant,S,L,False
431573,000000431573.jpg,0.3034407496452331,1,0.2448944523930549,fire hydrant@small,fire hydrant@large,fire hydrant,S,L,True
193717,000000193717.jpg,0.3076628148555755,1,0.2448944523930549,fire hydrant@small,fire hydrant@large,fire hydrant,S,L,True
471350,000000471350.jpg,0.2908622026443481,1,0.2448944523930549,fire hydrant@small,bus@medium|fire hydrant@large,fire hydrant,S,L,True
123777,000000123777.jpg,0.3185137212276459,1,0.2448944523930549,fire hydrant@small,fire hydrant@large,fire hydrant,S,L,True
13352,000000013352.jpg,0.3296923339366913,1,0.2448944523930549,fire hydrant@small,fire hydrant@large,fire hydrant,S,L,True
485113,000000485113.jpg,0.2349940240383148,1,0.2448944523930549,fire hydrant@small,fire hydrant@large,fire hydrant,S,L,False
310978,000000310978.jpg,0.2236573547124862,1,0.2448944523930549,fire hydrant@small,fire hydrant@large,fire hydrant,S,L,False
427956,000000427956.jpg,0.2816295027732849,1,0.2448944523930549,fire hydrant@small,fire hydrant@large,fire hydrant,S,L,True
89395,000000089395.jpg,0.2668417096138,1,0.2448944523930549,fire hydrant@small,fire hydrant@large,fire hydrant,S,L,True
29648,000000029648.jpg,0.2897451519966125,1,0.2448944523930549,fire hydrant@small,fire hydrant@large,fire hydrant,S,L,True
1496,000000001496.jpg,0.2407945841550827,1,0.2448944523930549,fire hydrant@small,fire hydrant@large,fire hydrant,S,L,False
943,000000000943.jpg,0.231041133403778,1,0.2448944523930549,fire hydrant@small,fire hydrant@large,fire hydrant,S,L,False
126907,000000126907.jpg,0.340212732553482,1,0.2448944523930549,fire hydrant@small,fire hydrant@large,fire hydrant,S,L,True
14128,000000014128.jpg,0.2446750551462173,1,0.2448944523930549,fire hydrant@small,fire hydrant@large,fire hydrant,S,L,False
469721,000000469721.jpg,0.2225216776132583,1,0.2448944523930549,fire hydrant@small,fire hydrant@large,fire hydrant,S,L,False
9975,000000009975.jpg,0.2217735350131988,1,0.2448944523930549,fire hydrant@small,fire hydrant@large,fire hydrant,S,L,False
269784,000000269784.jpg,0.2424424290657043,1,0.2448944523930549,fire hydrant@small,fire hydrant@large,fire hydrant,S,L,False
307272,000000307272.jpg,0.3181446194648742,1,0.2448944523930549,fire hydrant@small,fire hydrant@large,fire hydrant,S,L,True
531970,000000531970.jpg,0.2476386576890945,1,0.2448944523930549,fire hydrant@small,fire hydrant@large,fire hydrant,S,L,True
336040,000000336040.jpg,0.3218467831611633,1,0.2448944523930549,fire hydrant@small,fire hydrant@large,fire hydrant,S,L,True
332113,000000332113.jpg,0.2276835292577743,1,0.2448944523930549,fire hydrant@small,fire hydrant@large,fire hydrant,S,L,False
344236,000000344236.jpg,0.2227643877267837,1,0.2448944523930549,fire hydrant@small,fire hydrant@large,fire hydrant,S,L,False
307359,000000307359.jpg,0.2240031957626342,1,0.2448944523930549,fire hydrant@small,fire hydrant@large,fire hydrant,S,L,False
346668,000000346668.jpg,0.2460112571716308,1,0.2448944523930549,fire hydrant@small,fire hydrant@large,fire hydrant,S,L,True
333321,000000333321.jpg,0.2721473276615143,1,0.2448944523930549,fire hydrant@small,fire hydrant@medium,fire hydrant,S,M,True
400860,000000400860.jpg,0.276293009519577,1,0.2448944523930549,fire hydrant@small,fire hydrant@medium,fire hydrant,S,M,True
88848,000000088848.jpg,0.3110246360301971,1,0.2448944523930549,fire hydrant@small,fire hydrant@medium,fire hydrant,S,M,True
462676,000000462676.jpg,0.1862621456384658,1,0.2448944523930549,fire hydrant@small,fire hydrant@medium,fire hydrant,S,M,False
44341,000000044341.jpg,0.3998878002166748,1,0.2448944523930549,fire hydrant@small,fire hydrant@medium,fire hydrant,S,M,True
317087,000000317087.jpg,0.2478663176298141,1,0.2448944523930549,fire hydrant@small,fire hydrant@medium,fire hydrant,S,M,True
158359,000000158359.jpg,0.2001153975725174,1,0.2448944523930549,fire hydrant@small,fire hydrant@medium,fire hydrant,S,M,False
451014,000000451014.jpg,0.2596493661403656,1,0.2448944523930549,fire hydrant@small,fire hydrant@medium,fire hydrant,S,M,True
455435,000000455435.jpg,0.2083129435777664,1,0.2448944523930549,fire hydrant@small,fire hydrant@medium,fire hydrant,S,M,False
398177,000000398177.jpg,0.1954637318849563,1,0.2448944523930549,fire hydrant@small,fire hydrant@medium,fire hydrant,S,M,False
5336,000000005336.jpg,0.2420208752155304,1,0.2448944523930549,fire hydrant@small,fire hydrant@medium,fire hydrant,S,M,False
117536,000000117536.jpg,0.2025535553693771,1,0.2448944523930549,fire hydrant@small,fire hydrant@medium,fire hydrant,S,M,False
268372,000000268372.jpg,0.2451816648244857,1,0.2448944523930549,fire hydrant@small,fire hydrant@medium,fire hydrant,S,M,True
87481,000000087481.jpg,0.2369981706142425,1,0.2448944523930549,fire hydrant@small,fire hydrant@medium,fire hydrant,S,M,False
565217,000000565217.jpg,0.2898422479629516,1,0.2448944523930549,fire hydrant@small,fire hydrant@medium,fire hydrant,S,M,True
124786,000000124786.jpg,0.2851523458957672,1,0.2448944523930549,fire hydrant@small,fire hydrant@medium,fire hydrant,S,M,True
235466,000000235466.jpg,0.2483351677656173,1,0.2448944523930549,fire hydrant@small,fire hydrant@medium,fire hydrant,S,M,True
315195,000000315195.jpg,0.2228226959705352,1,0.2448944523930549,fire hydrant@small,fire hydrant@medium,fire hydrant,S,M,False
523564,000000523564.jpg,0.2711724042892456,1,0.2448944523930549,fire hydrant@small,fire hydrant@medium,fire hydrant,S,M,True
261151,000000261151.jpg,0.2691642343997955,1,0.2448944523930549,fire hydrant@small,fire hydrant@medium,fire hydrant,S,M,True
218508,000000218508.jpg,0.233665257692337,1,0.2448944523930549,fire hydrant@small,fire hydrant@medium,fire hydrant,S,M,False
366385,000000366385.jpg,0.3436823189258575,1,0.2448944523930549,fire hydrant@small,fire hydrant@medium,fire hydrant,S,M,True
274736,000000274736.jpg,0.3083367645740509,1,0.2448944523930549,fire hydrant@small,fire hydrant@medium|motorcycle@large,fire hydrant,S,M,True
218379,000000218379.jpg,0.3426315188407898,1,0.2448944523930549,fire hydrant@small,bench@medium|fire hydrant@medium,fire hydrant,S,M,True
17183,000000017183.jpg,0.3650598526000976,1,0.2448944523930549,fire hydrant@small,fire hydrant@medium,fire hydrant,S,M,True
301432,000000301432.jpg,0.3619440495967865,1,0.2448944523930549,fire hydrant@small,fire hydrant@medium,fire hydrant,S,M,True
406103,000000406103.jpg,0.2604907155036926,1,0.2448944523930549,fire hydrant@small,fire hydrant@medium,fire hydrant,S,M,True
111280,000000111280.jpg,0.2867816090583801,1,0.2448944523930549,fire hydrant@small,fire hydrant@medium,fire hydrant,S,M,True
405209,000000405209.jpg,0.2818543016910553,1,0.2448944523930549,fire hydrant@small,fire hydrant@medium,fire hydrant,S,M,True
350825,000000350825.jpg,0.255046397447586,1,0.2448944523930549,fire hydrant@small,fire hydrant@medium,fire hydrant,S,M,True
293668,000000293668.jpg,0.2892956137657165,1,0.2448944523930549,fire hydrant@small,fire hydrant@medium,fire hydrant,S,M,True
531575,000000531575.jpg,0.3500361442565918,1,0.2448944523930549,fire hydrant@small,fire hydrant@medium,fire hydrant,S,M,True
336492,000000336492.jpg,0.2542374730110168,1,0.2448944523930549,fire hydrant@small,fire hydrant@medium,fire hydrant,S,M,True
310472,000000310472.jpg,0.272915780544281,1,0.2448944523930549,fire hydrant@small,fire hydrant@medium,fire hydrant,S,M,True
263098,000000263098.jpg,0.2351011335849762,1,0.2448944523930549,fire hydrant@small,fire hydrant@medium,fire hydrant,S,M,False
320333,000000320333.jpg,0.3473743200302124,1,0.2448944523930549,fire hydrant@small,fire hydrant@medium,fire hydrant,S,M,True
43353,000000043353.jpg,0.4169968962669372,1,0.2448944523930549,fire hydrant@small,fire hydrant@medium,fire hydrant,S,M,True
501667,000000501667.jpg,0.2198001593351364,1,0.2448944523930549,fire hydrant@small,fire hydrant@medium,fire hydrant,S,M,False
300177,000000300177.jpg,0.2609091997146606,1,0.2448944523930549,fire hydrant@small,fire hydrant@medium,fire hydrant,S,M,True
569495,000000569495.jpg,0.2048249244689941,1,0.2448944523930549,fire hydrant@small,fire hydrant@medium,fire hydrant,S,M,False
409374,000000409374.jpg,0.2268992066383361,1,0.2448944523930549,fire hydrant@small,fire hydrant@medium,fire hydrant,S,M,False
180329,000000180329.jpg,0.2213563323020935,1,0.2448944523930549,fire hydrant@small,fire hydrant@medium,fire hydrant,S,M,False
147505,000000147505.jpg,0.2717005014419555,1,0.2448944523930549,fire hydrant@small,fire hydrant@medium,fire hydrant,S,M,True
521739,000000521739.jpg,0.3204521238803863,1,0.2448944523930549,fire hydrant@small,fire hydrant@medium,fire hydrant,S,M,True
338826,000000338826.jpg,0.3213167786598205,1,0.2448944523930549,fire hydrant@small,fire hydrant@small,fire hydrant,S,S,True
24629,000000024629.jpg,0.4336288869380951,1,0.2448944523930549,fire hydrant@small,fire hydrant@small,fire hydrant,S,S,True
293215,000000293215.jpg,0.236155554652214,1,0.2448944523930549,fire hydrant@small,fire hydrant@small,fire hydrant,S,S,False
18090,000000018090.jpg,0.2541265189647674,1,0.2448944523930549,fire hydrant@small,fire hydrant@small,fire hydrant,S,S,True
414133,000000414133.jpg,0.3569110035896301,1,0.2448944523930549,fire hydrant@small,fire hydrant@small,fire hydrant,S,S,True
559484,000000559484.jpg,0.2587571144104004,1,0.2448944523930549,fire hydrant@small,fire hydrant@small,fire hydrant,S,S,True
113880,000000113880.jpg,0.2413765341043472,1,0.2448944523930549,fire hydrant@small,fire hydrant@small|motorcycle@medium,fire hydrant,S,S,False
315696,000000315696.jpg,0.24200339615345,1,0.2448944523930549,fire hydrant@small,fire hydrant@small|vase or potted plant@small,fire hydrant,S,S,False
521059,000000521059.jpg,0.3471258580684662,1,0.2448944523930549,fire hydrant@small,fire hydrant@small,fire hydrant,S,S,True
523002,000000523002.jpg,0.4986975789070129,1,0.2448944523930549,fire hydrant@small,fire hydrant@small,fire hydrant,S,S,True
406205,000000406205.jpg,0.2782362997531891,1,0.2448944523930549,fire hydrant@small,fire hydrant@small,fire hydrant,S,S,True
529041,000000529041.jpg,0.2489662170410156,1,0.2448944523930549,fire hydrant@small,fire hydrant@small,fire hydrant,S,S,True
61992,000000061992.jpg,0.2566160559654236,1,0.2448944523930549,fire hydrant@small,fire hydrant@small,fire hydrant,S,S,True
534702,000000534702.jpg,0.2581545412540436,1,0.2448944523930549,fire hydrant@small,fire hydrant@small,fire hydrant,S,S,True
217156,000000217156.jpg,0.3045951724052429,1,0.2448944523930549,fire hydrant@small,fire hydrant@small,fire hydrant,S,S,True
556666,000000556666.jpg,0.262160062789917,1,0.2448944523930549,fire hydrant@small,fire hydrant@small,fire hydrant,S,S,True
27756,000000027756.jpg,0.3267513215541839,1,0.2448944523930549,fire hydrant@small,fire hydrant@small,fire hydrant,S,S,True
43625,000000043625.jpg,0.19643434882164,1,0.2448944523930549,fire hydrant@small,fire hydrant@small,fire hydrant,S,S,False
251741,000000251741.jpg,0.2706747353076935,1,0.2448944523930549,fire hydrant@small,fire hydrant@small,fire hydrant,S,S,True
347865,000000347865.jpg,0.3039185106754303,1,0.2448944523930549,fire hydrant@small,fire hydrant@small,fire hydrant,S,S,True
547280,000000547280.jpg,0.3698284924030304,1,0.2448944523930549,fire hydrant@small,fire hydrant@small,fire hydrant,S,S,True
269038,000000269038.jpg,0.4405860304832458,1,0.2448944523930549,fire hydrant@small,fire hydrant@small,fire hydrant,S,S,True
571182,000000571182.jpg,0.2349754571914672,1,0.2448944523930549,fire hydrant@small,fire hydrant@small,fire hydrant,S,S,False
295328,000000295328.jpg,0.2621677815914154,1,0.2448944523930549,fire hydrant@small,enclosed road vehicle@large|fire hydrant@small,fire hydrant,S,S,True
337083,000000337083.jpg,0.4009422361850738,1,0.2448944523930549,fire hydrant@small,fire hydrant@small|stop sign@small,fire hydrant,S,S,True
241407,000000241407.jpg,0.3868585228919983,1,0.2448944523930549,fire hydrant@small,fire hydrant@small,fire hydrant,S,S,True
27777,000000027777.jpg,0.2620276212692261,1,0.2448944523930549,fire hydrant@small,fire hydrant@small,fire hydrant,S,S,True
264396,000000264396.jpg,0.2514224350452423,1,0.2448944523930549,fire hydrant@small,fire hydrant@small,fire hydrant,S,S,True
162692,000000162692.jpg,0.3196657001972198,1,0.2448944523930549,fire hydrant@small,fire hydrant@small,fire hydrant,S,S,True
113333,000000113333.jpg,0.3707918524742126,1,0.2448944523930549,fire hydrant@small,fire hydrant@small,fire hydrant,S,S,True
31604,000000031604.jpg,0.3996905386447906,1,0.2448944523930549,fire hydrant@small,fire hydrant@small,fire hydrant,S,S,True
139428,000000139428.jpg,0.2630383372306824,1,0.2448944523930549,fire hydrant@small,fire hydrant@small,fire hydrant,S,S,True
534791,000000534791.jpg,0.2932202816009521,1,0.2448944523930549,fire hydrant@small,fire hydrant@small,fire hydrant,S,S,True
90237,000000090237.jpg,0.233430728316307,1,0.2448944523930549,fire hydrant@small,fire hydrant@small,fire hydrant,S,S,False
310703,000000310703.jpg,0.2729654908180237,1,0.2448944523930549,fire hydrant@small,fire hydrant@small,fire hydrant,S,S,True
86393,000000086393.jpg,0.3422251641750335,1,0.2448944523930549,fire hydrant@small,fire hydrant@small,fire hydrant,S,S,True
326428,000000326428.jpg,0.4357356131076813,1,0.2448944523930549,fire hydrant@small,fire hydrant@small,fire hydrant,S,S,True
429353,000000429353.jpg,0.3035496473312378,1,0.2448944523930549,fire hydrant@small,fire hydrant@small,fire hydrant,S,S,True
183330,000000183330.jpg,0.2149819135665893,1,0.2448944523930549,fire hydrant@small,fire hydrant@small,fire hydrant,S,S,False
3134,000000003134.jpg,0.3550541698932647,1,0.2448944523930549,fire hydrant@small,fire hydrant@small,fire hydrant,S,S,True
212011,000000212011.jpg,0.3677896559238434,1,0.2448944523930549,fire hydrant@small,fire hydrant@small,fire hydrant,S,S,True
349363,000000349363.jpg,0.3397179543972015,1,0.2448944523930549,fire hydrant@small,fire hydrant@small,fire hydrant,S,S,True
87743,000000087743.jpg,0.306913286447525,1,0.2448944523930549,fire hydrant@small,fire hydrant@small,fire hydrant,S,S,True
572604,000000572604.jpg,0.2978688776493072,1,0.2448944523930549,fire hydrant@small,fire hydrant@small,fire hydrant,S,S,True
510430,000000510430.jpg,0.2724785208702087,1,0.2448944523930549,fire hydrant@small,fire hydrant@small,fire hydrant,S,S,True
548662,000000548662.jpg,0.3040499091148376,1,0.2448944523930549,fire hydrant@small,fire hydrant@small,fire hydrant,S,S,True
231889,000000231889.jpg,0.2736636996269226,1,0.2448944523930549,fire hydrant@small,fire hydrant@small,fire hydrant,S,S,True
133183,000000133183.jpg,0.3889279961585998,1,0.2448944523930549,fire hydrant@small,fire hydrant@small,fire hydrant,S,S,True
185555,000000185555.jpg,0.3384605944156647,1,0.2448944523930549,fire hydrant@small,fire hydrant@small,fire hydrant,S,S,True
440298,000000440298.jpg,0.3786316514015198,1,0.2448944523930549,fire hydrant@small,fire hydrant@small,fire hydrant,S,S,True
537355,000000537355.jpg,0.2819498777389526,1,0.2448944523930549,fire hydrant@small,fire hydrant@small,fire hydrant,S,S,True
140630,000000140630.jpg,0.4548015296459198,1,0.2448944523930549,fire hydrant@small,fire hydrant@small,fire hydrant,S,S,True
85004,000000085004.jpg,0.333103597164154,1,0.2448944523930549,fire hydrant@small,fire hydrant@small,fire hydrant,S,S,True
137778,000000137778.jpg,0.2893562316894531,1,0.2448944523930549,fire hydrant@small,fire hydrant@small,fire hydrant,S,S,True
349719,000000349719.jpg,0.6522008776664734,1,0.2802050858736038,laptop@large,laptop@large,laptop,L,L,True
27717,000000027717.jpg,0.6570605635643005,1,0.2802050858736038,laptop@large,laptop@large,laptop,L,L,True
68048,000000068048.jpg,0.5810741782188416,1,0.2802050858736038,laptop@large,laptop@large,laptop,L,L,True
119233,000000119233.jpg,0.5383302569389343,1,0.2802050858736038,laptop@large,laptop@large,laptop,L,L,True
69003,000000069003.jpg,0.446486085653305,1,0.2802050858736038,laptop@large,laptop@large,laptop,L,L,True
408235,000000408235.jpg,0.4795157313346863,1,0.2802050858736038,laptop@large,laptop@large,laptop,L,L,True
381047,000000381047.jpg,0.545587956905365,1,0.2802050858736038,laptop@large,laptop@large,laptop,L,L,True
376131,000000376131.jpg,0.4879760444164276,1,0.2802050858736038,laptop@large,laptop@large,laptop,L,L,True
545016,000000545016.jpg,0.5970208644866943,1,0.2802050858736038,laptop@large,laptop@large,laptop,L,L,True
557685,000000557685.jpg,0.5775405764579773,1,0.2802050858736038,laptop@large,laptop@large|mouse@small,laptop,L,L,True
203248,000000203248.jpg,0.6034350395202637,1,0.2802050858736038,laptop@large,laptop@large,laptop,L,L,True
188148,000000188148.jpg,0.4695285856723785,1,0.2802050858736038,laptop@large,laptop@large,laptop,L,L,True
96757,000000096757.jpg,0.5181660056114197,1,0.2802050858736038,laptop@large,laptop@large|mouse@medium,laptop,L,L,True
530097,000000530097.jpg,0.6220269203186035,1,0.2802050858736038,laptop@large,laptop@large,laptop,L,L,True
80949,000000080949.jpg,0.5707688331604004,1,0.2802050858736038,laptop@large,laptop@large,laptop,L,L,True
58822,000000058822.jpg,0.5527712106704712,1,0.2802050858736038,laptop@large,laptop@large,laptop,L,L,True
571886,000000571886.jpg,0.6197320222854614,1,0.2802050858736038,laptop@large,laptop@large,laptop,L,L,True
291438,000000291438.jpg,0.5591673254966736,1,0.2802050858736038,laptop@large,laptop@large,laptop,L,L,True
524056,000000524056.jpg,0.4564702212810516,1,0.2802050858736038,laptop@large,laptop@large,laptop,L,L,True
402109,000000402109.jpg,0.5567648410797119,1,0.2802050858736038,laptop@large,banana@medium|keyboard@large|laptop@large,laptop,L,L,True
120246,000000120246.jpg,0.5797609686851501,1,0.2802050858736038,laptop@large,laptop@large,laptop,L,L,True
413896,000000413896.jpg,0.6405759453773499,1,0.2802050858736038,laptop@large,laptop@large,laptop,L,L,True
526801,000000526801.jpg,0.4354009628295898,1,0.2802050858736038,laptop@large,laptop@large,laptop,L,L,True
151229,000000151229.jpg,0.5772712230682373,1,0.2802050858736038,laptop@large,laptop@large,laptop,L,L,True
360013,000000360013.jpg,0.4791735112667084,1,0.2802050858736038,laptop@large,laptop@large,laptop,L,L,True
375820,000000375820.jpg,0.5800517797470093,1,0.2802050858736038,laptop@large,laptop@large,laptop,L,L,True
275325,000000275325.jpg,0.5688593983650208,1,0.2802050858736038,laptop@large,laptop@large,laptop,L,L,True
134907,000000134907.jpg,0.6028431057929993,1,0.2802050858736038,laptop@large,laptop@large,laptop,L,L,True
354059,000000354059.jpg,0.5321992635726929,1,0.2802050858736038,laptop@large,laptop@large,laptop,L,L,True
554711,000000554711.jpg,0.4841624796390533,1,0.2802050858736038,laptop@large,laptop@large,laptop,L,L,True
208340,000000208340.jpg,0.4878550469875335,1,0.2802050858736038,laptop@large,laptop@large,laptop,L,L,True
211260,000000211260.jpg,0.4560785889625549,1,0.2802050858736038,laptop@large,laptop@large,laptop,L,L,True
231605,000000231605.jpg,0.5821529626846313,1,0.2802050858736038,laptop@large,laptop@large,laptop,L,L,True
370478,000000370478.jpg,0.4147139489650726,1,0.2802050858736038,laptop@large,laptop@large,laptop,L,L,True
118680,000000118680.jpg,0.5830793976783752,1,0.2802050858736038,laptop@large,laptop@large,laptop,L,L,True
192835,000000192835.jpg,0.553691565990448,1,0.2802050858736038,laptop@large,laptop@large|mouse@medium,laptop,L,L,True
14335,000000014335.jpg,0.5025911927223206,1,0.2802050858736038,laptop@large,laptop@large,laptop,L,L,True
375232,000000375232.jpg,0.5393842458724976,1,0.2802050858736038,laptop@large,laptop@large,laptop,L,L,True
275644,000000275644.jpg,0.5901546478271484,1,0.2802050858736038,laptop@large,laptop@large,laptop,L,L,True
569310,000000569310.jpg,0.64012610912323,1,0.2802050858736038,laptop@large,laptop@large,laptop,L,L,True
22150,000000022150.jpg,0.4951364696025848,1,0.2802050858736038,laptop@large,laptop@large,laptop,L,L,True
92835,000000092835.jpg,0.5885362029075623,1,0.2802050858736038,laptop@large,laptop@large,laptop,L,L,True
498690,000000498690.jpg,0.623297929763794,1,0.2802050858736038,laptop@large,laptop@large,laptop,L,L,True
544471,000000544471.jpg,0.4948412477970123,1,0.2802050858736038,laptop@large,laptop@large,laptop,L,L,True
416006,000000416006.jpg,0.5783650875091553,1,0.2802050858736038,laptop@large,laptop@large,laptop,L,L,True
192043,000000192043.jpg,0.2524891793727875,1,0.2802050858736038,laptop@large,laptop@medium,laptop,L,M,False
57481,000000057481.jpg,0.3651684522628784,1,0.2802050858736038,laptop@large,laptop@medium,laptop,L,M,True
160201,000000160201.jpg,0.4567981362342834,1,0.2802050858736038,laptop@large,laptop@medium,laptop,L,M,True
540321,000000540321.jpg,0.2377561330795288,1,0.2802050858736038,laptop@large,laptop@medium,laptop,L,M,False
257164,000000257164.jpg,0.4523220956325531,1,0.2802050858736038,laptop@large,laptop@medium,laptop,L,M,True
502508,000000502508.jpg,0.4413493871688843,1,0.2802050858736038,laptop@large,laptop@medium,laptop,L,M,True
534048,000000534048.jpg,0.4023599624633789,1,0.2802050858736038,laptop@large,laptop@medium,laptop,L,M,True
578498,000000578498.jpg,0.2620142996311188,1,0.2802050858736038,laptop@large,laptop@medium,laptop,L,M,False
423275,000000423275.jpg,0.2867929637432098,1,0.2802050858736038,laptop@large,laptop@medium,laptop,L,M,True
325781,000000325781.jpg,0.3505024909973144,1,0.2802050858736038,laptop@large,laptop@medium,laptop,L,M,True
147060,000000147060.jpg,0.5331889986991882,1,0.2802050858736038,laptop@large,laptop@medium,laptop,L,M,True
221605,000000221605.jpg,0.4581924378871918,1,0.2802050858736038,laptop@large,laptop@medium|mouse@medium,laptop,L,M,True
531860,000000531860.jpg,0.3236524760723114,1,0.2802050858736038,laptop@large,bowl@medium|laptop@medium,laptop,L,M,True
395907,000000395907.jpg,0.237768292427063,1,0.2802050858736038,laptop@large,laptop@medium,laptop,L,M,False
211112,000000211112.jpg,0.2794431746006012,1,0.2802050858736038,laptop@large,laptop@medium,laptop,L,M,False
107969,000000107969.jpg,0.2489302605390548,1,0.2802050858736038,laptop@large,laptop@medium,laptop,L,M,False
399164,000000399164.jpg,0.3876842260360718,1,0.2802050858736038,laptop@large,laptop@medium|tv@medium,laptop,L,M,True
256504,000000256504.jpg,0.4994890093803406,1,0.2802050858736038,laptop@large,laptop@medium,laptop,L,M,True
491981,000000491981.jpg,0.3854049742221832,1,0.2802050858736038,laptop@large,laptop@medium,laptop,L,M,True
535130,000000535130.jpg,0.3205745816230774,1,0.2802050858736038,laptop@large,laptop@medium,laptop,L,M,True
225609,000000225609.jpg,0.5114062428474426,1,0.2802050858736038,laptop@large,laptop@medium,laptop,L,M,True
264244,000000264244.jpg,0.4691715538501739,1,0.2802050858736038,laptop@large,laptop@medium,laptop,L,M,True
11209,000000011209.jpg,0.3397583067417145,1,0.2802050858736038,laptop@large,laptop@medium,laptop,L,M,True
87205,000000087205.jpg,0.409441590309143,1,0.2802050858736038,laptop@large,keyboard@medium|laptop@medium,laptop,L,M,True
125773,000000125773.jpg,0.4379406571388244,1,0.2802050858736038,laptop@large,laptop@medium,laptop,L,M,True
105538,000000105538.jpg,0.5195308327674866,1,0.2802050858736038,laptop@large,laptop@medium,laptop,L,M,True
445462,000000445462.jpg,0.4102711081504822,1,0.2802050858736038,laptop@large,laptop@medium,laptop,L,M,True
288548,000000288548.jpg,0.5201387405395508,1,0.2802050858736038,laptop@large,laptop@medium,laptop,L,M,True
146963,000000146963.jpg,0.4894236624240875,1,0.2802050858736038,laptop@large,laptop@medium,laptop,L,M,True
311706,000000311706.jpg,0.369004875421524,1,0.2802050858736038,laptop@large,laptop@medium,laptop,L,M,True
63081,000000063081.jpg,0.2277583479881286,1,0.2802050858736038,laptop@large,laptop@medium,laptop,L,M,False
445829,000000445829.jpg,0.2350169420242309,1,0.2802050858736038,laptop@large,laptop@medium|tv@medium,laptop,L,M,False
141278,000000141278.jpg,0.4666355848312378,1,0.2802050858736038,laptop@large,laptop@medium,laptop,L,M,True
166225,000000166225.jpg,0.3342927992343902,1,0.2802050858736038,laptop@large,laptop@medium,laptop,L,M,True
341741,000000341741.jpg,0.5154608488082886,1,0.2802050858736038,laptop@large,laptop@medium,laptop,L,M,True
158428,000000158428.jpg,0.3094143271446228,1,0.2802050858736038,laptop@large,cell phone@small|dog@medium|laptop@medium,laptop,L,M,True
405674,000000405674.jpg,0.3745099604129791,1,0.2802050858736038,laptop@large,banana@medium|laptop@medium,laptop,L,M,True
271728,000000271728.jpg,0.4563371241092682,1,0.2802050858736038,laptop@large,laptop@medium,laptop,L,M,True
342098,000000342098.jpg,0.4453195035457611,1,0.2802050858736038,laptop@large,laptop@medium|scissors@small,laptop,L,M,True
219624,000000219624.jpg,0.4443095922470093,1,0.2802050858736038,laptop@large,laptop@medium,laptop,L,M,True
171139,000000171139.jpg,0.5260559916496277,1,0.2802050858736038,laptop@large,laptop@medium,laptop,L,M,True
576376,000000576376.jpg,0.3449023067951202,1,0.2802050858736038,laptop@large,laptop@medium,laptop,L,M,True
480487,000000480487.jpg,0.5369765162467957,1,0.2802050858736038,laptop@large,laptop@medium,laptop,L,M,True
387264,000000387264.jpg,0.2618930637836456,1,0.2802050858736038,laptop@large,laptop@medium,laptop,L,M,False
126814,000000126814.jpg,0.3583454191684723,1,0.2802050858736038,laptop@large,laptop@medium,laptop,L,M,True
377570,000000377570.jpg,0.4822783172130584,1,0.2802050858736038,laptop@large,laptop@medium,laptop,L,M,True
30347,000000030347.jpg,0.5292469263076782,1,0.2802050858736038,laptop@large,laptop@medium,laptop,L,M,True
422894,000000422894.jpg,0.2098743021488189,1,0.2802050858736038,laptop@large,laptop@medium,laptop,L,M,False
349918,000000349918.jpg,0.4259845018386841,1,0.2802050858736038,laptop@large,laptop@medium|scissors@small|single serving drinking vessel@small,laptop,L,M,True
450704,000000450704.jpg,0.3203822374343872,1,0.2802050858736038,laptop@large,laptop@medium,laptop,L,M,True
422969,000000422969.jpg,0.269478291273117,1,0.2802050858736038,laptop@large,laptop@medium,laptop,L,M,False
374846,000000374846.jpg,0.3862548172473907,1,0.2802050858736038,laptop@large,laptop@medium,laptop,L,M,True
509718,000000509718.jpg,0.3910099267959595,1,0.2802050858736038,laptop@large,laptop@small|tv@medium,laptop,L,S,True
49199,000000049199.jpg,0.2489481270313263,1,0.2802050858736038,laptop@large,chair@medium|laptop@small,laptop,L,S,False
441415,000000441415.jpg,0.2974573373794555,1,0.2802050858736038,laptop@large,cell phone@small|laptop@small|single serving drinking vessel@small,laptop,L,S,True
523863,000000523863.jpg,0.2799353301525116,1,0.2802050858736038,laptop@large,laptop@small,laptop,L,S,False
304336,000000304336.jpg,0.2887355387210846,1,0.2802050858736038,laptop@large,laptop@small,laptop,L,S,True
205344,000000205344.jpg,0.2887326776981354,1,0.2802050858736038,laptop@large,laptop@small,laptop,L,S,True
345142,000000345142.jpg,0.202436551451683,1,0.2802050858736038,laptop@large,laptop@small,laptop,L,S,False
432604,000000432604.jpg,0.2623099982738495,1,0.2802050858736038,laptop@large,laptop@small,laptop,L,S,False
333888,000000333888.jpg,0.2237416058778762,1,0.2802050858736038,laptop@large,keyboard@small|laptop@small,laptop,L,S,False
18473,000000018473.jpg,0.2470116019248962,1,0.2802050858736038,laptop@large,laptop@small,laptop,L,S,False
163598,000000163598.jpg,0.3296203017234802,1,0.2802050858736038,laptop@large,laptop@small,laptop,L,S,True
546147,000000546147.jpg,0.3714525401592254,1,0.2802050858736038,laptop@large,laptop@small,laptop,L,S,True
479935,000000479935.jpg,0.2728168964385986,1,0.2802050858736038,laptop@large,keyboard@small|laptop@small,laptop,L,S,False
564611,000000564611.jpg,0.2159411758184433,1,0.2802050858736038,laptop@large,laptop@small,laptop,L,S,False
63647,000000063647.jpg,0.2150577902793884,1,0.2802050858736038,laptop@large,laptop@small,laptop,L,S,False
102947,000000102947.jpg,0.2377435266971588,1,0.2802050858736038,laptop@large,laptop@small,laptop,L,S,False
293899,000000293899.jpg,0.22746242582798,1,0.2802050858736038,laptop@large,laptop@small,laptop,L,S,False
559163,000000559163.jpg,0.2527555823326111,1,0.2802050858736038,laptop@large,laptop@small,laptop,L,S,False
303713,000000303713.jpg,0.2228175848722458,1,0.2802050858736038,laptop@large,laptop@small|tennis racket@small,laptop,L,S,False
410398,000000410398.jpg,0.2691464424133301,1,0.2802050858736038,laptop@large,laptop@small,laptop,L,S,False
262605,000000262605.jpg,0.2473469674587249,1,0.2802050858736038,laptop@large,laptop@small,laptop,L,S,False
374448,000000374448.jpg,0.1918951123952865,1,0.2802050858736038,laptop@large,dining table@medium|laptop@small,laptop,L,S,False
88647,000000088647.jpg,0.2541412115097046,1,0.2802050858736038,laptop@large,laptop@small,laptop,L,S,False
267815,000000267815.jpg,0.2997072339057922,1,0.2802050858736038,laptop@large,laptop@small,laptop,L,S,True
198198,000000198198.jpg,0.2975591421127319,1,0.2802050858736038,laptop@large,laptop@small,laptop,L,S,True
578375,000000578375.jpg,0.3170666694641113,1,0.2802050858736038,laptop@large,laptop@small,laptop,L,S,True
577614,000000577614.jpg,0.3161399662494659,1,0.2802050858736038,laptop@large,laptop@small,laptop,L,S,True
389638,000000389638.jpg,0.215208351612091,1,0.2802050858736038,laptop@large,laptop@small,laptop,L,S,False
384,000000000384.jpg,0.2411796450614929,1,0.2802050858736038,laptop@large,laptop@small,laptop,L,S,False
187803,000000187803.jpg,0.2571606934070587,1,0.2802050858736038,laptop@large,laptop@small,laptop,L,S,False
515212,000000515212.jpg,0.2261308282613754,1,0.2802050858736038,laptop@large,laptop@small,laptop,L,S,False
399791,000000399791.jpg,0.2395904511213302,1,0.2802050858736038,laptop@large,laptop@small,laptop,L,S,False
222702,000000222702.jpg,0.2264052480459213,1,0.2802050858736038,laptop@large,laptop@small,laptop,L,S,False
330493,000000330493.jpg,0.2446659207344055,1,0.2802050858736038,laptop@large,laptop@small|vase or potted plant@medium,laptop,L,S,False
576385,000000576385.jpg,0.2110824882984161,1,0.2802050858736038,laptop@large,laptop@small,laptop,L,S,False
435880,000000435880.jpg,0.2558203041553497,1,0.2802050858736038,laptop@large,laptop@small,laptop,L,S,False
160556,000000160556.jpg,0.4503416717052459,1,0.2802050858736038,laptop@large,laptop@small|microwave@large,laptop,L,S,True
137861,000000137861.jpg,0.284308522939682,1,0.2802050858736038,laptop@large,laptop@small|mouse@small,laptop,L,S,True
284884,000000284884.jpg,0.2401172667741775,1,0.2802050858736038,laptop@large,laptop@small,laptop,L,S,False
223540,000000223540.jpg,0.3393909633159637,1,0.2802050858736038,laptop@large,keyboard@small|laptop@small,laptop,L,S,True
89792,000000089792.jpg,0.2246215343475341,1,0.2802050858736038,laptop@large,laptop@small,laptop,L,S,False
434354,000000434354.jpg,0.2298990935087204,1,0.2802050858736038,laptop@large,keyboard@small|laptop@small,laptop,L,S,False
118726,000000118726.jpg,0.2685002982616424,1,0.2802050858736038,laptop@large,laptop@small,laptop,L,S,False
538596,000000538596.jpg,0.2566499412059784,1,0.2802050858736038,laptop@large,laptop@small,laptop,L,S,False
117428,000000117428.jpg,0.2666702568531036,1,0.2802050858736038,laptop@large,laptop@small,laptop,L,S,False
202066,000000202066.jpg,0.2751117050647735,1,0.2802050858736038,laptop@large,laptop@small,laptop,L,S,False
516774,000000516774.jpg,0.2394938617944717,1,0.2802050858736038,laptop@large,laptop@small,laptop,L,S,False
128649,000000128649.jpg,0.2265275120735168,1,0.2802050858736038,laptop@large,laptop@small|vase or potted plant@small,laptop,L,S,False
409050,000000409050.jpg,0.2217265218496322,1,0.2802050858736038,laptop@large,chair@medium|laptop@small|tv@small,laptop,L,S,False
347300,000000347300.jpg,0.2602188885211944,1,0.2802050858736038,laptop@large,laptop@small,laptop,L,S,False
349719,000000349719.jpg,0.5044288039207458,1,0.2576809525489807,laptop@medium,laptop@large,laptop,M,L,True
27717,000000027717.jpg,0.4161024093627929,1,0.2576809525489807,laptop@medium,laptop@large,laptop,M,L,True
68048,000000068048.jpg,0.3287353217601776,1,0.2576809525489807,laptop@medium,laptop@large,laptop,M,L,True
119233,000000119233.jpg,0.3475070297718048,1,0.2576809525489807,laptop@medium,laptop@large,laptop,M,L,True
69003,000000069003.jpg,0.3307341635227203,1,0.2576809525489807,laptop@medium,laptop@large,laptop,M,L,True
408235,000000408235.jpg,0.2914862036705017,1,0.2576809525489807,laptop@medium,laptop@large,laptop,M,L,True
381047,000000381047.jpg,0.3817594349384308,1,0.2576809525489807,laptop@medium,laptop@large,laptop,M,L,True
376131,000000376131.jpg,0.4273906648159027,1,0.2576809525489807,laptop@medium,laptop@large,laptop,M,L,True
545016,000000545016.jpg,0.4822186529636383,1,0.2576809525489807,laptop@medium,laptop@large,laptop,M,L,True
557685,000000557685.jpg,0.5107272267341614,1,0.2576809525489807,laptop@medium,laptop@large|mouse@small,laptop,M,L,True
203248,000000203248.jpg,0.5358192920684814,1,0.2576809525489807,laptop@medium,laptop@large,laptop,M,L,True
188148,000000188148.jpg,0.4901130199432373,1,0.2576809525489807,laptop@medium,laptop@large,laptop,M,L,True
96757,000000096757.jpg,0.4194662272930145,1,0.2576809525489807,laptop@medium,laptop@large|mouse@medium,laptop,M,L,True
530097,000000530097.jpg,0.3382907211780548,1,0.2576809525489807,laptop@medium,laptop@large,laptop,M,L,True
80949,000000080949.jpg,0.3640028536319732,1,0.2576809525489807,laptop@medium,laptop@large,laptop,M,L,True
58822,000000058822.jpg,0.3992520868778229,1,0.2576809525489807,laptop@medium,laptop@large,laptop,M,L,True
571886,000000571886.jpg,0.412527859210968,1,0.2576809525489807,laptop@medium,laptop@large,laptop,M,L,True
291438,000000291438.jpg,0.3235093057155609,1,0.2576809525489807,laptop@medium,laptop@large,laptop,M,L,True
524056,000000524056.jpg,0.4374178051948547,1,0.2576809525489807,laptop@medium,laptop@large,laptop,M,L,True
402109,000000402109.jpg,0.5373449325561523,1,0.2576809525489807,laptop@medium,banana@medium|keyboard@large|laptop@large,laptop,M,L,True
120246,000000120246.jpg,0.4532922804355621,1,0.2576809525489807,laptop@medium,laptop@large,laptop,M,L,True
413896,000000413896.jpg,0.3736432492733001,1,0.2576809525489807,laptop@medium,laptop@large,laptop,M,L,True
526801,000000526801.jpg,0.4489814639091491,1,0.2576809525489807,laptop@medium,laptop@large,laptop,M,L,True
151229,000000151229.jpg,0.3496144115924835,1,0.2576809525489807,laptop@medium,laptop@large,laptop,M,L,True
360013,000000360013.jpg,0.4638985097408294,1,0.2576809525489807,laptop@medium,laptop@large,laptop,M,L,True
375820,000000375820.jpg,0.4116111993789673,1,0.2576809525489807,laptop@medium,laptop@large,laptop,M,L,True
275325,000000275325.jpg,0.3520973920822143,1,0.2576809525489807,laptop@medium,laptop@large,laptop,M,L,True
134907,000000134907.jpg,0.4930009245872497,1,0.2576809525489807,laptop@medium,laptop@large,laptop,M,L,True
354059,000000354059.jpg,0.5308374166488647,1,0.2576809525489807,laptop@medium,laptop@large,laptop,M,L,True
554711,000000554711.jpg,0.5095649361610413,1,0.2576809525489807,laptop@medium,laptop@large,laptop,M,L,True
208340,000000208340.jpg,0.2901636362075805,1,0.2576809525489807,laptop@medium,laptop@large,laptop,M,L,True
211260,000000211260.jpg,0.4919389486312866,1,0.2576809525489807,laptop@medium,laptop@large,laptop,M,L,True
231605,000000231605.jpg,0.367079496383667,1,0.2576809525489807,laptop@medium,laptop@large,laptop,M,L,True
370478,000000370478.jpg,0.4436350762844085,1,0.2576809525489807,laptop@medium,laptop@large,laptop,M,L,True
118680,000000118680.jpg,0.4205873906612396,1,0.2576809525489807,laptop@medium,laptop@large,laptop,M,L,True
192835,000000192835.jpg,0.471232533454895,1,0.2576809525489807,laptop@medium,laptop@large|mouse@medium,laptop,M,L,True
14335,000000014335.jpg,0.4803506731986999,1,0.2576809525489807,laptop@medium,laptop@large,laptop,M,L,True
375232,000000375232.jpg,0.4601980149745941,1,0.2576809525489807,laptop@medium,laptop@large,laptop,M,L,True
275644,000000275644.jpg,0.3800601959228515,1,0.2576809525489807,laptop@medium,laptop@large,laptop,M,L,True
569310,000000569310.jpg,0.3868716061115265,1,0.2576809525489807,laptop@medium,laptop@large,laptop,M,L,True
22150,000000022150.jpg,0.3047170639038086,1,0.2576809525489807,laptop@medium,laptop@large,laptop,M,L,True
92835,000000092835.jpg,0.5438963174819946,1,0.2576809525489807,laptop@medium,laptop@large,laptop,M,L,True
498690,000000498690.jpg,0.4052517712116241,1,0.2576809525489807,laptop@medium,laptop@large,laptop,M,L,True
544471,000000544471.jpg,0.4477543532848358,1,0.2576809525489807,laptop@medium,laptop@large,laptop,M,L,True
416006,000000416006.jpg,0.4627444744110107,1,0.2576809525489807,laptop@medium,laptop@large,laptop,M,L,True
192043,000000192043.jpg,0.422494113445282,1,0.2576809525489807,laptop@medium,laptop@medium,laptop,M,M,True
57481,000000057481.jpg,0.4001132547855377,1,0.2576809525489807,laptop@medium,laptop@medium,laptop,M,M,True
160201,000000160201.jpg,0.4551341831684112,1,0.2576809525489807,laptop@medium,laptop@medium,laptop,M,M,True
540321,000000540321.jpg,0.2770087122917175,1,0.2576809525489807,laptop@medium,laptop@medium,laptop,M,M,True
257164,000000257164.jpg,0.3991733491420746,1,0.2576809525489807,laptop@medium,laptop@medium,laptop,M,M,True
502508,000000502508.jpg,0.5931042432785034,1,0.2576809525489807,laptop@medium,laptop@medium,laptop,M,M,True
534048,000000534048.jpg,0.5823361277580261,1,0.2576809525489807,laptop@medium,laptop@medium,laptop,M,M,True
578498,000000578498.jpg,0.4190940260887146,1,0.2576809525489807,laptop@medium,laptop@medium,laptop,M,M,True
423275,000000423275.jpg,0.4143657684326172,1,0.2576809525489807,laptop@medium,laptop@medium,laptop,M,M,True
325781,000000325781.jpg,0.4873243272304535,1,0.2576809525489807,laptop@medium,laptop@medium,laptop,M,M,True
147060,000000147060.jpg,0.4564124047756195,1,0.2576809525489807,laptop@medium,laptop@medium,laptop,M,M,True
221605,000000221605.jpg,0.4294155538082123,1,0.2576809525489807,laptop@medium,laptop@medium|mouse@medium,laptop,M,M,True
531860,000000531860.jpg,0.2937979698181152,1,0.2576809525489807,laptop@medium,bowl@medium|laptop@medium,laptop,M,M,True
395907,000000395907.jpg,0.2479188144207,1,0.2576809525489807,laptop@medium,laptop@medium,laptop,M,M,False
211112,000000211112.jpg,0.4396506249904632,1,0.2576809525489807,laptop@medium,laptop@medium,laptop,M,M,True
107969,000000107969.jpg,0.3222920000553131,1,0.2576809525489807,laptop@medium,laptop@medium,laptop,M,M,True
399164,000000399164.jpg,0.4255786538124084,1,0.2576809525489807,laptop@medium,laptop@medium|tv@medium,laptop,M,M,True
256504,000000256504.jpg,0.534882664680481,1,0.2576809525489807,laptop@medium,laptop@medium,laptop,M,M,True
491981,000000491981.jpg,0.4274853765964508,1,0.2576809525489807,laptop@medium,laptop@medium,laptop,M,M,True
535130,000000535130.jpg,0.5537990927696228,1,0.2576809525489807,laptop@medium,laptop@medium,laptop,M,M,True
225609,000000225609.jpg,0.5771763324737549,1,0.2576809525489807,laptop@medium,laptop@medium,laptop,M,M,True
264244,000000264244.jpg,0.5629857182502747,1,0.2576809525489807,laptop@medium,laptop@medium,laptop,M,M,True
11209,000000011209.jpg,0.4782551527023315,1,0.2576809525489807,laptop@medium,laptop@medium,laptop,M,M,True
87205,000000087205.jpg,0.3395669162273407,1,0.2576809525489807,laptop@medium,keyboard@medium|laptop@medium,laptop,M,M,True
125773,000000125773.jpg,0.379724770784378,1,0.2576809525489807,laptop@medium,laptop@medium,laptop,M,M,True
105538,000000105538.jpg,0.5375456809997559,1,0.2576809525489807,laptop@medium,laptop@medium,laptop,M,M,True
445462,000000445462.jpg,0.3658316433429718,1,0.2576809525489807,laptop@medium,laptop@medium,laptop,M,M,True
288548,000000288548.jpg,0.4341193437576294,1,0.2576809525489807,laptop@medium,laptop@medium,laptop,M,M,True
146963,000000146963.jpg,0.5176532864570618,1,0.2576809525489807,laptop@medium,laptop@medium,laptop,M,M,True
311706,000000311706.jpg,0.4684129953384399,1,0.2576809525489807,laptop@medium,laptop@medium,laptop,M,M,True
63081,000000063081.jpg,0.3203705251216888,1,0.2576809525489807,laptop@medium,laptop@medium,laptop,M,M,True
445829,000000445829.jpg,0.3710609078407287,1,0.2576809525489807,laptop@medium,laptop@medium|tv@medium,laptop,M,M,True
141278,000000141278.jpg,0.5177603363990784,1,0.2576809525489807,laptop@medium,laptop@medium,laptop,M,M,True
166225,000000166225.jpg,0.438642680644989,1,0.2576809525489807,laptop@medium,laptop@medium,laptop,M,M,True
341741,000000341741.jpg,0.6497030258178711,1,0.2576809525489807,laptop@medium,laptop@medium,laptop,M,M,True
158428,000000158428.jpg,0.5134382247924805,1,0.2576809525489807,laptop@medium,cell phone@small|dog@medium|laptop@medium,laptop,M,M,True
405674,000000405674.jpg,0.3627196252346039,1,0.2576809525489807,laptop@medium,banana@medium|laptop@medium,laptop,M,M,True
271728,000000271728.jpg,0.3831504285335541,1,0.2576809525489807,laptop@medium,laptop@medium,laptop,M,M,True
342098,000000342098.jpg,0.4594578146934509,1,0.2576809525489807,laptop@medium,laptop@medium|scissors@small,laptop,M,M,True
219624,000000219624.jpg,0.5151767730712891,1,0.2576809525489807,laptop@medium,laptop@medium,laptop,M,M,True
171139,000000171139.jpg,0.5464751720428467,1,0.2576809525489807,laptop@medium,laptop@medium,laptop,M,M,True
576376,000000576376.jpg,0.4770018458366394,1,0.2576809525489807,laptop@medium,laptop@medium,laptop,M,M,True
480487,000000480487.jpg,0.6173389554023743,1,0.2576809525489807,laptop@medium,laptop@medium,laptop,M,M,True
387264,000000387264.jpg,0.3040620982646942,1,0.2576809525489807,laptop@medium,laptop@medium,laptop,M,M,True
126814,000000126814.jpg,0.3853808045387268,1,0.2576809525489807,laptop@medium,laptop@medium,laptop,M,M,True
377570,000000377570.jpg,0.4288116097450256,1,0.2576809525489807,laptop@medium,laptop@medium,laptop,M,M,True
30347,000000030347.jpg,0.5296580195426941,1,0.2576809525489807,laptop@medium,laptop@medium,laptop,M,M,True
422894,000000422894.jpg,0.4234631657600403,1,0.2576809525489807,laptop@medium,laptop@medium,laptop,M,M,True
349918,000000349918.jpg,0.4332852959632873,1,0.2576809525489807,laptop@medium,laptop@medium|scissors@small|single serving drinking vessel@small,laptop,M,M,True
450704,000000450704.jpg,0.4675800502300262,1,0.2576809525489807,laptop@medium,laptop@medium,laptop,M,M,True
422969,000000422969.jpg,0.3390879929065704,1,0.2576809525489807,laptop@medium,laptop@medium,laptop,M,M,True
374846,000000374846.jpg,0.3678412437438965,1,0.2576809525489807,laptop@medium,laptop@medium,laptop,M,M,True
509718,000000509718.jpg,0.4600062668323517,1,0.2576809525489807,laptop@medium,laptop@small|tv@medium,laptop,M,S,True
49199,000000049199.jpg,0.2757828831672668,1,0.2576809525489807,laptop@medium,chair@medium|laptop@small,laptop,M,S,True
441415,000000441415.jpg,0.377305120229721,1,0.2576809525489807,laptop@medium,cell phone@small|laptop@small|single serving drinking vessel@small,laptop,M,S,True
523863,000000523863.jpg,0.2971908748149872,1,0.2576809525489807,laptop@medium,laptop@small,laptop,M,S,True
304336,000000304336.jpg,0.4078315794467926,1,0.2576809525489807,laptop@medium,laptop@small,laptop,M,S,True
205344,000000205344.jpg,0.4207841455936432,1,0.2576809525489807,laptop@medium,laptop@small,laptop,M,S,True
345142,000000345142.jpg,0.2170449793338775,1,0.2576809525489807,laptop@medium,laptop@small,laptop,M,S,False
432604,000000432604.jpg,0.2516828179359436,1,0.2576809525489807,laptop@medium,laptop@small,laptop,M,S,False
333888,000000333888.jpg,0.3393576443195343,1,0.2576809525489807,laptop@medium,keyboard@small|laptop@small,laptop,M,S,True
18473,000000018473.jpg,0.2801801562309265,1,0.2576809525489807,laptop@medium,laptop@small,laptop,M,S,True
163598,000000163598.jpg,0.5174652934074402,1,0.2576809525489807,laptop@medium,laptop@small,laptop,M,S,True
546147,000000546147.jpg,0.3205141425132751,1,0.2576809525489807,laptop@medium,laptop@small,laptop,M,S,True
479935,000000479935.jpg,0.5080416798591614,1,0.2576809525489807,laptop@medium,keyboard@small|laptop@small,laptop,M,S,True
564611,000000564611.jpg,0.4356590509414673,1,0.2576809525489807,laptop@medium,laptop@small,laptop,M,S,True
63647,000000063647.jpg,0.3024957776069641,1,0.2576809525489807,laptop@medium,laptop@small,laptop,M,S,True
102947,000000102947.jpg,0.225855678319931,1,0.2576809525489807,laptop@medium,laptop@small,laptop,M,S,False
293899,000000293899.jpg,0.3820219337940216,1,0.2576809525489807,laptop@medium,laptop@small,laptop,M,S,True
559163,000000559163.jpg,0.295310378074646,1,0.2576809525489807,laptop@medium,laptop@small,laptop,M,S,True
303713,000000303713.jpg,0.2103650420904159,1,0.2576809525489807,laptop@medium,laptop@small|tennis racket@small,laptop,M,S,False
410398,000000410398.jpg,0.3682660758495331,1,0.2576809525489807,laptop@medium,laptop@small,laptop,M,S,True
262605,000000262605.jpg,0.3812904357910156,1,0.2576809525489807,laptop@medium,laptop@small,laptop,M,S,True
374448,000000374448.jpg,0.2103013545274734,1,0.2576809525489807,laptop@medium,dining table@medium|laptop@small,laptop,M,S,False
88647,000000088647.jpg,0.2885077595710754,1,0.2576809525489807,laptop@medium,laptop@small,laptop,M,S,True
267815,000000267815.jpg,0.4656182527542114,1,0.2576809525489807,laptop@medium,laptop@small,laptop,M,S,True
198198,000000198198.jpg,0.476861834526062,1,0.2576809525489807,laptop@medium,laptop@small,laptop,M,S,True
578375,000000578375.jpg,0.3451778292655945,1,0.2576809525489807,laptop@medium,laptop@small,laptop,M,S,True
577614,000000577614.jpg,0.3599167764186859,1,0.2576809525489807,laptop@medium,laptop@small,laptop,M,S,True
389638,000000389638.jpg,0.2004334926605224,1,0.2576809525489807,laptop@medium,laptop@small,laptop,M,S,False
384,000000000384.jpg,0.3552163243293762,1,0.2576809525489807,laptop@medium,laptop@small,laptop,M,S,True
187803,000000187803.jpg,0.3047212064266205,1,0.2576809525489807,laptop@medium,laptop@small,laptop,M,S,True
515212,000000515212.jpg,0.2737165093421936,1,0.2576809525489807,laptop@medium,laptop@small,laptop,M,S,True
399791,000000399791.jpg,0.3339414894580841,1,0.2576809525489807,laptop@medium,laptop@small,laptop,M,S,True
222702,000000222702.jpg,0.3858082890510559,1,0.2576809525489807,laptop@medium,laptop@small,laptop,M,S,True
330493,000000330493.jpg,0.2369460314512252,1,0.2576809525489807,laptop@medium,laptop@small|vase or potted plant@medium,laptop,M,S,False
576385,000000576385.jpg,0.1837521493434906,1,0.2576809525489807,laptop@medium,laptop@small,laptop,M,S,False
435880,000000435880.jpg,0.3186058700084686,1,0.2576809525489807,laptop@medium,laptop@small,laptop,M,S,True
160556,000000160556.jpg,0.4117110967636108,1,0.2576809525489807,laptop@medium,laptop@small|microwave@large,laptop,M,S,True
137861,000000137861.jpg,0.4267464578151703,1,0.2576809525489807,laptop@medium,laptop@small|mouse@small,laptop,M,S,True
284884,000000284884.jpg,0.3110924959182739,1,0.2576809525489807,laptop@medium,laptop@small,laptop,M,S,True
223540,000000223540.jpg,0.5124210715293884,1,0.2576809525489807,laptop@medium,keyboard@small|laptop@small,laptop,M,S,True
89792,000000089792.jpg,0.2693413197994232,1,0.2576809525489807,laptop@medium,laptop@small,laptop,M,S,True
434354,000000434354.jpg,0.3326045274734497,1,0.2576809525489807,laptop@medium,keyboard@small|laptop@small,laptop,M,S,True
118726,000000118726.jpg,0.3432566523551941,1,0.2576809525489807,laptop@medium,laptop@small,laptop,M,S,True
538596,000000538596.jpg,0.3614689409732818,1,0.2576809525489807,laptop@medium,laptop@small,laptop,M,S,True
117428,000000117428.jpg,0.4062574505805969,1,0.2576809525489807,laptop@medium,laptop@small,laptop,M,S,True
202066,000000202066.jpg,0.5369874835014343,1,0.2576809525489807,laptop@medium,laptop@small,laptop,M,S,True
516774,000000516774.jpg,0.4048252999782562,1,0.2576809525489807,laptop@medium,laptop@small,laptop,M,S,True
128649,000000128649.jpg,0.3801379799842834,1,0.2576809525489807,laptop@medium,laptop@small|vase or potted plant@small,laptop,M,S,True
409050,000000409050.jpg,0.1871152967214584,1,0.2576809525489807,laptop@medium,chair@medium|laptop@small|tv@small,laptop,M,S,False
347300,000000347300.jpg,0.3602719306945801,1,0.2576809525489807,laptop@medium,laptop@small,laptop,M,S,True
14335,000000014335.jpg,0.4864426553249359,1,0.2789833694696426,laptop@mix-equal,laptop@large,laptop,SML=,L,True
22150,000000022150.jpg,0.4369990229606628,1,0.2789833694696426,laptop@mix-equal,laptop@large,laptop,SML=,L,True
27717,000000027717.jpg,0.6091728806495667,1,0.2789833694696426,laptop@mix-equal,laptop@large,laptop,SML=,L,True
58822,000000058822.jpg,0.4995945394039154,1,0.2789833694696426,laptop@mix-equal,laptop@large,laptop,SML=,L,True
68048,000000068048.jpg,0.547095537185669,1,0.2789833694696426,laptop@mix-equal,laptop@large,laptop,SML=,L,True
69003,000000069003.jpg,0.3974181711673736,1,0.2789833694696426,laptop@mix-equal,laptop@large,laptop,SML=,L,True
80949,000000080949.jpg,0.508838415145874,1,0.2789833694696426,laptop@mix-equal,laptop@large,laptop,SML=,L,True
92835,000000092835.jpg,0.5034309029579163,1,0.2789833694696426,laptop@mix-equal,laptop@large,laptop,SML=,L,True
96757,000000096757.jpg,0.5955281257629395,1,0.2789833694696426,laptop@mix-equal,laptop@large|mouse@medium,laptop,SML=,L,True
118680,000000118680.jpg,0.4971854388713836,1,0.2789833694696426,laptop@mix-equal,laptop@large,laptop,SML=,L,True
119233,000000119233.jpg,0.4518870115280151,1,0.2789833694696426,laptop@mix-equal,laptop@large,laptop,SML=,L,True
120246,000000120246.jpg,0.5098236203193665,1,0.2789833694696426,laptop@mix-equal,laptop@large,laptop,SML=,L,True
134907,000000134907.jpg,0.6089264750480652,1,0.2789833694696426,laptop@mix-equal,laptop@large,laptop,SML=,L,True
151229,000000151229.jpg,0.483275443315506,1,0.2789833694696426,laptop@mix-equal,laptop@large,laptop,SML=,L,True
188148,000000188148.jpg,0.531441330909729,1,0.2789833694696426,laptop@mix-equal,laptop@large,laptop,SML=,L,True
192835,000000192835.jpg,0.5534228086471558,1,0.2789833694696426,laptop@mix-equal,laptop@large|mouse@medium,laptop,SML=,L,True
203248,000000203248.jpg,0.5383250713348389,1,0.2789833694696426,laptop@mix-equal,laptop@large,laptop,SML=,L,True
208340,000000208340.jpg,0.3747833371162414,1,0.2789833694696426,laptop@mix-equal,laptop@large,laptop,SML=,L,True
211260,000000211260.jpg,0.4753946661949157,1,0.2789833694696426,laptop@mix-equal,laptop@large,laptop,SML=,L,True
231605,000000231605.jpg,0.6618477702140808,1,0.2789833694696426,laptop@mix-equal,laptop@large,laptop,SML=,L,True
275325,000000275325.jpg,0.3949029147624969,1,0.2789833694696426,laptop@mix-equal,laptop@large,laptop,SML=,L,True
275644,000000275644.jpg,0.5066806077957153,1,0.2789833694696426,laptop@mix-equal,laptop@large,laptop,SML=,L,True
291438,000000291438.jpg,0.5391150116920471,1,0.2789833694696426,laptop@mix-equal,laptop@large,laptop,SML=,L,True
349719,000000349719.jpg,0.5819426774978638,1,0.2789833694696426,laptop@mix-equal,laptop@large,laptop,SML=,L,True
354059,000000354059.jpg,0.5042029619216919,1,0.2789833694696426,laptop@mix-equal,laptop@large,laptop,SML=,L,True
360013,000000360013.jpg,0.4341174662113189,1,0.2789833694696426,laptop@mix-equal,laptop@large,laptop,SML=,L,True
370478,000000370478.jpg,0.3179220557212829,1,0.2789833694696426,laptop@mix-equal,laptop@large,laptop,SML=,L,True
375232,000000375232.jpg,0.5611037611961365,1,0.2789833694696426,laptop@mix-equal,laptop@large,laptop,SML=,L,True
375820,000000375820.jpg,0.5728776454925537,1,0.2789833694696426,laptop@mix-equal,laptop@large,laptop,SML=,L,True
376131,000000376131.jpg,0.4415920078754425,1,0.2789833694696426,laptop@mix-equal,laptop@large,laptop,SML=,L,True
381047,000000381047.jpg,0.513771116733551,1,0.2789833694696426,laptop@mix-equal,laptop@large,laptop,SML=,L,True
402109,000000402109.jpg,0.5640094876289368,1,0.2789833694696426,laptop@mix-equal,banana@medium|keyboard@large|laptop@large,laptop,SML=,L,True
408235,000000408235.jpg,0.3614923655986786,1,0.2789833694696426,laptop@mix-equal,laptop@large,laptop,SML=,L,True
413896,000000413896.jpg,0.5496065020561218,1,0.2789833694696426,laptop@mix-equal,laptop@large,laptop,SML=,L,True
416006,000000416006.jpg,0.4757963716983795,1,0.2789833694696426,laptop@mix-equal,laptop@large,laptop,SML=,L,True
498690,000000498690.jpg,0.4991331994533539,1,0.2789833694696426,laptop@mix-equal,laptop@large,laptop,SML=,L,True
524056,000000524056.jpg,0.4515202641487121,1,0.2789833694696426,laptop@mix-equal,laptop@large,laptop,SML=,L,True
526801,000000526801.jpg,0.4417047202587127,1,0.2789833694696426,laptop@mix-equal,laptop@large,laptop,SML=,L,True
530097,000000530097.jpg,0.5997313857078552,1,0.2789833694696426,laptop@mix-equal,laptop@large,laptop,SML=,L,True
544471,000000544471.jpg,0.529422402381897,1,0.2789833694696426,laptop@mix-equal,laptop@large,laptop,SML=,L,True
545016,000000545016.jpg,0.5675562620162964,1,0.2789833694696426,laptop@mix-equal,laptop@large,laptop,SML=,L,True
554711,000000554711.jpg,0.5055143237113953,1,0.2789833694696426,laptop@mix-equal,laptop@large,laptop,SML=,L,True
557685,000000557685.jpg,0.6170509457588196,1,0.2789833694696426,laptop@mix-equal,laptop@large|mouse@small,laptop,SML=,L,True
569310,000000569310.jpg,0.5144761204719543,1,0.2789833694696426,laptop@mix-equal,laptop@large,laptop,SML=,L,True
571886,000000571886.jpg,0.627129852771759,1,0.2789833694696426,laptop@mix-equal,laptop@large,laptop,SML=,L,True
11209,000000011209.jpg,0.4475710690021515,1,0.2789833694696426,laptop@mix-equal,laptop@medium,laptop,SML=,M,True
30347,000000030347.jpg,0.5652392506599426,1,0.2789833694696426,laptop@mix-equal,laptop@medium,laptop,SML=,M,True
57481,000000057481.jpg,0.4330304563045501,1,0.2789833694696426,laptop@mix-equal,laptop@medium,laptop,SML=,M,True
63081,000000063081.jpg,0.3396165668964386,1,0.2789833694696426,laptop@mix-equal,laptop@medium,laptop,SML=,M,True
87205,000000087205.jpg,0.4109204113483429,1,0.2789833694696426,laptop@mix-equal,keyboard@medium|laptop@medium,laptop,SML=,M,True
105538,000000105538.jpg,0.4642394483089447,1,0.2789833694696426,laptop@mix-equal,laptop@medium,laptop,SML=,M,True
107969,000000107969.jpg,0.3489428162574768,1,0.2789833694696426,laptop@mix-equal,laptop@medium,laptop,SML=,M,True
125773,000000125773.jpg,0.5418755412101746,1,0.2789833694696426,laptop@mix-equal,laptop@medium,laptop,SML=,M,True
126814,000000126814.jpg,0.4444526433944702,1,0.2789833694696426,laptop@mix-equal,laptop@medium,laptop,SML=,M,True
141278,000000141278.jpg,0.4641114175319671,1,0.2789833694696426,laptop@mix-equal,laptop@medium,laptop,SML=,M,True
146963,000000146963.jpg,0.5318018198013306,1,0.2789833694696426,laptop@mix-equal,laptop@medium,laptop,SML=,M,True
147060,000000147060.jpg,0.6589561700820923,1,0.2789833694696426,laptop@mix-equal,laptop@medium,laptop,SML=,M,True
158428,000000158428.jpg,0.4573635756969452,1,0.2789833694696426,laptop@mix-equal,cell phone@small|dog@medium|laptop@medium,laptop,SML=,M,True
160201,000000160201.jpg,0.4022051990032196,1,0.2789833694696426,laptop@mix-equal,laptop@medium,laptop,SML=,M,True
166225,000000166225.jpg,0.3528736233711242,1,0.2789833694696426,laptop@mix-equal,laptop@medium,laptop,SML=,M,True
171139,000000171139.jpg,0.5938830375671387,1,0.2789833694696426,laptop@mix-equal,laptop@medium,laptop,SML=,M,True
192043,000000192043.jpg,0.3225317001342773,1,0.2789833694696426,laptop@mix-equal,laptop@medium,laptop,SML=,M,True
211112,000000211112.jpg,0.3299650847911834,1,0.2789833694696426,laptop@mix-equal,laptop@medium,laptop,SML=,M,True
219624,000000219624.jpg,0.4224521219730377,1,0.2789833694696426,laptop@mix-equal,laptop@medium,laptop,SML=,M,True
221605,000000221605.jpg,0.4436990618705749,1,0.2789833694696426,laptop@mix-equal,laptop@medium|mouse@medium,laptop,SML=,M,True
225609,000000225609.jpg,0.51678866147995,1,0.2789833694696426,laptop@mix-equal,laptop@medium,laptop,SML=,M,True
256504,000000256504.jpg,0.4981067478656769,1,0.2789833694696426,laptop@mix-equal,laptop@medium,laptop,SML=,M,True
257164,000000257164.jpg,0.5351507663726807,1,0.2789833694696426,laptop@mix-equal,laptop@medium,laptop,SML=,M,True
264244,000000264244.jpg,0.5501124858856201,1,0.2789833694696426,laptop@mix-equal,laptop@medium,laptop,SML=,M,True
271728,000000271728.jpg,0.4387097656726837,1,0.2789833694696426,laptop@mix-equal,laptop@medium,laptop,SML=,M,True
288548,000000288548.jpg,0.5950258374214172,1,0.2789833694696426,laptop@mix-equal,laptop@medium,laptop,SML=,M,True
311706,000000311706.jpg,0.4401453137397766,1,0.2789833694696426,laptop@mix-equal,laptop@medium,laptop,SML=,M,True
325781,000000325781.jpg,0.3866469264030456,1,0.2789833694696426,laptop@mix-equal,laptop@medium,laptop,SML=,M,True
341741,000000341741.jpg,0.5057709217071533,1,0.2789833694696426,laptop@mix-equal,laptop@medium,laptop,SML=,M,True
342098,000000342098.jpg,0.4086614847183227,1,0.2789833694696426,laptop@mix-equal,laptop@medium|scissors@small,laptop,SML=,M,True
349918,000000349918.jpg,0.410508930683136,1,0.2789833694696426,laptop@mix-equal,laptop@medium|scissors@small|single serving drinking vessel@small,laptop,SML=,M,True
374846,000000374846.jpg,0.5146825313568115,1,0.2789833694696426,laptop@mix-equal,laptop@medium,laptop,SML=,M,True
377570,000000377570.jpg,0.5520176887512207,1,0.2789833694696426,laptop@mix-equal,laptop@medium,laptop,SML=,M,True
387264,000000387264.jpg,0.3368023037910461,1,0.2789833694696426,laptop@mix-equal,laptop@medium,laptop,SML=,M,True
395907,000000395907.jpg,0.3849004805088043,1,0.2789833694696426,laptop@mix-equal,laptop@medium,laptop,SML=,M,True
399164,000000399164.jpg,0.3425071835517883,1,0.2789833694696426,laptop@mix-equal,laptop@medium|tv@medium,laptop,SML=,M,True
405674,000000405674.jpg,0.4867836236953735,1,0.2789833694696426,laptop@mix-equal,banana@medium|laptop@medium,laptop,SML=,M,True
422894,000000422894.jpg,0.2527438700199127,1,0.2789833694696426,laptop@mix-equal,laptop@medium,laptop,SML=,M,False
422969,000000422969.jpg,0.4709656238555908,1,0.2789833694696426,laptop@mix-equal,laptop@medium,laptop,SML=,M,True
423275,000000423275.jpg,0.3356416225433349,1,0.2789833694696426,laptop@mix-equal,laptop@medium,laptop,SML=,M,True
445462,000000445462.jpg,0.4174684584140777,1,0.2789833694696426,laptop@mix-equal,laptop@medium,laptop,SML=,M,True
445829,000000445829.jpg,0.322948157787323,1,0.2789833694696426,laptop@mix-equal,laptop@medium|tv@medium,laptop,SML=,M,True
450704,000000450704.jpg,0.4155634939670563,1,0.2789833694696426,laptop@mix-equal,laptop@medium,laptop,SML=,M,True
480487,000000480487.jpg,0.5809349417686462,1,0.2789833694696426,laptop@mix-equal,laptop@medium,laptop,SML=,M,True
491981,000000491981.jpg,0.4526035785675049,1,0.2789833694696426,laptop@mix-equal,laptop@medium,laptop,SML=,M,True
502508,000000502508.jpg,0.5608615279197693,1,0.2789833694696426,laptop@mix-equal,laptop@medium,laptop,SML=,M,True
531860,000000531860.jpg,0.3498041927814483,1,0.2789833694696426,laptop@mix-equal,bowl@medium|laptop@medium,laptop,SML=,M,True
534048,000000534048.jpg,0.4980991184711456,1,0.2789833694696426,laptop@mix-equal,laptop@medium,laptop,SML=,M,True
535130,000000535130.jpg,0.3444694280624389,1,0.2789833694696426,laptop@mix-equal,laptop@medium,laptop,SML=,M,True
540321,000000540321.jpg,0.2948819994926452,1,0.2789833694696426,laptop@mix-equal,laptop@medium,laptop,SML=,M,True
576376,000000576376.jpg,0.5235968232154846,1,0.2789833694696426,laptop@mix-equal,laptop@medium,laptop,SML=,M,True
578498,000000578498.jpg,0.3305873274803161,1,0.2789833694696426,laptop@mix-equal,laptop@medium,laptop,SML=,M,True
384,000000000384.jpg,0.2614147663116455,1,0.2789833694696426,laptop@mix-equal,laptop@small,laptop,SML=,S,False
18473,000000018473.jpg,0.3366402983665466,1,0.2789833694696426,laptop@mix-equal,laptop@small,laptop,SML=,S,True
49199,000000049199.jpg,0.2854478359222412,1,0.2789833694696426,laptop@mix-equal,chair@medium|laptop@small,laptop,SML=,S,True
63647,000000063647.jpg,0.3336272835731506,1,0.2789833694696426,laptop@mix-equal,laptop@small,laptop,SML=,S,True
88647,000000088647.jpg,0.2870068550109863,1,0.2789833694696426,laptop@mix-equal,laptop@small,laptop,SML=,S,True
89792,000000089792.jpg,0.2859006226062774,1,0.2789833694696426,laptop@mix-equal,laptop@small,laptop,SML=,S,True
102947,000000102947.jpg,0.3156894743442535,1,0.2789833694696426,laptop@mix-equal,laptop@small,laptop,SML=,S,True
117428,000000117428.jpg,0.3631055355072021,1,0.2789833694696426,laptop@mix-equal,laptop@small,laptop,SML=,S,True
118726,000000118726.jpg,0.3222525417804718,1,0.2789833694696426,laptop@mix-equal,laptop@small,laptop,SML=,S,True
128649,000000128649.jpg,0.2935924530029297,1,0.2789833694696426,laptop@mix-equal,laptop@small|vase or potted plant@small,laptop,SML=,S,True
137861,000000137861.jpg,0.3805336952209472,1,0.2789833694696426,laptop@mix-equal,laptop@small|mouse@small,laptop,SML=,S,True
160556,000000160556.jpg,0.584348201751709,1,0.2789833694696426,laptop@mix-equal,laptop@small|microwave@large,laptop,SML=,S,True
163598,000000163598.jpg,0.4923508167266845,1,0.2789833694696426,laptop@mix-equal,laptop@small,laptop,SML=,S,True
187803,000000187803.jpg,0.3189665973186493,1,0.2789833694696426,laptop@mix-equal,laptop@small,laptop,SML=,S,True
198198,000000198198.jpg,0.3182058334350586,1,0.2789833694696426,laptop@mix-equal,laptop@small,laptop,SML=,S,True
202066,000000202066.jpg,0.3141587078571319,1,0.2789833694696426,laptop@mix-equal,laptop@small,laptop,SML=,S,True
205344,000000205344.jpg,0.3214859366416931,1,0.2789833694696426,laptop@mix-equal,laptop@small,laptop,SML=,S,True
222702,000000222702.jpg,0.3299623429775238,1,0.2789833694696426,laptop@mix-equal,laptop@small,laptop,SML=,S,True
223540,000000223540.jpg,0.4039207398891449,1,0.2789833694696426,laptop@mix-equal,keyboard@small|laptop@small,laptop,SML=,S,True
262605,000000262605.jpg,0.2932879030704498,1,0.2789833694696426,laptop@mix-equal,laptop@small,laptop,SML=,S,True
267815,000000267815.jpg,0.3921781778335571,1,0.2789833694696426,laptop@mix-equal,laptop@small,laptop,SML=,S,True
284884,000000284884.jpg,0.2476134300231933,1,0.2789833694696426,laptop@mix-equal,laptop@small,laptop,SML=,S,False
293899,000000293899.jpg,0.4007800221443176,1,0.2789833694696426,laptop@mix-equal,laptop@small,laptop,SML=,S,True
303713,000000303713.jpg,0.2515049576759338,1,0.2789833694696426,laptop@mix-equal,laptop@small|tennis racket@small,laptop,SML=,S,False
304336,000000304336.jpg,0.3679128587245941,1,0.2789833694696426,laptop@mix-equal,laptop@small,laptop,SML=,S,True
330493,000000330493.jpg,0.3243848085403442,1,0.2789833694696426,laptop@mix-equal,laptop@small|vase or potted plant@medium,laptop,SML=,S,True
333888,000000333888.jpg,0.3066471815109253,1,0.2789833694696426,laptop@mix-equal,keyboard@small|laptop@small,laptop,SML=,S,True
345142,000000345142.jpg,0.2310259640216827,1,0.2789833694696426,laptop@mix-equal,laptop@small,laptop,SML=,S,False
347300,000000347300.jpg,0.3769168853759765,1,0.2789833694696426,laptop@mix-equal,laptop@small,laptop,SML=,S,True
374448,000000374448.jpg,0.2613599896430969,1,0.2789833694696426,laptop@mix-equal,dining table@medium|laptop@small,laptop,SML=,S,False
389638,000000389638.jpg,0.2231374233961105,1,0.2789833694696426,laptop@mix-equal,laptop@small,laptop,SML=,S,False
399791,000000399791.jpg,0.3756451308727264,1,0.2789833694696426,laptop@mix-equal,laptop@small,laptop,SML=,S,True
409050,000000409050.jpg,0.2382097542285919,1,0.2789833694696426,laptop@mix-equal,chair@medium|laptop@small|tv@small,laptop,SML=,S,False
410398,000000410398.jpg,0.4064496457576751,1,0.2789833694696426,laptop@mix-equal,laptop@small,laptop,SML=,S,True
432604,000000432604.jpg,0.2852091789245605,1,0.2789833694696426,laptop@mix-equal,laptop@small,laptop,SML=,S,True
434354,000000434354.jpg,0.3827643394470215,1,0.2789833694696426,laptop@mix-equal,keyboard@small|laptop@small,laptop,SML=,S,True
435880,000000435880.jpg,0.3332676291465759,1,0.2789833694696426,laptop@mix-equal,laptop@small,laptop,SML=,S,True
441415,000000441415.jpg,0.2797496914863586,1,0.2789833694696426,laptop@mix-equal,cell phone@small|laptop@small|single serving drinking vessel@small,laptop,SML=,S,True
479935,000000479935.jpg,0.33116415143013,1,0.2789833694696426,laptop@mix-equal,keyboard@small|laptop@small,laptop,SML=,S,True
509718,000000509718.jpg,0.4849977195262909,1,0.2789833694696426,laptop@mix-equal,laptop@small|tv@medium,laptop,SML=,S,True
515212,000000515212.jpg,0.2622876167297363,1,0.2789833694696426,laptop@mix-equal,laptop@small,laptop,SML=,S,False
516774,000000516774.jpg,0.3941406905651092,1,0.2789833694696426,laptop@mix-equal,laptop@small,laptop,SML=,S,True
523863,000000523863.jpg,0.3969486653804779,1,0.2789833694696426,laptop@mix-equal,laptop@small,laptop,SML=,S,True
538596,000000538596.jpg,0.3651004433631897,1,0.2789833694696426,laptop@mix-equal,laptop@small,laptop,SML=,S,True
546147,000000546147.jpg,0.5096762776374817,1,0.2789833694696426,laptop@mix-equal,laptop@small,laptop,SML=,S,True
559163,000000559163.jpg,0.3736835122108459,1,0.2789833694696426,laptop@mix-equal,laptop@small,laptop,SML=,S,True
564611,000000564611.jpg,0.254702091217041,1,0.2789833694696426,laptop@mix-equal,laptop@small,laptop,SML=,S,False
576385,000000576385.jpg,0.2768550515174866,1,0.2789833694696426,laptop@mix-equal,laptop@small,laptop,SML=,S,False
577614,000000577614.jpg,0.389050543308258,1,0.2789833694696426,laptop@mix-equal,laptop@small,laptop,SML=,S,True
578375,000000578375.jpg,0.3460186421871185,1,0.2789833694696426,laptop@mix-equal,laptop@small,laptop,SML=,S,True
14335,000000014335.jpg,0.4822709858417511,1,0.2669013738632202,laptop@mix-natural,laptop@large,laptop,SMLn,L,True
22150,000000022150.jpg,0.4783891439437866,1,0.2669013738632202,laptop@mix-natural,laptop@large,laptop,SMLn,L,True
27717,000000027717.jpg,0.5217957496643066,1,0.2669013738632202,laptop@mix-natural,laptop@large,laptop,SMLn,L,True
58822,000000058822.jpg,0.5389741063117981,1,0.2669013738632202,laptop@mix-natural,laptop@large,laptop,SMLn,L,True
68048,000000068048.jpg,0.5586943626403809,1,0.2669013738632202,laptop@mix-natural,laptop@large,laptop,SMLn,L,True
69003,000000069003.jpg,0.4758680760860443,1,0.2669013738632202,laptop@mix-natural,laptop@large,laptop,SMLn,L,True
80949,000000080949.jpg,0.6133936047554016,1,0.2669013738632202,laptop@mix-natural,laptop@large,laptop,SMLn,L,True
92835,000000092835.jpg,0.4385980069637298,1,0.2669013738632202,laptop@mix-natural,laptop@large,laptop,SMLn,L,True
96757,000000096757.jpg,0.4346649646759033,1,0.2669013738632202,laptop@mix-natural,laptop@large|mouse@medium,laptop,SMLn,L,True
118680,000000118680.jpg,0.5849276185035706,1,0.2669013738632202,laptop@mix-natural,laptop@large,laptop,SMLn,L,True
119233,000000119233.jpg,0.6682043075561523,1,0.2669013738632202,laptop@mix-natural,laptop@large,laptop,SMLn,L,True
120246,000000120246.jpg,0.5187179446220398,1,0.2669013738632202,laptop@mix-natural,laptop@large,laptop,SMLn,L,True
134907,000000134907.jpg,0.4532555043697357,1,0.2669013738632202,laptop@mix-natural,laptop@large,laptop,SMLn,L,True
151229,000000151229.jpg,0.4822672009468078,1,0.2669013738632202,laptop@mix-natural,laptop@large,laptop,SMLn,L,True
188148,000000188148.jpg,0.3298408985137939,1,0.2669013738632202,laptop@mix-natural,laptop@large,laptop,SMLn,L,True
192835,000000192835.jpg,0.4342525601387024,1,0.2669013738632202,laptop@mix-natural,laptop@large|mouse@medium,laptop,SMLn,L,True
203248,000000203248.jpg,0.4634736478328705,1,0.2669013738632202,laptop@mix-natural,laptop@large,laptop,SMLn,L,True
208340,000000208340.jpg,0.4437616765499115,1,0.2669013738632202,laptop@mix-natural,laptop@large,laptop,SMLn,L,True
211260,000000211260.jpg,0.4366217851638794,1,0.2669013738632202,laptop@mix-natural,laptop@large,laptop,SMLn,L,True
231605,000000231605.jpg,0.5499396920204163,1,0.2669013738632202,laptop@mix-natural,laptop@large,laptop,SMLn,L,True
275325,000000275325.jpg,0.5315434336662292,1,0.2669013738632202,laptop@mix-natural,laptop@large,laptop,SMLn,L,True
275644,000000275644.jpg,0.4555507600307464,1,0.2669013738632202,laptop@mix-natural,laptop@large,laptop,SMLn,L,True
291438,000000291438.jpg,0.5365281105041504,1,0.2669013738632202,laptop@mix-natural,laptop@large,laptop,SMLn,L,True
349719,000000349719.jpg,0.6720238924026489,1,0.2669013738632202,laptop@mix-natural,laptop@large,laptop,SMLn,L,True
354059,000000354059.jpg,0.4841415286064148,1,0.2669013738632202,laptop@mix-natural,laptop@large,laptop,SMLn,L,True
360013,000000360013.jpg,0.417175143957138,1,0.2669013738632202,laptop@mix-natural,laptop@large,laptop,SMLn,L,True
370478,000000370478.jpg,0.3976955413818359,1,0.2669013738632202,laptop@mix-natural,laptop@large,laptop,SMLn,L,True
375232,000000375232.jpg,0.5274865031242371,1,0.2669013738632202,laptop@mix-natural,laptop@large,laptop,SMLn,L,True
375820,000000375820.jpg,0.5273337364196777,1,0.2669013738632202,laptop@mix-natural,laptop@large,laptop,SMLn,L,True
376131,000000376131.jpg,0.4437687993049621,1,0.2669013738632202,laptop@mix-natural,laptop@large,laptop,SMLn,L,True
381047,000000381047.jpg,0.5106802582740784,1,0.2669013738632202,laptop@mix-natural,laptop@large,laptop,SMLn,L,True
402109,000000402109.jpg,0.5291681885719299,1,0.2669013738632202,laptop@mix-natural,banana@medium|keyboard@large|laptop@large,laptop,SMLn,L,True
408235,000000408235.jpg,0.4786949455738067,1,0.2669013738632202,laptop@mix-natural,laptop@large,laptop,SMLn,L,True
413896,000000413896.jpg,0.6006775498390198,1,0.2669013738632202,laptop@mix-natural,laptop@large,laptop,SMLn,L,True
416006,000000416006.jpg,0.517238974571228,1,0.2669013738632202,laptop@mix-natural,laptop@large,laptop,SMLn,L,True
498690,000000498690.jpg,0.5449909567832947,1,0.2669013738632202,laptop@mix-natural,laptop@large,laptop,SMLn,L,True
524056,000000524056.jpg,0.3809921741485595,1,0.2669013738632202,laptop@mix-natural,laptop@large,laptop,SMLn,L,True
526801,000000526801.jpg,0.4707790315151214,1,0.2669013738632202,laptop@mix-natural,laptop@large,laptop,SMLn,L,True
530097,000000530097.jpg,0.6004209518432617,1,0.2669013738632202,laptop@mix-natural,laptop@large,laptop,SMLn,L,True
544471,000000544471.jpg,0.3693722486495971,1,0.2669013738632202,laptop@mix-natural,laptop@large,laptop,SMLn,L,True
545016,000000545016.jpg,0.5373525023460388,1,0.2669013738632202,laptop@mix-natural,laptop@large,laptop,SMLn,L,True
554711,000000554711.jpg,0.3827858567237854,1,0.2669013738632202,laptop@mix-natural,laptop@large,laptop,SMLn,L,True
557685,000000557685.jpg,0.5317851305007935,1,0.2669013738632202,laptop@mix-natural,laptop@large|mouse@small,laptop,SMLn,L,True
569310,000000569310.jpg,0.5732285380363464,1,0.2669013738632202,laptop@mix-natural,laptop@large,laptop,SMLn,L,True
571886,000000571886.jpg,0.5557694435119629,1,0.2669013738632202,laptop@mix-natural,laptop@large,laptop,SMLn,L,True
11209,000000011209.jpg,0.2860293388366699,1,0.2669013738632202,laptop@mix-natural,laptop@medium,laptop,SMLn,M,True
30347,000000030347.jpg,0.3718618154525757,1,0.2669013738632202,laptop@mix-natural,laptop@medium,laptop,SMLn,M,True
57481,000000057481.jpg,0.357835590839386,1,0.2669013738632202,laptop@mix-natural,laptop@medium,laptop,SMLn,M,True
63081,000000063081.jpg,0.2611741721630096,1,0.2669013738632202,laptop@mix-natural,laptop@medium,laptop,SMLn,M,False
87205,000000087205.jpg,0.3875071704387665,1,0.2669013738632202,laptop@mix-natural,keyboard@medium|laptop@medium,laptop,SMLn,M,True
105538,000000105538.jpg,0.5353756546974182,1,0.2669013738632202,laptop@mix-natural,laptop@medium,laptop,SMLn,M,True
107969,000000107969.jpg,0.2801795303821563,1,0.2669013738632202,laptop@mix-natural,laptop@medium,laptop,SMLn,M,True
125773,000000125773.jpg,0.3652994334697723,1,0.2669013738632202,laptop@mix-natural,laptop@medium,laptop,SMLn,M,True
126814,000000126814.jpg,0.3257402777671814,1,0.2669013738632202,laptop@mix-natural,laptop@medium,laptop,SMLn,M,True
141278,000000141278.jpg,0.5434191823005676,1,0.2669013738632202,laptop@mix-natural,laptop@medium,laptop,SMLn,M,True
146963,000000146963.jpg,0.4252780675888061,1,0.2669013738632202,laptop@mix-natural,laptop@medium,laptop,SMLn,M,True
147060,000000147060.jpg,0.5134599208831787,1,0.2669013738632202,laptop@mix-natural,laptop@medium,laptop,SMLn,M,True
158428,000000158428.jpg,0.3633252382278442,1,0.2669013738632202,laptop@mix-natural,cell phone@small|dog@medium|laptop@medium,laptop,SMLn,M,True
160201,000000160201.jpg,0.4974080622196197,1,0.2669013738632202,laptop@mix-natural,laptop@medium,laptop,SMLn,M,True
166225,000000166225.jpg,0.3406973481178283,1,0.2669013738632202,laptop@mix-natural,laptop@medium,laptop,SMLn,M,True
171139,000000171139.jpg,0.4911665618419647,1,0.2669013738632202,laptop@mix-natural,laptop@medium,laptop,SMLn,M,True
192043,000000192043.jpg,0.2417424470186233,1,0.2669013738632202,laptop@mix-natural,laptop@medium,laptop,SMLn,M,False
211112,000000211112.jpg,0.2548245787620544,1,0.2669013738632202,laptop@mix-natural,laptop@medium,laptop,SMLn,M,False
219624,000000219624.jpg,0.4914437234401703,1,0.2669013738632202,laptop@mix-natural,laptop@medium,laptop,SMLn,M,True
221605,000000221605.jpg,0.4691047370433807,1,0.2669013738632202,laptop@mix-natural,laptop@medium|mouse@medium,laptop,SMLn,M,True
225609,000000225609.jpg,0.4501228332519531,1,0.2669013738632202,laptop@mix-natural,laptop@medium,laptop,SMLn,M,True
256504,000000256504.jpg,0.4109818339347839,1,0.2669013738632202,laptop@mix-natural,laptop@medium,laptop,SMLn,M,True
257164,000000257164.jpg,0.3684265911579132,1,0.2669013738632202,laptop@mix-natural,laptop@medium,laptop,SMLn,M,True
264244,000000264244.jpg,0.4790417850017547,1,0.2669013738632202,laptop@mix-natural,laptop@medium,laptop,SMLn,M,True
271728,000000271728.jpg,0.4289993941783905,1,0.2669013738632202,laptop@mix-natural,laptop@medium,laptop,SMLn,M,True
288548,000000288548.jpg,0.4770170450210571,1,0.2669013738632202,laptop@mix-natural,laptop@medium,laptop,SMLn,M,True
311706,000000311706.jpg,0.3757565915584564,1,0.2669013738632202,laptop@mix-natural,laptop@medium,laptop,SMLn,M,True
325781,000000325781.jpg,0.4173888564109802,1,0.2669013738632202,laptop@mix-natural,laptop@medium,laptop,SMLn,M,True
341741,000000341741.jpg,0.4644970595836639,1,0.2669013738632202,laptop@mix-natural,laptop@medium,laptop,SMLn,M,True
342098,000000342098.jpg,0.503340482711792,1,0.2669013738632202,laptop@mix-natural,laptop@medium|scissors@small,laptop,SMLn,M,True
349918,000000349918.jpg,0.4538882374763489,1,0.2669013738632202,laptop@mix-natural,laptop@medium|scissors@small|single serving drinking vessel@small,laptop,SMLn,M,True
374846,000000374846.jpg,0.354379266500473,1,0.2669013738632202,laptop@mix-natural,laptop@medium,laptop,SMLn,M,True
377570,000000377570.jpg,0.4240287244319916,1,0.2669013738632202,laptop@mix-natural,laptop@medium,laptop,SMLn,M,True
387264,000000387264.jpg,0.3096654415130615,1,0.2669013738632202,laptop@mix-natural,laptop@medium,laptop,SMLn,M,True
395907,000000395907.jpg,0.257899671792984,1,0.2669013738632202,laptop@mix-natural,laptop@medium,laptop,SMLn,M,False
399164,000000399164.jpg,0.4020845592021942,1,0.2669013738632202,laptop@mix-natural,laptop@medium|tv@medium,laptop,SMLn,M,True
405674,000000405674.jpg,0.2889966368675232,1,0.2669013738632202,laptop@mix-natural,banana@medium|laptop@medium,laptop,SMLn,M,True
422894,000000422894.jpg,0.2365740686655044,1,0.2669013738632202,laptop@mix-natural,laptop@medium,laptop,SMLn,M,False
422969,000000422969.jpg,0.2735762000083923,1,0.2669013738632202,laptop@mix-natural,laptop@medium,laptop,SMLn,M,True
423275,000000423275.jpg,0.3157269954681396,1,0.2669013738632202,laptop@mix-natural,laptop@medium,laptop,SMLn,M,True
445462,000000445462.jpg,0.306252121925354,1,0.2669013738632202,laptop@mix-natural,laptop@medium,laptop,SMLn,M,True
445829,000000445829.jpg,0.2901219427585602,1,0.2669013738632202,laptop@mix-natural,laptop@medium|tv@medium,laptop,SMLn,M,True
450704,000000450704.jpg,0.2758551836013794,1,0.2669013738632202,laptop@mix-natural,laptop@medium,laptop,SMLn,M,True
480487,000000480487.jpg,0.4682899415493011,1,0.2669013738632202,laptop@mix-natural,laptop@medium,laptop,SMLn,M,True
491981,000000491981.jpg,0.3797670304775238,1,0.2669013738632202,laptop@mix-natural,laptop@medium,laptop,SMLn,M,True
502508,000000502508.jpg,0.388401985168457,1,0.2669013738632202,laptop@mix-natural,laptop@medium,laptop,SMLn,M,True
531860,000000531860.jpg,0.3085835874080658,1,0.2669013738632202,laptop@mix-natural,bowl@medium|laptop@medium,laptop,SMLn,M,True
534048,000000534048.jpg,0.4403179287910461,1,0.2669013738632202,laptop@mix-natural,laptop@medium,laptop,SMLn,M,True
535130,000000535130.jpg,0.3071747422218323,1,0.2669013738632202,laptop@mix-natural,laptop@medium,laptop,SMLn,M,True
540321,000000540321.jpg,0.3108465671539306,1,0.2669013738632202,laptop@mix-natural,laptop@medium,laptop,SMLn,M,True
576376,000000576376.jpg,0.3123421370983124,1,0.2669013738632202,laptop@mix-natural,laptop@medium,laptop,SMLn,M,True
578498,000000578498.jpg,0.3290428817272186,1,0.2669013738632202,laptop@mix-natural,laptop@medium,laptop,SMLn,M,True
384,000000000384.jpg,0.2886786162853241,1,0.2669013738632202,laptop@mix-natural,laptop@small,laptop,SMLn,S,True
18473,000000018473.jpg,0.2673439979553222,1,0.2669013738632202,laptop@mix-natural,laptop@small,laptop,SMLn,S,True
49199,000000049199.jpg,0.2399231344461441,1,0.2669013738632202,laptop@mix-natural,chair@medium|laptop@small,laptop,SMLn,S,False
63647,000000063647.jpg,0.2354543656110763,1,0.2669013738632202,laptop@mix-natural,laptop@small,laptop,SMLn,S,False
88647,000000088647.jpg,0.3115927875041961,1,0.2669013738632202,laptop@mix-natural,laptop@small,laptop,SMLn,S,True
89792,000000089792.jpg,0.2498191148042678,1,0.2669013738632202,laptop@mix-natural,laptop@small,laptop,SMLn,S,False
102947,000000102947.jpg,0.2151536643505096,1,0.2669013738632202,laptop@mix-natural,laptop@small,laptop,SMLn,S,False
117428,000000117428.jpg,0.2756357491016388,1,0.2669013738632202,laptop@mix-natural,laptop@small,laptop,SMLn,S,True
118726,000000118726.jpg,0.3080979585647583,1,0.2669013738632202,laptop@mix-natural,laptop@small,laptop,SMLn,S,True
128649,000000128649.jpg,0.3028986752033233,1,0.2669013738632202,laptop@mix-natural,laptop@small|vase or potted plant@small,laptop,SMLn,S,True
137861,000000137861.jpg,0.348976731300354,1,0.2669013738632202,laptop@mix-natural,laptop@small|mouse@small,laptop,SMLn,S,True
160556,000000160556.jpg,0.3863642513751983,1,0.2669013738632202,laptop@mix-natural,laptop@small|microwave@large,laptop,SMLn,S,True
163598,000000163598.jpg,0.3049523532390594,1,0.2669013738632202,laptop@mix-natural,laptop@small,laptop,SMLn,S,True
187803,000000187803.jpg,0.2946135699748993,1,0.2669013738632202,laptop@mix-natural,laptop@small,laptop,SMLn,S,True
198198,000000198198.jpg,0.2677040100097656,1,0.2669013738632202,laptop@mix-natural,laptop@small,laptop,SMLn,S,True
202066,000000202066.jpg,0.3258353769779205,1,0.2669013738632202,laptop@mix-natural,laptop@small,laptop,SMLn,S,True
205344,000000205344.jpg,0.3334731161594391,1,0.2669013738632202,laptop@mix-natural,laptop@small,laptop,SMLn,S,True
222702,000000222702.jpg,0.2662352621555328,1,0.2669013738632202,laptop@mix-natural,laptop@small,laptop,SMLn,S,False
223540,000000223540.jpg,0.4115921258926391,1,0.2669013738632202,laptop@mix-natural,keyboard@small|laptop@small,laptop,SMLn,S,True
262605,000000262605.jpg,0.1940471529960632,1,0.2669013738632202,laptop@mix-natural,laptop@small,laptop,SMLn,S,False
267815,000000267815.jpg,0.3348988592624664,1,0.2669013738632202,laptop@mix-natural,laptop@small,laptop,SMLn,S,True
284884,000000284884.jpg,0.2998316884040832,1,0.2669013738632202,laptop@mix-natural,laptop@small,laptop,SMLn,S,True
293899,000000293899.jpg,0.1889462172985077,1,0.2669013738632202,laptop@mix-natural,laptop@small,laptop,SMLn,S,False
303713,000000303713.jpg,0.2828011810779571,1,0.2669013738632202,laptop@mix-natural,laptop@small|tennis racket@small,laptop,SMLn,S,True
304336,000000304336.jpg,0.2838204205036163,1,0.2669013738632202,laptop@mix-natural,laptop@small,laptop,SMLn,S,True
330493,000000330493.jpg,0.2466145902872085,1,0.2669013738632202,laptop@mix-natural,laptop@small|vase or potted plant@medium,laptop,SMLn,S,False
333888,000000333888.jpg,0.2509640455245971,1,0.2669013738632202,laptop@mix-natural,keyboard@small|laptop@small,laptop,SMLn,S,False
345142,000000345142.jpg,0.2517367601394653,1,0.2669013738632202,laptop@mix-natural,laptop@small,laptop,SMLn,S,False
347300,000000347300.jpg,0.2723954319953918,1,0.2669013738632202,laptop@mix-natural,laptop@small,laptop,SMLn,S,True
374448,000000374448.jpg,0.159659057855606,1,0.2669013738632202,laptop@mix-natural,dining table@medium|laptop@small,laptop,SMLn,S,False
389638,000000389638.jpg,0.2546630203723907,1,0.2669013738632202,laptop@mix-natural,laptop@small,laptop,SMLn,S,False
399791,000000399791.jpg,0.3356472253799438,1,0.2669013738632202,laptop@mix-natural,laptop@small,laptop,SMLn,S,True
409050,000000409050.jpg,0.1938011944293975,1,0.2669013738632202,laptop@mix-natural,chair@medium|laptop@small|tv@small,laptop,SMLn,S,False
410398,000000410398.jpg,0.3446179032325744,1,0.2669013738632202,laptop@mix-natural,laptop@small,laptop,SMLn,S,True
432604,000000432604.jpg,0.3514089584350586,1,0.2669013738632202,laptop@mix-natural,laptop@small,laptop,SMLn,S,True
434354,000000434354.jpg,0.2497710585594177,1,0.2669013738632202,laptop@mix-natural,keyboard@small|laptop@small,laptop,SMLn,S,False
435880,000000435880.jpg,0.2212674468755722,1,0.2669013738632202,laptop@mix-natural,laptop@small,laptop,SMLn,S,False
441415,000000441415.jpg,0.3060106933116913,1,0.2669013738632202,laptop@mix-natural,cell phone@small|laptop@small|single serving drinking vessel@small,laptop,SMLn,S,True
479935,000000479935.jpg,0.3335017561912536,1,0.2669013738632202,laptop@mix-natural,keyboard@small|laptop@small,laptop,SMLn,S,True
509718,000000509718.jpg,0.3899865448474884,1,0.2669013738632202,laptop@mix-natural,laptop@small|tv@medium,laptop,SMLn,S,True
515212,000000515212.jpg,0.2427567541599273,1,0.2669013738632202,laptop@mix-natural,laptop@small,laptop,SMLn,S,False
516774,000000516774.jpg,0.2484072893857956,1,0.2669013738632202,laptop@mix-natural,laptop@small,laptop,SMLn,S,False
523863,000000523863.jpg,0.2752246856689453,1,0.2669013738632202,laptop@mix-natural,laptop@small,laptop,SMLn,S,True
538596,000000538596.jpg,0.3238624930381775,1,0.2669013738632202,laptop@mix-natural,laptop@small,laptop,SMLn,S,True
546147,000000546147.jpg,0.3303256928920746,1,0.2669013738632202,laptop@mix-natural,laptop@small,laptop,SMLn,S,True
559163,000000559163.jpg,0.2544924914836883,1,0.2669013738632202,laptop@mix-natural,laptop@small,laptop,SMLn,S,False
564611,000000564611.jpg,0.2328780740499496,1,0.2669013738632202,laptop@mix-natural,laptop@small,laptop,SMLn,S,False
576385,000000576385.jpg,0.1950202286243438,1,0.2669013738632202,laptop@mix-natural,laptop@small,laptop,SMLn,S,False
577614,000000577614.jpg,0.40589439868927,1,0.2669013738632202,laptop@mix-natural,laptop@small,laptop,SMLn,S,True
578375,000000578375.jpg,0.2887396216392517,1,0.2669013738632202,laptop@mix-natural,laptop@small,laptop,SMLn,S,True
349719,000000349719.jpg,0.3231545090675354,1,0.3981491185071691,laptop@small,laptop@large,laptop,S,L,False
27717,000000027717.jpg,0.2862305045127868,1,0.3981491185071691,laptop@small,laptop@large,laptop,S,L,False
68048,000000068048.jpg,0.2774304747581482,1,0.3981491185071691,laptop@small,laptop@large,laptop,S,L,False
119233,000000119233.jpg,0.278166651725769,1,0.3981491185071691,laptop@small,laptop@large,laptop,S,L,False
69003,000000069003.jpg,0.2589157521724701,1,0.3981491185071691,laptop@small,laptop@large,laptop,S,L,False
408235,000000408235.jpg,0.2696688771247864,1,0.3981491185071691,laptop@small,laptop@large,laptop,S,L,False
381047,000000381047.jpg,0.3106256425380707,1,0.3981491185071691,laptop@small,laptop@large,laptop,S,L,False
376131,000000376131.jpg,0.2538650035858154,1,0.3981491185071691,laptop@small,laptop@large,laptop,S,L,False
545016,000000545016.jpg,0.3211205005645752,1,0.3981491185071691,laptop@small,laptop@large,laptop,S,L,False
557685,000000557685.jpg,0.2873136401176452,1,0.3981491185071691,laptop@small,laptop@large|mouse@small,laptop,S,L,False
203248,000000203248.jpg,0.2620790898799896,1,0.3981491185071691,laptop@small,laptop@large,laptop,S,L,False
188148,000000188148.jpg,0.3965262472629547,1,0.3981491185071691,laptop@small,laptop@large,laptop,S,L,False
96757,000000096757.jpg,0.3221683800220489,1,0.3981491185071691,laptop@small,laptop@large|mouse@medium,laptop,S,L,False
530097,000000530097.jpg,0.2428265959024429,1,0.3981491185071691,laptop@small,laptop@large,laptop,S,L,False
80949,000000080949.jpg,0.290255606174469,1,0.3981491185071691,laptop@small,laptop@large,laptop,S,L,False
58822,000000058822.jpg,0.2668821513652801,1,0.3981491185071691,laptop@small,laptop@large,laptop,S,L,False
571886,000000571886.jpg,0.2901583611965179,1,0.3981491185071691,laptop@small,laptop@large,laptop,S,L,False
291438,000000291438.jpg,0.2447727769613266,1,0.3981491185071691,laptop@small,laptop@large,laptop,S,L,False
524056,000000524056.jpg,0.2643182277679443,1,0.3981491185071691,laptop@small,laptop@large,laptop,S,L,False
402109,000000402109.jpg,0.2958271503448486,1,0.3981491185071691,laptop@small,banana@medium|keyboard@large|laptop@large,laptop,S,L,False
120246,000000120246.jpg,0.3175047636032104,1,0.3981491185071691,laptop@small,laptop@large,laptop,S,L,False
413896,000000413896.jpg,0.2905276715755462,1,0.3981491185071691,laptop@small,laptop@large,laptop,S,L,False
526801,000000526801.jpg,0.2731939256191253,1,0.3981491185071691,laptop@small,laptop@large,laptop,S,L,False
151229,000000151229.jpg,0.2683421373367309,1,0.3981491185071691,laptop@small,laptop@large,laptop,S,L,False
360013,000000360013.jpg,0.268787145614624,1,0.3981491185071691,laptop@small,laptop@large,laptop,S,L,False
375820,000000375820.jpg,0.259515643119812,1,0.3981491185071691,laptop@small,laptop@large,laptop,S,L,False
275325,000000275325.jpg,0.2976755797863006,1,0.3981491185071691,laptop@small,laptop@large,laptop,S,L,False
134907,000000134907.jpg,0.3423703610897064,1,0.3981491185071691,laptop@small,laptop@large,laptop,S,L,False
354059,000000354059.jpg,0.3335282802581787,1,0.3981491185071691,laptop@small,laptop@large,laptop,S,L,False
554711,000000554711.jpg,0.3084467947483063,1,0.3981491185071691,laptop@small,laptop@large,laptop,S,L,False
208340,000000208340.jpg,0.2356511056423187,1,0.3981491185071691,laptop@small,laptop@large,laptop,S,L,False
211260,000000211260.jpg,0.2559219002723694,1,0.3981491185071691,laptop@small,laptop@large,laptop,S,L,False
231605,000000231605.jpg,0.250705361366272,1,0.3981491185071691,laptop@small,laptop@large,laptop,S,L,False
370478,000000370478.jpg,0.3360435962677002,1,0.3981491185071691,laptop@small,laptop@large,laptop,S,L,False
118680,000000118680.jpg,0.3360275030136108,1,0.3981491185071691,laptop@small,laptop@large,laptop,S,L,False
192835,000000192835.jpg,0.3279399573802948,1,0.3981491185071691,laptop@small,laptop@large|mouse@medium,laptop,S,L,False
14335,000000014335.jpg,0.2658284902572632,1,0.3981491185071691,laptop@small,laptop@large,laptop,S,L,False
375232,000000375232.jpg,0.3060015439987182,1,0.3981491185071691,laptop@small,laptop@large,laptop,S,L,False
275644,000000275644.jpg,0.2470498085021972,1,0.3981491185071691,laptop@small,laptop@large,laptop,S,L,False
569310,000000569310.jpg,0.2934737801551819,1,0.3981491185071691,laptop@small,laptop@large,laptop,S,L,False
22150,000000022150.jpg,0.2972917556762695,1,0.3981491185071691,laptop@small,laptop@large,laptop,S,L,False
92835,000000092835.jpg,0.3164965212345123,1,0.3981491185071691,laptop@small,laptop@large,laptop,S,L,False
498690,000000498690.jpg,0.2592128813266754,1,0.3981491185071691,laptop@small,laptop@large,laptop,S,L,False
544471,000000544471.jpg,0.241828441619873,1,0.3981491185071691,laptop@small,laptop@large,laptop,S,L,False
416006,000000416006.jpg,0.291154146194458,1,0.3981491185071691,laptop@small,laptop@large,laptop,S,L,False
192043,000000192043.jpg,0.3041384518146515,1,0.3981491185071691,laptop@small,laptop@medium,laptop,S,M,False
57481,000000057481.jpg,0.347001850605011,1,0.3981491185071691,laptop@small,laptop@medium,laptop,S,M,False
160201,000000160201.jpg,0.2882948219776153,1,0.3981491185071691,laptop@small,laptop@medium,laptop,S,M,False
540321,000000540321.jpg,0.3227003812789917,1,0.3981491185071691,laptop@small,laptop@medium,laptop,S,M,False
257164,000000257164.jpg,0.266956478357315,1,0.3981491185071691,laptop@small,laptop@medium,laptop,S,M,False
502508,000000502508.jpg,0.3352188766002655,1,0.3981491185071691,laptop@small,laptop@medium,laptop,S,M,False
534048,000000534048.jpg,0.3491197228431701,1,0.3981491185071691,laptop@small,laptop@medium,laptop,S,M,False
578498,000000578498.jpg,0.362977534532547,1,0.3981491185071691,laptop@small,laptop@medium,laptop,S,M,False
423275,000000423275.jpg,0.2901658117771148,1,0.3981491185071691,laptop@small,laptop@medium,laptop,S,M,False
325781,000000325781.jpg,0.2982856035232544,1,0.3981491185071691,laptop@small,laptop@medium,laptop,S,M,False
147060,000000147060.jpg,0.3773739337921142,1,0.3981491185071691,laptop@small,laptop@medium,laptop,S,M,False
221605,000000221605.jpg,0.2483025044202804,1,0.3981491185071691,laptop@small,laptop@medium|mouse@medium,laptop,S,M,False
531860,000000531860.jpg,0.2916140556335449,1,0.3981491185071691,laptop@small,bowl@medium|laptop@medium,laptop,S,M,False
395907,000000395907.jpg,0.3618074059486389,1,0.3981491185071691,laptop@small,laptop@medium,laptop,S,M,False
211112,000000211112.jpg,0.2997463941574096,1,0.3981491185071691,laptop@small,laptop@medium,laptop,S,M,False
107969,000000107969.jpg,0.3681960999965668,1,0.3981491185071691,laptop@small,laptop@medium,laptop,S,M,False
399164,000000399164.jpg,0.2816412448883056,1,0.3981491185071691,laptop@small,laptop@medium|tv@medium,laptop,S,M,False
256504,000000256504.jpg,0.2956491112709045,1,0.3981491185071691,laptop@small,laptop@medium,laptop,S,M,False
491981,000000491981.jpg,0.2867631018161773,1,0.3981491185071691,laptop@small,laptop@medium,laptop,S,M,False
535130,000000535130.jpg,0.3188230991363525,1,0.3981491185071691,laptop@small,laptop@medium,laptop,S,M,False
225609,000000225609.jpg,0.368065595626831,1,0.3981491185071691,laptop@small,laptop@medium,laptop,S,M,False
264244,000000264244.jpg,0.3714161813259125,1,0.3981491185071691,laptop@small,laptop@medium,laptop,S,M,False
11209,000000011209.jpg,0.3739794790744781,1,0.3981491185071691,laptop@small,laptop@medium,laptop,S,M,False
87205,000000087205.jpg,0.2202664911746978,1,0.3981491185071691,laptop@small,keyboard@medium|laptop@medium,laptop,S,M,False
125773,000000125773.jpg,0.2945541739463806,1,0.3981491185071691,laptop@small,laptop@medium,laptop,S,M,False
105538,000000105538.jpg,0.2831789553165436,1,0.3981491185071691,laptop@small,laptop@medium,laptop,S,M,False
445462,000000445462.jpg,0.3004703521728515,1,0.3981491185071691,laptop@small,laptop@medium,laptop,S,M,False
288548,000000288548.jpg,0.3233522176742553,1,0.3981491185071691,laptop@small,laptop@medium,laptop,S,M,False
146963,000000146963.jpg,0.3497435748577118,1,0.3981491185071691,laptop@small,laptop@medium,laptop,S,M,False
311706,000000311706.jpg,0.317032516002655,1,0.3981491185071691,laptop@small,laptop@medium,laptop,S,M,False
63081,000000063081.jpg,0.3479251861572265,1,0.3981491185071691,laptop@small,laptop@medium,laptop,S,M,False
445829,000000445829.jpg,0.3281766772270202,1,0.3981491185071691,laptop@small,laptop@medium|tv@medium,laptop,S,M,False
141278,000000141278.jpg,0.3156159818172455,1,0.3981491185071691,laptop@small,laptop@medium,laptop,S,M,False
166225,000000166225.jpg,0.3798621296882629,1,0.3981491185071691,laptop@small,laptop@medium,laptop,S,M,False
341741,000000341741.jpg,0.3348251581192016,1,0.3981491185071691,laptop@small,laptop@medium,laptop,S,M,False
158428,000000158428.jpg,0.3314715623855591,1,0.3981491185071691,laptop@small,cell phone@small|dog@medium|laptop@medium,laptop,S,M,False
405674,000000405674.jpg,0.2958258092403412,1,0.3981491185071691,laptop@small,banana@medium|laptop@medium,laptop,S,M,False
271728,000000271728.jpg,0.3242071270942688,1,0.3981491185071691,laptop@small,laptop@medium,laptop,S,M,False
342098,000000342098.jpg,0.3336871564388275,1,0.3981491185071691,laptop@small,laptop@medium|scissors@small,laptop,S,M,False
219624,000000219624.jpg,0.4451587498188019,1,0.3981491185071691,laptop@small,laptop@medium,laptop,S,M,True
171139,000000171139.jpg,0.3631048500537872,1,0.3981491185071691,laptop@small,laptop@medium,laptop,S,M,False
576376,000000576376.jpg,0.317119687795639,1,0.3981491185071691,laptop@small,laptop@medium,laptop,S,M,False
480487,000000480487.jpg,0.3784027695655823,1,0.3981491185071691,laptop@small,laptop@medium,laptop,S,M,False
387264,000000387264.jpg,0.3148686289787292,1,0.3981491185071691,laptop@small,laptop@medium,laptop,S,M,False
126814,000000126814.jpg,0.321554034948349,1,0.3981491185071691,laptop@small,laptop@medium,laptop,S,M,False
377570,000000377570.jpg,0.3158202171325683,1,0.3981491185071691,laptop@small,laptop@medium,laptop,S,M,False
30347,000000030347.jpg,0.3655630052089691,1,0.3981491185071691,laptop@small,laptop@medium,laptop,S,M,False
422894,000000422894.jpg,0.3052766621112823,1,0.3981491185071691,laptop@small,laptop@medium,laptop,S,M,False
349918,000000349918.jpg,0.2793948352336883,1,0.3981491185071691,laptop@small,laptop@medium|scissors@small|single serving drinking vessel@small,laptop,S,M,False
450704,000000450704.jpg,0.4242790639400482,1,0.3981491185071691,laptop@small,laptop@medium,laptop,S,M,True
422969,000000422969.jpg,0.3284697234630584,1,0.3981491185071691,laptop@small,laptop@medium,laptop,S,M,False
374846,000000374846.jpg,0.3031015396118164,1,0.3981491185071691,laptop@small,laptop@medium,laptop,S,M,False
509718,000000509718.jpg,0.3332234919071197,1,0.3981491185071691,laptop@small,laptop@small|tv@medium,laptop,S,S,False
49199,000000049199.jpg,0.3186688721179962,1,0.3981491185071691,laptop@small,chair@medium|laptop@small,laptop,S,S,False
441415,000000441415.jpg,0.4154115319252014,1,0.3981491185071691,laptop@small,cell phone@small|laptop@small|single serving drinking vessel@small,laptop,S,S,True
523863,000000523863.jpg,0.3523913323879242,1,0.3981491185071691,laptop@small,laptop@small,laptop,S,S,False
304336,000000304336.jpg,0.355551153421402,1,0.3981491185071691,laptop@small,laptop@small,laptop,S,S,False
205344,000000205344.jpg,0.4253132045269012,1,0.3981491185071691,laptop@small,laptop@small,laptop,S,S,True
345142,000000345142.jpg,0.3449236452579498,1,0.3981491185071691,laptop@small,laptop@small,laptop,S,S,False
432604,000000432604.jpg,0.3286934792995453,1,0.3981491185071691,laptop@small,laptop@small,laptop,S,S,False
333888,000000333888.jpg,0.3111224770545959,1,0.3981491185071691,laptop@small,keyboard@small|laptop@small,laptop,S,S,False
18473,000000018473.jpg,0.3286134898662567,1,0.3981491185071691,laptop@small,laptop@small,laptop,S,S,False
163598,000000163598.jpg,0.3600472807884216,1,0.3981491185071691,laptop@small,laptop@small,laptop,S,S,False
546147,000000546147.jpg,0.3012236952781677,1,0.3981491185071691,laptop@small,laptop@small,laptop,S,S,False
479935,000000479935.jpg,0.3132006525993347,1,0.3981491185071691,laptop@small,keyboard@small|laptop@small,laptop,S,S,False
564611,000000564611.jpg,0.3694340884685516,1,0.3981491185071691,laptop@small,laptop@small,laptop,S,S,False
63647,000000063647.jpg,0.3336067795753479,1,0.3981491185071691,laptop@small,laptop@small,laptop,S,S,False
102947,000000102947.jpg,0.3154279291629791,1,0.3981491185071691,laptop@small,laptop@small,laptop,S,S,False
293899,000000293899.jpg,0.3409151434898376,1,0.3981491185071691,laptop@small,laptop@small,laptop,S,S,False
559163,000000559163.jpg,0.2876919507980346,1,0.3981491185071691,laptop@small,laptop@small,laptop,S,S,False
303713,000000303713.jpg,0.3479761481285095,1,0.3981491185071691,laptop@small,laptop@small|tennis racket@small,laptop,S,S,False
410398,000000410398.jpg,0.3355414271354675,1,0.3981491185071691,laptop@small,laptop@small,laptop,S,S,False
262605,000000262605.jpg,0.3227590322494507,1,0.3981491185071691,laptop@small,laptop@small,laptop,S,S,False
374448,000000374448.jpg,0.28778275847435,1,0.3981491185071691,laptop@small,dining table@medium|laptop@small,laptop,S,S,False
88647,000000088647.jpg,0.364394336938858,1,0.3981491185071691,laptop@small,laptop@small,laptop,S,S,False
267815,000000267815.jpg,0.3136700391769409,1,0.3981491185071691,laptop@small,laptop@small,laptop,S,S,False
198198,000000198198.jpg,0.3657180368900299,1,0.3981491185071691,laptop@small,laptop@small,laptop,S,S,False
578375,000000578375.jpg,0.3360408544540405,1,0.3981491185071691,laptop@small,laptop@small,laptop,S,S,False
577614,000000577614.jpg,0.3591168522834778,1,0.3981491185071691,laptop@small,laptop@small,laptop,S,S,False
389638,000000389638.jpg,0.3042530715465545,1,0.3981491185071691,laptop@small,laptop@small,laptop,S,S,False
384,000000000384.jpg,0.3487193882465362,1,0.3981491185071691,laptop@small,laptop@small,laptop,S,S,False
187803,000000187803.jpg,0.3192123770713806,1,0.3981491185071691,laptop@small,laptop@small,laptop,S,S,False
515212,000000515212.jpg,0.3768417835235595,1,0.3981491185071691,laptop@small,laptop@small,laptop,S,S,False
399791,000000399791.jpg,0.3277178406715393,1,0.3981491185071691,laptop@small,laptop@small,laptop,S,S,False
222702,000000222702.jpg,0.3184854984283447,1,0.3981491185071691,laptop@small,laptop@small,laptop,S,S,False
330493,000000330493.jpg,0.2900113761425018,1,0.3981491185071691,laptop@small,laptop@small|vase or potted plant@medium,laptop,S,S,False
576385,000000576385.jpg,0.36641925573349,1,0.3981491185071691,laptop@small,laptop@small,laptop,S,S,False
435880,000000435880.jpg,0.2832240164279938,1,0.3981491185071691,laptop@small,laptop@small,laptop,S,S,False
160556,000000160556.jpg,0.251685619354248,1,0.3981491185071691,laptop@small,laptop@small|microwave@large,laptop,S,S,False
137861,000000137861.jpg,0.3020428717136383,1,0.3981491185071691,laptop@small,laptop@small|mouse@small,laptop,S,S,False
284884,000000284884.jpg,0.3738754093647003,1,0.3981491185071691,laptop@small,laptop@small,laptop,S,S,False
223540,000000223540.jpg,0.3294436335563659,1,0.3981491185071691,laptop@small,keyboard@small|laptop@small,laptop,S,S,False
89792,000000089792.jpg,0.386942595243454,1,0.3981491185071691,laptop@small,laptop@small,laptop,S,S,False
434354,000000434354.jpg,0.2981373071670532,1,0.3981491185071691,laptop@small,keyboard@small|laptop@small,laptop,S,S,False
118726,000000118726.jpg,0.4024058878421783,1,0.3981491185071691,laptop@small,laptop@small,laptop,S,S,True
538596,000000538596.jpg,0.344359427690506,1,0.3981491185071691,laptop@small,laptop@small,laptop,S,S,False
117428,000000117428.jpg,0.2896846532821655,1,0.3981491185071691,laptop@small,laptop@small,laptop,S,S,False
202066,000000202066.jpg,0.2927426397800445,1,0.3981491185071691,laptop@small,laptop@small,laptop,S,S,False
516774,000000516774.jpg,0.3372768461704254,1,0.3981491185071691,laptop@small,laptop@small,laptop,S,S,False
128649,000000128649.jpg,0.2940889298915863,1,0.3981491185071691,laptop@small,laptop@small|vase or potted plant@small,laptop,S,S,False
409050,000000409050.jpg,0.3577215373516083,1,0.3981491185071691,laptop@small,chair@medium|laptop@small|tv@small,laptop,S,S,False
347300,000000347300.jpg,0.4064760208129883,1,0.3981491185071691,laptop@small,laptop@small,laptop,S,S,True
