click,embedder,cls,train,test,cost,auroc,recall,f1,fpr
30,siglip,airplane,L,L,0.11826049999999999,0.9923704000000001,0.98531275,0.13125451491894116,0.10357324999999999
30,siglip,airplane,L,M,0.11864345000000001,0.9957222,0.9849298000000001,0.13026101877741725,0.10357324999999999
30,siglip,airplane,L,S,0.21837605,0.95716795,0.8851972,0.11438320703794017,0.10357324999999999
30,siglip,airplane,L,SML=,0.15176,0.9817535166666665,0.95181325,0.263945719373531,0.10357324999999999
30,siglip,airplane,L,SMLn,0.12370164574122236,0.991102119749675,0.9798716042587776,0.2720990211224611,0.10357324999999999
30,siglip,airplane,M,L,0.11813565,0.9949436,0.98839675,0.09369142343415937,0.1065324
30,siglip,airplane,M,M,0.11441445000000001,0.99631015,0.9921179500000001,0.09189063475439581,0.1065324
30,siglip,airplane,M,S,0.1941935,0.9652858,0.9123389,0.08566886597681098,0.1065324
30,siglip,airplane,M,SML=,0.14224786666666667,0.9855131833333333,0.9642845333333334,0.22323848539377728,0.1065324
30,siglip,airplane,M,SMLn,0.1215271267392718,0.9936055083062418,0.9850052732607282,0.22802009285041488,0.1065324
30,siglip,airplane,S,L,0.1766416,0.9914748,0.99052255,0.05236865977744028,0.16716415
30,siglip,airplane,S,M,0.17689875,0.9937436500000001,0.9902654,0.05115520034420516,0.16716415
30,siglip,airplane,S,S,0.24932590000000002,0.95749595,0.91783825,0.047040192840473845,0.16716415
30,siglip,airplane,S,SML=,0.20095541666666666,0.9809047999999999,0.9662087333333333,0.13599608001445113,0.16716415
30,siglip,airplane,S,SMLn,0.18058803298114434,0.9900718303641092,0.9865761170188556,0.13869970372861778,0.16716415
30,siglip,airplane,SML=,L,0.16272465,0.9946341000000001,0.98957915,0.07199809656806949,0.15230380000000002
30,siglip,airplane,SML=,M,0.1563758,0.9967707000000001,0.9959279999999999,0.06958211063493384,0.15230380000000002
30,siglip,airplane,SML=,S,0.22960609999999998,0.96514665,0.9226977,0.06364270407459904,0.15230380000000002
30,siglip,airplane,SML=,SML=,0.18290218333333333,0.98551715,0.9694016166666668,0.1710991848288538,0.15230380000000002
30,siglip,airplane,SML=,SMLn,0.16513783062418724,0.9934475902958388,0.9871659693758128,0.17447845423795566,0.15230380000000002
30,siglip,airplane,SMLn,L,0.12161445,0.9930557999999999,0.98839675,0.09828806744646974,0.1100112
30,siglip,airplane,SMLn,M,0.11722364999999998,0.99681025,0.9927875500000001,0.09691244737409874,0.1100112
30,siglip,airplane,SMLn,S,0.19528345,0.9626613,0.91472775,0.08993029239664313,0.1100112
30,siglip,airplane,SMLn,SML=,0.14470718333333332,0.9841757833333332,0.9653040166666667,0.23095932936941904,0.1100112
30,siglip,airplane,SMLn,SMLn,0.12475392327698309,0.9921199058355006,0.985257276723017,0.23545446290035246,0.1100112
30,siglip,apple,L,L,0.16419675,0.99652345,1.0,0.05521930305296251,0.16419675
30,siglip,apple,L,M,0.22094964999999997,0.96373745,0.9432471,0.051768836171551126,0.16419675
30,siglip,apple,L,S,,,,,0.16419675
30,siglip,apple,L,SML=,0.1925732,0.9801304500000001,0.97162355,0.10100498926382065,0.16419675
30,siglip,apple,L,SMLn,0.2027624272200772,0.9742441604247103,0.9614343227799228,0.09990343473010474,0.16419675
30,siglip,apple,M,L,0.2290146,0.99690785,1.0,0.04230588875108025,0.2290146
30,siglip,apple,M,M,0.27507395,0.9629994,0.9539406500000001,0.03904010781989302,0.2290146
30,siglip,apple,M,S,,,,,0.2290146
30,siglip,apple,M,SML=,0.252044275,0.9799536249999999,0.9769703249999999,0.07756477129498812,0.2290146
30,siglip,apple,M,SMLn,0.26031361776061773,0.9738658144787644,0.9687009822393822,0.07675778319991189,0.2290146
30,siglip,apple,SML=,L,0.16291095,0.9968145500000001,0.9990384499999999,0.056906045449651235,0.1619494
30,siglip,apple,SML=,M,0.22630145000000002,0.96405625,0.9356479500000001,0.05230169268978204,0.1619494
30,siglip,apple,SML=,S,,,,,0.1619494
30,siglip,apple,SML=,SML=,0.1946062,0.9804354,0.9673432,0.10288724667450637,0.1619494
30,siglip,apple,SML=,SMLn,0.2059871198841699,0.9745540835907336,0.9559622801158302,0.1016106373440578,0.1619494
30,siglip,apple,SMLn,L,0.17903545,0.99740645,0.9990384499999999,0.054193227455756846,0.1780739
30,siglip,apple,SMLn,M,0.2383134,0.9626856500000001,0.9397605,0.0499696803219731,0.1780739
30,siglip,apple,SMLn,S,,,,,0.1780739
30,siglip,apple,SMLn,SML=,0.20867442500000002,0.98004605,0.969399475,0.09790847094037847,0.1780739
30,siglip,apple,SMLn,SMLn,0.2193169913127413,0.9738123928571427,0.9587569086872587,0.09659065538115649,0.1780739
30,siglip,bag or luggage,L,L,0.37270020000000004,0.9382110499999999,0.92530545,0.029840358556775935,0.29800565
30,siglip,bag or luggage,L,M,0.5884819,0.77698935,0.70952375,0.023524851293877137,0.29800565
30,siglip,bag or luggage,L,S,0.8061792000000001,0.6443388999999999,0.49182645,0.015902238112233614,0.29800565
30,siglip,bag or luggage,L,SML=,0.5891204333333333,0.7865131,0.7088852166666666,0.06561468970114791,0.29800565
30,siglip,bag or luggage,L,SMLn,0.6118777370040875,0.7675814295984612,0.6861279129959125,0.06340494991418828,0.29800565
30,siglip,bag or luggage,M,L,0.49164025,0.8697606,0.8654674,0.022157777107084775,0.35710765
30,siglip,bag or luggage,M,M,0.50478305,0.8432959500000001,0.8523246,0.022679785717384982,0.35710765
30,siglip,bag or luggage,M,S,0.61981005,0.76388065,0.7372976,0.019536772534475583,0.35710765
30,siglip,bag or luggage,M,SML=,0.53874445,0.8256457333333334,0.8183632,0.061331786795487106,0.35710765
30,siglip,bag or luggage,M,SMLn,0.5335891078504449,0.8262431276869441,0.8235185421495551,0.061710450285026086,0.35710765
30,siglip,bag or luggage,S,L,0.5393689,0.8516305,0.83291655,0.020138077250448923,0.3722855
30,siglip,bag or luggage,S,M,0.59186645,0.77004865,0.7804191,0.01964311349559932,0.3722855
30,siglip,bag or luggage,S,S,0.73328485,0.66663235,0.63900055,0.015842412111396472,0.3722855
30,siglip,bag or luggage,S,SML=,0.6215067666666666,0.7627704166666667,0.7507786833333333,0.05352564542222078,0.3722855
30,siglip,bag or luggage,S,SMLn,0.6213575120100986,0.7555233650036066,0.7509278879899014,0.05353576017350746,0.3722855
30,siglip,bag or luggage,SML=,L,0.41026274999999995,0.9344376000000001,0.9344184,0.024732971574143517,0.34468115
30,siglip,bag or luggage,SML=,M,0.5813788,0.7790032,0.76330235,0.02105839158887505,0.34468115
30,siglip,bag or luggage,SML=,S,0.739441,0.6730748,0.60524015,0.016575436838822424,0.34468115
30,siglip,bag or luggage,SML=,SML=,0.5770275166666666,0.7955051999999999,0.7676536333333334,0.059666519982586395,0.34468115
30,siglip,bag or luggage,SML=,SMLn,0.5960109038470787,0.7758415370040875,0.7486702461529214,0.05821462490072286,0.34468115
30,siglip,bag or luggage,SMLn,L,0.40542985,0.9322270500000001,0.9280476,0.02541482782266486,0.33347745
30,siglip,bag or luggage,SMLn,M,0.57668955,0.7831673,0.7567879000000001,0.02150858559889855,0.33347745
30,siglip,bag or luggage,SMLn,S,0.78962735,0.64234195,0.5438501,0.015489590006707018,0.33347745
30,siglip,bag or luggage,SMLn,SML=,0.59058225,0.7859121,0.7428952,0.05967842841018482,0.33347745
30,siglip,bag or luggage,SMLn,SMLn,0.6060627939528732,0.7695772408150998,0.7274146560471267,0.05839339298399201,0.33347745
30,siglip,banana,L,L,0.1687069,0.9933273,0.9895447,0.05252139528044299,0.1582516
30,siglip,banana,L,M,0.2933851,0.92317725,0.8648665,0.04909218316940374,0.1582516
30,siglip,banana,L,S,,,,,0.1582516
30,siglip,banana,L,SML=,0.231046,0.9582522750000001,0.9272056,0.09646341245270282,0.1582516
30,siglip,banana,L,SMLn,0.22237908994974873,0.9631287022613065,0.9358725100502513,0.097365966554479,0.1582516
30,siglip,banana,M,L,0.29910645,0.9919798,0.9956039000000001,0.02858775220175979,0.29471035
30,siglip,banana,M,M,0.36986835,0.9347023,0.9248419999999999,0.02866362307334434,0.29471035
30,siglip,banana,M,S,,,,,0.29471035
30,siglip,banana,M,SML=,0.3344874,0.96334105,0.96022295,0.05566213219437731,0.29471035
30,siglip,banana,M,SMLn,0.3295684404522613,0.9673226517587938,0.9651419095477387,0.055946081084707514,0.29471035
30,siglip,banana,SML=,L,0.23686965,0.9932426,0.9936854500000001,0.03638772909591161,0.23055509999999999
30,siglip,banana,SML=,M,0.3354261,0.92740275,0.8951290000000001,0.034979988944381396,0.23055509999999999
30,siglip,banana,SML=,S,,,,,0.23055509999999999
30,siglip,banana,SML=,SML=,0.286147875,0.9603226749999999,0.944407225,0.0688377042086147,0.23055509999999999
30,siglip,banana,SML=,SMLn,0.2792967984924623,0.9648994819932998,0.9512583015075377,0.06933811742482657,0.23055509999999999
30,siglip,banana,SMLn,L,0.21959404999999999,0.9937792,0.9938326,0.03981861435746594,0.21342665
30,siglip,banana,SMLn,M,0.32632125,0.9252437499999999,0.8871054,0.038208718977632804,0.21342665
30,siglip,banana,SMLn,S,,,,,0.21342665
30,siglip,banana,SMLn,SML=,0.27295765,0.959511475,0.940469,0.07498761719552119,0.21342665
30,siglip,banana,SMLn,SMLn,0.26553859003350083,0.9642756645728643,0.9478880599664992,0.07558367897291682,0.21342665
30,siglip,baseball bat,L,L,0.10619324999999999,0.9979891000000001,0.9967891,0.0912115270187465,0.10298235
30,siglip,baseball bat,L,M,0.1089464,0.99776435,0.99403595,0.09646517100804793,0.10298235
30,siglip,baseball bat,L,S,0.13062145,0.9857653000000001,0.9723609,0.09353729297513728,0.10298235
30,siglip,baseball bat,L,SML=,0.11525369999999999,0.9938395833333333,0.98772865,0.2286399158967169,0.10298235
30,siglip,baseball bat,L,SMLn,0.11398293517307692,0.9948587417500001,0.9889994148269231,0.22891258276044085,0.10298235
30,siglip,baseball bat,M,L,0.12937769999999998,0.9971438499999999,0.98844855,0.10100383084361948,0.11782625
30,siglip,baseball bat,M,M,0.11876964999999999,0.9986898500000001,0.9990566,0.10490023407451084,0.11782625
30,siglip,baseball bat,M,S,0.1409165,0.9873203500000001,0.9769097500000001,0.10501548775717681,0.11782625
30,siglip,baseball bat,M,SML=,0.12968795,0.9943846833333334,0.9881382999999999,0.22252559684361853,0.11782625
30,siglip,baseball bat,M,SMLn,0.12512887871153847,0.9957777065384615,0.9926973712884616,0.22360299033911377,0.11782625
30,siglip,baseball bat,S,L,0.1013782,0.99110885,0.9691143500000001,0.1697560679769931,0.07049255
30,siglip,baseball bat,S,M,0.09489545,0.99517645,0.9755971000000001,0.17604549049135765,0.07049255
30,siglip,baseball bat,S,S,0.10876305,0.9798939499999999,0.9617295,0.1749114424132405,0.07049255
30,siglip,baseball bat,S,SML=,0.10167889999999999,0.9887264166666666,0.9688136500000001,0.3419097459164781,0.07049255
30,siglip,baseball bat,S,SMLn,0.09886295178846154,0.9910822226923077,0.9716295982115385,0.34269206835346805,0.07049255
30,siglip,baseball bat,SML=,L,0.13940714999999998,0.99650495,0.9907752999999999,0.10775885504765484,0.13018245
30,siglip,baseball bat,SML=,M,0.1368645,0.99809615,0.99331795,0.11394916369685786,0.13018245
30,siglip,baseball bat,SML=,S,0.15597865,0.98436735,0.9742038000000001,0.10994930220078061,0.13018245
30,siglip,baseball bat,SML=,SML=,0.14408343333333334,0.9929894833333333,0.9860990166666668,0.23145732711169642,0.13018245
30,siglip,baseball bat,SML=,SMLn,0.14175522840384616,0.994604614923077,0.9884272215961538,0.23188353972943462,0.13018245
30,siglip,baseball bat,SMLn,L,0.1427329,0.9973799,0.9863253000000001,0.10498147908424627,0.1290582
30,siglip,baseball bat,SMLn,M,0.1312815,0.9986999000000001,0.9977767,0.11076210686213057,0.1290582
30,siglip,baseball bat,SMLn,S,0.1530462,0.98614465,0.9760120000000001,0.10899517849937886,0.1290582
30,siglip,baseball bat,SMLn,SML=,0.14235353333333334,0.9940748166666665,0.9867046666666667,0.2295051065238865,0.1290582
30,siglip,baseball bat,SMLn,SMLn,0.13762376876923077,0.9955190428846153,0.9914344312307692,0.2310431300030404,0.1290582
30,siglip,bench,L,L,0.43613485,0.8984286499999999,0.88090835,0.023603268988081298,0.31704319999999997
30,siglip,bench,L,M,0.7326892500000001,0.6767612,0.5843539499999999,0.0162026975328168,0.31704319999999997
30,siglip,bench,L,S,0.8071934000000001,0.6429826000000001,0.5098498,0.014070981731115331,0.31704319999999997
30,siglip,bench,L,SML=,0.6586725,0.7393908166666666,0.6583707000000001,0.05190198792412813,0.31704319999999997
30,siglip,bench,L,SMLn,0.6301623238411167,0.7572113207995864,0.6868808761588834,0.054153775964336924,0.31704319999999997
30,siglip,bench,M,L,0.46696024999999997,0.8847476500000001,0.8835257000000001,0.021170621129225915,0.35048595
30,siglip,bench,M,M,0.7315053,0.6829221999999999,0.6189806499999999,0.015567955267250369,0.35048595
30,siglip,bench,M,S,0.7512841,0.67229005,0.5992018499999999,0.015131497705571016,0.35048595
30,siglip,bench,M,SML=,0.64991655,0.7466533,0.7005694,0.04989402233677603,0.35048595
30,siglip,bench,M,SMLn,0.6319197020334311,0.7596733710322248,0.718566247966569,0.05113681582312,0.35048595
30,siglip,bench,S,L,0.79513615,0.7015006500000001,0.58876695,0.010270214510291524,0.3839032
30,siglip,bench,S,M,0.87773185,0.6317617999999999,0.50617135,0.0093298487561488,0.3839032
30,siglip,bench,S,S,0.8937214000000001,0.58779905,0.49018185000000003,0.009249592939163772,0.3839032
30,siglip,bench,S,SML=,0.8555298,0.6403538,0.5283734,0.02821238542296839,0.3839032
30,siglip,bench,S,SMLn,0.8483475073668792,0.6512701996553507,0.5355556426331208,0.028603048425201477,0.3839032
30,siglip,bench,SML=,L,0.43748955,0.8996112999999999,0.8851746500000001,0.02338669444967054,0.3226642
30,siglip,bench,SML=,M,0.74592725,0.6730824,0.57673695,0.015985366748976503,0.3226642
30,siglip,bench,SML=,S,0.8248355500000001,0.6204875,0.49782865000000004,0.013645485822076281,0.3226642
30,siglip,bench,SML=,SML=,0.66941745,0.7310603999999999,0.65324675,0.050935563422098484,0.3226642
30,siglip,bench,SML=,SMLn,0.6395388614078925,0.7521508930208513,0.6831253385921076,0.05328067267034723,0.3226642
30,siglip,bench,SMLn,L,0.45575685000000005,0.9008701,0.8871451,0.021866849492039323,0.34290195
30,siglip,bench,SMLn,M,0.7510209999999999,0.67434145,0.59188095,0.01519893634996258,0.34290195
30,siglip,bench,SMLn,S,0.8204755,0.6233492,0.52242645,0.013477255510910655,0.34290195
30,siglip,bench,SMLn,SML=,0.6757511166666667,0.7328535833333333,0.6671508333333334,0.04875029203794835,0.34290195
30,siglip,bench,SMLn,SMLn,0.648117685507496,0.7536887835343788,0.694784264492504,0.05073137324063999,0.34290195
30,siglip,bicycle,L,L,0.32377615,0.9862002499999999,0.9945854000000001,0.02944722414901397,0.31836155
30,siglip,bicycle,L,M,0.48398335000000003,0.86676905,0.8343782000000001,0.024469842172994603,0.31836155
30,siglip,bicycle,L,S,0.61656315,0.7572887500000001,0.7017984,0.019757038792705,0.31836155
30,siglip,bicycle,L,SML=,0.4747742166666667,0.8700860166666666,0.8435873333333334,0.06967041620709918,0.31836155
30,siglip,bicycle,L,SMLn,0.4550130803324507,0.8864836231391585,0.8633484696675493,0.07139455967520832,0.31836155
30,siglip,bicycle,M,L,0.32819195,0.96151765,0.97188535,0.029102158340946305,0.3000773
30,siglip,bicycle,M,M,0.38962284999999997,0.911538,0.9104544499999999,0.027189383996703703,0.3000773
30,siglip,bicycle,M,S,0.4101674,0.88188235,0.8899098999999999,0.02592751562521454,0.3000773
30,siglip,bicycle,M,SML=,0.3759940666666667,0.9183126666666667,0.9240832333333333,0.07766037078219364,0.3000773
30,siglip,bicycle,M,SMLn,0.3731580408649603,0.9226454801853488,0.9269192591350397,0.07789562587875241,0.3000773
30,siglip,bicycle,S,L,1.0151828999999999,0.46707735,0.3412732,0.008520618633658324,0.3564561
30,siglip,bicycle,S,M,0.9046692500000001,0.55602065,0.45178684999999996,0.011307902828827206,0.3564561
30,siglip,bicycle,S,S,0.7791598,0.6410576,0.5772963,0.013943670363398705,0.3564561
30,siglip,bicycle,S,SML=,0.8996706666666666,0.5547185166666666,0.4567854333333334,0.032631036290718854,0.3564561
30,siglip,bicycle,S,SMLn,0.9186321632391881,0.5419583727566931,0.437823936760812,0.031273719056493385,0.3564561
30,siglip,bicycle,SML=,L,0.3288526,0.98336365,0.9923078500000001,0.02778052085353132,0.32116045
30,siglip,bicycle,SML=,M,0.44376635000000003,0.8885749000000001,0.8773941000000001,0.02446475015446318,0.32116045
30,siglip,bicycle,SML=,S,0.54642725,0.8065996,0.7747332,0.021006704916337215,0.32116045
30,siglip,bicycle,SML=,SML=,0.43968206666666665,0.89284605,0.8814783833333333,0.06943136710931211,0.32116045
30,siglip,bicycle,SML=,SMLn,0.42432389954398353,0.9050909149161518,0.8968365504560165,0.07060212059398248,0.32116045
30,siglip,bicycle,SMLn,L,0.330651,0.9813710499999999,0.9901849,0.028348289142640575,0.3208359
30,siglip,bicycle,SMLn,M,0.43913795,0.8871378,0.8816979500000001,0.02514647982142069,0.3208359
30,siglip,bicycle,SMLn,S,0.5548575,0.8014697,0.7659784000000001,0.021053637754642928,0.3208359
30,siglip,bicycle,SMLn,SML=,0.4415488166666666,0.88999285,0.8792870833333334,0.07058305928780492,0.3208359
30,siglip,bicycle,SMLn,SMLn,0.42410704713150926,0.9028191315386879,0.8967288528684907,0.07201078526012702,0.3208359
30,siglip,bird,L,L,0.19804660000000002,0.98088365,0.9583736500000001,0.06716209925909014,0.15642024999999998
30,siglip,bird,L,M,0.36707575000000003,0.9053218,0.7893445,0.05717561746826545,0.15642024999999998
30,siglip,bird,L,S,0.8890763500000001,0.5783476000000001,0.2673439,0.017393005666240555,0.15642024999999998
30,siglip,bird,L,SML=,0.4847329,0.8215176833333333,0.67168735,0.12472522996413223,0.15642024999999998
30,siglip,bird,L,SMLn,0.46245361509096333,0.8351536675365345,0.6939666349090368,0.12876390885848163,0.15642024999999998
30,siglip,bird,M,L,0.35891295,0.9771883499999999,0.9820551999999999,0.02606079180185447,0.34096815
30,siglip,bird,M,M,0.43893005,0.9209994,0.9020381000000001,0.024079336902485864,0.34096815
30,siglip,bird,M,S,0.6964936500000001,0.7090668,0.6444745000000001,0.01655671226537596,0.34096815
30,siglip,bird,M,SML=,0.4981122166666666,0.8690848499999999,0.8428559333333334,0.06349618870665416,0.34096815
30,siglip,bird,M,SMLn,0.4871549212496272,0.8779991959290188,0.8538132287503728,0.06436624418620808,0.34096815
30,siglip,bird,S,L,0.6174556,0.7702959500000001,0.72729,0.018669769430492866,0.3447456
30,siglip,bird,S,M,0.6735095,0.7318707,0.6712361,0.01702679608696057,0.3447456
30,siglip,bird,S,S,0.7834767,0.6505680500000001,0.56126895,0.014213478944630566,0.3447456
30,siglip,bird,S,SML=,0.6914806166666667,0.7175782666666667,0.6532650333333334,0.04777569320140992,0.3447456
30,siglip,bird,S,SMLn,0.6865716884879213,0.7211757918133015,0.6581739115120787,0.048139127420846625,0.3447456
30,siglip,bird,SML=,L,0.34790215,0.9821103000000001,0.9826876,0.025935612988992572,0.33058975
30,siglip,bird,SML=,M,0.41572275000000003,0.9193768999999999,0.9148669999999999,0.0244525937465591,0.33058975
30,siglip,bird,SML=,S,0.8096337,0.6363044,0.52095605,0.013738552909992452,0.33058975
30,siglip,bird,SML=,SML=,0.5244195333333332,0.8459305333333333,0.8061702166666667,0.061223325906032,0.33058975
30,siglip,bird,SML=,SMLn,0.5082366315687443,0.8577073876826722,0.8223531184312556,0.06243585753154181,0.33058975
30,siglip,bird,SMLn,L,0.3223801,0.98159595,0.9808939499999999,0.03043993032555567,0.30327405
30,siglip,bird,SMLn,M,0.40829329999999997,0.91610145,0.89498075,0.02763090159382469,0.30327405
30,siglip,bird,SMLn,S,0.8308858000000001,0.6281818,0.47238825,0.013613274720902773,0.30327405
30,siglip,bird,SMLn,SML=,0.5205197333333333,0.8419597333333332,0.7827543166666666,0.06787203643868746,0.30327405
30,siglip,bird,SMLn,SMLn,0.5030198986877423,0.8539560230987175,0.8002541513122576,0.06945674179038594,0.30327405
30,siglip,boat,L,L,0.28314125,0.9862913000000001,0.9837136000000001,0.030145706050801246,0.26685485
30,siglip,boat,L,M,0.34462160000000003,0.9474937499999999,0.92223325,0.029502573136423026,0.26685485
30,siglip,boat,L,S,0.36207789999999995,0.9140510000000001,0.9047769499999999,0.029402544792465235,0.26685485
30,siglip,boat,L,SML=,0.32994691666666665,0.9492786833333333,0.9369079333333333,0.08394375552039947,0.26685485
30,siglip,boat,L,SMLn,0.3213236310569882,0.958204796704871,0.9455312189430117,0.08467714665814749,0.26685485
30,siglip,boat,M,L,0.27960409999999997,0.9851374500000001,0.9854816,0.030607023673086164,0.26508570000000004
30,siglip,boat,M,M,0.30997814999999995,0.95695245,0.9551075499999999,0.031057362089436193,0.26508570000000004
30,siglip,boat,M,S,0.32796675,0.9328728999999999,0.93711895,0.03121717523330696,0.26508570000000004
30,siglip,boat,M,SML=,0.3058496666666667,0.9583209333333332,0.9592360333333334,0.08729609754451009,0.26508570000000004
30,siglip,boat,M,SMLn,0.3001344804520853,0.9647719649793058,0.9649512195479147,0.08776022146122528,0.26508570000000004
30,siglip,boat,S,L,0.30375505,0.9486855500000001,0.94423145,0.03348140410282424,0.24798650000000003
30,siglip,boat,S,M,0.3247683,0.94009125,0.9232182,0.034168394846315744,0.24798650000000003
30,siglip,boat,S,S,0.3318642,0.9263408,0.9161223,0.03413599042722747,0.24798650000000003
30,siglip,boat,S,SML=,0.32012918333333334,0.9383725333333333,0.9278573166666666,0.09442638349102954,0.24798650000000003
30,siglip,boat,S,SMLn,0.317006355985355,0.941335187965616,0.9309801440146451,0.09476797503471894,0.24798650000000003
30,siglip,boat,SML=,L,0.29931095,0.98555555,0.9808123999999999,0.02915262706493261,0.28012335
30,siglip,boat,SML=,M,0.33707570000000003,0.9538129,0.9430476499999999,0.0294469074657192,0.28012335
30,siglip,boat,SML=,S,0.32747804999999997,0.939139,0.9526453,0.03020638046798279,0.28012335
30,siglip,boat,SML=,SML=,0.32128823333333334,0.9595024833333333,0.9588351166666668,0.08361689010361431,0.28012335
30,siglip,boat,SML=,SMLn,0.3191483730022286,0.9648342705030245,0.9609749769977715,0.08379284815215511,0.28012335
30,siglip,boat,SMLn,L,0.29787240000000004,0.9849446000000001,0.97865565,0.029702387177934764,0.27652804999999997
30,siglip,boat,SMLn,M,0.3448654,0.9519496999999999,0.93166265,0.029301028804240202,0.27652804999999997
30,siglip,boat,SMLn,S,0.33381910000000004,0.9325944999999999,0.9427089499999999,0.0302334978983723,0.27652804999999997
30,siglip,boat,SMLn,SML=,0.32551896666666663,0.9564962666666667,0.9510090833333333,0.08394782589031627,0.27652804999999997
30,siglip,boat,SMLn,SMLn,0.322716899936326,0.9626757628143903,0.953811150063674,0.08418146124639199,0.27652804999999997
30,siglip,book,L,L,0.2997879,0.9662102499999999,0.9761260500000001,0.030962716388534983,0.27591394999999996
30,siglip,book,L,M,0.60453475,0.75960985,0.6713792,0.02205242106035951,0.27591394999999996
30,siglip,book,L,S,0.6887051,0.70116295,0.58720885,0.018700481327212453,0.27591394999999996
30,siglip,book,L,SML=,0.53100925,0.8089943500000001,0.7449047,0.06811884427394346,0.27591394999999996
30,siglip,book,L,SMLn,0.5923882049079172,0.7674123869280425,0.6835257450920829,0.06263629668915704,0.27591394999999996
30,siglip,book,M,L,0.71857265,0.6931529000000001,0.56480775,0.016964008906468493,0.2833804
30,siglip,book,M,M,0.65329085,0.732653,0.6300896,0.020564313173477886,0.2833804
30,siglip,book,M,S,0.7157585,0.6992659999999999,0.56762195,0.01798023903494699,0.2833804
30,siglip,book,M,SML=,0.6958739666666667,0.7083573166666667,0.5875064333333333,0.05267418192275751,0.2833804
30,siglip,book,M,SMLn,0.6810189875640782,0.7172521269318397,0.6023615124359217,0.05451483872548836,0.2833804
30,siglip,book,S,L,0.7771556000000001,0.70036875,0.66969985,0.01305861376258573,0.44685545
30,siglip,book,S,M,0.8513208999999999,0.60904325,0.5955345,0.011615885895475438,0.44685545
30,siglip,book,S,S,0.85994385,0.57504325,0.5869115500000001,0.01276275071758888,0.44685545
30,siglip,book,S,SML=,0.8294734500000001,0.6281517833333333,0.6173819,0.035312567959801894,0.44685545
30,siglip,book,S,SMLn,0.844662565046516,0.6099439781184735,0.6021929349534839,0.03437739831710284,0.44685545
30,siglip,book,SML=,L,0.2878479,0.9635974,0.9767184500000001,0.03265797354152359,0.26456635
30,siglip,book,SML=,M,0.5401027,0.78883595,0.72446365,0.024678865871360083,0.26456635
30,siglip,book,SML=,S,0.629011,0.7402278499999999,0.63555535,0.02111945797772514,0.26456635
30,siglip,book,SML=,SML=,0.48565386666666666,0.8308870666666666,0.7789124833333333,0.07411671943671147,0.26456635
30,siglip,book,SML=,SMLn,0.5360525876020505,0.7956956208562749,0.7285137623979494,0.06924612566499748,0.26456635
30,siglip,book,SMLn,L,0.3559894,0.93953085,0.9490244999999999,0.02818236767845998,0.3050139
30,siglip,book,SMLn,M,0.55630955,0.78923225,0.74870435,0.022778247782922298,0.3050139
30,siglip,book,SMLn,S,0.6145518,0.7500466,0.6904621,0.020440737127269206,0.3050139
30,siglip,book,SMLn,SML=,0.50895025,0.8262699,0.79606365,0.06774521342945866,0.3050139
30,siglip,book,SMLn,SMLn,0.5492348735997722,0.7959489885228783,0.7557790264002279,0.0644860790728197,0.3050139
30,siglip,bottle,L,L,0.36347680000000004,0.94141715,0.94685085,0.02884851417145586,0.31032764999999995
30,siglip,bottle,L,M,0.6291822,0.7532793,0.68114545,0.019632477234608828,0.31032764999999995
30,siglip,bottle,L,S,0.94261225,0.54264755,0.36771539999999997,0.0098549947587469,0.31032764999999995
30,siglip,bottle,L,SML=,0.6450904166666667,0.7457813333333332,0.6652372333333333,0.05512217549304439,0.31032764999999995
30,siglip,bottle,L,SMLn,0.7306476738934565,0.6857891775312536,0.5796799761065434,0.04729776050451172,0.31032764999999995
30,siglip,bottle,M,L,0.49587855000000003,0.8191136,0.8215258999999999,0.023494562976919115,0.31740445
30,siglip,bottle,M,M,0.5270429,0.8093229000000001,0.79036155,0.022328884229006973,0.31740445
30,siglip,bottle,M,S,0.5984653,0.76784225,0.71893915,0.019498369257072712,0.31740445
30,siglip,bottle,M,SML=,0.54046225,0.7987595833333333,0.7769422,0.06206922174019691,0.31740445
30,siglip,bottle,M,SMLn,0.5523019700191464,0.7940484330442618,0.7651024799808537,0.06097461312985851,0.31740445
30,siglip,bottle,S,L,0.50502545,0.83635255,0.84311045,0.021567056206578623,0.3481359
30,siglip,bottle,S,M,0.5719697,0.7910641,0.7761662,0.019922908726964124,0.3481359
30,siglip,bottle,S,S,0.70654595,0.7001005499999999,0.64158995,0.01562542033791118,0.3481359
30,siglip,bottle,S,SML=,0.5945136833333333,0.7758390833333333,0.7536222666666668,0.054491329634386146,0.3481359
30,siglip,bottle,S,SMLn,0.6189652861752449,0.759301448169839,0.729170613824755,0.05279405070078813,0.3481359
30,siglip,bottle,SML=,L,0.3784659,0.92336825,0.9295084499999999,0.027924061809233014,0.30797435
30,siglip,bottle,SML=,M,0.62479755,0.74455315,0.6831768,0.01990906309733128,0.30797435
30,siglip,bottle,SML=,S,0.88998785,0.565928,0.41798650000000004,0.011223903826630922,0.30797435
30,siglip,bottle,SML=,SML=,0.6310837666666667,0.7446164666666666,0.6768905833333333,0.05612204084631341,0.30797435
30,siglip,bottle,SML=,SMLn,0.709080798192364,0.6887202061211848,0.5988935518076359,0.049114514286317065,0.30797435
30,siglip,bottle,SMLn,L,0.4340285,0.88604035,0.8908183,0.02515911576479666,0.3248468
30,siglip,bottle,SMLn,M,0.53650365,0.8071212000000001,0.78834315,0.02183373375611594,0.3248468
30,siglip,bottle,SMLn,S,0.70534685,0.6865347500000001,0.61949995,0.016100440503757467,0.3248468
30,siglip,bottle,SMLn,SML=,0.5586263333333333,0.7932321,0.7662204666666667,0.0600193475247093,0.3248468
30,siglip,bottle,SMLn,SMLn,0.5941207784491497,0.7663885655817098,0.7307260215508503,0.05709798777299323,0.3248468
30,siglip,bowl,L,L,0.41630165,0.88907545,0.8607837999999999,0.03237534567255683,0.27708545
30,siglip,bowl,L,M,0.61228355,0.7603054499999999,0.6648019,0.023185161946242698,0.27708545
30,siglip,bowl,L,S,0.8108782,0.65325185,0.46620724999999996,0.01438646648730492,0.27708545
30,siglip,bowl,L,SML=,0.6131544666666666,0.76754425,0.6639309833333333,0.06530535602004887,0.27708545
30,siglip,bowl,L,SMLn,0.5894379341931574,0.7799529232758621,0.6876475158068427,0.06792291676238257,0.27708545
30,siglip,bowl,M,L,0.7392724,0.67269985,0.5692943500000001,0.015835956831642357,0.30856680000000003
30,siglip,bowl,M,M,0.7531272,0.66049285,0.5554395999999999,0.015961046503514795,0.30856680000000003
30,siglip,bowl,M,S,0.8010777000000001,0.6051077499999999,0.507489,0.014499254599682886,0.30856680000000003
30,siglip,bowl,M,SML=,0.7644924,0.6461001666666666,0.5440743,0.04426910658617127,0.30856680000000003
30,siglip,bowl,M,SMLn,0.758222192113416,0.6534042409348061,0.550344607886584,0.044603767919972025,0.30856680000000003
30,siglip,bowl,S,L,0.41775275,0.9010355999999999,0.93916945,0.0233883,0.3569223
30,siglip,bowl,S,M,0.4742451,0.8203133499999999,0.8826772,0.0218648,0.3569223
30,siglip,bowl,S,S,0.70882945,0.6853688499999999,0.6480927000000001,0.01589465,0.3569223
30,siglip,bowl,S,SML=,0.533609,0.80223935,0.82331315,0.05846765,0.3569223
30,siglip,bowl,S,SMLn,0.5027502,0.8192068499999999,0.8541719999999999,0.0605961,0.3569223
30,siglip,bowl,SML=,L,0.4680422,0.85053655,0.8067835499999999,0.03640420475537508,0.27482575000000004
30,siglip,bowl,SML=,M,0.6416147999999999,0.7509421,0.6332109499999999,0.022707499638904005,0.27482575000000004
30,siglip,bowl,SML=,S,0.8538632500000001,0.60991025,0.42096245000000004,0.012847586761393848,0.27482575000000004
30,siglip,bowl,SML=,SML=,0.6545067333333333,0.73712965,0.6203189666666666,0.0653435302302446,0.27482575000000004
30,siglip,bowl,SML=,SMLn,0.6285763948814655,0.7546152576980065,0.6462493051185345,0.0683919180876522,0.27482575000000004
30,siglip,bowl,SMLn,L,0.50626565,0.8272137,0.7930549,0.029406332321156033,0.29932055
30,siglip,bowl,SMLn,M,0.6444012,0.74074515,0.65491935,0.022341363821250577,0.29932055
30,siglip,bowl,SMLn,S,0.8250162,0.6312526,0.4743043,0.015475173746277021,0.29932055
30,siglip,bowl,SMLn,SML=,0.658561,0.7330705,0.6407595,0.06280223218300825,0.29932055
30,siglip,bowl,SMLn,SMLn,0.6363397988752694,0.7464970877491918,0.6629807011247306,0.06504873603319328,0.29932055
30,siglip,bus,L,L,0.2361523,0.9868840999999999,0.9886696,0.037360468727975896,0.22482190000000002
30,siglip,bus,L,M,0.3939555,0.8860984999999999,0.8308664,0.03259285626606322,0.22482190000000002
30,siglip,bus,L,S,0.51529905,0.823469,0.70952285,0.026849515683640846,0.22482190000000002
30,siglip,bus,L,SML=,0.3818022833333333,0.8988171999999999,0.8430196166666667,0.09040268077068814,0.22482190000000002
30,siglip,bus,L,SMLn,0.2927151431906144,0.9515247617561682,0.9321067568093856,0.09989051015175397,0.22482190000000002
30,siglip,bus,M,L,0.30685015,0.97852365,0.98769235,0.02905286427362147,0.29454250000000004
30,siglip,bus,M,M,0.37839655,0.9206127000000001,0.91614595,0.027880905458142702,0.29454250000000004
30,siglip,bus,M,S,0.4024552,0.87759345,0.8920873,0.026492261429706187,0.29454250000000004
30,siglip,bus,M,SML=,0.3625673,0.9255766,0.9319751999999999,0.07877085306559353,0.29454250000000004
30,siglip,bus,M,SMLn,0.33090013733671986,0.9578439856676342,0.9636423626632802,0.08145960401349468,0.29454250000000004
30,siglip,bus,S,L,0.78343555,0.6495407,0.5740517,0.014250547990295622,0.35748725000000003
30,siglip,bus,S,M,0.75661885,0.6757156,0.6008684,0.015371815710248071,0.35748725000000003
30,siglip,bus,S,S,0.72831685,0.6922573,0.6291704,0.015442580480890344,0.35748725000000003
30,siglip,bus,S,SML=,0.7561237999999999,0.67250455,0.60136345,0.043287344030969135,0.35748725000000003
30,siglip,bus,S,SMLn,0.7734276674165457,0.6587380367682631,0.5840596325834543,0.04222443125278703,0.35748725000000003
30,siglip,bus,SML=,L,0.27075565,0.9853391,0.98779965,0.03338599416950508,0.2585553
30,siglip,bus,SML=,M,0.41699650000000005,0.88735165,0.8415587999999999,0.029187946796392333,0.2585553
30,siglip,bus,SML=,S,0.4947977,0.8265976,0.7637576,0.025431728641052188,0.2585553
30,siglip,bus,SML=,SML=,0.3941832833333333,0.8997627833333333,0.8643720166666666,0.08269154165743572,0.2585553
30,siglip,bus,SML=,SMLn,0.32138871625544263,0.9509684972544751,0.9371665837445573,0.09014693462109948,0.2585553
30,siglip,bus,SMLn,L,0.2690627,0.9858779,0.9875871,0.03299178323585024,0.25664980000000004
30,siglip,bus,SMLn,M,0.40914970000000006,0.88231595,0.8475001000000001,0.02946200014362384,0.25664980000000004
30,siglip,bus,SMLn,S,0.52158905,0.8177030500000001,0.7350607499999999,0.02474081131864555,0.25664980000000004
30,siglip,bus,SMLn,SML=,0.39993381666666666,0.8952989666666665,0.8567159833333333,0.08209171824404995,0.25664980000000004
30,siglip,bus,SMLn,SMLn,0.31951849282776973,0.9495312145137881,0.9371313071722304,0.08979132240768958,0.25664980000000004
30,siglip,cell phone,L,L,0.16464859999999998,0.9933935,0.9869709,0.05961790104446431,0.1516195
30,siglip,cell phone,L,M,0.3331084,0.90441795,0.8185111,0.051677528148654936,0.1516195
30,siglip,cell phone,L,S,0.70783515,0.7301248499999999,0.44378434999999994,0.024744023512865164,0.1516195
30,siglip,cell phone,L,SML=,0.40186405000000003,0.8759787666666666,0.7497554500000001,0.12180999844988061,0.1516195
30,siglip,cell phone,L,SMLn,0.5063922751746158,0.8248798767212133,0.6452272248253841,0.10406065843341002,0.1516195
30,siglip,cell phone,M,L,0.31189140000000004,0.99160025,0.99808675,0.02765400052595208,0.30997814999999995
30,siglip,cell phone,M,M,0.4247583,0.9015357999999999,0.88521985,0.025315966806594016,0.30997814999999995
30,siglip,cell phone,M,S,0.59368225,0.76331485,0.7162959,0.01960798830251997,0.30997814999999995
30,siglip,cell phone,M,SML=,0.44344398333333335,0.8854836333333334,0.8665341666666666,0.06886495219836342,0.30997814999999995
30,siglip,cell phone,M,SMLn,0.4991887990820196,0.8404052013370584,0.8107893509179804,0.06436037616754701,0.30997814999999995
30,siglip,cell phone,S,L,1.2386317999999998,0.24384145,0.11421394999999998,0.0027955790007879906,0.35284575
30,siglip,cell phone,S,M,0.9303487,0.50880465,0.42249705000000004,0.010672028218473484,0.35284575
30,siglip,cell phone,S,S,0.74902615,0.6571403,0.6038196,0.01482471086701732,0.35284575
30,siglip,cell phone,S,SML=,0.9726688833333332,0.4699287999999999,0.38017686666666667,0.02727893061210493,0.35284575
30,siglip,cell phone,S,SMLn,0.8691273126322091,0.557614792147276,0.48371843736779085,0.0345860596691772,0.35284575
30,siglip,cell phone,SML=,L,0.22585305,0.9964102499999999,0.99891305,0.03726323373798082,0.2247661
30,siglip,cell phone,SML=,M,0.31865109999999996,0.92337565,0.906115,0.034426634750352604,0.2247661
30,siglip,cell phone,SML=,S,0.6360815,0.747715,0.5886846,0.0222556852921477,0.2247661
30,siglip,cell phone,SML=,SML=,0.39352855,0.8891669666666665,0.83123755,0.0877081223068518,0.2247661
30,siglip,cell phone,SML=,SMLn,0.4704190209339453,0.8415532448313711,0.7543470790660547,0.07985360300394469,0.2247661
30,siglip,cell phone,SMLn,L,0.2529861,0.9941376999999999,0.99352635,0.034693852175628634,0.24651245
30,siglip,cell phone,SMLn,M,0.3548158,0.9139924,0.8916966499999999,0.031713256146870004,0.24651245
30,siglip,cell phone,SMLn,S,0.63740365,0.74319185,0.6091088,0.020902990431561276,0.24651245
30,siglip,cell phone,SMLn,SML=,0.41506851666666666,0.8837739833333332,0.8314439333333332,0.08175802521488712,0.24651245
30,siglip,cell phone,SMLn,SMLn,0.48800747126322097,0.8353449547595291,0.7585049787367791,0.0745398900744998,0.24651245
30,siglip,chair,L,L,0.48935705,0.8332345999999999,0.7889759,0.027554247004790967,0.27833294999999997
30,siglip,chair,L,M,0.66434435,0.7064826500000001,0.6139886,0.021768687208372474,0.27833294999999997
30,siglip,chair,L,S,1.00340995,0.50924635,0.27492300000000003,0.00864243289414199,0.27833294999999997
30,siglip,chair,L,SML=,0.7190371166666666,0.6829878666666667,0.5592958333333333,0.054850442705118616,0.27833294999999997
30,siglip,chair,L,SMLn,0.6414273231051528,0.7272446701130917,0.6369056268948472,0.06285671802147073,0.27833294999999997
30,siglip,chair,M,L,0.9472205,0.50628655,0.40541679999999997,0.010232726917893852,0.35263725
30,siglip,chair,M,M,0.94516135,0.51961765,0.40747595,0.010811491707744782,0.35263725
30,siglip,chair,M,S,1.099338,0.42219154999999997,0.25329925000000003,0.0070101770026127636,0.35263725
30,siglip,chair,M,SML=,0.9972399,0.4826986166666666,0.35539735000000006,0.027139871411489873,0.35263725
30,siglip,chair,M,SMLn,0.9590419918588975,0.5072649502808568,0.39359530814110244,0.02973501244867942,0.35263725
30,siglip,chair,S,L,0.3942571,0.9077973,0.95671875,0.0245988,0.35097565
30,siglip,chair,S,M,0.72293015,0.68210205,0.6280455500000001,0.0166048,0.35097565
30,siglip,chair,S,S,1.0876151,0.48439365,0.2633605,0.0068734500000000006,0.35097565
30,siglip,chair,S,SML=,0.73493415,0.6914311,0.6160416,0.0463026,0.35097565
30,siglip,chair,S,SMLn,0.6564644000000001,0.7322797000000001,0.69451145,0.0520375,0.35097565
30,siglip,chair,SML=,L,0.6342238,0.73453435,0.62146485,0.021084035858042065,0.25568865
30,siglip,chair,SML=,M,0.7587855,0.6635500999999999,0.49690314999999996,0.017271961837130652,0.25568865
30,siglip,chair,SML=,S,1.04579045,0.47175915,0.20989819999999998,0.006802404548658833,0.25568865
30,siglip,chair,SML=,SML=,0.81293325,0.6232811999999999,0.4427554000000001,0.04310779861991549,0.25568865
30,siglip,chair,SML=,SMLn,0.7464005337065608,0.6681782150539245,0.5092881162934392,0.0497575443956007,0.25568865
30,siglip,chair,SMLn,L,0.70483155,0.6954059499999999,0.56575375,0.017981328260245927,0.2705853
30,siglip,chair,SMLn,M,0.7901246000000001,0.63471155,0.48046069999999996,0.015599088422781283,0.2705853
30,siglip,chair,SMLn,S,1.0425333,0.46598839999999997,0.228052,0.007118945347770593,0.2705853
30,siglip,chair,SMLn,SML=,0.8458298166666667,0.5987019666666666,0.4247554833333334,0.03929438544582724,0.2705853
30,siglip,chair,SMLn,SMLn,0.7864530693341821,0.6382613807856501,0.4841322306658179,0.04472793518248356,0.2705853
30,siglip,clock,L,L,0.2602814,0.9942904499999999,0.9908474999999999,0.03457037046346666,0.2511289
30,siglip,clock,L,M,0.44144449999999996,0.8722597499999999,0.8096844000000001,0.028638385419151917,0.2511289
30,siglip,clock,L,S,0.7578726,0.6712532,0.4932563,0.016811749996409657,0.2511289
30,siglip,clock,L,SML=,0.4865328333333333,0.8459344666666666,0.7645960666666667,0.07520868181107161,0.2511289
30,siglip,clock,L,SMLn,0.5633129212564366,0.795607456869207,0.6878159787435634,0.06776523586773434,0.2511289
30,siglip,clock,M,L,0.3376263,0.9922858,0.9918279,0.027183786631525153,0.3294542
30,siglip,clock,M,M,0.46891334999999995,0.8812103499999999,0.8605408499999999,0.023726626896199136,0.3294542
30,siglip,clock,M,S,0.7173073,0.68836905,0.6121469,0.015990783886102807,0.3294542
30,siglip,clock,M,SML=,0.5079489833333333,0.8539550666666667,0.8215052166666666,0.06343037415499089,0.3294542
30,siglip,clock,M,SMLn,0.5657786112976313,0.8070133134088568,0.7636755887023686,0.058785790361794946,0.3294542
30,siglip,clock,S,L,0.3110695,0.9605508,0.9684535999999999,0.029809328916458173,0.27952309999999997
30,siglip,clock,S,M,0.5357396000000001,0.8139315500000001,0.7437834999999999,0.023233909850240268,0.27952309999999997
30,siglip,clock,S,S,0.753377,0.6517718,0.5261461,0.016064284651945433,0.27952309999999997
30,siglip,clock,S,SML=,0.5333953666666666,0.8087513833333333,0.7461277333333334,0.06548003608421751,0.27952309999999997
30,siglip,clock,S,SMLn,0.6085742409268795,0.7573817259011328,0.6709488590731205,0.059090776608153386,0.27952309999999997
30,siglip,clock,SML=,L,0.32810989999999995,0.9937191000000001,0.99282945,0.029327796147078505,0.32093935
30,siglip,clock,SML=,M,0.480036,0.87391485,0.8409033499999999,0.024930687311827866,0.32093935
30,siglip,clock,SML=,S,0.7246384499999999,0.68417825,0.5963008999999999,0.016318135045598776,0.32093935
30,siglip,clock,SML=,SML=,0.5109281166666666,0.8506040666666665,0.8100112333333334,0.0666756398465933,0.32093935
30,siglip,clock,SML=,SMLn,0.5729368686817714,0.8020669736354273,0.7480024813182287,0.06116387498364288,0.32093935
30,siglip,clock,SMLn,L,0.32903165,0.9932909499999999,0.9930184000000001,0.027824058686349906,0.32205005
30,siglip,clock,SMLn,M,0.47211514999999993,0.8797325,0.8499349,0.023973431715458304,0.32205005
30,siglip,clock,SMLn,S,0.70718585,0.6915395,0.6148642,0.016201334065332272,0.32205005
30,siglip,clock,SMLn,SML=,0.50277755,0.8548543166666667,0.8192725,0.06455755485688079,0.32205005
30,siglip,clock,SMLn,SMLn,0.5617166468074151,0.8078904565087539,0.760333403192585,0.05965637264968844,0.32205005
30,siglip,dining table,L,L,0.38413189999999997,0.9065505999999999,0.9013820000000001,0.02925171351463361,0.2855139
30,siglip,dining table,L,M,0.44188530000000004,0.8625031999999999,0.8436286000000001,0.025892133725398985,0.2855139
30,siglip,dining table,L,S,0.7059912500000001,0.6903522,0.57952265,0.01858278616812162,0.2855139
30,siglip,dining table,L,SML=,0.5106694833333333,0.8198019999999999,0.7748444166666667,0.06977214562842851,0.2855139
30,siglip,dining table,L,SMLn,0.40195636959536163,0.8936565838793383,0.8835575304046384,0.07911011536551467,0.2855139
30,siglip,dining table,M,L,0.5391838499999999,0.7950722499999999,0.74089785,0.02492016047458704,0.2800817
30,siglip,dining table,M,M,0.48651999999999995,0.8374897000000001,0.7935616999999999,0.02525955668118392,0.2800817
30,siglip,dining table,M,S,0.66630775,0.7209992,0.61377395,0.01990546151439597,0.2800817
30,siglip,dining table,M,SML=,0.5640038666666667,0.7845203833333333,0.7160778333333334,0.06618375437124646,0.2800817
30,siglip,dining table,M,SMLn,0.5329920162990593,0.8007367794477782,0.7470896837009406,0.06925105237168067,0.2800817
30,siglip,dining table,S,L,0.9290512,0.5422202,0.48942405000000005,0.01206339428200915,0.41847525
30,siglip,dining table,S,M,0.7933052500000001,0.64878815,0.62516995,0.013951989916527085,0.41847525
30,siglip,dining table,S,S,0.8665330499999999,0.5843033,0.5519421999999999,0.012897792444464009,0.41847525
30,siglip,dining table,S,SML=,0.86296315,0.5917705666666666,0.5555121000000001,0.037554293213410486,0.41847525
30,siglip,dining table,S,SMLn,0.9037571994485891,0.5619100402894908,0.5147180505514111,0.035393679579347956,0.41847525
30,siglip,dining table,SML=,L,0.42249964999999995,0.8755417,0.8613879499999999,0.028379016140981445,0.2838876
30,siglip,dining table,SML=,M,0.457499,0.8538012,0.8263885999999999,0.02588317244696709,0.2838876
30,siglip,dining table,SML=,S,0.7271369,0.6849448499999999,0.5567507,0.017974489519354885,0.2838876
30,siglip,dining table,SML=,SML=,0.53571185,0.8047626166666666,0.74817575,0.06832848371399515,0.2838876
30,siglip,dining table,SML=,SMLn,0.43592300321115796,0.8671709076224456,0.847964596788842,0.07710705080311174,0.2838876
30,siglip,dining table,SMLn,L,0.37474675,0.9008504500000001,0.9067024,0.030296392299745883,0.28144915
30,siglip,dining table,SMLn,M,0.4436135,0.86294395,0.83783565,0.026321468722404956,0.28144915
30,siglip,dining table,SMLn,S,0.714279,0.6920307,0.56717015,0.01824185522974709,0.28144915
30,siglip,dining table,SMLn,SML=,0.51087975,0.8186083666666667,0.7705694000000001,0.07084946516556703,0.28144915
30,siglip,dining table,SMLn,SMLn,0.3949423328130068,0.8892095418545247,0.8865068171869932,0.08154104167101092,0.28144915
30,siglip,dog,L,L,0.27584565,0.9905210999999999,1.0,0.029945052217177682,0.27584565
30,siglip,dog,L,M,0.44880755,0.8569642999999999,0.8270381,0.02510195435551409,0.27584565
30,siglip,dog,L,S,0.9559419,0.52718015,0.31990375,0.009915035748246915,0.27584565
30,siglip,dog,L,SML=,0.5601983666666667,0.7915551833333333,0.7156472833333333,0.062397579520943325,0.27584565
30,siglip,dog,L,SMLn,0.379979862461606,0.9142610386792454,0.895865787538394,0.07776029528459877,0.27584565
30,siglip,dog,M,L,0.4133864,0.9480218,0.9732911,0.021301943514776423,0.3866775
30,siglip,dog,M,M,0.5138247,0.85936145,0.8728528000000001,0.019195301434478746,0.3866775
30,siglip,dog,M,S,0.8126851,0.63593155,0.5739924000000001,0.012930644924644972,0.3866775
30,siglip,dog,M,SML=,0.5799654,0.8144382666666665,0.8067121,0.05161919444070495,0.3866775
30,siglip,dog,M,SMLn,0.47415007321193503,0.8970948110026328,0.912527426788065,0.058516565293447245,0.3866775
30,siglip,dog,S,L,0.95421995,0.38475665000000003,0.22111955,0.005952808182230549,0.1753395
30,siglip,dog,S,M,0.8550688,0.5809573,0.32027075,0.012922900888822756,0.1753395
30,siglip,dog,S,S,0.75582965,0.6997391000000001,0.4195098,0.029140684048782124,0.1753395
30,siglip,dog,S,SML=,0.8550394833333333,0.55515105,0.3203000666666667,0.04296207247304718,0.1753395
30,siglip,dog,S,SMLn,0.9073793609806933,0.47223584177270733,0.2679601390193067,0.027293803779580968,0.1753395
30,siglip,dog,SML=,L,0.30757205,0.98886605,0.9974126999999999,0.02834239594022228,0.30498474999999997
30,siglip,dog,SML=,M,0.4604678,0.8697571,0.84451695,0.02436360705892529,0.30498474999999997
30,siglip,dog,SML=,S,0.9297787,0.54633045,0.37520605,0.010833696101019603,0.30498474999999997
30,siglip,dog,SML=,SML=,0.5659395166666666,0.8016511999999999,0.7390452333333333,0.06090306352786521,0.30498474999999997
30,siglip,dog,SML=,SMLn,0.4010357590061431,0.9188873783128566,0.9039489909938571,0.07446008647188891,0.30498474999999997
30,siglip,dog,SMLn,L,0.26843465,0.9899825,1.0,0.03253273019759254,0.26843465
30,siglip,dog,SMLn,M,0.43219320000000006,0.8690580000000001,0.8362414499999999,0.027501993912157418,0.26843465
30,siglip,dog,SMLn,S,0.96547915,0.5279505999999999,0.30295550000000004,0.009950406498736634,0.26843465
30,siglip,dog,SMLn,SML=,0.555369,0.7956637,0.71306565,0.06681157406572119,0.26843465
30,siglip,dog,SMLn,SMLn,0.37059514639096097,0.918081136265906,0.897839503609039,0.08390723397071709,0.26843465
30,siglip,enclosed road vehicle,L,L,0.43680845,0.9051790000000001,0.9243797,0.0237821189869448,0.36118815
30,siglip,enclosed road vehicle,L,M,0.6237625,0.7624475000000001,0.7374256499999999,0.018425718356530986,0.36118815
30,siglip,enclosed road vehicle,L,S,0.70217235,0.7023547,0.6590157999999999,0.017497343427493147,0.36118815
30,siglip,enclosed road vehicle,L,SML=,0.5875811,0.7899937333333333,0.7736070500000001,0.057149180037099366,0.36118815
30,siglip,enclosed road vehicle,L,SMLn,0.5834406045561205,0.7931846553382871,0.7777475454438796,0.05741848751848855,0.36118815
30,siglip,enclosed road vehicle,M,L,0.71822345,0.73827215,0.65141385,0.015085427567488175,0.36963735
30,siglip,enclosed road vehicle,M,M,0.7051882,0.72039485,0.6644491,0.015232296623133296,0.36963735
30,siglip,enclosed road vehicle,M,S,0.7423126,0.7002567,0.6273247,0.015158264570040908,0.36963735
30,siglip,enclosed road vehicle,M,SML=,0.7219080833333333,0.7196412333333333,0.6477292666666667,0.043843136187978596,0.36963735
30,siglip,enclosed road vehicle,M,SMLn,0.71667781990614,0.7216750732890105,0.6529594800938601,0.044239073650271715,0.36963735
30,siglip,enclosed road vehicle,S,L,0.8608793,0.6221192,0.58017115,0.01219355779800996,0.44105039999999995
30,siglip,enclosed road vehicle,S,M,0.9369118999999999,0.55373615,0.5041384499999999,0.010225584611060792,0.44105039999999995
30,siglip,enclosed road vehicle,S,S,0.9422722,0.5459463999999999,0.4987782,0.010809235856334561,0.44105039999999995
30,siglip,enclosed road vehicle,S,SML=,0.9133544666666665,0.5739339166666666,0.5276959333333334,0.03211880225138747,0.44105039999999995
30,siglip,enclosed road vehicle,S,SMLn,0.9151080558858038,0.5727413161712944,0.5259423941141963,0.032026682670379045,0.44105039999999995
30,siglip,enclosed road vehicle,SML=,L,0.44446975,0.89849265,0.8915584000000001,0.025129506155085423,0.33602815
30,siglip,enclosed road vehicle,SML=,M,0.6430537000000001,0.7416865,0.69297445,0.018815786203227724,0.33602815
30,siglip,enclosed road vehicle,SML=,S,0.6755542,0.7180436,0.66047395,0.01915741853801465,0.33602815
30,siglip,enclosed road vehicle,SML=,SML=,0.58769255,0.78607425,0.7483356,0.0601076119205358,0.33602815
30,siglip,enclosed road vehicle,SML=,SMLn,0.589875412553774,0.7840888404771216,0.746152737446226,0.059936166024702295,0.33602815
30,siglip,enclosed road vehicle,SMLn,L,0.4625088,0.8802806499999999,0.88274475,0.02403491067308156,0.34525354999999996
30,siglip,enclosed road vehicle,SMLn,M,0.6455595,0.743422,0.69969405,0.018225244856659953,0.34525354999999996
30,siglip,enclosed road vehicle,SMLn,S,0.7005302999999999,0.7079456000000001,0.64472325,0.01817771130385315,0.34525354999999996
30,siglip,enclosed road vehicle,SMLn,SML=,0.6028662,0.7772160833333334,0.74238735,0.05768089781857301,0.34525354999999996
30,siglip,enclosed road vehicle,SMLn,SMLn,0.6016372269456395,0.7774063394994133,0.7436163230543607,0.057704921174903376,0.34525354999999996
30,siglip,fire hydrant,L,L,0.15767165,0.9985785999999999,0.99809365,0.07021474191645656,0.1557653
30,siglip,fire hydrant,L,M,0.30963675,0.9303267500000001,0.8461285500000001,0.054529642959623384,0.1557653
30,siglip,fire hydrant,L,S,0.6327362,0.7717552,0.5230291,0.02909095303601018,0.1557653
30,siglip,fire hydrant,L,SML=,0.3666815333333333,0.9002201833333332,0.7890837666666667,0.13271567999417588,0.1557653
30,siglip,fire hydrant,L,SMLn,0.3137703742753623,0.9256870197603121,0.8419949257246376,0.1427305568828831,0.1557653
30,siglip,fire hydrant,M,L,0.3100665,0.99830645,1.0,0.02744434223338733,0.3100665
30,siglip,fire hydrant,M,M,0.3554341,0.94724845,0.9546324,0.02574691597724091,0.3100665
30,siglip,fire hydrant,M,S,0.45805415,0.8672234,0.8520123500000001,0.02312557430268177,0.3100665
30,siglip,fire hydrant,M,SML=,0.37451825,0.9375927666666666,0.9355482500000001,0.07244451163292306,0.3100665
30,siglip,fire hydrant,M,SMLn,0.35794246931438123,0.9517599474637681,0.9521240306856187,0.07366653450476815,0.3100665
30,siglip,fire hydrant,S,L,1.1801408500000001,0.22956949999999998,0.107849,0.002377711133967017,0.28798985
30,siglip,fire hydrant,S,M,1.00614055,0.45048659999999996,0.2818493,0.006574670047325255,0.28798985
30,siglip,fire hydrant,S,S,0.8905898000000001,0.60991995,0.39740005,0.009311255640738774,0.28798985
30,siglip,fire hydrant,S,SML=,1.0256237333333333,0.42999201666666664,0.2623661166666667,0.017689698173047247,0.28798985
30,siglip,fire hydrant,S,SMLn,1.0540173023690078,0.3923322626811594,0.23397254763099218,0.015704857886599085,0.28798985
30,siglip,fire hydrant,SML=,L,0.27286004999999997,0.99776705,0.99886365,0.031240779387179635,0.2717237
30,siglip,fire hydrant,SML=,M,0.3387191,0.938836,0.9330046,0.028832959477540193,0.2717237
30,siglip,fire hydrant,SML=,S,0.4845681,0.8378439,0.7871556,0.024235943267395702,0.2717237
30,siglip,fire hydrant,SML=,SML=,0.36538241666666665,0.92481565,0.9063412833333333,0.07945791281936807,0.2717237
30,siglip,fire hydrant,SML=,SMLn,0.34171479788182835,0.9422590255852843,0.9300089021181718,0.0815147117286005,0.2717237
30,siglip,fire hydrant,SMLn,L,0.26445215,0.99834175,1.0,0.031918378798645605,0.26445215
30,siglip,fire hydrant,SMLn,M,0.3225255,0.9419053500000001,0.9419266500000001,0.02983168389682242,0.26445215
30,siglip,fire hydrant,SMLn,S,0.49347205,0.8273488999999999,0.7709801,0.02439277221649492,0.26445215
30,siglip,fire hydrant,SMLn,SML=,0.3601499,0.922532,0.90430225,0.08114710496804078,0.26445215
30,siglip,fire hydrant,SMLn,SMLn,0.3339228751672241,0.9414942535953177,0.9305292748327758,0.08345562225023966,0.26445215
30,siglip,fork,L,L,0.21782880000000002,0.97040325,0.99143765,0.04190329619322259,0.20926645000000002
30,siglip,fork,L,M,0.27698239999999996,0.93373965,0.93228405,0.04078148763452529,0.20926645000000002
30,siglip,fork,L,S,0.4406057,0.84580175,0.76866075,0.030865400448909397,0.20926645000000002
30,siglip,fork,L,SML=,0.31180563333333333,0.9166482166666666,0.8974608166666667,0.10450207844203803,0.20926645000000002
30,siglip,fork,L,SMLn,0.30112855886161316,0.9215839319800377,0.9081378911383868,0.10571593542494022,0.20926645000000002
30,siglip,fork,M,L,0.3202499,0.9369272000000001,0.9676012,0.029372385711571424,0.2878511
30,siglip,fork,M,M,0.32490830000000004,0.9359813000000001,0.9629428000000001,0.030523652286501828,0.2878511
30,siglip,fork,M,S,0.37395545,0.9126203,0.9138956500000001,0.02697046782755479,0.2878511
30,siglip,fork,M,SML=,0.33970455,0.9285095999999999,0.94814655,0.0817379779365426,0.2878511
30,siglip,fork,M,SMLn,0.3343504221877529,0.9312694398705151,0.953500677812247,0.0822436590143267,0.2878511
30,siglip,fork,S,L,0.78144665,0.6496565999999999,0.5443469000000001,0.014200404164465812,0.32579355
30,siglip,fork,S,M,0.52826935,0.8169463,0.7975242,0.02183558610286618,0.32579355
30,siglip,fork,S,S,0.42795945,0.8905948,0.8978341000000001,0.022828664917951873,0.32579355
30,siglip,fork,S,SML=,0.57922515,0.7857325666666666,0.7465684,0.05645969787302082,0.32579355
30,siglip,fork,S,SMLn,0.5500379660776908,0.8040987758564878,0.7757555839223091,0.05866815899637824,0.32579355
30,siglip,fork,SML=,L,0.2544824,0.96474345,0.9800853999999999,0.03847514942603068,0.2345678
30,siglip,fork,SML=,M,0.3127895,0.9301844499999999,0.9217783,0.03718395734403242,0.2345678
30,siglip,fork,SML=,S,0.4316673,0.8606526499999999,0.8029005,0.0291027827589224,0.2345678
30,siglip,fork,SML=,SML=,0.33297973333333336,0.9185268499999999,0.9015880666666666,0.0967290818247065,0.2345678
30,siglip,fork,SML=,SMLn,0.32774784958187214,0.9215120177367142,0.906819950418128,0.09724618665010293,0.2345678
30,siglip,fork,SMLn,L,0.31425125,0.93733755,0.95630905,0.03237764904852783,0.2705603
30,siglip,fork,SMLn,M,0.3475551,0.91789865,0.9230052000000001,0.032146281807507074,0.2705603
30,siglip,fork,SMLn,S,0.44376355,0.8586188,0.8267967500000001,0.02645273041305137,0.2705603
30,siglip,fork,SMLn,SML=,0.3685233,0.9046183333333333,0.902037,0.08498448464186163,0.2705603
30,siglip,fork,SMLn,SMLn,0.36200188327488536,0.9088147515511193,0.9085584167251147,0.08557122273801077,0.2705603
30,siglip,frisbee,L,L,0.21917625,0.9862559,0.9907543000000001,0.038543549319263556,0.20993055
30,siglip,frisbee,L,M,0.2136933,0.99089195,0.9962372500000001,0.039758119827281176,0.20993055
30,siglip,frisbee,L,S,0.2478314,0.9701057499999999,0.96209915,0.038131621968283666,0.20993055
30,siglip,frisbee,L,SML=,0.22690031666666668,0.9824178666666666,0.9830302333333334,0.10783619480160873,0.20993055
30,siglip,frisbee,L,SMLn,0.22809958184024715,0.9820337055383936,0.9818309681597528,0.10769070552880226,0.20993055
30,siglip,frisbee,M,L,0.2137095,0.9678796999999999,0.9872232999999999,0.04053178495986628,0.2009328
30,siglip,frisbee,M,M,0.20331915,0.98842465,0.9976136499999999,0.0415488169013715,0.2009328
30,siglip,frisbee,M,S,0.2127874,0.9829107499999999,0.9881454,0.04100685356545409,0.2009328
30,siglip,frisbee,M,SML=,0.20993868333333335,0.9797383666666667,0.9909941166666666,0.11350023026575613,0.2009328
30,siglip,frisbee,M,SMLn,0.2079058013018535,0.9847877381509267,0.9930269986981465,0.1137290878271886,0.2009328
30,siglip,frisbee,S,L,0.21796540000000003,0.95921415,0.96545195,0.042730589518817065,0.18341734999999998
30,siglip,frisbee,S,M,0.1887707,0.9877803500000001,0.99464665,0.0443334376848187,0.18341734999999998
30,siglip,frisbee,S,S,0.20071129999999998,0.9802098499999999,0.98270605,0.043779156136265304,0.18341734999999998
30,siglip,frisbee,S,SML=,0.20248246666666664,0.9757347833333332,0.9809348833333333,0.120182314203151,0.18341734999999998
30,siglip,frisbee,S,SMLn,0.19562729263018536,0.9827630498234775,0.9877900573698147,0.12097890366407515,0.18341734999999998
30,siglip,frisbee,SML=,L,0.21865484999999998,0.9737012,0.9857867499999999,0.0396790168105039,0.2044416
30,siglip,frisbee,SML=,M,0.2065994,0.9903188500000001,0.9978422,0.04052043669732001,0.2044416
30,siglip,frisbee,SML=,S,0.22790055000000004,0.97847075,0.97654105,0.03950642753248214,0.2044416
30,siglip,frisbee,SML=,SML=,0.21771826666666666,0.9808302666666666,0.9867233333333333,0.11060911645211473,0.2044416
30,siglip,frisbee,SML=,SMLn,0.21616385046337155,0.9843384023609885,0.9882777495366284,0.11078508719892233,0.2044416
30,siglip,frisbee,SMLn,L,0.2255728,0.96173325,0.9748207000000001,0.039503634410902086,0.20039349999999997
30,siglip,frisbee,SMLn,M,0.20550644999999998,0.98773225,0.99488705,0.041002518525385445,0.20039349999999997
30,siglip,frisbee,SMLn,S,0.21717504999999998,0.98200825,0.9832184500000001,0.0402577302709802,0.20039349999999997
30,siglip,frisbee,SMLn,SML=,0.21608476666666668,0.9771579166666665,0.9843087333333334,0.1116628746672268,0.20039349999999997
30,siglip,frisbee,SMLn,SMLn,0.21164288161959402,0.9836454816857898,0.988750618380406,0.11214055687851661,0.20039349999999997
30,siglip,keyboard,L,L,0.21681475,0.9891112,0.9896024499999999,0.04436809988938731,0.20641720000000002
30,siglip,keyboard,L,M,0.23105920000000002,0.973793,0.975358,0.04299258407772123,0.20641720000000002
30,siglip,keyboard,L,S,0.48787665,0.8338492499999999,0.71854055,0.03186105122287748,0.20641720000000002
30,siglip,keyboard,L,SML=,0.3119168666666666,0.9322511499999999,0.8945003333333335,0.10939875325967252,0.20641720000000002
30,siglip,keyboard,L,SMLn,0.24807046211096076,0.9672976525935949,0.9583467378890391,0.11730723222316193,0.20641720000000002
30,siglip,keyboard,M,L,0.516436,0.81877125,0.78784215,0.02274450910665602,0.30427815
30,siglip,keyboard,M,M,0.3531335,0.94115395,0.95114465,0.026352026665096888,0.30427815
30,siglip,keyboard,M,S,0.40059785000000003,0.90587705,0.9036802999999999,0.026169665005145743,0.30427815
30,siglip,keyboard,M,SML=,0.4233891166666667,0.8886007499999999,0.8808890333333335,0.07134283538179115,0.30427815
30,siglip,keyboard,M,SMLn,0.4172026881822283,0.8931644675462337,0.8870754618177716,0.07186798102929964,0.30427815
30,siglip,keyboard,S,L,0.3598616,0.9869961500000001,0.9886590500000001,0.02408295,0.3485206
30,siglip,keyboard,S,M,0.35659185,0.9723236,0.9919288999999999,0.02353125,0.3485206
30,siglip,keyboard,S,S,0.5117796,0.8136583,0.8367409499999999,0.0206521,0.3485206
30,siglip,keyboard,S,SML=,0.40941099999999997,0.924326,0.9391095999999999,0.0652628,0.3485206
30,siglip,keyboard,S,SMLn,0.37123215,0.96396985,0.9772885499999999,0.0678172,0.3485206
30,siglip,keyboard,SML=,L,0.23506345,0.98744335,0.9898268,0.039128786678377346,0.22489024999999999
30,siglip,keyboard,SML=,M,0.26216685,0.9664398500000001,0.9627234,0.03693581038767908,0.22489024999999999
30,siglip,keyboard,SML=,S,0.50712395,0.8140459999999999,0.7177663,0.02814403867908446,0.22489024999999999
30,siglip,keyboard,SML=,SML=,0.33478474999999996,0.9226430666666665,0.8901055,0.0968411490112143,0.22489024999999999
30,siglip,keyboard,SML=,SMLn,0.2734296355660803,0.9609537109833107,0.9514606144339197,0.10341569200408926,0.22489024999999999
30,siglip,keyboard,SMLn,L,0.21213175,0.9877452,0.9878243,0.04381871541680884,0.19995605
30,siglip,keyboard,SMLn,M,0.23292575000000001,0.9680799,0.9670303,0.041943236689290155,0.19995605
30,siglip,keyboard,SMLn,S,0.48589200000000005,0.8228961,0.71406405,0.03152950246422475,0.19995605
30,siglip,keyboard,SMLn,SML=,0.3103165,0.9262404,0.8896395500000001,0.10802233900364641,0.19995605
30,siglip,keyboard,SMLn,SMLn,0.24719873331078035,0.9627268393775372,0.9527573166892196,0.115642503093186,0.19995605
30,siglip,kite,L,L,0.14922275000000002,0.9982524500000001,0.9961292500000001,0.06633048119566795,0.14535199999999998
30,siglip,kite,L,M,0.14535199999999998,0.9986784999999999,1.0,0.06765631304632545,0.14535199999999998
30,siglip,kite,L,S,0.1565372,0.9935715,0.9888147999999999,0.06830315390142727,0.14535199999999998
30,siglip,kite,L,SML=,0.15037065,0.99683415,0.99498135,0.17426964589578872,0.14535199999999998
30,siglip,kite,L,SMLn,0.14883214202467035,0.997410146490855,0.9965198579753297,0.1746119388938109,0.14535199999999998
30,siglip,kite,M,L,0.1557244,0.996008,0.9937986500000001,0.05636743790627554,0.14952305
30,siglip,kite,M,M,0.1528026,0.9975476000000001,0.99672045,0.05670327879748187,0.14952305
30,siglip,kite,M,S,0.15740235,0.9920574,0.9921207000000001,0.05764408381815221,0.14952305
30,siglip,kite,M,SML=,0.15530978333333334,0.9952043333333332,0.9942132666666665,0.15275873849770177,0.14952305
30,siglip,kite,M,SMLn,0.15455169287537218,0.9959255274351339,0.9949713571246278,0.15284939506936793,0.14952305
30,siglip,kite,S,L,0.18522339999999998,0.9954810500000001,0.99268515,0.04696666433217901,0.17790855
30,siglip,kite,S,M,0.17790855,0.99830775,1.0,0.04818224120892785,0.17790855
30,siglip,kite,S,S,0.18496905,0.99321585,0.9929395,0.04861135256096768,0.17790855
30,siglip,kite,S,SML=,0.18270033333333333,0.9956682166666667,0.9952082166666667,0.1308986348082148,0.17790855
30,siglip,kite,S,SMLn,0.18126985761378137,0.9964689768396428,0.9966386923862187,0.13108087135021546,0.17790855
30,siglip,kite,SML=,L,0.1585154,0.9970637,0.9947818500000001,0.05707800802474555,0.15329725
30,siglip,kite,SML=,M,0.15329725,0.9981748500000001,1.0,0.05833687143726335,0.15329725
30,siglip,kite,SML=,S,0.1617509,0.99298325,0.9915463499999999,0.05788254672645142,0.15329725
30,siglip,kite,SML=,SML=,0.15785451666666667,0.9960739333333333,0.9954427333333333,0.1540505709322932,0.15329725
30,siglip,kite,SML=,SMLn,0.15647556150574224,0.9967234014674606,0.9968216884942578,0.15425431254138214,0.15329725
30,siglip,kite,SMLn,L,0.14766954999999998,0.9958613,0.99282445,0.06102943867877394,0.140494
30,siglip,kite,SMLn,M,0.14145555,0.997644,0.9990384499999999,0.06290528491015357,0.140494
30,siglip,kite,SMLn,S,0.15011049999999998,0.9925392499999999,0.9903835000000001,0.0635130342293928,0.140494
30,siglip,kite,SMLn,SML=,0.14641186666666667,0.9953481833333333,0.9940821333333334,0.16552780920827834,0.140494
30,siglip,kite,SMLn,SMLn,0.14491789629944704,0.99605185701829,0.995576103700553,0.16574683825937392,0.140494
30,siglip,knife,L,L,0.35228225,0.92404525,0.93260615,0.031098999996131436,0.2848884
30,siglip,knife,L,M,0.5004302,0.8229969,0.7844582,0.025848929813983075,0.2848884
30,siglip,knife,L,S,0.6640293500000001,0.7340787,0.62085905,0.020241560181003038,0.2848884
30,siglip,knife,L,SML=,0.5055805999999999,0.8270402833333333,0.7793078,0.07253182347449157,0.2848884
30,siglip,knife,L,SMLn,0.5281510884410393,0.8106335892182989,0.7567373115589607,0.07026865479814184,0.2848884
30,siglip,knife,M,L,0.5173009,0.8282966500000001,0.87580895,0.019904744418718534,0.39310985
30,siglip,knife,M,M,0.5905729,0.76707295,0.8025370000000001,0.018174323588443408,0.39310985
30,siglip,knife,M,S,0.60136745,0.7768337,0.7917424,0.017768546536352996,0.39310985
30,siglip,knife,M,SML=,0.5697470833333333,0.7907344333333333,0.8233627666666667,0.053551322905708895,0.39310985
30,siglip,knife,M,SMLn,0.5840400667888075,0.7779533906062625,0.8090698332111925,0.05263629373859842,0.39310985
30,siglip,knife,S,L,0.52345825,0.8914288499999999,0.9428110500000001,0.0179635,0.46626945
30,siglip,knife,S,M,0.68202655,0.73156805,0.78424295,0.014851300000000001,0.46626945
30,siglip,knife,S,S,0.8719118,0.6028893,0.5943577,0.011215600000000001,0.46626945
30,siglip,knife,S,SML=,0.6924655,0.7419620499999999,0.7738038,0.04256345,0.46626945
30,siglip,knife,S,SMLn,0.7159638,0.71547095,0.7503055,0.041297600000000004,0.46626945
30,siglip,knife,SML=,L,0.45550425,0.87415065,0.8390947499999999,0.02577463338955548,0.294599
30,siglip,knife,SML=,M,0.5855152,0.77221145,0.7090837999999999,0.021313854743075532,0.294599
30,siglip,knife,SML=,S,0.6671758000000001,0.7340712,0.6274232,0.01844641964849687,0.294599
30,siglip,knife,SML=,SML=,0.5693983833333334,0.7934777333333333,0.7252005666666667,0.06188328652007401,0.294599
30,siglip,knife,SML=,SMLn,0.5919691840106596,0.7746248348101266,0.7026298159893405,0.05988470963753197,0.294599
30,siglip,knife,SMLn,L,0.5307464,0.8292979,0.7925412,0.02236373092209094,0.3232876
30,siglip,knife,SMLn,M,0.61686495,0.76042825,0.70642265,0.01965479238772074,0.3232876
30,siglip,knife,SMLn,S,0.63399215,0.74378325,0.68929545,0.0190709713920066,0.3232876
30,siglip,knife,SMLn,SML=,0.5938678,0.7778364333333333,0.72941975,0.05778420371518054,0.3232876
30,siglip,knife,SMLn,SMLn,0.6104685616366867,0.7646923081057073,0.7128190383633133,0.05632732542844897,0.3232876
30,siglip,laptop,L,L,0.14804014999999998,0.9935276,1.0,0.06056248004255864,0.14804014999999998
30,siglip,laptop,L,M,0.26529569999999997,0.9334196,0.88274445,0.05483457981682786,0.14804014999999998
30,siglip,laptop,L,S,0.7097230999999999,0.702414,0.43831705000000004,0.026973325335099975,0.14804014999999998
30,siglip,laptop,L,SML=,0.37435298333333333,0.8764537333333333,0.7736871666666667,0.12797892142656606,0.14804014999999998
30,siglip,laptop,L,SMLn,0.21644703407617505,0.9583325447866018,0.931593115923825,0.15269137031251648,0.14804014999999998
30,siglip,laptop,M,L,0.56153695,0.78497635,0.7657841000000001,0.02044164874145696,0.32732105
30,siglip,laptop,M,M,0.45959690000000003,0.8683612500000001,0.8677241499999999,0.02350877136603298,0.32732105
30,siglip,laptop,M,S,0.49832305000000005,0.8356561499999999,0.828998,0.022699058766616615,0.32732105
30,siglip,laptop,M,SML=,0.5064856333333333,0.8296645833333333,0.8208354166666666,0.06328149490675293,0.32732105
30,siglip,laptop,M,SMLn,0.5191749339546191,0.8195862515667207,0.8081461160453809,0.06229628244879994,0.32732105
30,siglip,laptop,S,L,0.5421853,0.8182600499999999,0.80648385,0.022384815528792547,0.34866915
30,siglip,laptop,S,M,0.53341515,0.80833795,0.81525395,0.02306729745632162,0.34866915
30,siglip,laptop,S,S,0.68747965,0.7071724500000001,0.66118945,0.018315896468264304,0.34866915
30,siglip,laptop,S,SML=,0.5876933833333333,0.7779233999999999,0.7609758666666667,0.0606203095519127,0.34866915
30,siglip,laptop,S,SMLn,0.5446076409778497,0.8099133020799568,0.8040615590221503,0.06450927382864899,0.34866915
30,siglip,laptop,SML=,L,0.1933857,0.9920211,0.9989361499999999,0.04983159501713151,0.19232185
30,siglip,laptop,SML=,M,0.28424545,0.9388886,0.9080764,0.04557336948928776,0.19232185
30,siglip,laptop,SML=,S,0.60554255,0.77563155,0.5867793,0.028241851070184638,0.19232185
30,siglip,laptop,SML=,SML=,0.3610579,0.9021804166666666,0.83126395,0.11283595633841659,0.19232185
30,siglip,laptop,SML=,SMLn,0.24546418977579684,0.962558204821718,0.9468576602242031,0.12928253376009535,0.19232185
30,siglip,laptop,SMLn,L,0.1583929,0.99313445,1.0,0.05355757632987971,0.1583929
30,siglip,laptop,SMLn,M,0.25279265,0.93914165,0.90560025,0.04994335778272322,0.1583929
30,siglip,laptop,SMLn,S,0.62666785,0.7496378,0.53172505,0.02968479168653578,0.1583929
30,siglip,laptop,SMLn,SML=,0.34595113333333327,0.8939712999999999,0.8124417666666666,0.12132738032029906,0.1583929
30,siglip,laptop,SMLn,SMLn,0.21411278277957863,0.9622445014181524,0.9442801172204213,0.13968864628943503,0.1583929
30,siglip,microwave,L,L,0.2549001,0.97960925,0.9808877,0.03896554629402905,0.2357878
30,siglip,microwave,L,M,0.33276165,0.92257,0.90302615,0.03497751367374981,0.2357878
30,siglip,microwave,L,S,0.52560435,0.8077379,0.7101834499999999,0.02597709201336723,0.2357878
30,siglip,microwave,L,SML=,0.3710887,0.9033057166666666,0.8646990999999999,0.09256091604406022,0.2357878
30,siglip,microwave,L,SMLn,0.33350880328741395,0.9246384321853475,0.9022789967125862,0.09697710155661479,0.2357878
30,siglip,microwave,M,L,0.35805615,0.89914595,0.8922176499999999,0.031928578796791826,0.2502738
30,siglip,microwave,M,M,0.30558455,0.9389442000000001,0.94468925,0.033333469518215246,0.2502738
30,siglip,microwave,M,S,0.2816538,0.9435988999999999,0.9686199999999999,0.03396881763912938,0.2502738
30,siglip,microwave,M,SML=,0.3150981666666667,0.9272296833333332,0.9351756333333334,0.09241436390050337,0.2502738
30,siglip,microwave,M,SMLn,0.31557093891671884,0.9300345572949279,0.9347028610832812,0.09230705979595044,0.2502738
30,siglip,microwave,S,L,0.36365145,0.9870112000000001,0.98696085,0.023615749999999998,0.3506123
30,siglip,microwave,S,M,0.3506123,0.96445975,1.0,0.0235066,0.3506123
30,siglip,microwave,S,S,0.37121575,0.9111625999999999,0.97939655,0.02262705,0.3506123
30,siglip,microwave,S,SML=,0.3618264,0.9542111,0.98878585,0.06664805,0.3506123
30,siglip,microwave,S,SMLn,0.3557206,0.9644963499999999,0.9948914999999999,0.06704465,0.3506123
30,siglip,microwave,SML=,L,0.3118752,0.979519,0.9881291000000001,0.028979908047345404,0.3000043
30,siglip,microwave,SML=,M,0.35163845,0.9291807999999999,0.9483658500000001,0.026855634324964656,0.3000043
30,siglip,microwave,SML=,S,0.48132549999999996,0.8199517999999999,0.8186788,0.023254740511998728,0.3000043
30,siglip,microwave,SML=,SML=,0.38161305,0.9095505333333331,0.91839125,0.07470655915767618,0.3000043
30,siglip,microwave,SML=,SMLn,0.35510718631809646,0.9302258727614277,0.9448971136819037,0.07671761557953165,0.3000043
30,siglip,microwave,SMLn,L,0.31562705,0.9803727,0.9881116499999999,0.0298017257536558,0.3037387
30,siglip,microwave,SMLn,M,0.35415450000000004,0.93605105,0.9495842,0.027368461100698776,0.3037387
30,siglip,microwave,SMLn,S,0.5268217,0.8185559,0.776917,0.020907438263576834,0.3037387
30,siglip,microwave,SMLn,SML=,0.39886775,0.9116598833333333,0.90487095,0.07336959310536488,0.3037387
30,siglip,microwave,SMLn,SMLn,0.36216645767063244,0.9348617617720727,0.9415722423293676,0.07692713030509986,0.3037387
30,siglip,motorcycle,L,L,0.21678365,0.99756175,0.9976984,0.04339517595644555,0.21448204999999998
30,siglip,motorcycle,L,M,0.3373931,0.92577375,0.8770889500000001,0.03528469394983774,0.21448204999999998
30,siglip,motorcycle,L,S,0.52465315,0.816433,0.6898289,0.02795599021903463,0.21448204999999998
30,siglip,motorcycle,L,SML=,0.35960996666666667,0.9132561666666665,0.8548720833333334,0.09878944915245824,0.21448204999999998
30,siglip,motorcycle,L,SMLn,0.2745572427282668,0.9633254537315473,0.9399248072717332,0.11055498247730318,0.21448204999999998
30,siglip,motorcycle,M,L,0.34435685,0.9915026499999999,0.9959434999999999,0.025255695163814196,0.34030035000000003
30,siglip,motorcycle,M,M,0.4187946,0.91931595,0.92150575,0.02277705116678396,0.34030035000000003
30,siglip,motorcycle,M,S,0.47007215,0.8633406499999999,0.8702282,0.02277304301713384,0.34030035000000003
30,siglip,motorcycle,M,SML=,0.4110745333333333,0.9247197500000001,0.9292258166666667,0.06752636000243972,0.34030035000000003
30,siglip,motorcycle,M,SMLn,0.37542603802624386,0.9609271884909786,0.9648743119737562,0.07005846098909156,0.34030035000000003
30,siglip,motorcycle,S,L,0.8443353,0.6178931999999999,0.51738635,0.011940030929237701,0.36172165
30,siglip,motorcycle,S,M,0.69572515,0.73188625,0.66599645,0.015261797421778583,0.36172165
30,siglip,motorcycle,S,S,0.584901,0.7924828500000001,0.7768206,0.019209311308532206,0.36172165
30,siglip,motorcycle,S,SML=,0.7083204833333333,0.71408745,0.6534011666666667,0.04461505551261727,0.36172165
30,siglip,motorcycle,S,SMLn,0.7817046553717878,0.6641929422088573,0.5800169946282121,0.039304584242186434,0.36172165
30,siglip,motorcycle,SML=,L,0.30621415,0.99604015,0.999,0.028520990031723082,0.30521414999999996
30,siglip,motorcycle,SML=,M,0.39281555,0.9144399,0.9123986000000001,0.025387964827158892,0.30521414999999996
30,siglip,motorcycle,SML=,S,0.55568025,0.79330575,0.7495339000000001,0.021938642588216976,0.30521414999999996
30,siglip,motorcycle,SML=,SML=,0.41823665,0.9012619333333334,0.8869775000000001,0.07213686011540547,0.30521414999999996
30,siglip,motorcycle,SML=,SMLn,0.3497242026243849,0.9573491850191361,0.9554899473756151,0.07779932429939077,0.30521414999999996
30,siglip,motorcycle,SMLn,L,0.22669394999999998,0.9969078,0.9979796000000001,0.03986047243883089,0.22467354999999997
30,siglip,motorcycle,SMLn,M,0.35140004999999996,0.91946135,0.8732735,0.03358377258145708,0.22467354999999997
30,siglip,motorcycle,SMLn,S,0.5594423,0.80017055,0.6652312499999999,0.026411595094381263,0.22467354999999997
30,siglip,motorcycle,SMLn,SML=,0.37917876666666667,0.9055132333333333,0.8454947833333334,0.09302155022167327,0.22467354999999997
30,siglip,motorcycle,SMLn,SMLn,0.28745888820393656,0.9598779293193,0.9372146617960635,0.10363151065286762,0.22467354999999997
30,siglip,mouse,L,L,0.1764678,0.9966303,0.99910715,0.04945185852573044,0.17557495
30,siglip,mouse,L,M,0.21123965,0.9742807000000001,0.9643352999999999,0.049633005370869746,0.17557495
30,siglip,mouse,L,S,0.2981653,0.9202470999999999,0.87740965,0.042868368519059424,0.17557495
30,siglip,mouse,L,SML=,0.22862425000000003,0.9637193666666667,0.9469507,0.1287924891486039,0.17557495
30,siglip,mouse,L,SMLn,0.25140886876593577,0.9493550918408975,0.9241660812340642,0.12580640602804213,0.17557495
30,siglip,mouse,M,L,0.2181155,0.9955773499999999,1.0,0.03967051371222273,0.2181155
30,siglip,mouse,M,M,0.2210499,0.9907815,0.9970656,0.041171813639328404,0.2181155
30,siglip,mouse,M,S,0.24955335,0.9737329000000001,0.96856215,0.038192343598829954,0.2181155
30,siglip,mouse,M,SML=,0.22957291666666668,0.98669725,0.9885425833333332,0.10992603875467907,0.2181155
30,siglip,mouse,M,SMLn,0.23472683169301378,0.9827824172106068,0.9833886683069861,0.10938565759156338,0.2181155
30,siglip,mouse,S,L,0.643875,0.77329935,0.66673055,0.01679035113258132,0.31060555
30,siglip,mouse,S,M,0.46123174999999994,0.8975885,0.8493738000000001,0.02577611394520053,0.31060555
30,siglip,mouse,S,S,0.3829968,0.9231467999999999,0.9276088,0.028201292260569454,0.31060555
30,siglip,mouse,S,SML=,0.49603453333333336,0.8646782166666667,0.8145710666666666,0.06741714224136494,0.31060555
30,siglip,mouse,S,SMLn,0.4341084577766446,0.9025937389087201,0.8764969422233554,0.07472312400839512,0.31060555
30,siglip,mouse,SML=,L,0.1939987,0.9973081,1.0,0.04528938629749991,0.1939987
30,siglip,mouse,SML=,M,0.21528275,0.9807608,0.97871595,0.04601710490780559,0.1939987
30,siglip,mouse,SML=,S,0.2674048,0.9421136999999999,0.9265939,0.04140187651200864,0.1939987
30,siglip,mouse,SML=,SML=,0.22556208333333333,0.9733941999999999,0.9684366166666667,0.12126486122711758,0.1939987
30,siglip,mouse,SML=,SMLn,0.23934296407445182,0.9629664847526772,0.9546557359255482,0.1196110339839137,0.1939987
30,siglip,mouse,SMLn,L,0.24578145,0.99610175,1.0,0.03657703221209684,0.24578145
30,siglip,mouse,SMLn,M,0.2534177,0.9859528000000001,0.99236375,0.03750730254026149,0.24578145
30,siglip,mouse,SMLn,S,0.29106730000000003,0.95621545,0.95471415,0.034754481886000214,0.24578145
30,siglip,mouse,SMLn,SML=,0.26342214999999997,0.9794233333333333,0.9823593,0.100981494762805,0.24578145
30,siglip,mouse,SMLn,SMLn,0.27125891751657316,0.972106666700663,0.9745225324834268,0.10020393527013083,0.24578145
30,siglip,orange,L,L,0.1270346,0.99477575,0.989784,0.07555223873851821,0.1168186
30,siglip,orange,L,M,0.19026775,0.9690856999999999,0.9265508499999999,0.07360867615113108,0.1168186
30,siglip,orange,L,S,,,,,0.1168186
30,siglip,orange,L,SML=,0.158651175,0.981930725,0.9581674250000001,0.1377690448056724,0.1168186
30,siglip,orange,L,SMLn,0.16724866469298244,0.9784377796052631,0.9495699353070176,0.13645361514504506,0.1168186
30,siglip,orange,M,L,0.1994208,0.99506435,0.99123805,0.047598311443342804,0.19065885
30,siglip,orange,M,M,0.25325699999999995,0.96242235,0.93740185,0.04615853092267857,0.19065885
30,siglip,orange,M,S,,,,,0.19065885
30,siglip,orange,M,SML=,0.2263389,0.97874335,0.9643199499999999,0.08912268479055903,0.19065885
30,siglip,orange,M,SMLn,0.2336587342105263,0.9743051833333333,0.9570001157894736,0.08842060401709764,0.19065885
30,siglip,orange,SML=,L,0.18638835,0.9947722999999999,0.99176,0.048954803629918366,0.17814835
30,siglip,orange,SML=,M,0.23097630000000002,0.96892575,0.94717205,0.04828151711703536,0.17814835
30,siglip,orange,SML=,S,,,,,0.17814835
30,siglip,orange,SML=,SML=,0.208682325,0.981849025,0.969466025,0.09250657225048006,0.17814835
30,siglip,orange,SML=,SMLn,0.21474472171052633,0.9783348010964913,0.9634036282894737,0.09192269133076489,0.17814835
30,siglip,orange,SMLn,L,0.1784905,0.9944483500000001,0.9928025,0.052620798605056196,0.171293
30,siglip,orange,SMLn,M,0.22832775,0.9674023,0.94296525,0.05093895810209953,0.171293
30,siglip,orange,SMLn,S,,,,,0.171293
30,siglip,orange,SMLn,SML=,0.203409125,0.980925325,0.9678838750000001,0.09793063956388641,0.171293
30,siglip,orange,SMLn,SMLn,0.21018524232456143,0.9772480111842106,0.9611077576754387,0.09718859750786948,0.171293
30,siglip,parking meter,L,L,0.269156,0.9967481499999999,1.0,0.030582818528794485,0.269156
30,siglip,parking meter,L,M,0.31780505,0.9395654999999999,0.9513509499999999,0.031009836137414426,0.269156
30,siglip,parking meter,L,S,0.5053081500000001,0.8067116000000001,0.76384785,0.024754370175739355,0.269156
30,siglip,parking meter,L,SML=,0.36408973333333333,0.91434175,0.9050662666666666,0.08161394902830435,0.269156
30,siglip,parking meter,L,SMLn,0.35191227364498645,0.9235547419376694,0.9172437263550135,0.08268814827331515,0.269156
30,siglip,parking meter,M,L,0.2834419,0.9929124500000001,0.9978835500000001,0.02940470701424076,0.28132545000000003
30,siglip,parking meter,M,M,0.2925547,0.9592181999999999,0.9887707499999999,0.031006145993797897,0.28132545000000003
30,siglip,parking meter,M,S,0.3852723,0.88588375,0.89605315,0.027898384071208683,0.28132545000000003
30,siglip,parking meter,M,SML=,0.32042296666666664,0.9460047999999999,0.9609024833333333,0.08332142278756959,0.28132545000000003
30,siglip,parking meter,M,SMLn,0.314786110298103,0.951145141598916,0.9665393397018971,0.08379098946249454,0.28132545000000003
30,siglip,parking meter,S,L,0.50931495,0.8137776499999999,0.80237365,0.022828229356883757,0.3116886
30,siglip,parking meter,S,M,0.49092485,0.8354009,0.82076375,0.024900557718998777,0.3116886
30,siglip,parking meter,S,S,0.5283773500000001,0.8064842999999999,0.78331125,0.022865452707141708,0.3116886
30,siglip,parking meter,S,SML=,0.50953905,0.8185542833333332,0.80214955,0.06656801275321192,0.3116886
30,siglip,parking meter,S,SMLn,0.5078303161246612,0.8196824297425473,0.8038582838753389,0.06676721002693128,0.3116886
30,siglip,parking meter,SML=,L,0.28878919999999997,0.9970364,1.0,0.028840118190598667,0.28878919999999997
30,siglip,parking meter,SML=,M,0.32047254999999997,0.94568925,0.96831665,0.029687326240714768,0.28878919999999997
30,siglip,parking meter,SML=,S,0.46913865,0.8368726000000001,0.8196505500000001,0.025175443521993274,0.28878919999999997
30,siglip,parking meter,SML=,SML=,0.3594668,0.92653275,0.9293224,0.07912422203443265,0.28878919999999997
30,siglip,parking meter,SML=,SMLn,0.34998898705962056,0.9341949611111111,0.9388002129403794,0.07989555837365793,0.28878919999999997
30,siglip,parking meter,SMLn,L,0.297323,0.99555025,0.9990566,0.027821568550348102,0.29637959999999997
30,siglip,parking meter,SMLn,M,0.32780505,0.9427979000000001,0.9685745499999999,0.02881560917523584,0.29637959999999997
30,siglip,parking meter,SMLn,S,0.4578356,0.83834575,0.838544,0.024936744993042406,0.29637959999999997
30,siglip,parking meter,SMLn,SML=,0.3609878833333333,0.9255646333333333,0.9353917166666668,0.07730275769851282,0.29637959999999997
30,siglip,parking meter,SMLn,SMLn,0.3526268093495935,0.9330087215447154,0.9437527906504066,0.07795316596479333,0.29637959999999997
30,siglip,person,L,L,0.31624225,0.9752503499999999,0.9759027,0.04344387361318036,0.29214495
30,siglip,person,L,M,0.5012387,0.84142375,0.79090625,0.0342949526658694,0.29214495
30,siglip,person,L,S,0.7690754,0.66348085,0.52306955,0.022712186908343666,0.29214495
30,siglip,person,L,SML=,0.5288521166666666,0.8267183166666665,0.7632928333333333,0.09323018261335907,0.29214495
30,siglip,person,L,SMLn,0.4083956942174122,0.9099170158493504,0.8837492557825879,0.10789664908017252,0.29214495
30,siglip,person,M,L,0.5479844,0.8183508500000001,0.8065028,0.030762339533267753,0.3544872
30,siglip,person,M,M,0.6695164,0.7437879000000001,0.6849708,0.025638577314775583,0.3544872
30,siglip,person,M,S,0.7157845,0.7014245,0.6387027,0.023879628425174916,0.3544872
30,siglip,person,M,SML=,0.6444284333333333,0.7545210833333333,0.7100587666666667,0.07497879930447512,0.3544872
30,siglip,person,M,SMLn,0.5976100313124963,0.7867280359185079,0.7568771686875038,0.07991171497743943,0.3544872
30,siglip,person,S,L,0.5340907500000001,0.9209225999999999,0.96415445,0.02438835,0.4982451
30,siglip,person,S,M,0.7548239999999999,0.7023309,0.7434212,0.0186001,0.4982451
30,siglip,person,S,S,0.9524487,0.5712732,0.5457964000000001,0.013785200000000001,0.4982451
30,siglip,person,S,SML=,0.74712115,0.73150885,0.751124,0.0544145,0.4982451
30,siglip,person,S,SMLn,0.63378295,0.8276382999999999,0.8644621499999999,0.06236365000000001,0.4982451
30,siglip,person,SML=,L,0.40339135,0.9310574,0.8846238,0.04614818736123214,0.28801515
30,siglip,person,SML=,M,0.566485,0.8088217,0.72153015,0.03149758601288547,0.28801515
30,siglip,person,SML=,S,0.76073895,0.6742886,0.5272762,0.022816758884988696,0.28801515
30,siglip,person,SML=,SML=,0.5768717666666666,0.8047225666666666,0.7111433833333334,0.08883667266748023,0.28801515
30,siglip,person,SML=,SMLn,0.4811104069516795,0.8737388844200946,0.8069047430483204,0.1030194767428382,0.28801515
30,siglip,person,SMLn,L,0.31756615,0.97107285,0.97674675,0.04535867451753066,0.2943129
30,siglip,person,SMLn,M,0.5125119,0.8372018000000001,0.781801,0.0344389257165347,0.2943129
30,siglip,person,SMLn,S,0.7289423,0.6737883499999999,0.5653706,0.024955807944541688,0.2943129
30,siglip,person,SMLn,SML=,0.51967345,0.8273543333333333,0.77463945,0.09627729340049702,0.2943129
30,siglip,person,SMLn,SMLn,0.40913728305041613,0.9069455391982515,0.8851756169495838,0.11016375944166541,0.2943129
30,siglip,remote,L,L,0.26695745,0.9778168,0.9685622500000001,0.03657740486458391,0.2355197
30,siglip,remote,L,M,0.4531305,0.85765695,0.7823892,0.02850781208186423,0.2355197
30,siglip,remote,L,S,0.47034054999999997,0.8481707,0.76517915,0.028898532007089327,0.2355197
30,siglip,remote,L,SML=,0.3968095,0.89454815,0.8387102000000001,0.08789420023595892,0.2355197
30,siglip,remote,L,SMLn,0.4444791215372671,0.8640489388354038,0.7910405784627329,0.08275919849102795,0.2355197
30,siglip,remote,M,L,0.31094395,0.9781247000000001,0.9815371,0.03011874724043767,0.29248105
30,siglip,remote,M,M,0.42810275000000003,0.8874772500000001,0.8643782999999999,0.025309526765727487,0.29248105
30,siglip,remote,M,S,0.43325955,0.8766749,0.8592215,0.02628510720658256,0.29248105
30,siglip,remote,M,SML=,0.39076875,0.9140922833333333,0.9017123,0.07715200140146954,0.29248105
30,siglip,remote,M,SMLn,0.41983049583850934,0.8904819606677019,0.8726505541614907,0.07442800170118183,0.29248105
30,siglip,remote,S,L,1.0724517,0.41017075,0.24350769999999997,0.0064822993159692616,0.3159594
30,siglip,remote,S,M,0.7442356,0.6607395,0.5717238,0.016898847742995098,0.3159594
30,siglip,remote,S,S,0.529231,0.81204775,0.78672845,0.025067762402265686,0.3159594
30,siglip,remote,S,SML=,0.7819727833333333,0.6276526833333333,0.5339866166666667,0.045766278403507145,0.3159594
30,siglip,remote,S,SMLn,0.6674424311956522,0.7129694014906832,0.6485169688043478,0.05619741048956243,0.3159594
30,siglip,remote,SML=,L,0.2898771,0.9813845000000001,0.988069,0.03126142979331995,0.2779461
30,siglip,remote,SML=,M,0.4120357,0.8895141000000001,0.8659104,0.02650972493737702,0.2779461
30,siglip,remote,SML=,S,0.411832,0.87885345,0.8661141000000001,0.027701823129709296,0.2779461
30,siglip,remote,SML=,SML=,0.37124826666666666,0.9165840166666666,0.9066978333333333,0.08063486533279515,0.2779461
30,siglip,remote,SML=,SMLn,0.4006288051863354,0.8927026204813664,0.8773172948136645,0.07802852767560811,0.2779461
30,siglip,remote,SMLn,L,0.2892366,0.98351495,0.9917125500000001,0.03295121685743033,0.28094915
30,siglip,remote,SMLn,M,0.37581785,0.9079435,0.9051313000000001,0.0289285942753494,0.28094915
30,siglip,remote,SMLn,S,0.43552315,0.8697630000000001,0.845426,0.02790497312561068,0.28094915
30,siglip,remote,SMLn,SML=,0.3668592,0.92040715,0.9140899499999999,0.08410372187506168,0.28094915
30,siglip,remote,SMLn,SMLn,0.39756499099378884,0.8959064160248447,0.8833841590062113,0.0811128414029522,0.28094915
30,siglip,scissors,L,L,0.19304945,0.99608355,0.99617745,0.05477913742556999,0.1892269
30,siglip,scissors,L,M,0.3776779,0.9057598499999999,0.811549,0.043155221179606636,0.1892269
30,siglip,scissors,L,S,0.6772266499999999,0.7261977,0.51200025,0.023887122747870474,0.1892269
30,siglip,scissors,L,SML=,0.41598466666666667,0.8760137,0.7732422333333333,0.1089373838021525,0.1892269
30,siglip,scissors,L,SMLn,0.3751340295687885,0.8997839468685832,0.8140928704312115,0.1150992603694431,0.1892269
30,siglip,scissors,M,L,0.3845694,0.99308955,0.9980162,0.02359221020209207,0.38258559999999997
30,siglip,scissors,M,M,0.42679419999999996,0.930807,0.9557914000000001,0.02283969561591785,0.38258559999999997
30,siglip,scissors,M,S,0.5871473500000001,0.7993923,0.79543825,0.017873552267778346,0.38258559999999997
30,siglip,scissors,M,SML=,0.46617031666666664,0.9077629500000001,0.9164152833333332,0.06132809619536779,0.38258559999999997
30,siglip,scissors,M,SMLn,0.4462978116529774,0.9250247662731006,0.9362877883470226,0.06278052535906682,0.38258559999999997
30,siglip,scissors,S,L,0.89370265,0.585412,0.3752405,0.010819869902286098,0.26894315
30,siglip,scissors,S,M,0.7167826500000001,0.71111875,0.5521605,0.017655316388295397,0.26894315
30,siglip,scissors,S,S,0.48323525,0.8317614499999999,0.7857079,0.025465739748354466,0.26894315
30,siglip,scissors,S,SML=,0.6979068666666667,0.7094307,0.5710363333333334,0.051725158720489696,0.26894315
30,siglip,scissors,S,SMLn,0.7309188654517454,0.6911682417864476,0.5380242845482546,0.04827997555257056,0.26894315
30,siglip,scissors,SML=,L,0.3172198,0.9961285999999999,0.9991228,0.028030834143716134,0.3163426
30,siglip,scissors,SML=,M,0.40858925,0.9144873,0.9077533499999999,0.0255608576208367,0.3163426
30,siglip,scissors,SML=,S,0.62522575,0.7482435,0.69111685,0.018495919062133444,0.3163426
30,siglip,scissors,SML=,SML=,0.4503449333333333,0.8862864666666667,0.8659976666666667,0.06833596752945534,0.3163426
30,siglip,scissors,SML=,SMLn,0.42228734235112936,0.9082237448665298,0.8940552576488706,0.0706207398890437,0.3163426
30,siglip,scissors,SMLn,L,0.30534085,0.9958919500000001,0.9991228,0.029599725835240676,0.30446365
30,siglip,scissors,SMLn,M,0.39343505,0.92182145,0.9110286000000001,0.02723350590857409,0.30446365
30,siglip,scissors,SMLn,S,0.59034365,0.7686092,0.71412,0.019976393090564027,0.30446365
30,siglip,scissors,SMLn,SML=,0.4297065166666666,0.8954408666666666,0.8747571333333333,0.07254782729743828,0.30446365
30,siglip,scissors,SMLn,SMLn,0.4040261321355236,0.9156172408110883,0.9004375178644765,0.07481182821600932,0.30446365
30,siglip,single serving drinking vessel,L,L,0.34167965,0.95566755,0.98746505,0.027067589696891485,0.3291447
30,siglip,single serving drinking vessel,L,M,0.41733279999999995,0.8842282000000001,0.9118119,0.02493231733527457,0.3291447
30,siglip,single serving drinking vessel,L,S,0.66571755,0.7049456000000001,0.6634271500000001,0.018464360194213842,0.3291447
30,siglip,single serving drinking vessel,L,SML=,0.47491000000000005,0.8482804500000001,0.8542346999999999,0.06704634619493076,0.3291447
30,siglip,single serving drinking vessel,L,SMLn,0.47846357755545493,0.8425596558125849,0.850681122444545,0.06676835672724432,0.3291447
30,siglip,single serving drinking vessel,M,L,0.34890279999999996,0.925162,0.9503804500000002,0.02880879800101257,0.29928325
30,siglip,single serving drinking vessel,M,M,0.3766712,0.92010135,0.92261205,0.027789730426322906,0.29928325
30,siglip,single serving drinking vessel,M,S,0.5343235500000001,0.81468655,0.7649597,0.0235110080508894,0.29928325
30,siglip,single serving drinking vessel,M,SML=,0.41996585,0.8866499666666666,0.8793174,0.0757925422661124,0.29928325
30,siglip,single serving drinking vessel,M,SMLn,0.41842507041647803,0.8902124060389316,0.880858179583522,0.07592017886969518,0.29928325
30,siglip,single serving drinking vessel,S,L,0.8213214000000001,0.5926716,0.41221775000000005,0.010457215732446342,0.23353925000000003
30,siglip,single serving drinking vessel,S,M,0.8224365,0.6370562,0.4111028,0.010798236449292889,0.23353925000000003
30,siglip,single serving drinking vessel,S,S,0.8342729500000001,0.59156685,0.39926629999999996,0.01085560837339943,0.23353925000000003
30,siglip,single serving drinking vessel,S,SML=,0.8260103333333333,0.6070982,0.40752896666666666,0.030824513985788365,0.23353925000000003
30,siglip,single serving drinking vessel,S,SMLn,0.8257128533001359,0.6173659367677682,0.40782644669986423,0.030967237587688195,0.23353925000000003
30,siglip,single serving drinking vessel,SML=,L,0.39345445,0.9326421,0.9527034499999999,0.02526625313485511,0.3461579
30,siglip,single serving drinking vessel,SML=,M,0.4353637,0.88900015,0.9107942,0.02398916075956456,0.3461579
30,siglip,single serving drinking vessel,SML=,S,0.6934467,0.6946561,0.6527111999999999,0.017279110175470742,0.3461579
30,siglip,single serving drinking vessel,SML=,SML=,0.5074216166666666,0.8387661166666666,0.8387362833333333,0.06350673754732429,0.3461579
30,siglip,single serving drinking vessel,SML=,SMLn,0.5042340074015391,0.838901202512449,0.8419238925984608,0.06373334175709891,0.3461579
30,siglip,single serving drinking vessel,SMLn,L,0.37885430000000003,0.9183664,0.937909,0.026988102052927315,0.31676329999999997
30,siglip,single serving drinking vessel,SMLn,M,0.4219558,0.89317315,0.8948075,0.02560306070636082,0.31676329999999997
30,siglip,single serving drinking vessel,SMLn,S,0.6442204,0.7358127,0.6725429,0.019498192296697976,0.31676329999999997
30,siglip,single serving drinking vessel,SMLn,SML=,0.48167683333333333,0.8491174166666667,0.8350864666666666,0.06846283767540902,0.31676329999999997
30,siglip,single serving drinking vessel,SMLn,SMLn,0.48024557681303753,0.8511284819782707,0.8365177231869625,0.06861475451447221,0.31676329999999997
30,siglip,sink,L,L,0.20368785000000003,0.9766622500000001,0.9831775500000001,0.04950219969234186,0.18686540000000001
30,siglip,sink,L,M,0.26187895,0.9451798,0.9249864499999999,0.04740977901793553,0.18686540000000001
30,siglip,sink,L,S,0.4357455,0.85880805,0.7511199000000001,0.03593605895624249,0.18686540000000001
30,siglip,sink,L,SML=,0.30043743333333334,0.9268833666666666,0.8864279666666667,0.1203812837139165,0.18686540000000001
30,siglip,sink,L,SMLn,0.28022975406127903,0.9366106117622867,0.906635645938721,0.12337263277869319,0.18686540000000001
30,siglip,sink,M,L,0.34593189999999996,0.9267213999999999,0.9087429,0.03271235064035084,0.2546748
30,siglip,sink,M,M,0.3626724,0.9060800999999999,0.8920024,0.032651263705456894,0.2546748
30,siglip,sink,M,S,0.43702620000000003,0.86186015,0.8176486000000001,0.02895822615347347,0.2546748
30,siglip,sink,M,SML=,0.38187683333333333,0.8982205499999999,0.8727979666666666,0.08812186506453999,0.2546748
30,siglip,sink,M,SMLn,0.37225022802796626,0.9026537224244293,0.8824245719720338,0.08920135915137173,0.2546748
30,siglip,sink,S,L,1.15757285,0.3503162,0.283869,0.0077498475163700065,0.44144189999999994
30,siglip,sink,S,M,1.1449071,0.379685,0.29653475,0.0077424998453289266,0.44144189999999994
30,siglip,sink,S,S,1.0639637499999999,0.45299690000000004,0.3774781,0.009036494679501255,0.44144189999999994
30,siglip,sink,S,SML=,1.1221479166666666,0.3943327,0.31929398333333336,0.02337912207797622,0.44144189999999994
30,siglip,sink,S,SMLn,1.133299766512441,0.38639624962985814,0.3081421334875591,0.022865693979995976,0.44144189999999994
30,siglip,sink,SML=,L,0.22271825,0.97385,0.9737469000000001,0.04617998684397223,0.19646515
30,siglip,sink,SML=,M,0.24562395,0.9575703499999999,0.9508411999999999,0.045809683120714276,0.19646515
30,siglip,sink,SML=,S,0.34402560000000004,0.89918005,0.85243955,0.03902300953921203,0.19646515
30,siglip,sink,SML=,SML=,0.27078926666666664,0.9435334666666666,0.9256758833333333,0.11930153838818688,0.19646515
30,siglip,sink,SML=,SMLn,0.25813997493316887,0.9507144196586468,0.9383251750668311,0.1209893464658582,0.19646515
30,siglip,sink,SMLn,L,0.21317840000000002,0.9751141000000001,0.9802903000000001,0.048532693245627624,0.1934687
30,siglip,sink,SMLn,M,0.2578171,0.9495929500000001,0.9356515999999999,0.04765371931557078,0.1934687
30,siglip,sink,SMLn,S,0.36275555000000004,0.8923572500000001,0.83071315,0.03976530418409734,0.1934687
30,siglip,sink,SMLn,SML=,0.2779170166666667,0.9390214333333333,0.9155516833333334,0.12277393971714783,0.1934687
30,siglip,sink,SMLn,SMLn,0.26687125411268764,0.9449040504832407,0.9265974458873124,0.12434370437265926,0.1934687
30,siglip,skateboard,L,L,0.18656915000000002,0.998969,1.0,0.04752335487748803,0.18656915000000002
30,siglip,skateboard,L,M,0.18656915000000002,0.9991616499999999,1.0,0.04766383984753377,0.18656915000000002
30,siglip,skateboard,L,S,0.25805785000000003,0.9604171499999999,0.9285113,0.04383949604679739,0.18656915000000002
30,siglip,skateboard,L,SML=,0.21039871666666668,0.9861825999999999,0.9761704333333334,0.12635418419659367,0.18656915000000002
30,siglip,skateboard,L,SMLn,0.19342395864369094,0.9954184610755975,0.9931451913563091,0.12839920581830286,0.18656915000000002
30,siglip,skateboard,M,L,0.16123775,0.9990785499999999,1.0,0.056232949916919406,0.16123775
30,siglip,skateboard,M,M,0.16234885000000002,0.9985554999999999,0.9988889000000001,0.05533937309702266,0.16123775
30,siglip,skateboard,M,S,0.2201861,0.9742324,0.94105165,0.05261306604743064,0.16123775
30,siglip,skateboard,M,SML=,0.18125756666666665,0.9906221499999999,0.9799801833333334,0.14622886603397403,0.16123775
30,siglip,skateboard,M,SMLn,0.1677325419816565,0.9962995610755975,0.9935052080183435,0.1481844018753546,0.16123775
30,siglip,skateboard,S,L,0.25335399999999997,0.9972355499999999,1.0,0.034104142178475905,0.25335399999999997
30,siglip,skateboard,S,M,0.25335399999999997,0.9988061500000001,1.0,0.03372418275005057,0.25335399999999997
30,siglip,skateboard,S,S,0.2811772,0.9770291,0.9721768000000001,0.03286470760180766,0.25335399999999997
30,siglip,skateboard,S,SML=,0.2626284,0.9910235999999999,0.9907256,0.09418145796796133,0.25335399999999997
30,siglip,skateboard,S,SMLn,0.2560218721511951,0.9964888494858254,0.9973321278488049,0.09479772225207891,0.25335399999999997
30,siglip,skateboard,SML=,L,0.21965090000000004,0.9991523000000001,1.0,0.039604342995726086,0.21965090000000004
30,siglip,skateboard,SML=,M,0.21965090000000004,0.99894645,1.0,0.0392946010355917,0.21965090000000004
30,siglip,skateboard,SML=,S,0.27643935000000003,0.9632227,0.94321155,0.03712655682131796,0.21965090000000004
30,siglip,skateboard,SML=,SML=,0.2385803833333333,0.9871071499999999,0.9810705166666667,0.10731470623098457,0.21965090000000004
30,siglip,skateboard,SML=,SMLn,0.22509615159811008,0.9955510574207892,0.99455474840189,0.10874284917722658,0.21965090000000004
30,siglip,skateboard,SMLn,L,0.206068,0.9992634499999999,1.0,0.04463848075998622,0.206068
30,siglip,skateboard,SMLn,M,0.206068,0.99903455,1.0,0.044287744320343575,0.206068
30,siglip,skateboard,SMLn,S,0.25951749999999996,0.96853615,0.9465505000000001,0.04162468050721649,0.206068
30,siglip,skateboard,SMLn,SML=,0.2238845,0.9889447166666667,0.9821835,0.11912334348562884,0.206068
30,siglip,skateboard,SMLn,SMLn,0.21119309102279044,0.9961435618121179,0.9948749089772095,0.12060952657791055,0.206068
30,siglip,skis,L,L,0.1604679,0.99849905,1.0,0.07390972081959449,0.1604679
30,siglip,skis,L,M,0.1604679,0.9982977999999999,1.0,0.0735833240620929,0.1604679
30,siglip,skis,L,S,0.16255215,0.9948583,0.99791575,0.07270491977416074,0.1604679
30,siglip,skis,L,SML=,0.16116265000000002,0.9972183833333332,0.9993052499999999,0.18061791069988445,0.1604679
30,siglip,skis,L,SMLn,0.1608925781690141,0.9976272794209702,0.999575321830986,0.18067962777934848,0.1604679
30,siglip,skis,M,L,0.10525740000000001,0.9981104000000001,0.99782505,0.0931783250180912,0.10308245
30,siglip,skis,M,M,0.10308245,0.9989592999999999,1.0,0.09356933163241031,0.10308245
30,siglip,skis,M,S,0.10587085,0.99711725,0.9972116,0.09132829480681529,0.10308245
30,siglip,skis,M,SML=,0.1047369,0.9980623166666666,0.99834555,0.22981910626732263,0.10308245
30,siglip,skis,M,SMLn,0.10397803665101721,0.9984561715336463,0.9991044133489828,0.2300175672519019,0.10308245
30,siglip,skis,S,L,0.14933069999999998,0.98910515,0.98951485,0.06484075244431212,0.13884555
30,siglip,skis,S,M,0.14228995,0.9953649,0.9965556,0.06533769695828769,0.13884555
30,siglip,skis,S,S,0.14102355,0.9963293,0.997822,0.06411244420526263,0.13884555
30,siglip,skis,S,SML=,0.14421473333333334,0.9935997833333333,0.9946308166666666,0.17031576632326412,0.13884555
30,siglip,skis,S,SMLn,0.14309188250391236,0.9946190110015649,0.9957536674960876,0.17043331543501877,0.13884555
30,siglip,skis,SML=,L,0.12412000000000001,0.9984919,1.0,0.08167217714964961,0.12412000000000001
30,siglip,skis,SML=,M,0.12412000000000001,0.9982122,1.0,0.0822093957751425,0.12412000000000001
30,siglip,skis,SML=,S,0.12649175,0.9958900999999999,0.99762825,0.08089968135016437,0.12412000000000001
30,siglip,skis,SML=,SML=,0.12491058333333334,0.9975314,0.9992094166666666,0.20468466014005732,0.12412000000000001
30,siglip,skis,SML=,SMLn,0.12460325798122066,0.9977811666979657,0.9995167420187794,0.20474864165472084,0.12412000000000001
30,siglip,skis,SMLn,L,0.10957170000000001,0.9983718500000001,1.0,0.08604037833857299,0.10957170000000001
30,siglip,skis,SMLn,M,0.10957170000000001,0.99865575,1.0,0.08644873635168607,0.10957170000000001
30,siglip,skis,SMLn,S,0.1125905,0.99624355,0.9969811999999999,0.08431492985206449,0.10957170000000001
30,siglip,skis,SMLn,SML=,0.11057796666666667,0.9977570499999999,0.9989937333333334,0.21520230326291565,0.10957170000000001
30,siglip,skis,SMLn,SMLn,0.11018679821596244,0.9981215095931143,0.9993849017840375,0.21527642984550927,0.10957170000000001
30,siglip,snowboard,L,L,0.11959615000000001,0.9970169499999999,0.9917021500000001,0.07453077599668056,0.1112983
30,siglip,snowboard,L,M,0.11752945,0.9945620500000001,0.99376885,0.07445500113895023,0.1112983
30,siglip,snowboard,L,S,0.1112983,0.9947516500000001,1.0,0.077410212047789,0.1112983
30,siglip,snowboard,L,SML=,0.1161413,0.9954435499999998,0.9951570000000001,0.1953440257938658,0.1112983
30,siglip,snowboard,L,SMLn,0.11671333712433707,0.9951180357395403,0.994584962875663,0.19521932241073928,0.1112983
30,siglip,snowboard,M,L,0.096709,0.9965764,0.99812675,0.08413782577159143,0.09483575
30,siglip,snowboard,M,M,0.0956554,0.99637805,0.9991803499999999,0.08424187670640494,0.09483575
30,siglip,snowboard,M,S,0.09483575,0.9959879,1.0,0.08563585665741592,0.09483575
30,siglip,snowboard,M,SML=,0.09573338333333334,0.9963141166666667,0.9991023666666667,0.21671096761683656,0.09483575
30,siglip,snowboard,M,SMLn,0.09571296520329994,0.9963414961697111,0.9991227847967,0.2167154188330996,0.09483575
30,siglip,snowboard,S,L,0.10721935,0.992399,0.98841765,0.08500562951077792,0.095637
30,siglip,snowboard,S,M,0.0985042,0.9951382499999999,0.9971327999999999,0.08571711297310751,0.095637
30,siglip,snowboard,S,S,0.095637,0.9967921000000001,1.0,0.08833890339093432,0.095637
30,siglip,snowboard,S,SML=,0.10045351666666666,0.99477645,0.9951834833333333,0.21951375439539822,0.095637
30,siglip,snowboard,S,SMLn,0.09976660925162051,0.9948927057159693,0.9958703907483795,0.21963236941731976,0.095637
30,siglip,snowboard,SML=,L,0.11605325,0.9978369,0.9987805,0.0714225627977541,0.11483375
30,siglip,snowboard,SML=,M,0.11804079999999999,0.99595165,0.99679295,0.07159274978302835,0.11483375
30,siglip,snowboard,SML=,S,0.11585414999999999,0.99539245,0.9989796,0.07343521800016538,0.11483375
30,siglip,snowboard,SML=,SML=,0.11664939999999999,0.9963936666666667,0.99818435,0.1883672185799387,0.11483375
30,siglip,snowboard,SML=,SMLn,0.11718211375957573,0.9962369960813199,0.9976516362404244,0.18828138756515772,0.11483375
30,siglip,snowboard,SMLn,L,0.11485035000000002,0.9975606000000001,0.9972014,0.08224402951719463,0.11205175
30,siglip,snowboard,SMLn,M,0.1142784,0.9963594,0.9977733499999999,0.0818551349457795,0.11205175
30,siglip,snowboard,SMLn,S,0.11205175,0.99606755,1.0,0.08404647008228042,0.11205175
30,siglip,snowboard,SMLn,SML=,0.11372683333333333,0.9966625166666667,0.9983249166666667,0.20595725832485182,0.11205175
30,siglip,snowboard,SMLn,SMLn,0.11395162949322332,0.9965541606069535,0.9981001205067767,0.20598449550458806,0.11205175
30,siglip,spoon,L,L,0.37156585,0.91733,0.95752415,0.02751638759047066,0.32909
30,siglip,spoon,L,M,0.47196059999999995,0.8486891999999999,0.8571294,0.024022368460475726,0.32909
30,siglip,spoon,L,S,0.5755806,0.7859787,0.7535094,0.020156217857647218,0.32909
30,siglip,spoon,L,SML=,0.47303568333333335,0.8506659666666666,0.8560543166666668,0.06779296426903583,0.32909
30,siglip,spoon,L,SMLn,0.4963695199782253,0.8347065063146435,0.8327204800217747,0.06557671982263447,0.32909
30,siglip,spoon,M,L,0.62492915,0.78456115,0.77227115,0.017606318970668805,0.3972003
30,siglip,spoon,M,M,0.62110205,0.7881813,0.77609825,0.01786869933620246,0.3972003
30,siglip,spoon,M,S,0.681171,0.7436949,0.71602925,0.014911925216098913,0.3972003
30,siglip,spoon,M,SML=,0.64240075,0.7721457,0.7547995000000001,0.047131539830825894,0.3972003
30,siglip,spoon,M,SMLn,0.6414647903919434,0.7730221814099074,0.7557355596080566,0.04720425918240513,0.3972003
30,siglip,spoon,S,L,0.38075295000000003,0.9671777,1.0,0.022888600000000002,0.38075295000000003
30,siglip,spoon,S,M,0.46974375,0.8835293,0.9110093000000001,0.02092315,0.38075295000000003
30,siglip,spoon,S,S,0.62848625,0.7411217999999999,0.7522666,0.016888999999999998,0.38075295000000003
30,siglip,spoon,S,SML=,0.49299435,0.8639428499999999,0.8877585,0.058118,0.38075295000000003
30,siglip,spoon,S,SMLn,0.513629,0.844542,0.8671240499999999,0.05680285,0.38075295000000003
30,siglip,spoon,SML=,L,0.47256219999999993,0.87403265,0.9063083000000001,0.02319893190507861,0.3788705
30,siglip,spoon,SML=,M,0.5853394,0.7837843999999999,0.7935311,0.020633835705058744,0.3788705
30,siglip,spoon,SML=,S,0.70675155,0.69308735,0.67211895,0.017025338052237174,0.3788705
30,siglip,spoon,SML=,SML=,0.5882177166666667,0.7836348,0.7906527833333333,0.057864726636765354,0.3788705
30,siglip,spoon,SML=,SMLn,0.6144258555525313,0.7626574432498638,0.7644446444474686,0.056060299269556066,0.3788705
30,siglip,spoon,SMLn,L,0.6038347500000001,0.7933299,0.7559299,0.017909194210169975,0.35976465
30,siglip,spoon,SMLn,M,0.68344895,0.7456655999999999,0.67631575,0.016233045396918732,0.35976465
30,siglip,spoon,SMLn,S,0.76905235,0.6635768,0.5907123000000001,0.013937763631921275,0.35976465
30,siglip,spoon,SMLn,SML=,0.6854453333333334,0.7341907666666666,0.6743193166666667,0.04585507510228276,0.35976465
30,siglip,spoon,SMLn,SMLn,0.7039468087370713,0.7231364704953729,0.6558178412629287,0.044631623930149654,0.35976465
30,siglip,stop sign,L,L,0.15557145,0.99578285,0.9898281499999999,0.05523569511163871,0.14539960000000002
30,siglip,stop sign,L,M,0.2001433,0.96710335,0.9452562999999999,0.05250802309574164,0.14539960000000002
30,siglip,stop sign,L,S,0.6702211,0.7309289,0.4751785,0.027537740311038488,0.14539960000000002
30,siglip,stop sign,L,SML=,0.3419786166666666,0.8979383666666665,0.8034209833333333,0.12336346756216168,0.14539960000000002
30,siglip,stop sign,L,SMLn,0.31336375058430715,0.9122554576238174,0.8320358494156928,0.12749481126014758,0.14539960000000002
30,siglip,stop sign,M,L,0.1537982,0.9966724499999999,0.9971105,0.05397768289656509,0.1509087
30,siglip,stop sign,M,M,0.19984095000000002,0.96782015,0.95106775,0.05139218382789803,0.1509087
30,siglip,stop sign,M,S,0.5584606,0.79454245,0.5924481,0.03305108892325555,0.1509087
30,siglip,stop sign,M,SML=,0.30403325,0.9196783500000001,0.84687545,0.12602787445161084,0.1509087
30,siglip,stop sign,M,SMLn,0.2823170260712299,0.930108698135782,0.8685916739287702,0.12908233342089115,0.1509087
30,siglip,stop sign,S,L,0.94506195,0.42479180000000005,0.34422905000000004,0.015710302780332315,0.289291
30,siglip,stop sign,S,M,0.8772311499999998,0.5271182,0.41205974999999995,0.018135428199030842,0.289291
30,siglip,stop sign,S,S,0.8676662,0.5756556500000001,0.4216248,0.016207298058177548,0.289291
30,siglip,stop sign,S,SML=,0.89665315,0.5091885333333332,0.39263790000000004,0.046211372852910715,0.289291
30,siglip,stop sign,S,SMLn,0.8966022371452421,0.5071584373678353,0.3926887128547579,0.04648283991544465,0.289291
30,siglip,stop sign,SML=,L,0.17086675,0.9950441,0.9898894,0.05232448624361939,0.16075615000000001
30,siglip,stop sign,SML=,M,0.2212743,0.9634497,0.93948185,0.04944836533894447,0.16075615000000001
30,siglip,stop sign,SML=,S,0.6199146499999999,0.75383395,0.5408415,0.02862928180906113,0.16075615000000001
30,siglip,stop sign,SML=,SML=,0.3373519,0.90410925,0.82340425,0.11894065302223,0.16075615000000001
30,siglip,stop sign,SML=,SMLn,0.31320490473010576,0.9167582446855871,0.8475512452698943,0.12234577668243621,0.16075615000000001
30,siglip,stop sign,SMLn,L,0.15546854999999998,0.9958107999999999,0.99105865,0.05700827891856691,0.1465272
30,siglip,stop sign,SMLn,M,0.21358324999999997,0.9636435000000001,0.93294395,0.05340579920684929,0.1465272
30,siglip,stop sign,SMLn,S,0.65197765,0.7464256,0.49454955,0.028361177419550243,0.1465272
30,siglip,stop sign,SMLn,SML=,0.34034315,0.9019599666666667,0.80618405,0.12602381399715,0.1465272
30,siglip,stop sign,SMLn,SMLn,0.3138134735948804,0.9150731234835838,0.8327137264051195,0.1300793553301164,0.1465272
30,siglip,surfboard,L,L,0.2057387,0.99811935,1.0,0.04039147664156274,0.2057387
30,siglip,surfboard,L,M,0.2057387,0.99833255,1.0,0.04270196204281982,0.2057387
30,siglip,surfboard,L,S,0.2057387,0.9977421,1.0,0.04308277760379448,0.2057387
30,siglip,surfboard,L,SML=,0.2057387,0.9980646666666667,1.0,0.11606530510892221,0.2057387
30,siglip,surfboard,L,SMLn,0.2057387,0.9981755179003852,1.0,0.11606530510892221,0.2057387
30,siglip,surfboard,M,L,0.1433123,0.9968616499999999,0.9978491999999999,0.05831943041962122,0.1411615
30,siglip,surfboard,M,M,0.1441869,0.9975768,0.9969746,0.06123897250821699,0.1411615
30,siglip,surfboard,M,S,0.1411615,0.9977075,1.0,0.0628081628747541,0.1411615
30,siglip,surfboard,M,SML=,0.14288689999999998,0.9973819833333334,0.9982746,0.1617309687856669,0.1411615
30,siglip,surfboard,M,SMLn,0.1434329921849202,0.9974340855806274,0.9977285078150798,0.16164032403960832,0.1411615
30,siglip,surfboard,S,L,0.11357965,0.9950544000000001,0.9919357,0.07820687722772832,0.10551535000000001
30,siglip,surfboard,S,M,0.11156390000000001,0.99703125,0.99395145,0.08194602930603939,0.10551535000000001
30,siglip,surfboard,S,S,0.10655699999999999,0.99849385,0.99895835,0.08334897864068619,0.10551535000000001
30,siglip,surfboard,S,SML=,0.11056685,0.9968598333333333,0.9949484999999999,0.20736280083206124,0.10551535000000001
30,siglip,surfboard,S,SMLn,0.11112244804623003,0.9968370737479362,0.9943929019537701,0.2072437154242924,0.10551535000000001
30,siglip,surfboard,SML=,L,0.21465445,0.9976737,0.99891305,0.0389168801039536,0.2135675
30,siglip,surfboard,SML=,M,0.2135675,0.99846225,1.0,0.04121684540970628,0.2135675
30,siglip,surfboard,SML=,S,0.2135675,0.99807895,1.0,0.04183224868945169,0.2135675
30,siglip,surfboard,SML=,SML=,0.2139298166666667,0.9980716333333332,0.9996376833333332,0.11247742442864592,0.2135675
30,siglip,surfboard,SML=,SMLn,0.21382054339570722,0.998208954843148,0.9997469566042929,0.11248768844939523,0.2135675
30,siglip,surfboard,SMLn,L,0.22243635,0.99706335,0.99891305,0.03944336781844006,0.22134939999999997
30,siglip,surfboard,SMLn,M,0.22231095,0.9980504,0.9990384499999999,0.04183367844240209,0.22134939999999997
30,siglip,surfboard,SMLn,S,0.22134939999999997,0.99760575,1.0,0.042927738982133624,0.22134939999999997
30,siglip,surfboard,SMLn,SML=,0.22203223333333333,0.9975731666666666,0.9993171666666667,0.11410968456035556,0.22134939999999997
30,siglip,surfboard,SMLn,SMLn,0.22216524384975234,0.9977397346312603,0.9991841561502477,0.11409306567690025,0.22134939999999997
30,siglip,tennis racket,L,L,0.10171335,0.99971075,1.0,0.1018777283285025,0.10171335
30,siglip,tennis racket,L,M,0.11130935,0.9925936,0.9904040000000001,0.10292601840550711,0.10171335
30,siglip,tennis racket,L,S,0.10775539999999999,0.9984291000000001,0.9939579500000001,0.10420411326269152,0.10171335
30,siglip,tennis racket,L,SML=,0.10692603333333332,0.9969111500000001,0.9947873166666668,0.2463455193792731,0.10171335
30,siglip,tennis racket,L,SMLn,0.10961723493535694,0.9942550769533447,0.992096115064643,0.24596580659236705,0.10171335
30,siglip,tennis racket,M,L,0.10857245,0.9993803,1.0,0.08614531763706983,0.10857245
30,siglip,tennis racket,M,M,0.11816845000000001,0.9923318,0.9904040000000001,0.08440247359638967,0.10857245
30,siglip,tennis racket,M,S,0.10973524999999999,0.9992881499999999,0.9988372,0.08809582112263128,0.10857245
30,siglip,tennis racket,M,SML=,0.11215871666666666,0.9970000833333332,0.9964137333333334,0.2151458475627815,0.10857245
30,siglip,tennis racket,M,SMLn,0.11585648642495786,0.9941267916245081,0.9927159635750421,0.21451594333216217,0.10857245
30,siglip,tennis racket,S,L,0.09879940000000001,0.9983692,0.98926245,0.1787068966830538,0.08806185
30,siglip,tennis racket,S,M,0.09765785,0.99445705,0.9904040000000001,0.17984444691215012,0.08806185
30,siglip,tennis racket,S,S,0.09304825,0.9993408,0.9950136,0.18017771447966552,0.08806185
30,siglip,tennis racket,S,SML=,0.09650183333333333,0.9973890166666666,0.9915600166666667,0.32652264672570286,0.08806185
30,siglip,tennis racket,S,SMLn,0.09721984376053963,0.9955832568577854,0.9908420062394603,0.3267321720155131,0.08806185
30,siglip,tennis racket,SML=,L,0.14547895,0.9995857499999999,1.0,0.06379875448626289,0.14547895
30,siglip,tennis racket,SML=,M,0.15507495,0.9919950500000001,0.9904040000000001,0.06459420664318602,0.14547895
30,siglip,tennis racket,SML=,S,0.1476033,0.9986826000000001,0.9978756499999999,0.06503084021239218,0.14547895
30,siglip,tennis racket,SML=,SML=,0.14938573333333333,0.9967544666666666,0.9960932166666666,0.168033506187421,0.14547895
30,siglip,tennis racket,SML=,SMLn,0.15288513948847665,0.9938259928330524,0.9925938105115233,0.16752515107006125,0.14547895
30,siglip,tennis racket,SMLn,L,0.14499875,0.9994756499999999,1.0,0.05985659332849417,0.14499875
30,siglip,tennis racket,SMLn,M,0.15459475,0.9921832500000001,0.9904040000000001,0.06021650077673903,0.14499875
30,siglip,tennis racket,SMLn,S,0.14499875,0.9991812,1.0,0.06144199681430277,0.14499875
30,siglip,tennis racket,SMLn,SML=,0.14819741666666666,0.9969467,0.9968013333333333,0.16106170492057992,0.14499875
30,siglip,tennis racket,SMLn,SMLn,0.15213506703204047,0.9940150592748737,0.9928636829679596,0.16048287853792986,0.14499875
30,siglip,tie,L,L,0.19105945,0.9890165,0.98275125,0.050546626614802304,0.1738107
30,siglip,tie,L,M,0.19211825,0.9824640499999999,0.98169245,0.052630879939619304,0.1738107
30,siglip,tie,L,S,0.51530145,0.8146049,0.65850925,0.03436208559703702,0.1738107
30,siglip,tie,L,SML=,0.29949305000000004,0.9286951499999999,0.8743176500000001,0.12466521232657823,0.1738107
30,siglip,tie,L,SMLn,0.29242233828144776,0.9311811031511009,0.8813883617185523,0.12562508762526023,0.1738107
30,siglip,tie,M,L,0.20923905,0.9911137999999999,0.9876479,0.04281912721998236,0.19688695
30,siglip,tie,M,M,0.1999838,0.9899636,0.99690315,0.04434439502505401,0.19688695
30,siglip,tie,M,S,0.4656439,0.83411285,0.73124305,0.03270864644515171,0.19688695
30,siglip,tie,M,SML=,0.29162224999999997,0.9383967499999999,0.9052647,0.11060038491083239,0.19688695
30,siglip,tie,M,SMLn,0.28380850685902304,0.9416800733485193,0.9130784431409771,0.11151842486198811,0.19688695
30,siglip,tie,S,L,0.6043154000000001,0.7922078499999999,0.7437954,0.01779392543831673,0.3481108
30,siglip,tie,S,M,0.54531555,0.85669095,0.80279525,0.019402095716585667,0.3481108
30,siglip,tie,S,S,0.71984145,0.71085005,0.62826935,0.015613143310436358,0.3481108
30,siglip,tie,S,SML=,0.6231574833333333,0.7865829333333333,0.7249533166666666,0.05055269524582234,0.3481108
30,siglip,tie,S,SMLn,0.6075634981776765,0.802614618476335,0.7405473018223235,0.05155232549051817,0.3481108
30,siglip,tie,SML=,L,0.23725025,0.9883526,0.9838319999999999,0.038253162981720275,0.22108224999999998
30,siglip,tie,SML=,M,0.23570570000000002,0.9826409500000001,0.98537655,0.039280388810811535,0.22108224999999998
30,siglip,tie,SML=,S,0.53066045,0.80559705,0.6904218,0.027517402664172425,0.22108224999999998
30,siglip,tie,SML=,SML=,0.33453879999999997,0.9255302000000001,0.8865434499999999,0.0977769406175806,0.22108224999999998
30,siglip,tie,SML=,SMLn,0.32758935269552014,0.9283892504808909,0.89349289730448,0.09852437756251878,0.22108224999999998
30,siglip,tie,SMLn,L,0.24702799999999997,0.99008485,0.9829781000000001,0.03756459159561632,0.2300061
30,siglip,tie,SMLn,M,0.2358263,0.98687555,0.9941798000000001,0.03924291867206453,0.2300061
30,siglip,tie,SMLn,S,0.5143415,0.8171836499999999,0.7156646,0.027852927098006484,0.2300061
30,siglip,tie,SMLn,SML=,0.3323986,0.93138135,0.8976075,0.09738441753758746,0.2300061
30,siglip,tie,SMLn,SMLn,0.3239105259681093,0.9345694329663375,0.9060955740318907,0.09832867225737976,0.2300061
30,siglip,toothbrush,L,L,0.2143134,0.9968199,1.0,0.04149828932583785,0.2143134
30,siglip,toothbrush,L,M,0.3297254,0.9141785499999999,0.8845879999999999,0.035329697869686885,0.2143134
30,siglip,toothbrush,L,S,0.39199345,0.8670261,0.82231995,0.03290291966524638,0.2143134
30,siglip,toothbrush,L,SML=,0.31201075,0.9260081833333332,0.90230265,0.10155913970164103,0.2143134
30,siglip,toothbrush,L,SMLn,0.3353728654807692,0.9091431453846154,0.8789405345192307,0.09896752040179327,0.2143134
30,siglip,toothbrush,M,L,0.31355465,0.99575485,1.0,0.029020329781485017,0.31355465
30,siglip,toothbrush,M,M,0.3413434,0.9603596,0.97221125,0.02694561003740209,0.31355465
30,siglip,toothbrush,M,S,0.373803,0.9199105,0.93975165,0.026211804693967684,0.31355465
30,siglip,toothbrush,M,SML=,0.34290034999999996,0.9586749833333332,0.9706543,0.07760076785412809,0.31355465
30,siglip,toothbrush,M,SMLn,0.3494547718269231,0.9503740935576923,0.9640998781730769,0.07701934671290846,0.31355465
30,siglip,toothbrush,S,L,0.3011872,0.95874385,0.97244805,0.030788367260576932,0.27363525
30,siglip,toothbrush,S,M,0.31648565,0.9516735000000001,0.9571495999999999,0.02922620728006111,0.27363525
30,siglip,toothbrush,S,S,0.34060524999999997,0.9238408,0.9330299999999999,0.028870220446655437,0.27363525
30,siglip,toothbrush,S,SML=,0.3194260333333333,0.9447527166666665,0.9542092166666667,0.08365517558449258,0.27363525
30,siglip,toothbrush,S,SMLn,0.32336693509615383,0.9420436275961539,0.9502683149038461,0.083316814024855,0.27363525
30,siglip,toothbrush,SML=,L,0.26677445,0.9954712000000001,0.9937004500000001,0.03809389218185968,0.2604749
30,siglip,toothbrush,SML=,M,0.34956675000000004,0.925761,0.91090815,0.03349027431711788,0.2604749
30,siglip,toothbrush,SML=,S,0.382601,0.8909708000000001,0.8778739,0.03267617497699752,0.2604749
30,siglip,toothbrush,SML=,SML=,0.33298073333333333,0.937401,0.9274941666666667,0.09539189617720038,0.2604749
30,siglip,toothbrush,SML=,SMLn,0.34912083336538463,0.9234400700000001,0.9113540666346154,0.09354898125844634,0.2604749
30,siglip,toothbrush,SMLn,L,0.28088655,0.99711675,0.9989796,0.03290402737445793,0.27986615000000004
30,siglip,toothbrush,SMLn,M,0.34615114999999996,0.9375823499999999,0.933715,0.029504061083336246,0.27986615000000004
30,siglip,toothbrush,SMLn,S,0.37622755,0.90124695,0.9036386000000001,0.028913020035396926,0.27986615000000004
30,siglip,toothbrush,SMLn,SML=,0.33442175,0.9453153499999999,0.9454444000000001,0.08549981323247548,0.27986615000000004
30,siglip,toothbrush,SMLn,SMLn,0.3473596011538461,0.9330399265384616,0.9325065488461538,0.08428884347323837,0.27986615000000004
30,siglip,traffic light,L,L,0.19362485000000002,0.9927225,0.9894793,0.04495904053039726,0.18310415
30,siglip,traffic light,L,M,0.21883115000000003,0.9640129999999999,0.964273,0.044849424971138904,0.18310415
30,siglip,traffic light,L,S,0.33728045,0.8998965,0.8458237000000001,0.03861570535244825,0.18310415
30,siglip,traffic light,L,SML=,0.24991214999999997,0.9522106666666665,0.933192,0.11786204768011846,0.18310415
30,siglip,traffic light,L,SMLn,0.28756737751445083,0.9275132552601155,0.8955367724855492,0.11334029722588483,0.18310415
30,siglip,traffic light,M,L,0.19376015,0.99137265,0.9884048,0.04552717990901523,0.18216495
30,siglip,traffic light,M,M,0.21827685,0.96325015,0.9638880999999999,0.04530515716246723,0.18216495
30,siglip,traffic light,M,S,0.36019045,0.8817176,0.8219744999999999,0.03836392030247669,0.18216495
30,siglip,traffic light,M,SML=,0.25740915,0.9454467999999998,0.9247558,0.11839855777445907,0.18216495
30,siglip,traffic light,M,SMLn,0.3008961634566474,0.9164423505433525,0.8812687865433526,0.11308938116603726,0.18216495
30,siglip,traffic light,S,L,0.51587435,0.80035675,0.7875718,0.023221756574852932,0.30344614999999997
30,siglip,traffic light,S,M,0.47319950000000005,0.8499643499999999,0.83024665,0.02458546629229217,0.30344614999999997
30,siglip,traffic light,S,S,0.5521219,0.8053321,0.7513242499999999,0.02134281371255451,0.30344614999999997
30,siglip,traffic light,S,SML=,0.5137319166666667,0.8185510666666665,0.7897142333333333,0.06549484076450646,0.30344614999999997
30,siglip,traffic light,S,SMLn,0.5217895304624277,0.8212900200462429,0.7816566195375723,0.06449829772580581,0.30344614999999997
30,siglip,traffic light,SML=,L,0.21493825000000003,0.9925452,0.99415035,0.04052584789759707,0.2090886
30,siglip,traffic light,SML=,M,0.2386854,0.9650226500000001,0.9704032,0.04090436688812784,0.2090886
30,siglip,traffic light,SML=,S,0.34238650000000004,0.90239525,0.8667021,0.03570620997930514,0.2090886
30,siglip,traffic light,SML=,SML=,0.26533671666666664,0.9533210333333333,0.9437518833333334,0.10813534187117564,0.2090886
30,siglip,traffic light,SML=,SMLn,0.29878441430057806,0.9293461934566475,0.9103041856994218,0.10439122185072922,0.2090886
30,siglip,traffic light,SMLn,L,0.22356949999999998,0.9906909,0.9950469500000001,0.04068390961972647,0.21861645
30,siglip,traffic light,SMLn,M,0.2557949,0.9644963499999999,0.9628215499999999,0.03930905336690486,0.21861645
30,siglip,traffic light,SMLn,S,0.3691249,0.88936785,0.84949155,0.0338858145796536,0.21861645
30,siglip,traffic light,SMLn,SML=,0.2828297666666667,0.9481850333333333,0.9357866833333333,0.10504374967009197,0.21861645
30,siglip,traffic light,SMLn,SMLn,0.32117980954913294,0.9213782998612716,0.897436640450867,0.10036721364353632,0.21861645
30,siglip,tv,L,L,0.3037172,0.97311265,0.9832015999999999,0.030724244550923475,0.2869188
30,siglip,tv,L,M,0.45740480000000006,0.8463347999999999,0.829514,0.024922511426465795,0.2869188
30,siglip,tv,L,S,0.85148165,0.5905636,0.43543715,0.013082631000014078,0.2869188
30,siglip,tv,L,SML=,0.5375345499999999,0.8033370166666666,0.7493842500000001,0.06522034419403197,0.2869188
30,siglip,tv,L,SMLn,0.4151304699538397,0.8837083096097356,0.8717883300461603,0.07594621362323437,0.2869188
30,siglip,tv,M,L,0.3224454,0.9328518499999999,0.9507545500000001,0.03032873380662407,0.27319995
30,siglip,tv,M,M,0.3684212,0.9077301500000001,0.90477875,0.027925363368101287,0.27319995
30,siglip,tv,M,S,0.55068995,0.7978875999999999,0.72251,0.02270155197497329,0.27319995
30,siglip,tv,M,SML=,0.4138521833333333,0.8794898666666666,0.8593477666666667,0.07655130949321665,0.27319995
30,siglip,tv,M,SMLn,0.3580982086865296,0.9130008801300882,0.9151017413134704,0.08155718523081913,0.27319995
30,siglip,tv,S,L,0.6614293499999999,0.7828377,0.7688368000000001,0.014456438023960235,0.4302661
30,siglip,tv,S,M,0.6381109,0.7992152,0.7921551,0.015302152347171114,0.4302661
30,siglip,tv,S,S,0.7994630500000001,0.6414055999999999,0.6308032,0.012725882633743763,0.4302661
30,siglip,tv,S,SML=,0.69966785,0.7411529166666666,0.73059835,0.04118646829502394,0.4302661
30,siglip,tv,S,SMLn,0.6525059597985732,0.7874996168904742,0.7777602902014268,0.04356217768176228,0.4302661
30,siglip,tv,SML=,L,0.33363995,0.9730113499999999,0.9836128000000001,0.02739591768436192,0.31725275000000003
30,siglip,tv,SML=,M,0.44524299999999994,0.8832433500000001,0.8720097499999999,0.023453819106757336,0.31725275000000003
30,siglip,tv,SML=,S,0.6886273,0.6996528,0.62862545,0.017574392946713497,0.31725275000000003
30,siglip,tv,SML=,SML=,0.48917008333333334,0.8519691666666667,0.8280826666666666,0.06520965814759558,0.31725275000000003
30,siglip,tv,SML=,SMLn,0.4130007750734369,0.9096168207091901,0.9042519749265632,0.07098769615060459,0.31725275000000003
30,siglip,tv,SMLn,L,0.32313725,0.97592235,0.9844734,0.028410281126975405,0.30761065
30,siglip,tv,SMLn,M,0.42645334999999995,0.8886554499999999,0.8811572999999999,0.024461584175928593,0.30761065
30,siglip,tv,SMLn,S,0.70314255,0.69030815,0.6044681,0.016961637325689966,0.30761065
30,siglip,tv,SMLn,SML=,0.4842443833333333,0.85162865,0.8233662666666668,0.0665007150271922,0.30761065
30,siglip,tv,SMLn,SMLn,0.3984593792068821,0.9135769508812421,0.909151270793118,0.07353545094258444,0.30761065
30,siglip,umbrella,L,L,0.3191126,0.9593133500000001,0.96230105,0.031131710843697685,0.28141365
30,siglip,umbrella,L,M,0.5133280499999999,0.83081365,0.7680855999999999,0.02460447268982463,0.28141365
30,siglip,umbrella,L,S,0.6087128500000001,0.75793865,0.6727008,0.02096850897360312,0.28141365
30,siglip,umbrella,L,SML=,0.4803845,0.8493552166666666,0.80102915,0.07238183069256443,0.28141365
30,siglip,umbrella,L,SMLn,0.4444747407125604,0.8752490037922704,0.8369389092874396,0.07567818499405055,0.28141365
30,siglip,umbrella,M,L,0.32271045,0.9562196500000001,0.9666001,0.030139560410359385,0.28931055
30,siglip,umbrella,M,M,0.42571565,0.8874204499999999,0.8635949,0.026714880114395552,0.28931055
30,siglip,umbrella,M,S,0.44682225000000003,0.85369175,0.8424883,0.02569349563718379,0.28931055
30,siglip,umbrella,M,SML=,0.39841611666666665,0.8991106166666667,0.8908944333333334,0.07792342871489824,0.28931055
30,siglip,umbrella,M,SMLn,0.38581559922705316,0.9118181086231884,0.9034949507729468,0.07897006389088682,0.28931055
30,siglip,umbrella,S,L,0.8824685499999999,0.57875535,0.40538394999999994,0.011481265435280196,0.28785249999999996
30,siglip,umbrella,S,M,0.79431275,0.6412416000000001,0.49353980000000003,0.014747251954273335,0.28785249999999996
30,siglip,umbrella,S,S,0.7615696,0.6741182,0.5262829,0.01566666224260286,0.28785249999999996
30,siglip,umbrella,S,SML=,0.8127836333333333,0.6313717666666666,0.4750689166666667,0.040225560749979426,0.28785249999999996
30,siglip,umbrella,S,SMLn,0.8267765084782608,0.6193399350241545,0.4610760415217391,0.03873583853869048,0.28785249999999996
30,siglip,umbrella,SML=,L,0.34176345,0.9669575,0.9800361000000001,0.027640887675374214,0.32179955000000005
30,siglip,umbrella,SML=,M,0.49587634999999997,0.85383525,0.8259232000000001,0.02299957526820281,0.32179955000000005
30,siglip,umbrella,SML=,S,0.5450165,0.7956889,0.7767830499999999,0.021460256498824277,0.32179955000000005
30,siglip,umbrella,SML=,SML=,0.4608854333333333,0.8721605499999999,0.8609141166666667,0.06840963045593097,0.32179955000000005
30,siglip,umbrella,SML=,SMLn,0.4381941104710145,0.893642358937198,0.8836054395289855,0.07015451786159585,0.32179955000000005
30,siglip,umbrella,SMLn,L,0.33254090000000003,0.96437565,0.97406155,0.02881478910366077,0.30660245
30,siglip,umbrella,SMLn,M,0.48439015,0.8513244999999999,0.8222123,0.023902180654438693,0.30660245
30,siglip,umbrella,SMLn,S,0.58634065,0.77701735,0.7202618000000001,0.020644788265547873,0.30660245
30,siglip,umbrella,SMLn,SML=,0.4677572333333333,0.8642391666666667,0.8388452166666667,0.06948198874604272,0.30660245
30,siglip,umbrella,SMLn,SMLn,0.4336971338768116,0.8892481980434782,0.8729053161231883,0.0722799074073642,0.30660245
30,siglip,vase or potted plant,L,L,0.42459915,0.9417861500000001,0.9591041499999999,0.02297201929427114,0.38370329999999997
30,siglip,vase or potted plant,L,M,0.5469883,0.8141605000000001,0.8367150000000001,0.019434711068046652,0.38370329999999997
30,siglip,vase or potted plant,L,S,0.62754365,0.7534391,0.7561596500000001,0.01794758027946495,0.38370329999999997
30,siglip,vase or potted plant,L,SML=,0.5330437,0.8364619166666666,0.8506596,0.05773595902069014,0.38370329999999997
30,siglip,vase or potted plant,L,SMLn,0.5253915880412817,0.8404515636330832,0.8583117119587182,0.05827158754340558,0.38370329999999997
30,siglip,vase or potted plant,M,L,0.41941274999999995,0.94098375,0.9462210000000001,0.023592056146299865,0.36563375
30,siglip,vase or potted plant,M,M,0.5529514499999999,0.8153793,0.8126823,0.019617355920392633,0.36563375
30,siglip,vase or potted plant,M,S,0.6280466,0.75047815,0.73758715,0.018172170967294125,0.36563375
30,siglip,vase or potted plant,M,SML=,0.5334702666666666,0.8356137333333333,0.8321634833333332,0.058644975686945225,0.36563375
30,siglip,vase or potted plant,M,SMLn,0.5273145226905311,0.8404213375505197,0.8383192273094687,0.05909968370263983,0.36563375
30,siglip,vase or potted plant,S,L,0.43154170000000003,0.96367705,0.99494545,0.02091965,0.42648715
30,siglip,vase or potted plant,S,M,0.5557069,0.8434671,0.8707801999999999,0.01771125,0.42648715
30,siglip,vase or potted plant,S,S,0.6067752,0.7613293999999999,0.81971185,0.01712015,0.42648715
30,siglip,vase or potted plant,S,SML=,0.5313413,0.85615775,0.8951459500000001,0.053623699999999996,0.42648715
30,siglip,vase or potted plant,S,SMLn,0.52883205,0.86419065,0.8976552,0.05376380000000001,0.42648715
30,siglip,vase or potted plant,SML=,L,0.41489355000000006,0.9403235999999999,0.9513735999999999,0.023771726640511862,0.36626715
30,siglip,vase or potted plant,SML=,M,0.5473765,0.8071444,0.8188906499999999,0.01965840414698162,0.36626715
30,siglip,vase or potted plant,SML=,S,0.62909315,0.7435901,0.737174,0.01815358477427185,0.36626715
30,siglip,vase or potted plant,SML=,SML=,0.5304544,0.8303526999999999,0.83581275,0.05885386326305501,0.36626715
30,siglip,vase or potted plant,SML=,SMLn,0.5231107691036374,0.8345486272806004,0.8431563808963626,0.05936675785496206,0.36626715
30,siglip,vase or potted plant,SMLn,L,0.41034255000000003,0.94126195,0.9494929000000001,0.024014543377150744,0.35983545
30,siglip,vase or potted plant,SMLn,M,0.5376957499999999,0.8136841499999999,0.8221396999999999,0.020053814954731998,0.35983545
30,siglip,vase or potted plant,SMLn,S,0.6213770000000001,0.74869975,0.73845845,0.01856803808623611,0.35983545
30,siglip,vase or potted plant,SMLn,SML=,0.5231384333333333,0.8345486166666666,0.8366970166666666,0.059824526450988846,0.35983545
30,siglip,vase or potted plant,SMLn,SMLn,0.5152001866772518,0.8392712702367205,0.8446352633227482,0.06038702182558024,0.35983545
150,siglip,airplane,L,L,0.0809222,0.9996309999999999,0.9990740499999999,0.10833998684166941,0.07999625
150,siglip,airplane,L,M,0.08772615,0.9983074999999999,0.9922701,0.10543789433877851,0.07999625
150,siglip,airplane,L,S,0.17382595,0.9630216,0.9061703,0.09599318187408926,0.07999625
150,siglip,airplane,L,SML=,0.1141581,0.9869866999999999,0.9658381500000001,0.25281187518549353,0.07999625
150,siglip,airplane,L,SMLn,0.08716425666449935,0.9974224101105331,0.9928319933355005,0.2591793881128801,0.07999625
150,siglip,airplane,M,L,0.0875312,0.9990976,0.9977767,0.09941299380653665,0.0853079
150,siglip,airplane,M,M,0.08630789999999999,0.9989872,0.999,0.09742966683854795,0.0853079
150,siglip,airplane,M,S,0.16237995,0.9748906500000001,0.92292795,0.09165379900034598,0.0853079
150,siglip,airplane,M,SML=,0.11207301666666666,0.9909918166666666,0.9732348833333333,0.23886758790633236,0.0853079
150,siglip,airplane,M,SMLn,0.09131988207087126,0.997778690913524,0.9939880179291288,0.24331737801264572,0.0853079
150,siglip,airplane,S,L,0.15401,0.99343235,0.9913669500000001,0.05965183182960152,0.14537695
150,siglip,airplane,S,M,0.15676115,0.9945991,0.9886158,0.0584997506290799,0.14537695
150,siglip,airplane,S,S,0.22844899999999999,0.95901245,0.91692795,0.05366597315495425,0.14537695
150,siglip,airplane,S,SML=,0.17974004999999998,0.9823479666666666,0.9656369,0.15300625137434704,0.14537695
150,siglip,airplane,S,SMLn,0.15851189835825746,0.9918018549577374,0.9868650516417425,0.15619125011534296,0.14537695
150,siglip,airplane,SML=,L,0.11527075,0.9969184500000001,0.9933398999999999,0.081474487200092,0.10861065
150,siglip,airplane,SML=,M,0.11282080000000001,0.99804315,0.9957898500000001,0.0793023921892492,0.10861065
150,siglip,airplane,SML=,S,0.18102105,0.9702165,0.9275895999999999,0.07417102454014565,0.10861065
150,siglip,airplane,SML=,SML=,0.13637086666666667,0.9883927,0.9722397833333334,0.20047441094950003,0.10861065
150,siglip,airplane,SML=,SMLn,0.11834447495123537,0.995694175796489,0.9902661750487646,0.20386486914985585,0.10861065
150,siglip,airplane,SMLn,L,0.09024245,0.99901915,0.9979870999999999,0.1056200445874601,0.08822955
150,siglip,airplane,SMLn,M,0.09312375,0.99821875,0.9951057999999999,0.10478649196686478,0.08822955
150,siglip,airplane,SMLn,S,0.16363495,0.9666532,0.9245946,0.09533890428350161,0.08822955
150,siglip,airplane,SMLn,SML=,0.11566705,0.9879636999999999,0.9725625000000001,0.24588831827635418,0.08822955
150,siglip,airplane,SMLn,SMLn,0.09471228816644993,0.99713494670026,0.9935172618335499,0.25076334672409584,0.08822955
150,siglip,apple,L,L,0.10269805000000001,0.9973357999999999,0.99895835,0.08907327621745581,0.10165640000000001
150,siglip,apple,L,M,0.19608965,0.9658982500000001,0.90556675,0.08008332987128049,0.10165640000000001
150,siglip,apple,L,S,,,,,0.10165640000000001
150,siglip,apple,L,SML=,0.14939385,0.981617025,0.95226255,0.1542311206746373,0.10165640000000001
150,siglip,apple,L,SMLn,0.16616106776061776,0.9759728316602316,0.9354953322393822,0.1514745476936703,0.10165640000000001
150,siglip,apple,M,L,0.1789327,0.99599095,0.999,0.049550112261631224,0.1779327
150,siglip,apple,M,M,0.23429175,0.9606756000000001,0.94364095,0.046198775934208715,0.1779327
150,siglip,apple,M,S,,,,,0.1779327
150,siglip,apple,M,SML=,0.20661222499999998,0.978333275,0.971320475,0.09107375537101527,0.1779327
150,siglip,apple,M,SMLn,0.21655120501930503,0.9719928743243242,0.9613814949806949,0.09008281614534795,0.1779327
150,siglip,apple,SML=,L,0.14551245,0.9970515000000001,0.9980195999999999,0.06364940316285858,0.14353205
150,siglip,apple,SML=,M,0.22774735000000002,0.9584255,0.9157847,0.05741683496221846,0.14353205
150,siglip,apple,SML=,S,,,,,0.14353205
150,siglip,apple,SML=,SML=,0.18662990000000002,0.9777385000000001,0.95690215,0.11306464673324645,0.14353205
150,siglip,apple,SML=,SMLn,0.20139408088803087,0.9708037162162162,0.9421379691119691,0.11113822448084318,0.14353205
150,siglip,apple,SMLn,L,0.1606613,0.9969946000000001,0.9990384499999999,0.0551818088491703,0.15969975
150,siglip,apple,SMLn,M,0.21756235,0.9649682500000001,0.9421374,0.051599969297175786,0.15969975
150,siglip,apple,SMLn,S,,,,,0.15969975
150,siglip,apple,SMLn,SML=,0.18911182499999998,0.9809814250000001,0.970587925,0.1010174409429517,0.15969975
150,siglip,apple,SMLn,SMLn,0.19932765057915058,0.9752315204633204,0.9603720994208494,0.09996008986754407,0.15969975
150,siglip,bag or luggage,L,L,0.2999281,0.9425954000000001,0.9002414999999999,0.04163439920497767,0.2001696
150,siglip,bag or luggage,L,M,0.5468852500000001,0.78572335,0.6532843500000001,0.031463189631354666,0.2001696
150,siglip,bag or luggage,L,S,0.8434967999999999,0.6362721,0.3566728,0.016777503574156707,0.2001696
150,siglip,bag or luggage,L,SML=,0.5634367166666666,0.7881969499999999,0.6367328833333333,0.0835966531325352,0.2001696
150,siglip,bag or luggage,L,SMLn,0.5864311448665545,0.771086009569608,0.6137384551334455,0.08059680054008435,0.2001696
150,siglip,bag or luggage,M,L,0.40910719999999995,0.89665905,0.8885780999999999,0.02688030754751102,0.29768530000000004
150,siglip,bag or luggage,M,M,0.46645729999999996,0.8518089,0.831228,0.026065938477688722,0.29768530000000004
150,siglip,bag or luggage,M,S,0.5871766,0.7718103000000001,0.7105087,0.02214715473945248,0.29768530000000004
150,siglip,bag or luggage,M,SML=,0.4875803666666666,0.8400927499999999,0.8101049333333334,0.07107508480525193,0.29768530000000004
150,siglip,bag or luggage,M,SMLn,0.4895882278432316,0.8375963412839627,0.8080970721567684,0.07086656414897925,0.29768530000000004
150,siglip,bag or luggage,S,L,0.9177849,0.5292453,0.30810105,0.008503675757795807,0.22588594999999997
150,siglip,bag or luggage,S,M,0.77399295,0.7163378,0.451893,0.013990295101958103,0.22588594999999997
150,siglip,bag or luggage,S,S,0.7573514,0.72902085,0.46853455000000005,0.014336493705218358,0.22588594999999997
150,siglip,bag or luggage,S,SML=,0.8163764333333333,0.6582013,0.4095095166666667,0.034866290297172566,0.22588594999999997
150,siglip,bag or luggage,S,SMLn,0.7929563972709787,0.6892504371723972,0.43292955272902145,0.03708209332780156,0.22588594999999997
150,siglip,bag or luggage,SML=,L,0.36425494999999997,0.93447095,0.9107243500000001,0.02978736420550095,0.2749793
150,siglip,bag or luggage,SML=,M,0.5623461,0.7926623,0.7126332,0.024362509477100308,0.2749793
150,siglip,bag or luggage,SML=,S,0.72679485,0.6881136999999999,0.54818445,0.018576009982422568,0.2749793
150,siglip,bag or luggage,SML=,SML=,0.5511319666666666,0.8050823166666665,0.7238473333333333,0.06900091912973366,0.2749793
150,siglip,bag or luggage,SML=,SMLn,0.5742990578143784,0.7876506100024044,0.7006802421856215,0.06688032193689204,0.2749793
150,siglip,bag or luggage,SMLn,L,0.34978635,0.9324769500000001,0.92640765,0.03027513453562051,0.276194
150,siglip,bag or luggage,SMLn,M,0.52527525,0.8042909500000001,0.7509187500000001,0.025294778075920166,0.276194
150,siglip,bag or luggage,SMLn,S,0.72942425,0.6818983000000001,0.5467697499999999,0.018224376659956527,0.276194
150,siglip,bag or luggage,SMLn,SML=,0.5348286166666666,0.8062220666666666,0.7413653833333333,0.06997094248624448,0.276194
150,siglip,bag or luggage,SMLn,SMLn,0.5515943788290454,0.7922574642221688,0.7245996211709546,0.06829180703055235,0.276194
150,siglip,banana,L,L,0.11525425,0.99568125,0.9915008000000001,0.08064000982140976,0.10675505
150,siglip,banana,L,M,0.24194585000000002,0.9387091,0.8648092000000001,0.07612416589516549,0.10675505
150,siglip,banana,L,S,,,,,0.10675505
150,siglip,banana,L,SML=,0.17860005,0.967195175,0.928155,0.1444204385177001,0.10675505
150,siglip,banana,L,SMLn,0.16979317998324958,0.9711555505862647,0.9369618700167504,0.1457082290022768,0.10675505
150,siglip,banana,M,L,0.22572899999999999,0.9936441,0.99567475,0.0369985331810868,0.22140374999999998
150,siglip,banana,M,M,0.3063173,0.93999485,0.9150864500000001,0.0367363042782616,0.22140374999999998
150,siglip,banana,M,S,,,,,0.22140374999999998
150,siglip,banana,M,SML=,0.26602315,0.966819475,0.9553806,0.07109831741111027,0.22140374999999998
150,siglip,banana,M,SMLn,0.2604211157453936,0.9705488617252931,0.9609826342546064,0.07151751640562161,0.22140374999999998
150,siglip,banana,SML=,L,0.1816803,0.9936830999999999,0.9927524999999999,0.046841342138788086,0.1744328
150,siglip,banana,SML=,M,0.2878689,0.9332370000000001,0.8865639,0.04488651215186828,0.1744328
150,siglip,banana,SML=,S,,,,,0.1744328
150,siglip,banana,SML=,SML=,0.2347746,0.9634600499999999,0.9396582,0.08767335014501047,0.1744328
150,siglip,banana,SML=,SMLn,0.22739298040201006,0.9676619145728642,0.94703981959799,0.08834871855642115,0.1744328
150,siglip,banana,SMLn,L,0.15709535,0.9944449499999999,0.9906401499999999,0.05614637578364194,0.1477355
150,siglip,banana,SMLn,M,0.27603255,0.9317422000000001,0.8717029500000001,0.05319417627656953,0.1477355
150,siglip,banana,SMLn,S,,,,,0.1477355
150,siglip,banana,SMLn,SML=,0.21656395,0.963093575,0.93117155,0.10338632873484652,0.1477355
150,siglip,banana,SMLn,SMLn,0.2082961211892797,0.9674523088777219,0.9394393788107204,0.10427916996709459,0.1477355
150,siglip,baseball bat,L,L,0.09516965,0.9988502499999999,0.99585185,0.09400358432558958,0.0910215
150,siglip,baseball bat,L,M,0.0931554,0.99844505,0.9978661000000001,0.09645043333672912,0.0910215
150,siglip,baseball bat,L,S,0.11857329999999999,0.9847311,0.9724482,0.09567145391593228,0.0910215
150,siglip,baseball bat,L,SML=,0.10229945,0.9940087999999999,0.98872205,0.23588919674237027,0.0910215
150,siglip,baseball bat,L,SMLn,0.09953551436538462,0.9951375798846154,0.9914859856346153,0.23649590603692747,0.0910215
150,siglip,baseball bat,M,L,0.07926795,0.9979247000000001,0.9877959000000001,0.12894181004152716,0.06706385000000001
150,siglip,baseball bat,M,M,0.0693586,0.9991820499999999,0.9977052499999999,0.13209201368071138,0.06706385000000001
150,siglip,baseball bat,M,S,0.09780459999999999,0.98588855,0.96925925,0.12915943178718786,0.06706385000000001
150,siglip,baseball bat,M,SML=,0.08214371666666667,0.9943317666666666,0.9849201333333333,0.29974447009517596,0.06706385000000001
150,siglip,baseball bat,M,SMLn,0.07719070048076923,0.9958268360576923,0.9898731495192308,0.30121396485625124,0.06706385000000001
150,siglip,baseball bat,S,L,0.1018519,0.99331265,0.97395195,0.10230910429971307,0.07580384999999999
150,siglip,baseball bat,S,M,0.08874744999999999,0.9957482499999999,0.9870564,0.10766375230141141,0.07580384999999999
150,siglip,baseball bat,S,S,0.10745095,0.9812552,0.9683529,0.10707364137763713,0.07580384999999999
150,siglip,baseball bat,S,SML=,0.0993501,0.9901053666666666,0.9764537499999999,0.2586458701676888,0.07580384999999999
150,siglip,baseball bat,S,SMLn,0.09449266721153846,0.9919940347307692,0.9813111827884615,0.2598180323668071,0.07580384999999999
150,siglip,baseball bat,SML=,L,0.09214615000000001,0.9983172,0.9982544000000001,0.09301271110815068,0.09040055
150,siglip,baseball bat,SML=,M,0.09243090000000001,0.99863405,0.9979696499999999,0.09550742740446327,0.09040055
150,siglip,baseball bat,SML=,S,0.1181889,0.9843567500000001,0.97221165,0.09267196641836153,0.09040055
150,siglip,baseball bat,SML=,SML=,0.10092198333333333,0.9937693333333332,0.9894785666666668,0.23373183932062216,0.09040055
150,siglip,baseball bat,SML=,SMLn,0.09868615221153845,0.9951239469423078,0.9917143977884615,0.2342370110935172,0.09040055
150,siglip,baseball bat,SMLn,L,0.10216594999999999,0.9978728,0.9950146999999999,0.09436151766626528,0.09718065000000001
150,siglip,baseball bat,SMLn,M,0.09718065000000001,0.99907185,1.0,0.09920860759763458,0.09718065000000001
150,siglip,baseball bat,SMLn,S,0.12097115,0.98453185,0.9762095000000001,0.09588628503593091,0.09718065000000001
150,siglip,baseball bat,SMLn,SML=,0.10677258333333332,0.9938255,0.9904080666666667,0.23398314716850632,0.09718065000000001
150,siglip,baseball bat,SMLn,SMLn,0.10343246634615384,0.99541795125,0.9937481836538462,0.23471379182743055,0.09718065000000001
150,siglip,bench,L,L,0.36454495000000003,0.9127369,0.87499235,0.03070158127222885,0.2395373
150,siglip,bench,L,M,0.71909985,0.6952782,0.52043745,0.019104641570431354,0.2395373
150,siglip,bench,L,S,0.83717425,0.638273,0.40236305000000006,0.01489396629577712,0.2395373
150,siglip,bench,L,SML=,0.6402730166666666,0.7487627,0.5992642833333334,0.06163143542157847,0.2395373
150,siglip,bench,L,SMLn,0.6015677235136998,0.770046666310529,0.6379695764863003,0.0654164517384225,0.2395373
150,siglip,bench,M,L,0.3721505,0.90672035,0.88920665,0.029622701900031474,0.26135715
150,siglip,bench,M,M,0.6976909,0.70308095,0.56366625,0.01959129945629695,0.26135715
150,siglip,bench,M,S,0.7111068,0.6890938,0.55025035,0.019020458699741605,0.26135715
150,siglip,bench,M,SML=,0.5936494,0.7662983666666666,0.66770775,0.06468412343164517,0.26135715
150,siglip,bench,M,SMLn,0.5732429859900051,0.7799546399017749,0.6881141640099948,0.06667698167695219,0.26135715
150,siglip,bench,S,L,0.9390025999999999,0.5510255,0.31451275,0.006937478243978087,0.2535154
150,siglip,bench,S,M,0.9388999,0.57634165,0.3146155,0.008810842702988533,0.2535154
150,siglip,bench,S,S,0.8522251000000001,0.62459695,0.4012903,0.011851928302462683,0.2535154
150,siglip,bench,S,SML=,0.9100425166666666,0.5839880166666667,0.34347283333333334,0.026697746731200678,0.2535154
150,siglip,bench,S,SMLn,0.9238543324573497,0.5748808940031018,0.3296611175426504,0.025056492233959882,0.2535154
150,siglip,bench,SML=,L,0.3818845,0.911848,0.8728534,0.029791894960346853,0.25473789999999996
150,siglip,bench,SML=,M,0.6747820499999999,0.7177545000000001,0.5799558499999999,0.02078900216821552,0.25473789999999996
150,siglip,bench,SML=,S,0.77633375,0.6581892,0.47840415,0.01684839760547551,0.25473789999999996
150,siglip,bench,SML=,SML=,0.6110000999999999,0.7625972333333333,0.6437378,0.06394475958035747,0.25473789999999996
150,siglip,bench,SML=,SMLn,0.578386867163536,0.7829777219541617,0.6763510328364639,0.06720275312746156,0.25473789999999996
150,siglip,bench,SMLn,L,0.3781155,0.9131411500000001,0.88577565,0.028317401424386036,0.26389114999999996
150,siglip,bench,SMLn,M,0.7211993,0.69237645,0.54269185,0.01811596695973973,0.26389114999999996
150,siglip,bench,SMLn,S,0.8067137499999999,0.6413577,0.45717739999999996,0.0154088509647582,0.26389114999999996
150,siglip,bench,SMLn,SML=,0.63534285,0.7489584333333333,0.6285483000000001,0.05910301413710832,0.26389114999999996
150,siglip,bench,SMLn,SMLn,0.602467645080131,0.7694743794330519,0.661423504919869,0.06209943541139423,0.26389114999999996
150,siglip,bicycle,L,L,0.18772605,0.98965145,0.9823826500000001,0.05371919572000065,0.1701087
150,siglip,bicycle,L,M,0.3934994,0.8766198,0.7766093,0.04239576178034619,0.1701087
150,siglip,bicycle,L,S,0.6346908,0.7520347000000001,0.5354179,0.02797662459758505,0.1701087
150,siglip,bicycle,L,SML=,0.40530541666666664,0.8727686499999999,0.7648032833333334,0.11241620951071049,0.1701087
150,siglip,bicycle,L,SMLn,0.36882628031774056,0.8915699470138276,0.8012824196822594,0.11757452196679925,0.1701087
150,siglip,bicycle,M,L,0.277474,0.96610505,0.9661858000000001,0.03504840492291618,0.2436598
150,siglip,bicycle,M,M,0.35388390000000003,0.9136535,0.8897759000000001,0.032083399790964945,0.2436598
150,siglip,bicycle,M,S,0.39844535,0.8776802,0.84521445,0.029717969954111224,0.2436598
150,siglip,bicycle,M,SML=,0.34326775,0.91914625,0.90039205,0.09050657265097338,0.2436598
150,siglip,bicycle,M,SMLn,0.3367652246984407,0.9244526086496029,0.9068945753015593,0.0911345970679257,0.2436598
150,siglip,bicycle,S,L,0.54623705,0.7842848499999999,0.68634595,0.02584693496737277,0.23258299999999998
150,siglip,bicycle,S,M,0.5161851000000001,0.80778085,0.7163979,0.026690397532654925,0.23258299999999998
150,siglip,bicycle,S,S,0.4544917,0.8438670500000001,0.7780913,0.028286100366283547,0.23258299999999998
150,siglip,bicycle,S,SML=,0.50563795,0.8119775833333331,0.7269450500000001,0.07600984944995123,0.23258299999999998
150,siglip,bicycle,S,SMLn,0.5151083230067667,0.806474658237717,0.7174746769932333,0.07506197746425827,0.23258299999999998
150,siglip,bicycle,SML=,L,0.26489029999999997,0.9824132499999999,0.98344315,0.03508427327172407,0.24833344999999998
150,siglip,bicycle,SML=,M,0.39700875,0.89098465,0.8513246999999999,0.030277926292694785,0.24833344999999998
150,siglip,bicycle,SML=,S,0.5122389,0.81264045,0.73609455,0.025571912904921733,0.24833344999999998
150,siglip,bicycle,SML=,SML=,0.3913793166666667,0.8953461166666665,0.8569541333333334,0.08501543522520702,0.24833344999999998
150,siglip,bicycle,SML=,SMLn,0.37416014857310975,0.9070434140482494,0.8741733014268902,0.08662081568226085,0.24833344999999998
150,siglip,bicycle,SMLn,L,0.24820145,0.9807686,0.98340105,0.037684468967801796,0.2316025
150,siglip,bicycle,SMLn,M,0.38222795,0.8892075500000001,0.84937455,0.032358870436403245,0.2316025
150,siglip,bicycle,SMLn,S,0.54518695,0.7951602999999999,0.68641555,0.025279088415314344,0.2316025
150,siglip,bicycle,SMLn,SML=,0.39187211666666666,0.8883788166666665,0.8397303833333334,0.0888895273695488,0.2316025
150,siglip,bicycle,SMLn,SMLn,0.3671943786554869,0.902533084083554,0.8644081213445132,0.09143526349403402,0.2316025
150,siglip,bird,L,L,0.11351789999999999,0.9930885500000001,0.9839327499999999,0.08524368394993123,0.09745065
150,siglip,bird,L,M,0.21132175000000003,0.9554819999999999,0.8861288999999999,0.07811652918528109,0.09745065
150,siglip,bird,L,S,0.72204435,0.6903509999999999,0.37540629999999997,0.03356357977891937,0.09745065
150,siglip,bird,L,SML=,0.34896133333333335,0.8796405166666666,0.7484893166666666,0.1705049448363209,0.09745065
150,siglip,bird,L,SMLn,0.32787547637936176,0.8904480561139279,0.7695751736206382,0.17493824015337595,0.09745065
150,siglip,bird,M,L,0.25125425,0.98124655,0.9839478500000001,0.036532644225210124,0.23520210000000003
150,siglip,bird,M,M,0.3426364,0.9331932500000001,0.8925656999999999,0.033608462924718,0.23520210000000003
150,siglip,bird,M,S,0.68119615,0.7255624,0.55400595,0.020842969195358614,0.23520210000000003
150,siglip,bird,M,SML=,0.4250289333333333,0.8800007333333333,0.8101731666666666,0.08511048240077806,0.23520210000000003
150,siglip,bird,M,SMLn,0.4107712924992544,0.8886604247092157,0.8244308075007456,0.08655860310569435,0.23520210000000003
150,siglip,bird,S,L,0.34324564999999996,0.9030839500000001,0.8780001000000001,0.03415108943818518,0.22124575000000002
150,siglip,bird,S,M,0.40910915000000003,0.87456595,0.8121366,0.032032702038119504,0.22124575000000002
150,siglip,bird,S,S,0.64130515,0.7377350500000001,0.5799406,0.022478712691321026,0.22124575000000002
150,siglip,bird,S,SML=,0.46455331666666666,0.83846165,0.7566924333333334,0.08297595217041107,0.22124575000000002
150,siglip,bird,S,SMLn,0.45474131239188786,0.8441352868923353,0.7665044376081122,0.08405677924830605,0.22124575000000002
150,siglip,bird,SML=,L,0.24044335,0.9848222,0.9838585999999999,0.03847848476365637,0.22430195
150,siglip,bird,SML=,M,0.3184731,0.93427955,0.90582885,0.03555559625024816,0.22430195
150,siglip,bird,SML=,S,0.6903537500000001,0.71340415,0.5339482,0.02067588812090038,0.22430195
150,siglip,bird,SML=,SML=,0.41642339999999994,0.8775019666666667,0.8078785500000001,0.08830438240693256,0.22430195
150,siglip,bird,SML=,SMLn,0.4009980087831792,0.8867079815687445,0.8233039412168207,0.08995255213357398,0.22430195
150,siglip,bird,SMLn,L,0.24255814999999997,0.98586775,0.98196915,0.039349621835330514,0.2245273
150,siglip,bird,SMLn,M,0.3254304,0.93795705,0.8990969,0.03626092708554769,0.2245273
150,siglip,bird,SMLn,S,0.72658505,0.6948293,0.49794225000000003,0.019581932225307536,0.2245273
150,siglip,bird,SMLn,SML=,0.43152453333333335,0.8728847,0.7930027666666667,0.08859829547522585,0.2245273
150,siglip,bird,SMLn,SMLn,0.41489857198031616,0.8829367922010141,0.8096287280196839,0.09043052888651598,0.2245273
150,siglip,boat,L,L,0.21370165000000002,0.9876270999999999,0.97932835,0.04096042141121973,0.19302999999999998
150,siglip,boat,L,M,0.27996530000000003,0.9520848,0.9130647,0.03997015327693086,0.19302999999999998
150,siglip,boat,L,S,0.31039685,0.92058035,0.88263315,0.03929479555907595,0.19302999999999998
150,siglip,boat,L,SML=,0.2680212666666667,0.9534307499999999,0.9250087333333333,0.11102166918280162,0.19302999999999998
150,siglip,boat,L,SMLn,0.25692218398599176,0.9617427354186564,0.9361078160140084,0.11232433667802821,0.19302999999999998
150,siglip,boat,M,L,0.2284281,0.9862096499999999,0.98280655,0.03781334390561652,0.21123465000000002
150,siglip,boat,M,M,0.26204299999999997,0.9603377500000001,0.94919165,0.03831084563005229,0.21123465000000002
150,siglip,boat,M,S,0.27839995,0.9393418,0.9328347000000001,0.0383625682876669,0.21123465000000002
150,siglip,boat,M,SML=,0.25629035,0.9619630666666665,0.9549443,0.1061460388517341,0.21123465000000002
150,siglip,boat,M,SMLn,0.25051706397644063,0.9677126169372811,0.9607175860235595,0.10673750421730513,0.21123465000000002
150,siglip,boat,S,L,0.25596025,0.96360975,0.96101645,0.0362093847288074,0.21697669999999997
150,siglip,boat,S,M,0.28283145,0.95183445,0.93414525,0.03685524032275301,0.21697669999999997
150,siglip,boat,S,S,0.26569265,0.9495175,0.9512840499999999,0.038024082065599235,0.21697669999999997
150,siglip,boat,S,SML=,0.26816145,0.9549872333333334,0.94881525,0.10311989601825307,0.21697669999999997
150,siglip,boat,S,SMLn,0.2682406069563833,0.9564793734797835,0.9487360930436166,0.10310470908344105,0.21697669999999997
150,siglip,boat,SML=,L,0.22790080000000001,0.98545125,0.9796419999999999,0.03937188033068602,0.2075428
150,siglip,boat,SML=,M,0.27978420000000004,0.9570678499999999,0.9277586,0.03941077593801647,0.2075428
150,siglip,boat,SML=,S,0.2644167,0.94456785,0.9431261,0.040394618161009935,0.2075428
150,siglip,boat,SML=,SML=,0.25736723333333333,0.9623623166666666,0.9501755666666666,0.1098925196865957,0.2075428
150,siglip,boat,SML=,SMLn,0.2547663269977714,0.9670333726361031,0.9527764730022286,0.11013236023788091,0.2075428
150,siglip,boat,SMLn,L,0.23893309999999998,0.9848810499999999,0.9759569000000001,0.03728068395867934,0.21488999999999997
150,siglip,boat,SMLn,M,0.28657835,0.9551302500000001,0.92831165,0.036962530458740706,0.21488999999999997
150,siglip,boat,SMLn,S,0.2810187,0.94268895,0.9338713000000001,0.037993595918252715,0.21488999999999997
150,siglip,boat,SMLn,SML=,0.26884338333333335,0.9609000833333333,0.9460466166666667,0.10408744299612145,0.21488999999999997
150,siglip,boat,SMLn,SMLn,0.265126173432028,0.9656934918019738,0.949763826567972,0.10442900729646283,0.21488999999999997
150,siglip,book,L,L,0.2506516,0.96942615,0.96740195,0.03838285822108002,0.21805354999999998
150,siglip,book,L,M,0.63515415,0.743598,0.5828994,0.02396313245506821,0.21805354999999998
150,siglip,book,L,S,0.7294439500000001,0.676642,0.48860960000000003,0.0195106771078562,0.21805354999999998
150,siglip,book,L,SML=,0.5384165666666666,0.7965553833333333,0.6796369833333333,0.07699002569673477,0.21805354999999998
150,siglip,book,L,SMLn,0.6161115713024492,0.7511685767229923,0.6019419786975508,0.06839557485953858,0.21805354999999998
150,siglip,book,M,L,0.46667414999999995,0.84385055,0.79614105,0.026197822936134506,0.2628152
150,siglip,book,M,M,0.46698005,0.8468274499999999,0.79583515,0.027020230671373335,0.2628152
150,siglip,book,M,S,0.49651579999999995,0.8157719999999999,0.7662994000000001,0.025373015808513165,0.2628152
150,siglip,book,M,SML=,0.47672333333333333,0.8354833333333334,0.7860918666666666,0.07414365253969683,0.2628152
150,siglip,book,M,SMLn,0.4761605427662806,0.8367587540820202,0.7866546572337194,0.07418529260140784,0.2628152
150,siglip,book,S,L,0.8255181,0.6237704,0.44628945,0.014754676650478558,0.27180755
150,siglip,book,S,M,0.6723276499999999,0.714035,0.5994799000000001,0.020500438500350767,0.27180755
150,siglip,book,S,S,0.57609685,0.7696155499999999,0.6957107,0.02324602470319701,0.27180755
150,siglip,book,S,SML=,0.6913142166666667,0.7024736333333333,0.5804933333333333,0.0554790420574368,0.27180755
150,siglip,book,S,SMLn,0.661603313546611,0.7200039839851908,0.6102042364533891,0.0582853507877133,0.27180755
150,siglip,book,SML=,L,0.26394354999999997,0.9581367000000001,0.9478063000000001,0.03922331231758704,0.21174985
150,siglip,book,SML=,M,0.5260034499999999,0.80250965,0.6857464,0.028679435567860817,0.21174985
150,siglip,book,SML=,S,0.5691328,0.7656053,0.64261705,0.026244675061896438,0.21174985
150,siglip,book,SML=,SML=,0.4530266,0.8420838833333333,0.75872325,0.08792389731544278,0.21174985
150,siglip,book,SML=,SMLn,0.5064281467533701,0.8106102024587052,0.7053217032466299,0.0815263929364031,0.21174985
150,siglip,book,SMLn,L,0.27802804999999997,0.9574351,0.9705368999999999,0.034922710165145296,0.24856495
150,siglip,book,SMLn,M,0.47222569999999997,0.8308443000000001,0.77633925,0.02843982161906255,0.24856495
150,siglip,book,SMLn,S,0.5454084,0.7825364,0.70315655,0.02498846566946592,0.24856495
150,siglip,book,SMLn,SML=,0.4318873833333333,0.8569386,0.8166775666666666,0.0831941872817368,0.24856495
150,siglip,book,SMLn,SMLn,0.47058626943231446,0.8317248968483006,0.7779786805676856,0.07897846969883195,0.24856495
150,siglip,bottle,L,L,0.32094185,0.94355145,0.9245822499999999,0.03418987360716157,0.2455241
150,siglip,bottle,L,M,0.61842635,0.7616861,0.62709775,0.0225521900195867,0.2455241
150,siglip,bottle,L,S,0.9131973499999999,0.5622133,0.33232675,0.010880154788737637,0.2455241
150,siglip,bottle,L,SML=,0.6175218499999999,0.75581695,0.62800225,0.0635509050594755,0.2455241
150,siglip,bottle,L,SMLn,0.7103884375098548,0.6980403171978826,0.5351356624901452,0.053699582098056295,0.2455241
150,siglip,bottle,M,L,0.38568405,0.8956221,0.9161263500000001,0.02740442089437528,0.30181040000000003
150,siglip,bottle,M,M,0.46467545,0.8536059500000001,0.8371349499999999,0.024737913799011486,0.30181040000000003
150,siglip,bottle,M,S,0.6280964499999999,0.76065485,0.67371395,0.01878108082141599,0.30181040000000003
150,siglip,bottle,M,SML=,0.49281864999999997,0.8366276333333333,0.80899175,0.06726401063932871,0.30181040000000003
150,siglip,bottle,M,SMLn,0.5219114245016331,0.8208391709370426,0.779898975498367,0.06462285630954802,0.30181040000000003
150,siglip,bottle,S,L,0.50242215,0.83441235,0.79080205,0.024037187296099116,0.2932242
150,siglip,bottle,S,M,0.5851265,0.77810415,0.7080976999999999,0.021796497244983122,0.2932242
150,siglip,bottle,S,S,0.6756147,0.7089097,0.6176095,0.018304462775621772,0.2932242
150,siglip,bottle,S,SML=,0.5877211,0.7738087499999999,0.70550315,0.06083491017793554,0.2932242
150,siglip,bottle,S,SMLn,0.6139837449543868,0.7555331434789954,0.6792404550456133,0.05881769985768973,0.2932242
150,siglip,bottle,SML=,L,0.3268171,0.93612465,0.94446775,0.031231845444475076,0.27128484999999997
150,siglip,bottle,SML=,M,0.56559385,0.7849339,0.7056910000000001,0.0229303823200452,0.27128484999999997
150,siglip,bottle,SML=,S,0.8308878500000001,0.6201797499999999,0.44039700000000004,0.013487575684707584,0.27128484999999997
150,siglip,bottle,SML=,SML=,0.5744329333333333,0.7804127666666666,0.6968519166666667,0.06384349413069464,0.27128484999999997
150,siglip,bottle,SML=,SMLn,0.6504667284209934,0.7324370561211848,0.6208181215790066,0.05655168899848382,0.27128484999999997
150,siglip,bottle,SMLn,L,0.3770129,0.90761965,0.9147841,0.028164880621258992,0.291797
150,siglip,bottle,SMLn,M,0.5002654,0.8307673,0.7915316,0.02411007601242774,0.291797
150,siglip,bottle,SMLn,S,0.7120301,0.70046195,0.5797669,0.016670485127918022,0.291797
150,siglip,bottle,SMLn,SML=,0.5297694666666667,0.8129496333333333,0.7620275333333334,0.06524834283580813,0.291797
150,siglip,bottle,SMLn,SMLn,0.572912960355896,0.7861385929834441,0.7188840396441041,0.061477046419363246,0.291797
150,siglip,bowl,L,L,0.27669295,0.9429306499999999,0.92735005,0.04127456614619307,0.20404300000000003
150,siglip,bowl,L,M,0.48926369999999997,0.83429345,0.7147793,0.031356993279086684,0.20404300000000003
150,siglip,bowl,L,S,0.77511975,0.69191775,0.42892325,0.018194073693769706,0.20404300000000003
150,siglip,bowl,L,SML=,0.5136921333333333,0.8230472833333333,0.6903508666666667,0.08430772370674759,0.20404300000000003
150,siglip,bowl,L,SMLn,0.47842466335533407,0.840567973908944,0.725618336644666,0.08853108990528268,0.20404300000000003
150,siglip,bowl,M,L,0.36634575,0.89277,0.9096054,0.029342741118618378,0.27595115
150,siglip,bowl,M,M,0.41269005,0.87859385,0.8632611000000001,0.027688196188094,0.27595115
150,siglip,bowl,M,S,0.46773414999999996,0.84643195,0.808217,0.025574910848422016,0.27595115
150,siglip,bowl,M,SML=,0.4155899833333333,0.8725985999999999,0.8603611666666667,0.07791107412607874,0.27595115
150,siglip,bowl,M,SMLn,0.40888688468480605,0.8767248879849138,0.8670642653151941,0.07853198093900064,0.27595115
150,siglip,bowl,S,L,0.5860406,0.76691965,0.73164505,0.01952484594232378,0.31768575
150,siglip,bowl,S,M,0.55778595,0.7630945,0.7598998,0.020873011049489673,0.31768575
150,siglip,bowl,S,S,0.745796,0.6519787,0.5718896499999999,0.015756058561377854,0.31768575
150,siglip,bowl,S,SML=,0.6298741166666666,0.72733105,0.6878115333333333,0.05366590067138355,0.31768575
150,siglip,bowl,S,SMLn,0.603946856478987,0.7423205526939655,0.713738843521013,0.05565165209793869,0.31768575
150,siglip,bowl,SML=,L,0.3333882,0.9028762,0.8808502,0.03845261152155656,0.2142384
150,siglip,bowl,SML=,M,0.44756429999999997,0.8439427,0.7666741,0.03252332970242702,0.2142384
150,siglip,bowl,SML=,S,0.6663356,0.7356824000000001,0.5479027999999999,0.021634125870378145,0.2142384
150,siglip,bowl,SML=,SML=,0.4824293666666667,0.8275004333333333,0.7318090333333334,0.08567838763222789,0.2142384
150,siglip,bowl,SML=,SMLn,0.45465003549299565,0.8412076620554956,0.7595883645070043,0.08911719197221121,0.2142384
150,siglip,bowl,SMLn,L,0.3422892,0.9008233000000001,0.8900610500000001,0.03746795938679246,0.23235025
150,siglip,bowl,SMLn,M,0.44738449999999996,0.84660695,0.78496575,0.03156735868048617,0.23235025
150,siglip,bowl,SMLn,S,0.64092755,0.76112535,0.5914227000000001,0.02227743251186172,0.23235025
150,siglip,bowl,SMLn,SML=,0.47686708333333333,0.8361851999999999,0.7554831666666667,0.0849644474856571,0.23235025
150,siglip,bowl,SMLn,SMLn,0.4523576147966056,0.8468834609779095,0.7799926352033945,0.08787072958295883,0.23235025
150,siglip,bus,L,L,0.18941535,0.98847675,0.9843705,0.04778654273211861,0.17378585
150,siglip,bus,L,M,0.42092089999999993,0.8763477,0.75286495,0.03773210613459647,0.17378585
150,siglip,bus,L,S,0.5648004999999999,0.79743195,0.60898535,0.029455445830321676,0.17378585
150,siglip,bus,L,SML=,0.39171225,0.8874188000000001,0.7820736,0.10583533732529404,0.17378585
150,siglip,bus,L,SMLn,0.2706370891630382,0.948661766291727,0.9031487608369618,0.1219266805587168,0.17378585
150,siglip,bus,M,L,0.2549958,0.9803938499999999,0.9875315499999999,0.03445800496513829,0.24252734999999997
150,siglip,bus,M,M,0.3405007,0.92476415,0.90202665,0.032665240034950735,0.24252734999999997
150,siglip,bus,M,S,0.36865435,0.8874086,0.873873,0.030823894158228025,0.24252734999999997
150,siglip,bus,M,SML=,0.3213836166666667,0.9308555333333333,0.9211437333333332,0.09164281926299475,0.24252734999999997
150,siglip,bus,M,SMLn,0.28370702052491537,0.9607333089380745,0.9588203294750846,0.09526860188155792,0.24252734999999997
150,siglip,bus,S,L,0.36939384999999997,0.8895327999999999,0.8572772499999999,0.031970088051453585,0.2266711
150,siglip,bus,S,M,0.37770380000000003,0.89713245,0.8489673,0.032647583507022473,0.2266711
150,siglip,bus,S,S,0.4283417,0.85656585,0.7983294,0.030158202388086974,0.2266711
150,siglip,bus,S,SML=,0.3918131166666666,0.8810770333333332,0.8348579833333334,0.08853263781494167,0.2266711
150,siglip,bus,S,SMLn,0.37465228899371067,0.8898655655781326,0.8520188110062893,0.09030525574518723,0.2266711
150,siglip,bus,SML=,L,0.24205665,0.9796082,0.9771086,0.03807815493395818,0.21916525
150,siglip,bus,SML=,M,0.39834905000000004,0.8884155,0.8208162,0.032797756700590305,0.21916525
150,siglip,bus,SML=,S,0.4813534,0.8283327,0.73781185,0.02847387107993537,0.21916525
150,siglip,bus,SML=,SML=,0.37391969999999997,0.8987854666666666,0.8452455500000001,0.09264227531115003,0.21916525
150,siglip,bus,SML=,SMLn,0.29616243368408324,0.9474384818093855,0.9230028163159169,0.10134866819227648,0.21916525
150,siglip,bus,SMLn,L,0.21679135,0.98603295,0.9821354,0.042445840879458796,0.19892674999999999
150,siglip,bus,SMLn,M,0.42442874999999997,0.8737636999999999,0.774498,0.03432899658913312,0.19892674999999999
150,siglip,bus,SMLn,S,0.5350538499999999,0.8043360500000001,0.6638729,0.02854022016628644,0.19892674999999999
150,siglip,bus,SMLn,SML=,0.3920913166666667,0.8880442333333333,0.8068354333333334,0.09758971157687234,0.19892674999999999
150,siglip,bus,SMLn,SMLn,0.2886900533139816,0.9466621321601354,0.9102366966860185,0.10994317732073129,0.19892674999999999
150,siglip,cell phone,L,L,0.1168987,0.9941274,0.98907545,0.07746509382929415,0.10597415000000002
150,siglip,cell phone,L,M,0.30507985,0.91316245,0.8008943000000001,0.0655534808129676,0.10597415000000002
150,siglip,cell phone,L,S,0.6967969,0.74835765,0.40917725000000005,0.03245652301512527,0.10597415000000002
150,siglip,cell phone,L,SML=,0.37292515,0.8852158333333333,0.7330490000000001,0.15352919038840543,0.10597415000000002
150,siglip,cell phone,L,SMLn,0.4850148262722012,0.8376383377270006,0.6209593237277988,0.13130300752786547,0.10597415000000002
150,siglip,cell phone,M,L,0.2406398,0.9895058999999999,0.9954166499999999,0.035613306884226606,0.23605644999999997
150,siglip,cell phone,M,M,0.3562853,0.9117580000000001,0.8797711500000001,0.032548989070044144,0.23605644999999997
150,siglip,cell phone,M,S,0.5946374,0.77088175,0.64141905,0.022727682030334366,0.23605644999999997
150,siglip,cell phone,M,SML=,0.39718749999999997,0.8907152166666666,0.83886895,0.0851319690981055,0.23605644999999997
150,siglip,cell phone,M,SMLn,0.4656583369586909,0.8480514588904411,0.7703981130413091,0.07815866168125765,0.23605644999999997
150,siglip,cell phone,S,L,0.56928595,0.7779887999999999,0.69889995,0.021593945650897457,0.26818590000000003
150,siglip,cell phone,S,M,0.5528474,0.78930475,0.7153385,0.023074888707633967,0.26818590000000003
150,siglip,cell phone,S,S,0.5327408,0.8037672499999999,0.7354451,0.023183848331292244,0.26818590000000003
150,siglip,cell phone,S,SML=,0.5516247166666666,0.7903535999999999,0.7165611833333333,0.06435532306285008,0.26818590000000003
150,siglip,cell phone,S,SMLn,0.544287890480942,0.7955122335362204,0.723898009519058,0.06514368901567268,0.26818590000000003
150,siglip,cell phone,SML=,L,0.19693575000000002,0.9954732999999999,0.99780195,0.043131419839885166,0.19473769999999999
150,siglip,cell phone,SML=,M,0.29710264999999997,0.92409495,0.8976350500000001,0.03959733382070258,0.19473769999999999
150,siglip,cell phone,SML=,S,0.6222099,0.77008535,0.5725278,0.024501415941613203,0.19473769999999999
150,siglip,cell phone,SML=,SML=,0.3720827666666667,0.8965511999999999,0.8226549333333333,0.09909551632532035,0.19473769999999999
150,siglip,cell phone,SML=,SMLn,0.4520296465076831,0.8530905141189382,0.7427080534923169,0.08948267637235355,0.19473769999999999
150,siglip,cell phone,SMLn,L,0.21220080000000002,0.9940067000000001,0.99471685,0.041426103674621004,0.20691764999999998
150,siglip,cell phone,SMLn,M,0.32340969999999997,0.9177288000000001,0.88350795,0.03758092281760538,0.20691764999999998
150,siglip,cell phone,SMLn,S,0.61535895,0.75036695,0.5915587,0.02422984841727471,0.20691764999999998
150,siglip,cell phone,SMLn,SML=,0.3836564833333333,0.8873674833333333,0.8232611666666667,0.0955633525241946,0.20691764999999998
150,siglip,cell phone,SMLn,SMLn,0.4604143983636001,0.8404398611255239,0.7465032516364,0.08661122135449884,0.20691764999999998
150,siglip,chair,L,L,0.44182685,0.85829565,0.81659,0.028745135359350322,0.25841685000000003
150,siglip,chair,L,M,0.6246618500000001,0.74397145,0.6337550000000001,0.02270176724029257,0.25841685000000003
150,siglip,chair,L,S,0.9689501,0.54946325,0.28946675,0.00998982225150669,0.25841685000000003
150,siglip,chair,L,SML=,0.6784796,0.71724345,0.5799372500000001,0.05822366618657687,0.25841685000000003
150,siglip,chair,L,SMLn,0.5998579310552726,0.7612683922708208,0.6585589189447274,0.06609909775339605,0.25841685000000003
150,siglip,chair,M,L,0.7807750999999999,0.6378575,0.49996925000000003,0.01639813558627578,0.28074435
150,siglip,chair,M,M,0.7970360000000001,0.6234651999999999,0.48370835,0.016303581257318806,0.28074435
150,siglip,chair,M,S,0.9983453499999999,0.47389425,0.282399,0.009152591341435938,0.28074435
150,siglip,chair,M,SML=,0.8587188166666666,0.57840565,0.4220255333333334,0.04005864468350953,0.28074435
150,siglip,chair,M,SMLn,0.8095185768162073,0.6148786489926603,0.47122577318379266,0.04478938842651657,0.28074435
150,siglip,chair,S,L,0.3942571,0.9077973,0.95671875,0.0245988,0.35097565
150,siglip,chair,S,M,0.72293015,0.68210205,0.6280455500000001,0.0166048,0.35097565
150,siglip,chair,S,S,1.0876151,0.48439365,0.2633605,0.0068734500000000006,0.35097565
150,siglip,chair,S,SML=,0.73493415,0.6914311,0.6160416,0.0463026,0.35097565
150,siglip,chair,S,SMLn,0.6564644000000001,0.7322797000000001,0.69451145,0.0520375,0.35097565
150,siglip,chair,SML=,L,0.46544290000000005,0.8376284999999999,0.78382755,0.02857076370626093,0.24927044999999998
150,siglip,chair,SML=,M,0.61280725,0.75668545,0.6364632,0.02377103546331243,0.24927044999999998
150,siglip,chair,SML=,S,0.9725376499999999,0.5365857,0.2767328,0.009511519366886394,0.24927044999999998
150,siglip,chair,SML=,SML=,0.6835959333333333,0.7102998833333333,0.5656745166666667,0.05868333210245004,0.24927044999999998
150,siglip,chair,SML=,SMLn,0.5998921015840324,0.7618422812612342,0.6493783484159676,0.06758239748291026,0.24927044999999998
150,siglip,chair,SMLn,L,0.47244444999999996,0.8351577000000001,0.78241545,0.02800683595031871,0.2548599
150,siglip,chair,SMLn,M,0.6155271499999999,0.7438046,0.63933275,0.0236660670111926,0.2548599
150,siglip,chair,SMLn,S,0.977852,0.50971405,0.2770079,0.009771554987517365,0.2548599
150,siglip,chair,SMLn,SML=,0.6886078666666666,0.6962254499999999,0.5662520333333334,0.05839620858361052,0.2548599
150,siglip,chair,SMLn,SMLn,0.6041099480939185,0.7508566169674955,0.6507499519060815,0.06704197644736445,0.2548599
150,siglip,clock,L,L,0.1878908,0.99368275,0.9908474999999999,0.049303318131242564,0.1787383
150,siglip,clock,L,M,0.403897,0.87538075,0.7748413000000001,0.03923489630647706,0.1787383
150,siglip,clock,L,S,0.7616647999999999,0.6678374,0.4170735,0.020490080453445574,0.1787383
150,siglip,clock,L,SML=,0.4511508666666666,0.8456336333333333,0.7275874333333333,0.09928347870866223,0.1787383
150,siglip,clock,L,SMLn,0.5404600608444902,0.795390673738414,0.6382782391555099,0.08762716981271093,0.1787383
150,siglip,clock,M,L,0.28551935,0.99275345,0.9918279,0.03146401356588792,0.27734725
150,siglip,clock,M,M,0.41758924999999997,0.8921178,0.859758,0.02747169426149998,0.27734725
150,siglip,clock,M,S,0.6883517,0.70555305,0.58899555,0.018002269004998024,0.27734725
150,siglip,clock,M,SML=,0.46382009999999996,0.8634747666666666,0.81352715,0.07243251547518433,0.27734725
150,siglip,clock,M,SMLn,0.5243894708135942,0.8195864859320288,0.7529577791864057,0.06696565287244674,0.27734725
150,siglip,clock,S,L,0.25733775,0.9732466499999999,0.98170235,0.03525924972196183,0.23904009999999998
150,siglip,clock,S,M,0.47406380000000004,0.8323509,0.7649763,0.027878342355710746,0.23904009999999998
150,siglip,clock,S,S,0.69741965,0.6832019500000001,0.54162045,0.019129789698539235,0.23904009999999998
150,siglip,clock,S,SML=,0.4762737333333333,0.8295998333333333,0.7627663666666666,0.07727486135864844,0.23904009999999998
150,siglip,clock,S,SMLn,0.550332386838311,0.781001459938208,0.688707713161689,0.06988269211573972,0.23904009999999998
150,siglip,clock,SML=,L,0.24228204999999997,0.99417095,0.9917566000000001,0.03630243070990809,0.23403865000000001
150,siglip,clock,SML=,M,0.42216305,0.8788783,0.8118755999999999,0.029955248387463124,0.23403865000000001
150,siglip,clock,SML=,S,0.7222387,0.68586875,0.51179995,0.018230694118539247,0.23403865000000001
150,siglip,clock,SML=,SML=,0.46222793333333334,0.8529726666666667,0.7718107166666667,0.07921109639275864,0.23403865000000001
150,siglip,clock,SML=,SMLn,0.5368464621009268,0.8050688687332647,0.6971921878990732,0.07165309416847179,0.23403865000000001
150,siglip,clock,SMLn,L,0.2697821,0.99261775,0.9919080000000001,0.033237405433904445,0.2616901
150,siglip,clock,SMLn,M,0.42805375,0.8863296,0.8336363499999999,0.028237557566583936,0.2616901
150,siglip,clock,SMLn,S,0.69839775,0.69748425,0.56329235,0.018259428853258146,0.2616901
150,siglip,clock,SMLn,SML=,0.46541119999999997,0.8588105333333333,0.7962789,0.0750427570128975,0.2616901
150,siglip,clock,SMLn,SMLn,0.5317899828630278,0.8133971484449021,0.7299001171369721,0.06871942616528463,0.2616901
150,siglip,dining table,L,L,0.33482845,0.9241071999999999,0.9100737000000001,0.03433472438639531,0.24490215
150,siglip,dining table,L,M,0.3921274,0.8744593,0.85277475,0.030227992322004394,0.24490215
150,siglip,dining table,L,S,0.6843196500000001,0.7059247,0.5605825,0.02077474435102554,0.24490215
150,siglip,dining table,L,SML=,0.47042516666666667,0.8348303999999999,0.7744769833333334,0.08011540728417214,0.24490215
150,siglip,dining table,L,SMLn,0.353234242564061,0.9101838625608174,0.891667907435939,0.09179992658584038,0.24490215
150,siglip,dining table,M,L,0.46244240000000003,0.8416990999999999,0.7772044499999999,0.030177281025711357,0.23964685000000002
150,siglip,dining table,M,M,0.41587389999999996,0.8736891,0.8237729500000001,0.03045165845062698,0.23964685000000002
150,siglip,dining table,M,S,0.59903845,0.7562687,0.6406084,0.024090608428591693,0.23964685000000002
150,siglip,dining table,M,SML=,0.49245158333333333,0.8238856333333333,0.7471952666666667,0.07933532254443432,0.23964685000000002
150,siglip,dining table,M,SMLn,0.45754576828981514,0.8452638431073629,0.7821010817101849,0.08305028238321963,0.23964685000000002
150,siglip,dining table,S,L,0.72908045,0.6833021,0.479653,0.02059496582799573,0.20873345
150,siglip,dining table,S,M,0.5683982000000001,0.77270495,0.6403352499999999,0.02721836877954295,0.20873345
150,siglip,dining table,S,S,0.7183876,0.6841547,0.49034585,0.0206324297024231,0.20873345
150,siglip,dining table,S,SML=,0.6719554166666667,0.71338725,0.5367780333333333,0.06402211193967754,0.20873345
150,siglip,dining table,S,SMLn,0.700654451358255,0.6989962679127474,0.5080789986417451,0.060050656165063346,0.20873345
150,siglip,dining table,SML=,L,0.41167835,0.8759266,0.8393119,0.030961326262657997,0.25099024999999997
150,siglip,dining table,SML=,M,0.4398085500000001,0.8616412,0.8111817,0.028329765451756018,0.25099024999999997
150,siglip,dining table,SML=,S,0.7023406,0.70556145,0.54864965,0.019699949017168004,0.25099024999999997
150,siglip,dining table,SML=,SML=,0.5179425,0.8143764166666665,0.7330477500000001,0.07440732351286351,0.25099024999999997
150,siglip,dining table,SML=,SMLn,0.4235631096618554,0.8693467464442103,0.8274271403381446,0.08373208971950444,0.25099024999999997
150,siglip,dining table,SMLn,L,0.34517375,0.9107188,0.89625855,0.03440956309274758,0.2414323
150,siglip,dining table,SMLn,M,0.41289115,0.86569805,0.8285411500000001,0.029904944961537804,0.2414323
150,siglip,dining table,SMLn,S,0.70725375,0.7023813999999999,0.53417855,0.019871527470144024,0.2414323
150,siglip,dining table,SMLn,SML=,0.48843955,0.8262660833333333,0.75299275,0.07905279447310191,0.2414323
150,siglip,dining table,SMLn,SMLn,0.36570720919558874,0.8978421867580278,0.8757250908044112,0.09171226495764848,0.2414323
150,siglip,dog,L,L,0.2148016,0.9931424,0.9989361499999999,0.03858891318210213,0.21373775
150,siglip,dog,L,M,0.39816854999999995,0.87808075,0.8155692,0.031756257915065825,0.21373775
150,siglip,dog,L,S,0.9210554,0.5506662999999999,0.29268235000000004,0.011741956648610245,0.21373775
150,siglip,dog,L,SML=,0.51134185,0.8072964833333331,0.7023959000000001,0.07775614450774694,0.21373775
150,siglip,dog,L,SMLn,0.3242097028411584,0.9245360618582712,0.8895280471588416,0.09776947263465255,0.21373775
150,siglip,dog,M,L,0.2996668,0.98301285,0.98683725,0.028212117606990883,0.28650405
150,siglip,dog,M,M,0.3976226,0.91388315,0.8888814500000001,0.025797343911369685,0.28650405
150,siglip,dog,M,S,0.7204668,0.6917913,0.56603725,0.016936702312191375,0.28650405
150,siglip,dog,M,SML=,0.4725854,0.8628957666666667,0.8139186500000001,0.06774927126575694,0.28650405
150,siglip,dog,M,SMLn,0.36103465603334794,0.9400899316147433,0.9254693939666521,0.07688989596217316,0.28650405
150,siglip,dog,S,L,0.65497495,0.7635042000000001,0.5719655,0.022956872162938832,0.22694045
150,siglip,dog,S,M,0.5337985,0.8164127499999999,0.69314195,0.028224679007885563,0.22694045
150,siglip,dog,S,S,0.6140038,0.7797674,0.61293665,0.025064118707017892,0.22694045
150,siglip,dog,S,SML=,0.6009257499999999,0.78656145,0.6260147,0.07073713794134878,0.22694045
150,siglip,dog,S,SMLn,0.6112561958644143,0.7824837117924528,0.6156842541355858,0.06995053373387303,0.22694045
150,siglip,dog,SML=,L,0.24003710000000003,0.99313475,0.99920635,0.03618292463891611,0.23924345000000002
150,siglip,dog,SML=,M,0.37253585,0.9008661,0.8667076,0.03150980915248341,0.23924345000000002
150,siglip,dog,SML=,S,0.8182623,0.6251116999999999,0.42098114999999997,0.015383372805842219,0.23924345000000002
150,siglip,dog,SML=,SML=,0.4769450833333333,0.8397041833333333,0.7622983666666667,0.07845666492483132,0.23924345000000002
150,siglip,dog,SML=,SMLn,0.3236521690982887,0.9372328099056604,0.9155912809017114,0.09410324328343571,0.23924345000000002
150,siglip,dog,SMLn,L,0.2183778,0.9930296000000001,1.0,0.03776053260206368,0.2183778
150,siglip,dog,SMLn,M,0.37885055,0.8910016000000001,0.8395272500000001,0.03223495615545531,0.2183778
150,siglip,dog,SMLn,S,0.8951816499999999,0.5650201,0.32319615,0.012741225322594345,0.2183778
150,siglip,dog,SMLn,SML=,0.49747,0.8163504333333332,0.7209078,0.07851446889350414,0.2183778
150,siglip,dog,SMLn,SMLn,0.3180685603883282,0.9298009788942518,0.9003092396116719,0.09739260245729339,0.2183778
150,siglip,enclosed road vehicle,L,L,0.32916375000000003,0.9355821499999999,0.9224937499999999,0.03372988098983999,0.2516575
150,siglip,enclosed road vehicle,L,M,0.56654355,0.79286645,0.6851139500000001,0.024313983500464112,0.2516575
150,siglip,enclosed road vehicle,L,S,0.64433385,0.74064845,0.60732365,0.02294943848914263,0.2516575
150,siglip,enclosed road vehicle,L,SML=,0.5133470499999999,0.8230323499999999,0.73831045,0.07620428864555985,0.2516575
150,siglip,enclosed road vehicle,L,SMLn,0.5109105035784122,0.8252033725655064,0.7407469964215878,0.07641535709834983,0.2516575
150,siglip,enclosed road vehicle,M,L,0.4705214,0.84389975,0.8022646,0.0267770639007185,0.27278600000000003
150,siglip,enclosed road vehicle,M,M,0.42449455,0.8631100999999999,0.84829145,0.027646973374601792,0.27278600000000003
150,siglip,enclosed road vehicle,M,S,0.48308100000000004,0.83739355,0.789705,0.027184601541650644,0.27278600000000003
150,siglip,enclosed road vehicle,M,SML=,0.45936564999999996,0.8481344666666667,0.81342035,0.07703110436540404,0.27278600000000003
150,siglip,enclosed road vehicle,M,SMLn,0.45029205291357055,0.8520853475361753,0.8224939470864294,0.07783996037286407,0.27278600000000003
150,siglip,enclosed road vehicle,S,L,0.60924325,0.75301435,0.6664428499999999,0.022687942937417153,0.2756861
150,siglip,enclosed road vehicle,S,M,0.56707345,0.78471275,0.70861265,0.023853109604080172,0.2756861
150,siglip,enclosed road vehicle,S,S,0.59891235,0.76991185,0.6767738,0.02372155467798732,0.2756861
150,siglip,enclosed road vehicle,S,SML=,0.5917429999999999,0.7692129833333332,0.6839431,0.06626788723413728,0.2756861
150,siglip,enclosed road vehicle,S,SMLn,0.5862595364294094,0.7721515190262026,0.6894266135705905,0.0668787902147718,0.2756861
150,siglip,enclosed road vehicle,SML=,L,0.35075195,0.9178098,0.9044687,0.03219547771187831,0.25522065
150,siglip,enclosed road vehicle,SML=,M,0.52486355,0.8086460000000001,0.7303571,0.025382689937285492,0.25522065
150,siglip,enclosed road vehicle,SML=,S,0.5603308,0.7822471,0.69488985,0.025450726952816343,0.25522065
150,siglip,enclosed road vehicle,SML=,SML=,0.47864876666666667,0.8362342999999999,0.7765718833333334,0.07810533321613979,0.25522065
150,siglip,enclosed road vehicle,SML=,SMLn,0.479659211028549,0.8361400551818537,0.7755614389714509,0.07805178753057423,0.25522065
150,siglip,enclosed road vehicle,SMLn,L,0.36234535,0.9143737,0.89470155,0.03214922372575937,0.2570469
150,siglip,enclosed road vehicle,SMLn,M,0.5084313500000001,0.8171851,0.74861555,0.026163044249729723,0.2570469
150,siglip,enclosed road vehicle,SMLn,S,0.5561976,0.7945495499999999,0.7008493,0.025787646907154276,0.2570469
150,siglip,enclosed road vehicle,SMLn,SML=,0.4756581,0.8420361166666666,0.7813888,0.07912278576695926,0.2570469
150,siglip,enclosed road vehicle,SMLn,SMLn,0.47417245138834574,0.8418398127297614,0.7828744486116543,0.07934167562080105,0.2570469
150,siglip,fire hydrant,L,L,0.10280745,0.9993041,0.9980572000000001,0.08908614030905992,0.10086465
150,siglip,fire hydrant,L,M,0.2934108,0.9355230000000001,0.8074538499999999,0.07041883396741733,0.10086465
150,siglip,fire hydrant,L,S,0.7520189,0.73218665,0.34884575,0.02858887473098965,0.10086465
150,siglip,fire hydrant,L,SML=,0.3827457166666667,0.8890045833333332,0.7181189333333333,0.16197193463010798,0.10086465
150,siglip,fire hydrant,L,SMLn,0.3096299338350056,0.9197817670847268,0.7912347161649944,0.17788847672765482,0.10086465
150,siglip,fire hydrant,M,L,0.2590087,0.9984913000000001,1.0,0.03258308803486856,0.2590087
150,siglip,fire hydrant,M,M,0.29499825,0.95891645,0.96401045,0.03088101404949185,0.2590087
150,siglip,fire hydrant,M,S,0.41375185,0.87863025,0.84525685,0.02734065278021308,0.2590087
150,siglip,fire hydrant,M,SML=,0.3225862666666667,0.945346,0.9364224333333333,0.08540091380350885,0.2590087
150,siglip,fire hydrant,M,SMLn,0.30471135958751394,0.958637302173913,0.9542973404124862,0.08693359716944285,0.2590087
150,siglip,fire hydrant,S,L,0.4647945,0.8428955,0.8024041000000001,0.02517982847806729,0.2671986
150,siglip,fire hydrant,S,M,0.47604420000000003,0.83634495,0.7911544,0.024651062951506954,0.2671986
150,siglip,fire hydrant,S,S,0.38242539999999997,0.8908461000000001,0.8847732,0.027766073087942923,0.2671986
150,siglip,fire hydrant,S,SML=,0.4410880333333333,0.8566955166666667,0.8261105666666667,0.0734097406540243,0.2671986
150,siglip,fire hydrant,S,SMLn,0.4520434459308807,0.8503178227146042,0.8151551540691193,0.07240218271096718,0.2671986
150,siglip,fire hydrant,SML=,L,0.23393845,0.9972752500000001,0.99886365,0.03643683720653,0.2328021
150,siglip,fire hydrant,SML=,M,0.27878715,0.95054415,0.95401495,0.03422424674339074,0.2328021
150,siglip,fire hydrant,SML=,S,0.41069795000000003,0.8716326499999999,0.82210415,0.029545257872858516,0.2328021
150,siglip,fire hydrant,SML=,SML=,0.30780785,0.9398173499999999,0.9249942499999999,0.0935368338477642,0.2328021
150,siglip,fire hydrant,SML=,SMLn,0.2875668984949833,0.9535011441471571,0.9452352015050167,0.09548151930514126,0.2328021
150,siglip,fire hydrant,SMLn,L,0.22482030000000003,0.99859025,1.0,0.03720170519606036,0.22482030000000003
150,siglip,fire hydrant,SMLn,M,0.2796634,0.9484987,0.9451569000000001,0.03495049867223262,0.22482030000000003
150,siglip,fire hydrant,SMLn,S,0.48161105,0.8348788,0.74320925,0.02749920551116522,0.22482030000000003
150,siglip,fire hydrant,SMLn,SML=,0.32869825,0.9273225833333333,0.89612205,0.09307589388295581,0.22482030000000003
150,siglip,fire hydrant,SMLn,SMLn,0.2988042495819398,0.9456641203455964,0.9260160504180602,0.09605300833800264,0.22482030000000003
150,siglip,fork,L,L,0.1617609,0.9810491499999999,0.9913776999999999,0.05501754217543133,0.15313859999999999
150,siglip,fork,L,M,0.2340794,0.9385331499999999,0.9190592000000001,0.05285288059912345,0.15313859999999999
150,siglip,fork,L,S,0.46089895,0.8382809,0.6922396500000001,0.03693298828215659,0.15313859999999999
150,siglip,fork,L,SML=,0.28557975,0.9192877333333331,0.86755885,0.13064783418272735,0.15313859999999999
150,siglip,fork,L,SMLn,0.26918391838413813,0.9247963036957108,0.8839546816158619,0.13306516913261526,0.15313859999999999
150,siglip,fork,M,L,0.23371635,0.95539465,0.98441305,0.0386886212776165,0.21812939999999997
150,siglip,fork,M,M,0.2523588,0.95096285,0.9657705999999999,0.039180379873321645,0.21812939999999997
150,siglip,fork,M,S,0.3084556,0.92283535,0.9096738,0.03432981445880325,0.21812939999999997
150,siglip,fork,M,SML=,0.26484358333333335,0.9430642833333334,0.9532858166666667,0.10393246205432079,0.21812939999999997
150,siglip,fork,M,SMLn,0.2609132362422444,0.9458447808065822,0.9572161637577556,0.10440371659075842,0.21812939999999997
150,siglip,fork,S,L,0.39796225,0.86387555,0.8488669,0.029285321242157714,0.24682915
150,siglip,fork,S,M,0.3154859,0.9264436,0.93134325,0.03343859732368133,0.24682915
150,siglip,fork,S,S,0.3150502,0.9351677,0.93177895,0.03112546109772526,0.24682915
150,siglip,fork,S,SML=,0.34283278333333334,0.9084956166666667,0.9039963666666667,0.08795906241801507,0.24682915
150,siglip,fork,S,SMLn,0.3293005540733747,0.9177138179794981,0.9175285959266253,0.08924932474785661,0.24682915
150,siglip,fork,SML=,L,0.21197765,0.9710344,0.9942496999999999,0.04075569948026721,0.20622734999999998
150,siglip,fork,SML=,M,0.25153590000000003,0.9510837499999999,0.95469145,0.04087363164950171,0.20622734999999998
150,siglip,fork,SML=,S,0.32568965,0.9114018500000001,0.8805377,0.034897022767958176,0.20622734999999998
150,siglip,fork,SML=,SML=,0.26306773333333333,0.9445066666666666,0.9431596166666667,0.1075765221432726,0.20622734999999998
150,siglip,fork,SML=,SMLn,0.26032924839492855,0.9461727835985971,0.9458981016050714,0.10793072050137402,0.20622734999999998
150,siglip,fork,SMLn,L,0.22175715000000001,0.9670203,0.9918721500000001,0.040162860120084264,0.21362929999999997
150,siglip,fork,SMLn,M,0.25103415,0.9532714,0.96259515,0.0403468150454872,0.21362929999999997
150,siglip,fork,SMLn,S,0.3036851,0.9193579,0.9099442,0.035205706991554946,0.21362929999999997
150,siglip,fork,SMLn,SML=,0.25882546666666667,0.9465498666666665,0.9548038333333333,0.10692034785699737,0.21362929999999997
150,siglip,fork,SMLn,SMLn,0.25707705783652546,0.9485176711087131,0.9565522421634745,0.10718706533023314,0.21362929999999997
150,siglip,frisbee,L,L,0.15705425,0.9940054500000001,0.9948342,0.05387738206453374,0.15188845
150,siglip,frisbee,L,M,0.15921944999999998,0.9938911000000001,0.992669,0.054737452641240046,0.15188845
150,siglip,frisbee,L,S,0.21016970000000001,0.9660570500000001,0.94171875,0.05202864062508964,0.15188845
150,siglip,frisbee,L,SML=,0.17548113333333332,0.9846511999999998,0.9764073166666666,0.1444806276344715,0.15188845
150,siglip,frisbee,L,SMLn,0.18003087444836716,0.9824506464474846,0.9718575755516328,0.14383041077843958,0.15188845
150,siglip,frisbee,M,L,0.18182955,0.9758972,0.9819224,0.04876416828547164,0.16375195
150,siglip,frisbee,M,M,0.16901095,0.99149975,0.994741,0.04977228421329179,0.16375195
150,siglip,frisbee,M,S,0.17875259999999998,0.98579175,0.98499935,0.049243273454472936,0.16375195
150,siglip,frisbee,M,SML=,0.17653103333333334,0.9843962333333334,0.9872209166666666,0.13430076558786663,0.16375195
150,siglip,frisbee,M,SMLn,0.1738718619152692,0.988112353243601,0.9898800880847307,0.13466724056436516,0.16375195
150,siglip,frisbee,S,L,0.1799927,0.9691281500000001,0.9578085,0.0558108827015231,0.1378012
150,siglip,frisbee,S,M,0.1506173,0.99020375,0.9871839,0.05797478693093674,0.1378012
150,siglip,frisbee,S,S,0.1693791,0.9799365,0.9684221000000001,0.056774010929686466,0.1378012
150,siglip,frisbee,S,SML=,0.16666303333333332,0.9797561333333332,0.9711381666666666,0.15272425715685264,0.1378012
150,siglip,frisbee,S,SMLn,0.16029147608120037,0.984576436407767,0.9775097239187996,0.15365424261404753,0.1378012
150,siglip,frisbee,SML=,L,0.1797778,0.9833482,0.9851819,0.04945810894613614,0.1649597
150,siglip,frisbee,SML=,M,0.16791640000000002,0.9927968,0.9970433,0.050539815646998054,0.1649597
150,siglip,frisbee,SML=,S,0.1946102,0.9813075,0.9703495,0.048906036658537,0.1649597
150,siglip,frisbee,SML=,SML=,0.18076813333333333,0.9858174999999999,0.9841915666666667,0.1349885395226474,0.1649597
150,siglip,frisbee,SML=,SMLn,0.1796859026478376,0.9874416516328332,0.9852737973521624,0.1351333951167531,0.1649597
150,siglip,frisbee,SMLn,L,0.18597685,0.9770863999999999,0.97927695,0.04830394467856573,0.1652538
150,siglip,frisbee,SMLn,M,0.16859495,0.9928022500000001,0.99665885,0.050112453471759875,0.1652538
150,siglip,frisbee,SMLn,S,0.1839641,0.98566185,0.9812896999999999,0.0488411350331378,0.1652538
150,siglip,frisbee,SMLn,SML=,0.17951196666666666,0.9851835,0.9857418333333333,0.13379230899368982,0.1652538
150,siglip,frisbee,SMLn,SMLn,0.1760745240070609,0.9888181607899382,0.9891792759929391,0.1342482002857944,0.1652538
150,siglip,keyboard,L,L,0.13750405,0.9903356999999999,0.9843557000000001,0.0668846629684614,0.12185975
150,siglip,keyboard,L,M,0.1774329,0.97003085,0.9444268499999999,0.06297217011015553,0.12185975
150,siglip,keyboard,L,S,0.5472861499999999,0.77966435,0.5745736,0.04024136254084272,0.12185975
150,siglip,keyboard,L,SML=,0.28740770000000004,0.9133436333333332,0.83445205,0.15147913771136196,0.12185975
150,siglip,keyboard,L,SMLn,0.19480310302210194,0.9609996275823184,0.927056646977898,0.16688059626887466,0.12185975
150,siglip,keyboard,M,L,0.21485515,0.96251155,0.9548550499999999,0.04906732082924216,0.16971019999999998
150,siglip,keyboard,M,M,0.1841147,0.9842940499999999,0.9855955,0.048998811938170975,0.16971019999999998
150,siglip,keyboard,M,S,0.27769505,0.9334856500000001,0.89201515,0.04616405262369115,0.16971019999999998
150,siglip,keyboard,M,SML=,0.22555496666666666,0.9600970833333333,0.9441552333333334,0.13087990742527206,0.16971019999999998
150,siglip,keyboard,M,SMLn,0.20350583824988724,0.9718961394000901,0.9662043617501128,0.1338750279448446,0.16971019999999998
150,siglip,keyboard,S,L,0.8794568999999999,0.5579833,0.40613099999999996,0.01278181063331275,0.2855879
150,siglip,keyboard,S,M,0.49763785,0.8313710000000001,0.78795005,0.023180868783194315,0.2855879
150,siglip,keyboard,S,S,0.43058065,0.8739214499999999,0.8550072500000001,0.025974995393213816,0.2855879
150,siglip,keyboard,S,SML=,0.6025584666666666,0.7544252499999999,0.6830294333333333,0.05878900259919937,0.2855879
150,siglip,keyboard,S,SMLn,0.6320202245151105,0.7346782163283716,0.6535676754848895,0.05637808460840386,0.2855879
150,siglip,keyboard,SML=,L,0.16366050000000001,0.9878411500000001,0.9805756999999999,0.059422684615774955,0.14423619999999998
150,siglip,keyboard,SML=,M,0.1713134,0.9787552500000001,0.9729228000000001,0.05745523699595192,0.14423619999999998
150,siglip,keyboard,SML=,S,0.39321595,0.8620882,0.7510202500000001,0.04559410013248199,0.14423619999999998
150,siglip,keyboard,SML=,SML=,0.24272994999999997,0.9428948666666667,0.90150625,0.14548859050897361,0.14423619999999998
150,siglip,keyboard,SML=,SMLn,0.18772108110058638,0.9719874777852955,0.9565151188994137,0.15384986634456063,0.14423619999999998
150,siglip,keyboard,SMLn,L,0.1495688,0.98748825,0.9797024499999999,0.06579808676949388,0.12927125
150,siglip,keyboard,SMLn,M,0.16451264999999998,0.9760453,0.9647586,0.06293354439291408,0.12927125
150,siglip,keyboard,SMLn,S,0.4237655,0.8531157,0.70550575,0.04752837239077149,0.12927125
150,siglip,keyboard,SMLn,SML=,0.24594898333333332,0.9388830833333334,0.8833222666666666,0.15598438530557596,0.12927125
150,siglip,keyboard,SMLn,SMLn,0.18147803263419035,0.9696005900766801,0.9477932173658097,0.16660478401661835,0.12927125
150,siglip,kite,L,L,0.11825515,0.9986545,0.99815995,0.07440526259024074,0.1164151
150,siglip,kite,L,M,0.11750205,0.9987852,0.99891305,0.07577727007138388,0.1164151
150,siglip,kite,L,S,0.1298245,0.99366095,0.9865906000000001,0.07658257317252595,0.1164151
150,siglip,kite,L,SML=,0.12186056666666667,0.9970335499999999,0.9945545333333333,0.19526891254929674,0.1164151
150,siglip,kite,L,SMLn,0.12049668966397278,0.9975835089536368,0.9959184103360272,0.1955353274470524,0.1164151
150,siglip,kite,M,L,0.1296873,0.9970354499999999,0.99409945,0.0670089332077352,0.12378675000000001
150,siglip,kite,M,M,0.12378675000000001,0.99857675,1.0,0.06869373151268901,0.12378675000000001
150,siglip,kite,M,S,0.13342365,0.9928629499999999,0.9903631,0.0699598036772254,0.12378675000000001
150,siglip,kite,M,SML=,0.1289659,0.9961583833333332,0.99482085,0.1798500831679368,0.12378675000000001
150,siglip,kite,M,SMLn,0.1273984575287112,0.9969031978094428,0.9963882924712888,0.1801168949136999,0.12378675000000001
150,siglip,kite,S,L,0.14329635000000002,0.9951458499999999,0.9917417499999999,0.06122572146018366,0.1350381
150,siglip,kite,S,M,0.1350381,0.9982872500000001,1.0,0.06232334811611777,0.1350381
150,siglip,kite,S,S,0.14109860000000002,0.9948191,0.9939395,0.0629330141385798,0.1350381
150,siglip,kite,S,SML=,0.13981101666666668,0.9960840666666666,0.9952270833333333,0.16537943190608237,0.1350381
150,siglip,kite,S,SMLn,0.13839651131433434,0.9967441350063803,0.9966415886856657,0.16561155989302806,0.1350381
150,siglip,kite,SML=,L,0.12711695,0.9971011000000001,0.9938276500000001,0.06740712417306502,0.1209446
150,siglip,kite,SML=,M,0.1209446,0.99860495,1.0,0.06829555663879464,0.1209446
150,siglip,kite,SML=,S,0.12850295,0.99450605,0.99244165,0.06941291306598789,0.1209446
150,siglip,kite,SML=,SML=,0.1255215,0.9967373666666666,0.9954231,0.1799670306688668,0.1209446
150,siglip,kite,SML=,SMLn,0.12414651180348787,0.9973092149936198,0.9967980881965122,0.18018702895612754,0.1209446
150,siglip,kite,SMLn,L,0.1210213,0.9971721499999999,0.99614085,0.07285996470231795,0.11716214999999999
150,siglip,kite,SMLn,M,0.11812369999999998,0.9985366499999999,0.9990384499999999,0.07519983282049475,0.11716214999999999
150,siglip,kite,SMLn,S,0.1266817,0.9942821500000001,0.9904804500000001,0.07503510841268525,0.11716214999999999
150,siglip,kite,SMLn,SML=,0.12194223333333334,0.99666365,0.9952199166666666,0.19239157362330334,0.11716214999999999
150,siglip,kite,SMLn,SMLn,0.12077112543598467,0.9972386850914503,0.9963910245640154,0.19259738879227575,0.11716214999999999
150,siglip,knife,L,L,0.2672384,0.9484573,0.94486015,0.03980404916657211,0.21209855000000002
150,siglip,knife,L,M,0.4110998,0.8662255999999999,0.80099875,0.03320447410508822,0.21209855000000002
150,siglip,knife,L,S,0.68212755,0.73494,0.529971,0.0219514907109722,0.21209855000000002
150,siglip,knife,L,SML=,0.4534885833333333,0.8498743,0.7586099666666667,0.08833892110651931,0.21209855000000002
150,siglip,knife,L,SMLn,0.4703994368643126,0.8391530079724628,0.7416991131356874,0.08616000777339221,0.21209855000000002
150,siglip,knife,M,L,0.3800922,0.9003633000000001,0.9194815000000001,0.027114685810137863,0.2995737
150,siglip,knife,M,M,0.43508810000000003,0.867224,0.8644856000000001,0.025322353011173103,0.2995737
150,siglip,knife,M,S,0.45184615,0.8576705499999999,0.8477275499999999,0.02459885695201587,0.2995737
150,siglip,knife,M,SML=,0.42234214999999997,0.8750859499999999,0.87723155,0.07300095271901094,0.2995737
150,siglip,knife,M,SMLn,0.4326836799022874,0.8688300670441927,0.8668900200977128,0.07209444705900764,0.2995737
150,siglip,knife,S,L,0.63662545,0.8010590000000001,0.7945167,0.015650095795623153,0.43114220000000003
150,siglip,knife,S,M,0.6976896,0.70874015,0.73345265,0.014994292123069464,0.43114220000000003
150,siglip,knife,S,S,0.84580555,0.61647345,0.5853367,0.012221035953575089,0.43114220000000003
150,siglip,knife,S,SML=,0.7267068,0.7087575666666666,0.7044353,0.041516965855486795,0.43114220000000003
150,siglip,knife,S,SMLn,0.7324085549078392,0.6942604883300022,0.6987335950921608,0.04148451399131411,0.43114220000000003
150,siglip,knife,SML=,L,0.3195774,0.9212922000000001,0.92459185,0.035027284010906726,0.24416924999999998
150,siglip,knife,SML=,M,0.39540855,0.8747502,0.8487607,0.0317233399809167,0.24416924999999998
150,siglip,knife,SML=,S,0.45121455,0.8441974,0.7929547,0.029008559476270256,0.24416924999999998
150,siglip,knife,SML=,SML=,0.38873349999999995,0.8800799333333332,0.85543575,0.08919378149766997,0.24416924999999998
150,siglip,knife,SML=,SMLn,0.40153333970686206,0.872058831134799,0.8426359102931379,0.08797711523007291,0.24416924999999998
150,siglip,knife,SMLn,L,0.33534195,0.9026251000000001,0.8973652,0.03574858394775308,0.23270715000000003
150,siglip,knife,SMLn,M,0.43180335000000003,0.8523636,0.8009038,0.03134656897301101,0.23270715000000003
150,siglip,knife,SMLn,S,0.49869890000000006,0.8295652499999999,0.73400825,0.027552446264929788,0.23270715000000003
150,siglip,knife,SMLn,SML=,0.4219480666666667,0.8615179833333333,0.8107590833333334,0.08810094389574977,0.23270715000000003
150,siglip,knife,SMLn,SMLn,0.43841285584055073,0.8524007340217633,0.7942942941594493,0.08632291085959906,0.23270715000000003
150,siglip,laptop,L,L,0.11608455,0.9951184,0.9990909,0.07651005717776474,0.11517545
150,siglip,laptop,L,M,0.2894382,0.92156655,0.8257372500000001,0.06494401766020093,0.11517545
150,siglip,laptop,L,S,0.78862575,0.6830624000000001,0.3265497,0.025396642507991164,0.11517545
150,siglip,laptop,L,SML=,0.3980495,0.8665824499999999,0.71712595,0.14718469008678142,0.11517545
150,siglip,laptop,L,SMLn,0.21086521361426253,0.9538292808481902,0.9043102363857374,0.18280912293364432,0.11517545
150,siglip,laptop,M,L,0.23135599999999998,0.9709847,0.99266835,0.03750782979864946,0.22402435
150,siglip,laptop,M,M,0.2500307,0.96380915,0.97399365,0.037763999834522596,0.22402435
150,siglip,laptop,M,S,0.35978604999999997,0.8932178000000001,0.8642383,0.03388251943225701,0.22402435
150,siglip,laptop,M,SML=,0.28039091666666666,0.9426705499999999,0.9436334333333333,0.10151086227196393,0.22402435
150,siglip,laptop,M,SMLn,0.24381945047271744,0.9650519303079417,0.9802048995272825,0.10525038746707542,0.22402435
150,siglip,laptop,S,L,1.0165701500000002,0.43169969999999996,0.29636925,0.008018284118164517,0.3129394
150,siglip,laptop,S,M,0.8956443999999999,0.55094675,0.417295,0.012106403192908639,0.3129394
150,siglip,laptop,S,S,0.8718723,0.60535155,0.44106715,0.014036715785464582,0.3129394
150,siglip,laptop,S,SML=,0.9280289666666667,0.5293326833333334,0.38491048333333333,0.030550888861498565,0.3129394
150,siglip,laptop,S,SMLn,0.9635127420583469,0.4852667913019989,0.3494266579416531,0.027147449586567278,0.3129394
150,siglip,laptop,SML=,L,0.18396075,0.9896812,0.9978723500000001,0.047686430470044706,0.1818331
150,siglip,laptop,SML=,M,0.23128579999999999,0.9542766500000001,0.9505473,0.04738158702021546,0.1818331
150,siglip,laptop,SML=,S,0.4304119,0.85404635,0.7514212,0.03741110344029189,0.1818331
150,siglip,laptop,SML=,SML=,0.28188615,0.9326680666666667,0.89994695,0.12085109538046206,0.1818331
150,siglip,laptop,SML=,SMLn,0.2123651918287412,0.9703930930443004,0.9694679081712587,0.1297811218693291,0.1818331
150,siglip,laptop,SMLn,L,0.15858270000000002,0.99304875,1.0,0.054833953567909446,0.15858270000000002
150,siglip,laptop,SMLn,M,0.24649174999999998,0.94322485,0.91209095,0.05192871340104408,0.15858270000000002
150,siglip,laptop,SMLn,S,0.5456767,0.80492435,0.612906,0.03488807241358238,0.15858270000000002
150,siglip,laptop,SMLn,SML=,0.31691705,0.9137326499999998,0.84166565,0.1278667602252777,0.15858270000000002
150,siglip,laptop,SMLn,SMLn,0.2084999048352242,0.9660158232036737,0.9500827951647757,0.1434681962512277,0.15858270000000002
150,siglip,microwave,L,L,0.1958631,0.97811465,0.9640218,0.052281029908729404,0.1598849
150,siglip,microwave,L,M,0.2999864,0.92367055,0.8598985000000001,0.045401345610226004,0.1598849
150,siglip,microwave,L,S,0.54080675,0.80908255,0.61907815,0.031498375249317805,0.1598849
150,siglip,microwave,L,SML=,0.3455520833333333,0.9036225833333333,0.8143328166666667,0.11748739510362365,0.1598849
150,siglip,microwave,L,SMLn,0.2992971417031935,0.9251521264558548,0.8605877582968064,0.12414455139992216,0.1598849
150,siglip,microwave,M,L,0.25119845,0.9519040499999999,0.9601902499999999,0.038651808448382764,0.2113887
150,siglip,microwave,M,M,0.24730155000000004,0.9617448,0.9640871499999999,0.03878241299583547,0.2113887
150,siglip,microwave,M,S,0.24495085,0.9538146,0.9664378499999999,0.03804382665104737,0.2113887
150,siglip,microwave,M,SML=,0.24781694999999998,0.9558211499999999,0.9635717500000001,0.10678366188253259,0.2113887
150,siglip,microwave,M,SMLn,0.24798647410770194,0.9586433011897307,0.9634022258922981,0.10670142710738166,0.2113887
150,siglip,microwave,S,L,0.9815203499999999,0.46416250000000003,0.22815665000000002,0.010177980648655379,0.20967700000000003
150,siglip,microwave,S,M,0.550621,0.766965,0.659056,0.028163511691729416,0.20967700000000003
150,siglip,microwave,S,S,0.3530247,0.9001376999999999,0.8566523,0.03483761523737143,0.20967700000000003
150,siglip,microwave,S,SML=,0.6283886833333334,0.7104217333333332,0.5812883166666667,0.06901883061747399,0.20967700000000003
150,siglip,microwave,S,SMLn,0.6325232793988729,0.7088482477144646,0.5771537206011271,0.06870706546891037,0.20967700000000003
150,siglip,microwave,SML=,L,0.24409435,0.9801413,0.9806213500000001,0.03782639973678477,0.22471570000000002
150,siglip,microwave,SML=,M,0.2719691,0.9512102,0.9527466,0.03605959780342395,0.22471570000000002
150,siglip,microwave,SML=,S,0.37482815,0.89210455,0.84988755,0.032164688126518855,0.22471570000000002
150,siglip,microwave,SML=,SML=,0.29696386666666663,0.9411520166666666,0.9277518333333333,0.09833099759297169,0.22471570000000002
150,siglip,microwave,SML=,SMLn,0.27558264032561053,0.9521741329367565,0.9491330596743894,0.10040358484815637,0.22471570000000002
150,siglip,microwave,SMLn,L,0.2559148,0.9801510499999999,0.98418945,0.03734960469613246,0.24010425
150,siglip,microwave,SMLn,M,0.27543125,0.958731,0.964673,0.035012980623249076,0.24010425
150,siglip,microwave,SMLn,S,0.39744875,0.8838713500000001,0.8426555,0.03002902441830549,0.24010425
150,siglip,microwave,SMLn,SML=,0.3095982666666667,0.9409177999999999,0.9305059833333333,0.09488498044409699,0.24010425
150,siglip,microwave,SMLn,SMLn,0.28290813152786476,0.956367890482154,0.9571961184721353,0.09772639165877088,0.24010425
150,siglip,motorcycle,L,L,0.11725525,0.9985134499999999,0.9979474500000001,0.07991160761257785,0.11520269999999999
150,siglip,motorcycle,L,M,0.27592629999999996,0.94244425,0.8392763999999999,0.06509854622830984,0.11520269999999999
150,siglip,motorcycle,L,S,0.54876795,0.8287717499999999,0.56643475,0.044338129708016386,0.11520269999999999
150,siglip,motorcycle,L,SML=,0.31398316666666665,0.9232431499999999,0.8012195333333333,0.16401865650088823,0.11520269999999999
150,siglip,motorcycle,L,SMLn,0.19515070516675778,0.969756278075451,0.9200519948332422,0.18816749514362652,0.11520269999999999
150,siglip,motorcycle,M,L,0.26544425,0.9925645,0.9949567,0.032711859673927146,0.26040095
150,siglip,motorcycle,M,M,0.34014265,0.9343627,0.9202583000000001,0.029464924754412324,0.26040095
150,siglip,motorcycle,M,S,0.40639365000000005,0.8830507000000001,0.8540072999999999,0.028835789982264236,0.26040095
150,siglip,motorcycle,M,SML=,0.33732685,0.9366593,0.9230741,0.08573165014508315,0.26040095
150,siglip,motorcycle,M,SMLn,0.2976777808365227,0.9674714828868234,0.9627231691634772,0.08936316285784092,0.26040095
150,siglip,motorcycle,S,L,0.79698705,0.6509690499999999,0.45876095,0.015764333041961336,0.255748
150,siglip,motorcycle,S,M,0.5012967500000001,0.8160439,0.75445125,0.02480510218866336,0.255748
150,siglip,motorcycle,S,S,0.4185676,0.8675461999999999,0.8371803999999999,0.028899103288935506,0.255748
150,siglip,motorcycle,S,SML=,0.5722837999999999,0.7781863833333332,0.6834642000000001,0.06547820851819411,0.255748
150,siglip,motorcycle,S,SMLn,0.6822010625068343,0.7154299366183706,0.5735469374931657,0.05539230454929498,0.255748
150,siglip,motorcycle,SML=,L,0.2308757,0.9969950000000001,1.0,0.036811208277001,0.2308757
150,siglip,motorcycle,SML=,M,0.31482435,0.93777435,0.91605135,0.03309076035393268,0.2308757
150,siglip,motorcycle,SML=,S,0.4543923,0.8449766000000001,0.7764834,0.029820171913014927,0.2308757
150,siglip,motorcycle,SML=,SML=,0.33336411666666665,0.9265819833333333,0.8975115833333334,0.09325726825136783,0.2308757
150,siglip,motorcycle,SML=,SMLn,0.27174668592126844,0.9685667801257518,0.9591290140787315,0.09935097212297846,0.2308757
150,siglip,motorcycle,SMLn,L,0.17682025,0.99729705,0.9979796000000001,0.049062339838467986,0.17479985
150,siglip,motorcycle,SMLn,M,0.31677745,0.9302792,0.8580224,0.040631472900686784,0.17479985
150,siglip,motorcycle,SMLn,S,0.5036395,0.82738285,0.67116035,0.033341762939969245,0.17479985
150,siglip,motorcycle,SMLn,SML=,0.3324124,0.9183197,0.84238745,0.11320548209561047,0.17479985
150,siglip,motorcycle,SMLn,SMLn,0.24168994476489886,0.9652770961180973,0.9331099052351013,0.12544598119321687,0.17479985
150,siglip,mouse,L,L,0.10790269999999999,0.99724795,1.0,0.08001976807794267,0.10790269999999999
150,siglip,mouse,L,M,0.14790815,0.9784421,0.95999455,0.07981603313200639,0.10790269999999999
150,siglip,mouse,L,S,0.2506401,0.9337207,0.8572626,0.06772626638760246,0.10790269999999999
150,siglip,mouse,L,SML=,0.16881698333333334,0.9698035833333332,0.9390857166666666,0.1953342048670825,0.10790269999999999
150,siglip,mouse,L,SMLn,0.19544660522692503,0.9578305702957675,0.912456094773075,0.18990289960573886,0.10790269999999999
150,siglip,mouse,M,L,0.1445689,0.9965607999999999,1.0,0.05837902162348204,0.1445689
150,siglip,mouse,M,M,0.1520656,0.9913726,0.9925033000000001,0.05979385835833449,0.1445689
150,siglip,mouse,M,S,0.19544495,0.9742311499999999,0.94912395,0.054891836275666996,0.1445689
150,siglip,mouse,M,SML=,0.16402648333333333,0.9873881833333332,0.9805424166666666,0.1545702784782891,0.1445689
150,siglip,mouse,M,SMLn,0.17269966764405914,0.9833518032381438,0.9718692323559409,0.1532873997088229,0.1445689
150,siglip,mouse,S,L,0.26709475,0.9325296999999999,0.92685865,0.04115750462001867,0.1939534
150,siglip,mouse,S,M,0.20874225000000002,0.9762185499999999,0.9852111499999999,0.04465193628330244,0.1939534
150,siglip,mouse,S,S,0.2211303,0.97812765,0.9728230999999999,0.04246400414647934,0.1939534
150,siglip,mouse,S,SML=,0.23232243333333336,0.9622919666666666,0.9616309666666666,0.11778490113364182,0.1939534
150,siglip,mouse,S,SMLn,0.2182440624171341,0.9745397008669047,0.9757093375828658,0.1193334921422761,0.1939534
150,siglip,mouse,SML=,L,0.13729180000000002,0.9973051500000001,1.0,0.06427201335146114,0.13729180000000002
150,siglip,mouse,SML=,M,0.1604069,0.9853906,0.9768849,0.06421676773104193,0.13729180000000002
150,siglip,mouse,SML=,S,0.1993657,0.9616428000000001,0.9379261,0.058961249961135484,0.13729180000000002
150,siglip,mouse,SML=,SML=,0.16568813333333332,0.9814461833333332,0.9716036666666668,0.16537156949740242,0.13729180000000002
150,siglip,mouse,SML=,SMLn,0.17796083661397247,0.9745605892656808,0.9593309633860276,0.1632995639362187,0.13729180000000002
150,siglip,mouse,SMLn,L,0.16277714999999998,0.9963249,0.99895835,0.05507103510856799,0.1617355
150,siglip,mouse,SMLn,M,0.17390355,0.98869755,0.98783195,0.055696650377363356,0.1617355
150,siglip,mouse,SMLn,S,0.2087727,0.96906095,0.9529628000000001,0.05187941449459933,0.1617355
150,siglip,mouse,SMLn,SML=,0.1818178,0.9846944666666666,0.9799177,0.14570017513081573,0.1617355
150,siglip,mouse,SMLn,SMLn,0.19018529969403367,0.9796096969403365,0.9715502003059664,0.1444837000192168,0.1617355
150,siglip,orange,L,L,0.09105379999999999,0.9981082499999999,0.99562005,0.09458169952918957,0.08667385
150,siglip,orange,L,M,0.14516625,0.9778131999999999,0.9415075999999999,0.0929048900559287,0.08667385
150,siglip,orange,L,S,,,,,0.08667385
150,siglip,orange,L,SML=,0.11811002500000001,0.987960725,0.968563825,0.17058129526389756,0.08667385
150,siglip,orange,L,SMLn,0.12546741951754387,0.9852013103070176,0.9612064304824562,0.16934696232842547,0.08667385
150,siglip,orange,M,L,0.1583206,0.9966886,0.9939932,0.05826343619372275,0.1523138
150,siglip,orange,M,M,0.20171450000000002,0.9709913,0.9505993,0.05755411441746009,0.1523138
150,siglip,orange,M,S,,,,,0.1523138
150,siglip,orange,M,SML=,0.18001755,0.9838399499999999,0.97229625,0.10905049970684537,0.1523138
150,siglip,orange,M,SMLn,0.18591759780701755,0.9803460188596491,0.9663962021929825,0.10842351822640313,0.1523138
150,siglip,orange,SML=,L,0.14544005,0.9970890000000001,0.9969945499999999,0.060606480915521385,0.1424346
150,siglip,orange,SML=,M,0.188808,0.97653415,0.9536266,0.059343832159898524,0.1424346
150,siglip,orange,SML=,S,,,,,0.1424346
150,siglip,orange,SML=,SML=,0.16712402499999998,0.9868115749999999,0.975310575,0.11274254074884309,0.1424346
150,siglip,orange,SML=,SMLn,0.17302054451754384,0.984016836622807,0.9694140554824562,0.11200812584696154,0.1424346
150,siglip,orange,SMLn,L,0.15473114999999998,0.9958547,0.995074,0.059255979459701305,0.14980515
150,siglip,orange,SMLn,M,0.20318540000000002,0.9729222,0.94661975,0.057765553605387356,0.14980515
150,siglip,orange,SMLn,S,,,,,0.14980515
150,siglip,orange,SMLn,SML=,0.178958275,0.98438845,0.970846875,0.10993899029225188,0.14980515
150,siglip,orange,SMLn,SMLn,0.1855463528508772,0.9812704346491229,0.9642587971491228,0.10915958177432883,0.14980515
150,siglip,parking meter,L,L,0.22516440000000001,0.9968315000000001,1.0,0.03622187363764835,0.22516440000000001
150,siglip,parking meter,L,M,0.280546,0.94139505,0.9446184000000001,0.0364621522510203,0.22516440000000001
150,siglip,parking meter,L,S,0.5141600000000001,0.8030875999999999,0.7110044,0.027371264709062086,0.22516440000000001
150,siglip,parking meter,L,SML=,0.3399568,0.9137713833333333,0.8852076,0.09362259289500732,0.22516440000000001
150,siglip,parking meter,L,SMLn,0.32491933062330625,0.9232571731707317,0.9002450693766939,0.09514458589252442,0.22516440000000001
150,siglip,parking meter,M,L,0.24878675,0.9937961,0.9990740499999999,0.03331757866926235,0.2478608
150,siglip,parking meter,M,M,0.2535311,0.9642952499999999,0.9943297,0.03525360803389918,0.2478608
150,siglip,parking meter,M,S,0.35955915,0.89558725,0.88830165,0.031289632685089094,0.2478608
150,siglip,parking meter,M,SML=,0.28729233333333337,0.9512262,0.9605684666666667,0.09350752740872684,0.2478608
150,siglip,parking meter,M,SMLn,0.2809924027100271,0.9559890186314363,0.9668683972899729,0.0940933704849363,0.2478608
150,siglip,parking meter,S,L,0.27907535,0.9371117999999999,0.94671015,0.0348640119578202,0.22578550000000003
150,siglip,parking meter,S,M,0.3039462,0.9298173500000001,0.9218393,0.036326367025530396,0.22578550000000003
150,siglip,parking meter,S,S,0.369429,0.89329045,0.8563565000000001,0.03334039272656857,0.22578550000000003
150,siglip,parking meter,S,SML=,0.31748351666666663,0.9200732,0.9083019833333333,0.09728944989369989,0.22578550000000003
150,siglip,parking meter,S,SMLn,0.3130278167344173,0.9223892586043361,0.9127576832655826,0.09774806963987177,0.22578550000000003
150,siglip,parking meter,SML=,L,0.25160155,0.993534,0.99491185,0.033660883396276854,0.2465134
150,siglip,parking meter,SML=,M,0.2804627,0.9547747,0.9660506999999999,0.034757025069924674,0.2465134
150,siglip,parking meter,SML=,S,0.42397239999999997,0.8618869,0.822541,0.029502707236989306,0.2465134
150,siglip,parking meter,SML=,SML=,0.31867888333333333,0.9367318666666666,0.9278345166666666,0.09163148553340447,0.2465134
150,siglip,parking meter,SML=,SMLn,0.3095741693089431,0.9431418966124662,0.9369392306910569,0.09249014460724546,0.2465134
150,siglip,parking meter,SMLn,L,0.2523072,0.9943097999999999,0.9969678500000001,0.03286528094535429,0.24927505
150,siglip,parking meter,SMLn,M,0.28938235,0.9482146,0.9598926999999999,0.03390892894638027,0.24927505
150,siglip,parking meter,SMLn,S,0.42386464999999995,0.8564054499999999,0.8254104,0.029090274615340094,0.24927505
150,siglip,parking meter,SMLn,SML=,0.3218514,0.9329766166666665,0.92742365,0.0899622328937115,0.24927505
150,siglip,parking meter,SMLn,SMLn,0.3130612011517615,0.9395126630758808,0.9362138488482386,0.09076081827789972,0.24927505
150,siglip,person,L,L,0.20624760000000003,0.9851929,0.9734334,0.06905551011147906,0.179681
150,siglip,person,L,M,0.42159915000000003,0.8721245,0.7580818500000001,0.0530761716906243,0.179681
150,siglip,person,L,S,0.7234632000000001,0.70279715,0.4562178,0.031998835479935386,0.179681
150,siglip,person,L,SML=,0.45043665,0.8533715166666667,0.72924435,0.13736138354916,0.179681
150,siglip,person,L,SMLn,0.31268713884497934,0.9283958249610802,0.8669938611550206,0.16184097291889754,0.179681
150,siglip,person,M,L,0.30865145,0.9438795000000001,0.9306723,0.0486189009479542,0.23932375
150,siglip,person,M,M,0.4024217,0.8804556,0.83690205,0.042921149437097766,0.23932375
150,siglip,person,M,S,0.49621395,0.8273581,0.7431097999999999,0.03877865013427657,0.23932375
150,siglip,person,M,SML=,0.4024290333333333,0.8838977333333332,0.8368947166666667,0.11888442571592579,0.23932375
150,siglip,person,M,SMLn,0.35182995089814983,0.9155449071133465,0.8874937991018502,0.1258254797224644,0.23932375
150,siglip,person,S,L,0.6483420000000001,0.7433921,0.65016195,0.02763430176818895,0.29850395
150,siglip,person,S,M,0.7493908499999999,0.65286615,0.5491131,0.023144831656503256,0.29850395
150,siglip,person,S,S,0.7670277000000001,0.6599735,0.53147625,0.022728373840405654,0.29850395
150,siglip,person,S,SML=,0.7215868666666666,0.6854105666666667,0.5769170833333334,0.06863819857465188,0.29850395
150,siglip,person,S,SMLn,0.6878504198251603,0.7099257858945572,0.6106535301748398,0.07233250202942484,0.29850395
150,siglip,person,SML=,L,0.28236105,0.9697592,0.9694783499999999,0.04883444405027349,0.2518394
150,siglip,person,SML=,M,0.38496315000000003,0.8890764000000001,0.86687625,0.042874388820944326,0.2518394
150,siglip,person,SML=,S,0.57282025,0.77652155,0.67901915,0.03391178983074024,0.2518394
150,siglip,person,SML=,SML=,0.4133814833333333,0.8784523833333333,0.8384579166666667,0.1150950522478841,0.2518394
150,siglip,person,SML=,SMLn,0.336779111882522,0.9299264415858332,0.9150602881174781,0.12517868163253634,0.2518394
150,siglip,person,SMLn,L,0.24746995,0.9798629,0.9760579999999999,0.05663912427892899,0.22352794999999998
150,siglip,person,SMLn,M,0.427987,0.8667754000000001,0.79554095,0.044693977424762846,0.22352794999999998
150,siglip,person,SMLn,S,0.6443862,0.72755195,0.57914175,0.032765811044606345,0.22352794999999998
150,siglip,person,SMLn,SML=,0.43994771666666665,0.8580634166666666,0.7835802333333334,0.12095178479451182,0.22352794999999998
150,siglip,person,SMLn,SMLn,0.3336090121115502,0.9255920807242081,0.8899189378884497,0.13683617437247045,0.22352794999999998
150,siglip,remote,L,L,0.2024225,0.9820764499999999,0.9786486,0.04638566638292041,0.18107109999999998
150,siglip,remote,L,M,0.42577515000000005,0.8661812,0.75529595,0.0347946242342909,0.18107109999999998
150,siglip,remote,L,S,0.4785717500000001,0.8338089999999999,0.70249935,0.033740053046348084,0.18107109999999998
150,siglip,remote,L,SML=,0.3689231333333333,0.8940222166666665,0.8121479666666668,0.10567124338962779,0.18107109999999998
150,siglip,remote,L,SMLn,0.4314209429503106,0.860771076863354,0.7496501570496894,0.09776590206583048,0.18107109999999998
150,siglip,remote,M,L,0.2114008,0.98639455,0.9886041499999999,0.04348648332437548,0.20000495
150,siglip,remote,M,M,0.29814365,0.9302476000000001,0.9018613,0.038221939594449514,0.20000495
150,siglip,remote,M,S,0.33687115,0.9059058500000001,0.8631338,0.03814521434360745,0.20000495
150,siglip,remote,M,SML=,0.28213853333333333,0.9408493333333332,0.9178664166666668,0.11045346117794601,0.20000495
150,siglip,remote,M,SMLn,0.309419509689441,0.9233107311645963,0.890585440310559,0.10696351705832578,0.20000495
150,siglip,remote,S,L,0.39197965,0.87354275,0.8535254,0.030598630978087425,0.24550505
150,siglip,remote,S,M,0.3691183,0.9013524,0.87638675,0.030005520909893363,0.24550505
150,siglip,remote,S,S,0.30864175,0.9434625000000001,0.9368633000000001,0.033776592938575184,0.24550505
150,siglip,remote,S,SML=,0.3565799,0.9061192166666666,0.88892515,0.08838635739225308,0.24550505
150,siglip,remote,S,SMLn,0.3410896725310559,0.9197683735403727,0.9044153774689441,0.08960466218987387,0.24550505
150,siglip,remote,SML=,L,0.23360324999999998,0.9810357,0.97824215,0.039861990415597445,0.2118454
150,siglip,remote,SML=,M,0.345614,0.9082124500000001,0.8662314,0.03435094191774346,0.2118454
150,siglip,remote,SML=,S,0.34173525,0.9082487499999999,0.87011015,0.03589984921186453,0.2118454
150,siglip,remote,SML=,SML=,0.30698416666666667,0.9324989666666665,0.9048612333333332,0.10220371938204367,0.2118454
150,siglip,remote,SML=,SMLn,0.333314435636646,0.9149700866459627,0.8785309643633541,0.09915661644621229,0.2118454
150,siglip,remote,SMLn,L,0.22845269999999998,0.9882438,0.99402145,0.038690934186716125,0.22247414999999998
150,siglip,remote,SMLn,M,0.29661765,0.9389139999999999,0.9258565000000001,0.03501646589671634,0.22247414999999998
150,siglip,remote,SMLn,S,0.33265095,0.9133473500000001,0.8898232,0.035064576086851394,0.22247414999999998
150,siglip,remote,SMLn,SML=,0.2859071,0.94683505,0.9365670500000001,0.10110117665730012,0.22247414999999998
150,siglip,remote,SMLn,SMLn,0.3082699144099379,0.9307356792391305,0.9142042355900621,0.09872993115481588,0.22247414999999998
150,siglip,scissors,L,L,0.1171785,0.9962706000000001,0.9945135,0.07726454896897703,0.11169200000000001
150,siglip,scissors,L,M,0.34779689999999996,0.9081425,0.7638951,0.06016001549003919,0.11169200000000001
150,siglip,scissors,L,S,0.73475595,0.72422085,0.37693604999999997,0.02827475133583381,0.11169200000000001
150,siglip,scissors,L,SML=,0.39991045000000003,0.8762113166666665,0.71178155,0.14544694454665139,0.11169200000000001
150,siglip,scissors,L,SMLn,0.34741730251540043,0.9004039747946612,0.7642746974845995,0.15553553577604998,0.11169200000000001
150,siglip,scissors,M,L,0.26051245,0.99357355,0.99500615,0.03310794141574256,0.2555186
150,siglip,scissors,M,M,0.31702545,0.9359284499999999,0.93849315,0.031566408010511755,0.2555186
150,siglip,scissors,M,S,0.55159715,0.79859955,0.70392145,0.022994423230723867,0.2555186
150,siglip,scissors,M,SML=,0.37637835000000003,0.9093671833333333,0.8791402500000001,0.08235337542937402,0.2555186
150,siglip,scissors,M,SMLn,0.3474932170431212,0.9271435785420945,0.9080253829568787,0.08494876420281036,0.2555186
150,siglip,scissors,S,L,0.45402555,0.8450231,0.81165825,0.02631937211844069,0.2656838
150,siglip,scissors,S,M,0.46231524999999996,0.8308501500000001,0.8033685500000001,0.026044474932406175,0.2656838
150,siglip,scissors,S,S,0.37585455,0.89205185,0.88982925,0.028468657542374147,0.2656838
150,siglip,scissors,S,SML=,0.43073178333333334,0.8559750333333334,0.8349520166666666,0.07628566822912995,0.2656838
150,siglip,scissors,S,SMLn,0.44035207607802873,0.8494580053901437,0.8253317239219712,0.07529864484019447,0.2656838
150,siglip,scissors,SML=,L,0.23332285000000003,0.9954592999999999,0.99536095,0.03902999775095849,0.2286838
150,siglip,scissors,SML=,M,0.3692512,0.907349,0.8594326000000001,0.03336656777217496,0.2286838
150,siglip,scissors,SML=,S,0.6206234,0.75803935,0.6080604000000001,0.02319754898336215,0.2286838
150,siglip,scissors,SML=,SML=,0.4077324833333333,0.8869492166666666,0.8209513166666668,0.08877499532510394,0.2286838
150,siglip,scissors,SML=,SMLn,0.37412183752566736,0.9071730680184805,0.8545619624743326,0.09223502185414748,0.2286838
150,siglip,scissors,SMLn,L,0.224086,0.9953477,0.9991228,0.039082341083132494,0.2232088
150,siglip,scissors,SMLn,M,0.333295,0.9238514999999999,0.8899138000000001,0.03491897427951324,0.2232088
150,siglip,scissors,SMLn,S,0.6083887,0.76236825,0.6148201,0.02293859716165408,0.2232088
150,siglip,scissors,SMLn,SML=,0.38858990000000004,0.8938558166666667,0.8346189,0.0904112731675753,0.2232088
150,siglip,scissors,SMLn,SMLn,0.35320149599589323,0.9148896966632444,0.8700073040041068,0.09424155060813529,0.2232088
150,siglip,single serving drinking vessel,L,L,0.2887947,0.9626652,0.97937045,0.03277973102465675,0.26816515
150,siglip,single serving drinking vessel,L,M,0.39966515,0.8873808499999999,0.8685,0.02885848161278709,0.26816515
150,siglip,single serving drinking vessel,L,S,0.69383415,0.6994012,0.574331,0.019488183237292494,0.26816515
150,siglip,single serving drinking vessel,L,SML=,0.46076466666666666,0.84981575,0.8074004833333334,0.07666244252497932,0.26816515
150,siglip,single serving drinking vessel,L,SMLn,0.4689613044635582,0.8437462996152105,0.7992038455364419,0.07584607407854836,0.26816515
150,siglip,single serving drinking vessel,M,L,0.30984635000000005,0.9343484500000001,0.9439533499999999,0.0339493271991142,0.25379969999999996
150,siglip,single serving drinking vessel,M,M,0.32632135,0.9258817500000001,0.92747835,0.0331010268947715,0.25379969999999996
150,siglip,single serving drinking vessel,M,S,0.52087515,0.81370265,0.73292455,0.026421644001185136,0.25379969999999996
150,siglip,single serving drinking vessel,M,SML=,0.38568094999999997,0.8913109499999999,0.86811875,0.08746886650457883,0.25379969999999996
150,siglip,single serving drinking vessel,M,SMLn,0.3804437510140335,0.8945243142191037,0.8733559489859666,0.08797826884796899,0.25379969999999996
150,siglip,single serving drinking vessel,S,L,0.5848459,0.7721956999999999,0.67299475,0.02345103961077123,0.25784065
150,siglip,single serving drinking vessel,S,M,0.4775435,0.8331395,0.78029715,0.02707200008414189,0.25784065
150,siglip,single serving drinking vessel,S,S,0.5082310999999999,0.8202508,0.74960955,0.026318094381938738,0.25784065
150,siglip,single serving drinking vessel,S,SML=,0.5235401666666666,0.8085286666666667,0.7343004833333333,0.07259844333678592,0.25784065
150,siglip,single serving drinking vessel,S,SMLn,0.5021103333906745,0.820505701892259,0.7557303166093254,0.07467082389401945,0.25784065
150,siglip,single serving drinking vessel,SML=,L,0.30636494999999997,0.950553,0.9742417,0.031431877039841336,0.28060665
150,siglip,single serving drinking vessel,SML=,M,0.3596689,0.9157284000000001,0.92093775,0.029512809474316216,0.28060665
150,siglip,single serving drinking vessel,SML=,S,0.63631855,0.7386346500000001,0.6442881,0.020937448966194257,0.28060665
150,siglip,single serving drinking vessel,SML=,SML=,0.4341174666666666,0.86830535,0.8464891833333332,0.07740199648205912,0.28060665
150,siglip,single serving drinking vessel,SML=,SMLn,0.4322715313626075,0.869355252589407,0.8483351186373925,0.07756237726991413,0.28060665
150,siglip,single serving drinking vessel,SMLn,L,0.31513065,0.9313381,0.94999015,0.032451329624489246,0.2651208
150,siglip,single serving drinking vessel,SMLn,M,0.36145520000000003,0.9090503,0.9036656000000001,0.030686640021953353,0.2651208
150,siglip,single serving drinking vessel,SMLn,S,0.5869551,0.7739025500000001,0.6781657,0.023652471586016306,0.2651208
150,siglip,single serving drinking vessel,SMLn,SML=,0.42118031666666667,0.8714303166666666,0.8439404833333333,0.08151986880062516,0.2651208
150,siglip,single serving drinking vessel,SMLn,SMLn,0.42021484952919874,0.8730354983748303,0.8449059504708012,0.08160151278518582,0.2651208
150,siglip,sink,L,L,0.19247585,0.9796251,0.9777631,0.049177231331122596,0.17023895
150,siglip,sink,L,M,0.258184,0.9454190499999999,0.9120549499999999,0.04699484386195675,0.17023895
150,siglip,sink,L,S,0.42258385,0.85632135,0.7476551,0.03745304134693582,0.17023895
150,siglip,sink,L,SML=,0.29108123333333336,0.9271218333333333,0.8791577166666666,0.12170940294948421,0.17023895
150,siglip,sink,L,SMLn,0.27326583265473986,0.9369468981081637,0.8969731173452601,0.124137946910293,0.17023895
150,siglip,sink,M,L,0.22589125000000002,0.96263075,0.9587806499999999,0.04643962761612271,0.1846719
150,siglip,sink,M,M,0.2622357,0.9460473500000001,0.9224361999999999,0.04510490476472621,0.1846719
150,siglip,sink,M,S,0.33746975,0.91007085,0.84720215,0.04007858489181364,0.1846719
150,siglip,sink,M,SML=,0.2751989,0.9395829833333332,0.909473,0.12012714654743868,0.1846719
150,siglip,sink,M,SMLn,0.26780473806292415,0.9432151144869423,0.9168671619370758,0.12125280063791814,0.1846719
150,siglip,sink,S,L,0.4500248,0.84796765,0.83914595,0.02496134793647597,0.28917075
150,siglip,sink,S,M,0.37128635,0.9109936,0.9178843999999999,0.028261386757125445,0.28917075
150,siglip,sink,S,S,0.36779305,0.9221763,0.9213777000000001,0.027437813744098843,0.28917075
150,siglip,sink,S,SML=,0.39636806666666663,0.8937125166666666,0.8928026833333333,0.07626045528253224,0.28917075
150,siglip,sink,S,SMLn,0.38739494020152165,0.8995809191342792,0.9017758097984784,0.07713312437002103,0.28917075
150,siglip,sink,SML=,L,0.19852635000000002,0.9750411,0.9714206000000001,0.04959156922475984,0.16994694999999999
150,siglip,sink,SML=,M,0.20524589999999998,0.9691936999999999,0.9647010500000001,0.05040997622437023,0.16994694999999999
150,siglip,sink,SML=,S,0.28599705000000003,0.92587855,0.8839499,0.04473667279815637,0.16994694999999999
150,siglip,sink,SML=,SML=,0.2299231,0.9567044499999999,0.94002385,0.13130114865049153,0.16994694999999999
150,siglip,sink,SML=,SMLn,0.2180824088834053,0.9627846213140037,0.9518645411165947,0.1329957872247023,0.16994694999999999
150,siglip,sink,SMLn,L,0.1948887,0.9794964,0.9783990499999999,0.04872372433593504,0.17328775000000002
150,siglip,sink,SMLn,M,0.2259258,0.9601710999999999,0.94736195,0.04812753978576306,0.17328775000000002
150,siglip,sink,SMLn,S,0.31057830000000003,0.910999,0.86270945,0.042611115652619554,0.17328775000000002
150,siglip,sink,SMLn,SML=,0.2437976,0.9502221666666666,0.92949015,0.1270096192455801,0.17328775000000002
150,siglip,sink,SMLn,SMLn,0.23428590141887723,0.9555904298375488,0.9390018485811227,0.12831473840423813,0.17328775000000002
150,siglip,skateboard,L,L,0.08669185,0.9995991500000001,0.9989361499999999,0.10376238984461872,0.08562800000000001
150,siglip,skateboard,L,M,0.08562800000000001,0.99957765,1.0,0.10537571153187435,0.08562800000000001
150,siglip,skateboard,L,S,0.18784589999999998,0.9648286,0.8977821,0.09299035496834498,0.08562800000000001
150,siglip,skateboard,L,SML=,0.12005524999999999,0.9880017999999999,0.96557275,0.24650144762215637,0.08562800000000001
150,siglip,skateboard,L,SMLn,0.09558455829627571,0.996248818774319,0.9900434417037243,0.2523590914845093,0.08562800000000001
150,siglip,skateboard,M,L,0.0903208,0.99969695,1.0,0.09629398961624472,0.0903208
150,siglip,skateboard,M,M,0.0903208,0.9995086000000001,1.0,0.09657183516639394,0.0903208
150,siglip,skateboard,M,S,0.16064645,0.9798089000000001,0.92967435,0.08852570477378865,0.0903208
150,siglip,skateboard,M,SML=,0.11376268333333332,0.9930048166666665,0.9765581166666667,0.23349309846367797,0.0903208
150,siglip,skateboard,M,SMLn,0.09706408772929406,0.9976471456503612,0.9932567122707059,0.23715868205943408,0.0903208
150,siglip,skateboard,S,L,0.191465,0.99829345,1.0,0.04495998228077592,0.191465
150,siglip,skateboard,S,M,0.191465,0.9991557,1.0,0.04435514238239345,0.191465
150,siglip,skateboard,S,S,0.22732915,0.9794380500000001,0.9641358500000001,0.04237528413312154,0.191465
150,siglip,skateboard,S,SML=,0.20341971666666664,0.9922957333333333,0.9880452833333333,0.12072709459406172,0.191465
150,siglip,skateboard,S,SMLn,0.194903891536965,0.9971392268204559,0.996561108463035,0.12174627546967802,0.191465
150,siglip,skateboard,SML=,L,0.14697245,0.9993873499999999,1.0,0.059179065347998494,0.14697245
150,siglip,skateboard,SML=,M,0.14697245,0.9992219500000001,1.0,0.05898978150697237,0.14697245
150,siglip,skateboard,SML=,S,0.21256095,0.9684350500000001,0.9344115000000001,0.05569207142497895,0.14697245
150,siglip,skateboard,SML=,SML=,0.16883528333333334,0.9890147833333331,0.9781371666666667,0.15474094748930764,0.14697245
150,siglip,skateboard,SML=,SMLn,0.15326150850472484,0.9962940329627571,0.9937109414952751,0.1569235239270917,0.14697245
150,siglip,skateboard,SMLn,L,0.11917445,0.9996387500000001,1.0,0.07284058651158935,0.11917445
150,siglip,skateboard,SMLn,M,0.11917445,0.9992936,1.0,0.07271971707650804,0.11917445
150,siglip,skateboard,SMLn,S,0.1867293,0.9750259,0.9324451500000001,0.06687233868059426,0.11917445
150,siglip,skateboard,SMLn,SML=,0.14169273333333335,0.9913194166666667,0.9774817166666667,0.18421508774353004,0.11917445
150,siglip,skateboard,SMLn,SMLn,0.1256520551278488,0.9970170150222346,0.9935223948721512,0.18707033091533015,0.11917445
150,siglip,skis,L,L,0.093554,0.9991156999999999,1.0,0.10774921161539013,0.093554
150,siglip,skis,L,M,0.093554,0.9989249499999999,1.0,0.10822070498026315,0.093554
150,siglip,skis,L,S,0.10233895,0.9955429,0.9912150499999999,0.10582117157827575,0.093554
150,siglip,skis,L,SML=,0.09648231666666666,0.9978611833333332,0.9970716833333334,0.2540224869169769,0.093554
150,siglip,skis,L,SMLn,0.09534398511737088,0.9982645544444445,0.9982100148826291,0.2543117612508972,0.093554
150,siglip,skis,M,L,0.07445665,0.9984778000000001,0.9963371000000001,0.12009785147464866,0.07079375
150,siglip,skis,M,M,0.07079375,0.9995326999999999,1.0,0.11803641335868713,0.07079375
150,siglip,skis,M,S,0.07854885,0.997246,0.9922449,0.11633670375768754,0.07079375
150,siglip,skis,M,SML=,0.07459974999999999,0.9984188333333333,0.996194,0.2813160883007416,0.07079375
150,siglip,skis,M,SMLn,0.07292533841940532,0.9989079586541472,0.9978684115805947,0.2817443298078424,0.07079375
150,siglip,skis,S,L,0.08737905,0.9950915,0.98312675,0.11070447167505608,0.0705058
150,siglip,skis,S,M,0.0705058,0.9987961500000001,1.0,0.11314651696127938,0.0705058
150,siglip,skis,S,S,0.0705058,0.9988341999999999,1.0,0.11095289950677148,0.0705058
150,siglip,skis,S,SML=,0.07613021666666667,0.9975739499999999,0.9943755833333334,0.27265858904442364,0.0705058
150,siglip,skis,S,SMLn,0.07304602949921753,0.998246176259781,0.9974597705007824,0.2733982696882554,0.0705058
150,siglip,skis,SML=,L,0.0886379,0.99883265,1.0,0.09723759741083446,0.0886379
150,siglip,skis,SML=,M,0.0886379,0.9991956,1.0,0.09819672464073924,0.0886379
150,siglip,skis,SML=,S,0.0911256,0.9979193000000001,0.9975123,0.09657858388003651,0.0886379
150,siglip,skis,SML=,SML=,0.08946713333333334,0.9986491833333332,0.9991707666666667,0.2409781929142671,0.0886379
150,siglip,skis,SML=,SMLn,0.0891447834741784,0.998880905086072,0.9994931165258215,0.24103447581594564,0.0886379
150,siglip,skis,SMLn,L,0.0893835,0.99901125,1.0,0.09350955244312384,0.0893835
150,siglip,skis,SMLn,M,0.0893835,0.9993529999999999,1.0,0.09398940267282255,0.0893835
150,siglip,skis,SMLn,S,0.09352279999999999,0.9976405500000001,0.9958607,0.09202953760548153,0.0893835
150,siglip,skis,SMLn,SML=,0.09076326666666666,0.9986682666666666,0.9986202333333333,0.2339231537655781,0.0893835
150,siglip,skis,SMLn,SMLn,0.09022690666666666,0.9989526285758998,0.9991565933333334,0.23402880183376498,0.0893835
150,siglip,snowboard,L,L,0.10458995,0.99837845,0.99812675,0.08258652762283206,0.1027167
150,siglip,snowboard,L,M,0.11224575,0.9949413,0.9904709500000001,0.08113503114560394,0.1027167
150,siglip,snowboard,L,S,0.10454355,0.9942788,0.9981731500000001,0.08352935205080776,0.1027167
150,siglip,snowboard,L,SML=,0.10712641666666667,0.9958661833333332,0.9955902833333333,0.21021471083418053,0.1027167
150,siglip,snowboard,L,SMLn,0.1090829765173836,0.995533278314673,0.9936337234826164,0.20980077849265114,0.1027167
150,siglip,snowboard,M,L,0.09349684999999999,0.99693315,0.99662775,0.09073875330785616,0.0901246
150,siglip,snowboard,M,M,0.0937368,0.99693725,0.9963877999999999,0.08985279249962043,0.0901246
150,siglip,snowboard,M,S,0.0901246,0.9968220000000001,1.0,0.09228137285478152,0.0901246
150,siglip,snowboard,M,SML=,0.09245275,0.9968974666666666,0.99767185,0.22965578346563018,0.0901246
150,siglip,snowboard,M,SMLn,0.09296033429581615,0.9969132263995286,0.9971642657041839,0.22951931886142624,0.0901246
150,siglip,snowboard,S,L,0.10539885,0.9905006000000001,0.9759418,0.09694538224658149,0.08134065
150,siglip,snowboard,S,M,0.09265575000000001,0.9941207000000001,0.9886849,0.09859148972201989,0.08134065
150,siglip,snowboard,S,S,0.08134065,0.99755645,1.0,0.10041722613598254,0.08134065
150,siglip,snowboard,S,SML=,0.09313175,0.99405925,0.9882089000000001,0.2452497159490672,0.08134065
150,siglip,snowboard,S,SMLn,0.09307035265173837,0.9940473911903359,0.9882702973482618,0.24520495058591035,0.08134065
150,siglip,snowboard,SML=,L,0.10300469999999999,0.9971216500000001,0.9948095,0.08547437112111214,0.09781419999999999
150,siglip,snowboard,SML=,M,0.10507839999999999,0.9962217499999999,0.9927358,0.08486251344739153,0.09781419999999999
150,siglip,snowboard,SML=,S,0.09781419999999999,0.9961565,1.0,0.08847829397895965,0.09781419999999999
150,siglip,snowboard,SML=,SML=,0.10196576666666665,0.9964999666666665,0.9958484333333333,0.21888000203129582,0.09781419999999999
150,siglip,snowboard,SML=,SMLn,0.10318124219210371,0.996398481850324,0.9946329578078963,0.21860907744982644,0.09781419999999999
150,siglip,snowboard,SMLn,L,0.0859747,0.99755405,0.9981980500000001,0.09468070979900242,0.08417274999999999
150,siglip,snowboard,SMLn,M,0.08525970000000001,0.99698285,0.99891305,0.09394545106490171,0.08417274999999999
150,siglip,snowboard,SMLn,S,0.08417274999999999,0.9966595500000001,1.0,0.09585065764653979,0.08417274999999999
150,siglip,snowboard,SMLn,SML=,0.08513571666666667,0.9970654833333332,0.9990370333333333,0.23821781809810774,0.08417274999999999
150,siglip,snowboard,SMLn,SMLn,0.08519212195050088,0.9970383858279316,0.998980628049499,0.23820002454978417,0.08417274999999999
150,siglip,spoon,L,L,0.28234585,0.95279535,0.9784911,0.03343400537432605,0.26083695
150,siglip,spoon,L,M,0.3396494,0.90647865,0.92118755,0.03143673725413505,0.26083695
150,siglip,spoon,L,S,0.48074829999999996,0.82421335,0.7800886499999999,0.0255757621062576,0.26083695
150,siglip,spoon,L,SML=,0.36758118333333334,0.8944957833333333,0.8932557666666666,0.08483858773949604,0.26083695
150,siglip,spoon,L,SMLn,0.3808402408818726,0.8837558271910723,0.8799967091181274,0.0835489546376713,0.26083695
150,siglip,spoon,M,L,0.3077456,0.9250237,0.9316521999999999,0.03384318024505452,0.23939780000000002
150,siglip,spoon,M,M,0.2952115,0.9369446,0.9441862999999999,0.03453596151482107,0.23939780000000002
150,siglip,spoon,M,S,0.37490555,0.8872788500000001,0.86449225,0.030402771546568657,0.23939780000000002
150,siglip,spoon,M,SML=,0.3259542166666667,0.9164157166666665,0.9134435833333333,0.09231244987360407,0.23939780000000002
150,siglip,spoon,M,SMLn,0.32297379665215026,0.9192313616494283,0.9164240033478498,0.09266579207378459,0.23939780000000002
150,siglip,spoon,S,L,0.7677664,0.67355755,0.5689154999999999,0.014736137052807508,0.3366819
150,siglip,spoon,S,M,0.62672825,0.7548196,0.70995365,0.01939321357134936,0.3366819
150,siglip,spoon,S,S,0.8004319000000001,0.6166523500000001,0.53624995,0.01480220618640484,0.3366819
150,siglip,spoon,S,SML=,0.7316421666666667,0.68167645,0.6050396833333334,0.04667391697249658,0.3366819
150,siglip,spoon,S,SMLn,0.6986302514153511,0.7007246889221557,0.6380516485846489,0.049677859554453904,0.3366819
150,siglip,spoon,SML=,L,0.2718664,0.94535555,0.9713755000000001,0.03577386190422701,0.24324189999999998
150,siglip,spoon,SML=,M,0.31608885,0.9213723,0.92715305,0.03410775852236591,0.24324189999999998
150,siglip,spoon,SML=,S,0.42640295000000006,0.86506685,0.81683895,0.02891631937637005,0.24324189999999998
150,siglip,spoon,SML=,SML=,0.33811939999999996,0.9105982333333333,0.9051225,0.0921540483893304,0.24324189999999998
150,siglip,spoon,SML=,SMLn,0.34835068140990744,0.905046926047904,0.8948912185900925,0.09108595640406182,0.24324189999999998
150,siglip,spoon,SMLn,L,0.30426025,0.9245606499999999,0.93806475,0.03491311534770194,0.24232499999999998
150,siglip,spoon,SMLn,M,0.3161528,0.9227852000000001,0.9261722000000001,0.0345989905911028,0.24232499999999998
150,siglip,spoon,SMLn,S,0.42638275,0.8607388,0.81594225,0.028294514124395504,0.24232499999999998
150,siglip,spoon,SMLn,SML=,0.34893193333333333,0.9026948833333333,0.8933930666666667,0.09103525633976747,0.24232499999999998
150,siglip,spoon,SMLn,SMLn,0.3516249122754491,0.9023259362003266,0.8907000877245508,0.0906242991130325,0.24232499999999998
150,siglip,stop sign,L,L,0.10146485000000001,0.9943813499999999,0.98884775,0.08749469757499274,0.09031259999999999
150,siglip,stop sign,L,M,0.208949,0.9586827,0.8813636,0.07832459269001991,0.09031259999999999
150,siglip,stop sign,L,S,0.78205175,0.6921610499999999,0.30826085000000003,0.027874957557286584,0.09031259999999999
150,siglip,stop sign,L,SML=,0.3641552,0.8817416999999999,0.7261574000000001,0.1690751912884407,0.09031259999999999
150,siglip,stop sign,L,SMLn,0.3297716859766277,0.8978669232053422,0.7605409140233722,0.17650311510054567,0.09031259999999999
150,siglip,stop sign,M,L,0.142229,0.9946854,0.9927244500000001,0.060710239824468146,0.13495345
150,siglip,stop sign,M,M,0.19411015,0.9703961,0.9408433,0.05685395402211264,0.13495345
150,siglip,stop sign,M,S,0.59688555,0.7682443,0.5380678999999999,0.03311563211505637,0.13495345
150,siglip,stop sign,M,SML=,0.31107490000000004,0.9111086,0.8238785500000001,0.13602743486340285,0.13495345
150,siglip,stop sign,M,SMLn,0.28668642484696716,0.9233656571508069,0.8482670251530328,0.1398924438898879,0.13495345
150,siglip,stop sign,S,L,0.78684745,0.6272623,0.5197298,0.014664033061577727,0.30657725
150,siglip,stop sign,S,M,0.6211948,0.7363208,0.68538245,0.018887436025680125,0.30657725
150,siglip,stop sign,S,S,0.67342385,0.71666785,0.6331534,0.017851388327112985,0.30657725
150,siglip,stop sign,S,SML=,0.6938220333333334,0.6934169833333332,0.6127552166666667,0.04904231263739878,0.30657725
150,siglip,stop sign,S,SMLn,0.6890287558708958,0.695662654980523,0.6175484941291041,0.04943441237716105,0.30657725
150,siglip,stop sign,SML=,L,0.15301230000000002,0.9943766999999999,0.99288275,0.05887134248417332,0.14589505
150,siglip,stop sign,SML=,M,0.22181985,0.9633404499999999,0.9240752000000001,0.05457292424815337,0.14589505
150,siglip,stop sign,SML=,S,0.6439786,0.7513151,0.50191645,0.02901831781570392,0.14589505
150,siglip,stop sign,SML=,SML=,0.33960358333333335,0.90301075,0.8062914666666666,0.12854818123674666,0.14589505
150,siglip,stop sign,SML=,SMLn,0.3141779334168058,0.9158138649693935,0.8317171165831942,0.13259680213227787,0.14589505
150,siglip,stop sign,SMLn,L,0.1313124,0.9943935500000001,0.9909098000000001,0.06652839827161354,0.12222219999999999
150,siglip,stop sign,SMLn,M,0.20977869999999998,0.9603308,0.9124435,0.06099644774290665,0.12222219999999999
150,siglip,stop sign,SMLn,S,0.67857525,0.7375946,0.44364695000000004,0.02975215632519464,0.12222219999999999
150,siglip,stop sign,SMLn,SML=,0.33988878333333333,0.8974396499999999,0.7823334166666667,0.14133931370240158,0.12222219999999999
150,siglip,stop sign,SMLn,SMLn,0.3116737082359488,0.9108757387312186,0.8105484917640512,0.146241083300773,0.12222219999999999
150,siglip,surfboard,L,L,0.1641251,0.99818675,0.99886365,0.04927158316869881,0.16298875
150,siglip,surfboard,L,M,0.16298875,0.998505,1.0,0.05215751575538876,0.16298875
150,siglip,surfboard,L,S,0.16298875,0.99742155,1.0,0.053029396666456806,0.16298875
150,siglip,surfboard,L,SML=,0.16336753333333334,0.9980377666666665,0.9996212166666666,0.13981563316136078,0.16298875
150,siglip,surfboard,L,SMLn,0.16325329378095763,0.9982338387589433,0.9997354562190424,0.1398303101311563,0.16298875
150,siglip,surfboard,M,L,0.1047237,0.9974949499999999,0.99585315,0.0819990866528975,0.10057685000000001
150,siglip,surfboard,M,M,0.10253355,0.99822715,0.9980433,0.08618556962322402,0.10057685000000001
150,siglip,surfboard,M,S,0.10262109999999999,0.9978863,0.99795575,0.08874090110557524,0.10057685000000001
150,siglip,surfboard,M,SML=,0.10329278333333333,0.9978694666666665,0.9972840666666667,0.2171468298612989,0.10057685000000001
150,siglip,surfboard,M,SMLn,0.1030593445652174,0.9979946945652174,0.9975175054347826,0.21720350672041558,0.10057685000000001
150,siglip,surfboard,S,L,0.10488975,0.9933104500000001,0.9762251000000001,0.09444618430504845,0.08111485
150,siglip,surfboard,S,M,0.0892222,0.99725695,0.9918926499999999,0.10022403488228267,0.08111485
150,siglip,surfboard,S,S,0.0848003,0.99853195,0.9963145499999999,0.10230432011984174,0.08111485
150,siglip,surfboard,S,SML=,0.09297075,0.99636645,0.9881441000000001,0.24635524786485113,0.08111485
150,siglip,surfboard,S,SMLn,0.09206531265822784,0.9965701134562466,0.9890495373417721,0.24652123615081342,0.08111485
150,siglip,surfboard,SML=,L,0.14800355,0.997878,0.99891305,0.05682936367038675,0.1469166
150,siglip,surfboard,SML=,M,0.1469166,0.99872655,1.0,0.06043550772813625,0.1469166
150,siglip,surfboard,SML=,S,0.147897,0.9980480999999999,0.9990195999999999,0.06126680349374941,0.1469166
150,siglip,surfboard,SML=,SML=,0.14760571666666666,0.99821755,0.9993108833333334,0.1583887563488533,0.1469166
150,siglip,surfboard,SML=,SMLn,0.14734797151898735,0.9984056009768849,0.9995686284810127,0.15843058733794096,0.1469166
150,siglip,surfboard,SMLn,L,0.15073595,0.99790705,0.99800395,0.05597612004250935,0.14873989999999998
150,siglip,surfboard,SMLn,M,0.14968330000000002,0.9983558,0.9990566,0.059304702867193984,0.14873989999999998
150,siglip,surfboard,SMLn,S,0.15076195,0.9975918,0.9979779499999999,0.06053454056197284,0.14873989999999998
150,siglip,surfboard,SMLn,SML=,0.15039373333333333,0.99795155,0.9983461666666666,0.1564375408016834,0.14873989999999998
150,siglip,surfboard,SMLn,SMLn,0.15012455744358832,0.9981123639790864,0.9986153425564117,0.15648161776936015,0.14873989999999998
150,siglip,tennis racket,L,L,0.0728472,0.9999167999999999,0.9964286,0.19580445851469092,0.0692758
150,siglip,tennis racket,L,M,0.08420514999999999,0.9917488000000001,0.9850706499999999,0.19569189021524128,0.0692758
150,siglip,tennis racket,L,S,0.0828017,0.99932585,0.9864741,0.19566996417212132,0.0692758
150,siglip,tennis racket,L,SML=,0.07995135,0.99699715,0.98932445,0.34021177344793174,0.0692758
150,siglip,tennis racket,L,SMLn,0.08255843375491849,0.9937673797077011,0.9867173662450816,0.3396572770490963,0.0692758
150,siglip,tennis racket,M,L,0.0771728,0.9997744000000001,1.0,0.11574163471152621,0.0771728
150,siglip,tennis racket,M,M,0.08676880000000001,0.9925717000000001,0.9904040000000001,0.11544662933706007,0.0771728
150,siglip,tennis racket,M,S,0.07833559999999999,0.9996607000000001,0.9988372,0.11733634236057788,0.0771728
150,siglip,tennis racket,M,SML=,0.08075906666666667,0.9973355999999999,0.9964137333333334,0.27656705186212666,0.0771728
150,siglip,tennis racket,M,SMLn,0.08445683642495784,0.9944034790893761,0.9927159635750421,0.2756966903771948,0.0771728
150,siglip,tennis racket,S,L,0.09120665,0.9994886,0.9988372,0.09371791392107245,0.09004385000000001
150,siglip,tennis racket,S,M,0.09963985,0.99349095,0.9904040000000001,0.09364515914053485,0.09004385000000001
150,siglip,tennis racket,S,S,0.09231775,0.99959865,0.9977261000000001,0.09570034177217179,0.09004385000000001
150,siglip,tennis racket,S,SML=,0.09438808333333333,0.9975260666666665,0.9956557666666667,0.2357608978439052,0.09004385000000001
150,siglip,tennis racket,S,SMLn,0.09761937186621697,0.9950422707982012,0.992424478133783,0.235106746984256,0.09004385000000001
150,siglip,tennis racket,SML=,L,0.09331135,0.9998747,1.0,0.10196300077295406,0.09331135
150,siglip,tennis racket,SML=,M,0.10290735,0.9924505,0.9904040000000001,0.1007885707476263,0.09331135
150,siglip,tennis racket,SML=,S,0.09723445,0.9993950500000001,0.9960768999999999,0.10346083686488408,0.09331135
150,siglip,tennis racket,SML=,SML=,0.09781771666666667,0.9972400833333334,0.9954936333333334,0.24749767218842927,0.09331135
150,siglip,tennis racket,SML=,SMLn,0.10094604848229342,0.9942925653738056,0.9923653015177066,0.24699665371690913,0.09331135
150,siglip,tennis racket,SMLn,L,0.0946353,0.99983755,1.0,0.09185395199700053,0.0946353
150,siglip,tennis racket,SMLn,M,0.1042313,0.99229545,0.9904040000000001,0.09078960469433064,0.0946353
150,siglip,tennis racket,SMLn,S,0.09649735000000001,0.99917555,0.9981379499999999,0.09413239365067756,0.0946353
150,siglip,tennis racket,SMLn,SML=,0.09845465,0.9971028499999999,0.99618065,0.230696679969523,0.0946353
150,siglip,tennis racket,SMLn,SMLn,0.10200816750983699,0.9941445706295673,0.9926271324901631,0.23000680335964735,0.0946353
150,siglip,tie,L,L,0.1242856,0.98928125,0.9819568000000001,0.08224028778703975,0.1062424
150,siglip,tie,L,M,0.15819555000000002,0.98134775,0.9480468500000001,0.08156032092579002,0.1062424
150,siglip,tie,L,S,0.53156585,0.8072060500000001,0.5746765500000001,0.04934333954812739,0.1062424
150,siglip,tie,L,SML=,0.27134899999999995,0.9259450166666665,0.8348934,0.18319020092835087,0.1062424
150,siglip,tie,L,SMLn,0.26964151183244744,0.9282994959883574,0.8366008881675524,0.18351241824892592,0.1062424
150,siglip,tie,M,L,0.17597515,0.9899689500000001,0.9858596000000001,0.052307299873387406,0.16183475
150,siglip,tie,M,M,0.1686206,0.9897421,0.99321415,0.05402767290894293,0.16183475
150,siglip,tie,M,S,0.45566874999999996,0.8399606500000001,0.706166,0.03811227696760552,0.16183475
150,siglip,tie,M,SML=,0.26675483333333333,0.9398905666666666,0.8950799166666666,0.13113126325269614,0.16183475
150,siglip,tie,M,SMLn,0.2588350183750949,0.9432196932675272,0.9029997316249052,0.13224061903859854,0.16183475
150,siglip,tie,S,L,0.3841179,0.8857953000000001,0.8588551000000001,0.02909973841067613,0.24297300000000002
150,siglip,tie,S,M,0.32293705,0.93944405,0.9200359499999999,0.032540074883377394,0.24297300000000002
150,siglip,tie,S,S,0.4601824,0.842849,0.7827906,0.028289970251810792,0.24297300000000002
150,siglip,tie,S,SML=,0.3890791166666666,0.8893627833333333,0.8538938833333333,0.08414071036531232,0.24297300000000002
150,siglip,tie,S,SMLn,0.37389382686661604,0.9021435054796253,0.8690791731333839,0.08574635133556313,0.24297300000000002
150,siglip,tie,SML=,L,0.20277345000000002,0.9870642500000001,0.9818252,0.045601732265467446,0.18459865
150,siglip,tie,SML=,M,0.20514595,0.9835366999999999,0.9794527000000001,0.04666170326140325,0.18459865
150,siglip,tie,SML=,S,0.46542490000000003,0.8358013,0.7191737500000001,0.03386175842399353,0.18459865
150,siglip,tie,SML=,SML=,0.29111476666666664,0.9354674166666666,0.8934838833333334,0.1158055180364425,0.18459865
150,siglip,tie,SML=,SMLn,0.2857207135029106,0.9380979998228296,0.8988779364970894,0.11651248175195128,0.18459865
150,siglip,tie,SMLn,L,0.21501735000000002,0.9887385999999999,0.9876511000000001,0.04264522931495696,0.20266845
150,siglip,tie,SMLn,M,0.21304735,0.9868238,0.9896211000000001,0.044024631043821885,0.20266845
150,siglip,tie,SMLn,S,0.45245040000000003,0.8457658499999999,0.75021805,0.03312992149031176,0.20266845
150,siglip,tie,SMLn,SML=,0.29350503333333333,0.9404427499999999,0.9091634166666667,0.11045809403089824,0.20266845
150,siglip,tie,SMLn,SMLn,0.2877228411161731,0.9432417119716527,0.9149456088838269,0.11119572044137216,0.20266845
150,siglip,toothbrush,L,L,0.13902725,0.9984147,0.9989361499999999,0.065099776705192,0.1379634
150,siglip,toothbrush,L,M,0.27825365,0.9309936999999999,0.85970975,0.05447043295233249,0.1379634
150,siglip,toothbrush,L,S,0.3865167,0.8728578499999999,0.7514467,0.04659318657722588,0.1379634
150,siglip,toothbrush,L,SML=,0.26793253333333333,0.9340887499999999,0.8700308666666666,0.1474247703864326,0.1379634
150,siglip,toothbrush,L,SMLn,0.29787880740384615,0.9192833868269231,0.8400845925961539,0.14241624269807762,0.1379634
150,siglip,toothbrush,M,L,0.2389215,0.99780435,1.0,0.03676808755937237,0.2389215
150,siglip,toothbrush,M,M,0.27504245,0.9660091,0.9638790500000001,0.03390347602692219,0.2389215
150,siglip,toothbrush,M,S,0.3200901,0.91992425,0.9188314,0.033115914217007325,0.2389215
150,siglip,toothbrush,M,SML=,0.2780180166666667,0.9612459,0.9609034833333334,0.09670725114803874,0.2389215
150,siglip,toothbrush,M,SMLn,0.28668963999999997,0.9532705440384616,0.95223186,0.09583718076925572,0.2389215
150,siglip,toothbrush,S,L,0.21216985,0.9772313,0.9919677,0.04214862080283302,0.20413755
150,siglip,toothbrush,S,M,0.2534503,0.9582628,0.95068725,0.03876045211797568,0.20413755
150,siglip,toothbrush,S,S,0.25201905,0.9501324999999999,0.9521184999999999,0.03936524222019025,0.20413755
150,siglip,toothbrush,S,SML=,0.23921306666666667,0.9618755333333333,0.9649244833333335,0.11097562560059553,0.20413755
150,siglip,toothbrush,S,SMLn,0.24630807192307694,0.9581477907692306,0.957829478076923,0.1101678198753133,0.20413755
150,siglip,toothbrush,SML=,L,0.20412655000000002,0.99671295,0.99791575,0.04295211711584361,0.2020423
150,siglip,toothbrush,SML=,M,0.2762926,0.9517749,0.9257497000000001,0.0384345751956035,0.2020423
150,siglip,toothbrush,SML=,S,0.31823385000000004,0.9119887999999999,0.8838084500000001,0.03723229177719217,0.2020423
150,siglip,toothbrush,SML=,SML=,0.2662176666666667,0.9534922166666666,0.9358246333333333,0.1093687201113476,0.2020423
150,siglip,toothbrush,SML=,SMLn,0.2809856944230769,0.94356884625,0.9210566055769231,0.10766307925922527,0.2020423
150,siglip,toothbrush,SMLn,L,0.21490075000000003,0.9982426,1.0,0.04122749680053525,0.21490075000000003
150,siglip,toothbrush,SMLn,M,0.29371965,0.9430835500000001,0.9211811000000001,0.03640711413208369,0.21490075000000003
150,siglip,toothbrush,SMLn,S,0.3293311,0.9027986,0.8855696500000001,0.035811674554493717,0.21490075000000003
150,siglip,toothbrush,SMLn,SML=,0.27931716666666667,0.9480415833333332,0.9355835833333334,0.10480918814577604,0.21490075000000003
150,siglip,toothbrush,SMLn,SMLn,0.29490413605769233,0.9363161003846153,0.9199966139423077,0.10311789290625768,0.21490075000000003
150,siglip,traffic light,L,L,0.1464836,0.99326875,0.9868951499999999,0.06033776630019951,0.13337875
150,siglip,traffic light,L,M,0.2033675,0.9584962499999999,0.9300112500000001,0.05822403928692995,0.13337875
150,siglip,traffic light,L,S,0.36735385000000004,0.8835046500000001,0.7660249,0.04731533350905605,0.13337875
150,siglip,traffic light,L,SML=,0.23906831666666667,0.9450898833333333,0.8943104333333334,0.14843598888995807,0.13337875
150,siglip,traffic light,L,SMLn,0.29749691499421965,0.9158616286589595,0.8358818350057804,0.13932711160687336,0.13337875
150,siglip,traffic light,M,L,0.1691311,0.99143575,0.9918969499999999,0.05143450539035549,0.16102805
150,siglip,traffic light,M,M,0.19545535,0.9701945999999999,0.9655727000000001,0.05106859555271779,0.16102805
150,siglip,traffic light,M,S,0.32275675000000004,0.9034359999999999,0.8382713,0.0437510777029037,0.16102805
150,siglip,traffic light,M,SML=,0.2291144,0.9550221166666667,0.93191365,0.1324953753691693,0.16102805
150,siglip,traffic light,M,SMLn,0.2693644023583815,0.9317847150635838,0.8916636476416185,0.12703355736583605,0.16102805
150,siglip,traffic light,S,L,0.25224290000000005,0.96176755,0.97458835,0.03632217407689312,0.22683124999999998
150,siglip,traffic light,S,M,0.25985115,0.9613894999999999,0.9669801,0.03676876957518525,0.22683124999999998
150,siglip,traffic light,S,S,0.33531665,0.91377425,0.8915146,0.03326925728391101,0.22683124999999998
150,siglip,traffic light,S,SML=,0.2824702333333333,0.9456437666666666,0.9443610166666666,0.09899591488900819,0.22683124999999998
150,siglip,traffic light,S,SMLn,0.304040501849711,0.9333004851791907,0.922790748150289,0.09683005722057882,0.22683124999999998
150,siglip,traffic light,SML=,L,0.17746495,0.9918234,0.9904968000000001,0.0494695828678827,0.16796175
150,siglip,traffic light,SML=,M,0.2099657,0.9659812499999999,0.95799605,0.04899781365391824,0.16796175
150,siglip,traffic light,SML=,S,0.32098695,0.9045756,0.8469747999999999,0.04241551038019371,0.16796175
150,siglip,traffic light,SML=,SML=,0.2361392,0.95412675,0.93182255,0.12809409214898748,0.16796175
150,siglip,traffic light,SML=,SMLn,0.2739748558381503,0.9309471071098265,0.8939868941618497,0.12306146427750095,0.16796175
150,siglip,traffic light,SMLn,L,0.20050545,0.98841565,0.98786585,0.04444216722948506,0.1883713
150,siglip,traffic light,SMLn,M,0.21870165,0.96883,0.9696696499999999,0.04411049752083684,0.1883713
150,siglip,traffic light,SMLn,S,0.3066135,0.9145941499999999,0.8817577999999999,0.03950626137851489,0.1883713
150,siglip,traffic light,SMLn,SML=,0.2419402,0.9572799333333333,0.9464311000000001,0.11751375839729865,0.1883713
150,siglip,traffic light,SMLn,SMLn,0.269740985132948,0.937734453618497,0.918630314867052,0.11402020686525913,0.1883713
150,siglip,tv,L,L,0.21841020000000003,0.9784119499999999,0.9816566999999999,0.04392040788167299,0.2000669
150,siglip,tv,L,M,0.4162128,0.8539052,0.7838541,0.0336891241045287,0.2000669
150,siglip,tv,L,S,0.8329428,0.6009781000000001,0.3671241,0.016124014444538544,0.2000669
150,siglip,tv,L,SML=,0.4891886,0.8110984166666666,0.7108783000000001,0.08700431053051544,0.2000669
150,siglip,tv,L,SMLn,0.3585391543432648,0.8905464851028115,0.8415277456567353,0.10249537066531247,0.2000669
150,siglip,tv,M,L,0.25012270000000003,0.9561921,0.9643117999999999,0.03816548084490062,0.2144345
150,siglip,tv,M,M,0.32381875,0.9211283,0.89061575,0.03448187753682347,0.2144345
150,siglip,tv,M,S,0.49345629999999996,0.82576415,0.7209782,0.02831840834817718,0.2144345
150,siglip,tv,M,SML=,0.35579925,0.9010281833333332,0.8586352500000001,0.09420210782223881,0.2144345
150,siglip,tv,M,SMLn,0.3028498408518674,0.9305762949223668,0.9115846591481326,0.09987646551214338,0.2144345
150,siglip,tv,S,L,1.0750807,0.3598136,0.2255419,0.005777421124066074,0.30062259999999996
150,siglip,tv,S,M,0.7481244,0.6487612,0.5524982,0.015581537097864676,0.30062259999999996
150,siglip,tv,S,S,0.75368425,0.64720665,0.54693835,0.015659420314036217,0.30062259999999996
150,siglip,tv,S,SML=,0.8589631166666667,0.5519271666666666,0.4416594833333334,0.035674571882503836,0.30062259999999996
150,siglip,tv,S,SMLn,0.8685154425094419,0.5424868796055392,0.43210720749055814,0.034823183555655904,0.30062259999999996
150,siglip,tv,SML=,L,0.24124875,0.9736559,0.9782859,0.03922242387277059,0.21953465
150,siglip,tv,SML=,M,0.37337115,0.8923459499999999,0.8461635,0.03274157130973914,0.21953465
150,siglip,tv,SML=,S,0.643124,0.7228410000000001,0.57641065,0.022800825760941786,0.21953465
150,siglip,tv,SML=,SML=,0.41924796666666664,0.8629476166666666,0.8002866833333334,0.08852776555210591,0.21953465
150,siglip,tv,SML=,SMLn,0.33453754643306755,0.9161185435795216,0.8849971035669324,0.0978775270537338,0.21953465
150,siglip,tv,SMLn,L,0.22095135,0.9784933499999999,0.9814469499999999,0.04264610362251302,0.20239829999999998
150,siglip,tv,SMLn,M,0.35558195000000004,0.8956281,0.8468163499999999,0.035391332072432946,0.20239829999999998
150,siglip,tv,SMLn,S,0.6844948000000001,0.6933701,0.5179035,0.021643767642230978,0.20239829999999998
150,siglip,tv,SMLn,SML=,0.42034269999999996,0.8558305166666667,0.7820556,0.09283829725020522,0.20239829999999998
150,siglip,tv,SMLn,SMLn,0.3179613455098615,0.918790404238355,0.8844369544901385,0.10498031671076632,0.20239829999999998
150,siglip,umbrella,L,L,0.26380725,0.9678919,0.9621192000000001,0.03802422924801016,0.22592645
150,siglip,umbrella,L,M,0.45985360000000003,0.8433040999999999,0.7660728499999999,0.029924542771011326,0.22592645
150,siglip,umbrella,L,S,0.5925471,0.76728365,0.63337935,0.0242534596862831,0.22592645
150,siglip,umbrella,L,SML=,0.4387359833333333,0.8594932166666667,0.7871904666666667,0.08602054639537894,0.22592645
150,siglip,umbrella,L,SMLn,0.39452861718599036,0.8857712821376811,0.8313978328140097,0.09074782264733765,0.22592645
150,siglip,umbrella,M,L,0.28458345,0.9543074,0.9557328500000001,0.03550187716509148,0.2403163
150,siglip,umbrella,M,M,0.40131690000000003,0.8889637499999999,0.8389994,0.030853565695531392,0.2403163
150,siglip,umbrella,M,S,0.42696245,0.85594205,0.81335385,0.02957939435014878,0.2403163
150,siglip,umbrella,M,SML=,0.37095426666666664,0.8997377333333333,0.8693620333333334,0.08967710889599254,0.2403163
150,siglip,umbrella,M,SMLn,0.3562971023671498,0.9120227454468599,0.8840191976328503,0.09115022418589497,0.2403163
150,siglip,umbrella,S,L,0.4346781,0.8589861000000001,0.8157379499999999,0.02962761519110258,0.25041605
150,siglip,umbrella,S,M,0.48149604999999995,0.8336403000000001,0.7689199999999999,0.027624131472766544,0.25041605
150,siglip,umbrella,S,S,0.47839475,0.8334621500000001,0.7720213,0.027367605973344013,0.25041605
150,siglip,umbrella,S,SML=,0.4648563,0.8420295166666666,0.78555975,0.07938181345114173,0.25041605
150,siglip,umbrella,S,SMLn,0.46190415375603866,0.844033677910628,0.7885118962439613,0.07964705719339402,0.25041605
150,siglip,umbrella,SML=,L,0.2932233,0.9697279,0.97886085,0.03251403419494764,0.27208415
150,siglip,umbrella,SML=,M,0.44818125000000003,0.87173185,0.8239029,0.02705059550477775,0.27208415
150,siglip,umbrella,SML=,S,0.49907475,0.8215314499999999,0.7730094000000001,0.024893706704330016,0.27208415
150,siglip,umbrella,SML=,SML=,0.4134931,0.8876637333333333,0.85859105,0.07947646053691924,0.27208415
150,siglip,umbrella,SML=,SMLn,0.3903529745289855,0.906235736727053,0.8817311754710145,0.08163347797290015,0.27208415
150,siglip,umbrella,SMLn,L,0.28809015,0.9698467000000001,0.97192305,0.033585930701363266,0.2600132
150,siglip,umbrella,SMLn,M,0.45734810000000004,0.8596645,0.8026650999999999,0.02739212765585932,0.2600132
150,siglip,umbrella,SMLn,S,0.56069635,0.7820135500000001,0.69931685,0.02354242234707274,0.2600132
150,siglip,umbrella,SMLn,SML=,0.4353782,0.87050825,0.824635,0.07944382033287492,0.2600132
150,siglip,umbrella,SMLn,SMLn,0.39966274874396135,0.8960257852536232,0.8603504512560386,0.08279541599227636,0.2600132
150,siglip,vase or potted plant,L,L,0.3573928,0.9437742,0.9417696,0.028514380011773977,0.2991624
150,siglip,vase or potted plant,L,M,0.5129813999999999,0.8068103000000001,0.786181,0.023033408551757627,0.2991624
150,siglip,vase or potted plant,L,S,0.619437,0.7409876,0.6797253999999999,0.02034493804335068,0.2991624
150,siglip,vase or potted plant,L,SML=,0.49660373333333335,0.8305240333333332,0.8025586666666668,0.06813708727245534,0.2991624
150,siglip,vase or potted plant,L,SMLn,0.4861820262413395,0.8349184320005774,0.8129803737586604,0.06906913934397496,0.2991624
150,siglip,vase or potted plant,M,L,0.32945855,0.9458837499999999,0.93691645,0.03155055082271425,0.266375
150,siglip,vase or potted plant,M,M,0.4688001,0.83617845,0.7975749000000001,0.02601900190982277,0.266375
150,siglip,vase or potted plant,M,S,0.5316976,0.79841825,0.7346774,0.02454174148981926,0.266375
150,siglip,vase or potted plant,M,SML=,0.44331875,0.8601601499999999,0.8230562499999999,0.07733118322230136,0.266375
150,siglip,vase or potted plant,M,SMLn,0.43954522347719405,0.8611156828088914,0.8268297765228059,0.07765646003433936,0.266375
150,siglip,vase or potted plant,S,L,0.8730726499999999,0.6198075000000001,0.34555805,0.00903494688359156,0.21863069999999998
150,siglip,vase or potted plant,S,M,0.8329065999999999,0.5986517499999999,0.38572405,0.011162558037782714,0.21863069999999998
150,siglip,vase or potted plant,S,S,0.8050686,0.6038459,0.41356205,0.012289650777025332,0.21863069999999998
150,siglip,vase or potted plant,S,SML=,0.8370159166666667,0.6074350166666667,0.38161473333333334,0.031033047613185198,0.21863069999999998
150,siglip,vase or potted plant,S,SMLn,0.8397673620669746,0.605481154727194,0.3788633379330254,0.030755586214681458,0.21863069999999998
150,siglip,vase or potted plant,SML=,L,0.35109485,0.9457377499999999,0.9447366,0.028885879934749815,0.29583145
150,siglip,vase or potted plant,SML=,M,0.5015962,0.8191295000000001,0.7942352500000001,0.02361836221037686,0.29583145
150,siglip,vase or potted plant,SML=,S,0.59608645,0.7584652000000001,0.699745,0.021488969108218132,0.29583145
150,siglip,vase or potted plant,SML=,SML=,0.4829258333333334,0.8411108166666666,0.8129056166666666,0.07009167907057695,0.29583145
150,siglip,vase or potted plant,SML=,SMLn,0.47429898769486145,0.84514183164694,0.8215324623051385,0.07077888786817298,0.29583145
150,siglip,vase or potted plant,SMLn,L,0.3475897,0.9427779,0.936729,0.029851977066083158,0.2843187
150,siglip,vase or potted plant,SMLn,M,0.49479724999999997,0.81833055,0.78952145,0.024195571433317686,0.2843187
150,siglip,vase or potted plant,SMLn,S,0.5787282499999999,0.76587385,0.70559045,0.022405365143261618,0.2843187
150,siglip,vase or potted plant,SMLn,SML=,0.4737050666666667,0.8423274333333332,0.8106136333333334,0.07219068761863409,0.2843187
150,siglip,vase or potted plant,SMLn,SMLn,0.4667222754691108,0.8450604628103349,0.8175964245308892,0.07277210388494981,0.2843187
