category,seed,t,goods,opening_votes,world,G,band
airplane@large,0,25,12,14,natural,10,large
airplane@large,0,50,26,14,natural,10,large
airplane@large,0,100,34,14,natural,10,large
airplane@large,0,150,34,14,natural,10,large
airplane@medium,0,25,10,14,natural,10,medium
airplane@medium,0,50,10,14,natural,10,medium
airplane@medium,0,100,11,14,natural,10,medium
airplane@medium,0,150,14,14,natural,10,medium
airplane@small,0,25,10,14,natural,10,small
airplane@small,0,50,10,14,natural,10,small
airplane@small,0,100,10,14,natural,10,small
airplane@small,0,150,10,14,natural,10,small
apple@large,0,25,11,14,natural,10,large
apple@large,0,50,19,14,natural,10,large
apple@large,0,100,23,14,natural,10,large
apple@large,0,150,29,14,natural,10,large
apple@medium,0,25,10,14,natural,10,medium
apple@medium,0,50,10,14,natural,10,medium
apple@medium,0,100,10,14,natural,10,medium
apple@medium,0,150,10,14,natural,10,medium
bag or luggage@large,0,25,10,14,natural,10,large
bag or luggage@large,0,50,10,14,natural,10,large
bag or luggage@large,0,100,11,14,natural,10,large
bag or luggage@large,0,150,11,14,natural,10,large
bag or luggage@medium,0,25,5,63,natural,10,medium
bag or luggage@medium,0,50,6,63,natural,10,medium
bag or luggage@medium,0,100,11,63,natural,10,medium
bag or luggage@medium,0,150,11,63,natural,10,medium
bag or luggage@small,0,25,0,150,natural,10,small
bag or luggage@small,0,50,0,150,natural,10,small
bag or luggage@small,0,100,0,150,natural,10,small
bag or luggage@small,0,150,2,150,natural,10,small
banana@large,0,25,11,14,natural,10,large
banana@large,0,50,11,14,natural,10,large
banana@large,0,100,11,14,natural,10,large
banana@large,0,150,11,14,natural,10,large
banana@medium,0,25,10,14,natural,10,medium
banana@medium,0,50,10,14,natural,10,medium
banana@medium,0,100,11,14,natural,10,medium
banana@medium,0,150,11,14,natural,10,medium
baseball bat@large,0,25,10,14,natural,10,large
baseball bat@large,0,50,10,14,natural,10,large
baseball bat@large,0,100,16,14,natural,10,large
baseball bat@large,0,150,27,14,natural,10,large
baseball bat@medium,0,25,10,14,natural,10,medium
baseball bat@medium,0,50,17,14,natural,10,medium
baseball bat@medium,0,100,17,14,natural,10,medium
baseball bat@medium,0,150,30,14,natural,10,medium
baseball bat@small,0,25,10,14,natural,10,small
baseball bat@small,0,50,20,14,natural,10,small
baseball bat@small,0,100,30,14,natural,10,small
baseball bat@small,0,150,35,14,natural,10,small
bench@large,0,25,10,14,natural,10,large
bench@large,0,50,10,14,natural,10,large
bench@large,0,100,11,14,natural,10,large
bench@large,0,150,12,14,natural,10,large
bench@medium,0,25,7,102,natural,10,medium
bench@medium,0,50,9,102,natural,10,medium
bench@medium,0,100,9,102,natural,10,medium
bench@medium,0,150,10,102,natural,10,medium
bench@small,0,25,0,150,natural,10,small
bench@small,0,50,0,150,natural,10,small
bench@small,0,100,0,150,natural,10,small
bench@small,0,150,1,150,natural,10,small
bicycle@large,0,25,10,14,natural,10,large
bicycle@large,0,50,10,14,natural,10,large
bicycle@large,0,100,10,14,natural,10,large
bicycle@large,0,150,10,14,natural,10,large
bicycle@medium,0,25,10,18,natural,10,medium
bicycle@medium,0,50,10,18,natural,10,medium
bicycle@medium,0,100,10,18,natural,10,medium
bicycle@medium,0,150,10,18,natural,10,medium
bicycle@small,0,25,2,150,natural,10,small
bicycle@small,0,50,2,150,natural,10,small
bicycle@small,0,100,3,150,natural,10,small
bicycle@small,0,150,6,150,natural,10,small
bird@large,0,25,11,14,natural,10,large
bird@large,0,50,11,14,natural,10,large
bird@large,0,100,19,14,natural,10,large
bird@large,0,150,27,14,natural,10,large
bird@medium,0,25,11,14,natural,10,medium
bird@medium,0,50,11,14,natural,10,medium
bird@medium,0,100,12,14,natural,10,medium
bird@medium,0,150,13,14,natural,10,medium
bird@small,0,25,2,111,natural,10,small
bird@small,0,50,4,111,natural,10,small
bird@small,0,100,8,111,natural,10,small
bird@small,0,150,10,111,natural,10,small
boat@large,0,25,10,14,natural,10,large
boat@large,0,50,10,14,natural,10,large
boat@large,0,100,10,14,natural,10,large
boat@large,0,150,10,14,natural,10,large
boat@medium,0,25,11,14,natural,10,medium
boat@medium,0,50,12,14,natural,10,medium
boat@medium,0,100,12,14,natural,10,medium
boat@medium,0,150,12,14,natural,10,medium
boat@small,0,25,9,27,natural,10,small
boat@small,0,50,10,27,natural,10,small
boat@small,0,100,11,27,natural,10,small
boat@small,0,150,11,27,natural,10,small
book@large,0,25,10,14,natural,10,large
book@large,0,50,10,14,natural,10,large
book@large,0,100,11,14,natural,10,large
book@large,0,150,12,14,natural,10,large
book@medium,0,25,1,150,natural,10,medium
book@medium,0,50,2,150,natural,10,medium
book@medium,0,100,5,150,natural,10,medium
book@medium,0,150,6,150,natural,10,medium
book@small,0,25,0,150,natural,10,small
book@small,0,50,0,150,natural,10,small
book@small,0,100,0,150,natural,10,small
book@small,0,150,0,150,natural,10,small
bottle@large,0,25,10,15,natural,10,large
bottle@large,0,50,11,15,natural,10,large
bottle@large,0,100,11,15,natural,10,large
bottle@large,0,150,12,15,natural,10,large
bottle@medium,0,25,1,150,natural,10,medium
bottle@medium,0,50,2,150,natural,10,medium
bottle@medium,0,100,5,150,natural,10,medium
bottle@medium,0,150,8,150,natural,10,medium
bottle@small,0,25,1,150,natural,10,small
bottle@small,0,50,1,150,natural,10,small
bottle@small,0,100,1,150,natural,10,small
bottle@small,0,150,1,150,natural,10,small
bowl@large,0,25,6,124,natural,10,large
bowl@large,0,50,8,124,natural,10,large
bowl@large,0,100,9,124,natural,10,large
bowl@large,0,150,11,124,natural,10,large
bowl@medium,0,25,0,150,natural,10,medium
bowl@medium,0,50,1,150,natural,10,medium
bowl@medium,0,100,3,150,natural,10,medium
bowl@medium,0,150,6,150,natural,10,medium
bowl@small,0,25,0,150,natural,10,small
bowl@small,0,50,0,150,natural,10,small
bowl@small,0,100,0,150,natural,10,small
bowl@small,0,150,0,150,natural,10,small
bus@large,0,25,10,14,natural,10,large
bus@large,0,50,10,14,natural,10,large
bus@large,0,100,10,14,natural,10,large
bus@large,0,150,10,14,natural,10,large
bus@medium,0,25,9,34,natural,10,medium
bus@medium,0,50,10,34,natural,10,medium
bus@medium,0,100,10,34,natural,10,medium
bus@medium,0,150,10,34,natural,10,medium
bus@small,0,25,1,150,natural,10,small
bus@small,0,50,1,150,natural,10,small
bus@small,0,100,4,150,natural,10,small
bus@small,0,150,6,150,natural,10,small
cell phone@large,0,25,13,14,natural,10,large
cell phone@large,0,50,13,14,natural,10,large
cell phone@large,0,100,13,14,natural,10,large
cell phone@large,0,150,13,14,natural,10,large
cell phone@medium,0,25,16,14,natural,10,medium
cell phone@medium,0,50,17,14,natural,10,medium
cell phone@medium,0,100,17,14,natural,10,medium
cell phone@medium,0,150,18,14,natural,10,medium
cell phone@small,0,25,1,150,natural,10,small
cell phone@small,0,50,4,150,natural,10,small
cell phone@small,0,100,5,150,natural,10,small
cell phone@small,0,150,5,150,natural,10,small
chair@large,0,25,5,58,natural,10,large
chair@large,0,50,9,58,natural,10,large
chair@large,0,100,10,58,natural,10,large
chair@large,0,150,12,58,natural,10,large
chair@medium,0,25,1,150,natural,10,medium
chair@medium,0,50,2,150,natural,10,medium
chair@medium,0,100,2,150,natural,10,medium
chair@medium,0,150,4,150,natural,10,medium
chair@small,0,25,0,150,natural,10,small
chair@small,0,50,0,150,natural,10,small
chair@small,0,100,0,150,natural,10,small
chair@small,0,150,0,150,natural,10,small
clock@large,0,25,10,14,natural,10,large
clock@large,0,50,13,14,natural,10,large
clock@large,0,100,13,14,natural,10,large
clock@large,0,150,13,14,natural,10,large
clock@medium,0,25,10,14,natural,10,medium
clock@medium,0,50,11,14,natural,10,medium
clock@medium,0,100,11,14,natural,10,medium
clock@medium,0,150,11,14,natural,10,medium
clock@small,0,25,4,150,natural,10,small
clock@small,0,50,5,150,natural,10,small
clock@small,0,100,8,150,natural,10,small
clock@small,0,150,8,150,natural,10,small
dining table@large,0,25,6,76,natural,10,large
dining table@large,0,50,7,76,natural,10,large
dining table@large,0,100,10,76,natural,10,large
dining table@large,0,150,10,76,natural,10,large
dining table@medium,0,25,5,59,natural,10,medium
dining table@medium,0,50,9,59,natural,10,medium
dining table@medium,0,100,10,59,natural,10,medium
dining table@medium,0,150,10,59,natural,10,medium
dining table@small,0,25,0,150,natural,10,small
dining table@small,0,50,3,150,natural,10,small
dining table@small,0,100,7,150,natural,10,small
dining table@small,0,150,8,150,natural,10,small
dog@large,0,25,11,15,natural,10,large
dog@large,0,50,11,15,natural,10,large
dog@large,0,100,11,15,natural,10,large
dog@large,0,150,11,15,natural,10,large
dog@medium,0,25,8,28,natural,10,medium
dog@medium,0,50,11,28,natural,10,medium
dog@medium,0,100,11,28,natural,10,medium
dog@medium,0,150,12,28,natural,10,medium
dog@small,0,25,0,150,natural,10,small
dog@small,0,50,1,150,natural,10,small
dog@small,0,100,4,150,natural,10,small
dog@small,0,150,4,150,natural,10,small
enclosed road vehicle@large,0,25,11,15,natural,10,large
enclosed road vehicle@large,0,50,12,15,natural,10,large
enclosed road vehicle@large,0,100,12,15,natural,10,large
enclosed road vehicle@large,0,150,12,15,natural,10,large
enclosed road vehicle@medium,0,25,1,130,natural,10,medium
enclosed road vehicle@medium,0,50,6,130,natural,10,medium
enclosed road vehicle@medium,0,100,9,130,natural,10,medium
enclosed road vehicle@medium,0,150,10,130,natural,10,medium
enclosed road vehicle@small,0,25,0,150,natural,10,small
enclosed road vehicle@small,0,50,1,150,natural,10,small
enclosed road vehicle@small,0,100,3,150,natural,10,small
enclosed road vehicle@small,0,150,5,150,natural,10,small
fire hydrant@large,0,25,10,14,natural,10,large
fire hydrant@large,0,50,10,14,natural,10,large
fire hydrant@large,0,100,10,14,natural,10,large
fire hydrant@large,0,150,10,14,natural,10,large
fire hydrant@medium,0,25,10,14,natural,10,medium
fire hydrant@medium,0,50,10,14,natural,10,medium
fire hydrant@medium,0,100,10,14,natural,10,medium
fire hydrant@medium,0,150,10,14,natural,10,medium
fire hydrant@small,0,25,0,150,natural,10,small
fire hydrant@small,0,50,1,150,natural,10,small
fire hydrant@small,0,100,6,150,natural,10,small
fire hydrant@small,0,150,8,150,natural,10,small
fork@large,0,25,12,16,natural,10,large
fork@large,0,50,13,16,natural,10,large
fork@large,0,100,15,16,natural,10,large
fork@large,0,150,16,16,natural,10,large
fork@medium,0,25,6,80,natural,10,medium
fork@medium,0,50,7,80,natural,10,medium
fork@medium,0,100,10,80,natural,10,medium
fork@medium,0,150,11,80,natural,10,medium
fork@small,0,25,1,150,natural,10,small
fork@small,0,50,1,150,natural,10,small
fork@small,0,100,2,150,natural,10,small
fork@small,0,150,8,150,natural,10,small
frisbee@large,0,25,15,14,natural,10,large
frisbee@large,0,50,16,14,natural,10,large
frisbee@large,0,100,16,14,natural,10,large
frisbee@large,0,150,16,14,natural,10,large
frisbee@medium,0,25,11,14,natural,10,medium
frisbee@medium,0,50,11,14,natural,10,medium
frisbee@medium,0,100,11,14,natural,10,medium
frisbee@medium,0,150,11,14,natural,10,medium
frisbee@small,0,25,10,14,natural,10,small
frisbee@small,0,50,10,14,natural,10,small
frisbee@small,0,100,10,14,natural,10,small
frisbee@small,0,150,10,14,natural,10,small
keyboard@large,0,25,10,14,natural,10,large
keyboard@large,0,50,10,14,natural,10,large
keyboard@large,0,100,10,14,natural,10,large
keyboard@large,0,150,13,14,natural,10,large
keyboard@medium,0,25,4,81,natural,10,medium
keyboard@medium,0,50,7,81,natural,10,medium
keyboard@medium,0,100,10,81,natural,10,medium
keyboard@medium,0,150,10,81,natural,10,medium
keyboard@small,0,25,0,150,natural,10,small
keyboard@small,0,50,0,150,natural,10,small
keyboard@small,0,100,0,150,natural,10,small
keyboard@small,0,150,2,150,natural,10,small
kite@large,0,25,10,14,natural,10,large
kite@large,0,50,10,14,natural,10,large
kite@large,0,100,10,14,natural,10,large
kite@large,0,150,29,14,natural,10,large
kite@medium,0,25,10,14,natural,10,medium
kite@medium,0,50,10,14,natural,10,medium
kite@medium,0,100,10,14,natural,10,medium
kite@medium,0,150,10,14,natural,10,medium
kite@small,0,25,10,14,natural,10,small
kite@small,0,50,10,14,natural,10,small
kite@small,0,100,10,14,natural,10,small
kite@small,0,150,10,14,natural,10,small
knife@large,0,25,10,24,natural,10,large
knife@large,0,50,10,24,natural,10,large
knife@large,0,100,12,24,natural,10,large
knife@large,0,150,12,24,natural,10,large
knife@medium,0,25,2,150,natural,10,medium
knife@medium,0,50,3,150,natural,10,medium
knife@medium,0,100,5,150,natural,10,medium
knife@medium,0,150,5,150,natural,10,medium
knife@small,0,25,0,150,natural,10,small
knife@small,0,50,0,150,natural,10,small
knife@small,0,100,0,150,natural,10,small
knife@small,0,150,0,150,natural,10,small
laptop@large,0,25,10,14,natural,10,large
laptop@large,0,50,10,14,natural,10,large
laptop@large,0,100,10,14,natural,10,large
laptop@large,0,150,12,14,natural,10,large
laptop@medium,0,25,3,74,natural,10,medium
laptop@medium,0,50,5,74,natural,10,medium
laptop@medium,0,100,13,74,natural,10,medium
laptop@medium,0,150,13,74,natural,10,medium
laptop@small,0,25,0,150,natural,10,small
laptop@small,0,50,0,150,natural,10,small
laptop@small,0,100,0,150,natural,10,small
laptop@small,0,150,1,150,natural,10,small
microwave@large,0,25,10,14,natural,10,large
microwave@large,0,50,10,14,natural,10,large
microwave@large,0,100,10,14,natural,10,large
microwave@large,0,150,10,14,natural,10,large
microwave@medium,0,25,5,49,natural,10,medium
microwave@medium,0,50,10,49,natural,10,medium
microwave@medium,0,100,11,49,natural,10,medium
microwave@medium,0,150,11,49,natural,10,medium
microwave@small,0,25,0,150,natural,10,small
microwave@small,0,50,0,150,natural,10,small
microwave@small,0,100,1,150,natural,10,small
microwave@small,0,150,3,150,natural,10,small
motorcycle@large,0,25,10,14,natural,10,large
motorcycle@large,0,50,11,14,natural,10,large
motorcycle@large,0,100,11,14,natural,10,large
motorcycle@large,0,150,11,14,natural,10,large
motorcycle@medium,0,25,10,14,natural,10,medium
motorcycle@medium,0,50,10,14,natural,10,medium
motorcycle@medium,0,100,10,14,natural,10,medium
motorcycle@medium,0,150,10,14,natural,10,medium
motorcycle@small,0,25,1,150,natural,10,small
motorcycle@small,0,50,1,150,natural,10,small
motorcycle@small,0,100,2,150,natural,10,small
motorcycle@small,0,150,3,150,natural,10,small
mouse@large,0,25,10,14,natural,10,large
mouse@large,0,50,11,14,natural,10,large
mouse@large,0,100,11,14,natural,10,large
mouse@large,0,150,17,14,natural,10,large
mouse@medium,0,25,12,20,natural,10,medium
mouse@medium,0,50,12,20,natural,10,medium
mouse@medium,0,100,12,20,natural,10,medium
mouse@medium,0,150,13,20,natural,10,medium
mouse@small,0,25,0,103,natural,10,small
mouse@small,0,50,2,103,natural,10,small
mouse@small,0,100,8,103,natural,10,small
mouse@small,0,150,10,103,natural,10,small
orange@large,0,25,11,14,natural,10,large
orange@large,0,50,11,14,natural,10,large
orange@large,0,100,14,14,natural,10,large
orange@large,0,150,17,14,natural,10,large
orange@medium,0,25,9,31,natural,10,medium
orange@medium,0,50,10,31,natural,10,medium
orange@medium,0,100,10,31,natural,10,medium
orange@medium,0,150,10,31,natural,10,medium
parking meter@large,0,25,10,14,natural,10,large
parking meter@large,0,50,10,14,natural,10,large
parking meter@large,0,100,10,14,natural,10,large
parking meter@large,0,150,10,14,natural,10,large
parking meter@medium,0,25,10,14,natural,10,medium
parking meter@medium,0,50,10,14,natural,10,medium
parking meter@medium,0,100,10,14,natural,10,medium
parking meter@medium,0,150,10,14,natural,10,medium
parking meter@small,0,25,3,150,natural,10,small
parking meter@small,0,50,4,150,natural,10,small
parking meter@small,0,100,6,150,natural,10,small
parking meter@small,0,150,6,150,natural,10,small
person@large,0,25,14,21,natural,10,large
person@large,0,50,20,21,natural,10,large
person@large,0,100,20,21,natural,10,large
person@large,0,150,20,21,natural,10,large
person@medium,0,25,2,150,natural,10,medium
person@medium,0,50,3,150,natural,10,medium
person@medium,0,100,5,150,natural,10,medium
person@medium,0,150,6,150,natural,10,medium
person@small,0,25,0,150,natural,10,small
person@small,0,50,0,150,natural,10,small
person@small,0,100,0,150,natural,10,small
person@small,0,150,0,150,natural,10,small
remote@large,0,25,10,14,natural,10,large
remote@large,0,50,10,14,natural,10,large
remote@large,0,100,10,14,natural,10,large
remote@large,0,150,10,14,natural,10,large
remote@medium,0,25,10,21,natural,10,medium
remote@medium,0,50,11,21,natural,10,medium
remote@medium,0,100,11,21,natural,10,medium
remote@medium,0,150,11,21,natural,10,medium
remote@small,0,25,0,150,natural,10,small
remote@small,0,50,5,150,natural,10,small
remote@small,0,100,6,150,natural,10,small
remote@small,0,150,6,150,natural,10,small
scissors@large,0,25,21,14,natural,10,large
scissors@large,0,50,36,14,natural,10,large
scissors@large,0,100,36,14,natural,10,large
scissors@large,0,150,36,14,natural,10,large
scissors@medium,0,25,10,14,natural,10,medium
scissors@medium,0,50,11,14,natural,10,medium
scissors@medium,0,100,11,14,natural,10,medium
scissors@medium,0,150,12,14,natural,10,medium
scissors@small,0,25,1,150,natural,10,small
scissors@small,0,50,1,150,natural,10,small
scissors@small,0,100,4,150,natural,10,small
scissors@small,0,150,5,150,natural,10,small
single serving drinking vessel@large,0,25,10,20,natural,10,large
single serving drinking vessel@large,0,50,10,20,natural,10,large
single serving drinking vessel@large,0,100,10,20,natural,10,large
single serving drinking vessel@large,0,150,10,20,natural,10,large
single serving drinking vessel@medium,0,25,7,132,natural,10,medium
single serving drinking vessel@medium,0,50,7,132,natural,10,medium
single serving drinking vessel@medium,0,100,9,132,natural,10,medium
single serving drinking vessel@medium,0,150,10,132,natural,10,medium
single serving drinking vessel@small,0,25,0,150,natural,10,small
single serving drinking vessel@small,0,50,1,150,natural,10,small
single serving drinking vessel@small,0,100,1,150,natural,10,small
single serving drinking vessel@small,0,150,2,150,natural,10,small
sink@large,0,25,12,16,natural,10,large
sink@large,0,50,12,16,natural,10,large
sink@large,0,100,12,16,natural,10,large
sink@large,0,150,13,16,natural,10,large
sink@medium,0,25,6,59,natural,10,medium
sink@medium,0,50,8,59,natural,10,medium
sink@medium,0,100,10,59,natural,10,medium
sink@medium,0,150,10,59,natural,10,medium
sink@small,0,25,1,150,natural,10,small
sink@small,0,50,1,150,natural,10,small
sink@small,0,100,1,150,natural,10,small
sink@small,0,150,3,150,natural,10,small
skateboard@large,0,25,10,14,natural,10,large
skateboard@large,0,50,10,14,natural,10,large
skateboard@large,0,100,10,14,natural,10,large
skateboard@large,0,150,18,14,natural,10,large
skateboard@medium,0,25,10,14,natural,10,medium
skateboard@medium,0,50,10,14,natural,10,medium
skateboard@medium,0,100,10,14,natural,10,medium
skateboard@medium,0,150,10,14,natural,10,medium
skateboard@small,0,25,10,14,natural,10,small
skateboard@small,0,50,10,14,natural,10,small
skateboard@small,0,100,11,14,natural,10,small
skateboard@small,0,150,11,14,natural,10,small
skis@large,0,25,17,14,natural,10,large
skis@large,0,50,22,14,natural,10,large
skis@large,0,100,27,14,natural,10,large
skis@large,0,150,36,14,natural,10,large
skis@medium,0,25,10,14,natural,10,medium
skis@medium,0,50,14,14,natural,10,medium
skis@medium,0,100,21,14,natural,10,medium
skis@medium,0,150,21,14,natural,10,medium
skis@small,0,25,8,30,natural,10,small
skis@small,0,50,10,30,natural,10,small
skis@small,0,100,10,30,natural,10,small
skis@small,0,150,24,30,natural,10,small
snowboard@large,0,25,10,14,natural,10,large
snowboard@large,0,50,24,14,natural,10,large
snowboard@large,0,100,24,14,natural,10,large
snowboard@large,0,150,26,14,natural,10,large
snowboard@medium,0,25,10,14,natural,10,medium
snowboard@medium,0,50,10,14,natural,10,medium
snowboard@medium,0,100,11,14,natural,10,medium
snowboard@medium,0,150,12,14,natural,10,medium
snowboard@small,0,25,10,20,natural,10,small
snowboard@small,0,50,10,20,natural,10,small
snowboard@small,0,100,10,20,natural,10,small
snowboard@small,0,150,10,20,natural,10,small
spoon@large,0,25,8,35,natural,10,large
spoon@large,0,50,10,35,natural,10,large
spoon@large,0,100,11,35,natural,10,large
spoon@large,0,150,11,35,natural,10,large
spoon@medium,0,25,1,150,natural,10,medium
spoon@medium,0,50,2,150,natural,10,medium
spoon@medium,0,100,6,150,natural,10,medium
spoon@medium,0,150,6,150,natural,10,medium
spoon@small,0,25,0,150,natural,10,small
spoon@small,0,50,0,150,natural,10,small
spoon@small,0,100,0,150,natural,10,small
spoon@small,0,150,1,150,natural,10,small
stop sign@large,0,25,10,14,natural,10,large
stop sign@large,0,50,10,14,natural,10,large
stop sign@large,0,100,10,14,natural,10,large
stop sign@large,0,150,10,14,natural,10,large
stop sign@medium,0,25,10,14,natural,10,medium
stop sign@medium,0,50,10,14,natural,10,medium
stop sign@medium,0,100,10,14,natural,10,medium
stop sign@medium,0,150,10,14,natural,10,medium
stop sign@small,0,25,0,150,natural,10,small
stop sign@small,0,50,0,150,natural,10,small
stop sign@small,0,100,0,150,natural,10,small
stop sign@small,0,150,2,150,natural,10,small
surfboard@large,0,25,12,14,natural,10,large
surfboard@large,0,50,12,14,natural,10,large
surfboard@large,0,100,12,14,natural,10,large
surfboard@large,0,150,12,14,natural,10,large
surfboard@medium,0,25,10,14,natural,10,medium
surfboard@medium,0,50,10,14,natural,10,medium
surfboard@medium,0,100,10,14,natural,10,medium
surfboard@medium,0,150,11,14,natural,10,medium
surfboard@small,0,25,10,14,natural,10,small
surfboard@small,0,50,10,14,natural,10,small
surfboard@small,0,100,12,14,natural,10,small
surfboard@small,0,150,12,14,natural,10,small
tennis racket@large,0,25,11,14,natural,10,large
tennis racket@large,0,50,12,14,natural,10,large
tennis racket@large,0,100,41,14,natural,10,large
tennis racket@large,0,150,46,14,natural,10,large
tennis racket@medium,0,25,10,14,natural,10,medium
tennis racket@medium,0,50,10,14,natural,10,medium
tennis racket@medium,0,100,10,14,natural,10,medium
tennis racket@medium,0,150,25,14,natural,10,medium
tennis racket@small,0,25,12,14,natural,10,small
tennis racket@small,0,50,26,14,natural,10,small
tennis racket@small,0,100,35,14,natural,10,small
tennis racket@small,0,150,35,14,natural,10,small
tie@large,0,25,10,14,natural,10,large
tie@large,0,50,10,14,natural,10,large
tie@large,0,100,10,14,natural,10,large
tie@large,0,150,10,14,natural,10,large
tie@medium,0,25,10,14,natural,10,medium
tie@medium,0,50,10,14,natural,10,medium
tie@medium,0,100,10,14,natural,10,medium
tie@medium,0,150,10,14,natural,10,medium
tie@small,0,25,2,150,natural,10,small
tie@small,0,50,4,150,natural,10,small
tie@small,0,100,8,150,natural,10,small
tie@small,0,150,9,150,natural,10,small
toothbrush@large,0,25,10,14,natural,10,large
toothbrush@large,0,50,10,14,natural,10,large
toothbrush@large,0,100,10,14,natural,10,large
toothbrush@large,0,150,10,14,natural,10,large
toothbrush@medium,0,25,10,14,natural,10,medium
toothbrush@medium,0,50,10,14,natural,10,medium
toothbrush@medium,0,100,10,14,natural,10,medium
toothbrush@medium,0,150,10,14,natural,10,medium
toothbrush@small,0,25,5,83,natural,10,small
toothbrush@small,0,50,6,83,natural,10,small
toothbrush@small,0,100,10,83,natural,10,small
toothbrush@small,0,150,10,83,natural,10,small
traffic light@large,0,25,10,14,natural,10,large
traffic light@large,0,50,10,14,natural,10,large
traffic light@large,0,100,10,14,natural,10,large
traffic light@large,0,150,10,14,natural,10,large
traffic light@medium,0,25,10,14,natural,10,medium
traffic light@medium,0,50,10,14,natural,10,medium
traffic light@medium,0,100,11,14,natural,10,medium
traffic light@medium,0,150,13,14,natural,10,medium
traffic light@small,0,25,4,64,natural,10,small
traffic light@small,0,50,6,64,natural,10,small
traffic light@small,0,100,10,64,natural,10,small
traffic light@small,0,150,10,64,natural,10,small
tv@large,0,25,11,15,natural,10,large
tv@large,0,50,11,15,natural,10,large
tv@large,0,100,12,15,natural,10,large
tv@large,0,150,12,15,natural,10,large
tv@medium,0,25,4,90,natural,10,medium
tv@medium,0,50,6,90,natural,10,medium
tv@medium,0,100,10,90,natural,10,medium
tv@medium,0,150,10,90,natural,10,medium
tv@small,0,25,0,150,natural,10,small
tv@small,0,50,0,150,natural,10,small
tv@small,0,100,1,150,natural,10,small
tv@small,0,150,2,150,natural,10,small
umbrella@large,0,25,11,14,natural,10,large
umbrella@large,0,50,11,14,natural,10,large
umbrella@large,0,100,11,14,natural,10,large
umbrella@large,0,150,11,14,natural,10,large
umbrella@medium,0,25,14,14,natural,10,medium
umbrella@medium,0,50,16,14,natural,10,medium
umbrella@medium,0,100,17,14,natural,10,medium
umbrella@medium,0,150,17,14,natural,10,medium
umbrella@small,0,25,2,150,natural,10,small
umbrella@small,0,50,3,150,natural,10,small
umbrella@small,0,100,5,150,natural,10,small
umbrella@small,0,150,6,150,natural,10,small
vase or potted plant@large,0,25,11,14,natural,10,large
vase or potted plant@large,0,50,11,14,natural,10,large
vase or potted plant@large,0,100,11,14,natural,10,large
vase or potted plant@large,0,150,11,14,natural,10,large
vase or potted plant@medium,0,25,4,97,natural,10,medium
vase or potted plant@medium,0,50,5,97,natural,10,medium
vase or potted plant@medium,0,100,10,97,natural,10,medium
vase or potted plant@medium,0,150,10,97,natural,10,medium
vase or potted plant@small,0,25,0,150,natural,10,small
vase or potted plant@small,0,50,0,150,natural,10,small
vase or potted plant@small,0,100,0,150,natural,10,small
vase or potted plant@small,0,150,1,150,natural,10,small
airplane@large,1,25,11,14,natural,10,large
airplane@large,1,50,16,14,natural,10,large
airplane@large,1,100,30,14,natural,10,large
airplane@large,1,150,48,14,natural,10,large
airplane@medium,1,25,12,14,natural,10,medium
airplane@medium,1,50,22,14,natural,10,medium
airplane@medium,1,100,27,14,natural,10,medium
airplane@medium,1,150,27,14,natural,10,medium
airplane@small,1,25,10,14,natural,10,small
airplane@small,1,50,10,14,natural,10,small
airplane@small,1,100,10,14,natural,10,small
airplane@small,1,150,10,14,natural,10,small
apple@large,1,25,10,14,natural,10,large
apple@large,1,50,10,14,natural,10,large
apple@large,1,100,10,14,natural,10,large
apple@large,1,150,11,14,natural,10,large
apple@medium,1,25,10,16,natural,10,medium
apple@medium,1,50,10,16,natural,10,medium
apple@medium,1,100,10,16,natural,10,medium
apple@medium,1,150,10,16,natural,10,medium
bag or luggage@large,1,25,10,14,natural,10,large
bag or luggage@large,1,50,11,14,natural,10,large
bag or luggage@large,1,100,11,14,natural,10,large
bag or luggage@large,1,150,11,14,natural,10,large
bag or luggage@medium,1,25,3,107,natural,10,medium
bag or luggage@medium,1,50,5,107,natural,10,medium
bag or luggage@medium,1,100,8,107,natural,10,medium
bag or luggage@medium,1,150,11,107,natural,10,medium
bag or luggage@small,1,25,0,150,natural,10,small
bag or luggage@small,1,50,0,150,natural,10,small
bag or luggage@small,1,100,0,150,natural,10,small
bag or luggage@small,1,150,1,150,natural,10,small
banana@large,1,25,10,14,natural,10,large
banana@large,1,50,10,14,natural,10,large
banana@large,1,100,10,14,natural,10,large
banana@large,1,150,10,14,natural,10,large
banana@medium,1,25,10,14,natural,10,medium
banana@medium,1,50,10,14,natural,10,medium
banana@medium,1,100,10,14,natural,10,medium
banana@medium,1,150,10,14,natural,10,medium
baseball bat@large,1,25,10,14,natural,10,large
baseball bat@large,1,50,10,14,natural,10,large
baseball bat@large,1,100,10,14,natural,10,large
baseball bat@large,1,150,11,14,natural,10,large
baseball bat@medium,1,25,10,14,natural,10,medium
baseball bat@medium,1,50,11,14,natural,10,medium
baseball bat@medium,1,100,29,14,natural,10,medium
baseball bat@medium,1,150,42,14,natural,10,medium
baseball bat@small,1,25,14,14,natural,10,small
baseball bat@small,1,50,27,14,natural,10,small
baseball bat@small,1,100,41,14,natural,10,small
baseball bat@small,1,150,41,14,natural,10,small
bench@large,1,25,10,14,natural,10,large
bench@large,1,50,10,14,natural,10,large
bench@large,1,100,10,14,natural,10,large
bench@large,1,150,10,14,natural,10,large
bench@medium,1,25,7,68,natural,10,medium
bench@medium,1,50,9,68,natural,10,medium
bench@medium,1,100,10,68,natural,10,medium
bench@medium,1,150,10,68,natural,10,medium
bench@small,1,25,1,150,natural,10,small
bench@small,1,50,1,150,natural,10,small
bench@small,1,100,1,150,natural,10,small
bench@small,1,150,1,150,natural,10,small
bicycle@large,1,25,10,14,natural,10,large
bicycle@large,1,50,10,14,natural,10,large
bicycle@large,1,100,10,14,natural,10,large
bicycle@large,1,150,10,14,natural,10,large
bicycle@medium,1,25,10,20,natural,10,medium
bicycle@medium,1,50,10,20,natural,10,medium
bicycle@medium,1,100,10,20,natural,10,medium
bicycle@medium,1,150,10,20,natural,10,medium
bicycle@small,1,25,1,150,natural,10,small
bicycle@small,1,50,3,150,natural,10,small
bicycle@small,1,100,4,150,natural,10,small
bicycle@small,1,150,6,150,natural,10,small
bird@large,1,25,17,14,natural,10,large
bird@large,1,50,17,14,natural,10,large
bird@large,1,100,17,14,natural,10,large
bird@large,1,150,17,14,natural,10,large
bird@medium,1,25,10,14,natural,10,medium
bird@medium,1,50,11,14,natural,10,medium
bird@medium,1,100,11,14,natural,10,medium
bird@medium,1,150,11,14,natural,10,medium
bird@small,1,25,3,83,natural,10,small
bird@small,1,50,4,83,natural,10,small
bird@small,1,100,11,83,natural,10,small
bird@small,1,150,12,83,natural,10,small
boat@large,1,25,11,14,natural,10,large
boat@large,1,50,11,14,natural,10,large
boat@large,1,100,11,14,natural,10,large
boat@large,1,150,11,14,natural,10,large
boat@medium,1,25,10,14,natural,10,medium
boat@medium,1,50,10,14,natural,10,medium
boat@medium,1,100,10,14,natural,10,medium
boat@medium,1,150,10,14,natural,10,medium
boat@small,1,25,9,27,natural,10,small
boat@small,1,50,10,27,natural,10,small
boat@small,1,100,10,27,natural,10,small
boat@small,1,150,11,27,natural,10,small
book@large,1,25,10,14,natural,10,large
book@large,1,50,10,14,natural,10,large
book@large,1,100,10,14,natural,10,large
book@large,1,150,10,14,natural,10,large
book@medium,1,25,0,150,natural,10,medium
book@medium,1,50,1,150,natural,10,medium
book@medium,1,100,2,150,natural,10,medium
book@medium,1,150,2,150,natural,10,medium
book@small,1,25,1,150,natural,10,small
book@small,1,50,2,150,natural,10,small
book@small,1,100,2,150,natural,10,small
book@small,1,150,3,150,natural,10,small
bottle@large,1,25,12,14,natural,10,large
bottle@large,1,50,12,14,natural,10,large
bottle@large,1,100,13,14,natural,10,large
bottle@large,1,150,13,14,natural,10,large
bottle@medium,1,25,1,150,natural,10,medium
bottle@medium,1,50,2,150,natural,10,medium
bottle@medium,1,100,5,150,natural,10,medium
bottle@medium,1,150,9,150,natural,10,medium
bottle@small,1,25,0,150,natural,10,small
bottle@small,1,50,0,150,natural,10,small
bottle@small,1,100,0,150,natural,10,small
bottle@small,1,150,0,150,natural,10,small
bowl@large,1,25,5,59,natural,10,large
bowl@large,1,50,9,59,natural,10,large
bowl@large,1,100,11,59,natural,10,large
bowl@large,1,150,11,59,natural,10,large
bowl@medium,1,25,1,150,natural,10,medium
bowl@medium,1,50,2,150,natural,10,medium
bowl@medium,1,100,3,150,natural,10,medium
bowl@medium,1,150,5,150,natural,10,medium
bowl@small,1,25,0,150,natural,10,small
bowl@small,1,50,0,150,natural,10,small
bowl@small,1,100,0,150,natural,10,small
bowl@small,1,150,0,150,natural,10,small
bus@large,1,25,10,14,natural,10,large
bus@large,1,50,10,14,natural,10,large
bus@large,1,100,10,14,natural,10,large
bus@large,1,150,10,14,natural,10,large
bus@medium,1,25,10,14,natural,10,medium
bus@medium,1,50,10,14,natural,10,medium
bus@medium,1,100,11,14,natural,10,medium
bus@medium,1,150,11,14,natural,10,medium
bus@small,1,25,1,150,natural,10,small
bus@small,1,50,2,150,natural,10,small
bus@small,1,100,2,150,natural,10,small
bus@small,1,150,3,150,natural,10,small
cell phone@large,1,25,10,14,natural,10,large
cell phone@large,1,50,11,14,natural,10,large
cell phone@large,1,100,11,14,natural,10,large
cell phone@large,1,150,11,14,natural,10,large
cell phone@medium,1,25,10,17,natural,10,medium
cell phone@medium,1,50,12,17,natural,10,medium
cell phone@medium,1,100,12,17,natural,10,medium
cell phone@medium,1,150,12,17,natural,10,medium
cell phone@small,1,25,3,115,natural,10,small
cell phone@small,1,50,4,115,natural,10,small
cell phone@small,1,100,9,115,natural,10,small
cell phone@small,1,150,10,115,natural,10,small
chair@large,1,25,8,44,natural,10,large
chair@large,1,50,10,44,natural,10,large
chair@large,1,100,10,44,natural,10,large
chair@large,1,150,10,44,natural,10,large
chair@medium,1,25,1,150,natural,10,medium
chair@medium,1,50,1,150,natural,10,medium
chair@medium,1,100,3,150,natural,10,medium
chair@medium,1,150,3,150,natural,10,medium
chair@small,1,25,0,150,natural,10,small
chair@small,1,50,0,150,natural,10,small
chair@small,1,100,0,150,natural,10,small
chair@small,1,150,0,150,natural,10,small
clock@large,1,25,10,14,natural,10,large
clock@large,1,50,18,14,natural,10,large
clock@large,1,100,18,14,natural,10,large
clock@large,1,150,18,14,natural,10,large
clock@medium,1,25,10,14,natural,10,medium
clock@medium,1,50,10,14,natural,10,medium
clock@medium,1,100,10,14,natural,10,medium
clock@medium,1,150,10,14,natural,10,medium
clock@small,1,25,6,150,natural,10,small
clock@small,1,50,7,150,natural,10,small
clock@small,1,100,8,150,natural,10,small
clock@small,1,150,8,150,natural,10,small
dining table@large,1,25,5,102,natural,10,large
dining table@large,1,50,7,102,natural,10,large
dining table@large,1,100,9,102,natural,10,large
dining table@large,1,150,10,102,natural,10,large
dining table@medium,1,25,9,27,natural,10,medium
dining table@medium,1,50,11,27,natural,10,medium
dining table@medium,1,100,11,27,natural,10,medium
dining table@medium,1,150,11,27,natural,10,medium
dining table@small,1,25,1,150,natural,10,small
dining table@small,1,50,1,150,natural,10,small
dining table@small,1,100,4,150,natural,10,small
dining table@small,1,150,4,150,natural,10,small
dog@large,1,25,10,14,natural,10,large
dog@large,1,50,10,14,natural,10,large
dog@large,1,100,10,14,natural,10,large
dog@large,1,150,10,14,natural,10,large
dog@medium,1,25,5,38,natural,10,medium
dog@medium,1,50,12,38,natural,10,medium
dog@medium,1,100,12,38,natural,10,medium
dog@medium,1,150,12,38,natural,10,medium
dog@small,1,25,1,150,natural,10,small
dog@small,1,50,3,150,natural,10,small
dog@small,1,100,4,150,natural,10,small
dog@small,1,150,5,150,natural,10,small
enclosed road vehicle@large,1,25,10,23,natural,10,large
enclosed road vehicle@large,1,50,10,23,natural,10,large
enclosed road vehicle@large,1,100,10,23,natural,10,large
enclosed road vehicle@large,1,150,10,23,natural,10,large
enclosed road vehicle@medium,1,25,1,150,natural,10,medium
enclosed road vehicle@medium,1,50,4,150,natural,10,medium
enclosed road vehicle@medium,1,100,6,150,natural,10,medium
enclosed road vehicle@medium,1,150,9,150,natural,10,medium
enclosed road vehicle@small,1,25,0,150,natural,10,small
enclosed road vehicle@small,1,50,0,150,natural,10,small
enclosed road vehicle@small,1,100,0,150,natural,10,small
enclosed road vehicle@small,1,150,0,150,natural,10,small
fire hydrant@large,1,25,10,14,natural,10,large
fire hydrant@large,1,50,10,14,natural,10,large
fire hydrant@large,1,100,10,14,natural,10,large
fire hydrant@large,1,150,10,14,natural,10,large
fire hydrant@medium,1,25,10,14,natural,10,medium
fire hydrant@medium,1,50,10,14,natural,10,medium
fire hydrant@medium,1,100,10,14,natural,10,medium
fire hydrant@medium,1,150,10,14,natural,10,medium
fire hydrant@small,1,25,1,150,natural,10,small
fire hydrant@small,1,50,2,150,natural,10,small
fire hydrant@small,1,100,6,150,natural,10,small
fire hydrant@small,1,150,8,150,natural,10,small
fork@large,1,25,10,20,natural,10,large
fork@large,1,50,10,20,natural,10,large
fork@large,1,100,10,20,natural,10,large
fork@large,1,150,10,20,natural,10,large
fork@medium,1,25,5,53,natural,10,medium
fork@medium,1,50,9,53,natural,10,medium
fork@medium,1,100,10,53,natural,10,medium
fork@medium,1,150,10,53,natural,10,medium
fork@small,1,25,1,150,natural,10,small
fork@small,1,50,1,150,natural,10,small
fork@small,1,100,3,150,natural,10,small
fork@small,1,150,8,150,natural,10,small
frisbee@large,1,25,10,14,natural,10,large
frisbee@large,1,50,10,14,natural,10,large
frisbee@large,1,100,10,14,natural,10,large
frisbee@large,1,150,10,14,natural,10,large
frisbee@medium,1,25,10,14,natural,10,medium
frisbee@medium,1,50,10,14,natural,10,medium
frisbee@medium,1,100,10,14,natural,10,medium
frisbee@medium,1,150,10,14,natural,10,medium
frisbee@small,1,25,11,14,natural,10,small
frisbee@small,1,50,11,14,natural,10,small
frisbee@small,1,100,11,14,natural,10,small
frisbee@small,1,150,11,14,natural,10,small
keyboard@large,1,25,10,14,natural,10,large
keyboard@large,1,50,10,14,natural,10,large
keyboard@large,1,100,10,14,natural,10,large
keyboard@large,1,150,12,14,natural,10,large
keyboard@medium,1,25,1,87,natural,10,medium
keyboard@medium,1,50,5,87,natural,10,medium
keyboard@medium,1,100,16,87,natural,10,medium
keyboard@medium,1,150,16,87,natural,10,medium
keyboard@small,1,25,0,150,natural,10,small
keyboard@small,1,50,0,150,natural,10,small
keyboard@small,1,100,2,150,natural,10,small
keyboard@small,1,150,4,150,natural,10,small
kite@large,1,25,10,14,natural,10,large
kite@large,1,50,10,14,natural,10,large
kite@large,1,100,10,14,natural,10,large
kite@large,1,150,10,14,natural,10,large
kite@medium,1,25,10,14,natural,10,medium
kite@medium,1,50,10,14,natural,10,medium
kite@medium,1,100,10,14,natural,10,medium
kite@medium,1,150,11,14,natural,10,medium
kite@small,1,25,12,14,natural,10,small
kite@small,1,50,12,14,natural,10,small
kite@small,1,100,12,14,natural,10,small
kite@small,1,150,13,14,natural,10,small
knife@large,1,25,7,36,natural,10,large
knife@large,1,50,10,36,natural,10,large
knife@large,1,100,10,36,natural,10,large
knife@large,1,150,10,36,natural,10,large
knife@medium,1,25,1,150,natural,10,medium
knife@medium,1,50,3,150,natural,10,medium
knife@medium,1,100,4,150,natural,10,medium
knife@medium,1,150,4,150,natural,10,medium
knife@small,1,25,0,150,natural,10,small
knife@small,1,50,0,150,natural,10,small
knife@small,1,100,0,150,natural,10,small
knife@small,1,150,1,150,natural,10,small
laptop@large,1,25,10,14,natural,10,large
laptop@large,1,50,10,14,natural,10,large
laptop@large,1,100,10,14,natural,10,large
laptop@large,1,150,10,14,natural,10,large
laptop@medium,1,25,0,79,natural,10,medium
laptop@medium,1,50,5,79,natural,10,medium
laptop@medium,1,100,10,79,natural,10,medium
laptop@medium,1,150,11,79,natural,10,medium
laptop@small,1,25,0,150,natural,10,small
laptop@small,1,50,0,150,natural,10,small
laptop@small,1,100,0,150,natural,10,small
laptop@small,1,150,1,150,natural,10,small
microwave@large,1,25,10,14,natural,10,large
microwave@large,1,50,10,14,natural,10,large
microwave@large,1,100,10,14,natural,10,large
microwave@large,1,150,10,14,natural,10,large
microwave@medium,1,25,3,74,natural,10,medium
microwave@medium,1,50,7,74,natural,10,medium
microwave@medium,1,100,10,74,natural,10,medium
microwave@medium,1,150,10,74,natural,10,medium
microwave@small,1,25,0,150,natural,10,small
microwave@small,1,50,0,150,natural,10,small
microwave@small,1,100,0,150,natural,10,small
microwave@small,1,150,3,150,natural,10,small
motorcycle@large,1,25,12,14,natural,10,large
motorcycle@large,1,50,17,14,natural,10,large
motorcycle@large,1,100,17,14,natural,10,large
motorcycle@large,1,150,17,14,natural,10,large
motorcycle@medium,1,25,10,14,natural,10,medium
motorcycle@medium,1,50,10,14,natural,10,medium
motorcycle@medium,1,100,10,14,natural,10,medium
motorcycle@medium,1,150,10,14,natural,10,medium
motorcycle@small,1,25,1,150,natural,10,small
motorcycle@small,1,50,1,150,natural,10,small
motorcycle@small,1,100,1,150,natural,10,small
motorcycle@small,1,150,3,150,natural,10,small
mouse@large,1,25,10,14,natural,10,large
mouse@large,1,50,10,14,natural,10,large
mouse@large,1,100,10,14,natural,10,large
mouse@large,1,150,11,14,natural,10,large
mouse@medium,1,25,10,17,natural,10,medium
mouse@medium,1,50,10,17,natural,10,medium
mouse@medium,1,100,10,17,natural,10,medium
mouse@medium,1,150,10,17,natural,10,medium
mouse@small,1,25,0,84,natural,10,small
mouse@small,1,50,2,84,natural,10,small
mouse@small,1,100,10,84,natural,10,small
mouse@small,1,150,10,84,natural,10,small
orange@large,1,25,10,14,natural,10,large
orange@large,1,50,10,14,natural,10,large
orange@large,1,100,10,14,natural,10,large
orange@large,1,150,12,14,natural,10,large
orange@medium,1,25,10,14,natural,10,medium
orange@medium,1,50,10,14,natural,10,medium
orange@medium,1,100,10,14,natural,10,medium
orange@medium,1,150,10,14,natural,10,medium
parking meter@large,1,25,10,14,natural,10,large
parking meter@large,1,50,10,14,natural,10,large
parking meter@large,1,100,10,14,natural,10,large
parking meter@large,1,150,10,14,natural,10,large
parking meter@medium,1,25,11,14,natural,10,medium
parking meter@medium,1,50,11,14,natural,10,medium
parking meter@medium,1,100,11,14,natural,10,medium
parking meter@medium,1,150,11,14,natural,10,medium
parking meter@small,1,25,2,150,natural,10,small
parking meter@small,1,50,3,150,natural,10,small
parking meter@small,1,100,6,150,natural,10,small
parking meter@small,1,150,8,150,natural,10,small
person@large,1,25,10,21,natural,10,large
person@large,1,50,10,21,natural,10,large
person@large,1,100,10,21,natural,10,large
person@large,1,150,11,21,natural,10,large
person@medium,1,25,3,150,natural,10,medium
person@medium,1,50,4,150,natural,10,medium
person@medium,1,100,6,150,natural,10,medium
person@medium,1,150,7,150,natural,10,medium
person@small,1,25,0,150,natural,10,small
person@small,1,50,0,150,natural,10,small
person@small,1,100,1,150,natural,10,small
person@small,1,150,1,150,natural,10,small
remote@large,1,25,10,14,natural,10,large
remote@large,1,50,11,14,natural,10,large
remote@large,1,100,11,14,natural,10,large
remote@large,1,150,11,14,natural,10,large
remote@medium,1,25,8,35,natural,10,medium
remote@medium,1,50,10,35,natural,10,medium
remote@medium,1,100,12,35,natural,10,medium
remote@medium,1,150,12,35,natural,10,medium
remote@small,1,25,0,150,natural,10,small
remote@small,1,50,3,150,natural,10,small
remote@small,1,100,4,150,natural,10,small
remote@small,1,150,7,150,natural,10,small
scissors@large,1,25,10,14,natural,10,large
scissors@large,1,50,10,14,natural,10,large
scissors@large,1,100,13,14,natural,10,large
scissors@large,1,150,13,14,natural,10,large
scissors@medium,1,25,14,14,natural,10,medium
scissors@medium,1,50,14,14,natural,10,medium
scissors@medium,1,100,14,14,natural,10,medium
scissors@medium,1,150,14,14,natural,10,medium
scissors@small,1,25,2,150,natural,10,small
scissors@small,1,50,5,150,natural,10,small
scissors@small,1,100,7,150,natural,10,small
scissors@small,1,150,8,150,natural,10,small
single serving drinking vessel@large,1,25,7,44,natural,10,large
single serving drinking vessel@large,1,50,11,44,natural,10,large
single serving drinking vessel@large,1,100,11,44,natural,10,large
single serving drinking vessel@large,1,150,11,44,natural,10,large
single serving drinking vessel@medium,1,25,4,52,natural,10,medium
single serving drinking vessel@medium,1,50,9,52,natural,10,medium
single serving drinking vessel@medium,1,100,10,52,natural,10,medium
single serving drinking vessel@medium,1,150,10,52,natural,10,medium
single serving drinking vessel@small,1,25,1,150,natural,10,small
single serving drinking vessel@small,1,50,2,150,natural,10,small
single serving drinking vessel@small,1,100,5,150,natural,10,small
single serving drinking vessel@small,1,150,6,150,natural,10,small
sink@large,1,25,10,14,natural,10,large
sink@large,1,50,10,14,natural,10,large
sink@large,1,100,10,14,natural,10,large
sink@large,1,150,11,14,natural,10,large
sink@medium,1,25,5,63,natural,10,medium
sink@medium,1,50,9,63,natural,10,medium
sink@medium,1,100,10,63,natural,10,medium
sink@medium,1,150,10,63,natural,10,medium
sink@small,1,25,2,150,natural,10,small
sink@small,1,50,2,150,natural,10,small
sink@small,1,100,4,150,natural,10,small
sink@small,1,150,5,150,natural,10,small
skateboard@large,1,25,11,14,natural,10,large
skateboard@large,1,50,13,14,natural,10,large
skateboard@large,1,100,17,14,natural,10,large
skateboard@large,1,150,19,14,natural,10,large
skateboard@medium,1,25,12,14,natural,10,medium
skateboard@medium,1,50,19,14,natural,10,medium
skateboard@medium,1,100,19,14,natural,10,medium
skateboard@medium,1,150,29,14,natural,10,medium
skateboard@small,1,25,10,14,natural,10,small
skateboard@small,1,50,10,14,natural,10,small
skateboard@small,1,100,10,14,natural,10,small
skateboard@small,1,150,10,14,natural,10,small
skis@large,1,25,10,14,natural,10,large
skis@large,1,50,10,14,natural,10,large
skis@large,1,100,11,14,natural,10,large
skis@large,1,150,13,14,natural,10,large
skis@medium,1,25,11,14,natural,10,medium
skis@medium,1,50,21,14,natural,10,medium
skis@medium,1,100,41,14,natural,10,medium
skis@medium,1,150,47,14,natural,10,medium
skis@small,1,25,10,25,natural,10,small
skis@small,1,50,10,25,natural,10,small
skis@small,1,100,21,25,natural,10,small
skis@small,1,150,35,25,natural,10,small
snowboard@large,1,25,11,14,natural,10,large
snowboard@large,1,50,12,14,natural,10,large
snowboard@large,1,100,19,14,natural,10,large
snowboard@large,1,150,36,14,natural,10,large
snowboard@medium,1,25,10,14,natural,10,medium
snowboard@medium,1,50,10,14,natural,10,medium
snowboard@medium,1,100,10,14,natural,10,medium
snowboard@medium,1,150,13,14,natural,10,medium
snowboard@small,1,25,10,16,natural,10,small
snowboard@small,1,50,10,16,natural,10,small
snowboard@small,1,100,10,16,natural,10,small
snowboard@small,1,150,16,16,natural,10,small
spoon@large,1,25,8,33,natural,10,large
spoon@large,1,50,10,33,natural,10,large
spoon@large,1,100,11,33,natural,10,large
spoon@large,1,150,11,33,natural,10,large
spoon@medium,1,25,3,86,natural,10,medium
spoon@medium,1,50,5,86,natural,10,medium
spoon@medium,1,100,10,86,natural,10,medium
spoon@medium,1,150,10,86,natural,10,medium
spoon@small,1,25,0,150,natural,10,small
spoon@small,1,50,0,150,natural,10,small
spoon@small,1,100,1,150,natural,10,small
spoon@small,1,150,2,150,natural,10,small
stop sign@large,1,25,10,14,natural,10,large
stop sign@large,1,50,10,14,natural,10,large
stop sign@large,1,100,10,14,natural,10,large
stop sign@large,1,150,10,14,natural,10,large
stop sign@medium,1,25,10,14,natural,10,medium
stop sign@medium,1,50,10,14,natural,10,medium
stop sign@medium,1,100,11,14,natural,10,medium
stop sign@medium,1,150,12,14,natural,10,medium
stop sign@small,1,25,0,150,natural,10,small
stop sign@small,1,50,0,150,natural,10,small
stop sign@small,1,100,1,150,natural,10,small
stop sign@small,1,150,4,150,natural,10,small
surfboard@large,1,25,10,14,natural,10,large
surfboard@large,1,50,10,14,natural,10,large
surfboard@large,1,100,10,14,natural,10,large
surfboard@large,1,150,10,14,natural,10,large
surfboard@medium,1,25,10,14,natural,10,medium
surfboard@medium,1,50,10,14,natural,10,medium
surfboard@medium,1,100,10,14,natural,10,medium
surfboard@medium,1,150,11,14,natural,10,medium
surfboard@small,1,25,10,14,natural,10,small
surfboard@small,1,50,10,14,natural,10,small
surfboard@small,1,100,10,14,natural,10,small
surfboard@small,1,150,14,14,natural,10,small
tennis racket@large,1,25,10,14,natural,10,large
tennis racket@large,1,50,10,14,natural,10,large
tennis racket@large,1,100,10,14,natural,10,large
tennis racket@large,1,150,31,14,natural,10,large
tennis racket@medium,1,25,10,14,natural,10,medium
tennis racket@medium,1,50,10,14,natural,10,medium
tennis racket@medium,1,100,15,14,natural,10,medium
tennis racket@medium,1,150,35,14,natural,10,medium
tennis racket@small,1,25,10,14,natural,10,small
tennis racket@small,1,50,25,14,natural,10,small
tennis racket@small,1,100,25,14,natural,10,small
tennis racket@small,1,150,25,14,natural,10,small
tie@large,1,25,10,14,natural,10,large
tie@large,1,50,10,14,natural,10,large
tie@large,1,100,10,14,natural,10,large
tie@large,1,150,10,14,natural,10,large
tie@medium,1,25,10,14,natural,10,medium
tie@medium,1,50,10,14,natural,10,medium
tie@medium,1,100,10,14,natural,10,medium
tie@medium,1,150,10,14,natural,10,medium
tie@small,1,25,0,150,natural,10,small
tie@small,1,50,2,150,natural,10,small
tie@small,1,100,3,150,natural,10,small
tie@small,1,150,3,150,natural,10,small
toothbrush@large,1,25,10,14,natural,10,large
toothbrush@large,1,50,10,14,natural,10,large
toothbrush@large,1,100,10,14,natural,10,large
toothbrush@large,1,150,10,14,natural,10,large
toothbrush@medium,1,25,10,14,natural,10,medium
toothbrush@medium,1,50,10,14,natural,10,medium
toothbrush@medium,1,100,11,14,natural,10,medium
toothbrush@medium,1,150,11,14,natural,10,medium
toothbrush@small,1,25,6,83,natural,10,small
toothbrush@small,1,50,6,83,natural,10,small
toothbrush@small,1,100,10,83,natural,10,small
toothbrush@small,1,150,10,83,natural,10,small
traffic light@large,1,25,10,14,natural,10,large
traffic light@large,1,50,10,14,natural,10,large
traffic light@large,1,100,10,14,natural,10,large
traffic light@large,1,150,10,14,natural,10,large
traffic light@medium,1,25,10,14,natural,10,medium
traffic light@medium,1,50,11,14,natural,10,medium
traffic light@medium,1,100,12,14,natural,10,medium
traffic light@medium,1,150,13,14,natural,10,medium
traffic light@small,1,25,6,54,natural,10,small
traffic light@small,1,50,9,54,natural,10,small
traffic light@small,1,100,10,54,natural,10,small
traffic light@small,1,150,12,54,natural,10,small
tv@large,1,25,10,14,natural,10,large
tv@large,1,50,10,14,natural,10,large
tv@large,1,100,10,14,natural,10,large
tv@large,1,150,10,14,natural,10,large
tv@medium,1,25,2,76,natural,10,medium
tv@medium,1,50,7,76,natural,10,medium
tv@medium,1,100,10,76,natural,10,medium
tv@medium,1,150,10,76,natural,10,medium
tv@small,1,25,0,150,natural,10,small
tv@small,1,50,1,150,natural,10,small
tv@small,1,100,1,150,natural,10,small
tv@small,1,150,2,150,natural,10,small
umbrella@large,1,25,11,14,natural,10,large
umbrella@large,1,50,11,14,natural,10,large
umbrella@large,1,100,11,14,natural,10,large
umbrella@large,1,150,11,14,natural,10,large
umbrella@medium,1,25,10,14,natural,10,medium
umbrella@medium,1,50,10,14,natural,10,medium
umbrella@medium,1,100,10,14,natural,10,medium
umbrella@medium,1,150,10,14,natural,10,medium
umbrella@small,1,25,2,150,natural,10,small
umbrella@small,1,50,5,150,natural,10,small
umbrella@small,1,100,7,150,natural,10,small
umbrella@small,1,150,7,150,natural,10,small
vase or potted plant@large,1,25,10,14,natural,10,large
vase or potted plant@large,1,50,10,14,natural,10,large
vase or potted plant@large,1,100,11,14,natural,10,large
vase or potted plant@large,1,150,11,14,natural,10,large
vase or potted plant@medium,1,25,3,88,natural,10,medium
vase or potted plant@medium,1,50,6,88,natural,10,medium
vase or potted plant@medium,1,100,10,88,natural,10,medium
vase or potted plant@medium,1,150,10,88,natural,10,medium
vase or potted plant@small,1,25,0,150,natural,10,small
vase or potted plant@small,1,50,0,150,natural,10,small
vase or potted plant@small,1,100,0,150,natural,10,small
vase or potted plant@small,1,150,1,150,natural,10,small
airplane@large,2,25,10,14,natural,10,large
airplane@large,2,50,27,14,natural,10,large
airplane@large,2,100,35,14,natural,10,large
airplane@large,2,150,50,14,natural,10,large
airplane@medium,2,25,10,14,natural,10,medium
airplane@medium,2,50,14,14,natural,10,medium
airplane@medium,2,100,19,14,natural,10,medium
airplane@medium,2,150,27,14,natural,10,medium
airplane@small,2,25,10,14,natural,10,small
airplane@small,2,50,10,14,natural,10,small
airplane@small,2,100,10,14,natural,10,small
airplane@small,2,150,10,14,natural,10,small
apple@large,2,25,11,14,natural,10,large
apple@large,2,50,11,14,natural,10,large
apple@large,2,100,15,14,natural,10,large
apple@large,2,150,26,14,natural,10,large
apple@medium,2,25,11,15,natural,10,medium
apple@medium,2,50,12,15,natural,10,medium
apple@medium,2,100,13,15,natural,10,medium
apple@medium,2,150,13,15,natural,10,medium
bag or luggage@large,2,25,10,14,natural,10,large
bag or luggage@large,2,50,10,14,natural,10,large
bag or luggage@large,2,100,10,14,natural,10,large
bag or luggage@large,2,150,10,14,natural,10,large
bag or luggage@medium,2,25,2,129,natural,10,medium
bag or luggage@medium,2,50,6,129,natural,10,medium
bag or luggage@medium,2,100,8,129,natural,10,medium
bag or luggage@medium,2,150,10,129,natural,10,medium
bag or luggage@small,2,25,0,150,natural,10,small
bag or luggage@small,2,50,0,150,natural,10,small
bag or luggage@small,2,100,0,150,natural,10,small
bag or luggage@small,2,150,1,150,natural,10,small
banana@large,2,25,10,14,natural,10,large
banana@large,2,50,10,14,natural,10,large
banana@large,2,100,10,14,natural,10,large
banana@large,2,150,10,14,natural,10,large
banana@medium,2,25,15,14,natural,10,medium
banana@medium,2,50,15,14,natural,10,medium
banana@medium,2,100,15,14,natural,10,medium
banana@medium,2,150,15,14,natural,10,medium
baseball bat@large,2,25,10,14,natural,10,large
baseball bat@large,2,50,13,14,natural,10,large
baseball bat@large,2,100,16,14,natural,10,large
baseball bat@large,2,150,16,14,natural,10,large
baseball bat@medium,2,25,10,14,natural,10,medium
baseball bat@medium,2,50,12,14,natural,10,medium
baseball bat@medium,2,100,12,14,natural,10,medium
baseball bat@medium,2,150,12,14,natural,10,medium
baseball bat@small,2,25,10,14,natural,10,small
baseball bat@small,2,50,20,14,natural,10,small
baseball bat@small,2,100,21,14,natural,10,small
baseball bat@small,2,150,37,14,natural,10,small
bench@large,2,25,11,14,natural,10,large
bench@large,2,50,11,14,natural,10,large
bench@large,2,100,11,14,natural,10,large
bench@large,2,150,11,14,natural,10,large
bench@medium,2,25,8,44,natural,10,medium
bench@medium,2,50,10,44,natural,10,medium
bench@medium,2,100,10,44,natural,10,medium
bench@medium,2,150,10,44,natural,10,medium
bench@small,2,25,1,150,natural,10,small
bench@small,2,50,1,150,natural,10,small
bench@small,2,100,1,150,natural,10,small
bench@small,2,150,2,150,natural,10,small
bicycle@large,2,25,10,14,natural,10,large
bicycle@large,2,50,10,14,natural,10,large
bicycle@large,2,100,10,14,natural,10,large
bicycle@large,2,150,10,14,natural,10,large
bicycle@medium,2,25,10,21,natural,10,medium
bicycle@medium,2,50,10,21,natural,10,medium
bicycle@medium,2,100,10,21,natural,10,medium
bicycle@medium,2,150,10,21,natural,10,medium
bicycle@small,2,25,1,150,natural,10,small
bicycle@small,2,50,2,150,natural,10,small
bicycle@small,2,100,2,150,natural,10,small
bicycle@small,2,150,3,150,natural,10,small
bird@large,2,25,11,14,natural,10,large
bird@large,2,50,13,14,natural,10,large
bird@large,2,100,23,14,natural,10,large
bird@large,2,150,23,14,natural,10,large
bird@medium,2,25,12,14,natural,10,medium
bird@medium,2,50,15,14,natural,10,medium
bird@medium,2,100,16,14,natural,10,medium
bird@medium,2,150,16,14,natural,10,medium
bird@small,2,25,2,65,natural,10,small
bird@small,2,50,8,65,natural,10,small
bird@small,2,100,10,65,natural,10,small
bird@small,2,150,11,65,natural,10,small
boat@large,2,25,10,14,natural,10,large
boat@large,2,50,10,14,natural,10,large
boat@large,2,100,10,14,natural,10,large
boat@large,2,150,10,14,natural,10,large
boat@medium,2,25,14,14,natural,10,medium
boat@medium,2,50,15,14,natural,10,medium
boat@medium,2,100,15,14,natural,10,medium
boat@medium,2,150,15,14,natural,10,medium
boat@small,2,25,9,26,natural,10,small
boat@small,2,50,11,26,natural,10,small
boat@small,2,100,11,26,natural,10,small
boat@small,2,150,13,26,natural,10,small
book@large,2,25,10,14,natural,10,large
book@large,2,50,10,14,natural,10,large
book@large,2,100,10,14,natural,10,large
book@large,2,150,10,14,natural,10,large
book@medium,2,25,2,150,natural,10,medium
book@medium,2,50,3,150,natural,10,medium
book@medium,2,100,7,150,natural,10,medium
book@medium,2,150,7,150,natural,10,medium
book@small,2,25,0,150,natural,10,small
book@small,2,50,0,150,natural,10,small
book@small,2,100,1,150,natural,10,small
book@small,2,150,2,150,natural,10,small
bottle@large,2,25,10,14,natural,10,large
bottle@large,2,50,10,14,natural,10,large
bottle@large,2,100,10,14,natural,10,large
bottle@large,2,150,10,14,natural,10,large
bottle@medium,2,25,2,150,natural,10,medium
bottle@medium,2,50,2,150,natural,10,medium
bottle@medium,2,100,5,150,natural,10,medium
bottle@medium,2,150,6,150,natural,10,medium
bottle@small,2,25,2,150,natural,10,small
bottle@small,2,50,2,150,natural,10,small
bottle@small,2,100,2,150,natural,10,small
bottle@small,2,150,2,150,natural,10,small
bowl@large,2,25,4,57,natural,10,large
bowl@large,2,50,9,57,natural,10,large
bowl@large,2,100,10,57,natural,10,large
bowl@large,2,150,10,57,natural,10,large
bowl@medium,2,25,1,150,natural,10,medium
bowl@medium,2,50,2,150,natural,10,medium
bowl@medium,2,100,4,150,natural,10,medium
bowl@medium,2,150,4,150,natural,10,medium
bowl@small,2,25,0,150,natural,10,small
bowl@small,2,50,0,150,natural,10,small
bowl@small,2,100,0,150,natural,10,small
bowl@small,2,150,1,150,natural,10,small
bus@large,2,25,10,14,natural,10,large
bus@large,2,50,10,14,natural,10,large
bus@large,2,100,10,14,natural,10,large
bus@large,2,150,10,14,natural,10,large
bus@medium,2,25,10,14,natural,10,medium
bus@medium,2,50,10,14,natural,10,medium
bus@medium,2,100,10,14,natural,10,medium
bus@medium,2,150,10,14,natural,10,medium
bus@small,2,25,2,150,natural,10,small
bus@small,2,50,2,150,natural,10,small
bus@small,2,100,3,150,natural,10,small
bus@small,2,150,4,150,natural,10,small
cell phone@large,2,25,10,14,natural,10,large
cell phone@large,2,50,10,14,natural,10,large
cell phone@large,2,100,13,14,natural,10,large
cell phone@large,2,150,14,14,natural,10,large
cell phone@medium,2,25,10,15,natural,10,medium
cell phone@medium,2,50,10,15,natural,10,medium
cell phone@medium,2,100,10,15,natural,10,medium
cell phone@medium,2,150,11,15,natural,10,medium
cell phone@small,2,25,0,150,natural,10,small
cell phone@small,2,50,4,150,natural,10,small
cell phone@small,2,100,5,150,natural,10,small
cell phone@small,2,150,5,150,natural,10,small
chair@large,2,25,5,80,natural,10,large
chair@large,2,50,6,80,natural,10,large
chair@large,2,100,10,80,natural,10,large
chair@large,2,150,10,80,natural,10,large
chair@medium,2,25,1,150,natural,10,medium
chair@medium,2,50,1,150,natural,10,medium
chair@medium,2,100,2,150,natural,10,medium
chair@medium,2,150,5,150,natural,10,medium
chair@small,2,25,0,150,natural,10,small
chair@small,2,50,0,150,natural,10,small
chair@small,2,100,0,150,natural,10,small
chair@small,2,150,0,150,natural,10,small
clock@large,2,25,10,14,natural,10,large
clock@large,2,50,10,14,natural,10,large
clock@large,2,100,10,14,natural,10,large
clock@large,2,150,10,14,natural,10,large
clock@medium,2,25,10,14,natural,10,medium
clock@medium,2,50,10,14,natural,10,medium
clock@medium,2,100,10,14,natural,10,medium
clock@medium,2,150,10,14,natural,10,medium
clock@small,2,25,9,38,natural,10,small
clock@small,2,50,10,38,natural,10,small
clock@small,2,100,10,38,natural,10,small
clock@small,2,150,10,38,natural,10,small
dining table@large,2,25,10,15,natural,10,large
dining table@large,2,50,10,15,natural,10,large
dining table@large,2,100,10,15,natural,10,large
dining table@large,2,150,11,15,natural,10,large
dining table@medium,2,25,7,38,natural,10,medium
dining table@medium,2,50,10,38,natural,10,medium
dining table@medium,2,100,10,38,natural,10,medium
dining table@medium,2,150,11,38,natural,10,medium
dining table@small,2,25,1,150,natural,10,small
dining table@small,2,50,2,150,natural,10,small
dining table@small,2,100,4,150,natural,10,small
dining table@small,2,150,6,150,natural,10,small
dog@large,2,25,10,14,natural,10,large
dog@large,2,50,10,14,natural,10,large
dog@large,2,100,10,14,natural,10,large
dog@large,2,150,10,14,natural,10,large
dog@medium,2,25,6,34,natural,10,medium
dog@medium,2,50,11,34,natural,10,medium
dog@medium,2,100,11,34,natural,10,medium
dog@medium,2,150,11,34,natural,10,medium
dog@small,2,25,1,150,natural,10,small
dog@small,2,50,2,150,natural,10,small
dog@small,2,100,2,150,natural,10,small
dog@small,2,150,3,150,natural,10,small
enclosed road vehicle@large,2,25,11,14,natural,10,large
enclosed road vehicle@large,2,50,11,14,natural,10,large
enclosed road vehicle@large,2,100,11,14,natural,10,large
enclosed road vehicle@large,2,150,11,14,natural,10,large
enclosed road vehicle@medium,2,25,0,150,natural,10,medium
enclosed road vehicle@medium,2,50,3,150,natural,10,medium
enclosed road vehicle@medium,2,100,6,150,natural,10,medium
enclosed road vehicle@medium,2,150,8,150,natural,10,medium
enclosed road vehicle@small,2,25,1,150,natural,10,small
enclosed road vehicle@small,2,50,1,150,natural,10,small
enclosed road vehicle@small,2,100,3,150,natural,10,small
enclosed road vehicle@small,2,150,4,150,natural,10,small
fire hydrant@large,2,25,10,14,natural,10,large
fire hydrant@large,2,50,10,14,natural,10,large
fire hydrant@large,2,100,10,14,natural,10,large
fire hydrant@large,2,150,10,14,natural,10,large
fire hydrant@medium,2,25,10,14,natural,10,medium
fire hydrant@medium,2,50,10,14,natural,10,medium
fire hydrant@medium,2,100,10,14,natural,10,medium
fire hydrant@medium,2,150,11,14,natural,10,medium
fire hydrant@small,2,25,2,150,natural,10,small
fire hydrant@small,2,50,5,150,natural,10,small
fire hydrant@small,2,100,7,150,natural,10,small
fire hydrant@small,2,150,7,150,natural,10,small
fork@large,2,25,11,15,natural,10,large
fork@large,2,50,11,15,natural,10,large
fork@large,2,100,13,15,natural,10,large
fork@large,2,150,14,15,natural,10,large
fork@medium,2,25,5,71,natural,10,medium
fork@medium,2,50,7,71,natural,10,medium
fork@medium,2,100,10,71,natural,10,medium
fork@medium,2,150,10,71,natural,10,medium
fork@small,2,25,3,150,natural,10,small
fork@small,2,50,4,150,natural,10,small
fork@small,2,100,7,150,natural,10,small
fork@small,2,150,8,150,natural,10,small
frisbee@large,2,25,10,14,natural,10,large
frisbee@large,2,50,10,14,natural,10,large
frisbee@large,2,100,10,14,natural,10,large
frisbee@large,2,150,10,14,natural,10,large
frisbee@medium,2,25,10,14,natural,10,medium
frisbee@medium,2,50,10,14,natural,10,medium
frisbee@medium,2,100,10,14,natural,10,medium
frisbee@medium,2,150,10,14,natural,10,medium
frisbee@small,2,25,10,14,natural,10,small
frisbee@small,2,50,10,14,natural,10,small
frisbee@small,2,100,10,14,natural,10,small
frisbee@small,2,150,10,14,natural,10,small
keyboard@large,2,25,10,14,natural,10,large
keyboard@large,2,50,10,14,natural,10,large
keyboard@large,2,100,11,14,natural,10,large
keyboard@large,2,150,12,14,natural,10,large
keyboard@medium,2,25,3,83,natural,10,medium
keyboard@medium,2,50,7,83,natural,10,medium
keyboard@medium,2,100,12,83,natural,10,medium
keyboard@medium,2,150,12,83,natural,10,medium
keyboard@small,2,25,0,150,natural,10,small
keyboard@small,2,50,0,150,natural,10,small
keyboard@small,2,100,1,150,natural,10,small
keyboard@small,2,150,2,150,natural,10,small
kite@large,2,25,10,14,natural,10,large
kite@large,2,50,10,14,natural,10,large
kite@large,2,100,10,14,natural,10,large
kite@large,2,150,10,14,natural,10,large
kite@medium,2,25,10,14,natural,10,medium
kite@medium,2,50,10,14,natural,10,medium
kite@medium,2,100,10,14,natural,10,medium
kite@medium,2,150,10,14,natural,10,medium
kite@small,2,25,10,14,natural,10,small
kite@small,2,50,10,14,natural,10,small
kite@small,2,100,10,14,natural,10,small
kite@small,2,150,10,14,natural,10,small
knife@large,2,25,5,92,natural,10,large
knife@large,2,50,8,92,natural,10,large
knife@large,2,100,10,92,natural,10,large
knife@large,2,150,11,92,natural,10,large
knife@medium,2,25,4,81,natural,10,medium
knife@medium,2,50,5,81,natural,10,medium
knife@medium,2,100,10,81,natural,10,medium
knife@medium,2,150,10,81,natural,10,medium
knife@small,2,25,0,150,natural,10,small
knife@small,2,50,0,150,natural,10,small
knife@small,2,100,0,150,natural,10,small
knife@small,2,150,0,150,natural,10,small
laptop@large,2,25,11,14,natural,10,large
laptop@large,2,50,12,14,natural,10,large
laptop@large,2,100,12,14,natural,10,large
laptop@large,2,150,12,14,natural,10,large
laptop@medium,2,25,4,74,natural,10,medium
laptop@medium,2,50,7,74,natural,10,medium
laptop@medium,2,100,12,74,natural,10,medium
laptop@medium,2,150,12,74,natural,10,medium
laptop@small,2,25,0,150,natural,10,small
laptop@small,2,50,0,150,natural,10,small
laptop@small,2,100,0,150,natural,10,small
laptop@small,2,150,1,150,natural,10,small
microwave@large,2,25,10,14,natural,10,large
microwave@large,2,50,11,14,natural,10,large
microwave@large,2,100,11,14,natural,10,large
microwave@large,2,150,11,14,natural,10,large
microwave@medium,2,25,5,56,natural,10,medium
microwave@medium,2,50,8,56,natural,10,medium
microwave@medium,2,100,10,56,natural,10,medium
microwave@medium,2,150,11,56,natural,10,medium
microwave@small,2,25,0,150,natural,10,small
microwave@small,2,50,0,150,natural,10,small
microwave@small,2,100,0,150,natural,10,small
microwave@small,2,150,2,150,natural,10,small
motorcycle@large,2,25,10,14,natural,10,large
motorcycle@large,2,50,10,14,natural,10,large
motorcycle@large,2,100,14,14,natural,10,large
motorcycle@large,2,150,18,14,natural,10,large
motorcycle@medium,2,25,10,14,natural,10,medium
motorcycle@medium,2,50,10,14,natural,10,medium
motorcycle@medium,2,100,10,14,natural,10,medium
motorcycle@medium,2,150,10,14,natural,10,medium
motorcycle@small,2,25,0,150,natural,10,small
motorcycle@small,2,50,1,150,natural,10,small
motorcycle@small,2,100,3,150,natural,10,small
motorcycle@small,2,150,6,150,natural,10,small
mouse@large,2,25,10,14,natural,10,large
mouse@large,2,50,10,14,natural,10,large
mouse@large,2,100,10,14,natural,10,large
mouse@large,2,150,11,14,natural,10,large
mouse@medium,2,25,10,15,natural,10,medium
mouse@medium,2,50,11,15,natural,10,medium
mouse@medium,2,100,12,15,natural,10,medium
mouse@medium,2,150,15,15,natural,10,medium
mouse@small,2,25,0,114,natural,10,small
mouse@small,2,50,3,114,natural,10,small
mouse@small,2,100,8,114,natural,10,small
mouse@small,2,150,10,114,natural,10,small
orange@large,2,25,10,14,natural,10,large
orange@large,2,50,10,14,natural,10,large
orange@large,2,100,10,14,natural,10,large
orange@large,2,150,20,14,natural,10,large
orange@medium,2,25,10,14,natural,10,medium
orange@medium,2,50,11,14,natural,10,medium
orange@medium,2,100,11,14,natural,10,medium
orange@medium,2,150,12,14,natural,10,medium
parking meter@large,2,25,10,14,natural,10,large
parking meter@large,2,50,10,14,natural,10,large
parking meter@large,2,100,10,14,natural,10,large
parking meter@large,2,150,10,14,natural,10,large
parking meter@medium,2,25,12,14,natural,10,medium
parking meter@medium,2,50,12,14,natural,10,medium
parking meter@medium,2,100,12,14,natural,10,medium
parking meter@medium,2,150,12,14,natural,10,medium
parking meter@small,2,25,3,150,natural,10,small
parking meter@small,2,50,3,150,natural,10,small
parking meter@small,2,100,5,150,natural,10,small
parking meter@small,2,150,5,150,natural,10,small
person@large,2,25,12,23,natural,10,large
person@large,2,50,16,23,natural,10,large
person@large,2,100,16,23,natural,10,large
person@large,2,150,16,23,natural,10,large
person@medium,2,25,2,150,natural,10,medium
person@medium,2,50,4,150,natural,10,medium
person@medium,2,100,6,150,natural,10,medium
person@medium,2,150,7,150,natural,10,medium
person@small,2,25,0,150,natural,10,small
person@small,2,50,0,150,natural,10,small
person@small,2,100,0,150,natural,10,small
person@small,2,150,1,150,natural,10,small
remote@large,2,25,10,14,natural,10,large
remote@large,2,50,10,14,natural,10,large
remote@large,2,100,10,14,natural,10,large
remote@large,2,150,10,14,natural,10,large
remote@medium,2,25,7,53,natural,10,medium
remote@medium,2,50,9,53,natural,10,medium
remote@medium,2,100,12,53,natural,10,medium
remote@medium,2,150,12,53,natural,10,medium
remote@small,2,25,0,150,natural,10,small
remote@small,2,50,4,150,natural,10,small
remote@small,2,100,5,150,natural,10,small
remote@small,2,150,7,150,natural,10,small
scissors@large,2,25,11,14,natural,10,large
scissors@large,2,50,11,14,natural,10,large
scissors@large,2,100,11,14,natural,10,large
scissors@large,2,150,12,14,natural,10,large
scissors@medium,2,25,12,14,natural,10,medium
scissors@medium,2,50,12,14,natural,10,medium
scissors@medium,2,100,12,14,natural,10,medium
scissors@medium,2,150,12,14,natural,10,medium
scissors@small,2,25,1,150,natural,10,small
scissors@small,2,50,1,150,natural,10,small
scissors@small,2,100,2,150,natural,10,small
scissors@small,2,150,3,150,natural,10,small
single serving drinking vessel@large,2,25,10,14,natural,10,large
single serving drinking vessel@large,2,50,10,14,natural,10,large
single serving drinking vessel@large,2,100,10,14,natural,10,large
single serving drinking vessel@large,2,150,11,14,natural,10,large
single serving drinking vessel@medium,2,25,6,46,natural,10,medium
single serving drinking vessel@medium,2,50,10,46,natural,10,medium
single serving drinking vessel@medium,2,100,10,46,natural,10,medium
single serving drinking vessel@medium,2,150,10,46,natural,10,medium
single serving drinking vessel@small,2,25,1,150,natural,10,small
single serving drinking vessel@small,2,50,3,150,natural,10,small
single serving drinking vessel@small,2,100,4,150,natural,10,small
single serving drinking vessel@small,2,150,6,150,natural,10,small
sink@large,2,25,10,14,natural,10,large
sink@large,2,50,10,14,natural,10,large
sink@large,2,100,12,14,natural,10,large
sink@large,2,150,12,14,natural,10,large
sink@medium,2,25,4,98,natural,10,medium
sink@medium,2,50,5,98,natural,10,medium
sink@medium,2,100,10,98,natural,10,medium
sink@medium,2,150,10,98,natural,10,medium
sink@small,2,25,0,150,natural,10,small
sink@small,2,50,0,150,natural,10,small
sink@small,2,100,4,150,natural,10,small
sink@small,2,150,6,150,natural,10,small
skateboard@large,2,25,10,14,natural,10,large
skateboard@large,2,50,10,14,natural,10,large
skateboard@large,2,100,14,14,natural,10,large
skateboard@large,2,150,35,14,natural,10,large
skateboard@medium,2,25,10,14,natural,10,medium
skateboard@medium,2,50,10,14,natural,10,medium
skateboard@medium,2,100,10,14,natural,10,medium
skateboard@medium,2,150,10,14,natural,10,medium
skateboard@small,2,25,10,14,natural,10,small
skateboard@small,2,50,10,14,natural,10,small
skateboard@small,2,100,11,14,natural,10,small
skateboard@small,2,150,11,14,natural,10,small
skis@large,2,25,11,14,natural,10,large
skis@large,2,50,12,14,natural,10,large
skis@large,2,100,14,14,natural,10,large
skis@large,2,150,17,14,natural,10,large
skis@medium,2,25,10,14,natural,10,medium
skis@medium,2,50,12,14,natural,10,medium
skis@medium,2,100,28,14,natural,10,medium
skis@medium,2,150,41,14,natural,10,medium
skis@small,2,25,10,18,natural,10,small
skis@small,2,50,10,18,natural,10,small
skis@small,2,100,31,18,natural,10,small
skis@small,2,150,55,18,natural,10,small
snowboard@large,2,25,12,14,natural,10,large
snowboard@large,2,50,12,14,natural,10,large
snowboard@large,2,100,12,14,natural,10,large
snowboard@large,2,150,14,14,natural,10,large
snowboard@medium,2,25,10,14,natural,10,medium
snowboard@medium,2,50,10,14,natural,10,medium
snowboard@medium,2,100,10,14,natural,10,medium
snowboard@medium,2,150,14,14,natural,10,medium
snowboard@small,2,25,10,15,natural,10,small
snowboard@small,2,50,10,15,natural,10,small
snowboard@small,2,100,13,15,natural,10,small
snowboard@small,2,150,15,15,natural,10,small
spoon@large,2,25,4,72,natural,10,large
spoon@large,2,50,7,72,natural,10,large
spoon@large,2,100,10,72,natural,10,large
spoon@large,2,150,11,72,natural,10,large
spoon@medium,2,25,2,133,natural,10,medium
spoon@medium,2,50,3,133,natural,10,medium
spoon@medium,2,100,9,133,natural,10,medium
spoon@medium,2,150,10,133,natural,10,medium
spoon@small,2,25,0,150,natural,10,small
spoon@small,2,50,0,150,natural,10,small
spoon@small,2,100,0,150,natural,10,small
spoon@small,2,150,1,150,natural,10,small
stop sign@large,2,25,10,14,natural,10,large
stop sign@large,2,50,10,14,natural,10,large
stop sign@large,2,100,10,14,natural,10,large
stop sign@large,2,150,10,14,natural,10,large
stop sign@medium,2,25,10,14,natural,10,medium
stop sign@medium,2,50,10,14,natural,10,medium
stop sign@medium,2,100,10,14,natural,10,medium
stop sign@medium,2,150,10,14,natural,10,medium
stop sign@small,2,25,0,150,natural,10,small
stop sign@small,2,50,1,150,natural,10,small
stop sign@small,2,100,2,150,natural,10,small
stop sign@small,2,150,5,150,natural,10,small
surfboard@large,2,25,10,14,natural,10,large
surfboard@large,2,50,10,14,natural,10,large
surfboard@large,2,100,10,14,natural,10,large
surfboard@large,2,150,10,14,natural,10,large
surfboard@medium,2,25,10,14,natural,10,medium
surfboard@medium,2,50,10,14,natural,10,medium
surfboard@medium,2,100,10,14,natural,10,medium
surfboard@medium,2,150,10,14,natural,10,medium
surfboard@small,2,25,10,14,natural,10,small
surfboard@small,2,50,10,14,natural,10,small
surfboard@small,2,100,10,14,natural,10,small
surfboard@small,2,150,10,14,natural,10,small
tennis racket@large,2,25,10,14,natural,10,large
tennis racket@large,2,50,10,14,natural,10,large
tennis racket@large,2,100,10,14,natural,10,large
tennis racket@large,2,150,32,14,natural,10,large
tennis racket@medium,2,25,11,14,natural,10,medium
tennis racket@medium,2,50,26,14,natural,10,medium
tennis racket@medium,2,100,26,14,natural,10,medium
tennis racket@medium,2,150,26,14,natural,10,medium
tennis racket@small,2,25,11,14,natural,10,small
tennis racket@small,2,50,28,14,natural,10,small
tennis racket@small,2,100,28,14,natural,10,small
tennis racket@small,2,150,36,14,natural,10,small
tie@large,2,25,10,14,natural,10,large
tie@large,2,50,10,14,natural,10,large
tie@large,2,100,10,14,natural,10,large
tie@large,2,150,10,14,natural,10,large
tie@medium,2,25,10,14,natural,10,medium
tie@medium,2,50,10,14,natural,10,medium
tie@medium,2,100,10,14,natural,10,medium
tie@medium,2,150,10,14,natural,10,medium
tie@small,2,25,2,147,natural,10,small
tie@small,2,50,5,147,natural,10,small
tie@small,2,100,9,147,natural,10,small
tie@small,2,150,10,147,natural,10,small
toothbrush@large,2,25,10,14,natural,10,large
toothbrush@large,2,50,10,14,natural,10,large
toothbrush@large,2,100,10,14,natural,10,large
toothbrush@large,2,150,10,14,natural,10,large
toothbrush@medium,2,25,10,14,natural,10,medium
toothbrush@medium,2,50,10,14,natural,10,medium
toothbrush@medium,2,100,10,14,natural,10,medium
toothbrush@medium,2,150,10,14,natural,10,medium
toothbrush@small,2,25,7,70,natural,10,small
toothbrush@small,2,50,8,70,natural,10,small
toothbrush@small,2,100,10,70,natural,10,small
toothbrush@small,2,150,10,70,natural,10,small
traffic light@large,2,25,10,14,natural,10,large
traffic light@large,2,50,10,14,natural,10,large
traffic light@large,2,100,10,14,natural,10,large
traffic light@large,2,150,10,14,natural,10,large
traffic light@medium,2,25,12,14,natural,10,medium
traffic light@medium,2,50,12,14,natural,10,medium
traffic light@medium,2,100,13,14,natural,10,medium
traffic light@medium,2,150,13,14,natural,10,medium
traffic light@small,2,25,2,60,natural,10,small
traffic light@small,2,50,7,60,natural,10,small
traffic light@small,2,100,10,60,natural,10,small
traffic light@small,2,150,10,60,natural,10,small
tv@large,2,25,10,14,natural,10,large
tv@large,2,50,10,14,natural,10,large
tv@large,2,100,10,14,natural,10,large
tv@large,2,150,11,14,natural,10,large
tv@medium,2,25,4,41,natural,10,medium
tv@medium,2,50,10,41,natural,10,medium
tv@medium,2,100,12,41,natural,10,medium
tv@medium,2,150,12,41,natural,10,medium
tv@small,2,25,0,150,natural,10,small
tv@small,2,50,0,150,natural,10,small
tv@small,2,100,1,150,natural,10,small
tv@small,2,150,1,150,natural,10,small
umbrella@large,2,25,10,14,natural,10,large
umbrella@large,2,50,10,14,natural,10,large
umbrella@large,2,100,10,14,natural,10,large
umbrella@large,2,150,11,14,natural,10,large
umbrella@medium,2,25,11,14,natural,10,medium
umbrella@medium,2,50,11,14,natural,10,medium
umbrella@medium,2,100,11,14,natural,10,medium
umbrella@medium,2,150,11,14,natural,10,medium
umbrella@small,2,25,2,150,natural,10,small
umbrella@small,2,50,3,150,natural,10,small
umbrella@small,2,100,6,150,natural,10,small
umbrella@small,2,150,7,150,natural,10,small
vase or potted plant@large,2,25,10,14,natural,10,large
vase or potted plant@large,2,50,10,14,natural,10,large
vase or potted plant@large,2,100,10,14,natural,10,large
vase or potted plant@large,2,150,10,14,natural,10,large
vase or potted plant@medium,2,25,5,77,natural,10,medium
vase or potted plant@medium,2,50,5,77,natural,10,medium
vase or potted plant@medium,2,100,10,77,natural,10,medium
vase or potted plant@medium,2,150,11,77,natural,10,medium
vase or potted plant@small,2,25,0,150,natural,10,small
vase or potted plant@small,2,50,0,150,natural,10,small
vase or potted plant@small,2,100,1,150,natural,10,small
vase or potted plant@small,2,150,2,150,natural,10,small
airplane@large,3,25,16,14,natural,10,large
airplane@large,3,50,23,14,natural,10,large
airplane@large,3,100,34,14,natural,10,large
airplane@large,3,150,45,14,natural,10,large
airplane@medium,3,25,10,14,natural,10,medium
airplane@medium,3,50,16,14,natural,10,medium
airplane@medium,3,100,27,14,natural,10,medium
airplane@medium,3,150,32,14,natural,10,medium
airplane@small,3,25,10,14,natural,10,small
airplane@small,3,50,10,14,natural,10,small
airplane@small,3,100,10,14,natural,10,small
airplane@small,3,150,11,14,natural,10,small
apple@large,3,25,10,14,natural,10,large
apple@large,3,50,10,14,natural,10,large
apple@large,3,100,11,14,natural,10,large
apple@large,3,150,12,14,natural,10,large
apple@medium,3,25,14,14,natural,10,medium
apple@medium,3,50,14,14,natural,10,medium
apple@medium,3,100,14,14,natural,10,medium
apple@medium,3,150,15,14,natural,10,medium
bag or luggage@large,3,25,10,14,natural,10,large
bag or luggage@large,3,50,10,14,natural,10,large
bag or luggage@large,3,100,10,14,natural,10,large
bag or luggage@large,3,150,10,14,natural,10,large
bag or luggage@medium,3,25,5,97,natural,10,medium
bag or luggage@medium,3,50,6,97,natural,10,medium
bag or luggage@medium,3,100,10,97,natural,10,medium
bag or luggage@medium,3,150,10,97,natural,10,medium
bag or luggage@small,3,25,0,150,natural,10,small
bag or luggage@small,3,50,1,150,natural,10,small
bag or luggage@small,3,100,1,150,natural,10,small
bag or luggage@small,3,150,3,150,natural,10,small
banana@large,3,25,10,14,natural,10,large
banana@large,3,50,10,14,natural,10,large
banana@large,3,100,10,14,natural,10,large
banana@large,3,150,10,14,natural,10,large
banana@medium,3,25,10,14,natural,10,medium
banana@medium,3,50,11,14,natural,10,medium
banana@medium,3,100,11,14,natural,10,medium
banana@medium,3,150,11,14,natural,10,medium
baseball bat@large,3,25,10,14,natural,10,large
baseball bat@large,3,50,16,14,natural,10,large
baseball bat@large,3,100,16,14,natural,10,large
baseball bat@large,3,150,20,14,natural,10,large
baseball bat@medium,3,25,11,14,natural,10,medium
baseball bat@medium,3,50,23,14,natural,10,medium
baseball bat@medium,3,100,32,14,natural,10,medium
baseball bat@medium,3,150,43,14,natural,10,medium
baseball bat@small,3,25,10,14,natural,10,small
baseball bat@small,3,50,18,14,natural,10,small
baseball bat@small,3,100,21,14,natural,10,small
baseball bat@small,3,150,31,14,natural,10,small
bench@large,3,25,10,14,natural,10,large
bench@large,3,50,10,14,natural,10,large
bench@large,3,100,12,14,natural,10,large
bench@large,3,150,12,14,natural,10,large
bench@medium,3,25,5,150,natural,10,medium
bench@medium,3,50,6,150,natural,10,medium
bench@medium,3,100,6,150,natural,10,medium
bench@medium,3,150,6,150,natural,10,medium
bench@small,3,25,0,150,natural,10,small
bench@small,3,50,0,150,natural,10,small
bench@small,3,100,0,150,natural,10,small
bench@small,3,150,1,150,natural,10,small
bicycle@large,3,25,10,14,natural,10,large
bicycle@large,3,50,10,14,natural,10,large
bicycle@large,3,100,10,14,natural,10,large
bicycle@large,3,150,10,14,natural,10,large
bicycle@medium,3,25,10,15,natural,10,medium
bicycle@medium,3,50,10,15,natural,10,medium
bicycle@medium,3,100,10,15,natural,10,medium
bicycle@medium,3,150,10,15,natural,10,medium
bicycle@small,3,25,1,150,natural,10,small
bicycle@small,3,50,1,150,natural,10,small
bicycle@small,3,100,3,150,natural,10,small
bicycle@small,3,150,5,150,natural,10,small
bird@large,3,25,11,14,natural,10,large
bird@large,3,50,11,14,natural,10,large
bird@large,3,100,20,14,natural,10,large
bird@large,3,150,23,14,natural,10,large
bird@medium,3,25,13,14,natural,10,medium
bird@medium,3,50,13,14,natural,10,medium
bird@medium,3,100,13,14,natural,10,medium
bird@medium,3,150,14,14,natural,10,medium
bird@small,3,25,2,136,natural,10,small
bird@small,3,50,3,136,natural,10,small
bird@small,3,100,6,136,natural,10,small
bird@small,3,150,10,136,natural,10,small
boat@large,3,25,11,14,natural,10,large
boat@large,3,50,11,14,natural,10,large
boat@large,3,100,11,14,natural,10,large
boat@large,3,150,11,14,natural,10,large
boat@medium,3,25,10,14,natural,10,medium
boat@medium,3,50,11,14,natural,10,medium
boat@medium,3,100,11,14,natural,10,medium
boat@medium,3,150,12,14,natural,10,medium
boat@small,3,25,7,36,natural,10,small
boat@small,3,50,10,36,natural,10,small
boat@small,3,100,11,36,natural,10,small
boat@small,3,150,11,36,natural,10,small
book@large,3,25,10,14,natural,10,large
book@large,3,50,10,14,natural,10,large
book@large,3,100,10,14,natural,10,large
book@large,3,150,11,14,natural,10,large
book@medium,3,25,1,150,natural,10,medium
book@medium,3,50,2,150,natural,10,medium
book@medium,3,100,3,150,natural,10,medium
book@medium,3,150,4,150,natural,10,medium
book@small,3,25,1,150,natural,10,small
book@small,3,50,2,150,natural,10,small
book@small,3,100,2,150,natural,10,small
book@small,3,150,4,150,natural,10,small
bottle@large,3,25,10,14,natural,10,large
bottle@large,3,50,10,14,natural,10,large
bottle@large,3,100,10,14,natural,10,large
bottle@large,3,150,11,14,natural,10,large
bottle@medium,3,25,2,150,natural,10,medium
bottle@medium,3,50,3,150,natural,10,medium
bottle@medium,3,100,5,150,natural,10,medium
bottle@medium,3,150,7,150,natural,10,medium
bottle@small,3,25,2,150,natural,10,small
bottle@small,3,50,2,150,natural,10,small
bottle@small,3,100,2,150,natural,10,small
bottle@small,3,150,2,150,natural,10,small
bowl@large,3,25,5,50,natural,10,large
bowl@large,3,50,10,50,natural,10,large
bowl@large,3,100,10,50,natural,10,large
bowl@large,3,150,10,50,natural,10,large
bowl@medium,3,25,1,150,natural,10,medium
bowl@medium,3,50,1,150,natural,10,medium
bowl@medium,3,100,2,150,natural,10,medium
bowl@medium,3,150,3,150,natural,10,medium
bowl@small,3,25,0,150,natural,10,small
bowl@small,3,50,0,150,natural,10,small
bowl@small,3,100,0,150,natural,10,small
bowl@small,3,150,1,150,natural,10,small
bus@large,3,25,10,14,natural,10,large
bus@large,3,50,10,14,natural,10,large
bus@large,3,100,11,14,natural,10,large
bus@large,3,150,11,14,natural,10,large
bus@medium,3,25,10,20,natural,10,medium
bus@medium,3,50,10,20,natural,10,medium
bus@medium,3,100,10,20,natural,10,medium
bus@medium,3,150,11,20,natural,10,medium
bus@small,3,25,1,150,natural,10,small
bus@small,3,50,2,150,natural,10,small
bus@small,3,100,6,150,natural,10,small
bus@small,3,150,7,150,natural,10,small
cell phone@large,3,25,12,14,natural,10,large
cell phone@large,3,50,15,14,natural,10,large
cell phone@large,3,100,18,14,natural,10,large
cell phone@large,3,150,33,14,natural,10,large
cell phone@medium,3,25,10,17,natural,10,medium
cell phone@medium,3,50,10,17,natural,10,medium
cell phone@medium,3,100,10,17,natural,10,medium
cell phone@medium,3,150,10,17,natural,10,medium
cell phone@small,3,25,2,150,natural,10,small
cell phone@small,3,50,5,150,natural,10,small
cell phone@small,3,100,5,150,natural,10,small
cell phone@small,3,150,5,150,natural,10,small
chair@large,3,25,9,35,natural,10,large
chair@large,3,50,10,35,natural,10,large
chair@large,3,100,10,35,natural,10,large
chair@large,3,150,10,35,natural,10,large
chair@medium,3,25,1,150,natural,10,medium
chair@medium,3,50,1,150,natural,10,medium
chair@medium,3,100,1,150,natural,10,medium
chair@medium,3,150,1,150,natural,10,medium
chair@small,3,25,0,150,natural,10,small
chair@small,3,50,0,150,natural,10,small
chair@small,3,100,0,150,natural,10,small
chair@small,3,150,0,150,natural,10,small
clock@large,3,25,10,14,natural,10,large
clock@large,3,50,10,14,natural,10,large
clock@large,3,100,10,14,natural,10,large
clock@large,3,150,10,14,natural,10,large
clock@medium,3,25,10,14,natural,10,medium
clock@medium,3,50,11,14,natural,10,medium
clock@medium,3,100,11,14,natural,10,medium
clock@medium,3,150,11,14,natural,10,medium
clock@small,3,25,6,61,natural,10,small
clock@small,3,50,9,61,natural,10,small
clock@small,3,100,10,61,natural,10,small
clock@small,3,150,10,61,natural,10,small
dining table@large,3,25,9,40,natural,10,large
dining table@large,3,50,10,40,natural,10,large
dining table@large,3,100,10,40,natural,10,large
dining table@large,3,150,10,40,natural,10,large
dining table@medium,3,25,9,30,natural,10,medium
dining table@medium,3,50,10,30,natural,10,medium
dining table@medium,3,100,10,30,natural,10,medium
dining table@medium,3,150,11,30,natural,10,medium
dining table@small,3,25,0,150,natural,10,small
dining table@small,3,50,3,150,natural,10,small
dining table@small,3,100,6,150,natural,10,small
dining table@small,3,150,6,150,natural,10,small
dog@large,3,25,10,14,natural,10,large
dog@large,3,50,10,14,natural,10,large
dog@large,3,100,10,14,natural,10,large
dog@large,3,150,10,14,natural,10,large
dog@medium,3,25,7,32,natural,10,medium
dog@medium,3,50,10,32,natural,10,medium
dog@medium,3,100,10,32,natural,10,medium
dog@medium,3,150,10,32,natural,10,medium
dog@small,3,25,1,150,natural,10,small
dog@small,3,50,1,150,natural,10,small
dog@small,3,100,3,150,natural,10,small
dog@small,3,150,3,150,natural,10,small
enclosed road vehicle@large,3,25,10,16,natural,10,large
enclosed road vehicle@large,3,50,10,16,natural,10,large
enclosed road vehicle@large,3,100,10,16,natural,10,large
enclosed road vehicle@large,3,150,10,16,natural,10,large
enclosed road vehicle@medium,3,25,1,150,natural,10,medium
enclosed road vehicle@medium,3,50,3,150,natural,10,medium
enclosed road vehicle@medium,3,100,5,150,natural,10,medium
enclosed road vehicle@medium,3,150,7,150,natural,10,medium
enclosed road vehicle@small,3,25,0,150,natural,10,small
enclosed road vehicle@small,3,50,0,150,natural,10,small
enclosed road vehicle@small,3,100,1,150,natural,10,small
enclosed road vehicle@small,3,150,2,150,natural,10,small
fire hydrant@large,3,25,10,14,natural,10,large
fire hydrant@large,3,50,10,14,natural,10,large
fire hydrant@large,3,100,10,14,natural,10,large
fire hydrant@large,3,150,10,14,natural,10,large
fire hydrant@medium,3,25,11,14,natural,10,medium
fire hydrant@medium,3,50,11,14,natural,10,medium
fire hydrant@medium,3,100,11,14,natural,10,medium
fire hydrant@medium,3,150,12,14,natural,10,medium
fire hydrant@small,3,25,1,143,natural,10,small
fire hydrant@small,3,50,3,143,natural,10,small
fire hydrant@small,3,100,7,143,natural,10,small
fire hydrant@small,3,150,10,143,natural,10,small
fork@large,3,25,11,17,natural,10,large
fork@large,3,50,11,17,natural,10,large
fork@large,3,100,11,17,natural,10,large
fork@large,3,150,11,17,natural,10,large
fork@medium,3,25,3,68,natural,10,medium
fork@medium,3,50,7,68,natural,10,medium
fork@medium,3,100,10,68,natural,10,medium
fork@medium,3,150,10,68,natural,10,medium
fork@small,3,25,2,150,natural,10,small
fork@small,3,50,3,150,natural,10,small
fork@small,3,100,5,150,natural,10,small
fork@small,3,150,7,150,natural,10,small
frisbee@large,3,25,10,14,natural,10,large
frisbee@large,3,50,10,14,natural,10,large
frisbee@large,3,100,10,14,natural,10,large
frisbee@large,3,150,10,14,natural,10,large
frisbee@medium,3,25,10,14,natural,10,medium
frisbee@medium,3,50,10,14,natural,10,medium
frisbee@medium,3,100,10,14,natural,10,medium
frisbee@medium,3,150,10,14,natural,10,medium
frisbee@small,3,25,10,14,natural,10,small
frisbee@small,3,50,10,14,natural,10,small
frisbee@small,3,100,10,14,natural,10,small
frisbee@small,3,150,10,14,natural,10,small
keyboard@large,3,25,12,14,natural,10,large
keyboard@large,3,50,12,14,natural,10,large
keyboard@large,3,100,12,14,natural,10,large
keyboard@large,3,150,13,14,natural,10,large
keyboard@medium,3,25,4,71,natural,10,medium
keyboard@medium,3,50,9,71,natural,10,medium
keyboard@medium,3,100,10,71,natural,10,medium
keyboard@medium,3,150,10,71,natural,10,medium
keyboard@small,3,25,0,150,natural,10,small
keyboard@small,3,50,0,150,natural,10,small
keyboard@small,3,100,0,150,natural,10,small
keyboard@small,3,150,1,150,natural,10,small
kite@large,3,25,10,14,natural,10,large
kite@large,3,50,10,14,natural,10,large
kite@large,3,100,11,14,natural,10,large
kite@large,3,150,11,14,natural,10,large
kite@medium,3,25,11,14,natural,10,medium
kite@medium,3,50,11,14,natural,10,medium
kite@medium,3,100,11,14,natural,10,medium
kite@medium,3,150,11,14,natural,10,medium
kite@small,3,25,10,14,natural,10,small
kite@small,3,50,10,14,natural,10,small
kite@small,3,100,10,14,natural,10,small
kite@small,3,150,10,14,natural,10,small
knife@large,3,25,8,39,natural,10,large
knife@large,3,50,10,39,natural,10,large
knife@large,3,100,10,39,natural,10,large
knife@large,3,150,10,39,natural,10,large
knife@medium,3,25,3,150,natural,10,medium
knife@medium,3,50,4,150,natural,10,medium
knife@medium,3,100,6,150,natural,10,medium
knife@medium,3,150,6,150,natural,10,medium
knife@small,3,25,0,150,natural,10,small
knife@small,3,50,0,150,natural,10,small
knife@small,3,100,0,150,natural,10,small
knife@small,3,150,1,150,natural,10,small
laptop@large,3,25,12,14,natural,10,large
laptop@large,3,50,12,14,natural,10,large
laptop@large,3,100,12,14,natural,10,large
laptop@large,3,150,12,14,natural,10,large
laptop@medium,3,25,2,66,natural,10,medium
laptop@medium,3,50,6,66,natural,10,medium
laptop@medium,3,100,10,66,natural,10,medium
laptop@medium,3,150,10,66,natural,10,medium
laptop@small,3,25,0,150,natural,10,small
laptop@small,3,50,0,150,natural,10,small
laptop@small,3,100,0,150,natural,10,small
laptop@small,3,150,0,150,natural,10,small
microwave@large,3,25,10,14,natural,10,large
microwave@large,3,50,10,14,natural,10,large
microwave@large,3,100,10,14,natural,10,large
microwave@large,3,150,10,14,natural,10,large
microwave@medium,3,25,4,45,natural,10,medium
microwave@medium,3,50,10,45,natural,10,medium
microwave@medium,3,100,11,45,natural,10,medium
microwave@medium,3,150,11,45,natural,10,medium
microwave@small,3,25,0,150,natural,10,small
microwave@small,3,50,0,150,natural,10,small
microwave@small,3,100,0,150,natural,10,small
microwave@small,3,150,4,150,natural,10,small
motorcycle@large,3,25,12,14,natural,10,large
motorcycle@large,3,50,12,14,natural,10,large
motorcycle@large,3,100,12,14,natural,10,large
motorcycle@large,3,150,12,14,natural,10,large
motorcycle@medium,3,25,10,14,natural,10,medium
motorcycle@medium,3,50,10,14,natural,10,medium
motorcycle@medium,3,100,10,14,natural,10,medium
motorcycle@medium,3,150,12,14,natural,10,medium
motorcycle@small,3,25,1,150,natural,10,small
motorcycle@small,3,50,1,150,natural,10,small
motorcycle@small,3,100,2,150,natural,10,small
motorcycle@small,3,150,2,150,natural,10,small
mouse@large,3,25,11,14,natural,10,large
mouse@large,3,50,11,14,natural,10,large
mouse@large,3,100,11,14,natural,10,large
mouse@large,3,150,13,14,natural,10,large
mouse@medium,3,25,10,22,natural,10,medium
mouse@medium,3,50,10,22,natural,10,medium
mouse@medium,3,100,11,22,natural,10,medium
mouse@medium,3,150,11,22,natural,10,medium
mouse@small,3,25,0,101,natural,10,small
mouse@small,3,50,1,101,natural,10,small
mouse@small,3,100,9,101,natural,10,small
mouse@small,3,150,10,101,natural,10,small
orange@large,3,25,10,14,natural,10,large
orange@large,3,50,10,14,natural,10,large
orange@large,3,100,12,14,natural,10,large
orange@large,3,150,24,14,natural,10,large
orange@medium,3,25,10,14,natural,10,medium
orange@medium,3,50,10,14,natural,10,medium
orange@medium,3,100,10,14,natural,10,medium
orange@medium,3,150,11,14,natural,10,medium
parking meter@large,3,25,10,14,natural,10,large
parking meter@large,3,50,10,14,natural,10,large
parking meter@large,3,100,10,14,natural,10,large
parking meter@large,3,150,10,14,natural,10,large
parking meter@medium,3,25,12,14,natural,10,medium
parking meter@medium,3,50,12,14,natural,10,medium
parking meter@medium,3,100,12,14,natural,10,medium
parking meter@medium,3,150,12,14,natural,10,medium
parking meter@small,3,25,3,150,natural,10,small
parking meter@small,3,50,3,150,natural,10,small
parking meter@small,3,100,3,150,natural,10,small
parking meter@small,3,150,6,150,natural,10,small
person@large,3,25,10,22,natural,10,large
person@large,3,50,12,22,natural,10,large
person@large,3,100,12,22,natural,10,large
person@large,3,150,12,22,natural,10,large
person@medium,3,25,1,150,natural,10,medium
person@medium,3,50,4,150,natural,10,medium
person@medium,3,100,5,150,natural,10,medium
person@medium,3,150,6,150,natural,10,medium
person@small,3,25,0,150,natural,10,small
person@small,3,50,0,150,natural,10,small
person@small,3,100,1,150,natural,10,small
person@small,3,150,2,150,natural,10,small
remote@large,3,25,10,14,natural,10,large
remote@large,3,50,10,14,natural,10,large
remote@large,3,100,11,14,natural,10,large
remote@large,3,150,11,14,natural,10,large
remote@medium,3,25,4,52,natural,10,medium
remote@medium,3,50,9,52,natural,10,medium
remote@medium,3,100,10,52,natural,10,medium
remote@medium,3,150,11,52,natural,10,medium
remote@small,3,25,0,150,natural,10,small
remote@small,3,50,1,150,natural,10,small
remote@small,3,100,1,150,natural,10,small
remote@small,3,150,5,150,natural,10,small
scissors@large,3,25,10,14,natural,10,large
scissors@large,3,50,10,14,natural,10,large
scissors@large,3,100,10,14,natural,10,large
scissors@large,3,150,10,14,natural,10,large
scissors@medium,3,25,11,14,natural,10,medium
scissors@medium,3,50,11,14,natural,10,medium
scissors@medium,3,100,11,14,natural,10,medium
scissors@medium,3,150,11,14,natural,10,medium
scissors@small,3,25,1,150,natural,10,small
scissors@small,3,50,2,150,natural,10,small
scissors@small,3,100,5,150,natural,10,small
scissors@small,3,150,7,150,natural,10,small
single serving drinking vessel@large,3,25,10,22,natural,10,large
single serving drinking vessel@large,3,50,10,22,natural,10,large
single serving drinking vessel@large,3,100,10,22,natural,10,large
single serving drinking vessel@large,3,150,10,22,natural,10,large
single serving drinking vessel@medium,3,25,5,47,natural,10,medium
single serving drinking vessel@medium,3,50,10,47,natural,10,medium
single serving drinking vessel@medium,3,100,10,47,natural,10,medium
single serving drinking vessel@medium,3,150,10,47,natural,10,medium
single serving drinking vessel@small,3,25,1,150,natural,10,small
single serving drinking vessel@small,3,50,1,150,natural,10,small
single serving drinking vessel@small,3,100,1,150,natural,10,small
single serving drinking vessel@small,3,150,2,150,natural,10,small
sink@large,3,25,10,14,natural,10,large
sink@large,3,50,11,14,natural,10,large
sink@large,3,100,11,14,natural,10,large
sink@large,3,150,11,14,natural,10,large
sink@medium,3,25,4,79,natural,10,medium
sink@medium,3,50,6,79,natural,10,medium
sink@medium,3,100,10,79,natural,10,medium
sink@medium,3,150,10,79,natural,10,medium
sink@small,3,25,2,150,natural,10,small
sink@small,3,50,2,150,natural,10,small
sink@small,3,100,5,150,natural,10,small
sink@small,3,150,8,150,natural,10,small
skateboard@large,3,25,11,14,natural,10,large
skateboard@large,3,50,11,14,natural,10,large
skateboard@large,3,100,11,14,natural,10,large
skateboard@large,3,150,11,14,natural,10,large
skateboard@medium,3,25,10,14,natural,10,medium
skateboard@medium,3,50,10,14,natural,10,medium
skateboard@medium,3,100,10,14,natural,10,medium
skateboard@medium,3,150,10,14,natural,10,medium
skateboard@small,3,25,10,14,natural,10,small
skateboard@small,3,50,10,14,natural,10,small
skateboard@small,3,100,10,14,natural,10,small
skateboard@small,3,150,10,14,natural,10,small
skis@large,3,25,10,14,natural,10,large
skis@large,3,50,17,14,natural,10,large
skis@large,3,100,18,14,natural,10,large
skis@large,3,150,20,14,natural,10,large
skis@medium,3,25,12,14,natural,10,medium
skis@medium,3,50,22,14,natural,10,medium
skis@medium,3,100,33,14,natural,10,medium
skis@medium,3,150,35,14,natural,10,medium
skis@small,3,25,10,24,natural,10,small
skis@small,3,50,11,24,natural,10,small
skis@small,3,100,16,24,natural,10,small
skis@small,3,150,34,24,natural,10,small
snowboard@large,3,25,11,14,natural,10,large
snowboard@large,3,50,11,14,natural,10,large
snowboard@large,3,100,18,14,natural,10,large
snowboard@large,3,150,29,14,natural,10,large
snowboard@medium,3,25,10,14,natural,10,medium
snowboard@medium,3,50,10,14,natural,10,medium
snowboard@medium,3,100,10,14,natural,10,medium
snowboard@medium,3,150,11,14,natural,10,medium
snowboard@small,3,25,10,18,natural,10,small
snowboard@small,3,50,10,18,natural,10,small
snowboard@small,3,100,11,18,natural,10,small
snowboard@small,3,150,13,18,natural,10,small
spoon@large,3,25,5,50,natural,10,large
spoon@large,3,50,10,50,natural,10,large
spoon@large,3,100,10,50,natural,10,large
spoon@large,3,150,10,50,natural,10,large
spoon@medium,3,25,1,87,natural,10,medium
spoon@medium,3,50,3,87,natural,10,medium
spoon@medium,3,100,10,87,natural,10,medium
spoon@medium,3,150,10,87,natural,10,medium
spoon@small,3,25,0,150,natural,10,small
spoon@small,3,50,0,150,natural,10,small
spoon@small,3,100,1,150,natural,10,small
spoon@small,3,150,2,150,natural,10,small
stop sign@large,3,25,11,14,natural,10,large
stop sign@large,3,50,11,14,natural,10,large
stop sign@large,3,100,11,14,natural,10,large
stop sign@large,3,150,12,14,natural,10,large
stop sign@medium,3,25,10,14,natural,10,medium
stop sign@medium,3,50,10,14,natural,10,medium
stop sign@medium,3,100,11,14,natural,10,medium
stop sign@medium,3,150,11,14,natural,10,medium
stop sign@small,3,25,0,150,natural,10,small
stop sign@small,3,50,2,150,natural,10,small
stop sign@small,3,100,2,150,natural,10,small
stop sign@small,3,150,3,150,natural,10,small
surfboard@large,3,25,10,14,natural,10,large
surfboard@large,3,50,10,14,natural,10,large
surfboard@large,3,100,10,14,natural,10,large
surfboard@large,3,150,10,14,natural,10,large
surfboard@medium,3,25,10,14,natural,10,medium
surfboard@medium,3,50,10,14,natural,10,medium
surfboard@medium,3,100,10,14,natural,10,medium
surfboard@medium,3,150,10,14,natural,10,medium
surfboard@small,3,25,10,14,natural,10,small
surfboard@small,3,50,10,14,natural,10,small
surfboard@small,3,100,10,14,natural,10,small
surfboard@small,3,150,10,14,natural,10,small
tennis racket@large,3,25,10,14,natural,10,large
tennis racket@large,3,50,10,14,natural,10,large
tennis racket@large,3,100,10,14,natural,10,large
tennis racket@large,3,150,16,14,natural,10,large
tennis racket@medium,3,25,10,14,natural,10,medium
tennis racket@medium,3,50,12,14,natural,10,medium
tennis racket@medium,3,100,33,14,natural,10,medium
tennis racket@medium,3,150,33,14,natural,10,medium
tennis racket@small,3,25,10,14,natural,10,small
tennis racket@small,3,50,26,14,natural,10,small
tennis racket@small,3,100,26,14,natural,10,small
tennis racket@small,3,150,42,14,natural,10,small
tie@large,3,25,10,14,natural,10,large
tie@large,3,50,10,14,natural,10,large
tie@large,3,100,10,14,natural,10,large
tie@large,3,150,10,14,natural,10,large
tie@medium,3,25,10,14,natural,10,medium
tie@medium,3,50,10,14,natural,10,medium
tie@medium,3,100,10,14,natural,10,medium
tie@medium,3,150,10,14,natural,10,medium
tie@small,3,25,1,150,natural,10,small
tie@small,3,50,3,150,natural,10,small
tie@small,3,100,6,150,natural,10,small
tie@small,3,150,7,150,natural,10,small
toothbrush@large,3,25,10,14,natural,10,large
toothbrush@large,3,50,10,14,natural,10,large
toothbrush@large,3,100,10,14,natural,10,large
toothbrush@large,3,150,10,14,natural,10,large
toothbrush@medium,3,25,10,14,natural,10,medium
toothbrush@medium,3,50,10,14,natural,10,medium
toothbrush@medium,3,100,10,14,natural,10,medium
toothbrush@medium,3,150,10,14,natural,10,medium
toothbrush@small,3,25,6,78,natural,10,small
toothbrush@small,3,50,8,78,natural,10,small
toothbrush@small,3,100,10,78,natural,10,small
toothbrush@small,3,150,10,78,natural,10,small
traffic light@large,3,25,10,14,natural,10,large
traffic light@large,3,50,10,14,natural,10,large
traffic light@large,3,100,10,14,natural,10,large
traffic light@large,3,150,10,14,natural,10,large
traffic light@medium,3,25,10,14,natural,10,medium
traffic light@medium,3,50,10,14,natural,10,medium
traffic light@medium,3,100,12,14,natural,10,medium
traffic light@medium,3,150,12,14,natural,10,medium
traffic light@small,3,25,2,128,natural,10,small
traffic light@small,3,50,4,128,natural,10,small
traffic light@small,3,100,6,128,natural,10,small
traffic light@small,3,150,10,128,natural,10,small
tv@large,3,25,10,18,natural,10,large
tv@large,3,50,10,18,natural,10,large
tv@large,3,100,11,18,natural,10,large
tv@large,3,150,11,18,natural,10,large
tv@medium,3,25,4,76,natural,10,medium
tv@medium,3,50,7,76,natural,10,medium
tv@medium,3,100,10,76,natural,10,medium
tv@medium,3,150,10,76,natural,10,medium
tv@small,3,25,0,150,natural,10,small
tv@small,3,50,1,150,natural,10,small
tv@small,3,100,2,150,natural,10,small
tv@small,3,150,2,150,natural,10,small
umbrella@large,3,25,10,14,natural,10,large
umbrella@large,3,50,10,14,natural,10,large
umbrella@large,3,100,10,14,natural,10,large
umbrella@large,3,150,10,14,natural,10,large
umbrella@medium,3,25,10,17,natural,10,medium
umbrella@medium,3,50,10,17,natural,10,medium
umbrella@medium,3,100,10,17,natural,10,medium
umbrella@medium,3,150,11,17,natural,10,medium
umbrella@small,3,25,2,150,natural,10,small
umbrella@small,3,50,3,150,natural,10,small
umbrella@small,3,100,6,150,natural,10,small
umbrella@small,3,150,7,150,natural,10,small
vase or potted plant@large,3,25,10,14,natural,10,large
vase or potted plant@large,3,50,10,14,natural,10,large
vase or potted plant@large,3,100,10,14,natural,10,large
vase or potted plant@large,3,150,10,14,natural,10,large
vase or potted plant@medium,3,25,4,107,natural,10,medium
vase or potted plant@medium,3,50,5,107,natural,10,medium
vase or potted plant@medium,3,100,8,107,natural,10,medium
vase or potted plant@medium,3,150,10,107,natural,10,medium
vase or potted plant@small,3,25,0,150,natural,10,small
vase or potted plant@small,3,50,0,150,natural,10,small
vase or potted plant@small,3,100,1,150,natural,10,small
vase or potted plant@small,3,150,1,150,natural,10,small
airplane@large,4,25,10,14,natural,10,large
airplane@large,4,50,17,14,natural,10,large
airplane@large,4,100,31,14,natural,10,large
airplane@large,4,150,39,14,natural,10,large
airplane@medium,4,25,10,14,natural,10,medium
airplane@medium,4,50,18,14,natural,10,medium
airplane@medium,4,100,27,14,natural,10,medium
airplane@medium,4,150,30,14,natural,10,medium
airplane@small,4,25,11,14,natural,10,small
airplane@small,4,50,11,14,natural,10,small
airplane@small,4,100,11,14,natural,10,small
airplane@small,4,150,11,14,natural,10,small
apple@large,4,25,11,14,natural,10,large
apple@large,4,50,13,14,natural,10,large
apple@large,4,100,14,14,natural,10,large
apple@large,4,150,14,14,natural,10,large
apple@medium,4,25,10,14,natural,10,medium
apple@medium,4,50,11,14,natural,10,medium
apple@medium,4,100,12,14,natural,10,medium
apple@medium,4,150,12,14,natural,10,medium
bag or luggage@large,4,25,11,14,natural,10,large
bag or luggage@large,4,50,11,14,natural,10,large
bag or luggage@large,4,100,12,14,natural,10,large
bag or luggage@large,4,150,13,14,natural,10,large
bag or luggage@medium,4,25,4,92,natural,10,medium
bag or luggage@medium,4,50,5,92,natural,10,medium
bag or luggage@medium,4,100,10,92,natural,10,medium
bag or luggage@medium,4,150,10,92,natural,10,medium
bag or luggage@small,4,25,0,150,natural,10,small
bag or luggage@small,4,50,1,150,natural,10,small
bag or luggage@small,4,100,1,150,natural,10,small
bag or luggage@small,4,150,3,150,natural,10,small
banana@large,4,25,10,14,natural,10,large
banana@large,4,50,11,14,natural,10,large
banana@large,4,100,11,14,natural,10,large
banana@large,4,150,12,14,natural,10,large
banana@medium,4,25,12,14,natural,10,medium
banana@medium,4,50,12,14,natural,10,medium
banana@medium,4,100,12,14,natural,10,medium
banana@medium,4,150,12,14,natural,10,medium
baseball bat@large,4,25,10,14,natural,10,large
baseball bat@large,4,50,10,14,natural,10,large
baseball bat@large,4,100,10,14,natural,10,large
baseball bat@large,4,150,10,14,natural,10,large
baseball bat@medium,4,25,10,14,natural,10,medium
baseball bat@medium,4,50,22,14,natural,10,medium
baseball bat@medium,4,100,37,14,natural,10,medium
baseball bat@medium,4,150,37,14,natural,10,medium
baseball bat@small,4,25,10,14,natural,10,small
baseball bat@small,4,50,22,14,natural,10,small
baseball bat@small,4,100,34,14,natural,10,small
baseball bat@small,4,150,51,14,natural,10,small
bench@large,4,25,10,14,natural,10,large
bench@large,4,50,10,14,natural,10,large
bench@large,4,100,10,14,natural,10,large
bench@large,4,150,10,14,natural,10,large
bench@medium,4,25,4,150,natural,10,medium
bench@medium,4,50,5,150,natural,10,medium
bench@medium,4,100,7,150,natural,10,medium
bench@medium,4,150,9,150,natural,10,medium
bench@small,4,25,1,150,natural,10,small
bench@small,4,50,1,150,natural,10,small
bench@small,4,100,1,150,natural,10,small
bench@small,4,150,2,150,natural,10,small
bicycle@large,4,25,10,14,natural,10,large
bicycle@large,4,50,10,14,natural,10,large
bicycle@large,4,100,10,14,natural,10,large
bicycle@large,4,150,10,14,natural,10,large
bicycle@medium,4,25,10,15,natural,10,medium
bicycle@medium,4,50,10,15,natural,10,medium
bicycle@medium,4,100,10,15,natural,10,medium
bicycle@medium,4,150,11,15,natural,10,medium
bicycle@small,4,25,0,150,natural,10,small
bicycle@small,4,50,2,150,natural,10,small
bicycle@small,4,100,2,150,natural,10,small
bicycle@small,4,150,5,150,natural,10,small
bird@large,4,25,13,14,natural,10,large
bird@large,4,50,19,14,natural,10,large
bird@large,4,100,25,14,natural,10,large
bird@large,4,150,33,14,natural,10,large
bird@medium,4,25,12,15,natural,10,medium
bird@medium,4,50,12,15,natural,10,medium
bird@medium,4,100,12,15,natural,10,medium
bird@medium,4,150,12,15,natural,10,medium
bird@small,4,25,3,85,natural,10,small
bird@small,4,50,5,85,natural,10,small
bird@small,4,100,10,85,natural,10,small
bird@small,4,150,10,85,natural,10,small
boat@large,4,25,10,14,natural,10,large
boat@large,4,50,10,14,natural,10,large
boat@large,4,100,10,14,natural,10,large
boat@large,4,150,10,14,natural,10,large
boat@medium,4,25,10,14,natural,10,medium
boat@medium,4,50,10,14,natural,10,medium
boat@medium,4,100,11,14,natural,10,medium
boat@medium,4,150,12,14,natural,10,medium
boat@small,4,25,6,46,natural,10,small
boat@small,4,50,10,46,natural,10,small
boat@small,4,100,11,46,natural,10,small
boat@small,4,150,11,46,natural,10,small
book@large,4,25,10,14,natural,10,large
book@large,4,50,10,14,natural,10,large
book@large,4,100,10,14,natural,10,large
book@large,4,150,10,14,natural,10,large
book@medium,4,25,2,150,natural,10,medium
book@medium,4,50,4,150,natural,10,medium
book@medium,4,100,7,150,natural,10,medium
book@medium,4,150,8,150,natural,10,medium
book@small,4,25,1,150,natural,10,small
book@small,4,50,2,150,natural,10,small
book@small,4,100,2,150,natural,10,small
book@small,4,150,3,150,natural,10,small
bottle@large,4,25,10,14,natural,10,large
bottle@large,4,50,10,14,natural,10,large
bottle@large,4,100,10,14,natural,10,large
bottle@large,4,150,10,14,natural,10,large
bottle@medium,4,25,2,150,natural,10,medium
bottle@medium,4,50,3,150,natural,10,medium
bottle@medium,4,100,6,150,natural,10,medium
bottle@medium,4,150,9,150,natural,10,medium
bottle@small,4,25,2,150,natural,10,small
bottle@small,4,50,2,150,natural,10,small
bottle@small,4,100,2,150,natural,10,small
bottle@small,4,150,2,150,natural,10,small
bowl@large,4,25,5,98,natural,10,large
bowl@large,4,50,6,98,natural,10,large
bowl@large,4,100,10,98,natural,10,large
bowl@large,4,150,10,98,natural,10,large
bowl@medium,4,25,0,150,natural,10,medium
bowl@medium,4,50,1,150,natural,10,medium
bowl@medium,4,100,3,150,natural,10,medium
bowl@medium,4,150,6,150,natural,10,medium
bowl@small,4,25,0,150,natural,10,small
bowl@small,4,50,0,150,natural,10,small
bowl@small,4,100,0,150,natural,10,small
bowl@small,4,150,0,150,natural,10,small
bus@large,4,25,10,14,natural,10,large
bus@large,4,50,10,14,natural,10,large
bus@large,4,100,10,14,natural,10,large
bus@large,4,150,10,14,natural,10,large
bus@medium,4,25,8,36,natural,10,medium
bus@medium,4,50,11,36,natural,10,medium
bus@medium,4,100,11,36,natural,10,medium
bus@medium,4,150,11,36,natural,10,medium
bus@small,4,25,0,150,natural,10,small
bus@small,4,50,1,150,natural,10,small
bus@small,4,100,3,150,natural,10,small
bus@small,4,150,4,150,natural,10,small
cell phone@large,4,25,10,14,natural,10,large
cell phone@large,4,50,10,14,natural,10,large
cell phone@large,4,100,10,14,natural,10,large
cell phone@large,4,150,12,14,natural,10,large
cell phone@medium,4,25,11,17,natural,10,medium
cell phone@medium,4,50,11,17,natural,10,medium
cell phone@medium,4,100,11,17,natural,10,medium
cell phone@medium,4,150,11,17,natural,10,medium
cell phone@small,4,25,2,150,natural,10,small
cell phone@small,4,50,5,150,natural,10,small
cell phone@small,4,100,6,150,natural,10,small
cell phone@small,4,150,7,150,natural,10,small
chair@large,4,25,7,44,natural,10,large
chair@large,4,50,10,44,natural,10,large
chair@large,4,100,11,44,natural,10,large
chair@large,4,150,11,44,natural,10,large
chair@medium,4,25,1,150,natural,10,medium
chair@medium,4,50,1,150,natural,10,medium
chair@medium,4,100,1,150,natural,10,medium
chair@medium,4,150,3,150,natural,10,medium
chair@small,4,25,0,150,natural,10,small
chair@small,4,50,0,150,natural,10,small
chair@small,4,100,0,150,natural,10,small
chair@small,4,150,0,150,natural,10,small
clock@large,4,25,10,14,natural,10,large
clock@large,4,50,21,14,natural,10,large
clock@large,4,100,29,14,natural,10,large
clock@large,4,150,40,14,natural,10,large
clock@medium,4,25,10,14,natural,10,medium
clock@medium,4,50,10,14,natural,10,medium
clock@medium,4,100,10,14,natural,10,medium
clock@medium,4,150,10,14,natural,10,medium
clock@small,4,25,4,150,natural,10,small
clock@small,4,50,5,150,natural,10,small
clock@small,4,100,6,150,natural,10,small
clock@small,4,150,6,150,natural,10,small
dining table@large,4,25,6,67,natural,10,large
dining table@large,4,50,8,67,natural,10,large
dining table@large,4,100,11,67,natural,10,large
dining table@large,4,150,11,67,natural,10,large
dining table@medium,4,25,5,45,natural,10,medium
dining table@medium,4,50,10,45,natural,10,medium
dining table@medium,4,100,10,45,natural,10,medium
dining table@medium,4,150,10,45,natural,10,medium
dining table@small,4,25,0,150,natural,10,small
dining table@small,4,50,1,150,natural,10,small
dining table@small,4,100,2,150,natural,10,small
dining table@small,4,150,2,150,natural,10,small
dog@large,4,25,10,16,natural,10,large
dog@large,4,50,10,16,natural,10,large
dog@large,4,100,10,16,natural,10,large
dog@large,4,150,10,16,natural,10,large
dog@medium,4,25,10,24,natural,10,medium
dog@medium,4,50,11,24,natural,10,medium
dog@medium,4,100,11,24,natural,10,medium
dog@medium,4,150,11,24,natural,10,medium
dog@small,4,25,1,150,natural,10,small
dog@small,4,50,2,150,natural,10,small
dog@small,4,100,4,150,natural,10,small
dog@small,4,150,4,150,natural,10,small
enclosed road vehicle@large,4,25,11,14,natural,10,large
enclosed road vehicle@large,4,50,11,14,natural,10,large
enclosed road vehicle@large,4,100,11,14,natural,10,large
enclosed road vehicle@large,4,150,11,14,natural,10,large
enclosed road vehicle@medium,4,25,2,150,natural,10,medium
enclosed road vehicle@medium,4,50,3,150,natural,10,medium
enclosed road vehicle@medium,4,100,4,150,natural,10,medium
enclosed road vehicle@medium,4,150,5,150,natural,10,medium
enclosed road vehicle@small,4,25,1,150,natural,10,small
enclosed road vehicle@small,4,50,1,150,natural,10,small
enclosed road vehicle@small,4,100,1,150,natural,10,small
enclosed road vehicle@small,4,150,2,150,natural,10,small
fire hydrant@large,4,25,10,14,natural,10,large
fire hydrant@large,4,50,10,14,natural,10,large
fire hydrant@large,4,100,10,14,natural,10,large
fire hydrant@large,4,150,10,14,natural,10,large
fire hydrant@medium,4,25,11,14,natural,10,medium
fire hydrant@medium,4,50,11,14,natural,10,medium
fire hydrant@medium,4,100,11,14,natural,10,medium
fire hydrant@medium,4,150,11,14,natural,10,medium
fire hydrant@small,4,25,1,150,natural,10,small
fire hydrant@small,4,50,1,150,natural,10,small
fire hydrant@small,4,100,3,150,natural,10,small
fire hydrant@small,4,150,3,150,natural,10,small
fork@large,4,25,12,21,natural,10,large
fork@large,4,50,13,21,natural,10,large
fork@large,4,100,13,21,natural,10,large
fork@large,4,150,13,21,natural,10,large
fork@medium,4,25,4,74,natural,10,medium
fork@medium,4,50,6,74,natural,10,medium
fork@medium,4,100,10,74,natural,10,medium
fork@medium,4,150,10,74,natural,10,medium
fork@small,4,25,2,150,natural,10,small
fork@small,4,50,3,150,natural,10,small
fork@small,4,100,5,150,natural,10,small
fork@small,4,150,10,150,natural,10,small
frisbee@large,4,25,11,14,natural,10,large
frisbee@large,4,50,11,14,natural,10,large
frisbee@large,4,100,11,14,natural,10,large
frisbee@large,4,150,11,14,natural,10,large
frisbee@medium,4,25,10,14,natural,10,medium
frisbee@medium,4,50,10,14,natural,10,medium
frisbee@medium,4,100,10,14,natural,10,medium
frisbee@medium,4,150,10,14,natural,10,medium
frisbee@small,4,25,10,14,natural,10,small
frisbee@small,4,50,10,14,natural,10,small
frisbee@small,4,100,10,14,natural,10,small
frisbee@small,4,150,10,14,natural,10,small
keyboard@large,4,25,10,14,natural,10,large
keyboard@large,4,50,11,14,natural,10,large
keyboard@large,4,100,11,14,natural,10,large
keyboard@large,4,150,11,14,natural,10,large
keyboard@medium,4,25,3,78,natural,10,medium
keyboard@medium,4,50,7,78,natural,10,medium
keyboard@medium,4,100,10,78,natural,10,medium
keyboard@medium,4,150,10,78,natural,10,medium
keyboard@small,4,25,0,150,natural,10,small
keyboard@small,4,50,0,150,natural,10,small
keyboard@small,4,100,2,150,natural,10,small
keyboard@small,4,150,3,150,natural,10,small
kite@large,4,25,10,14,natural,10,large
kite@large,4,50,10,14,natural,10,large
kite@large,4,100,10,14,natural,10,large
kite@large,4,150,11,14,natural,10,large
kite@medium,4,25,21,14,natural,10,medium
kite@medium,4,50,29,14,natural,10,medium
kite@medium,4,100,29,14,natural,10,medium
kite@medium,4,150,29,14,natural,10,medium
kite@small,4,25,10,14,natural,10,small
kite@small,4,50,10,14,natural,10,small
kite@small,4,100,10,14,natural,10,small
kite@small,4,150,10,14,natural,10,small
knife@large,4,25,7,39,natural,10,large
knife@large,4,50,10,39,natural,10,large
knife@large,4,100,10,39,natural,10,large
knife@large,4,150,11,39,natural,10,large
knife@medium,4,25,4,150,natural,10,medium
knife@medium,4,50,5,150,natural,10,medium
knife@medium,4,100,6,150,natural,10,medium
knife@medium,4,150,7,150,natural,10,medium
knife@small,4,25,0,150,natural,10,small
knife@small,4,50,0,150,natural,10,small
knife@small,4,100,0,150,natural,10,small
knife@small,4,150,0,150,natural,10,small
laptop@large,4,25,10,14,natural,10,large
laptop@large,4,50,11,14,natural,10,large
laptop@large,4,100,11,14,natural,10,large
laptop@large,4,150,14,14,natural,10,large
laptop@medium,4,25,1,82,natural,10,medium
laptop@medium,4,50,3,82,natural,10,medium
laptop@medium,4,100,10,82,natural,10,medium
laptop@medium,4,150,11,82,natural,10,medium
laptop@small,4,25,0,150,natural,10,small
laptop@small,4,50,0,150,natural,10,small
laptop@small,4,100,0,150,natural,10,small
laptop@small,4,150,1,150,natural,10,small
microwave@large,4,25,10,14,natural,10,large
microwave@large,4,50,10,14,natural,10,large
microwave@large,4,100,10,14,natural,10,large
microwave@large,4,150,10,14,natural,10,large
microwave@medium,4,25,3,56,natural,10,medium
microwave@medium,4,50,9,56,natural,10,medium
microwave@medium,4,100,10,56,natural,10,medium
microwave@medium,4,150,10,56,natural,10,medium
microwave@small,4,25,0,150,natural,10,small
microwave@small,4,50,0,150,natural,10,small
microwave@small,4,100,0,150,natural,10,small
microwave@small,4,150,2,150,natural,10,small
motorcycle@large,4,25,10,14,natural,10,large
motorcycle@large,4,50,11,14,natural,10,large
motorcycle@large,4,100,17,14,natural,10,large
motorcycle@large,4,150,17,14,natural,10,large
motorcycle@medium,4,25,11,14,natural,10,medium
motorcycle@medium,4,50,11,14,natural,10,medium
motorcycle@medium,4,100,11,14,natural,10,medium
motorcycle@medium,4,150,11,14,natural,10,medium
motorcycle@small,4,25,1,150,natural,10,small
motorcycle@small,4,50,2,150,natural,10,small
motorcycle@small,4,100,3,150,natural,10,small
motorcycle@small,4,150,5,150,natural,10,small
mouse@large,4,25,11,14,natural,10,large
mouse@large,4,50,11,14,natural,10,large
mouse@large,4,100,11,14,natural,10,large
mouse@large,4,150,11,14,natural,10,large
mouse@medium,4,25,9,26,natural,10,medium
mouse@medium,4,50,10,26,natural,10,medium
mouse@medium,4,100,10,26,natural,10,medium
mouse@medium,4,150,12,26,natural,10,medium
mouse@small,4,25,0,107,natural,10,small
mouse@small,4,50,1,107,natural,10,small
mouse@small,4,100,9,107,natural,10,small
mouse@small,4,150,10,107,natural,10,small
orange@large,4,25,10,14,natural,10,large
orange@large,4,50,10,14,natural,10,large
orange@large,4,100,20,14,natural,10,large
orange@large,4,150,28,14,natural,10,large
orange@medium,4,25,12,14,natural,10,medium
orange@medium,4,50,13,14,natural,10,medium
orange@medium,4,100,13,14,natural,10,medium
orange@medium,4,150,13,14,natural,10,medium
parking meter@large,4,25,10,14,natural,10,large
parking meter@large,4,50,10,14,natural,10,large
parking meter@large,4,100,10,14,natural,10,large
parking meter@large,4,150,11,14,natural,10,large
parking meter@medium,4,25,10,14,natural,10,medium
parking meter@medium,4,50,10,14,natural,10,medium
parking meter@medium,4,100,10,14,natural,10,medium
parking meter@medium,4,150,10,14,natural,10,medium
parking meter@small,4,25,2,150,natural,10,small
parking meter@small,4,50,3,150,natural,10,small
parking meter@small,4,100,7,150,natural,10,small
parking meter@small,4,150,9,150,natural,10,small
person@large,4,25,12,21,natural,10,large
person@large,4,50,14,21,natural,10,large
person@large,4,100,14,21,natural,10,large
person@large,4,150,14,21,natural,10,large
person@medium,4,25,4,150,natural,10,medium
person@medium,4,50,6,150,natural,10,medium
person@medium,4,100,8,150,natural,10,medium
person@medium,4,150,8,150,natural,10,medium
person@small,4,25,0,150,natural,10,small
person@small,4,50,0,150,natural,10,small
person@small,4,100,0,150,natural,10,small
person@small,4,150,1,150,natural,10,small
remote@large,4,25,10,14,natural,10,large
remote@large,4,50,10,14,natural,10,large
remote@large,4,100,11,14,natural,10,large
remote@large,4,150,11,14,natural,10,large
remote@medium,4,25,5,53,natural,10,medium
remote@medium,4,50,9,53,natural,10,medium
remote@medium,4,100,10,53,natural,10,medium
remote@medium,4,150,10,53,natural,10,medium
remote@small,4,25,0,150,natural,10,small
remote@small,4,50,2,150,natural,10,small
remote@small,4,100,3,150,natural,10,small
remote@small,4,150,5,150,natural,10,small
scissors@large,4,25,10,14,natural,10,large
scissors@large,4,50,10,14,natural,10,large
scissors@large,4,100,10,14,natural,10,large
scissors@large,4,150,10,14,natural,10,large
scissors@medium,4,25,12,14,natural,10,medium
scissors@medium,4,50,12,14,natural,10,medium
scissors@medium,4,100,13,14,natural,10,medium
scissors@medium,4,150,13,14,natural,10,medium
scissors@small,4,25,1,150,natural,10,small
scissors@small,4,50,2,150,natural,10,small
scissors@small,4,100,5,150,natural,10,small
scissors@small,4,150,6,150,natural,10,small
single serving drinking vessel@large,4,25,10,19,natural,10,large
single serving drinking vessel@large,4,50,10,19,natural,10,large
single serving drinking vessel@large,4,100,10,19,natural,10,large
single serving drinking vessel@large,4,150,10,19,natural,10,large
single serving drinking vessel@medium,4,25,10,22,natural,10,medium
single serving drinking vessel@medium,4,50,10,22,natural,10,medium
single serving drinking vessel@medium,4,100,10,22,natural,10,medium
single serving drinking vessel@medium,4,150,10,22,natural,10,medium
single serving drinking vessel@small,4,25,2,150,natural,10,small
single serving drinking vessel@small,4,50,2,150,natural,10,small
single serving drinking vessel@small,4,100,5,150,natural,10,small
single serving drinking vessel@small,4,150,6,150,natural,10,small
sink@large,4,25,10,14,natural,10,large
sink@large,4,50,10,14,natural,10,large
sink@large,4,100,10,14,natural,10,large
sink@large,4,150,10,14,natural,10,large
sink@medium,4,25,5,76,natural,10,medium
sink@medium,4,50,6,76,natural,10,medium
sink@medium,4,100,10,76,natural,10,medium
sink@medium,4,150,10,76,natural,10,medium
sink@small,4,25,2,150,natural,10,small
sink@small,4,50,2,150,natural,10,small
sink@small,4,100,5,150,natural,10,small
sink@small,4,150,7,150,natural,10,small
skateboard@large,4,25,10,14,natural,10,large
skateboard@large,4,50,10,14,natural,10,large
skateboard@large,4,100,10,14,natural,10,large
skateboard@large,4,150,10,14,natural,10,large
skateboard@medium,4,25,10,14,natural,10,medium
skateboard@medium,4,50,10,14,natural,10,medium
skateboard@medium,4,100,10,14,natural,10,medium
skateboard@medium,4,150,10,14,natural,10,medium
skateboard@small,4,25,10,14,natural,10,small
skateboard@small,4,50,10,14,natural,10,small
skateboard@small,4,100,10,14,natural,10,small
skateboard@small,4,150,10,14,natural,10,small
skis@large,4,25,11,14,natural,10,large
skis@large,4,50,13,14,natural,10,large
skis@large,4,100,27,14,natural,10,large
skis@large,4,150,30,14,natural,10,large
skis@medium,4,25,15,14,natural,10,medium
skis@medium,4,50,26,14,natural,10,medium
skis@medium,4,100,35,14,natural,10,medium
skis@medium,4,150,43,14,natural,10,medium
skis@small,4,25,8,31,natural,10,small
skis@small,4,50,10,31,natural,10,small
skis@small,4,100,10,31,natural,10,small
skis@small,4,150,29,31,natural,10,small
snowboard@large,4,25,10,14,natural,10,large
snowboard@large,4,50,10,14,natural,10,large
snowboard@large,4,100,12,14,natural,10,large
snowboard@large,4,150,13,14,natural,10,large
snowboard@medium,4,25,10,14,natural,10,medium
snowboard@medium,4,50,10,14,natural,10,medium
snowboard@medium,4,100,10,14,natural,10,medium
snowboard@medium,4,150,11,14,natural,10,medium
snowboard@small,4,25,10,14,natural,10,small
snowboard@small,4,50,10,14,natural,10,small
snowboard@small,4,100,14,14,natural,10,small
snowboard@small,4,150,33,14,natural,10,small
spoon@large,4,25,7,35,natural,10,large
spoon@large,4,50,11,35,natural,10,large
spoon@large,4,100,11,35,natural,10,large
spoon@large,4,150,11,35,natural,10,large
spoon@medium,4,25,1,124,natural,10,medium
spoon@medium,4,50,4,124,natural,10,medium
spoon@medium,4,100,9,124,natural,10,medium
spoon@medium,4,150,10,124,natural,10,medium
spoon@small,4,25,0,150,natural,10,small
spoon@small,4,50,0,150,natural,10,small
spoon@small,4,100,1,150,natural,10,small
spoon@small,4,150,1,150,natural,10,small
stop sign@large,4,25,11,14,natural,10,large
stop sign@large,4,50,11,14,natural,10,large
stop sign@large,4,100,11,14,natural,10,large
stop sign@large,4,150,12,14,natural,10,large
stop sign@medium,4,25,11,14,natural,10,medium
stop sign@medium,4,50,11,14,natural,10,medium
stop sign@medium,4,100,12,14,natural,10,medium
stop sign@medium,4,150,12,14,natural,10,medium
stop sign@small,4,25,0,150,natural,10,small
stop sign@small,4,50,2,150,natural,10,small
stop sign@small,4,100,3,150,natural,10,small
stop sign@small,4,150,4,150,natural,10,small
surfboard@large,4,25,11,14,natural,10,large
surfboard@large,4,50,11,14,natural,10,large
surfboard@large,4,100,11,14,natural,10,large
surfboard@large,4,150,11,14,natural,10,large
surfboard@medium,4,25,10,14,natural,10,medium
surfboard@medium,4,50,10,14,natural,10,medium
surfboard@medium,4,100,10,14,natural,10,medium
surfboard@medium,4,150,10,14,natural,10,medium
surfboard@small,4,25,10,14,natural,10,small
surfboard@small,4,50,10,14,natural,10,small
surfboard@small,4,100,10,14,natural,10,small
surfboard@small,4,150,10,14,natural,10,small
tennis racket@large,4,25,11,14,natural,10,large
tennis racket@large,4,50,11,14,natural,10,large
tennis racket@large,4,100,27,14,natural,10,large
tennis racket@large,4,150,41,14,natural,10,large
tennis racket@medium,4,25,10,14,natural,10,medium
tennis racket@medium,4,50,10,14,natural,10,medium
tennis racket@medium,4,100,10,14,natural,10,medium
tennis racket@medium,4,150,10,14,natural,10,medium
tennis racket@small,4,25,14,14,natural,10,small
tennis racket@small,4,50,34,14,natural,10,small
tennis racket@small,4,100,34,14,natural,10,small
tennis racket@small,4,150,34,14,natural,10,small
tie@large,4,25,10,14,natural,10,large
tie@large,4,50,10,14,natural,10,large
tie@large,4,100,10,14,natural,10,large
tie@large,4,150,10,14,natural,10,large
tie@medium,4,25,10,14,natural,10,medium
tie@medium,4,50,10,14,natural,10,medium
tie@medium,4,100,10,14,natural,10,medium
tie@medium,4,150,10,14,natural,10,medium
tie@small,4,25,2,149,natural,10,small
tie@small,4,50,4,149,natural,10,small
tie@small,4,100,8,149,natural,10,small
tie@small,4,150,10,149,natural,10,small
toothbrush@large,4,25,10,14,natural,10,large
toothbrush@large,4,50,10,14,natural,10,large
toothbrush@large,4,100,10,14,natural,10,large
toothbrush@large,4,150,10,14,natural,10,large
toothbrush@medium,4,25,10,14,natural,10,medium
toothbrush@medium,4,50,10,14,natural,10,medium
toothbrush@medium,4,100,10,14,natural,10,medium
toothbrush@medium,4,150,11,14,natural,10,medium
toothbrush@small,4,25,7,44,natural,10,small
toothbrush@small,4,50,10,44,natural,10,small
toothbrush@small,4,100,10,44,natural,10,small
toothbrush@small,4,150,10,44,natural,10,small
traffic light@large,4,25,10,14,natural,10,large
traffic light@large,4,50,10,14,natural,10,large
traffic light@large,4,100,10,14,natural,10,large
traffic light@large,4,150,10,14,natural,10,large
traffic light@medium,4,25,10,14,natural,10,medium
traffic light@medium,4,50,11,14,natural,10,medium
traffic light@medium,4,100,11,14,natural,10,medium
traffic light@medium,4,150,12,14,natural,10,medium
traffic light@small,4,25,4,134,natural,10,small
traffic light@small,4,50,5,134,natural,10,small
traffic light@small,4,100,8,134,natural,10,small
traffic light@small,4,150,10,134,natural,10,small
tv@large,4,25,10,15,natural,10,large
tv@large,4,50,10,15,natural,10,large
tv@large,4,100,10,15,natural,10,large
tv@large,4,150,10,15,natural,10,large
tv@medium,4,25,5,50,natural,10,medium
tv@medium,4,50,10,50,natural,10,medium
tv@medium,4,100,10,50,natural,10,medium
tv@medium,4,150,10,50,natural,10,medium
tv@small,4,25,0,150,natural,10,small
tv@small,4,50,0,150,natural,10,small
tv@small,4,100,0,150,natural,10,small
tv@small,4,150,0,150,natural,10,small
umbrella@large,4,25,10,14,natural,10,large
umbrella@large,4,50,10,14,natural,10,large
umbrella@large,4,100,10,14,natural,10,large
umbrella@large,4,150,10,14,natural,10,large
umbrella@medium,4,25,10,14,natural,10,medium
umbrella@medium,4,50,10,14,natural,10,medium
umbrella@medium,4,100,11,14,natural,10,medium
umbrella@medium,4,150,11,14,natural,10,medium
umbrella@small,4,25,1,150,natural,10,small
umbrella@small,4,50,2,150,natural,10,small
umbrella@small,4,100,4,150,natural,10,small
umbrella@small,4,150,7,150,natural,10,small
vase or potted plant@large,4,25,10,14,natural,10,large
vase or potted plant@large,4,50,10,14,natural,10,large
vase or potted plant@large,4,100,10,14,natural,10,large
vase or potted plant@large,4,150,10,14,natural,10,large
vase or potted plant@medium,4,25,4,98,natural,10,medium
vase or potted plant@medium,4,50,5,98,natural,10,medium
vase or potted plant@medium,4,100,10,98,natural,10,medium
vase or potted plant@medium,4,150,10,98,natural,10,medium
vase or potted plant@small,4,25,0,150,natural,10,small
vase or potted plant@small,4,50,0,150,natural,10,small
vase or potted plant@small,4,100,0,150,natural,10,small
vase or potted plant@small,4,150,0,150,natural,10,small
airplane@large,0,25,21,24,natural,20,large
airplane@large,0,50,30,24,natural,20,large
airplane@large,0,100,35,24,natural,20,large
airplane@large,0,150,35,24,natural,20,large
airplane@medium,0,25,20,24,natural,20,medium
airplane@medium,0,50,20,24,natural,20,medium
airplane@medium,0,100,20,24,natural,20,medium
airplane@medium,0,150,20,24,natural,20,medium
airplane@small,0,25,19,26,natural,20,small
airplane@small,0,50,20,26,natural,20,small
airplane@small,0,100,20,26,natural,20,small
airplane@small,0,150,20,26,natural,20,small
apple@large,0,25,20,24,natural,20,large
apple@large,0,50,21,24,natural,20,large
apple@large,0,100,21,24,natural,20,large
apple@large,0,150,25,24,natural,20,large
apple@medium,0,25,16,42,natural,20,medium
apple@medium,0,50,20,42,natural,20,medium
apple@medium,0,100,20,42,natural,20,medium
apple@medium,0,150,20,42,natural,20,medium
bag or luggage@large,0,25,21,24,natural,20,large
bag or luggage@large,0,50,22,24,natural,20,large
bag or luggage@large,0,100,23,24,natural,20,large
bag or luggage@large,0,150,23,24,natural,20,large
bag or luggage@medium,0,25,5,150,natural,20,medium
bag or luggage@medium,0,50,6,150,natural,20,medium
bag or luggage@medium,0,100,11,150,natural,20,medium
bag or luggage@medium,0,150,13,150,natural,20,medium
bag or luggage@small,0,25,0,150,natural,20,small
bag or luggage@small,0,50,0,150,natural,20,small
bag or luggage@small,0,100,0,150,natural,20,small
bag or luggage@small,0,150,2,150,natural,20,small
banana@large,0,25,21,24,natural,20,large
banana@large,0,50,23,24,natural,20,large
banana@large,0,100,23,24,natural,20,large
banana@large,0,150,23,24,natural,20,large
banana@medium,0,25,20,24,natural,20,medium
banana@medium,0,50,20,24,natural,20,medium
banana@medium,0,100,20,24,natural,20,medium
banana@medium,0,150,20,24,natural,20,medium
baseball bat@large,0,25,20,24,natural,20,large
baseball bat@large,0,50,21,24,natural,20,large
baseball bat@large,0,100,21,24,natural,20,large
baseball bat@large,0,150,21,24,natural,20,large
baseball bat@medium,0,25,20,24,natural,20,medium
baseball bat@medium,0,50,23,24,natural,20,medium
baseball bat@medium,0,100,23,24,natural,20,medium
baseball bat@medium,0,150,34,24,natural,20,medium
baseball bat@small,0,25,20,24,natural,20,small
baseball bat@small,0,50,22,24,natural,20,small
baseball bat@small,0,100,22,24,natural,20,small
baseball bat@small,0,150,22,24,natural,20,small
bench@large,0,25,20,24,natural,20,large
bench@large,0,50,20,24,natural,20,large
bench@large,0,100,20,24,natural,20,large
bench@large,0,150,20,24,natural,20,large
bench@medium,0,25,7,150,natural,20,medium
bench@medium,0,50,9,150,natural,20,medium
bench@medium,0,100,9,150,natural,20,medium
bench@medium,0,150,11,150,natural,20,medium
bench@small,0,25,0,150,natural,20,small
bench@small,0,50,0,150,natural,20,small
bench@small,0,100,0,150,natural,20,small
bench@small,0,150,1,150,natural,20,small
bicycle@large,0,25,20,24,natural,20,large
bicycle@large,0,50,24,24,natural,20,large
bicycle@large,0,100,25,24,natural,20,large
bicycle@large,0,150,25,24,natural,20,large
bicycle@medium,0,25,13,139,natural,20,medium
bicycle@medium,0,50,17,139,natural,20,medium
bicycle@medium,0,100,18,139,natural,20,medium
bicycle@medium,0,150,20,139,natural,20,medium
bicycle@small,0,25,2,150,natural,20,small
bicycle@small,0,50,2,150,natural,20,small
bicycle@small,0,100,3,150,natural,20,small
bicycle@small,0,150,6,150,natural,20,small
bird@large,0,25,20,24,natural,20,large
bird@large,0,50,23,24,natural,20,large
bird@large,0,100,23,24,natural,20,large
bird@large,0,150,27,24,natural,20,large
bird@medium,0,25,18,28,natural,20,medium
bird@medium,0,50,22,28,natural,20,medium
bird@medium,0,100,22,28,natural,20,medium
bird@medium,0,150,22,28,natural,20,medium
bird@small,0,25,2,150,natural,20,small
bird@small,0,50,4,150,natural,20,small
bird@small,0,100,8,150,natural,20,small
bird@small,0,150,13,150,natural,20,small
boat@large,0,25,20,24,natural,20,large
boat@large,0,50,20,24,natural,20,large
boat@large,0,100,20,24,natural,20,large
boat@large,0,150,20,24,natural,20,large
boat@medium,0,25,18,27,natural,20,medium
boat@medium,0,50,22,27,natural,20,medium
boat@medium,0,100,23,27,natural,20,medium
boat@medium,0,150,23,27,natural,20,medium
boat@small,0,25,9,148,natural,20,small
boat@small,0,50,12,148,natural,20,small
boat@small,0,100,17,148,natural,20,small
boat@small,0,150,20,148,natural,20,small
book@large,0,25,20,24,natural,20,large
book@large,0,50,20,24,natural,20,large
book@large,0,100,20,24,natural,20,large
book@large,0,150,20,24,natural,20,large
book@medium,0,25,1,150,natural,20,medium
book@medium,0,50,2,150,natural,20,medium
book@medium,0,100,5,150,natural,20,medium
book@medium,0,150,6,150,natural,20,medium
book@small,0,25,0,150,natural,20,small
book@small,0,50,0,150,natural,20,small
book@small,0,100,0,150,natural,20,small
book@small,0,150,0,150,natural,20,small
bottle@large,0,25,15,33,natural,20,large
bottle@large,0,50,20,33,natural,20,large
bottle@large,0,100,20,33,natural,20,large
bottle@large,0,150,20,33,natural,20,large
bottle@medium,0,25,1,150,natural,20,medium
bottle@medium,0,50,2,150,natural,20,medium
bottle@medium,0,100,5,150,natural,20,medium
bottle@medium,0,150,8,150,natural,20,medium
bottle@small,0,25,1,150,natural,20,small
bottle@small,0,50,1,150,natural,20,small
bottle@small,0,100,1,150,natural,20,small
bottle@small,0,150,1,150,natural,20,small
bowl@large,0,25,6,150,natural,20,large
bowl@large,0,50,8,150,natural,20,large
bowl@large,0,100,9,150,natural,20,large
bowl@large,0,150,10,150,natural,20,large
bowl@medium,0,25,0,150,natural,20,medium
bowl@medium,0,50,1,150,natural,20,medium
bowl@medium,0,100,3,150,natural,20,medium
bowl@medium,0,150,6,150,natural,20,medium
bowl@small,0,25,0,150,natural,20,small
bowl@small,0,50,0,150,natural,20,small
bowl@small,0,100,0,150,natural,20,small
bowl@small,0,150,0,150,natural,20,small
bus@large,0,25,20,24,natural,20,large
bus@large,0,50,20,24,natural,20,large
bus@large,0,100,20,24,natural,20,large
bus@large,0,150,20,24,natural,20,large
bus@medium,0,25,9,150,natural,20,medium
bus@medium,0,50,12,150,natural,20,medium
bus@medium,0,100,16,150,natural,20,medium
bus@medium,0,150,17,150,natural,20,medium
bus@small,0,25,1,150,natural,20,small
bus@small,0,50,1,150,natural,20,small
bus@small,0,100,4,150,natural,20,small
bus@small,0,150,6,150,natural,20,small
cell phone@large,0,25,21,24,natural,20,large
cell phone@large,0,50,23,24,natural,20,large
cell phone@large,0,100,23,24,natural,20,large
cell phone@large,0,150,23,24,natural,20,large
cell phone@medium,0,25,13,44,natural,20,medium
cell phone@medium,0,50,21,44,natural,20,medium
cell phone@medium,0,100,22,44,natural,20,medium
cell phone@medium,0,150,22,44,natural,20,medium
cell phone@small,0,25,1,150,natural,20,small
cell phone@small,0,50,4,150,natural,20,small
cell phone@small,0,100,5,150,natural,20,small
cell phone@small,0,150,5,150,natural,20,small
chair@large,0,25,5,150,natural,20,large
chair@large,0,50,9,150,natural,20,large
chair@large,0,100,12,150,natural,20,large
chair@large,0,150,16,150,natural,20,large
chair@medium,0,25,1,150,natural,20,medium
chair@medium,0,50,2,150,natural,20,medium
chair@medium,0,100,2,150,natural,20,medium
chair@medium,0,150,4,150,natural,20,medium
chair@small,0,25,0,150,natural,20,small
chair@small,0,50,0,150,natural,20,small
chair@small,0,100,0,150,natural,20,small
chair@small,0,150,0,150,natural,20,small
clock@large,0,25,20,24,natural,20,large
clock@large,0,50,20,24,natural,20,large
clock@large,0,100,20,24,natural,20,large
clock@large,0,150,20,24,natural,20,large
clock@medium,0,25,20,24,natural,20,medium
clock@medium,0,50,21,24,natural,20,medium
clock@medium,0,100,21,24,natural,20,medium
clock@medium,0,150,21,24,natural,20,medium
clock@small,0,25,4,150,natural,20,small
clock@small,0,50,5,150,natural,20,small
clock@small,0,100,8,150,natural,20,small
clock@small,0,150,8,150,natural,20,small
dining table@large,0,25,6,150,natural,20,large
dining table@large,0,50,7,150,natural,20,large
dining table@large,0,100,12,150,natural,20,large
dining table@large,0,150,13,150,natural,20,large
dining table@medium,0,25,5,150,natural,20,medium
dining table@medium,0,50,9,150,natural,20,medium
dining table@medium,0,100,14,150,natural,20,medium
dining table@medium,0,150,16,150,natural,20,medium
dining table@small,0,25,0,150,natural,20,small
dining table@small,0,50,3,150,natural,20,small
dining table@small,0,100,7,150,natural,20,small
dining table@small,0,150,8,150,natural,20,small
dog@large,0,25,16,31,natural,20,large
dog@large,0,50,22,31,natural,20,large
dog@large,0,100,22,31,natural,20,large
dog@large,0,150,22,31,natural,20,large
dog@medium,0,25,8,64,natural,20,medium
dog@medium,0,50,16,64,natural,20,medium
dog@medium,0,100,22,64,natural,20,medium
dog@medium,0,150,23,64,natural,20,medium
dog@small,0,25,0,150,natural,20,small
dog@small,0,50,1,150,natural,20,small
dog@small,0,100,4,150,natural,20,small
dog@small,0,150,4,150,natural,20,small
enclosed road vehicle@large,0,25,15,41,natural,20,large
enclosed road vehicle@large,0,50,20,41,natural,20,large
enclosed road vehicle@large,0,100,20,41,natural,20,large
enclosed road vehicle@large,0,150,20,41,natural,20,large
enclosed road vehicle@medium,0,25,1,150,natural,20,medium
enclosed road vehicle@medium,0,50,6,150,natural,20,medium
enclosed road vehicle@medium,0,100,9,150,natural,20,medium
enclosed road vehicle@medium,0,150,12,150,natural,20,medium
enclosed road vehicle@small,0,25,0,150,natural,20,small
enclosed road vehicle@small,0,50,1,150,natural,20,small
enclosed road vehicle@small,0,100,3,150,natural,20,small
enclosed road vehicle@small,0,150,5,150,natural,20,small
fire hydrant@large,0,25,20,24,natural,20,large
fire hydrant@large,0,50,22,24,natural,20,large
fire hydrant@large,0,100,22,24,natural,20,large
fire hydrant@large,0,150,22,24,natural,20,large
fire hydrant@medium,0,25,16,32,natural,20,medium
fire hydrant@medium,0,50,20,32,natural,20,medium
fire hydrant@medium,0,100,21,32,natural,20,medium
fire hydrant@medium,0,150,21,32,natural,20,medium
fire hydrant@small,0,25,0,150,natural,20,small
fire hydrant@small,0,50,1,150,natural,20,small
fire hydrant@small,0,100,6,150,natural,20,small
fire hydrant@small,0,150,8,150,natural,20,small
fork@large,0,25,12,56,natural,20,large
fork@large,0,50,16,56,natural,20,large
fork@large,0,100,20,56,natural,20,large
fork@large,0,150,21,56,natural,20,large
fork@medium,0,25,6,150,natural,20,medium
fork@medium,0,50,7,150,natural,20,medium
fork@medium,0,100,13,150,natural,20,medium
fork@medium,0,150,17,150,natural,20,medium
fork@small,0,25,1,150,natural,20,small
fork@small,0,50,1,150,natural,20,small
fork@small,0,100,2,150,natural,20,small
fork@small,0,150,8,150,natural,20,small
frisbee@large,0,25,21,24,natural,20,large
frisbee@large,0,50,22,24,natural,20,large
frisbee@large,0,100,22,24,natural,20,large
frisbee@large,0,150,22,24,natural,20,large
frisbee@medium,0,25,20,24,natural,20,medium
frisbee@medium,0,50,20,24,natural,20,medium
frisbee@medium,0,100,20,24,natural,20,medium
frisbee@medium,0,150,20,24,natural,20,medium
frisbee@small,0,25,20,24,natural,20,small
frisbee@small,0,50,20,24,natural,20,small
frisbee@small,0,100,20,24,natural,20,small
frisbee@small,0,150,20,24,natural,20,small
keyboard@large,0,25,19,27,natural,20,large
keyboard@large,0,50,20,27,natural,20,large
keyboard@large,0,100,21,27,natural,20,large
keyboard@large,0,150,21,27,natural,20,large
keyboard@medium,0,25,4,133,natural,20,medium
keyboard@medium,0,50,7,133,natural,20,medium
keyboard@medium,0,100,12,133,natural,20,medium
keyboard@medium,0,150,20,133,natural,20,medium
keyboard@small,0,25,0,150,natural,20,small
keyboard@small,0,50,0,150,natural,20,small
keyboard@small,0,100,0,150,natural,20,small
keyboard@small,0,150,2,150,natural,20,small
kite@large,0,25,20,24,natural,20,large
kite@large,0,50,20,24,natural,20,large
kite@large,0,100,20,24,natural,20,large
kite@large,0,150,24,24,natural,20,large
kite@medium,0,25,20,24,natural,20,medium
kite@medium,0,50,20,24,natural,20,medium
kite@medium,0,100,20,24,natural,20,medium
kite@medium,0,150,20,24,natural,20,medium
kite@small,0,25,20,24,natural,20,small
kite@small,0,50,20,24,natural,20,small
kite@small,0,100,20,24,natural,20,small
kite@small,0,150,20,24,natural,20,small
knife@large,0,25,10,150,natural,20,large
knife@large,0,50,13,150,natural,20,large
knife@large,0,100,16,150,natural,20,large
knife@large,0,150,18,150,natural,20,large
knife@medium,0,25,2,150,natural,20,medium
knife@medium,0,50,3,150,natural,20,medium
knife@medium,0,100,5,150,natural,20,medium
knife@medium,0,150,5,150,natural,20,medium
knife@small,0,25,0,150,natural,20,small
knife@small,0,50,0,150,natural,20,small
knife@small,0,100,0,150,natural,20,small
knife@small,0,150,0,150,natural,20,small
laptop@large,0,25,20,25,natural,20,large
laptop@large,0,50,22,25,natural,20,large
laptop@large,0,100,22,25,natural,20,large
laptop@large,0,150,22,25,natural,20,large
laptop@medium,0,25,3,125,natural,20,medium
laptop@medium,0,50,5,125,natural,20,medium
laptop@medium,0,100,13,125,natural,20,medium
laptop@medium,0,150,20,125,natural,20,medium
laptop@small,0,25,0,150,natural,20,small
laptop@small,0,50,0,150,natural,20,small
laptop@small,0,100,0,150,natural,20,small
laptop@small,0,150,1,150,natural,20,small
microwave@large,0,25,20,25,natural,20,large
microwave@large,0,50,20,25,natural,20,large
microwave@large,0,100,20,25,natural,20,large
microwave@large,0,150,20,25,natural,20,large
microwave@medium,0,25,5,135,natural,20,medium
microwave@medium,0,50,11,135,natural,20,medium
microwave@medium,0,100,16,135,natural,20,medium
microwave@medium,0,150,20,135,natural,20,medium
microwave@small,0,25,0,150,natural,20,small
microwave@small,0,50,0,150,natural,20,small
microwave@small,0,100,1,150,natural,20,small
microwave@small,0,150,3,150,natural,20,small
motorcycle@large,0,25,20,24,natural,20,large
motorcycle@large,0,50,20,24,natural,20,large
motorcycle@large,0,100,20,24,natural,20,large
motorcycle@large,0,150,20,24,natural,20,large
motorcycle@medium,0,25,14,72,natural,20,medium
motorcycle@medium,0,50,17,72,natural,20,medium
motorcycle@medium,0,100,20,72,natural,20,medium
motorcycle@medium,0,150,20,72,natural,20,medium
motorcycle@small,0,25,1,150,natural,20,small
motorcycle@small,0,50,1,150,natural,20,small
motorcycle@small,0,100,2,150,natural,20,small
motorcycle@small,0,150,3,150,natural,20,small
mouse@large,0,25,20,24,natural,20,large
mouse@large,0,50,20,24,natural,20,large
mouse@large,0,100,20,24,natural,20,large
mouse@large,0,150,20,24,natural,20,large
mouse@medium,0,25,13,58,natural,20,medium
mouse@medium,0,50,19,58,natural,20,medium
mouse@medium,0,100,21,58,natural,20,medium
mouse@medium,0,150,21,58,natural,20,medium
mouse@small,0,25,0,150,natural,20,small
mouse@small,0,50,2,150,natural,20,small
mouse@small,0,100,8,150,natural,20,small
mouse@small,0,150,12,150,natural,20,small
orange@large,0,25,20,24,natural,20,large
orange@large,0,50,21,24,natural,20,large
orange@large,0,100,21,24,natural,20,large
orange@large,0,150,23,24,natural,20,large
orange@medium,0,25,9,150,natural,20,medium
orange@medium,0,50,12,150,natural,20,medium
orange@medium,0,100,17,150,natural,20,medium
orange@medium,0,150,18,150,natural,20,medium
parking meter@large,0,25,20,24,natural,20,large
parking meter@large,0,50,20,24,natural,20,large
parking meter@large,0,100,20,24,natural,20,large
parking meter@large,0,150,20,24,natural,20,large
parking meter@medium,0,25,15,42,natural,20,medium
parking meter@medium,0,50,20,42,natural,20,medium
parking meter@medium,0,100,20,42,natural,20,medium
parking meter@medium,0,150,20,42,natural,20,medium
parking meter@small,0,25,3,150,natural,20,small
parking meter@small,0,50,4,150,natural,20,small
parking meter@small,0,100,6,150,natural,20,small
parking meter@small,0,150,6,150,natural,20,small
person@large,0,25,12,75,natural,20,large
person@large,0,50,13,75,natural,20,large
person@large,0,100,22,75,natural,20,large
person@large,0,150,22,75,natural,20,large
person@medium,0,25,2,150,natural,20,medium
person@medium,0,50,3,150,natural,20,medium
person@medium,0,100,5,150,natural,20,medium
person@medium,0,150,6,150,natural,20,medium
person@small,0,25,0,150,natural,20,small
person@small,0,50,0,150,natural,20,small
person@small,0,100,0,150,natural,20,small
person@small,0,150,0,150,natural,20,small
remote@large,0,25,20,24,natural,20,large
remote@large,0,50,20,24,natural,20,large
remote@large,0,100,20,24,natural,20,large
remote@large,0,150,20,24,natural,20,large
remote@medium,0,25,11,86,natural,20,medium
remote@medium,0,50,17,86,natural,20,medium
remote@medium,0,100,20,86,natural,20,medium
remote@medium,0,150,20,86,natural,20,medium
remote@small,0,25,0,150,natural,20,small
remote@small,0,50,5,150,natural,20,small
remote@small,0,100,6,150,natural,20,small
remote@small,0,150,6,150,natural,20,small
scissors@large,0,25,21,24,natural,20,large
scissors@large,0,50,30,24,natural,20,large
scissors@large,0,100,31,24,natural,20,large
scissors@large,0,150,31,24,natural,20,large
scissors@medium,0,25,15,56,natural,20,medium
scissors@medium,0,50,18,56,natural,20,medium
scissors@medium,0,100,20,56,natural,20,medium
scissors@medium,0,150,20,56,natural,20,medium
scissors@small,0,25,1,150,natural,20,small
scissors@small,0,50,1,150,natural,20,small
scissors@small,0,100,4,150,natural,20,small
scissors@small,0,150,5,150,natural,20,small
single serving drinking vessel@large,0,25,12,89,natural,20,large
single serving drinking vessel@large,0,50,16,89,natural,20,large
single serving drinking vessel@large,0,100,20,89,natural,20,large
single serving drinking vessel@large,0,150,20,89,natural,20,large
single serving drinking vessel@medium,0,25,7,150,natural,20,medium
single serving drinking vessel@medium,0,50,7,150,natural,20,medium
single serving drinking vessel@medium,0,100,9,150,natural,20,medium
single serving drinking vessel@medium,0,150,13,150,natural,20,medium
single serving drinking vessel@small,0,25,0,150,natural,20,small
single serving drinking vessel@small,0,50,1,150,natural,20,small
single serving drinking vessel@small,0,100,1,150,natural,20,small
single serving drinking vessel@small,0,150,2,150,natural,20,small
sink@large,0,25,16,30,natural,20,large
sink@large,0,50,21,30,natural,20,large
sink@large,0,100,21,30,natural,20,large
sink@large,0,150,21,30,natural,20,large
sink@medium,0,25,6,123,natural,20,medium
sink@medium,0,50,8,123,natural,20,medium
sink@medium,0,100,15,123,natural,20,medium
sink@medium,0,150,20,123,natural,20,medium
sink@small,0,25,1,150,natural,20,small
sink@small,0,50,1,150,natural,20,small
sink@small,0,100,1,150,natural,20,small
sink@small,0,150,3,150,natural,20,small
skateboard@large,0,25,20,24,natural,20,large
skateboard@large,0,50,20,24,natural,20,large
skateboard@large,0,100,20,24,natural,20,large
skateboard@large,0,150,20,24,natural,20,large
skateboard@medium,0,25,20,24,natural,20,medium
skateboard@medium,0,50,20,24,natural,20,medium
skateboard@medium,0,100,20,24,natural,20,medium
skateboard@medium,0,150,20,24,natural,20,medium
skateboard@small,0,25,21,24,natural,20,small
skateboard@small,0,50,21,24,natural,20,small
skateboard@small,0,100,21,24,natural,20,small
skateboard@small,0,150,21,24,natural,20,small
skis@large,0,25,20,24,natural,20,large
skis@large,0,50,26,24,natural,20,large
skis@large,0,100,39,24,natural,20,large
skis@large,0,150,46,24,natural,20,large
skis@medium,0,25,16,33,natural,20,medium
skis@medium,0,50,21,33,natural,20,medium
skis@medium,0,100,23,33,natural,20,medium
skis@medium,0,150,30,33,natural,20,medium
skis@small,0,25,8,50,natural,20,small
skis@small,0,50,20,50,natural,20,small
skis@small,0,100,20,50,natural,20,small
skis@small,0,150,23,50,natural,20,small
snowboard@large,0,25,20,24,natural,20,large
snowboard@large,0,50,20,24,natural,20,large
snowboard@large,0,100,23,24,natural,20,large
snowboard@large,0,150,35,24,natural,20,large
snowboard@medium,0,25,20,24,natural,20,medium
snowboard@medium,0,50,21,24,natural,20,medium
snowboard@medium,0,100,22,24,natural,20,medium
snowboard@medium,0,150,23,24,natural,20,medium
snowboard@small,0,25,14,40,natural,20,small
snowboard@small,0,50,20,40,natural,20,small
snowboard@small,0,100,20,40,natural,20,small
snowboard@small,0,150,20,40,natural,20,small
spoon@large,0,25,8,77,natural,20,large
spoon@large,0,50,12,77,natural,20,large
spoon@large,0,100,20,77,natural,20,large
spoon@large,0,150,20,77,natural,20,large
spoon@medium,0,25,1,150,natural,20,medium
spoon@medium,0,50,2,150,natural,20,medium
spoon@medium,0,100,6,150,natural,20,medium
spoon@medium,0,150,6,150,natural,20,medium
spoon@small,0,25,0,150,natural,20,small
spoon@small,0,50,0,150,natural,20,small
spoon@small,0,100,0,150,natural,20,small
spoon@small,0,150,1,150,natural,20,small
stop sign@large,0,25,20,24,natural,20,large
stop sign@large,0,50,20,24,natural,20,large
stop sign@large,0,100,20,24,natural,20,large
stop sign@large,0,150,21,24,natural,20,large
stop sign@medium,0,25,20,24,natural,20,medium
stop sign@medium,0,50,20,24,natural,20,medium
stop sign@medium,0,100,20,24,natural,20,medium
stop sign@medium,0,150,21,24,natural,20,medium
stop sign@small,0,25,0,150,natural,20,small
stop sign@small,0,50,0,150,natural,20,small
stop sign@small,0,100,0,150,natural,20,small
stop sign@small,0,150,2,150,natural,20,small
surfboard@large,0,25,20,24,natural,20,large
surfboard@large,0,50,21,24,natural,20,large
surfboard@large,0,100,21,24,natural,20,large
surfboard@large,0,150,21,24,natural,20,large
surfboard@medium,0,25,20,24,natural,20,medium
surfboard@medium,0,50,20,24,natural,20,medium
surfboard@medium,0,100,20,24,natural,20,medium
surfboard@medium,0,150,20,24,natural,20,medium
surfboard@small,0,25,20,24,natural,20,small
surfboard@small,0,50,20,24,natural,20,small
surfboard@small,0,100,20,24,natural,20,small
surfboard@small,0,150,21,24,natural,20,small
tennis racket@large,0,25,20,24,natural,20,large
tennis racket@large,0,50,26,24,natural,20,large
tennis racket@large,0,100,29,24,natural,20,large
tennis racket@large,0,150,29,24,natural,20,large
tennis racket@medium,0,25,20,24,natural,20,medium
tennis racket@medium,0,50,20,24,natural,20,medium
tennis racket@medium,0,100,20,24,natural,20,medium
tennis racket@medium,0,150,20,24,natural,20,medium
tennis racket@small,0,25,20,24,natural,20,small
tennis racket@small,0,50,27,24,natural,20,small
tennis racket@small,0,100,33,24,natural,20,small
tennis racket@small,0,150,33,24,natural,20,small
tie@large,0,25,20,24,natural,20,large
tie@large,0,50,20,24,natural,20,large
tie@large,0,100,20,24,natural,20,large
tie@large,0,150,21,24,natural,20,large
tie@medium,0,25,21,24,natural,20,medium
tie@medium,0,50,21,24,natural,20,medium
tie@medium,0,100,21,24,natural,20,medium
tie@medium,0,150,21,24,natural,20,medium
tie@small,0,25,2,150,natural,20,small
tie@small,0,50,4,150,natural,20,small
tie@small,0,100,8,150,natural,20,small
tie@small,0,150,9,150,natural,20,small
toothbrush@large,0,25,20,24,natural,20,large
toothbrush@large,0,50,20,24,natural,20,large
toothbrush@large,0,100,20,24,natural,20,large
toothbrush@large,0,150,20,24,natural,20,large
toothbrush@medium,0,25,20,24,natural,20,medium
toothbrush@medium,0,50,20,24,natural,20,medium
toothbrush@medium,0,100,20,24,natural,20,medium
toothbrush@medium,0,150,20,24,natural,20,medium
toothbrush@small,0,25,5,150,natural,20,small
toothbrush@small,0,50,6,150,natural,20,small
toothbrush@small,0,100,11,150,natural,20,small
toothbrush@small,0,150,11,150,natural,20,small
traffic light@large,0,25,20,24,natural,20,large
traffic light@large,0,50,20,24,natural,20,large
traffic light@large,0,100,20,24,natural,20,large
traffic light@large,0,150,20,24,natural,20,large
traffic light@medium,0,25,16,40,natural,20,medium
traffic light@medium,0,50,20,40,natural,20,medium
traffic light@medium,0,100,20,40,natural,20,medium
traffic light@medium,0,150,20,40,natural,20,medium
traffic light@small,0,25,4,150,natural,20,small
traffic light@small,0,50,6,150,natural,20,small
traffic light@small,0,100,13,150,natural,20,small
traffic light@small,0,150,17,150,natural,20,small
tv@large,0,25,17,30,natural,20,large
tv@large,0,50,20,30,natural,20,large
tv@large,0,100,20,30,natural,20,large
tv@large,0,150,21,30,natural,20,large
tv@medium,0,25,4,150,natural,20,medium
tv@medium,0,50,6,150,natural,20,medium
tv@medium,0,100,12,150,natural,20,medium
tv@medium,0,150,14,150,natural,20,medium
tv@small,0,25,0,150,natural,20,small
tv@small,0,50,0,150,natural,20,small
tv@small,0,100,1,150,natural,20,small
tv@small,0,150,2,150,natural,20,small
umbrella@large,0,25,21,24,natural,20,large
umbrella@large,0,50,22,24,natural,20,large
umbrella@large,0,100,22,24,natural,20,large
umbrella@large,0,150,22,24,natural,20,large
umbrella@medium,0,25,17,32,natural,20,medium
umbrella@medium,0,50,20,32,natural,20,medium
umbrella@medium,0,100,21,32,natural,20,medium
umbrella@medium,0,150,22,32,natural,20,medium
umbrella@small,0,25,2,150,natural,20,small
umbrella@small,0,50,3,150,natural,20,small
umbrella@small,0,100,5,150,natural,20,small
umbrella@small,0,150,6,150,natural,20,small
vase or potted plant@large,0,25,21,24,natural,20,large
vase or potted plant@large,0,50,22,24,natural,20,large
vase or potted plant@large,0,100,22,24,natural,20,large
vase or potted plant@large,0,150,22,24,natural,20,large
vase or potted plant@medium,0,25,4,150,natural,20,medium
vase or potted plant@medium,0,50,5,150,natural,20,medium
vase or potted plant@medium,0,100,10,150,natural,20,medium
vase or potted plant@medium,0,150,11,150,natural,20,medium
vase or potted plant@small,0,25,0,150,natural,20,small
vase or potted plant@small,0,50,0,150,natural,20,small
vase or potted plant@small,0,100,0,150,natural,20,small
vase or potted plant@small,0,150,1,150,natural,20,small
airplane@large,1,25,20,24,natural,20,large
airplane@large,1,50,23,24,natural,20,large
airplane@large,1,100,29,24,natural,20,large
airplane@large,1,150,38,24,natural,20,large
airplane@medium,1,25,21,24,natural,20,medium
airplane@medium,1,50,24,24,natural,20,medium
airplane@medium,1,100,25,24,natural,20,medium
airplane@medium,1,150,25,24,natural,20,medium
airplane@small,1,25,21,24,natural,20,small
airplane@small,1,50,21,24,natural,20,small
airplane@small,1,100,21,24,natural,20,small
airplane@small,1,150,21,24,natural,20,small
apple@large,1,25,20,24,natural,20,large
apple@large,1,50,21,24,natural,20,large
apple@large,1,100,21,24,natural,20,large
apple@large,1,150,25,24,natural,20,large
apple@medium,1,25,12,112,natural,20,medium
apple@medium,1,50,15,112,natural,20,medium
apple@medium,1,100,19,112,natural,20,medium
apple@medium,1,150,20,112,natural,20,medium
bag or luggage@large,1,25,21,24,natural,20,large
bag or luggage@large,1,50,23,24,natural,20,large
bag or luggage@large,1,100,23,24,natural,20,large
bag or luggage@large,1,150,23,24,natural,20,large
bag or luggage@medium,1,25,3,150,natural,20,medium
bag or luggage@medium,1,50,5,150,natural,20,medium
bag or luggage@medium,1,100,8,150,natural,20,medium
bag or luggage@medium,1,150,10,150,natural,20,medium
bag or luggage@small,1,25,0,150,natural,20,small
bag or luggage@small,1,50,0,150,natural,20,small
bag or luggage@small,1,100,0,150,natural,20,small
bag or luggage@small,1,150,1,150,natural,20,small
banana@large,1,25,20,24,natural,20,large
banana@large,1,50,20,24,natural,20,large
banana@large,1,100,20,24,natural,20,large
banana@large,1,150,20,24,natural,20,large
banana@medium,1,25,21,24,natural,20,medium
banana@medium,1,50,22,24,natural,20,medium
banana@medium,1,100,22,24,natural,20,medium
banana@medium,1,150,22,24,natural,20,medium
baseball bat@large,1,25,20,24,natural,20,large
baseball bat@large,1,50,20,24,natural,20,large
baseball bat@large,1,100,20,24,natural,20,large
baseball bat@large,1,150,20,24,natural,20,large
baseball bat@medium,1,25,20,24,natural,20,medium
baseball bat@medium,1,50,20,24,natural,20,medium
baseball bat@medium,1,100,20,24,natural,20,medium
baseball bat@medium,1,150,28,24,natural,20,medium
baseball bat@small,1,25,20,24,natural,20,small
baseball bat@small,1,50,20,24,natural,20,small
baseball bat@small,1,100,24,24,natural,20,small
baseball bat@small,1,150,41,24,natural,20,small
bench@large,1,25,20,24,natural,20,large
bench@large,1,50,23,24,natural,20,large
bench@large,1,100,24,24,natural,20,large
bench@large,1,150,24,24,natural,20,large
bench@medium,1,25,7,150,natural,20,medium
bench@medium,1,50,9,150,natural,20,medium
bench@medium,1,100,10,150,natural,20,medium
bench@medium,1,150,11,150,natural,20,medium
bench@small,1,25,1,150,natural,20,small
bench@small,1,50,1,150,natural,20,small
bench@small,1,100,1,150,natural,20,small
bench@small,1,150,1,150,natural,20,small
bicycle@large,1,25,20,24,natural,20,large
bicycle@large,1,50,20,24,natural,20,large
bicycle@large,1,100,20,24,natural,20,large
bicycle@large,1,150,20,24,natural,20,large
bicycle@medium,1,25,14,40,natural,20,medium
bicycle@medium,1,50,20,40,natural,20,medium
bicycle@medium,1,100,20,40,natural,20,medium
bicycle@medium,1,150,20,40,natural,20,medium
bicycle@small,1,25,1,150,natural,20,small
bicycle@small,1,50,3,150,natural,20,small
bicycle@small,1,100,4,150,natural,20,small
bicycle@small,1,150,6,150,natural,20,small
bird@large,1,25,20,24,natural,20,large
bird@large,1,50,20,24,natural,20,large
bird@large,1,100,23,24,natural,20,large
bird@large,1,150,24,24,natural,20,large
bird@medium,1,25,19,26,natural,20,medium
bird@medium,1,50,22,26,natural,20,medium
bird@medium,1,100,22,26,natural,20,medium
bird@medium,1,150,22,26,natural,20,medium
bird@small,1,25,3,150,natural,20,small
bird@small,1,50,4,150,natural,20,small
bird@small,1,100,12,150,natural,20,small
bird@small,1,150,16,150,natural,20,small
boat@large,1,25,20,24,natural,20,large
boat@large,1,50,20,24,natural,20,large
boat@large,1,100,21,24,natural,20,large
boat@large,1,150,21,24,natural,20,large
boat@medium,1,25,20,24,natural,20,medium
boat@medium,1,50,25,24,natural,20,medium
boat@medium,1,100,25,24,natural,20,medium
boat@medium,1,150,25,24,natural,20,medium
boat@small,1,25,9,150,natural,20,small
boat@small,1,50,12,150,natural,20,small
boat@small,1,100,16,150,natural,20,small
boat@small,1,150,17,150,natural,20,small
book@large,1,25,20,24,natural,20,large
book@large,1,50,21,24,natural,20,large
book@large,1,100,21,24,natural,20,large
book@large,1,150,21,24,natural,20,large
book@medium,1,25,0,150,natural,20,medium
book@medium,1,50,1,150,natural,20,medium
book@medium,1,100,2,150,natural,20,medium
book@medium,1,150,2,150,natural,20,medium
book@small,1,25,1,150,natural,20,small
book@small,1,50,2,150,natural,20,small
book@small,1,100,2,150,natural,20,small
book@small,1,150,3,150,natural,20,small
bottle@large,1,25,16,49,natural,20,large
bottle@large,1,50,20,49,natural,20,large
bottle@large,1,100,21,49,natural,20,large
bottle@large,1,150,21,49,natural,20,large
bottle@medium,1,25,1,150,natural,20,medium
bottle@medium,1,50,2,150,natural,20,medium
bottle@medium,1,100,5,150,natural,20,medium
bottle@medium,1,150,9,150,natural,20,medium
bottle@small,1,25,0,150,natural,20,small
bottle@small,1,50,0,150,natural,20,small
bottle@small,1,100,0,150,natural,20,small
bottle@small,1,150,0,150,natural,20,small
bowl@large,1,25,5,150,natural,20,large
bowl@large,1,50,9,150,natural,20,large
bowl@large,1,100,10,150,natural,20,large
bowl@large,1,150,14,150,natural,20,large
bowl@medium,1,25,1,150,natural,20,medium
bowl@medium,1,50,2,150,natural,20,medium
bowl@medium,1,100,3,150,natural,20,medium
bowl@medium,1,150,5,150,natural,20,medium
bowl@small,1,25,0,150,natural,20,small
bowl@small,1,50,0,150,natural,20,small
bowl@small,1,100,0,150,natural,20,small
bowl@small,1,150,0,150,natural,20,small
bus@large,1,25,20,24,natural,20,large
bus@large,1,50,20,24,natural,20,large
bus@large,1,100,20,24,natural,20,large
bus@large,1,150,20,24,natural,20,large
bus@medium,1,25,14,63,natural,20,medium
bus@medium,1,50,18,63,natural,20,medium
bus@medium,1,100,20,63,natural,20,medium
bus@medium,1,150,20,63,natural,20,medium
bus@small,1,25,1,150,natural,20,small
bus@small,1,50,2,150,natural,20,small
bus@small,1,100,2,150,natural,20,small
bus@small,1,150,3,150,natural,20,small
cell phone@large,1,25,20,24,natural,20,large
cell phone@large,1,50,21,24,natural,20,large
cell phone@large,1,100,22,24,natural,20,large
cell phone@large,1,150,22,24,natural,20,large
cell phone@medium,1,25,13,55,natural,20,medium
cell phone@medium,1,50,18,55,natural,20,medium
cell phone@medium,1,100,22,55,natural,20,medium
cell phone@medium,1,150,23,55,natural,20,medium
cell phone@small,1,25,3,150,natural,20,small
cell phone@small,1,50,4,150,natural,20,small
cell phone@small,1,100,9,150,natural,20,small
cell phone@small,1,150,10,150,natural,20,small
chair@large,1,25,8,150,natural,20,large
chair@large,1,50,10,150,natural,20,large
chair@large,1,100,15,150,natural,20,large
chair@large,1,150,16,150,natural,20,large
chair@medium,1,25,1,150,natural,20,medium
chair@medium,1,50,1,150,natural,20,medium
chair@medium,1,100,3,150,natural,20,medium
chair@medium,1,150,3,150,natural,20,medium
chair@small,1,25,0,150,natural,20,small
chair@small,1,50,0,150,natural,20,small
chair@small,1,100,0,150,natural,20,small
chair@small,1,150,0,150,natural,20,small
clock@large,1,25,20,24,natural,20,large
clock@large,1,50,25,24,natural,20,large
clock@large,1,100,32,24,natural,20,large
clock@large,1,150,32,24,natural,20,large
clock@medium,1,25,20,24,natural,20,medium
clock@medium,1,50,20,24,natural,20,medium
clock@medium,1,100,20,24,natural,20,medium
clock@medium,1,150,20,24,natural,20,medium
clock@small,1,25,6,150,natural,20,small
clock@small,1,50,7,150,natural,20,small
clock@small,1,100,8,150,natural,20,small
clock@small,1,150,8,150,natural,20,small
dining table@large,1,25,5,150,natural,20,large
dining table@large,1,50,7,150,natural,20,large
dining table@large,1,100,9,150,natural,20,large
dining table@large,1,150,10,150,natural,20,large
dining table@medium,1,25,9,102,natural,20,medium
dining table@medium,1,50,13,102,natural,20,medium
dining table@medium,1,100,19,102,natural,20,medium
dining table@medium,1,150,21,102,natural,20,medium
dining table@small,1,25,1,150,natural,20,small
dining table@small,1,50,1,150,natural,20,small
dining table@small,1,100,4,150,natural,20,small
dining table@small,1,150,4,150,natural,20,small
dog@large,1,25,16,31,natural,20,large
dog@large,1,50,21,31,natural,20,large
dog@large,1,100,21,31,natural,20,large
dog@large,1,150,21,31,natural,20,large
dog@medium,1,25,5,67,natural,20,medium
dog@medium,1,50,14,67,natural,20,medium
dog@medium,1,100,20,67,natural,20,medium
dog@medium,1,150,20,67,natural,20,medium
dog@small,1,25,1,150,natural,20,small
dog@small,1,50,3,150,natural,20,small
dog@small,1,100,4,150,natural,20,small
dog@small,1,150,5,150,natural,20,small
enclosed road vehicle@large,1,25,10,68,natural,20,large
enclosed road vehicle@large,1,50,17,68,natural,20,large
enclosed road vehicle@large,1,100,20,68,natural,20,large
enclosed road vehicle@large,1,150,20,68,natural,20,large
enclosed road vehicle@medium,1,25,1,150,natural,20,medium
enclosed road vehicle@medium,1,50,4,150,natural,20,medium
enclosed road vehicle@medium,1,100,6,150,natural,20,medium
enclosed road vehicle@medium,1,150,9,150,natural,20,medium
enclosed road vehicle@small,1,25,0,150,natural,20,small
enclosed road vehicle@small,1,50,0,150,natural,20,small
enclosed road vehicle@small,1,100,0,150,natural,20,small
enclosed road vehicle@small,1,150,0,150,natural,20,small
fire hydrant@large,1,25,20,24,natural,20,large
fire hydrant@large,1,50,20,24,natural,20,large
fire hydrant@large,1,100,20,24,natural,20,large
fire hydrant@large,1,150,20,24,natural,20,large
fire hydrant@medium,1,25,18,31,natural,20,medium
fire hydrant@medium,1,50,21,31,natural,20,medium
fire hydrant@medium,1,100,21,31,natural,20,medium
fire hydrant@medium,1,150,21,31,natural,20,medium
fire hydrant@small,1,25,1,150,natural,20,small
fire hydrant@small,1,50,2,150,natural,20,small
fire hydrant@small,1,100,6,150,natural,20,small
fire hydrant@small,1,150,8,150,natural,20,small
fork@large,1,25,13,74,natural,20,large
fork@large,1,50,15,74,natural,20,large
fork@large,1,100,20,74,natural,20,large
fork@large,1,150,20,74,natural,20,large
fork@medium,1,25,5,150,natural,20,medium
fork@medium,1,50,9,150,natural,20,medium
fork@medium,1,100,16,150,natural,20,medium
fork@medium,1,150,19,150,natural,20,medium
fork@small,1,25,1,150,natural,20,small
fork@small,1,50,1,150,natural,20,small
fork@small,1,100,3,150,natural,20,small
fork@small,1,150,8,150,natural,20,small
frisbee@large,1,25,20,24,natural,20,large
frisbee@large,1,50,20,24,natural,20,large
frisbee@large,1,100,20,24,natural,20,large
frisbee@large,1,150,20,24,natural,20,large
frisbee@medium,1,25,20,24,natural,20,medium
frisbee@medium,1,50,20,24,natural,20,medium
frisbee@medium,1,100,20,24,natural,20,medium
frisbee@medium,1,150,20,24,natural,20,medium
frisbee@small,1,25,21,24,natural,20,small
frisbee@small,1,50,23,24,natural,20,small
frisbee@small,1,100,23,24,natural,20,small
frisbee@small,1,150,23,24,natural,20,small
keyboard@large,1,25,20,25,natural,20,large
keyboard@large,1,50,20,25,natural,20,large
keyboard@large,1,100,21,25,natural,20,large
keyboard@large,1,150,23,25,natural,20,large
keyboard@medium,1,25,1,126,natural,20,medium
keyboard@medium,1,50,5,126,natural,20,medium
keyboard@medium,1,100,13,126,natural,20,medium
keyboard@medium,1,150,20,126,natural,20,medium
keyboard@small,1,25,0,150,natural,20,small
keyboard@small,1,50,0,150,natural,20,small
keyboard@small,1,100,2,150,natural,20,small
keyboard@small,1,150,4,150,natural,20,small
kite@large,1,25,20,24,natural,20,large
kite@large,1,50,20,24,natural,20,large
kite@large,1,100,20,24,natural,20,large
kite@large,1,150,20,24,natural,20,large
kite@medium,1,25,20,24,natural,20,medium
kite@medium,1,50,20,24,natural,20,medium
kite@medium,1,100,20,24,natural,20,medium
kite@medium,1,150,20,24,natural,20,medium
kite@small,1,25,20,24,natural,20,small
kite@small,1,50,20,24,natural,20,small
kite@small,1,100,20,24,natural,20,small
kite@small,1,150,20,24,natural,20,small
knife@large,1,25,7,150,natural,20,large
knife@large,1,50,11,150,natural,20,large
knife@large,1,100,11,150,natural,20,large
knife@large,1,150,12,150,natural,20,large
knife@medium,1,25,1,150,natural,20,medium
knife@medium,1,50,3,150,natural,20,medium
knife@medium,1,100,4,150,natural,20,medium
knife@medium,1,150,4,150,natural,20,medium
knife@small,1,25,0,150,natural,20,small
knife@small,1,50,0,150,natural,20,small
knife@small,1,100,0,150,natural,20,small
knife@small,1,150,1,150,natural,20,small
laptop@large,1,25,19,27,natural,20,large
laptop@large,1,50,20,27,natural,20,large
laptop@large,1,100,20,27,natural,20,large
laptop@large,1,150,20,27,natural,20,large
laptop@medium,1,25,0,150,natural,20,medium
laptop@medium,1,50,5,150,natural,20,medium
laptop@medium,1,100,14,150,natural,20,medium
laptop@medium,1,150,19,150,natural,20,medium
laptop@small,1,25,0,150,natural,20,small
laptop@small,1,50,0,150,natural,20,small
laptop@small,1,100,0,150,natural,20,small
laptop@small,1,150,1,150,natural,20,small
microwave@large,1,25,18,31,natural,20,large
microwave@large,1,50,22,31,natural,20,large
microwave@large,1,100,22,31,natural,20,large
microwave@large,1,150,22,31,natural,20,large
microwave@medium,1,25,3,150,natural,20,medium
microwave@medium,1,50,7,150,natural,20,medium
microwave@medium,1,100,16,150,natural,20,medium
microwave@medium,1,150,19,150,natural,20,medium
microwave@small,1,25,0,150,natural,20,small
microwave@small,1,50,0,150,natural,20,small
microwave@small,1,100,0,150,natural,20,small
microwave@small,1,150,3,150,natural,20,small
motorcycle@large,1,25,21,24,natural,20,large
motorcycle@large,1,50,24,24,natural,20,large
motorcycle@large,1,100,24,24,natural,20,large
motorcycle@large,1,150,24,24,natural,20,large
motorcycle@medium,1,25,14,52,natural,20,medium
motorcycle@medium,1,50,19,52,natural,20,medium
motorcycle@medium,1,100,21,52,natural,20,medium
motorcycle@medium,1,150,21,52,natural,20,medium
motorcycle@small,1,25,1,150,natural,20,small
motorcycle@small,1,50,1,150,natural,20,small
motorcycle@small,1,100,1,150,natural,20,small
motorcycle@small,1,150,3,150,natural,20,small
mouse@large,1,25,20,24,natural,20,large
mouse@large,1,50,21,24,natural,20,large
mouse@large,1,100,21,24,natural,20,large
mouse@large,1,150,21,24,natural,20,large
mouse@medium,1,25,13,53,natural,20,medium
mouse@medium,1,50,19,53,natural,20,medium
mouse@medium,1,100,20,53,natural,20,medium
mouse@medium,1,150,20,53,natural,20,medium
mouse@small,1,25,0,150,natural,20,small
mouse@small,1,50,2,150,natural,20,small
mouse@small,1,100,10,150,natural,20,small
mouse@small,1,150,14,150,natural,20,small
orange@large,1,25,20,24,natural,20,large
orange@large,1,50,20,24,natural,20,large
orange@large,1,100,20,24,natural,20,large
orange@large,1,150,21,24,natural,20,large
orange@medium,1,25,14,48,natural,20,medium
orange@medium,1,50,20,48,natural,20,medium
orange@medium,1,100,20,48,natural,20,medium
orange@medium,1,150,20,48,natural,20,medium
parking meter@large,1,25,20,24,natural,20,large
parking meter@large,1,50,20,24,natural,20,large
parking meter@large,1,100,20,24,natural,20,large
parking meter@large,1,150,20,24,natural,20,large
parking meter@medium,1,25,15,35,natural,20,medium
parking meter@medium,1,50,20,35,natural,20,medium
parking meter@medium,1,100,20,35,natural,20,medium
parking meter@medium,1,150,20,35,natural,20,medium
parking meter@small,1,25,2,150,natural,20,small
parking meter@small,1,50,3,150,natural,20,small
parking meter@small,1,100,6,150,natural,20,small
parking meter@small,1,150,8,150,natural,20,small
person@large,1,25,11,87,natural,20,large
person@large,1,50,11,87,natural,20,large
person@large,1,100,21,87,natural,20,large
person@large,1,150,21,87,natural,20,large
person@medium,1,25,3,150,natural,20,medium
person@medium,1,50,4,150,natural,20,medium
person@medium,1,100,6,150,natural,20,medium
person@medium,1,150,7,150,natural,20,medium
person@small,1,25,0,150,natural,20,small
person@small,1,50,0,150,natural,20,small
person@small,1,100,1,150,natural,20,small
person@small,1,150,1,150,natural,20,small
remote@large,1,25,20,24,natural,20,large
remote@large,1,50,20,24,natural,20,large
remote@large,1,100,20,24,natural,20,large
remote@large,1,150,20,24,natural,20,large
remote@medium,1,25,8,127,natural,20,medium
remote@medium,1,50,13,127,natural,20,medium
remote@medium,1,100,19,127,natural,20,medium
remote@medium,1,150,20,127,natural,20,medium
remote@small,1,25,0,150,natural,20,small
remote@small,1,50,3,150,natural,20,small
remote@small,1,100,4,150,natural,20,small
remote@small,1,150,7,150,natural,20,small
scissors@large,1,25,20,24,natural,20,large
scissors@large,1,50,20,24,natural,20,large
scissors@large,1,100,20,24,natural,20,large
scissors@large,1,150,20,24,natural,20,large
scissors@medium,1,25,12,150,natural,20,medium
scissors@medium,1,50,18,150,natural,20,medium
scissors@medium,1,100,18,150,natural,20,medium
scissors@medium,1,150,19,150,natural,20,medium
scissors@small,1,25,2,150,natural,20,small
scissors@small,1,50,5,150,natural,20,small
scissors@small,1,100,7,150,natural,20,small
scissors@small,1,150,8,150,natural,20,small
single serving drinking vessel@large,1,25,7,150,natural,20,large
single serving drinking vessel@large,1,50,11,150,natural,20,large
single serving drinking vessel@large,1,100,13,150,natural,20,large
single serving drinking vessel@large,1,150,16,150,natural,20,large
single serving drinking vessel@medium,1,25,4,150,natural,20,medium
single serving drinking vessel@medium,1,50,9,150,natural,20,medium
single serving drinking vessel@medium,1,100,12,150,natural,20,medium
single serving drinking vessel@medium,1,150,14,150,natural,20,medium
single serving drinking vessel@small,1,25,1,150,natural,20,small
single serving drinking vessel@small,1,50,2,150,natural,20,small
single serving drinking vessel@small,1,100,5,150,natural,20,small
single serving drinking vessel@small,1,150,6,150,natural,20,small
sink@large,1,25,17,28,natural,20,large
sink@large,1,50,22,28,natural,20,large
sink@large,1,100,22,28,natural,20,large
sink@large,1,150,22,28,natural,20,large
sink@medium,1,25,5,150,natural,20,medium
sink@medium,1,50,9,150,natural,20,medium
sink@medium,1,100,13,150,natural,20,medium
sink@medium,1,150,17,150,natural,20,medium
sink@small,1,25,2,150,natural,20,small
sink@small,1,50,2,150,natural,20,small
sink@small,1,100,4,150,natural,20,small
sink@small,1,150,5,150,natural,20,small
skateboard@large,1,25,20,24,natural,20,large
skateboard@large,1,50,23,24,natural,20,large
skateboard@large,1,100,23,24,natural,20,large
skateboard@large,1,150,23,24,natural,20,large
skateboard@medium,1,25,20,24,natural,20,medium
skateboard@medium,1,50,20,24,natural,20,medium
skateboard@medium,1,100,20,24,natural,20,medium
skateboard@medium,1,150,20,24,natural,20,medium
skateboard@small,1,25,20,24,natural,20,small
skateboard@small,1,50,20,24,natural,20,small
skateboard@small,1,100,20,24,natural,20,small
skateboard@small,1,150,20,24,natural,20,small
skis@large,1,25,20,25,natural,20,large
skis@large,1,50,20,25,natural,20,large
skis@large,1,100,28,25,natural,20,large
skis@large,1,150,35,25,natural,20,large
skis@medium,1,25,19,29,natural,20,medium
skis@medium,1,50,20,29,natural,20,medium
skis@medium,1,100,29,29,natural,20,medium
skis@medium,1,150,44,29,natural,20,medium
skis@small,1,25,10,42,natural,20,small
skis@small,1,50,20,42,natural,20,small
skis@small,1,100,22,42,natural,20,small
skis@small,1,150,36,42,natural,20,small
snowboard@large,1,25,20,24,natural,20,large
snowboard@large,1,50,20,24,natural,20,large
snowboard@large,1,100,20,24,natural,20,large
snowboard@large,1,150,37,24,natural,20,large
snowboard@medium,1,25,20,24,natural,20,medium
snowboard@medium,1,50,20,24,natural,20,medium
snowboard@medium,1,100,21,24,natural,20,medium
snowboard@medium,1,150,21,24,natural,20,medium
snowboard@small,1,25,14,39,natural,20,small
snowboard@small,1,50,20,39,natural,20,small
snowboard@small,1,100,20,39,natural,20,small
snowboard@small,1,150,20,39,natural,20,small
spoon@large,1,25,8,82,natural,20,large
spoon@large,1,50,13,82,natural,20,large
spoon@large,1,100,20,82,natural,20,large
spoon@large,1,150,20,82,natural,20,large
spoon@medium,1,25,3,150,natural,20,medium
spoon@medium,1,50,5,150,natural,20,medium
spoon@medium,1,100,11,150,natural,20,medium
spoon@medium,1,150,11,150,natural,20,medium
spoon@small,1,25,0,150,natural,20,small
spoon@small,1,50,0,150,natural,20,small
spoon@small,1,100,1,150,natural,20,small
spoon@small,1,150,2,150,natural,20,small
stop sign@large,1,25,20,24,natural,20,large
stop sign@large,1,50,23,24,natural,20,large
stop sign@large,1,100,23,24,natural,20,large
stop sign@large,1,150,23,24,natural,20,large
stop sign@medium,1,25,18,38,natural,20,medium
stop sign@medium,1,50,23,38,natural,20,medium
stop sign@medium,1,100,23,38,natural,20,medium
stop sign@medium,1,150,23,38,natural,20,medium
stop sign@small,1,25,0,150,natural,20,small
stop sign@small,1,50,0,150,natural,20,small
stop sign@small,1,100,1,150,natural,20,small
stop sign@small,1,150,4,150,natural,20,small
surfboard@large,1,25,20,24,natural,20,large
surfboard@large,1,50,21,24,natural,20,large
surfboard@large,1,100,21,24,natural,20,large
surfboard@large,1,150,21,24,natural,20,large
surfboard@medium,1,25,20,24,natural,20,medium
surfboard@medium,1,50,20,24,natural,20,medium
surfboard@medium,1,100,20,24,natural,20,medium
surfboard@medium,1,150,20,24,natural,20,medium
surfboard@small,1,25,20,24,natural,20,small
surfboard@small,1,50,20,24,natural,20,small
surfboard@small,1,100,20,24,natural,20,small
surfboard@small,1,150,20,24,natural,20,small
tennis racket@large,1,25,20,24,natural,20,large
tennis racket@large,1,50,20,24,natural,20,large
tennis racket@large,1,100,20,24,natural,20,large
tennis racket@large,1,150,25,24,natural,20,large
tennis racket@medium,1,25,20,24,natural,20,medium
tennis racket@medium,1,50,20,24,natural,20,medium
tennis racket@medium,1,100,20,24,natural,20,medium
tennis racket@medium,1,150,20,24,natural,20,medium
tennis racket@small,1,25,20,24,natural,20,small
tennis racket@small,1,50,20,24,natural,20,small
tennis racket@small,1,100,27,24,natural,20,small
tennis racket@small,1,150,27,24,natural,20,small
tie@large,1,25,20,24,natural,20,large
tie@large,1,50,20,24,natural,20,large
tie@large,1,100,21,24,natural,20,large
tie@large,1,150,21,24,natural,20,large
tie@medium,1,25,20,25,natural,20,medium
tie@medium,1,50,20,25,natural,20,medium
tie@medium,1,100,20,25,natural,20,medium
tie@medium,1,150,20,25,natural,20,medium
tie@small,1,25,0,150,natural,20,small
tie@small,1,50,2,150,natural,20,small
tie@small,1,100,3,150,natural,20,small
tie@small,1,150,3,150,natural,20,small
toothbrush@large,1,25,20,24,natural,20,large
toothbrush@large,1,50,20,24,natural,20,large
toothbrush@large,1,100,20,24,natural,20,large
toothbrush@large,1,150,20,24,natural,20,large
toothbrush@medium,1,25,20,24,natural,20,medium
toothbrush@medium,1,50,20,24,natural,20,medium
toothbrush@medium,1,100,20,24,natural,20,medium
toothbrush@medium,1,150,20,24,natural,20,medium
toothbrush@small,1,25,6,150,natural,20,small
toothbrush@small,1,50,6,150,natural,20,small
toothbrush@small,1,100,12,150,natural,20,small
toothbrush@small,1,150,13,150,natural,20,small
traffic light@large,1,25,20,24,natural,20,large
traffic light@large,1,50,20,24,natural,20,large
traffic light@large,1,100,20,24,natural,20,large
traffic light@large,1,150,20,24,natural,20,large
traffic light@medium,1,25,20,24,natural,20,medium
traffic light@medium,1,50,20,24,natural,20,medium
traffic light@medium,1,100,20,24,natural,20,medium
traffic light@medium,1,150,21,24,natural,20,medium
traffic light@small,1,25,6,150,natural,20,small
traffic light@small,1,50,9,150,natural,20,small
traffic light@small,1,100,13,150,natural,20,small
traffic light@small,1,150,16,150,natural,20,small
tv@large,1,25,17,28,natural,20,large
tv@large,1,50,20,28,natural,20,large
tv@large,1,100,20,28,natural,20,large
tv@large,1,150,20,28,natural,20,large
tv@medium,1,25,2,150,natural,20,medium
tv@medium,1,50,7,150,natural,20,medium
tv@medium,1,100,12,150,natural,20,medium
tv@medium,1,150,16,150,natural,20,medium
tv@small,1,25,0,150,natural,20,small
tv@small,1,50,1,150,natural,20,small
tv@small,1,100,1,150,natural,20,small
tv@small,1,150,2,150,natural,20,small
umbrella@large,1,25,20,24,natural,20,large
umbrella@large,1,50,21,24,natural,20,large
umbrella@large,1,100,21,24,natural,20,large
umbrella@large,1,150,21,24,natural,20,large
umbrella@medium,1,25,17,30,natural,20,medium
umbrella@medium,1,50,20,30,natural,20,medium
umbrella@medium,1,100,20,30,natural,20,medium
umbrella@medium,1,150,20,30,natural,20,medium
umbrella@small,1,25,2,150,natural,20,small
umbrella@small,1,50,5,150,natural,20,small
umbrella@small,1,100,7,150,natural,20,small
umbrella@small,1,150,7,150,natural,20,small
vase or potted plant@large,1,25,20,24,natural,20,large
vase or potted plant@large,1,50,20,24,natural,20,large
vase or potted plant@large,1,100,20,24,natural,20,large
vase or potted plant@large,1,150,21,24,natural,20,large
vase or potted plant@medium,1,25,3,150,natural,20,medium
vase or potted plant@medium,1,50,6,150,natural,20,medium
vase or potted plant@medium,1,100,10,150,natural,20,medium
vase or potted plant@medium,1,150,15,150,natural,20,medium
vase or potted plant@small,1,25,0,150,natural,20,small
vase or potted plant@small,1,50,0,150,natural,20,small
vase or potted plant@small,1,100,0,150,natural,20,small
vase or potted plant@small,1,150,1,150,natural,20,small
airplane@large,2,25,20,24,natural,20,large
airplane@large,2,50,20,24,natural,20,large
airplane@large,2,100,20,24,natural,20,large
airplane@large,2,150,24,24,natural,20,large
airplane@medium,2,25,20,24,natural,20,medium
airplane@medium,2,50,22,24,natural,20,medium
airplane@medium,2,100,22,24,natural,20,medium
airplane@medium,2,150,22,24,natural,20,medium
airplane@small,2,25,20,24,natural,20,small
airplane@small,2,50,20,24,natural,20,small
airplane@small,2,100,20,24,natural,20,small
airplane@small,2,150,20,24,natural,20,small
apple@large,2,25,20,24,natural,20,large
apple@large,2,50,25,24,natural,20,large
apple@large,2,100,28,24,natural,20,large
apple@large,2,150,30,24,natural,20,large
apple@medium,2,25,13,94,natural,20,medium
apple@medium,2,50,14,94,natural,20,medium
apple@medium,2,100,21,94,natural,20,medium
apple@medium,2,150,21,94,natural,20,medium
bag or luggage@large,2,25,20,24,natural,20,large
bag or luggage@large,2,50,20,24,natural,20,large
bag or luggage@large,2,100,20,24,natural,20,large
bag or luggage@large,2,150,20,24,natural,20,large
bag or luggage@medium,2,25,2,150,natural,20,medium
bag or luggage@medium,2,50,6,150,natural,20,medium
bag or luggage@medium,2,100,8,150,natural,20,medium
bag or luggage@medium,2,150,10,150,natural,20,medium
bag or luggage@small,2,25,0,150,natural,20,small
bag or luggage@small,2,50,0,150,natural,20,small
bag or luggage@small,2,100,0,150,natural,20,small
bag or luggage@small,2,150,1,150,natural,20,small
banana@large,2,25,20,24,natural,20,large
banana@large,2,50,20,24,natural,20,large
banana@large,2,100,20,24,natural,20,large
banana@large,2,150,20,24,natural,20,large
banana@medium,2,25,20,24,natural,20,medium
banana@medium,2,50,21,24,natural,20,medium
banana@medium,2,100,21,24,natural,20,medium
banana@medium,2,150,21,24,natural,20,medium
baseball bat@large,2,25,20,24,natural,20,large
baseball bat@large,2,50,20,24,natural,20,large
baseball bat@large,2,100,20,24,natural,20,large
baseball bat@large,2,150,20,24,natural,20,large
baseball bat@medium,2,25,20,24,natural,20,medium
baseball bat@medium,2,50,20,24,natural,20,medium
baseball bat@medium,2,100,20,24,natural,20,medium
baseball bat@medium,2,150,30,24,natural,20,medium
baseball bat@small,2,25,20,24,natural,20,small
baseball bat@small,2,50,30,24,natural,20,small
baseball bat@small,2,100,34,24,natural,20,small
baseball bat@small,2,150,34,24,natural,20,small
bench@large,2,25,20,25,natural,20,large
bench@large,2,50,20,25,natural,20,large
bench@large,2,100,20,25,natural,20,large
bench@large,2,150,20,25,natural,20,large
bench@medium,2,25,8,150,natural,20,medium
bench@medium,2,50,10,150,natural,20,medium
bench@medium,2,100,11,150,natural,20,medium
bench@medium,2,150,12,150,natural,20,medium
bench@small,2,25,1,150,natural,20,small
bench@small,2,50,1,150,natural,20,small
bench@small,2,100,1,150,natural,20,small
bench@small,2,150,2,150,natural,20,small
bicycle@large,2,25,20,24,natural,20,large
bicycle@large,2,50,24,24,natural,20,large
bicycle@large,2,100,24,24,natural,20,large
bicycle@large,2,150,24,24,natural,20,large
bicycle@medium,2,25,12,150,natural,20,medium
bicycle@medium,2,50,14,150,natural,20,medium
bicycle@medium,2,100,17,150,natural,20,medium
bicycle@medium,2,150,19,150,natural,20,medium
bicycle@small,2,25,1,150,natural,20,small
bicycle@small,2,50,2,150,natural,20,small
bicycle@small,2,100,2,150,natural,20,small
bicycle@small,2,150,3,150,natural,20,small
bird@large,2,25,20,24,natural,20,large
bird@large,2,50,21,24,natural,20,large
bird@large,2,100,21,24,natural,20,large
bird@large,2,150,22,24,natural,20,large
bird@medium,2,25,19,26,natural,20,medium
bird@medium,2,50,29,26,natural,20,medium
bird@medium,2,100,29,26,natural,20,medium
bird@medium,2,150,29,26,natural,20,medium
bird@small,2,25,2,150,natural,20,small
bird@small,2,50,8,150,natural,20,small
bird@small,2,100,12,150,natural,20,small
bird@small,2,150,15,150,natural,20,small
boat@large,2,25,20,24,natural,20,large
boat@large,2,50,20,24,natural,20,large
boat@large,2,100,20,24,natural,20,large
boat@large,2,150,20,24,natural,20,large
boat@medium,2,25,20,24,natural,20,medium
boat@medium,2,50,22,24,natural,20,medium
boat@medium,2,100,22,24,natural,20,medium
boat@medium,2,150,22,24,natural,20,medium
boat@small,2,25,9,150,natural,20,small
boat@small,2,50,12,150,natural,20,small
boat@small,2,100,14,150,natural,20,small
boat@small,2,150,17,150,natural,20,small
book@large,2,25,20,24,natural,20,large
book@large,2,50,20,24,natural,20,large
book@large,2,100,20,24,natural,20,large
book@large,2,150,20,24,natural,20,large
book@medium,2,25,2,150,natural,20,medium
book@medium,2,50,3,150,natural,20,medium
book@medium,2,100,7,150,natural,20,medium
book@medium,2,150,7,150,natural,20,medium
book@small,2,25,0,150,natural,20,small
book@small,2,50,0,150,natural,20,small
book@small,2,100,1,150,natural,20,small
book@small,2,150,2,150,natural,20,small
bottle@large,2,25,19,26,natural,20,large
bottle@large,2,50,20,26,natural,20,large
bottle@large,2,100,20,26,natural,20,large
bottle@large,2,150,20,26,natural,20,large
bottle@medium,2,25,2,150,natural,20,medium
bottle@medium,2,50,2,150,natural,20,medium
bottle@medium,2,100,5,150,natural,20,medium
bottle@medium,2,150,6,150,natural,20,medium
bottle@small,2,25,2,150,natural,20,small
bottle@small,2,50,2,150,natural,20,small
bottle@small,2,100,2,150,natural,20,small
bottle@small,2,150,2,150,natural,20,small
bowl@large,2,25,4,150,natural,20,large
bowl@large,2,50,9,150,natural,20,large
bowl@large,2,100,13,150,natural,20,large
bowl@large,2,150,17,150,natural,20,large
bowl@medium,2,25,1,150,natural,20,medium
bowl@medium,2,50,2,150,natural,20,medium
bowl@medium,2,100,4,150,natural,20,medium
bowl@medium,2,150,4,150,natural,20,medium
bowl@small,2,25,0,150,natural,20,small
bowl@small,2,50,0,150,natural,20,small
bowl@small,2,100,0,150,natural,20,small
bowl@small,2,150,1,150,natural,20,small
bus@large,2,25,20,24,natural,20,large
bus@large,2,50,20,24,natural,20,large
bus@large,2,100,20,24,natural,20,large
bus@large,2,150,20,24,natural,20,large
bus@medium,2,25,12,150,natural,20,medium
bus@medium,2,50,15,150,natural,20,medium
bus@medium,2,100,18,150,natural,20,medium
bus@medium,2,150,18,150,natural,20,medium
bus@small,2,25,2,150,natural,20,small
bus@small,2,50,2,150,natural,20,small
bus@small,2,100,3,150,natural,20,small
bus@small,2,150,4,150,natural,20,small
cell phone@large,2,25,20,24,natural,20,large
cell phone@large,2,50,20,24,natural,20,large
cell phone@large,2,100,21,24,natural,20,large
cell phone@large,2,150,21,24,natural,20,large
cell phone@medium,2,25,14,38,natural,20,medium
cell phone@medium,2,50,22,38,natural,20,medium
cell phone@medium,2,100,22,38,natural,20,medium
cell phone@medium,2,150,22,38,natural,20,medium
cell phone@small,2,25,0,150,natural,20,small
cell phone@small,2,50,4,150,natural,20,small
cell phone@small,2,100,5,150,natural,20,small
cell phone@small,2,150,5,150,natural,20,small
chair@large,2,25,5,150,natural,20,large
chair@large,2,50,6,150,natural,20,large
chair@large,2,100,11,150,natural,20,large
chair@large,2,150,16,150,natural,20,large
chair@medium,2,25,1,150,natural,20,medium
chair@medium,2,50,1,150,natural,20,medium
chair@medium,2,100,2,150,natural,20,medium
chair@medium,2,150,5,150,natural,20,medium
chair@small,2,25,0,150,natural,20,small
chair@small,2,50,0,150,natural,20,small
chair@small,2,100,0,150,natural,20,small
chair@small,2,150,0,150,natural,20,small
clock@large,2,25,20,24,natural,20,large
clock@large,2,50,20,24,natural,20,large
clock@large,2,100,20,24,natural,20,large
clock@large,2,150,20,24,natural,20,large
clock@medium,2,25,20,24,natural,20,medium
clock@medium,2,50,20,24,natural,20,medium
clock@medium,2,100,20,24,natural,20,medium
clock@medium,2,150,20,24,natural,20,medium
clock@small,2,25,9,150,natural,20,small
clock@small,2,50,10,150,natural,20,small
clock@small,2,100,11,150,natural,20,small
clock@small,2,150,11,150,natural,20,small
dining table@large,2,25,10,150,natural,20,large
dining table@large,2,50,12,150,natural,20,large
dining table@large,2,100,16,150,natural,20,large
dining table@large,2,150,19,150,natural,20,large
dining table@medium,2,25,7,150,natural,20,medium
dining table@medium,2,50,12,150,natural,20,medium
dining table@medium,2,100,16,150,natural,20,medium
dining table@medium,2,150,18,150,natural,20,medium
dining table@small,2,25,1,150,natural,20,small
dining table@small,2,50,2,150,natural,20,small
dining table@small,2,100,4,150,natural,20,small
dining table@small,2,150,6,150,natural,20,small
dog@large,2,25,18,29,natural,20,large
dog@large,2,50,26,29,natural,20,large
dog@large,2,100,26,29,natural,20,large
dog@large,2,150,26,29,natural,20,large
dog@medium,2,25,6,64,natural,20,medium
dog@medium,2,50,15,64,natural,20,medium
dog@medium,2,100,20,64,natural,20,medium
dog@medium,2,150,21,64,natural,20,medium
dog@small,2,25,1,150,natural,20,small
dog@small,2,50,2,150,natural,20,small
dog@small,2,100,2,150,natural,20,small
dog@small,2,150,3,150,natural,20,small
enclosed road vehicle@large,2,25,13,50,natural,20,large
enclosed road vehicle@large,2,50,20,50,natural,20,large
enclosed road vehicle@large,2,100,20,50,natural,20,large
enclosed road vehicle@large,2,150,20,50,natural,20,large
enclosed road vehicle@medium,2,25,0,150,natural,20,medium
enclosed road vehicle@medium,2,50,3,150,natural,20,medium
enclosed road vehicle@medium,2,100,6,150,natural,20,medium
enclosed road vehicle@medium,2,150,8,150,natural,20,medium
enclosed road vehicle@small,2,25,1,150,natural,20,small
enclosed road vehicle@small,2,50,1,150,natural,20,small
enclosed road vehicle@small,2,100,3,150,natural,20,small
enclosed road vehicle@small,2,150,4,150,natural,20,small
fire hydrant@large,2,25,20,24,natural,20,large
fire hydrant@large,2,50,20,24,natural,20,large
fire hydrant@large,2,100,20,24,natural,20,large
fire hydrant@large,2,150,20,24,natural,20,large
fire hydrant@medium,2,25,18,34,natural,20,medium
fire hydrant@medium,2,50,21,34,natural,20,medium
fire hydrant@medium,2,100,21,34,natural,20,medium
fire hydrant@medium,2,150,21,34,natural,20,medium
fire hydrant@small,2,25,2,150,natural,20,small
fire hydrant@small,2,50,5,150,natural,20,small
fire hydrant@small,2,100,7,150,natural,20,small
fire hydrant@small,2,150,7,150,natural,20,small
fork@large,2,25,15,50,natural,20,large
fork@large,2,50,20,50,natural,20,large
fork@large,2,100,21,50,natural,20,large
fork@large,2,150,23,50,natural,20,large
fork@medium,2,25,5,150,natural,20,medium
fork@medium,2,50,7,150,natural,20,medium
fork@medium,2,100,13,150,natural,20,medium
fork@medium,2,150,14,150,natural,20,medium
fork@small,2,25,3,150,natural,20,small
fork@small,2,50,4,150,natural,20,small
fork@small,2,100,7,150,natural,20,small
fork@small,2,150,8,150,natural,20,small
frisbee@large,2,25,20,24,natural,20,large
frisbee@large,2,50,20,24,natural,20,large
frisbee@large,2,100,20,24,natural,20,large
frisbee@large,2,150,20,24,natural,20,large
frisbee@medium,2,25,20,24,natural,20,medium
frisbee@medium,2,50,20,24,natural,20,medium
frisbee@medium,2,100,20,24,natural,20,medium
frisbee@medium,2,150,20,24,natural,20,medium
frisbee@small,2,25,21,24,natural,20,small
frisbee@small,2,50,24,24,natural,20,small
frisbee@small,2,100,24,24,natural,20,small
frisbee@small,2,150,24,24,natural,20,small
keyboard@large,2,25,20,24,natural,20,large
keyboard@large,2,50,21,24,natural,20,large
keyboard@large,2,100,22,24,natural,20,large
keyboard@large,2,150,23,24,natural,20,large
keyboard@medium,2,25,3,137,natural,20,medium
keyboard@medium,2,50,7,137,natural,20,medium
keyboard@medium,2,100,14,137,natural,20,medium
keyboard@medium,2,150,20,137,natural,20,medium
keyboard@small,2,25,0,150,natural,20,small
keyboard@small,2,50,0,150,natural,20,small
keyboard@small,2,100,1,150,natural,20,small
keyboard@small,2,150,2,150,natural,20,small
kite@large,2,25,20,24,natural,20,large
kite@large,2,50,20,24,natural,20,large
kite@large,2,100,20,24,natural,20,large
kite@large,2,150,20,24,natural,20,large
kite@medium,2,25,20,24,natural,20,medium
kite@medium,2,50,20,24,natural,20,medium
kite@medium,2,100,20,24,natural,20,medium
kite@medium,2,150,20,24,natural,20,medium
kite@small,2,25,20,25,natural,20,small
kite@small,2,50,20,25,natural,20,small
kite@small,2,100,20,25,natural,20,small
kite@small,2,150,20,25,natural,20,small
knife@large,2,25,5,150,natural,20,large
knife@large,2,50,8,150,natural,20,large
knife@large,2,100,10,150,natural,20,large
knife@large,2,150,13,150,natural,20,large
knife@medium,2,25,4,150,natural,20,medium
knife@medium,2,50,5,150,natural,20,medium
knife@medium,2,100,10,150,natural,20,medium
knife@medium,2,150,10,150,natural,20,medium
knife@small,2,25,0,150,natural,20,small
knife@small,2,50,0,150,natural,20,small
knife@small,2,100,0,150,natural,20,small
knife@small,2,150,0,150,natural,20,small
laptop@large,2,25,18,28,natural,20,large
laptop@large,2,50,22,28,natural,20,large
laptop@large,2,100,22,28,natural,20,large
laptop@large,2,150,22,28,natural,20,large
laptop@medium,2,25,4,132,natural,20,medium
laptop@medium,2,50,7,132,natural,20,medium
laptop@medium,2,100,14,132,natural,20,medium
laptop@medium,2,150,20,132,natural,20,medium
laptop@small,2,25,0,150,natural,20,small
laptop@small,2,50,0,150,natural,20,small
laptop@small,2,100,0,150,natural,20,small
laptop@small,2,150,1,150,natural,20,small
microwave@large,2,25,20,25,natural,20,large
microwave@large,2,50,20,25,natural,20,large
microwave@large,2,100,20,25,natural,20,large
microwave@large,2,150,20,25,natural,20,large
microwave@medium,2,25,5,150,natural,20,medium
microwave@medium,2,50,8,150,natural,20,medium
microwave@medium,2,100,14,150,natural,20,medium
microwave@medium,2,150,18,150,natural,20,medium
microwave@small,2,25,0,150,natural,20,small
microwave@small,2,50,0,150,natural,20,small
microwave@small,2,100,0,150,natural,20,small
microwave@small,2,150,2,150,natural,20,small
motorcycle@large,2,25,20,24,natural,20,large
motorcycle@large,2,50,20,24,natural,20,large
motorcycle@large,2,100,20,24,natural,20,large
motorcycle@large,2,150,29,24,natural,20,large
motorcycle@medium,2,25,11,65,natural,20,medium
motorcycle@medium,2,50,19,65,natural,20,medium
motorcycle@medium,2,100,20,65,natural,20,medium
motorcycle@medium,2,150,20,65,natural,20,medium
motorcycle@small,2,25,0,150,natural,20,small
motorcycle@small,2,50,1,150,natural,20,small
motorcycle@small,2,100,3,150,natural,20,small
motorcycle@small,2,150,6,150,natural,20,small
mouse@large,2,25,20,24,natural,20,large
mouse@large,2,50,20,24,natural,20,large
mouse@large,2,100,20,24,natural,20,large
mouse@large,2,150,20,24,natural,20,large
mouse@medium,2,25,16,36,natural,20,medium
mouse@medium,2,50,23,36,natural,20,medium
mouse@medium,2,100,23,36,natural,20,medium
mouse@medium,2,150,23,36,natural,20,medium
mouse@small,2,25,0,150,natural,20,small
mouse@small,2,50,3,150,natural,20,small
mouse@small,2,100,8,150,natural,20,small
mouse@small,2,150,11,150,natural,20,small
orange@large,2,25,20,24,natural,20,large
orange@large,2,50,20,24,natural,20,large
orange@large,2,100,20,24,natural,20,large
orange@large,2,150,22,24,natural,20,large
orange@medium,2,25,18,29,natural,20,medium
orange@medium,2,50,22,29,natural,20,medium
orange@medium,2,100,22,29,natural,20,medium
orange@medium,2,150,22,29,natural,20,medium
parking meter@large,2,25,20,24,natural,20,large
parking meter@large,2,50,20,24,natural,20,large
parking meter@large,2,100,20,24,natural,20,large
parking meter@large,2,150,20,24,natural,20,large
parking meter@medium,2,25,16,33,natural,20,medium
parking meter@medium,2,50,22,33,natural,20,medium
parking meter@medium,2,100,22,33,natural,20,medium
parking meter@medium,2,150,22,33,natural,20,medium
parking meter@small,2,25,3,150,natural,20,small
parking meter@small,2,50,3,150,natural,20,small
parking meter@small,2,100,5,150,natural,20,small
parking meter@small,2,150,5,150,natural,20,small
person@large,2,25,12,75,natural,20,large
person@large,2,50,15,75,natural,20,large
person@large,2,100,30,75,natural,20,large
person@large,2,150,37,75,natural,20,large
person@medium,2,25,2,150,natural,20,medium
person@medium,2,50,4,150,natural,20,medium
person@medium,2,100,6,150,natural,20,medium
person@medium,2,150,7,150,natural,20,medium
person@small,2,25,0,150,natural,20,small
person@small,2,50,0,150,natural,20,small
person@small,2,100,0,150,natural,20,small
person@small,2,150,1,150,natural,20,small
remote@large,2,25,20,24,natural,20,large
remote@large,2,50,20,24,natural,20,large
remote@large,2,100,20,24,natural,20,large
remote@large,2,150,20,24,natural,20,large
remote@medium,2,25,7,150,natural,20,medium
remote@medium,2,50,9,150,natural,20,medium
remote@medium,2,100,16,150,natural,20,medium
remote@medium,2,150,18,150,natural,20,medium
remote@small,2,25,0,150,natural,20,small
remote@small,2,50,4,150,natural,20,small
remote@small,2,100,5,150,natural,20,small
remote@small,2,150,7,150,natural,20,small
scissors@large,2,25,20,24,natural,20,large
scissors@large,2,50,20,24,natural,20,large
scissors@large,2,100,20,24,natural,20,large
scissors@large,2,150,20,24,natural,20,large
scissors@medium,2,25,14,52,natural,20,medium
scissors@medium,2,50,19,52,natural,20,medium
scissors@medium,2,100,20,52,natural,20,medium
scissors@medium,2,150,20,52,natural,20,medium
scissors@small,2,25,1,150,natural,20,small
scissors@small,2,50,1,150,natural,20,small
scissors@small,2,100,2,150,natural,20,small
scissors@small,2,150,3,150,natural,20,small
single serving drinking vessel@large,2,25,14,62,natural,20,large
single serving drinking vessel@large,2,50,18,62,natural,20,large
single serving drinking vessel@large,2,100,22,62,natural,20,large
single serving drinking vessel@large,2,150,22,62,natural,20,large
single serving drinking vessel@medium,2,25,6,150,natural,20,medium
single serving drinking vessel@medium,2,50,10,150,natural,20,medium
single serving drinking vessel@medium,2,100,13,150,natural,20,medium
single serving drinking vessel@medium,2,150,16,150,natural,20,medium
single serving drinking vessel@small,2,25,1,150,natural,20,small
single serving drinking vessel@small,2,50,3,150,natural,20,small
single serving drinking vessel@small,2,100,4,150,natural,20,small
single serving drinking vessel@small,2,150,6,150,natural,20,small
sink@large,2,25,15,32,natural,20,large
sink@large,2,50,20,32,natural,20,large
sink@large,2,100,20,32,natural,20,large
sink@large,2,150,20,32,natural,20,large
sink@medium,2,25,4,150,natural,20,medium
sink@medium,2,50,5,150,natural,20,medium
sink@medium,2,100,10,150,natural,20,medium
sink@medium,2,150,18,150,natural,20,medium
sink@small,2,25,0,150,natural,20,small
sink@small,2,50,0,150,natural,20,small
sink@small,2,100,4,150,natural,20,small
sink@small,2,150,6,150,natural,20,small
skateboard@large,2,25,20,24,natural,20,large
skateboard@large,2,50,20,24,natural,20,large
skateboard@large,2,100,20,24,natural,20,large
skateboard@large,2,150,20,24,natural,20,large
skateboard@medium,2,25,20,24,natural,20,medium
skateboard@medium,2,50,20,24,natural,20,medium
skateboard@medium,2,100,20,24,natural,20,medium
skateboard@medium,2,150,20,24,natural,20,medium
skateboard@small,2,25,20,24,natural,20,small
skateboard@small,2,50,20,24,natural,20,small
skateboard@small,2,100,20,24,natural,20,small
skateboard@small,2,150,20,24,natural,20,small
skis@large,2,25,20,24,natural,20,large
skis@large,2,50,20,24,natural,20,large
skis@large,2,100,23,24,natural,20,large
skis@large,2,150,26,24,natural,20,large
skis@medium,2,25,17,28,natural,20,medium
skis@medium,2,50,20,28,natural,20,medium
skis@medium,2,100,26,28,natural,20,medium
skis@medium,2,150,43,28,natural,20,medium
skis@small,2,25,13,38,natural,20,small
skis@small,2,50,20,38,natural,20,small
skis@small,2,100,29,38,natural,20,small
skis@small,2,150,42,38,natural,20,small
snowboard@large,2,25,20,24,natural,20,large
snowboard@large,2,50,23,24,natural,20,large
snowboard@large,2,100,23,24,natural,20,large
snowboard@large,2,150,26,24,natural,20,large
snowboard@medium,2,25,19,27,natural,20,medium
snowboard@medium,2,50,20,27,natural,20,medium
snowboard@medium,2,100,21,27,natural,20,medium
snowboard@medium,2,150,22,27,natural,20,medium
snowboard@small,2,25,15,38,natural,20,small
snowboard@small,2,50,20,38,natural,20,small
snowboard@small,2,100,20,38,natural,20,small
snowboard@small,2,150,26,38,natural,20,small
spoon@large,2,25,4,142,natural,20,large
spoon@large,2,50,7,142,natural,20,large
spoon@large,2,100,14,142,natural,20,large
spoon@large,2,150,20,142,natural,20,large
spoon@medium,2,25,2,150,natural,20,medium
spoon@medium,2,50,3,150,natural,20,medium
spoon@medium,2,100,9,150,natural,20,medium
spoon@medium,2,150,10,150,natural,20,medium
spoon@small,2,25,0,150,natural,20,small
spoon@small,2,50,0,150,natural,20,small
spoon@small,2,100,0,150,natural,20,small
spoon@small,2,150,1,150,natural,20,small
stop sign@large,2,25,21,24,natural,20,large
stop sign@large,2,50,21,24,natural,20,large
stop sign@large,2,100,21,24,natural,20,large
stop sign@large,2,150,22,24,natural,20,large
stop sign@medium,2,25,20,24,natural,20,medium
stop sign@medium,2,50,20,24,natural,20,medium
stop sign@medium,2,100,20,24,natural,20,medium
stop sign@medium,2,150,21,24,natural,20,medium
stop sign@small,2,25,0,150,natural,20,small
stop sign@small,2,50,1,150,natural,20,small
stop sign@small,2,100,2,150,natural,20,small
stop sign@small,2,150,5,150,natural,20,small
surfboard@large,2,25,20,24,natural,20,large
surfboard@large,2,50,20,24,natural,20,large
surfboard@large,2,100,20,24,natural,20,large
surfboard@large,2,150,20,24,natural,20,large
surfboard@medium,2,25,20,24,natural,20,medium
surfboard@medium,2,50,20,24,natural,20,medium
surfboard@medium,2,100,20,24,natural,20,medium
surfboard@medium,2,150,20,24,natural,20,medium
surfboard@small,2,25,20,24,natural,20,small
surfboard@small,2,50,20,24,natural,20,small
surfboard@small,2,100,20,24,natural,20,small
surfboard@small,2,150,20,24,natural,20,small
tennis racket@large,2,25,20,24,natural,20,large
tennis racket@large,2,50,20,24,natural,20,large
tennis racket@large,2,100,20,24,natural,20,large
tennis racket@large,2,150,20,24,natural,20,large
tennis racket@medium,2,25,20,24,natural,20,medium
tennis racket@medium,2,50,20,24,natural,20,medium
tennis racket@medium,2,100,20,24,natural,20,medium
tennis racket@medium,2,150,37,24,natural,20,medium
tennis racket@small,2,25,20,24,natural,20,small
tennis racket@small,2,50,20,24,natural,20,small
tennis racket@small,2,100,37,24,natural,20,small
tennis racket@small,2,150,37,24,natural,20,small
tie@large,2,25,20,24,natural,20,large
tie@large,2,50,20,24,natural,20,large
tie@large,2,100,20,24,natural,20,large
tie@large,2,150,20,24,natural,20,large
tie@medium,2,25,20,24,natural,20,medium
tie@medium,2,50,20,24,natural,20,medium
tie@medium,2,100,20,24,natural,20,medium
tie@medium,2,150,20,24,natural,20,medium
tie@small,2,25,2,150,natural,20,small
tie@small,2,50,5,150,natural,20,small
tie@small,2,100,9,150,natural,20,small
tie@small,2,150,10,150,natural,20,small
toothbrush@large,2,25,20,24,natural,20,large
toothbrush@large,2,50,20,24,natural,20,large
toothbrush@large,2,100,21,24,natural,20,large
toothbrush@large,2,150,21,24,natural,20,large
toothbrush@medium,2,25,20,24,natural,20,medium
toothbrush@medium,2,50,21,24,natural,20,medium
toothbrush@medium,2,100,21,24,natural,20,medium
toothbrush@medium,2,150,21,24,natural,20,medium
toothbrush@small,2,25,7,150,natural,20,small
toothbrush@small,2,50,8,150,natural,20,small
toothbrush@small,2,100,11,150,natural,20,small
toothbrush@small,2,150,12,150,natural,20,small
traffic light@large,2,25,20,24,natural,20,large
traffic light@large,2,50,20,24,natural,20,large
traffic light@large,2,100,20,24,natural,20,large
traffic light@large,2,150,20,24,natural,20,large
traffic light@medium,2,25,14,71,natural,20,medium
traffic light@medium,2,50,17,71,natural,20,medium
traffic light@medium,2,100,21,71,natural,20,medium
traffic light@medium,2,150,21,71,natural,20,medium
traffic light@small,2,25,2,150,natural,20,small
traffic light@small,2,50,7,150,natural,20,small
traffic light@small,2,100,12,150,natural,20,small
traffic light@small,2,150,17,150,natural,20,small
tv@large,2,25,17,30,natural,20,large
tv@large,2,50,22,30,natural,20,large
tv@large,2,100,22,30,natural,20,large
tv@large,2,150,22,30,natural,20,large
tv@medium,2,25,4,150,natural,20,medium
tv@medium,2,50,10,150,natural,20,medium
tv@medium,2,100,13,150,natural,20,medium
tv@medium,2,150,15,150,natural,20,medium
tv@small,2,25,0,150,natural,20,small
tv@small,2,50,0,150,natural,20,small
tv@small,2,100,1,150,natural,20,small
tv@small,2,150,1,150,natural,20,small
umbrella@large,2,25,20,24,natural,20,large
umbrella@large,2,50,20,24,natural,20,large
umbrella@large,2,100,20,24,natural,20,large
umbrella@large,2,150,20,24,natural,20,large
umbrella@medium,2,25,19,32,natural,20,medium
umbrella@medium,2,50,20,32,natural,20,medium
umbrella@medium,2,100,20,32,natural,20,medium
umbrella@medium,2,150,20,32,natural,20,medium
umbrella@small,2,25,2,150,natural,20,small
umbrella@small,2,50,3,150,natural,20,small
umbrella@small,2,100,6,150,natural,20,small
umbrella@small,2,150,7,150,natural,20,small
vase or potted plant@large,2,25,20,24,natural,20,large
vase or potted plant@large,2,50,20,24,natural,20,large
vase or potted plant@large,2,100,20,24,natural,20,large
vase or potted plant@large,2,150,20,24,natural,20,large
vase or potted plant@medium,2,25,5,150,natural,20,medium
vase or potted plant@medium,2,50,5,150,natural,20,medium
vase or potted plant@medium,2,100,11,150,natural,20,medium
vase or potted plant@medium,2,150,14,150,natural,20,medium
vase or potted plant@small,2,25,0,150,natural,20,small
vase or potted plant@small,2,50,0,150,natural,20,small
vase or potted plant@small,2,100,1,150,natural,20,small
vase or potted plant@small,2,150,2,150,natural,20,small
airplane@large,3,25,21,24,natural,20,large
airplane@large,3,50,30,24,natural,20,large
airplane@large,3,100,31,24,natural,20,large
airplane@large,3,150,46,24,natural,20,large
airplane@medium,3,25,20,24,natural,20,medium
airplane@medium,3,50,20,24,natural,20,medium
airplane@medium,3,100,20,24,natural,20,medium
airplane@medium,3,150,20,24,natural,20,medium
airplane@small,3,25,20,24,natural,20,small
airplane@small,3,50,20,24,natural,20,small
airplane@small,3,100,20,24,natural,20,small
airplane@small,3,150,20,24,natural,20,small
apple@large,3,25,19,26,natural,20,large
apple@large,3,50,20,26,natural,20,large
apple@large,3,100,20,26,natural,20,large
apple@large,3,150,21,26,natural,20,large
apple@medium,3,25,19,27,natural,20,medium
apple@medium,3,50,22,27,natural,20,medium
apple@medium,3,100,22,27,natural,20,medium
apple@medium,3,150,22,27,natural,20,medium
bag or luggage@large,3,25,20,24,natural,20,large
bag or luggage@large,3,50,20,24,natural,20,large
bag or luggage@large,3,100,20,24,natural,20,large
bag or luggage@large,3,150,20,24,natural,20,large
bag or luggage@medium,3,25,5,150,natural,20,medium
bag or luggage@medium,3,50,6,150,natural,20,medium
bag or luggage@medium,3,100,10,150,natural,20,medium
bag or luggage@medium,3,150,13,150,natural,20,medium
bag or luggage@small,3,25,0,150,natural,20,small
bag or luggage@small,3,50,1,150,natural,20,small
bag or luggage@small,3,100,1,150,natural,20,small
bag or luggage@small,3,150,3,150,natural,20,small
banana@large,3,25,21,24,natural,20,large
banana@large,3,50,21,24,natural,20,large
banana@large,3,100,21,24,natural,20,large
banana@large,3,150,21,24,natural,20,large
banana@medium,3,25,20,24,natural,20,medium
banana@medium,3,50,20,24,natural,20,medium
banana@medium,3,100,21,24,natural,20,medium
banana@medium,3,150,21,24,natural,20,medium
baseball bat@large,3,25,20,24,natural,20,large
baseball bat@large,3,50,23,24,natural,20,large
baseball bat@large,3,100,32,24,natural,20,large
baseball bat@large,3,150,32,24,natural,20,large
baseball bat@medium,3,25,20,24,natural,20,medium
baseball bat@medium,3,50,25,24,natural,20,medium
baseball bat@medium,3,100,25,24,natural,20,medium
baseball bat@medium,3,150,26,24,natural,20,medium
baseball bat@small,3,25,20,24,natural,20,small
baseball bat@small,3,50,20,24,natural,20,small
baseball bat@small,3,100,20,24,natural,20,small
baseball bat@small,3,150,26,24,natural,20,small
bench@large,3,25,20,24,natural,20,large
bench@large,3,50,20,24,natural,20,large
bench@large,3,100,20,24,natural,20,large
bench@large,3,150,20,24,natural,20,large
bench@medium,3,25,5,150,natural,20,medium
bench@medium,3,50,6,150,natural,20,medium
bench@medium,3,100,6,150,natural,20,medium
bench@medium,3,150,6,150,natural,20,medium
bench@small,3,25,0,150,natural,20,small
bench@small,3,50,0,150,natural,20,small
bench@small,3,100,0,150,natural,20,small
bench@small,3,150,1,150,natural,20,small
bicycle@large,3,25,20,24,natural,20,large
bicycle@large,3,50,22,24,natural,20,large
bicycle@large,3,100,22,24,natural,20,large
bicycle@large,3,150,22,24,natural,20,large
bicycle@medium,3,25,13,44,natural,20,medium
bicycle@medium,3,50,20,44,natural,20,medium
bicycle@medium,3,100,20,44,natural,20,medium
bicycle@medium,3,150,20,44,natural,20,medium
bicycle@small,3,25,1,150,natural,20,small
bicycle@small,3,50,1,150,natural,20,small
bicycle@small,3,100,3,150,natural,20,small
bicycle@small,3,150,5,150,natural,20,small
bird@large,3,25,20,25,natural,20,large
bird@large,3,50,21,25,natural,20,large
bird@large,3,100,21,25,natural,20,large
bird@large,3,150,24,25,natural,20,large
bird@medium,3,25,16,31,natural,20,medium
bird@medium,3,50,26,31,natural,20,medium
bird@medium,3,100,26,31,natural,20,medium
bird@medium,3,150,26,31,natural,20,medium
bird@small,3,25,2,150,natural,20,small
bird@small,3,50,3,150,natural,20,small
bird@small,3,100,6,150,natural,20,small
bird@small,3,150,11,150,natural,20,small
boat@large,3,25,21,24,natural,20,large
boat@large,3,50,31,24,natural,20,large
boat@large,3,100,31,24,natural,20,large
boat@large,3,150,31,24,natural,20,large
boat@medium,3,25,19,26,natural,20,medium
boat@medium,3,50,20,26,natural,20,medium
boat@medium,3,100,20,26,natural,20,medium
boat@medium,3,150,21,26,natural,20,medium
boat@small,3,25,7,150,natural,20,small
boat@small,3,50,13,150,natural,20,small
boat@small,3,100,15,150,natural,20,small
boat@small,3,150,16,150,natural,20,small
book@large,3,25,20,24,natural,20,large
book@large,3,50,20,24,natural,20,large
book@large,3,100,20,24,natural,20,large
book@large,3,150,20,24,natural,20,large
book@medium,3,25,1,150,natural,20,medium
book@medium,3,50,2,150,natural,20,medium
book@medium,3,100,3,150,natural,20,medium
book@medium,3,150,4,150,natural,20,medium
book@small,3,25,1,150,natural,20,small
book@small,3,50,2,150,natural,20,small
book@small,3,100,2,150,natural,20,small
book@small,3,150,4,150,natural,20,small
bottle@large,3,25,19,26,natural,20,large
bottle@large,3,50,20,26,natural,20,large
bottle@large,3,100,20,26,natural,20,large
bottle@large,3,150,20,26,natural,20,large
bottle@medium,3,25,2,150,natural,20,medium
bottle@medium,3,50,3,150,natural,20,medium
bottle@medium,3,100,5,150,natural,20,medium
bottle@medium,3,150,7,150,natural,20,medium
bottle@small,3,25,2,150,natural,20,small
bottle@small,3,50,2,150,natural,20,small
bottle@small,3,100,2,150,natural,20,small
bottle@small,3,150,2,150,natural,20,small
bowl@large,3,25,5,150,natural,20,large
bowl@large,3,50,10,150,natural,20,large
bowl@large,3,100,13,150,natural,20,large
bowl@large,3,150,15,150,natural,20,large
bowl@medium,3,25,1,150,natural,20,medium
bowl@medium,3,50,1,150,natural,20,medium
bowl@medium,3,100,2,150,natural,20,medium
bowl@medium,3,150,3,150,natural,20,medium
bowl@small,3,25,0,150,natural,20,small
bowl@small,3,50,0,150,natural,20,small
bowl@small,3,100,0,150,natural,20,small
bowl@small,3,150,1,150,natural,20,small
bus@large,3,25,20,24,natural,20,large
bus@large,3,50,20,24,natural,20,large
bus@large,3,100,20,24,natural,20,large
bus@large,3,150,20,24,natural,20,large
bus@medium,3,25,12,150,natural,20,medium
bus@medium,3,50,16,150,natural,20,medium
bus@medium,3,100,17,150,natural,20,medium
bus@medium,3,150,17,150,natural,20,medium
bus@small,3,25,1,150,natural,20,small
bus@small,3,50,2,150,natural,20,small
bus@small,3,100,6,150,natural,20,small
bus@small,3,150,7,150,natural,20,small
cell phone@large,3,25,20,24,natural,20,large
cell phone@large,3,50,22,24,natural,20,large
cell phone@large,3,100,35,24,natural,20,large
cell phone@large,3,150,38,24,natural,20,large
cell phone@medium,3,25,11,74,natural,20,medium
cell phone@medium,3,50,16,74,natural,20,medium
cell phone@medium,3,100,20,74,natural,20,medium
cell phone@medium,3,150,20,74,natural,20,medium
cell phone@small,3,25,2,150,natural,20,small
cell phone@small,3,50,5,150,natural,20,small
cell phone@small,3,100,5,150,natural,20,small
cell phone@small,3,150,5,150,natural,20,small
chair@large,3,25,9,150,natural,20,large
chair@large,3,50,10,150,natural,20,large
chair@large,3,100,13,150,natural,20,large
chair@large,3,150,14,150,natural,20,large
chair@medium,3,25,1,150,natural,20,medium
chair@medium,3,50,1,150,natural,20,medium
chair@medium,3,100,1,150,natural,20,medium
chair@medium,3,150,1,150,natural,20,medium
chair@small,3,25,0,150,natural,20,small
chair@small,3,50,0,150,natural,20,small
chair@small,3,100,0,150,natural,20,small
chair@small,3,150,0,150,natural,20,small
clock@large,3,25,20,24,natural,20,large
clock@large,3,50,20,24,natural,20,large
clock@large,3,100,20,24,natural,20,large
clock@large,3,150,20,24,natural,20,large
clock@medium,3,25,20,24,natural,20,medium
clock@medium,3,50,20,24,natural,20,medium
clock@medium,3,100,20,24,natural,20,medium
clock@medium,3,150,20,24,natural,20,medium
clock@small,3,25,6,150,natural,20,small
clock@small,3,50,9,150,natural,20,small
clock@small,3,100,11,150,natural,20,small
clock@small,3,150,11,150,natural,20,small
dining table@large,3,25,9,144,natural,20,large
dining table@large,3,50,11,144,natural,20,large
dining table@large,3,100,15,144,natural,20,large
dining table@large,3,150,20,144,natural,20,large
dining table@medium,3,25,9,92,natural,20,medium
dining table@medium,3,50,16,92,natural,20,medium
dining table@medium,3,100,20,92,natural,20,medium
dining table@medium,3,150,21,92,natural,20,medium
dining table@small,3,25,0,150,natural,20,small
dining table@small,3,50,3,150,natural,20,small
dining table@small,3,100,6,150,natural,20,small
dining table@small,3,150,6,150,natural,20,small
dog@large,3,25,17,29,natural,20,large
dog@large,3,50,23,29,natural,20,large
dog@large,3,100,23,29,natural,20,large
dog@large,3,150,23,29,natural,20,large
dog@medium,3,25,7,60,natural,20,medium
dog@medium,3,50,15,60,natural,20,medium
dog@medium,3,100,20,60,natural,20,medium
dog@medium,3,150,20,60,natural,20,medium
dog@small,3,25,1,150,natural,20,small
dog@small,3,50,1,150,natural,20,small
dog@small,3,100,3,150,natural,20,small
dog@small,3,150,3,150,natural,20,small
enclosed road vehicle@large,3,25,12,53,natural,20,large
enclosed road vehicle@large,3,50,19,53,natural,20,large
enclosed road vehicle@large,3,100,20,53,natural,20,large
enclosed road vehicle@large,3,150,20,53,natural,20,large
enclosed road vehicle@medium,3,25,1,150,natural,20,medium
enclosed road vehicle@medium,3,50,3,150,natural,20,medium
enclosed road vehicle@medium,3,100,5,150,natural,20,medium
enclosed road vehicle@medium,3,150,7,150,natural,20,medium
enclosed road vehicle@small,3,25,0,150,natural,20,small
enclosed road vehicle@small,3,50,0,150,natural,20,small
enclosed road vehicle@small,3,100,1,150,natural,20,small
enclosed road vehicle@small,3,150,2,150,natural,20,small
fire hydrant@large,3,25,20,24,natural,20,large
fire hydrant@large,3,50,20,24,natural,20,large
fire hydrant@large,3,100,20,24,natural,20,large
fire hydrant@large,3,150,20,24,natural,20,large
fire hydrant@medium,3,25,16,79,natural,20,medium
fire hydrant@medium,3,50,18,79,natural,20,medium
fire hydrant@medium,3,100,20,79,natural,20,medium
fire hydrant@medium,3,150,21,79,natural,20,medium
fire hydrant@small,3,25,1,150,natural,20,small
fire hydrant@small,3,50,3,150,natural,20,small
fire hydrant@small,3,100,7,150,natural,20,small
fire hydrant@small,3,150,10,150,natural,20,small
fork@large,3,25,13,92,natural,20,large
fork@large,3,50,16,92,natural,20,large
fork@large,3,100,20,92,natural,20,large
fork@large,3,150,21,92,natural,20,large
fork@medium,3,25,3,150,natural,20,medium
fork@medium,3,50,7,150,natural,20,medium
fork@medium,3,100,13,150,natural,20,medium
fork@medium,3,150,15,150,natural,20,medium
fork@small,3,25,2,150,natural,20,small
fork@small,3,50,3,150,natural,20,small
fork@small,3,100,5,150,natural,20,small
fork@small,3,150,7,150,natural,20,small
frisbee@large,3,25,20,24,natural,20,large
frisbee@large,3,50,20,24,natural,20,large
frisbee@large,3,100,20,24,natural,20,large
frisbee@large,3,150,20,24,natural,20,large
frisbee@medium,3,25,20,24,natural,20,medium
frisbee@medium,3,50,21,24,natural,20,medium
frisbee@medium,3,100,21,24,natural,20,medium
frisbee@medium,3,150,21,24,natural,20,medium
frisbee@small,3,25,20,24,natural,20,small
frisbee@small,3,50,20,24,natural,20,small
frisbee@small,3,100,20,24,natural,20,small
frisbee@small,3,150,21,24,natural,20,small
keyboard@large,3,25,20,25,natural,20,large
keyboard@large,3,50,27,25,natural,20,large
keyboard@large,3,100,27,25,natural,20,large
keyboard@large,3,150,27,25,natural,20,large
keyboard@medium,3,25,4,103,natural,20,medium
keyboard@medium,3,50,9,103,natural,20,medium
keyboard@medium,3,100,18,103,natural,20,medium
keyboard@medium,3,150,20,103,natural,20,medium
keyboard@small,3,25,0,150,natural,20,small
keyboard@small,3,50,0,150,natural,20,small
keyboard@small,3,100,0,150,natural,20,small
keyboard@small,3,150,1,150,natural,20,small
kite@large,3,25,20,24,natural,20,large
kite@large,3,50,21,24,natural,20,large
kite@large,3,100,21,24,natural,20,large
kite@large,3,150,21,24,natural,20,large
kite@medium,3,25,20,24,natural,20,medium
kite@medium,3,50,20,24,natural,20,medium
kite@medium,3,100,20,24,natural,20,medium
kite@medium,3,150,20,24,natural,20,medium
kite@small,3,25,20,24,natural,20,small
kite@small,3,50,20,24,natural,20,small
kite@small,3,100,20,24,natural,20,small
kite@small,3,150,20,24,natural,20,small
knife@large,3,25,8,150,natural,20,large
knife@large,3,50,10,150,natural,20,large
knife@large,3,100,15,150,natural,20,large
knife@large,3,150,17,150,natural,20,large
knife@medium,3,25,3,150,natural,20,medium
knife@medium,3,50,4,150,natural,20,medium
knife@medium,3,100,6,150,natural,20,medium
knife@medium,3,150,6,150,natural,20,medium
knife@small,3,25,0,150,natural,20,small
knife@small,3,50,0,150,natural,20,small
knife@small,3,100,0,150,natural,20,small
knife@small,3,150,1,150,natural,20,small
laptop@large,3,25,15,36,natural,20,large
laptop@large,3,50,20,36,natural,20,large
laptop@large,3,100,20,36,natural,20,large
laptop@large,3,150,20,36,natural,20,large
laptop@medium,3,25,2,113,natural,20,medium
laptop@medium,3,50,6,113,natural,20,medium
laptop@medium,3,100,16,113,natural,20,medium
laptop@medium,3,150,20,113,natural,20,medium
laptop@small,3,25,0,150,natural,20,small
laptop@small,3,50,0,150,natural,20,small
laptop@small,3,100,0,150,natural,20,small
laptop@small,3,150,0,150,natural,20,small
microwave@large,3,25,20,24,natural,20,large
microwave@large,3,50,20,24,natural,20,large
microwave@large,3,100,20,24,natural,20,large
microwave@large,3,150,20,24,natural,20,large
microwave@medium,3,25,4,135,natural,20,medium
microwave@medium,3,50,11,135,natural,20,medium
microwave@medium,3,100,17,135,natural,20,medium
microwave@medium,3,150,20,135,natural,20,medium
microwave@small,3,25,0,150,natural,20,small
microwave@small,3,50,0,150,natural,20,small
microwave@small,3,100,0,150,natural,20,small
microwave@small,3,150,4,150,natural,20,small
motorcycle@large,3,25,20,24,natural,20,large
motorcycle@large,3,50,20,24,natural,20,large
motorcycle@large,3,100,20,24,natural,20,large
motorcycle@large,3,150,20,24,natural,20,large
motorcycle@medium,3,25,13,53,natural,20,medium
motorcycle@medium,3,50,19,53,natural,20,medium
motorcycle@medium,3,100,20,53,natural,20,medium
motorcycle@medium,3,150,20,53,natural,20,medium
motorcycle@small,3,25,1,150,natural,20,small
motorcycle@small,3,50,1,150,natural,20,small
motorcycle@small,3,100,2,150,natural,20,small
motorcycle@small,3,150,2,150,natural,20,small
mouse@large,3,25,20,24,natural,20,large
mouse@large,3,50,20,24,natural,20,large
mouse@large,3,100,20,24,natural,20,large
mouse@large,3,150,20,24,natural,20,large
mouse@medium,3,25,12,57,natural,20,medium
mouse@medium,3,50,16,57,natural,20,medium
mouse@medium,3,100,20,57,natural,20,medium
mouse@medium,3,150,20,57,natural,20,medium
mouse@small,3,25,0,150,natural,20,small
mouse@small,3,50,1,150,natural,20,small
mouse@small,3,100,9,150,natural,20,small
mouse@small,3,150,18,150,natural,20,small
orange@large,3,25,20,24,natural,20,large
orange@large,3,50,20,24,natural,20,large
orange@large,3,100,20,24,natural,20,large
orange@large,3,150,22,24,natural,20,large
orange@medium,3,25,14,48,natural,20,medium
orange@medium,3,50,20,48,natural,20,medium
orange@medium,3,100,20,48,natural,20,medium
orange@medium,3,150,20,48,natural,20,medium
parking meter@large,3,25,21,24,natural,20,large
parking meter@large,3,50,22,24,natural,20,large
parking meter@large,3,100,22,24,natural,20,large
parking meter@large,3,150,22,24,natural,20,large
parking meter@medium,3,25,13,69,natural,20,medium
parking meter@medium,3,50,19,69,natural,20,medium
parking meter@medium,3,100,20,69,natural,20,medium
parking meter@medium,3,150,20,69,natural,20,medium
parking meter@small,3,25,3,150,natural,20,small
parking meter@small,3,50,3,150,natural,20,small
parking meter@small,3,100,3,150,natural,20,small
parking meter@small,3,150,6,150,natural,20,small
person@large,3,25,12,79,natural,20,large
person@large,3,50,12,79,natural,20,large
person@large,3,100,21,79,natural,20,large
person@large,3,150,21,79,natural,20,large
person@medium,3,25,1,150,natural,20,medium
person@medium,3,50,4,150,natural,20,medium
person@medium,3,100,5,150,natural,20,medium
person@medium,3,150,6,150,natural,20,medium
person@small,3,25,0,150,natural,20,small
person@small,3,50,0,150,natural,20,small
person@small,3,100,1,150,natural,20,small
person@small,3,150,2,150,natural,20,small
remote@large,3,25,20,24,natural,20,large
remote@large,3,50,20,24,natural,20,large
remote@large,3,100,20,24,natural,20,large
remote@large,3,150,20,24,natural,20,large
remote@medium,3,25,4,150,natural,20,medium
remote@medium,3,50,9,150,natural,20,medium
remote@medium,3,100,16,150,natural,20,medium
remote@medium,3,150,19,150,natural,20,medium
remote@small,3,25,0,150,natural,20,small
remote@small,3,50,1,150,natural,20,small
remote@small,3,100,1,150,natural,20,small
remote@small,3,150,5,150,natural,20,small
scissors@large,3,25,20,24,natural,20,large
scissors@large,3,50,20,24,natural,20,large
scissors@large,3,100,20,24,natural,20,large
scissors@large,3,150,20,24,natural,20,large
scissors@medium,3,25,16,45,natural,20,medium
scissors@medium,3,50,20,45,natural,20,medium
scissors@medium,3,100,20,45,natural,20,medium
scissors@medium,3,150,20,45,natural,20,medium
scissors@small,3,25,1,150,natural,20,small
scissors@small,3,50,2,150,natural,20,small
scissors@small,3,100,5,150,natural,20,small
scissors@small,3,150,7,150,natural,20,small
single serving drinking vessel@large,3,25,10,102,natural,20,large
single serving drinking vessel@large,3,50,15,102,natural,20,large
single serving drinking vessel@large,3,100,18,102,natural,20,large
single serving drinking vessel@large,3,150,20,102,natural,20,large
single serving drinking vessel@medium,3,25,5,150,natural,20,medium
single serving drinking vessel@medium,3,50,10,150,natural,20,medium
single serving drinking vessel@medium,3,100,10,150,natural,20,medium
single serving drinking vessel@medium,3,150,13,150,natural,20,medium
single serving drinking vessel@small,3,25,1,150,natural,20,small
single serving drinking vessel@small,3,50,1,150,natural,20,small
single serving drinking vessel@small,3,100,1,150,natural,20,small
single serving drinking vessel@small,3,150,2,150,natural,20,small
sink@large,3,25,14,41,natural,20,large
sink@large,3,50,21,41,natural,20,large
sink@large,3,100,21,41,natural,20,large
sink@large,3,150,21,41,natural,20,large
sink@medium,3,25,4,150,natural,20,medium
sink@medium,3,50,6,150,natural,20,medium
sink@medium,3,100,13,150,natural,20,medium
sink@medium,3,150,15,150,natural,20,medium
sink@small,3,25,2,150,natural,20,small
sink@small,3,50,2,150,natural,20,small
sink@small,3,100,5,150,natural,20,small
sink@small,3,150,8,150,natural,20,small
skateboard@large,3,25,20,24,natural,20,large
skateboard@large,3,50,20,24,natural,20,large
skateboard@large,3,100,20,24,natural,20,large
skateboard@large,3,150,20,24,natural,20,large
skateboard@medium,3,25,20,24,natural,20,medium
skateboard@medium,3,50,20,24,natural,20,medium
skateboard@medium,3,100,20,24,natural,20,medium
skateboard@medium,3,150,20,24,natural,20,medium
skateboard@small,3,25,21,24,natural,20,small
skateboard@small,3,50,27,24,natural,20,small
skateboard@small,3,100,28,24,natural,20,small
skateboard@small,3,150,28,24,natural,20,small
skis@large,3,25,21,24,natural,20,large
skis@large,3,50,35,24,natural,20,large
skis@large,3,100,37,24,natural,20,large
skis@large,3,150,37,24,natural,20,large
skis@medium,3,25,18,28,natural,20,medium
skis@medium,3,50,20,28,natural,20,medium
skis@medium,3,100,29,28,natural,20,medium
skis@medium,3,150,44,28,natural,20,medium
skis@small,3,25,10,43,natural,20,small
skis@small,3,50,20,43,natural,20,small
skis@small,3,100,22,43,natural,20,small
skis@small,3,150,32,43,natural,20,small
snowboard@large,3,25,20,24,natural,20,large
snowboard@large,3,50,25,24,natural,20,large
snowboard@large,3,100,25,24,natural,20,large
snowboard@large,3,150,26,24,natural,20,large
snowboard@medium,3,25,20,24,natural,20,medium
snowboard@medium,3,50,20,24,natural,20,medium
snowboard@medium,3,100,20,24,natural,20,medium
snowboard@medium,3,150,20,24,natural,20,medium
snowboard@small,3,25,14,40,natural,20,small
snowboard@small,3,50,20,40,natural,20,small
snowboard@small,3,100,20,40,natural,20,small
snowboard@small,3,150,21,40,natural,20,small
spoon@large,3,25,5,125,natural,20,large
spoon@large,3,50,10,125,natural,20,large
spoon@large,3,100,17,125,natural,20,large
spoon@large,3,150,20,125,natural,20,large
spoon@medium,3,25,1,150,natural,20,medium
spoon@medium,3,50,3,150,natural,20,medium
spoon@medium,3,100,10,150,natural,20,medium
spoon@medium,3,150,11,150,natural,20,medium
spoon@small,3,25,0,150,natural,20,small
spoon@small,3,50,0,150,natural,20,small
spoon@small,3,100,1,150,natural,20,small
spoon@small,3,150,2,150,natural,20,small
stop sign@large,3,25,20,24,natural,20,large
stop sign@large,3,50,20,24,natural,20,large
stop sign@large,3,100,20,24,natural,20,large
stop sign@large,3,150,21,24,natural,20,large
stop sign@medium,3,25,20,24,natural,20,medium
stop sign@medium,3,50,20,24,natural,20,medium
stop sign@medium,3,100,20,24,natural,20,medium
stop sign@medium,3,150,23,24,natural,20,medium
stop sign@small,3,25,0,150,natural,20,small
stop sign@small,3,50,2,150,natural,20,small
stop sign@small,3,100,2,150,natural,20,small
stop sign@small,3,150,3,150,natural,20,small
surfboard@large,3,25,20,24,natural,20,large
surfboard@large,3,50,20,24,natural,20,large
surfboard@large,3,100,20,24,natural,20,large
surfboard@large,3,150,20,24,natural,20,large
surfboard@medium,3,25,20,24,natural,20,medium
surfboard@medium,3,50,20,24,natural,20,medium
surfboard@medium,3,100,20,24,natural,20,medium
surfboard@medium,3,150,20,24,natural,20,medium
surfboard@small,3,25,20,24,natural,20,small
surfboard@small,3,50,20,24,natural,20,small
surfboard@small,3,100,20,24,natural,20,small
surfboard@small,3,150,20,24,natural,20,small
tennis racket@large,3,25,20,24,natural,20,large
tennis racket@large,3,50,20,24,natural,20,large
tennis racket@large,3,100,20,24,natural,20,large
tennis racket@large,3,150,23,24,natural,20,large
tennis racket@medium,3,25,20,24,natural,20,medium
tennis racket@medium,3,50,24,24,natural,20,medium
tennis racket@medium,3,100,28,24,natural,20,medium
tennis racket@medium,3,150,28,24,natural,20,medium
tennis racket@small,3,25,20,24,natural,20,small
tennis racket@small,3,50,28,24,natural,20,small
tennis racket@small,3,100,44,24,natural,20,small
tennis racket@small,3,150,44,24,natural,20,small
tie@large,3,25,20,24,natural,20,large
tie@large,3,50,20,24,natural,20,large
tie@large,3,100,20,24,natural,20,large
tie@large,3,150,20,24,natural,20,large
tie@medium,3,25,20,24,natural,20,medium
tie@medium,3,50,20,24,natural,20,medium
tie@medium,3,100,20,24,natural,20,medium
tie@medium,3,150,20,24,natural,20,medium
tie@small,3,25,1,150,natural,20,small
tie@small,3,50,3,150,natural,20,small
tie@small,3,100,6,150,natural,20,small
tie@small,3,150,7,150,natural,20,small
toothbrush@large,3,25,20,24,natural,20,large
toothbrush@large,3,50,20,24,natural,20,large
toothbrush@large,3,100,20,24,natural,20,large
toothbrush@large,3,150,20,24,natural,20,large
toothbrush@medium,3,25,20,24,natural,20,medium
toothbrush@medium,3,50,20,24,natural,20,medium
toothbrush@medium,3,100,20,24,natural,20,medium
toothbrush@medium,3,150,20,24,natural,20,medium
toothbrush@small,3,25,6,150,natural,20,small
toothbrush@small,3,50,8,150,natural,20,small
toothbrush@small,3,100,11,150,natural,20,small
toothbrush@small,3,150,12,150,natural,20,small
traffic light@large,3,25,20,24,natural,20,large
traffic light@large,3,50,20,24,natural,20,large
traffic light@large,3,100,20,24,natural,20,large
traffic light@large,3,150,20,24,natural,20,large
traffic light@medium,3,25,15,56,natural,20,medium
traffic light@medium,3,50,19,56,natural,20,medium
traffic light@medium,3,100,20,56,natural,20,medium
traffic light@medium,3,150,20,56,natural,20,medium
traffic light@small,3,25,2,150,natural,20,small
traffic light@small,3,50,4,150,natural,20,small
traffic light@small,3,100,6,150,natural,20,small
traffic light@small,3,150,12,150,natural,20,small
tv@large,3,25,13,53,natural,20,large
tv@large,3,50,19,53,natural,20,large
tv@large,3,100,20,53,natural,20,large
tv@large,3,150,20,53,natural,20,large
tv@medium,3,25,4,150,natural,20,medium
tv@medium,3,50,7,150,natural,20,medium
tv@medium,3,100,14,150,natural,20,medium
tv@medium,3,150,19,150,natural,20,medium
tv@small,3,25,0,150,natural,20,small
tv@small,3,50,1,150,natural,20,small
tv@small,3,100,2,150,natural,20,small
tv@small,3,150,2,150,natural,20,small
umbrella@large,3,25,20,24,natural,20,large
umbrella@large,3,50,20,24,natural,20,large
umbrella@large,3,100,20,24,natural,20,large
umbrella@large,3,150,20,24,natural,20,large
umbrella@medium,3,25,11,74,natural,20,medium
umbrella@medium,3,50,18,74,natural,20,medium
umbrella@medium,3,100,20,74,natural,20,medium
umbrella@medium,3,150,20,74,natural,20,medium
umbrella@small,3,25,2,150,natural,20,small
umbrella@small,3,50,3,150,natural,20,small
umbrella@small,3,100,6,150,natural,20,small
umbrella@small,3,150,7,150,natural,20,small
vase or potted plant@large,3,25,20,24,natural,20,large
vase or potted plant@large,3,50,21,24,natural,20,large
vase or potted plant@large,3,100,21,24,natural,20,large
vase or potted plant@large,3,150,21,24,natural,20,large
vase or potted plant@medium,3,25,4,150,natural,20,medium
vase or potted plant@medium,3,50,5,150,natural,20,medium
vase or potted plant@medium,3,100,8,150,natural,20,medium
vase or potted plant@medium,3,150,11,150,natural,20,medium
vase or potted plant@small,3,25,0,150,natural,20,small
vase or potted plant@small,3,50,0,150,natural,20,small
vase or potted plant@small,3,100,1,150,natural,20,small
vase or potted plant@small,3,150,1,150,natural,20,small
airplane@large,4,25,20,24,natural,20,large
airplane@large,4,50,20,24,natural,20,large
airplane@large,4,100,20,24,natural,20,large
airplane@large,4,150,20,24,natural,20,large
airplane@medium,4,25,20,24,natural,20,medium
airplane@medium,4,50,24,24,natural,20,medium
airplane@medium,4,100,33,24,natural,20,medium
airplane@medium,4,150,46,24,natural,20,medium
airplane@small,4,25,20,24,natural,20,small
airplane@small,4,50,20,24,natural,20,small
airplane@small,4,100,21,24,natural,20,small
airplane@small,4,150,21,24,natural,20,small
apple@large,4,25,20,24,natural,20,large
apple@large,4,50,20,24,natural,20,large
apple@large,4,100,29,24,natural,20,large
apple@large,4,150,33,24,natural,20,large
apple@medium,4,25,17,31,natural,20,medium
apple@medium,4,50,21,31,natural,20,medium
apple@medium,4,100,21,31,natural,20,medium
apple@medium,4,150,22,31,natural,20,medium
bag or luggage@large,4,25,21,24,natural,20,large
bag or luggage@large,4,50,24,24,natural,20,large
bag or luggage@large,4,100,25,24,natural,20,large
bag or luggage@large,4,150,25,24,natural,20,large
bag or luggage@medium,4,25,4,150,natural,20,medium
bag or luggage@medium,4,50,5,150,natural,20,medium
bag or luggage@medium,4,100,10,150,natural,20,medium
bag or luggage@medium,4,150,12,150,natural,20,medium
bag or luggage@small,4,25,0,150,natural,20,small
bag or luggage@small,4,50,1,150,natural,20,small
bag or luggage@small,4,100,1,150,natural,20,small
bag or luggage@small,4,150,3,150,natural,20,small
banana@large,4,25,20,24,natural,20,large
banana@large,4,50,20,24,natural,20,large
banana@large,4,100,20,24,natural,20,large
banana@large,4,150,21,24,natural,20,large
banana@medium,4,25,20,24,natural,20,medium
banana@medium,4,50,20,24,natural,20,medium
banana@medium,4,100,20,24,natural,20,medium
banana@medium,4,150,20,24,natural,20,medium
baseball bat@large,4,25,20,24,natural,20,large
baseball bat@large,4,50,20,24,natural,20,large
baseball bat@large,4,100,20,24,natural,20,large
baseball bat@large,4,150,20,24,natural,20,large
baseball bat@medium,4,25,20,24,natural,20,medium
baseball bat@medium,4,50,20,24,natural,20,medium
baseball bat@medium,4,100,21,24,natural,20,medium
baseball bat@medium,4,150,41,24,natural,20,medium
baseball bat@small,4,25,20,24,natural,20,small
baseball bat@small,4,50,37,24,natural,20,small
baseball bat@small,4,100,41,24,natural,20,small
baseball bat@small,4,150,41,24,natural,20,small
bench@large,4,25,20,24,natural,20,large
bench@large,4,50,20,24,natural,20,large
bench@large,4,100,21,24,natural,20,large
bench@large,4,150,21,24,natural,20,large
bench@medium,4,25,4,150,natural,20,medium
bench@medium,4,50,5,150,natural,20,medium
bench@medium,4,100,7,150,natural,20,medium
bench@medium,4,150,9,150,natural,20,medium
bench@small,4,25,1,150,natural,20,small
bench@small,4,50,1,150,natural,20,small
bench@small,4,100,1,150,natural,20,small
bench@small,4,150,2,150,natural,20,small
bicycle@large,4,25,20,24,natural,20,large
bicycle@large,4,50,20,24,natural,20,large
bicycle@large,4,100,20,24,natural,20,large
bicycle@large,4,150,20,24,natural,20,large
bicycle@medium,4,25,13,84,natural,20,medium
bicycle@medium,4,50,19,84,natural,20,medium
bicycle@medium,4,100,20,84,natural,20,medium
bicycle@medium,4,150,20,84,natural,20,medium
bicycle@small,4,25,0,150,natural,20,small
bicycle@small,4,50,2,150,natural,20,small
bicycle@small,4,100,2,150,natural,20,small
bicycle@small,4,150,5,150,natural,20,small
bird@large,4,25,20,24,natural,20,large
bird@large,4,50,21,24,natural,20,large
bird@large,4,100,23,24,natural,20,large
bird@large,4,150,31,24,natural,20,large
bird@medium,4,25,17,33,natural,20,medium
bird@medium,4,50,25,33,natural,20,medium
bird@medium,4,100,25,33,natural,20,medium
bird@medium,4,150,25,33,natural,20,medium
bird@small,4,25,3,150,natural,20,small
bird@small,4,50,5,150,natural,20,small
bird@small,4,100,13,150,natural,20,small
bird@small,4,150,15,150,natural,20,small
boat@large,4,25,20,24,natural,20,large
boat@large,4,50,23,24,natural,20,large
boat@large,4,100,23,24,natural,20,large
boat@large,4,150,23,24,natural,20,large
boat@medium,4,25,16,32,natural,20,medium
boat@medium,4,50,22,32,natural,20,medium
boat@medium,4,100,23,32,natural,20,medium
boat@medium,4,150,23,32,natural,20,medium
boat@small,4,25,6,150,natural,20,small
boat@small,4,50,11,150,natural,20,small
boat@small,4,100,13,150,natural,20,small
boat@small,4,150,14,150,natural,20,small
book@large,4,25,21,24,natural,20,large
book@large,4,50,21,24,natural,20,large
book@large,4,100,21,24,natural,20,large
book@large,4,150,21,24,natural,20,large
book@medium,4,25,2,150,natural,20,medium
book@medium,4,50,4,150,natural,20,medium
book@medium,4,100,7,150,natural,20,medium
book@medium,4,150,8,150,natural,20,medium
book@small,4,25,1,150,natural,20,small
book@small,4,50,2,150,natural,20,small
book@small,4,100,2,150,natural,20,small
book@small,4,150,3,150,natural,20,small
bottle@large,4,25,19,28,natural,20,large
bottle@large,4,50,21,28,natural,20,large
bottle@large,4,100,21,28,natural,20,large
bottle@large,4,150,21,28,natural,20,large
bottle@medium,4,25,2,150,natural,20,medium
bottle@medium,4,50,3,150,natural,20,medium
bottle@medium,4,100,6,150,natural,20,medium
bottle@medium,4,150,9,150,natural,20,medium
bottle@small,4,25,2,150,natural,20,small
bottle@small,4,50,2,150,natural,20,small
bottle@small,4,100,2,150,natural,20,small
bottle@small,4,150,2,150,natural,20,small
bowl@large,4,25,5,150,natural,20,large
bowl@large,4,50,6,150,natural,20,large
bowl@large,4,100,10,150,natural,20,large
bowl@large,4,150,11,150,natural,20,large
bowl@medium,4,25,0,150,natural,20,medium
bowl@medium,4,50,1,150,natural,20,medium
bowl@medium,4,100,3,150,natural,20,medium
bowl@medium,4,150,6,150,natural,20,medium
bowl@small,4,25,0,150,natural,20,small
bowl@small,4,50,0,150,natural,20,small
bowl@small,4,100,0,150,natural,20,small
bowl@small,4,150,0,150,natural,20,small
bus@large,4,25,20,24,natural,20,large
bus@large,4,50,20,24,natural,20,large
bus@large,4,100,20,24,natural,20,large
bus@large,4,150,20,24,natural,20,large
bus@medium,4,25,8,150,natural,20,medium
bus@medium,4,50,12,150,natural,20,medium
bus@medium,4,100,16,150,natural,20,medium
bus@medium,4,150,17,150,natural,20,medium
bus@small,4,25,0,150,natural,20,small
bus@small,4,50,1,150,natural,20,small
bus@small,4,100,3,150,natural,20,small
bus@small,4,150,4,150,natural,20,small
cell phone@large,4,25,20,24,natural,20,large
cell phone@large,4,50,20,24,natural,20,large
cell phone@large,4,100,20,24,natural,20,large
cell phone@large,4,150,21,24,natural,20,large
cell phone@medium,4,25,16,42,natural,20,medium
cell phone@medium,4,50,22,42,natural,20,medium
cell phone@medium,4,100,22,42,natural,20,medium
cell phone@medium,4,150,22,42,natural,20,medium
cell phone@small,4,25,2,150,natural,20,small
cell phone@small,4,50,5,150,natural,20,small
cell phone@small,4,100,6,150,natural,20,small
cell phone@small,4,150,7,150,natural,20,small
chair@large,4,25,7,150,natural,20,large
chair@large,4,50,10,150,natural,20,large
chair@large,4,100,16,150,natural,20,large
chair@large,4,150,19,150,natural,20,large
chair@medium,4,25,1,150,natural,20,medium
chair@medium,4,50,1,150,natural,20,medium
chair@medium,4,100,1,150,natural,20,medium
chair@medium,4,150,3,150,natural,20,medium
chair@small,4,25,0,150,natural,20,small
chair@small,4,50,0,150,natural,20,small
chair@small,4,100,0,150,natural,20,small
chair@small,4,150,0,150,natural,20,small
clock@large,4,25,20,24,natural,20,large
clock@large,4,50,22,24,natural,20,large
clock@large,4,100,36,24,natural,20,large
clock@large,4,150,41,24,natural,20,large
clock@medium,4,25,20,24,natural,20,medium
clock@medium,4,50,20,24,natural,20,medium
clock@medium,4,100,20,24,natural,20,medium
clock@medium,4,150,20,24,natural,20,medium
clock@small,4,25,4,150,natural,20,small
clock@small,4,50,5,150,natural,20,small
clock@small,4,100,6,150,natural,20,small
clock@small,4,150,6,150,natural,20,small
dining table@large,4,25,6,150,natural,20,large
dining table@large,4,50,8,150,natural,20,large
dining table@large,4,100,10,150,natural,20,large
dining table@large,4,150,12,150,natural,20,large
dining table@medium,4,25,5,150,natural,20,medium
dining table@medium,4,50,10,150,natural,20,medium
dining table@medium,4,100,12,150,natural,20,medium
dining table@medium,4,150,14,150,natural,20,medium
dining table@small,4,25,0,150,natural,20,small
dining table@small,4,50,1,150,natural,20,small
dining table@small,4,100,2,150,natural,20,small
dining table@small,4,150,2,150,natural,20,small
dog@large,4,25,15,30,natural,20,large
dog@large,4,50,23,30,natural,20,large
dog@large,4,100,23,30,natural,20,large
dog@large,4,150,23,30,natural,20,large
dog@medium,4,25,11,84,natural,20,medium
dog@medium,4,50,18,84,natural,20,medium
dog@medium,4,100,20,84,natural,20,medium
dog@medium,4,150,20,84,natural,20,medium
dog@small,4,25,1,150,natural,20,small
dog@small,4,50,2,150,natural,20,small
dog@small,4,100,4,150,natural,20,small
dog@small,4,150,4,150,natural,20,small
enclosed road vehicle@large,4,25,14,47,natural,20,large
enclosed road vehicle@large,4,50,20,47,natural,20,large
enclosed road vehicle@large,4,100,21,47,natural,20,large
enclosed road vehicle@large,4,150,21,47,natural,20,large
enclosed road vehicle@medium,4,25,2,150,natural,20,medium
enclosed road vehicle@medium,4,50,3,150,natural,20,medium
enclosed road vehicle@medium,4,100,4,150,natural,20,medium
enclosed road vehicle@medium,4,150,5,150,natural,20,medium
enclosed road vehicle@small,4,25,1,150,natural,20,small
enclosed road vehicle@small,4,50,1,150,natural,20,small
enclosed road vehicle@small,4,100,1,150,natural,20,small
enclosed road vehicle@small,4,150,2,150,natural,20,small
fire hydrant@large,4,25,20,24,natural,20,large
fire hydrant@large,4,50,20,24,natural,20,large
fire hydrant@large,4,100,20,24,natural,20,large
fire hydrant@large,4,150,20,24,natural,20,large
fire hydrant@medium,4,25,13,52,natural,20,medium
fire hydrant@medium,4,50,19,52,natural,20,medium
fire hydrant@medium,4,100,23,52,natural,20,medium
fire hydrant@medium,4,150,24,52,natural,20,medium
fire hydrant@small,4,25,1,150,natural,20,small
fire hydrant@small,4,50,1,150,natural,20,small
fire hydrant@small,4,100,3,150,natural,20,small
fire hydrant@small,4,150,3,150,natural,20,small
fork@large,4,25,12,76,natural,20,large
fork@large,4,50,13,76,natural,20,large
fork@large,4,100,20,76,natural,20,large
fork@large,4,150,20,76,natural,20,large
fork@medium,4,25,4,150,natural,20,medium
fork@medium,4,50,6,150,natural,20,medium
fork@medium,4,100,17,150,natural,20,medium
fork@medium,4,150,19,150,natural,20,medium
fork@small,4,25,2,150,natural,20,small
fork@small,4,50,3,150,natural,20,small
fork@small,4,100,5,150,natural,20,small
fork@small,4,150,10,150,natural,20,small
frisbee@large,4,25,20,24,natural,20,large
frisbee@large,4,50,20,24,natural,20,large
frisbee@large,4,100,20,24,natural,20,large
frisbee@large,4,150,20,24,natural,20,large
frisbee@medium,4,25,20,24,natural,20,medium
frisbee@medium,4,50,20,24,natural,20,medium
frisbee@medium,4,100,20,24,natural,20,medium
frisbee@medium,4,150,20,24,natural,20,medium
frisbee@small,4,25,20,24,natural,20,small
frisbee@small,4,50,20,24,natural,20,small
frisbee@small,4,100,20,24,natural,20,small
frisbee@small,4,150,20,24,natural,20,small
keyboard@large,4,25,20,25,natural,20,large
keyboard@large,4,50,20,25,natural,20,large
keyboard@large,4,100,21,25,natural,20,large
keyboard@large,4,150,23,25,natural,20,large
keyboard@medium,4,25,3,150,natural,20,medium
keyboard@medium,4,50,7,150,natural,20,medium
keyboard@medium,4,100,13,150,natural,20,medium
keyboard@medium,4,150,20,150,natural,20,medium
keyboard@small,4,25,0,150,natural,20,small
keyboard@small,4,50,0,150,natural,20,small
keyboard@small,4,100,2,150,natural,20,small
keyboard@small,4,150,3,150,natural,20,small
kite@large,4,25,20,24,natural,20,large
kite@large,4,50,20,24,natural,20,large
kite@large,4,100,20,24,natural,20,large
kite@large,4,150,21,24,natural,20,large
kite@medium,4,25,20,24,natural,20,medium
kite@medium,4,50,20,24,natural,20,medium
kite@medium,4,100,20,24,natural,20,medium
kite@medium,4,150,20,24,natural,20,medium
kite@small,4,25,20,24,natural,20,small
kite@small,4,50,20,24,natural,20,small
kite@small,4,100,20,24,natural,20,small
kite@small,4,150,20,24,natural,20,small
knife@large,4,25,7,150,natural,20,large
knife@large,4,50,12,150,natural,20,large
knife@large,4,100,15,150,natural,20,large
knife@large,4,150,17,150,natural,20,large
knife@medium,4,25,4,150,natural,20,medium
knife@medium,4,50,5,150,natural,20,medium
knife@medium,4,100,6,150,natural,20,medium
knife@medium,4,150,7,150,natural,20,medium
knife@small,4,25,0,150,natural,20,small
knife@small,4,50,0,150,natural,20,small
knife@small,4,100,0,150,natural,20,small
knife@small,4,150,0,150,natural,20,small
laptop@large,4,25,18,28,natural,20,large
laptop@large,4,50,23,28,natural,20,large
laptop@large,4,100,23,28,natural,20,large
laptop@large,4,150,23,28,natural,20,large
laptop@medium,4,25,1,129,natural,20,medium
laptop@medium,4,50,3,129,natural,20,medium
laptop@medium,4,100,13,129,natural,20,medium
laptop@medium,4,150,20,129,natural,20,medium
laptop@small,4,25,0,150,natural,20,small
laptop@small,4,50,0,150,natural,20,small
laptop@small,4,100,0,150,natural,20,small
laptop@small,4,150,1,150,natural,20,small
microwave@large,4,25,20,24,natural,20,large
microwave@large,4,50,20,24,natural,20,large
microwave@large,4,100,20,24,natural,20,large
microwave@large,4,150,20,24,natural,20,large
microwave@medium,4,25,3,150,natural,20,medium
microwave@medium,4,50,9,150,natural,20,medium
microwave@medium,4,100,13,150,natural,20,medium
microwave@medium,4,150,14,150,natural,20,medium
microwave@small,4,25,0,150,natural,20,small
microwave@small,4,50,0,150,natural,20,small
microwave@small,4,100,0,150,natural,20,small
microwave@small,4,150,2,150,natural,20,small
motorcycle@large,4,25,20,24,natural,20,large
motorcycle@large,4,50,21,24,natural,20,large
motorcycle@large,4,100,23,24,natural,20,large
motorcycle@large,4,150,23,24,natural,20,large
motorcycle@medium,4,25,14,53,natural,20,medium
motorcycle@medium,4,50,19,53,natural,20,medium
motorcycle@medium,4,100,20,53,natural,20,medium
motorcycle@medium,4,150,20,53,natural,20,medium
motorcycle@small,4,25,1,150,natural,20,small
motorcycle@small,4,50,2,150,natural,20,small
motorcycle@small,4,100,3,150,natural,20,small
motorcycle@small,4,150,5,150,natural,20,small
mouse@large,4,25,20,24,natural,20,large
mouse@large,4,50,20,24,natural,20,large
mouse@large,4,100,20,24,natural,20,large
mouse@large,4,150,20,24,natural,20,large
mouse@medium,4,25,9,52,natural,20,medium
mouse@medium,4,50,19,52,natural,20,medium
mouse@medium,4,100,20,52,natural,20,medium
mouse@medium,4,150,20,52,natural,20,medium
mouse@small,4,25,0,150,natural,20,small
mouse@small,4,50,1,150,natural,20,small
mouse@small,4,100,9,150,natural,20,small
mouse@small,4,150,12,150,natural,20,small
orange@large,4,25,20,24,natural,20,large
orange@large,4,50,20,24,natural,20,large
orange@large,4,100,20,24,natural,20,large
orange@large,4,150,24,24,natural,20,large
orange@medium,4,25,16,37,natural,20,medium
orange@medium,4,50,20,37,natural,20,medium
orange@medium,4,100,21,37,natural,20,medium
orange@medium,4,150,21,37,natural,20,medium
parking meter@large,4,25,20,24,natural,20,large
parking meter@large,4,50,20,24,natural,20,large
parking meter@large,4,100,20,24,natural,20,large
parking meter@large,4,150,20,24,natural,20,large
parking meter@medium,4,25,14,64,natural,20,medium
parking meter@medium,4,50,18,64,natural,20,medium
parking meter@medium,4,100,20,64,natural,20,medium
parking meter@medium,4,150,20,64,natural,20,medium
parking meter@small,4,25,2,150,natural,20,small
parking meter@small,4,50,3,150,natural,20,small
parking meter@small,4,100,7,150,natural,20,small
parking meter@small,4,150,9,150,natural,20,small
person@large,4,25,12,97,natural,20,large
person@large,4,50,13,97,natural,20,large
person@large,4,100,20,97,natural,20,large
person@large,4,150,23,97,natural,20,large
person@medium,4,25,4,150,natural,20,medium
person@medium,4,50,6,150,natural,20,medium
person@medium,4,100,8,150,natural,20,medium
person@medium,4,150,8,150,natural,20,medium
person@small,4,25,0,150,natural,20,small
person@small,4,50,0,150,natural,20,small
person@small,4,100,0,150,natural,20,small
person@small,4,150,1,150,natural,20,small
remote@large,4,25,21,24,natural,20,large
remote@large,4,50,23,24,natural,20,large
remote@large,4,100,23,24,natural,20,large
remote@large,4,150,23,24,natural,20,large
remote@medium,4,25,5,150,natural,20,medium
remote@medium,4,50,9,150,natural,20,medium
remote@medium,4,100,13,150,natural,20,medium
remote@medium,4,150,15,150,natural,20,medium
remote@small,4,25,0,150,natural,20,small
remote@small,4,50,2,150,natural,20,small
remote@small,4,100,3,150,natural,20,small
remote@small,4,150,5,150,natural,20,small
scissors@large,4,25,20,24,natural,20,large
scissors@large,4,50,20,24,natural,20,large
scissors@large,4,100,21,24,natural,20,large
scissors@large,4,150,21,24,natural,20,large
scissors@medium,4,25,14,48,natural,20,medium
scissors@medium,4,50,20,48,natural,20,medium
scissors@medium,4,100,20,48,natural,20,medium
scissors@medium,4,150,20,48,natural,20,medium
scissors@small,4,25,1,150,natural,20,small
scissors@small,4,50,2,150,natural,20,small
scissors@small,4,100,5,150,natural,20,small
scissors@small,4,150,6,150,natural,20,small
single serving drinking vessel@large,4,25,12,149,natural,20,large
single serving drinking vessel@large,4,50,15,149,natural,20,large
single serving drinking vessel@large,4,100,18,149,natural,20,large
single serving drinking vessel@large,4,150,20,149,natural,20,large
single serving drinking vessel@medium,4,25,10,150,natural,20,medium
single serving drinking vessel@medium,4,50,11,150,natural,20,medium
single serving drinking vessel@medium,4,100,14,150,natural,20,medium
single serving drinking vessel@medium,4,150,17,150,natural,20,medium
single serving drinking vessel@small,4,25,2,150,natural,20,small
single serving drinking vessel@small,4,50,2,150,natural,20,small
single serving drinking vessel@small,4,100,5,150,natural,20,small
single serving drinking vessel@small,4,150,6,150,natural,20,small
sink@large,4,25,17,30,natural,20,large
sink@large,4,50,20,30,natural,20,large
sink@large,4,100,20,30,natural,20,large
sink@large,4,150,20,30,natural,20,large
sink@medium,4,25,5,150,natural,20,medium
sink@medium,4,50,6,150,natural,20,medium
sink@medium,4,100,13,150,natural,20,medium
sink@medium,4,150,17,150,natural,20,medium
sink@small,4,25,2,150,natural,20,small
sink@small,4,50,2,150,natural,20,small
sink@small,4,100,5,150,natural,20,small
sink@small,4,150,7,150,natural,20,small
skateboard@large,4,25,20,24,natural,20,large
skateboard@large,4,50,20,24,natural,20,large
skateboard@large,4,100,20,24,natural,20,large
skateboard@large,4,150,20,24,natural,20,large
skateboard@medium,4,25,20,24,natural,20,medium
skateboard@medium,4,50,20,24,natural,20,medium
skateboard@medium,4,100,20,24,natural,20,medium
skateboard@medium,4,150,20,24,natural,20,medium
skateboard@small,4,25,20,24,natural,20,small
skateboard@small,4,50,20,24,natural,20,small
skateboard@small,4,100,21,24,natural,20,small
skateboard@small,4,150,21,24,natural,20,small
skis@large,4,25,20,24,natural,20,large
skis@large,4,50,29,24,natural,20,large
skis@large,4,100,33,24,natural,20,large
skis@large,4,150,36,24,natural,20,large
skis@medium,4,25,20,25,natural,20,medium
skis@medium,4,50,33,25,natural,20,medium
skis@medium,4,100,38,25,natural,20,medium
skis@medium,4,150,48,25,natural,20,medium
skis@small,4,25,8,51,natural,20,small
skis@small,4,50,19,51,natural,20,small
skis@small,4,100,20,51,natural,20,small
skis@small,4,150,23,51,natural,20,small
snowboard@large,4,25,20,24,natural,20,large
snowboard@large,4,50,20,24,natural,20,large
snowboard@large,4,100,22,24,natural,20,large
snowboard@large,4,150,25,24,natural,20,large
snowboard@medium,4,25,20,24,natural,20,medium
snowboard@medium,4,50,20,24,natural,20,medium
snowboard@medium,4,100,20,24,natural,20,medium
snowboard@medium,4,150,21,24,natural,20,medium
snowboard@small,4,25,13,39,natural,20,small
snowboard@small,4,50,20,39,natural,20,small
snowboard@small,4,100,20,39,natural,20,small
snowboard@small,4,150,22,39,natural,20,small
spoon@large,4,25,7,138,natural,20,large
spoon@large,4,50,12,138,natural,20,large
spoon@large,4,100,16,138,natural,20,large
spoon@large,4,150,20,138,natural,20,large
spoon@medium,4,25,1,150,natural,20,medium
spoon@medium,4,50,4,150,natural,20,medium
spoon@medium,4,100,9,150,natural,20,medium
spoon@medium,4,150,10,150,natural,20,medium
spoon@small,4,25,0,150,natural,20,small
spoon@small,4,50,0,150,natural,20,small
spoon@small,4,100,1,150,natural,20,small
spoon@small,4,150,1,150,natural,20,small
stop sign@large,4,25,20,24,natural,20,large
stop sign@large,4,50,20,24,natural,20,large
stop sign@large,4,100,20,24,natural,20,large
stop sign@large,4,150,20,24,natural,20,large
stop sign@medium,4,25,20,24,natural,20,medium
stop sign@medium,4,50,20,24,natural,20,medium
stop sign@medium,4,100,21,24,natural,20,medium
stop sign@medium,4,150,21,24,natural,20,medium
stop sign@small,4,25,0,150,natural,20,small
stop sign@small,4,50,2,150,natural,20,small
stop sign@small,4,100,3,150,natural,20,small
stop sign@small,4,150,4,150,natural,20,small
surfboard@large,4,25,20,24,natural,20,large
surfboard@large,4,50,20,24,natural,20,large
surfboard@large,4,100,20,24,natural,20,large
surfboard@large,4,150,20,24,natural,20,large
surfboard@medium,4,25,20,24,natural,20,medium
surfboard@medium,4,50,20,24,natural,20,medium
surfboard@medium,4,100,20,24,natural,20,medium
surfboard@medium,4,150,20,24,natural,20,medium
surfboard@small,4,25,19,26,natural,20,small
surfboard@small,4,50,25,26,natural,20,small
surfboard@small,4,100,25,26,natural,20,small
surfboard@small,4,150,25,26,natural,20,small
tennis racket@large,4,25,20,24,natural,20,large
tennis racket@large,4,50,25,24,natural,20,large
tennis racket@large,4,100,25,24,natural,20,large
tennis racket@large,4,150,25,24,natural,20,large
tennis racket@medium,4,25,20,24,natural,20,medium
tennis racket@medium,4,50,20,24,natural,20,medium
tennis racket@medium,4,100,20,24,natural,20,medium
tennis racket@medium,4,150,20,24,natural,20,medium
tennis racket@small,4,25,20,24,natural,20,small
tennis racket@small,4,50,27,24,natural,20,small
tennis racket@small,4,100,27,24,natural,20,small
tennis racket@small,4,150,27,24,natural,20,small
tie@large,4,25,20,24,natural,20,large
tie@large,4,50,20,24,natural,20,large
tie@large,4,100,20,24,natural,20,large
tie@large,4,150,20,24,natural,20,large
tie@medium,4,25,20,24,natural,20,medium
tie@medium,4,50,20,24,natural,20,medium
tie@medium,4,100,20,24,natural,20,medium
tie@medium,4,150,20,24,natural,20,medium
tie@small,4,25,2,150,natural,20,small
tie@small,4,50,4,150,natural,20,small
tie@small,4,100,8,150,natural,20,small
tie@small,4,150,10,150,natural,20,small
toothbrush@large,4,25,20,24,natural,20,large
toothbrush@large,4,50,21,24,natural,20,large
toothbrush@large,4,100,21,24,natural,20,large
toothbrush@large,4,150,21,24,natural,20,large
toothbrush@medium,4,25,20,24,natural,20,medium
toothbrush@medium,4,50,20,24,natural,20,medium
toothbrush@medium,4,100,20,24,natural,20,medium
toothbrush@medium,4,150,20,24,natural,20,medium
toothbrush@small,4,25,7,150,natural,20,small
toothbrush@small,4,50,10,150,natural,20,small
toothbrush@small,4,100,14,150,natural,20,small
toothbrush@small,4,150,15,150,natural,20,small
traffic light@large,4,25,20,24,natural,20,large
traffic light@large,4,50,20,24,natural,20,large
traffic light@large,4,100,20,24,natural,20,large
traffic light@large,4,150,20,24,natural,20,large
traffic light@medium,4,25,18,30,natural,20,medium
traffic light@medium,4,50,20,30,natural,20,medium
traffic light@medium,4,100,21,30,natural,20,medium
traffic light@medium,4,150,23,30,natural,20,medium
traffic light@small,4,25,4,150,natural,20,small
traffic light@small,4,50,5,150,natural,20,small
traffic light@small,4,100,8,150,natural,20,small
traffic light@small,4,150,10,150,natural,20,small
tv@large,4,25,13,32,natural,20,large
tv@large,4,50,21,32,natural,20,large
tv@large,4,100,21,32,natural,20,large
tv@large,4,150,21,32,natural,20,large
tv@medium,4,25,5,150,natural,20,medium
tv@medium,4,50,10,150,natural,20,medium
tv@medium,4,100,14,150,natural,20,medium
tv@medium,4,150,17,150,natural,20,medium
tv@small,4,25,0,150,natural,20,small
tv@small,4,50,0,150,natural,20,small
tv@small,4,100,0,150,natural,20,small
tv@small,4,150,0,150,natural,20,small
umbrella@large,4,25,20,24,natural,20,large
umbrella@large,4,50,21,24,natural,20,large
umbrella@large,4,100,21,24,natural,20,large
umbrella@large,4,150,21,24,natural,20,large
umbrella@medium,4,25,18,33,natural,20,medium
umbrella@medium,4,50,20,33,natural,20,medium
umbrella@medium,4,100,20,33,natural,20,medium
umbrella@medium,4,150,20,33,natural,20,medium
umbrella@small,4,25,1,150,natural,20,small
umbrella@small,4,50,2,150,natural,20,small
umbrella@small,4,100,4,150,natural,20,small
umbrella@small,4,150,7,150,natural,20,small
vase or potted plant@large,4,25,20,24,natural,20,large
vase or potted plant@large,4,50,20,24,natural,20,large
vase or potted plant@large,4,100,20,24,natural,20,large
vase or potted plant@large,4,150,20,24,natural,20,large
vase or potted plant@medium,4,25,4,150,natural,20,medium
vase or potted plant@medium,4,50,5,150,natural,20,medium
vase or potted plant@medium,4,100,10,150,natural,20,medium
vase or potted plant@medium,4,150,12,150,natural,20,medium
vase or potted plant@small,4,25,0,150,natural,20,small
vase or potted plant@small,4,50,0,150,natural,20,small
vase or potted plant@small,4,100,0,150,natural,20,small
vase or potted plant@small,4,150,0,150,natural,20,small
airplane@large,0,25,8,7,natural,3,large
airplane@large,0,50,24,7,natural,3,large
airplane@large,0,100,26,7,natural,3,large
airplane@large,0,150,45,7,natural,3,large
airplane@medium,0,25,4,7,natural,3,medium
airplane@medium,0,50,4,7,natural,3,medium
airplane@medium,0,100,16,7,natural,3,medium
airplane@medium,0,150,17,7,natural,3,medium
airplane@small,0,25,3,7,natural,3,small
airplane@small,0,50,3,7,natural,3,small
airplane@small,0,100,3,7,natural,3,small
airplane@small,0,150,3,7,natural,3,small
apple@large,0,25,3,7,natural,3,large
apple@large,0,50,4,7,natural,3,large
apple@large,0,100,23,7,natural,3,large
apple@large,0,150,29,7,natural,3,large
apple@medium,0,25,4,7,natural,3,medium
apple@medium,0,50,4,7,natural,3,medium
apple@medium,0,100,4,7,natural,3,medium
apple@medium,0,150,4,7,natural,3,medium
bag or luggage@large,0,25,3,7,natural,3,large
bag or luggage@large,0,50,3,7,natural,3,large
bag or luggage@large,0,100,4,7,natural,3,large
bag or luggage@large,0,150,4,7,natural,3,large
bag or luggage@medium,0,25,3,7,natural,3,medium
bag or luggage@medium,0,50,3,7,natural,3,medium
bag or luggage@medium,0,100,4,7,natural,3,medium
bag or luggage@medium,0,150,4,7,natural,3,medium
bag or luggage@small,0,25,0,150,natural,3,small
bag or luggage@small,0,50,0,150,natural,3,small
bag or luggage@small,0,100,0,150,natural,3,small
bag or luggage@small,0,150,2,150,natural,3,small
banana@large,0,25,3,7,natural,3,large
banana@large,0,50,3,7,natural,3,large
banana@large,0,100,3,7,natural,3,large
banana@large,0,150,4,7,natural,3,large
banana@medium,0,25,3,7,natural,3,medium
banana@medium,0,50,3,7,natural,3,medium
banana@medium,0,100,3,7,natural,3,medium
banana@medium,0,150,3,7,natural,3,medium
baseball bat@large,0,25,3,7,natural,3,large
baseball bat@large,0,50,4,7,natural,3,large
baseball bat@large,0,100,5,7,natural,3,large
baseball bat@large,0,150,5,7,natural,3,large
baseball bat@medium,0,25,7,7,natural,3,medium
baseball bat@medium,0,50,19,7,natural,3,medium
baseball bat@medium,0,100,19,7,natural,3,medium
baseball bat@medium,0,150,41,7,natural,3,medium
baseball bat@small,0,25,3,7,natural,3,small
baseball bat@small,0,50,4,7,natural,3,small
baseball bat@small,0,100,14,7,natural,3,small
baseball bat@small,0,150,29,7,natural,3,small
bench@large,0,25,3,7,natural,3,large
bench@large,0,50,3,7,natural,3,large
bench@large,0,100,3,7,natural,3,large
bench@large,0,150,3,7,natural,3,large
bench@medium,0,25,3,9,natural,3,medium
bench@medium,0,50,3,9,natural,3,medium
bench@medium,0,100,3,9,natural,3,medium
bench@medium,0,150,3,9,natural,3,medium
bench@small,0,25,0,150,natural,3,small
bench@small,0,50,0,150,natural,3,small
bench@small,0,100,0,150,natural,3,small
bench@small,0,150,1,150,natural,3,small
bicycle@large,0,25,3,7,natural,3,large
bicycle@large,0,50,3,7,natural,3,large
bicycle@large,0,100,3,7,natural,3,large
bicycle@large,0,150,4,7,natural,3,large
bicycle@medium,0,25,3,8,natural,3,medium
bicycle@medium,0,50,3,8,natural,3,medium
bicycle@medium,0,100,3,8,natural,3,medium
bicycle@medium,0,150,4,8,natural,3,medium
bicycle@small,0,25,2,60,natural,3,small
bicycle@small,0,50,2,60,natural,3,small
bicycle@small,0,100,3,60,natural,3,small
bicycle@small,0,150,3,60,natural,3,small
bird@large,0,25,5,7,natural,3,large
bird@large,0,50,5,7,natural,3,large
bird@large,0,100,5,7,natural,3,large
bird@large,0,150,23,7,natural,3,large
bird@medium,0,25,3,7,natural,3,medium
bird@medium,0,50,3,7,natural,3,medium
bird@medium,0,100,3,7,natural,3,medium
bird@medium,0,150,3,7,natural,3,medium
bird@small,0,25,2,30,natural,3,small
bird@small,0,50,4,30,natural,3,small
bird@small,0,100,5,30,natural,3,small
bird@small,0,150,5,30,natural,3,small
boat@large,0,25,3,7,natural,3,large
boat@large,0,50,3,7,natural,3,large
boat@large,0,100,3,7,natural,3,large
boat@large,0,150,3,7,natural,3,large
boat@medium,0,25,3,7,natural,3,medium
boat@medium,0,50,3,7,natural,3,medium
boat@medium,0,100,4,7,natural,3,medium
boat@medium,0,150,4,7,natural,3,medium
boat@small,0,25,3,7,natural,3,small
boat@small,0,50,3,7,natural,3,small
boat@small,0,100,3,7,natural,3,small
boat@small,0,150,3,7,natural,3,small
book@large,0,25,6,7,natural,3,large
book@large,0,50,6,7,natural,3,large
book@large,0,100,6,7,natural,3,large
book@large,0,150,6,7,natural,3,large
book@medium,0,25,1,67,natural,3,medium
book@medium,0,50,2,67,natural,3,medium
book@medium,0,100,3,67,natural,3,medium
book@medium,0,150,3,67,natural,3,medium
book@small,0,25,0,150,natural,3,small
book@small,0,50,0,150,natural,3,small
book@small,0,100,0,150,natural,3,small
book@small,0,150,0,150,natural,3,small
bottle@large,0,25,3,7,natural,3,large
bottle@large,0,50,3,7,natural,3,large
bottle@large,0,100,3,7,natural,3,large
bottle@large,0,150,4,7,natural,3,large
bottle@medium,0,25,1,82,natural,3,medium
bottle@medium,0,50,2,82,natural,3,medium
bottle@medium,0,100,3,82,natural,3,medium
bottle@medium,0,150,4,82,natural,3,medium
bottle@small,0,25,1,150,natural,3,small
bottle@small,0,50,1,150,natural,3,small
bottle@small,0,100,1,150,natural,3,small
bottle@small,0,150,1,150,natural,3,small
bowl@large,0,25,3,7,natural,3,large
bowl@large,0,50,3,7,natural,3,large
bowl@large,0,100,5,7,natural,3,large
bowl@large,0,150,5,7,natural,3,large
bowl@medium,0,25,0,83,natural,3,medium
bowl@medium,0,50,1,83,natural,3,medium
bowl@medium,0,100,3,83,natural,3,medium
bowl@medium,0,150,4,83,natural,3,medium
bowl@small,0,25,0,150,natural,3,small
bowl@small,0,50,0,150,natural,3,small
bowl@small,0,100,0,150,natural,3,small
bowl@small,0,150,0,150,natural,3,small
bus@large,0,25,3,7,natural,3,large
bus@large,0,50,3,7,natural,3,large
bus@large,0,100,3,7,natural,3,large
bus@large,0,150,3,7,natural,3,large
bus@medium,0,25,3,7,natural,3,medium
bus@medium,0,50,3,7,natural,3,medium
bus@medium,0,100,3,7,natural,3,medium
bus@medium,0,150,3,7,natural,3,medium
bus@small,0,25,1,53,natural,3,small
bus@small,0,50,1,53,natural,3,small
bus@small,0,100,3,53,natural,3,small
bus@small,0,150,3,53,natural,3,small
cell phone@large,0,25,4,7,natural,3,large
cell phone@large,0,50,4,7,natural,3,large
cell phone@large,0,100,4,7,natural,3,large
cell phone@large,0,150,4,7,natural,3,large
cell phone@medium,0,25,3,7,natural,3,medium
cell phone@medium,0,50,3,7,natural,3,medium
cell phone@medium,0,100,5,7,natural,3,medium
cell phone@medium,0,150,6,7,natural,3,medium
cell phone@small,0,25,1,31,natural,3,small
cell phone@small,0,50,3,31,natural,3,small
cell phone@small,0,100,3,31,natural,3,small
cell phone@small,0,150,3,31,natural,3,small
chair@large,0,25,3,9,natural,3,large
chair@large,0,50,4,9,natural,3,large
chair@large,0,100,4,9,natural,3,large
chair@large,0,150,4,9,natural,3,large
chair@medium,0,25,1,116,natural,3,medium
chair@medium,0,50,2,116,natural,3,medium
chair@medium,0,100,2,116,natural,3,medium
chair@medium,0,150,3,116,natural,3,medium
chair@small,0,25,0,150,natural,3,small
chair@small,0,50,0,150,natural,3,small
chair@small,0,100,0,150,natural,3,small
chair@small,0,150,0,150,natural,3,small
clock@large,0,25,3,7,natural,3,large
clock@large,0,50,3,7,natural,3,large
clock@large,0,100,3,7,natural,3,large
clock@large,0,150,11,7,natural,3,large
clock@medium,0,25,3,7,natural,3,medium
clock@medium,0,50,3,7,natural,3,medium
clock@medium,0,100,3,7,natural,3,medium
clock@medium,0,150,3,7,natural,3,medium
clock@small,0,25,3,7,natural,3,small
clock@small,0,50,3,7,natural,3,small
clock@small,0,100,3,7,natural,3,small
clock@small,0,150,3,7,natural,3,small
dining table@large,0,25,3,11,natural,3,large
dining table@large,0,50,4,11,natural,3,large
dining table@large,0,100,4,11,natural,3,large
dining table@large,0,150,4,11,natural,3,large
dining table@medium,0,25,4,11,natural,3,medium
dining table@medium,0,50,4,11,natural,3,medium
dining table@medium,0,100,4,11,natural,3,medium
dining table@medium,0,150,5,11,natural,3,medium
dining table@small,0,25,0,42,natural,3,small
dining table@small,0,50,3,42,natural,3,small
dining table@small,0,100,3,42,natural,3,small
dining table@small,0,150,3,42,natural,3,small
dog@large,0,25,3,7,natural,3,large
dog@large,0,50,3,7,natural,3,large
dog@large,0,100,3,7,natural,3,large
dog@large,0,150,3,7,natural,3,large
dog@medium,0,25,3,10,natural,3,medium
dog@medium,0,50,3,10,natural,3,medium
dog@medium,0,100,3,10,natural,3,medium
dog@medium,0,150,4,10,natural,3,medium
dog@small,0,25,0,78,natural,3,small
dog@small,0,50,1,78,natural,3,small
dog@small,0,100,3,78,natural,3,small
dog@small,0,150,4,78,natural,3,small
enclosed road vehicle@large,0,25,3,7,natural,3,large
enclosed road vehicle@large,0,50,3,7,natural,3,large
enclosed road vehicle@large,0,100,3,7,natural,3,large
enclosed road vehicle@large,0,150,3,7,natural,3,large
enclosed road vehicle@medium,0,25,1,32,natural,3,medium
enclosed road vehicle@medium,0,50,3,32,natural,3,medium
enclosed road vehicle@medium,0,100,4,32,natural,3,medium
enclosed road vehicle@medium,0,150,5,32,natural,3,medium
enclosed road vehicle@small,0,25,0,65,natural,3,small
enclosed road vehicle@small,0,50,1,65,natural,3,small
enclosed road vehicle@small,0,100,3,65,natural,3,small
enclosed road vehicle@small,0,150,3,65,natural,3,small
fire hydrant@large,0,25,3,7,natural,3,large
fire hydrant@large,0,50,6,7,natural,3,large
fire hydrant@large,0,100,15,7,natural,3,large
fire hydrant@large,0,150,19,7,natural,3,large
fire hydrant@medium,0,25,3,7,natural,3,medium
fire hydrant@medium,0,50,3,7,natural,3,medium
fire hydrant@medium,0,100,3,7,natural,3,medium
fire hydrant@medium,0,150,3,7,natural,3,medium
fire hydrant@small,0,25,0,74,natural,3,small
fire hydrant@small,0,50,1,74,natural,3,small
fire hydrant@small,0,100,3,74,natural,3,small
fire hydrant@small,0,150,3,74,natural,3,small
fork@large,0,25,3,7,natural,3,large
fork@large,0,50,3,7,natural,3,large
fork@large,0,100,3,7,natural,3,large
fork@large,0,150,4,7,natural,3,large
fork@medium,0,25,3,7,natural,3,medium
fork@medium,0,50,4,7,natural,3,medium
fork@medium,0,100,4,7,natural,3,medium
fork@medium,0,150,4,7,natural,3,medium
fork@small,0,25,1,104,natural,3,small
fork@small,0,50,1,104,natural,3,small
fork@small,0,100,2,104,natural,3,small
fork@small,0,150,3,104,natural,3,small
frisbee@large,0,25,4,7,natural,3,large
frisbee@large,0,50,4,7,natural,3,large
frisbee@large,0,100,5,7,natural,3,large
frisbee@large,0,150,5,7,natural,3,large
frisbee@medium,0,25,3,7,natural,3,medium
frisbee@medium,0,50,4,7,natural,3,medium
frisbee@medium,0,100,4,7,natural,3,medium
frisbee@medium,0,150,4,7,natural,3,medium
frisbee@small,0,25,3,7,natural,3,small
frisbee@small,0,50,3,7,natural,3,small
frisbee@small,0,100,3,7,natural,3,small
frisbee@small,0,150,3,7,natural,3,small
keyboard@large,0,25,3,7,natural,3,large
keyboard@large,0,50,3,7,natural,3,large
keyboard@large,0,100,3,7,natural,3,large
keyboard@large,0,150,3,7,natural,3,large
keyboard@medium,0,25,3,18,natural,3,medium
keyboard@medium,0,50,3,18,natural,3,medium
keyboard@medium,0,100,3,18,natural,3,medium
keyboard@medium,0,150,4,18,natural,3,medium
keyboard@small,0,25,0,150,natural,3,small
keyboard@small,0,50,0,150,natural,3,small
keyboard@small,0,100,0,150,natural,3,small
keyboard@small,0,150,2,150,natural,3,small
kite@large,0,25,3,7,natural,3,large
kite@large,0,50,3,7,natural,3,large
kite@large,0,100,4,7,natural,3,large
kite@large,0,150,4,7,natural,3,large
kite@medium,0,25,3,7,natural,3,medium
kite@medium,0,50,3,7,natural,3,medium
kite@medium,0,100,4,7,natural,3,medium
kite@medium,0,150,4,7,natural,3,medium
kite@small,0,25,3,7,natural,3,small
kite@small,0,50,3,7,natural,3,small
kite@small,0,100,3,7,natural,3,small
kite@small,0,150,3,7,natural,3,small
knife@large,0,25,3,7,natural,3,large
knife@large,0,50,3,7,natural,3,large
knife@large,0,100,3,7,natural,3,large
knife@large,0,150,5,7,natural,3,large
knife@medium,0,25,2,50,natural,3,medium
knife@medium,0,50,3,50,natural,3,medium
knife@medium,0,100,5,50,natural,3,medium
knife@medium,0,150,5,50,natural,3,medium
knife@small,0,25,0,150,natural,3,small
knife@small,0,50,0,150,natural,3,small
knife@small,0,100,0,150,natural,3,small
knife@small,0,150,0,150,natural,3,small
laptop@large,0,25,4,7,natural,3,large
laptop@large,0,50,4,7,natural,3,large
laptop@large,0,100,5,7,natural,3,large
laptop@large,0,150,7,7,natural,3,large
laptop@medium,0,25,3,16,natural,3,medium
laptop@medium,0,50,3,16,natural,3,medium
laptop@medium,0,100,4,16,natural,3,medium
laptop@medium,0,150,4,16,natural,3,medium
laptop@small,0,25,0,150,natural,3,small
laptop@small,0,50,0,150,natural,3,small
laptop@small,0,100,0,150,natural,3,small
laptop@small,0,150,1,150,natural,3,small
microwave@large,0,25,3,7,natural,3,large
microwave@large,0,50,3,7,natural,3,large
microwave@large,0,100,3,7,natural,3,large
microwave@large,0,150,4,7,natural,3,large
microwave@medium,0,25,3,17,natural,3,medium
microwave@medium,0,50,3,17,natural,3,medium
microwave@medium,0,100,3,17,natural,3,medium
microwave@medium,0,150,4,17,natural,3,medium
microwave@small,0,25,0,127,natural,3,small
microwave@small,0,50,0,127,natural,3,small
microwave@small,0,100,1,127,natural,3,small
microwave@small,0,150,4,127,natural,3,small
motorcycle@large,0,25,3,7,natural,3,large
motorcycle@large,0,50,3,7,natural,3,large
motorcycle@large,0,100,14,7,natural,3,large
motorcycle@large,0,150,15,7,natural,3,large
motorcycle@medium,0,25,4,7,natural,3,medium
motorcycle@medium,0,50,4,7,natural,3,medium
motorcycle@medium,0,100,4,7,natural,3,medium
motorcycle@medium,0,150,4,7,natural,3,medium
motorcycle@small,0,25,1,141,natural,3,small
motorcycle@small,0,50,1,141,natural,3,small
motorcycle@small,0,100,2,141,natural,3,small
motorcycle@small,0,150,4,141,natural,3,small
mouse@large,0,25,3,7,natural,3,large
mouse@large,0,50,3,7,natural,3,large
mouse@large,0,100,5,7,natural,3,large
mouse@large,0,150,6,7,natural,3,large
mouse@medium,0,25,3,7,natural,3,medium
mouse@medium,0,50,3,7,natural,3,medium
mouse@medium,0,100,3,7,natural,3,medium
mouse@medium,0,150,3,7,natural,3,medium
mouse@small,0,25,0,54,natural,3,small
mouse@small,0,50,2,54,natural,3,small
mouse@small,0,100,3,54,natural,3,small
mouse@small,0,150,4,54,natural,3,small
orange@large,0,25,6,7,natural,3,large
orange@large,0,50,7,7,natural,3,large
orange@large,0,100,8,7,natural,3,large
orange@large,0,150,9,7,natural,3,large
orange@medium,0,25,3,7,natural,3,medium
orange@medium,0,50,3,7,natural,3,medium
orange@medium,0,100,3,7,natural,3,medium
orange@medium,0,150,4,7,natural,3,medium
parking meter@large,0,25,3,7,natural,3,large
parking meter@large,0,50,3,7,natural,3,large
parking meter@large,0,100,3,7,natural,3,large
parking meter@large,0,150,3,7,natural,3,large
parking meter@medium,0,25,3,7,natural,3,medium
parking meter@medium,0,50,4,7,natural,3,medium
parking meter@medium,0,100,4,7,natural,3,medium
parking meter@medium,0,150,5,7,natural,3,medium
parking meter@small,0,25,4,7,natural,3,small
parking meter@small,0,50,4,7,natural,3,small
parking meter@small,0,100,4,7,natural,3,small
parking meter@small,0,150,4,7,natural,3,small
person@large,0,25,3,7,natural,3,large
person@large,0,50,3,7,natural,3,large
person@large,0,100,3,7,natural,3,large
person@large,0,150,3,7,natural,3,large
person@medium,0,25,2,31,natural,3,medium
person@medium,0,50,3,31,natural,3,medium
person@medium,0,100,4,31,natural,3,medium
person@medium,0,150,5,31,natural,3,medium
person@small,0,25,0,150,natural,3,small
person@small,0,50,0,150,natural,3,small
person@small,0,100,0,150,natural,3,small
person@small,0,150,0,150,natural,3,small
remote@large,0,25,3,7,natural,3,large
remote@large,0,50,3,7,natural,3,large
remote@large,0,100,3,7,natural,3,large
remote@large,0,150,3,7,natural,3,large
remote@medium,0,25,3,7,natural,3,medium
remote@medium,0,50,5,7,natural,3,medium
remote@medium,0,100,6,7,natural,3,medium
remote@medium,0,150,6,7,natural,3,medium
remote@small,0,25,0,31,natural,3,small
remote@small,0,50,4,31,natural,3,small
remote@small,0,100,4,31,natural,3,small
remote@small,0,150,5,31,natural,3,small
scissors@large,0,25,5,7,natural,3,large
scissors@large,0,50,18,7,natural,3,large
scissors@large,0,100,20,7,natural,3,large
scissors@large,0,150,30,7,natural,3,large
scissors@medium,0,25,3,7,natural,3,medium
scissors@medium,0,50,3,7,natural,3,medium
scissors@medium,0,100,4,7,natural,3,medium
scissors@medium,0,150,4,7,natural,3,medium
scissors@small,0,25,1,76,natural,3,small
scissors@small,0,50,1,76,natural,3,small
scissors@small,0,100,4,76,natural,3,small
scissors@small,0,150,4,76,natural,3,small
single serving drinking vessel@large,0,25,5,7,natural,3,large
single serving drinking vessel@large,0,50,6,7,natural,3,large
single serving drinking vessel@large,0,100,6,7,natural,3,large
single serving drinking vessel@large,0,150,6,7,natural,3,large
single serving drinking vessel@medium,0,25,3,7,natural,3,medium
single serving drinking vessel@medium,0,50,4,7,natural,3,medium
single serving drinking vessel@medium,0,100,5,7,natural,3,medium
single serving drinking vessel@medium,0,150,5,7,natural,3,medium
single serving drinking vessel@small,0,25,0,150,natural,3,small
single serving drinking vessel@small,0,50,1,150,natural,3,small
single serving drinking vessel@small,0,100,1,150,natural,3,small
single serving drinking vessel@small,0,150,2,150,natural,3,small
sink@large,0,25,3,7,natural,3,large
sink@large,0,50,3,7,natural,3,large
sink@large,0,100,3,7,natural,3,large
sink@large,0,150,4,7,natural,3,large
sink@medium,0,25,3,16,natural,3,medium
sink@medium,0,50,3,16,natural,3,medium
sink@medium,0,100,4,16,natural,3,medium
sink@medium,0,150,4,16,natural,3,medium
sink@small,0,25,1,142,natural,3,small
sink@small,0,50,1,142,natural,3,small
sink@small,0,100,1,142,natural,3,small
sink@small,0,150,3,142,natural,3,small
skateboard@large,0,25,3,7,natural,3,large
skateboard@large,0,50,3,7,natural,3,large
skateboard@large,0,100,3,7,natural,3,large
skateboard@large,0,150,3,7,natural,3,large
skateboard@medium,0,25,3,7,natural,3,medium
skateboard@medium,0,50,3,7,natural,3,medium
skateboard@medium,0,100,14,7,natural,3,medium
skateboard@medium,0,150,31,7,natural,3,medium
skateboard@small,0,25,3,7,natural,3,small
skateboard@small,0,50,3,7,natural,3,small
skateboard@small,0,100,3,7,natural,3,small
skateboard@small,0,150,3,7,natural,3,small
skis@large,0,25,8,7,natural,3,large
skis@large,0,50,16,7,natural,3,large
skis@large,0,100,30,7,natural,3,large
skis@large,0,150,34,7,natural,3,large
skis@medium,0,25,6,7,natural,3,medium
skis@medium,0,50,8,7,natural,3,medium
skis@medium,0,100,15,7,natural,3,medium
skis@medium,0,150,36,7,natural,3,medium
skis@small,0,25,4,13,natural,3,small
skis@small,0,50,4,13,natural,3,small
skis@small,0,100,8,13,natural,3,small
skis@small,0,150,37,13,natural,3,small
snowboard@large,0,25,3,7,natural,3,large
snowboard@large,0,50,4,7,natural,3,large
snowboard@large,0,100,4,7,natural,3,large
snowboard@large,0,150,4,7,natural,3,large
snowboard@medium,0,25,4,7,natural,3,medium
snowboard@medium,0,50,10,7,natural,3,medium
snowboard@medium,0,100,10,7,natural,3,medium
snowboard@medium,0,150,20,7,natural,3,medium
snowboard@small,0,25,4,7,natural,3,small
snowboard@small,0,50,4,7,natural,3,small
snowboard@small,0,100,5,7,natural,3,small
snowboard@small,0,150,7,7,natural,3,small
spoon@large,0,25,4,7,natural,3,large
spoon@large,0,50,4,7,natural,3,large
spoon@large,0,100,6,7,natural,3,large
spoon@large,0,150,6,7,natural,3,large
spoon@medium,0,25,1,70,natural,3,medium
spoon@medium,0,50,2,70,natural,3,medium
spoon@medium,0,100,3,70,natural,3,medium
spoon@medium,0,150,3,70,natural,3,medium
spoon@small,0,25,0,150,natural,3,small
spoon@small,0,50,0,150,natural,3,small
spoon@small,0,100,0,150,natural,3,small
spoon@small,0,150,1,150,natural,3,small
stop sign@large,0,25,3,7,natural,3,large
stop sign@large,0,50,3,7,natural,3,large
stop sign@large,0,100,3,7,natural,3,large
stop sign@large,0,150,3,7,natural,3,large
stop sign@medium,0,25,3,7,natural,3,medium
stop sign@medium,0,50,4,7,natural,3,medium
stop sign@medium,0,100,5,7,natural,3,medium
stop sign@medium,0,150,5,7,natural,3,medium
stop sign@small,0,25,0,150,natural,3,small
stop sign@small,0,50,0,150,natural,3,small
stop sign@small,0,100,0,150,natural,3,small
stop sign@small,0,150,2,150,natural,3,small
surfboard@large,0,25,7,7,natural,3,large
surfboard@large,0,50,7,7,natural,3,large
surfboard@large,0,100,8,7,natural,3,large
surfboard@large,0,150,8,7,natural,3,large
surfboard@medium,0,25,3,7,natural,3,medium
surfboard@medium,0,50,3,7,natural,3,medium
surfboard@medium,0,100,3,7,natural,3,medium
surfboard@medium,0,150,6,7,natural,3,medium
surfboard@small,0,25,3,7,natural,3,small
surfboard@small,0,50,11,7,natural,3,small
surfboard@small,0,100,14,7,natural,3,small
surfboard@small,0,150,24,7,natural,3,small
tennis racket@large,0,25,3,7,natural,3,large
tennis racket@large,0,50,8,7,natural,3,large
tennis racket@large,0,100,30,7,natural,3,large
tennis racket@large,0,150,36,7,natural,3,large
tennis racket@medium,0,25,3,7,natural,3,medium
tennis racket@medium,0,50,3,7,natural,3,medium
tennis racket@medium,0,100,12,7,natural,3,medium
tennis racket@medium,0,150,15,7,natural,3,medium
tennis racket@small,0,25,3,7,natural,3,small
tennis racket@small,0,50,12,7,natural,3,small
tennis racket@small,0,100,35,7,natural,3,small
tennis racket@small,0,150,48,7,natural,3,small
tie@large,0,25,4,7,natural,3,large
tie@large,0,50,4,7,natural,3,large
tie@large,0,100,4,7,natural,3,large
tie@large,0,150,4,7,natural,3,large
tie@medium,0,25,3,7,natural,3,medium
tie@medium,0,50,3,7,natural,3,medium
tie@medium,0,100,3,7,natural,3,medium
tie@medium,0,150,3,7,natural,3,medium
tie@small,0,25,2,28,natural,3,small
tie@small,0,50,3,28,natural,3,small
tie@small,0,100,4,28,natural,3,small
tie@small,0,150,4,28,natural,3,small
toothbrush@large,0,25,6,7,natural,3,large
toothbrush@large,0,50,14,7,natural,3,large
toothbrush@large,0,100,19,7,natural,3,large
toothbrush@large,0,150,24,7,natural,3,large
toothbrush@medium,0,25,3,7,natural,3,medium
toothbrush@medium,0,50,3,7,natural,3,medium
toothbrush@medium,0,100,3,7,natural,3,medium
toothbrush@medium,0,150,3,7,natural,3,medium
toothbrush@small,0,25,3,16,natural,3,small
toothbrush@small,0,50,4,16,natural,3,small
toothbrush@small,0,100,4,16,natural,3,small
toothbrush@small,0,150,4,16,natural,3,small
traffic light@large,0,25,3,7,natural,3,large
traffic light@large,0,50,3,7,natural,3,large
traffic light@large,0,100,3,7,natural,3,large
traffic light@large,0,150,3,7,natural,3,large
traffic light@medium,0,25,3,7,natural,3,medium
traffic light@medium,0,50,3,7,natural,3,medium
traffic light@medium,0,100,3,7,natural,3,medium
traffic light@medium,0,150,5,7,natural,3,medium
traffic light@small,0,25,3,15,natural,3,small
traffic light@small,0,50,3,15,natural,3,small
traffic light@small,0,100,3,15,natural,3,small
traffic light@small,0,150,3,15,natural,3,small
tv@large,0,25,3,7,natural,3,large
tv@large,0,50,3,7,natural,3,large
tv@large,0,100,3,7,natural,3,large
tv@large,0,150,3,7,natural,3,large
tv@medium,0,25,3,7,natural,3,medium
tv@medium,0,50,3,7,natural,3,medium
tv@medium,0,100,5,7,natural,3,medium
tv@medium,0,150,5,7,natural,3,medium
tv@small,0,25,0,150,natural,3,small
tv@small,0,50,0,150,natural,3,small
tv@small,0,100,1,150,natural,3,small
tv@small,0,150,2,150,natural,3,small
umbrella@large,0,25,3,7,natural,3,large
umbrella@large,0,50,3,7,natural,3,large
umbrella@large,0,100,3,7,natural,3,large
umbrella@large,0,150,3,7,natural,3,large
umbrella@medium,0,25,3,7,natural,3,medium
umbrella@medium,0,50,3,7,natural,3,medium
umbrella@medium,0,100,3,7,natural,3,medium
umbrella@medium,0,150,3,7,natural,3,medium
umbrella@small,0,25,2,50,natural,3,small
umbrella@small,0,50,3,50,natural,3,small
umbrella@small,0,100,5,50,natural,3,small
umbrella@small,0,150,5,50,natural,3,small
vase or potted plant@large,0,25,3,7,natural,3,large
vase or potted plant@large,0,50,3,7,natural,3,large
vase or potted plant@large,0,100,3,7,natural,3,large
vase or potted plant@large,0,150,3,7,natural,3,large
vase or potted plant@medium,0,25,3,7,natural,3,medium
vase or potted plant@medium,0,50,3,7,natural,3,medium
vase or potted plant@medium,0,100,3,7,natural,3,medium
vase or potted plant@medium,0,150,3,7,natural,3,medium
vase or potted plant@small,0,25,0,150,natural,3,small
vase or potted plant@small,0,50,0,150,natural,3,small
vase or potted plant@small,0,100,0,150,natural,3,small
vase or potted plant@small,0,150,1,150,natural,3,small
airplane@large,1,25,3,7,natural,3,large
airplane@large,1,50,14,7,natural,3,large
airplane@large,1,100,20,7,natural,3,large
airplane@large,1,150,43,7,natural,3,large
airplane@medium,1,25,10,7,natural,3,medium
airplane@medium,1,50,18,7,natural,3,medium
airplane@medium,1,100,35,7,natural,3,medium
airplane@medium,1,150,49,7,natural,3,medium
airplane@small,1,25,3,7,natural,3,small
airplane@small,1,50,3,7,natural,3,small
airplane@small,1,100,3,7,natural,3,small
airplane@small,1,150,3,7,natural,3,small
apple@large,1,25,6,7,natural,3,large
apple@large,1,50,6,7,natural,3,large
apple@large,1,100,7,7,natural,3,large
apple@large,1,150,9,7,natural,3,large
apple@medium,1,25,3,7,natural,3,medium
apple@medium,1,50,3,7,natural,3,medium
apple@medium,1,100,4,7,natural,3,medium
apple@medium,1,150,4,7,natural,3,medium
bag or luggage@large,1,25,4,7,natural,3,large
bag or luggage@large,1,50,4,7,natural,3,large
bag or luggage@large,1,100,4,7,natural,3,large
bag or luggage@large,1,150,4,7,natural,3,large
bag or luggage@medium,1,25,3,7,natural,3,medium
bag or luggage@medium,1,50,3,7,natural,3,medium
bag or luggage@medium,1,100,3,7,natural,3,medium
bag or luggage@medium,1,150,3,7,natural,3,medium
bag or luggage@small,1,25,0,150,natural,3,small
bag or luggage@small,1,50,0,150,natural,3,small
bag or luggage@small,1,100,0,150,natural,3,small
bag or luggage@small,1,150,1,150,natural,3,small
banana@large,1,25,3,7,natural,3,large
banana@large,1,50,4,7,natural,3,large
banana@large,1,100,5,7,natural,3,large
banana@large,1,150,5,7,natural,3,large
banana@medium,1,25,3,7,natural,3,medium
banana@medium,1,50,3,7,natural,3,medium
banana@medium,1,100,3,7,natural,3,medium
banana@medium,1,150,3,7,natural,3,medium
baseball bat@large,1,25,6,7,natural,3,large
baseball bat@large,1,50,7,7,natural,3,large
baseball bat@large,1,100,8,7,natural,3,large
baseball bat@large,1,150,25,7,natural,3,large
baseball bat@medium,1,25,3,7,natural,3,medium
baseball bat@medium,1,50,12,7,natural,3,medium
baseball bat@medium,1,100,28,7,natural,3,medium
baseball bat@medium,1,150,34,7,natural,3,medium
baseball bat@small,1,25,17,7,natural,3,small
baseball bat@small,1,50,36,7,natural,3,small
baseball bat@small,1,100,36,7,natural,3,small
baseball bat@small,1,150,36,7,natural,3,small
bench@large,1,25,3,7,natural,3,large
bench@large,1,50,3,7,natural,3,large
bench@large,1,100,3,7,natural,3,large
bench@large,1,150,3,7,natural,3,large
bench@medium,1,25,3,7,natural,3,medium
bench@medium,1,50,3,7,natural,3,medium
bench@medium,1,100,3,7,natural,3,medium
bench@medium,1,150,3,7,natural,3,medium
bench@small,1,25,1,150,natural,3,small
bench@small,1,50,1,150,natural,3,small
bench@small,1,100,1,150,natural,3,small
bench@small,1,150,1,150,natural,3,small
bicycle@large,1,25,3,7,natural,3,large
bicycle@large,1,50,3,7,natural,3,large
bicycle@large,1,100,3,7,natural,3,large
bicycle@large,1,150,3,7,natural,3,large
bicycle@medium,1,25,3,9,natural,3,medium
bicycle@medium,1,50,4,9,natural,3,medium
bicycle@medium,1,100,4,9,natural,3,medium
bicycle@medium,1,150,4,9,natural,3,medium
bicycle@small,1,25,1,46,natural,3,small
bicycle@small,1,50,3,46,natural,3,small
bicycle@small,1,100,3,46,natural,3,small
bicycle@small,1,150,4,46,natural,3,small
bird@large,1,25,11,7,natural,3,large
bird@large,1,50,12,7,natural,3,large
bird@large,1,100,12,7,natural,3,large
bird@large,1,150,12,7,natural,3,large
bird@medium,1,25,3,7,natural,3,medium
bird@medium,1,50,3,7,natural,3,medium
bird@medium,1,100,4,7,natural,3,medium
bird@medium,1,150,4,7,natural,3,medium
bird@small,1,25,3,25,natural,3,small
bird@small,1,50,3,25,natural,3,small
bird@small,1,100,5,25,natural,3,small
bird@small,1,150,5,25,natural,3,small
boat@large,1,25,5,7,natural,3,large
boat@large,1,50,5,7,natural,3,large
boat@large,1,100,5,7,natural,3,large
boat@large,1,150,5,7,natural,3,large
boat@medium,1,25,5,7,natural,3,medium
boat@medium,1,50,5,7,natural,3,medium
boat@medium,1,100,5,7,natural,3,medium
boat@medium,1,150,5,7,natural,3,medium
boat@small,1,25,4,7,natural,3,small
boat@small,1,50,4,7,natural,3,small
boat@small,1,100,5,7,natural,3,small
boat@small,1,150,5,7,natural,3,small
book@large,1,25,3,7,natural,3,large
book@large,1,50,3,7,natural,3,large
book@large,1,100,3,7,natural,3,large
book@large,1,150,3,7,natural,3,large
book@medium,1,25,0,150,natural,3,medium
book@medium,1,50,1,150,natural,3,medium
book@medium,1,100,2,150,natural,3,medium
book@medium,1,150,2,150,natural,3,medium
book@small,1,25,1,123,natural,3,small
book@small,1,50,2,123,natural,3,small
book@small,1,100,2,123,natural,3,small
book@small,1,150,3,123,natural,3,small
bottle@large,1,25,3,7,natural,3,large
bottle@large,1,50,3,7,natural,3,large
bottle@large,1,100,3,7,natural,3,large
bottle@large,1,150,3,7,natural,3,large
bottle@medium,1,25,1,77,natural,3,medium
bottle@medium,1,50,2,77,natural,3,medium
bottle@medium,1,100,3,77,natural,3,medium
bottle@medium,1,150,4,77,natural,3,medium
bottle@small,1,25,0,150,natural,3,small
bottle@small,1,50,0,150,natural,3,small
bottle@small,1,100,0,150,natural,3,small
bottle@small,1,150,0,150,natural,3,small
bowl@large,1,25,3,8,natural,3,large
bowl@large,1,50,3,8,natural,3,large
bowl@large,1,100,3,8,natural,3,large
bowl@large,1,150,5,8,natural,3,large
bowl@medium,1,25,1,65,natural,3,medium
bowl@medium,1,50,2,65,natural,3,medium
bowl@medium,1,100,3,65,natural,3,medium
bowl@medium,1,150,4,65,natural,3,medium
bowl@small,1,25,0,150,natural,3,small
bowl@small,1,50,0,150,natural,3,small
bowl@small,1,100,0,150,natural,3,small
bowl@small,1,150,0,150,natural,3,small
bus@large,1,25,3,7,natural,3,large
bus@large,1,50,3,7,natural,3,large
bus@large,1,100,3,7,natural,3,large
bus@large,1,150,4,7,natural,3,large
bus@medium,1,25,4,7,natural,3,medium
bus@medium,1,50,4,7,natural,3,medium
bus@medium,1,100,4,7,natural,3,medium
bus@medium,1,150,4,7,natural,3,medium
bus@small,1,25,1,120,natural,3,small
bus@small,1,50,2,120,natural,3,small
bus@small,1,100,2,120,natural,3,small
bus@small,1,150,3,120,natural,3,small
cell phone@large,1,25,3,7,natural,3,large
cell phone@large,1,50,3,7,natural,3,large
cell phone@large,1,100,3,7,natural,3,large
cell phone@large,1,150,6,7,natural,3,large
cell phone@medium,1,25,3,7,natural,3,medium
cell phone@medium,1,50,3,7,natural,3,medium
cell phone@medium,1,100,3,7,natural,3,medium
cell phone@medium,1,150,3,7,natural,3,medium
cell phone@small,1,25,3,24,natural,3,small
cell phone@small,1,50,3,24,natural,3,small
cell phone@small,1,100,4,24,natural,3,small
cell phone@small,1,150,5,24,natural,3,small
chair@large,1,25,3,7,natural,3,large
chair@large,1,50,3,7,natural,3,large
chair@large,1,100,3,7,natural,3,large
chair@large,1,150,3,7,natural,3,large
chair@medium,1,25,1,75,natural,3,medium
chair@medium,1,50,1,75,natural,3,medium
chair@medium,1,100,3,75,natural,3,medium
chair@medium,1,150,3,75,natural,3,medium
chair@small,1,25,0,150,natural,3,small
chair@small,1,50,0,150,natural,3,small
chair@small,1,100,0,150,natural,3,small
chair@small,1,150,0,150,natural,3,small
clock@large,1,25,3,7,natural,3,large
clock@large,1,50,3,7,natural,3,large
clock@large,1,100,3,7,natural,3,large
clock@large,1,150,3,7,natural,3,large
clock@medium,1,25,3,7,natural,3,medium
clock@medium,1,50,3,7,natural,3,medium
clock@medium,1,100,5,7,natural,3,medium
clock@medium,1,150,6,7,natural,3,medium
clock@small,1,25,3,9,natural,3,small
clock@small,1,50,3,9,natural,3,small
clock@small,1,100,3,9,natural,3,small
clock@small,1,150,4,9,natural,3,small
dining table@large,1,25,3,7,natural,3,large
dining table@large,1,50,3,7,natural,3,large
dining table@large,1,100,4,7,natural,3,large
dining table@large,1,150,4,7,natural,3,large
dining table@medium,1,25,6,7,natural,3,medium
dining table@medium,1,50,6,7,natural,3,medium
dining table@medium,1,100,6,7,natural,3,medium
dining table@medium,1,150,6,7,natural,3,medium
dining table@small,1,25,1,57,natural,3,small
dining table@small,1,50,1,57,natural,3,small
dining table@small,1,100,3,57,natural,3,small
dining table@small,1,150,3,57,natural,3,small
dog@large,1,25,3,7,natural,3,large
dog@large,1,50,3,7,natural,3,large
dog@large,1,100,3,7,natural,3,large
dog@large,1,150,3,7,natural,3,large
dog@medium,1,25,3,18,natural,3,medium
dog@medium,1,50,3,18,natural,3,medium
dog@medium,1,100,4,18,natural,3,medium
dog@medium,1,150,6,18,natural,3,medium
dog@small,1,25,1,44,natural,3,small
dog@small,1,50,3,44,natural,3,small
dog@small,1,100,3,44,natural,3,small
dog@small,1,150,3,44,natural,3,small
enclosed road vehicle@large,1,25,3,7,natural,3,large
enclosed road vehicle@large,1,50,3,7,natural,3,large
enclosed road vehicle@large,1,100,4,7,natural,3,large
enclosed road vehicle@large,1,150,4,7,natural,3,large
enclosed road vehicle@medium,1,25,1,36,natural,3,medium
enclosed road vehicle@medium,1,50,3,36,natural,3,medium
enclosed road vehicle@medium,1,100,4,36,natural,3,medium
enclosed road vehicle@medium,1,150,5,36,natural,3,medium
enclosed road vehicle@small,1,25,0,150,natural,3,small
enclosed road vehicle@small,1,50,0,150,natural,3,small
enclosed road vehicle@small,1,100,0,150,natural,3,small
enclosed road vehicle@small,1,150,0,150,natural,3,small
fire hydrant@large,1,25,3,7,natural,3,large
fire hydrant@large,1,50,3,7,natural,3,large
fire hydrant@large,1,100,4,7,natural,3,large
fire hydrant@large,1,150,9,7,natural,3,large
fire hydrant@medium,1,25,3,7,natural,3,medium
fire hydrant@medium,1,50,3,7,natural,3,medium
fire hydrant@medium,1,100,3,7,natural,3,medium
fire hydrant@medium,1,150,3,7,natural,3,medium
fire hydrant@small,1,25,1,72,natural,3,small
fire hydrant@small,1,50,2,72,natural,3,small
fire hydrant@small,1,100,3,72,natural,3,small
fire hydrant@small,1,150,3,72,natural,3,small
fork@large,1,25,3,7,natural,3,large
fork@large,1,50,3,7,natural,3,large
fork@large,1,100,4,7,natural,3,large
fork@large,1,150,5,7,natural,3,large
fork@medium,1,25,4,7,natural,3,medium
fork@medium,1,50,4,7,natural,3,medium
fork@medium,1,100,4,7,natural,3,medium
fork@medium,1,150,6,7,natural,3,medium
fork@small,1,25,1,67,natural,3,small
fork@small,1,50,1,67,natural,3,small
fork@small,1,100,3,67,natural,3,small
fork@small,1,150,3,67,natural,3,small
frisbee@large,1,25,3,7,natural,3,large
frisbee@large,1,50,3,7,natural,3,large
frisbee@large,1,100,3,7,natural,3,large
frisbee@large,1,150,3,7,natural,3,large
frisbee@medium,1,25,3,7,natural,3,medium
frisbee@medium,1,50,3,7,natural,3,medium
frisbee@medium,1,100,3,7,natural,3,medium
frisbee@medium,1,150,3,7,natural,3,medium
frisbee@small,1,25,3,7,natural,3,small
frisbee@small,1,50,3,7,natural,3,small
frisbee@small,1,100,3,7,natural,3,small
frisbee@small,1,150,3,7,natural,3,small
keyboard@large,1,25,3,7,natural,3,large
keyboard@large,1,50,3,7,natural,3,large
keyboard@large,1,100,3,7,natural,3,large
keyboard@large,1,150,4,7,natural,3,large
keyboard@medium,1,25,1,34,natural,3,medium
keyboard@medium,1,50,3,34,natural,3,medium
keyboard@medium,1,100,3,34,natural,3,medium
keyboard@medium,1,150,3,34,natural,3,medium
keyboard@small,1,25,0,140,natural,3,small
keyboard@small,1,50,0,140,natural,3,small
keyboard@small,1,100,2,140,natural,3,small
keyboard@small,1,150,3,140,natural,3,small
kite@large,1,25,3,7,natural,3,large
kite@large,1,50,3,7,natural,3,large
kite@large,1,100,3,7,natural,3,large
kite@large,1,150,3,7,natural,3,large
kite@medium,1,25,3,7,natural,3,medium
kite@medium,1,50,4,7,natural,3,medium
kite@medium,1,100,4,7,natural,3,medium
kite@medium,1,150,4,7,natural,3,medium
kite@small,1,25,3,7,natural,3,small
kite@small,1,50,3,7,natural,3,small
kite@small,1,100,3,7,natural,3,small
kite@small,1,150,4,7,natural,3,small
knife@large,1,25,3,7,natural,3,large
knife@large,1,50,3,7,natural,3,large
knife@large,1,100,3,7,natural,3,large
knife@large,1,150,4,7,natural,3,large
knife@medium,1,25,1,42,natural,3,medium
knife@medium,1,50,3,42,natural,3,medium
knife@medium,1,100,3,42,natural,3,medium
knife@medium,1,150,4,42,natural,3,medium
knife@small,1,25,0,150,natural,3,small
knife@small,1,50,0,150,natural,3,small
knife@small,1,100,0,150,natural,3,small
knife@small,1,150,1,150,natural,3,small
laptop@large,1,25,3,7,natural,3,large
laptop@large,1,50,3,7,natural,3,large
laptop@large,1,100,3,7,natural,3,large
laptop@large,1,150,4,7,natural,3,large
laptop@medium,1,25,0,43,natural,3,medium
laptop@medium,1,50,3,43,natural,3,medium
laptop@medium,1,100,3,43,natural,3,medium
laptop@medium,1,150,3,43,natural,3,medium
laptop@small,1,25,0,150,natural,3,small
laptop@small,1,50,0,150,natural,3,small
laptop@small,1,100,0,150,natural,3,small
laptop@small,1,150,1,150,natural,3,small
microwave@large,1,25,3,7,natural,3,large
microwave@large,1,50,3,7,natural,3,large
microwave@large,1,100,4,7,natural,3,large
microwave@large,1,150,5,7,natural,3,large
microwave@medium,1,25,3,22,natural,3,medium
microwave@medium,1,50,3,22,natural,3,medium
microwave@medium,1,100,4,22,natural,3,medium
microwave@medium,1,150,4,22,natural,3,medium
microwave@small,1,25,0,134,natural,3,small
microwave@small,1,50,0,134,natural,3,small
microwave@small,1,100,0,134,natural,3,small
microwave@small,1,150,3,134,natural,3,small
motorcycle@large,1,25,3,7,natural,3,large
motorcycle@large,1,50,3,7,natural,3,large
motorcycle@large,1,100,3,7,natural,3,large
motorcycle@large,1,150,3,7,natural,3,large
motorcycle@medium,1,25,3,7,natural,3,medium
motorcycle@medium,1,50,3,7,natural,3,medium
motorcycle@medium,1,100,4,7,natural,3,medium
motorcycle@medium,1,150,4,7,natural,3,medium
motorcycle@small,1,25,1,150,natural,3,small
motorcycle@small,1,50,1,150,natural,3,small
motorcycle@small,1,100,1,150,natural,3,small
motorcycle@small,1,150,3,150,natural,3,small
mouse@large,1,25,3,7,natural,3,large
mouse@large,1,50,3,7,natural,3,large
mouse@large,1,100,3,7,natural,3,large
mouse@large,1,150,4,7,natural,3,large
mouse@medium,1,25,3,7,natural,3,medium
mouse@medium,1,50,3,7,natural,3,medium
mouse@medium,1,100,3,7,natural,3,medium
mouse@medium,1,150,3,7,natural,3,medium
mouse@small,1,25,0,56,natural,3,small
mouse@small,1,50,2,56,natural,3,small
mouse@small,1,100,3,56,natural,3,small
mouse@small,1,150,3,56,natural,3,small
orange@large,1,25,3,7,natural,3,large
orange@large,1,50,3,7,natural,3,large
orange@large,1,100,3,7,natural,3,large
orange@large,1,150,3,7,natural,3,large
orange@medium,1,25,3,7,natural,3,medium
orange@medium,1,50,4,7,natural,3,medium
orange@medium,1,100,4,7,natural,3,medium
orange@medium,1,150,4,7,natural,3,medium
parking meter@large,1,25,3,7,natural,3,large
parking meter@large,1,50,3,7,natural,3,large
parking meter@large,1,100,3,7,natural,3,large
parking meter@large,1,150,3,7,natural,3,large
parking meter@medium,1,25,4,7,natural,3,medium
parking meter@medium,1,50,4,7,natural,3,medium
parking meter@medium,1,100,4,7,natural,3,medium
parking meter@medium,1,150,4,7,natural,3,medium
parking meter@small,1,25,2,49,natural,3,small
parking meter@small,1,50,3,49,natural,3,small
parking meter@small,1,100,3,49,natural,3,small
parking meter@small,1,150,5,49,natural,3,small
person@large,1,25,3,7,natural,3,large
person@large,1,50,3,7,natural,3,large
person@large,1,100,4,7,natural,3,large
person@large,1,150,4,7,natural,3,large
person@medium,1,25,3,25,natural,3,medium
person@medium,1,50,3,25,natural,3,medium
person@medium,1,100,4,25,natural,3,medium
person@medium,1,150,4,25,natural,3,medium
person@small,1,25,0,150,natural,3,small
person@small,1,50,0,150,natural,3,small
person@small,1,100,1,150,natural,3,small
person@small,1,150,1,150,natural,3,small
remote@large,1,25,3,7,natural,3,large
remote@large,1,50,4,7,natural,3,large
remote@large,1,100,4,7,natural,3,large
remote@large,1,150,4,7,natural,3,large
remote@medium,1,25,5,10,natural,3,medium
remote@medium,1,50,5,10,natural,3,medium
remote@medium,1,100,5,10,natural,3,medium
remote@medium,1,150,6,10,natural,3,medium
remote@small,1,25,0,43,natural,3,small
remote@small,1,50,3,43,natural,3,small
remote@small,1,100,3,43,natural,3,small
remote@small,1,150,3,43,natural,3,small
scissors@large,1,25,3,7,natural,3,large
scissors@large,1,50,3,7,natural,3,large
scissors@large,1,100,3,7,natural,3,large
scissors@large,1,150,4,7,natural,3,large
scissors@medium,1,25,3,7,natural,3,medium
scissors@medium,1,50,3,7,natural,3,medium
scissors@medium,1,100,3,7,natural,3,medium
scissors@medium,1,150,3,7,natural,3,medium
scissors@small,1,25,2,26,natural,3,small
scissors@small,1,50,3,26,natural,3,small
scissors@small,1,100,3,26,natural,3,small
scissors@small,1,150,4,26,natural,3,small
single serving drinking vessel@large,1,25,3,7,natural,3,large
single serving drinking vessel@large,1,50,3,7,natural,3,large
single serving drinking vessel@large,1,100,3,7,natural,3,large
single serving drinking vessel@large,1,150,3,7,natural,3,large
single serving drinking vessel@medium,1,25,3,7,natural,3,medium
single serving drinking vessel@medium,1,50,3,7,natural,3,medium
single serving drinking vessel@medium,1,100,3,7,natural,3,medium
single serving drinking vessel@medium,1,150,4,7,natural,3,medium
single serving drinking vessel@small,1,25,1,53,natural,3,small
single serving drinking vessel@small,1,50,2,53,natural,3,small
single serving drinking vessel@small,1,100,3,53,natural,3,small
single serving drinking vessel@small,1,150,6,53,natural,3,small
sink@large,1,25,3,7,natural,3,large
sink@large,1,50,3,7,natural,3,large
sink@large,1,100,3,7,natural,3,large
sink@large,1,150,3,7,natural,3,large
sink@medium,1,25,3,16,natural,3,medium
sink@medium,1,50,3,16,natural,3,medium
sink@medium,1,100,3,16,natural,3,medium
sink@medium,1,150,4,16,natural,3,medium
sink@small,1,25,2,55,natural,3,small
sink@small,1,50,2,55,natural,3,small
sink@small,1,100,4,55,natural,3,small
sink@small,1,150,4,55,natural,3,small
skateboard@large,1,25,4,7,natural,3,large
skateboard@large,1,50,5,7,natural,3,large
skateboard@large,1,100,6,7,natural,3,large
skateboard@large,1,150,6,7,natural,3,large
skateboard@medium,1,25,4,7,natural,3,medium
skateboard@medium,1,50,5,7,natural,3,medium
skateboard@medium,1,100,5,7,natural,3,medium
skateboard@medium,1,150,19,7,natural,3,medium
skateboard@small,1,25,3,7,natural,3,small
skateboard@small,1,50,3,7,natural,3,small
skateboard@small,1,100,3,7,natural,3,small
skateboard@small,1,150,3,7,natural,3,small
skis@large,1,25,3,7,natural,3,large
skis@large,1,50,3,7,natural,3,large
skis@large,1,100,13,7,natural,3,large
skis@large,1,150,16,7,natural,3,large
skis@medium,1,25,3,7,natural,3,medium
skis@medium,1,50,11,7,natural,3,medium
skis@medium,1,100,24,7,natural,3,medium
skis@medium,1,150,43,7,natural,3,medium
skis@small,1,25,3,10,natural,3,small
skis@small,1,50,3,10,natural,3,small
skis@small,1,100,3,10,natural,3,small
skis@small,1,150,8,10,natural,3,small
snowboard@large,1,25,5,7,natural,3,large
snowboard@large,1,50,6,7,natural,3,large
snowboard@large,1,100,9,7,natural,3,large
snowboard@large,1,150,10,7,natural,3,large
snowboard@medium,1,25,5,7,natural,3,medium
snowboard@medium,1,50,5,7,natural,3,medium
snowboard@medium,1,100,9,7,natural,3,medium
snowboard@medium,1,150,10,7,natural,3,medium
snowboard@small,1,25,3,7,natural,3,small
snowboard@small,1,50,3,7,natural,3,small
snowboard@small,1,100,4,7,natural,3,small
snowboard@small,1,150,16,7,natural,3,small
spoon@large,1,25,3,12,natural,3,large
spoon@large,1,50,3,12,natural,3,large
spoon@large,1,100,4,12,natural,3,large
spoon@large,1,150,5,12,natural,3,large
spoon@medium,1,25,3,24,natural,3,medium
spoon@medium,1,50,3,24,natural,3,medium
spoon@medium,1,100,3,24,natural,3,medium
spoon@medium,1,150,3,24,natural,3,medium
spoon@small,1,25,0,150,natural,3,small
spoon@small,1,50,0,150,natural,3,small
spoon@small,1,100,1,150,natural,3,small
spoon@small,1,150,2,150,natural,3,small
stop sign@large,1,25,4,7,natural,3,large
stop sign@large,1,50,4,7,natural,3,large
stop sign@large,1,100,4,7,natural,3,large
stop sign@large,1,150,5,7,natural,3,large
stop sign@medium,1,25,3,7,natural,3,medium
stop sign@medium,1,50,3,7,natural,3,medium
stop sign@medium,1,100,3,7,natural,3,medium
stop sign@medium,1,150,4,7,natural,3,medium
stop sign@small,1,25,0,128,natural,3,small
stop sign@small,1,50,0,128,natural,3,small
stop sign@small,1,100,1,128,natural,3,small
stop sign@small,1,150,3,128,natural,3,small
surfboard@large,1,25,3,7,natural,3,large
surfboard@large,1,50,3,7,natural,3,large
surfboard@large,1,100,3,7,natural,3,large
surfboard@large,1,150,3,7,natural,3,large
surfboard@medium,1,25,3,7,natural,3,medium
surfboard@medium,1,50,3,7,natural,3,medium
surfboard@medium,1,100,3,7,natural,3,medium
surfboard@medium,1,150,11,7,natural,3,medium
surfboard@small,1,25,3,7,natural,3,small
surfboard@small,1,50,3,7,natural,3,small
surfboard@small,1,100,3,7,natural,3,small
surfboard@small,1,150,4,7,natural,3,small
tennis racket@large,1,25,5,7,natural,3,large
tennis racket@large,1,50,18,7,natural,3,large
tennis racket@large,1,100,18,7,natural,3,large
tennis racket@large,1,150,40,7,natural,3,large
tennis racket@medium,1,25,3,7,natural,3,medium
tennis racket@medium,1,50,3,7,natural,3,medium
tennis racket@medium,1,100,15,7,natural,3,medium
tennis racket@medium,1,150,37,7,natural,3,medium
tennis racket@small,1,25,3,7,natural,3,small
tennis racket@small,1,50,3,7,natural,3,small
tennis racket@small,1,100,3,7,natural,3,small
tennis racket@small,1,150,25,7,natural,3,small
tie@large,1,25,3,7,natural,3,large
tie@large,1,50,3,7,natural,3,large
tie@large,1,100,4,7,natural,3,large
tie@large,1,150,4,7,natural,3,large
tie@medium,1,25,3,7,natural,3,medium
tie@medium,1,50,3,7,natural,3,medium
tie@medium,1,100,3,7,natural,3,medium
tie@medium,1,150,3,7,natural,3,medium
tie@small,1,25,0,70,natural,3,small
tie@small,1,50,2,70,natural,3,small
tie@small,1,100,3,70,natural,3,small
tie@small,1,150,3,70,natural,3,small
toothbrush@large,1,25,3,7,natural,3,large
toothbrush@large,1,50,3,7,natural,3,large
toothbrush@large,1,100,16,7,natural,3,large
toothbrush@large,1,150,23,7,natural,3,large
toothbrush@medium,1,25,3,7,natural,3,medium
toothbrush@medium,1,50,4,7,natural,3,medium
toothbrush@medium,1,100,4,7,natural,3,medium
toothbrush@medium,1,150,5,7,natural,3,medium
toothbrush@small,1,25,3,7,natural,3,small
toothbrush@small,1,50,3,7,natural,3,small
toothbrush@small,1,100,4,7,natural,3,small
toothbrush@small,1,150,4,7,natural,3,small
traffic light@large,1,25,3,7,natural,3,large
traffic light@large,1,50,3,7,natural,3,large
traffic light@large,1,100,3,7,natural,3,large
traffic light@large,1,150,3,7,natural,3,large
traffic light@medium,1,25,4,7,natural,3,medium
traffic light@medium,1,50,4,7,natural,3,medium
traffic light@medium,1,100,4,7,natural,3,medium
traffic light@medium,1,150,4,7,natural,3,medium
traffic light@small,1,25,3,7,natural,3,small
traffic light@small,1,50,3,7,natural,3,small
traffic light@small,1,100,4,7,natural,3,small
traffic light@small,1,150,4,7,natural,3,small
tv@large,1,25,3,7,natural,3,large
tv@large,1,50,3,7,natural,3,large
tv@large,1,100,3,7,natural,3,large
tv@large,1,150,3,7,natural,3,large
tv@medium,1,25,2,26,natural,3,medium
tv@medium,1,50,4,26,natural,3,medium
tv@medium,1,100,6,26,natural,3,medium
tv@medium,1,150,6,26,natural,3,medium
tv@small,1,25,0,150,natural,3,small
tv@small,1,50,1,150,natural,3,small
tv@small,1,100,1,150,natural,3,small
tv@small,1,150,2,150,natural,3,small
umbrella@large,1,25,4,7,natural,3,large
umbrella@large,1,50,4,7,natural,3,large
umbrella@large,1,100,5,7,natural,3,large
umbrella@large,1,150,5,7,natural,3,large
umbrella@medium,1,25,3,7,natural,3,medium
umbrella@medium,1,50,3,7,natural,3,medium
umbrella@medium,1,100,5,7,natural,3,medium
umbrella@medium,1,150,5,7,natural,3,medium
umbrella@small,1,25,2,37,natural,3,small
umbrella@small,1,50,3,37,natural,3,small
umbrella@small,1,100,3,37,natural,3,small
umbrella@small,1,150,3,37,natural,3,small
vase or potted plant@large,1,25,3,7,natural,3,large
vase or potted plant@large,1,50,3,7,natural,3,large
vase or potted plant@large,1,100,3,7,natural,3,large
vase or potted plant@large,1,150,3,7,natural,3,large
vase or potted plant@medium,1,25,3,14,natural,3,medium
vase or potted plant@medium,1,50,5,14,natural,3,medium
vase or potted plant@medium,1,100,5,14,natural,3,medium
vase or potted plant@medium,1,150,6,14,natural,3,medium
vase or potted plant@small,1,25,0,150,natural,3,small
vase or potted plant@small,1,50,0,150,natural,3,small
vase or potted plant@small,1,100,0,150,natural,3,small
vase or potted plant@small,1,150,1,150,natural,3,small
airplane@large,2,25,4,7,natural,3,large
airplane@large,2,50,9,7,natural,3,large
airplane@large,2,100,21,7,natural,3,large
airplane@large,2,150,40,7,natural,3,large
airplane@medium,2,25,6,7,natural,3,medium
airplane@medium,2,50,8,7,natural,3,medium
airplane@medium,2,100,8,7,natural,3,medium
airplane@medium,2,150,8,7,natural,3,medium
airplane@small,2,25,3,7,natural,3,small
airplane@small,2,50,3,7,natural,3,small
airplane@small,2,100,3,7,natural,3,small
airplane@small,2,150,3,7,natural,3,small
apple@large,2,25,3,7,natural,3,large
apple@large,2,50,3,7,natural,3,large
apple@large,2,100,3,7,natural,3,large
apple@large,2,150,23,7,natural,3,large
apple@medium,2,25,3,7,natural,3,medium
apple@medium,2,50,3,7,natural,3,medium
apple@medium,2,100,3,7,natural,3,medium
apple@medium,2,150,5,7,natural,3,medium
bag or luggage@large,2,25,3,7,natural,3,large
bag or luggage@large,2,50,3,7,natural,3,large
bag or luggage@large,2,100,3,7,natural,3,large
bag or luggage@large,2,150,3,7,natural,3,large
bag or luggage@medium,2,25,2,37,natural,3,medium
bag or luggage@medium,2,50,3,37,natural,3,medium
bag or luggage@medium,2,100,3,37,natural,3,medium
bag or luggage@medium,2,150,3,37,natural,3,medium
bag or luggage@small,2,25,0,150,natural,3,small
bag or luggage@small,2,50,0,150,natural,3,small
bag or luggage@small,2,100,0,150,natural,3,small
bag or luggage@small,2,150,1,150,natural,3,small
banana@large,2,25,3,7,natural,3,large
banana@large,2,50,3,7,natural,3,large
banana@large,2,100,5,7,natural,3,large
banana@large,2,150,5,7,natural,3,large
banana@medium,2,25,7,7,natural,3,medium
banana@medium,2,50,7,7,natural,3,medium
banana@medium,2,100,8,7,natural,3,medium
banana@medium,2,150,8,7,natural,3,medium
baseball bat@large,2,25,3,7,natural,3,large
baseball bat@large,2,50,3,7,natural,3,large
baseball bat@large,2,100,3,7,natural,3,large
baseball bat@large,2,150,3,7,natural,3,large
baseball bat@medium,2,25,3,7,natural,3,medium
baseball bat@medium,2,50,3,7,natural,3,medium
baseball bat@medium,2,100,3,7,natural,3,medium
baseball bat@medium,2,150,3,7,natural,3,medium
baseball bat@small,2,25,4,7,natural,3,small
baseball bat@small,2,50,15,7,natural,3,small
baseball bat@small,2,100,26,7,natural,3,small
baseball bat@small,2,150,41,7,natural,3,small
bench@large,2,25,3,7,natural,3,large
bench@large,2,50,4,7,natural,3,large
bench@large,2,100,4,7,natural,3,large
bench@large,2,150,4,7,natural,3,large
bench@medium,2,25,3,7,natural,3,medium
bench@medium,2,50,3,7,natural,3,medium
bench@medium,2,100,3,7,natural,3,medium
bench@medium,2,150,3,7,natural,3,medium
bench@small,2,25,1,150,natural,3,small
bench@small,2,50,1,150,natural,3,small
bench@small,2,100,1,150,natural,3,small
bench@small,2,150,2,150,natural,3,small
bicycle@large,2,25,3,7,natural,3,large
bicycle@large,2,50,3,7,natural,3,large
bicycle@large,2,100,3,7,natural,3,large
bicycle@large,2,150,4,7,natural,3,large
bicycle@medium,2,25,3,7,natural,3,medium
bicycle@medium,2,50,3,7,natural,3,medium
bicycle@medium,2,100,3,7,natural,3,medium
bicycle@medium,2,150,3,7,natural,3,medium
bicycle@small,2,25,1,136,natural,3,small
bicycle@small,2,50,2,136,natural,3,small
bicycle@small,2,100,2,136,natural,3,small
bicycle@small,2,150,4,136,natural,3,small
bird@large,2,25,3,7,natural,3,large
bird@large,2,50,3,7,natural,3,large
bird@large,2,100,5,7,natural,3,large
bird@large,2,150,9,7,natural,3,large
bird@medium,2,25,3,7,natural,3,medium
bird@medium,2,50,3,7,natural,3,medium
bird@medium,2,100,3,7,natural,3,medium
bird@medium,2,150,3,7,natural,3,medium
bird@small,2,25,2,28,natural,3,small
bird@small,2,50,3,28,natural,3,small
bird@small,2,100,3,28,natural,3,small
bird@small,2,150,3,28,natural,3,small
boat@large,2,25,3,7,natural,3,large
boat@large,2,50,3,7,natural,3,large
boat@large,2,100,3,7,natural,3,large
boat@large,2,150,3,7,natural,3,large
boat@medium,2,25,4,7,natural,3,medium
boat@medium,2,50,4,7,natural,3,medium
boat@medium,2,100,6,7,natural,3,medium
boat@medium,2,150,6,7,natural,3,medium
boat@small,2,25,3,7,natural,3,small
boat@small,2,50,4,7,natural,3,small
boat@small,2,100,4,7,natural,3,small
boat@small,2,150,5,7,natural,3,small
book@large,2,25,3,7,natural,3,large
book@large,2,50,3,7,natural,3,large
book@large,2,100,3,7,natural,3,large
book@large,2,150,3,7,natural,3,large
book@medium,2,25,2,41,natural,3,medium
book@medium,2,50,3,41,natural,3,medium
book@medium,2,100,3,41,natural,3,medium
book@medium,2,150,4,41,natural,3,medium
book@small,2,25,0,150,natural,3,small
book@small,2,50,0,150,natural,3,small
book@small,2,100,1,150,natural,3,small
book@small,2,150,2,150,natural,3,small
bottle@large,2,25,3,7,natural,3,large
bottle@large,2,50,3,7,natural,3,large
bottle@large,2,100,3,7,natural,3,large
bottle@large,2,150,4,7,natural,3,large
bottle@medium,2,25,2,65,natural,3,medium
bottle@medium,2,50,2,65,natural,3,medium
bottle@medium,2,100,3,65,natural,3,medium
bottle@medium,2,150,4,65,natural,3,medium
bottle@small,2,25,2,150,natural,3,small
bottle@small,2,50,2,150,natural,3,small
bottle@small,2,100,2,150,natural,3,small
bottle@small,2,150,2,150,natural,3,small
bowl@large,2,25,4,7,natural,3,large
bowl@large,2,50,4,7,natural,3,large
bowl@large,2,100,4,7,natural,3,large
bowl@large,2,150,6,7,natural,3,large
bowl@medium,2,25,1,57,natural,3,medium
bowl@medium,2,50,2,57,natural,3,medium
bowl@medium,2,100,4,57,natural,3,medium
bowl@medium,2,150,4,57,natural,3,medium
bowl@small,2,25,0,150,natural,3,small
bowl@small,2,50,0,150,natural,3,small
bowl@small,2,100,0,150,natural,3,small
bowl@small,2,150,1,150,natural,3,small
bus@large,2,25,3,7,natural,3,large
bus@large,2,50,3,7,natural,3,large
bus@large,2,100,3,7,natural,3,large
bus@large,2,150,3,7,natural,3,large
bus@medium,2,25,3,7,natural,3,medium
bus@medium,2,50,3,7,natural,3,medium
bus@medium,2,100,4,7,natural,3,medium
bus@medium,2,150,4,7,natural,3,medium
bus@small,2,25,2,98,natural,3,small
bus@small,2,50,2,98,natural,3,small
bus@small,2,100,3,98,natural,3,small
bus@small,2,150,3,98,natural,3,small
cell phone@large,2,25,3,7,natural,3,large
cell phone@large,2,50,3,7,natural,3,large
cell phone@large,2,100,8,7,natural,3,large
cell phone@large,2,150,14,7,natural,3,large
cell phone@medium,2,25,3,7,natural,3,medium
cell phone@medium,2,50,3,7,natural,3,medium
cell phone@medium,2,100,4,7,natural,3,medium
cell phone@medium,2,150,4,7,natural,3,medium
cell phone@small,2,25,0,48,natural,3,small
cell phone@small,2,50,3,48,natural,3,small
cell phone@small,2,100,3,48,natural,3,small
cell phone@small,2,150,4,48,natural,3,small
chair@large,2,25,3,8,natural,3,large
chair@large,2,50,3,8,natural,3,large
chair@large,2,100,4,8,natural,3,large
chair@large,2,150,4,8,natural,3,large
chair@medium,2,25,1,126,natural,3,medium
chair@medium,2,50,1,126,natural,3,medium
chair@medium,2,100,2,126,natural,3,medium
chair@medium,2,150,3,126,natural,3,medium
chair@small,2,25,0,150,natural,3,small
chair@small,2,50,0,150,natural,3,small
chair@small,2,100,0,150,natural,3,small
chair@small,2,150,0,150,natural,3,small
clock@large,2,25,3,7,natural,3,large
clock@large,2,50,3,7,natural,3,large
clock@large,2,100,3,7,natural,3,large
clock@large,2,150,3,7,natural,3,large
clock@medium,2,25,3,7,natural,3,medium
clock@medium,2,50,3,7,natural,3,medium
clock@medium,2,100,3,7,natural,3,medium
clock@medium,2,150,3,7,natural,3,medium
clock@small,2,25,3,7,natural,3,small
clock@small,2,50,3,7,natural,3,small
clock@small,2,100,3,7,natural,3,small
clock@small,2,150,4,7,natural,3,small
dining table@large,2,25,4,7,natural,3,large
dining table@large,2,50,5,7,natural,3,large
dining table@large,2,100,5,7,natural,3,large
dining table@large,2,150,6,7,natural,3,large
dining table@medium,2,25,3,8,natural,3,medium
dining table@medium,2,50,3,8,natural,3,medium
dining table@medium,2,100,3,8,natural,3,medium
dining table@medium,2,150,4,8,natural,3,medium
dining table@small,2,25,1,59,natural,3,small
dining table@small,2,50,2,59,natural,3,small
dining table@small,2,100,5,59,natural,3,small
dining table@small,2,150,5,59,natural,3,small
dog@large,2,25,3,7,natural,3,large
dog@large,2,50,3,7,natural,3,large
dog@large,2,100,4,7,natural,3,large
dog@large,2,150,4,7,natural,3,large
dog@medium,2,25,3,14,natural,3,medium
dog@medium,2,50,3,14,natural,3,medium
dog@medium,2,100,3,14,natural,3,medium
dog@medium,2,150,4,14,natural,3,medium
dog@small,2,25,1,103,natural,3,small
dog@small,2,50,2,103,natural,3,small
dog@small,2,100,2,103,natural,3,small
dog@small,2,150,5,103,natural,3,small
enclosed road vehicle@large,2,25,8,7,natural,3,large
enclosed road vehicle@large,2,50,8,7,natural,3,large
enclosed road vehicle@large,2,100,8,7,natural,3,large
enclosed road vehicle@large,2,150,8,7,natural,3,large
enclosed road vehicle@medium,2,25,0,48,natural,3,medium
enclosed road vehicle@medium,2,50,3,48,natural,3,medium
enclosed road vehicle@medium,2,100,3,48,natural,3,medium
enclosed road vehicle@medium,2,150,3,48,natural,3,medium
enclosed road vehicle@small,2,25,1,74,natural,3,small
enclosed road vehicle@small,2,50,1,74,natural,3,small
enclosed road vehicle@small,2,100,4,74,natural,3,small
enclosed road vehicle@small,2,150,4,74,natural,3,small
fire hydrant@large,2,25,3,7,natural,3,large
fire hydrant@large,2,50,4,7,natural,3,large
fire hydrant@large,2,100,4,7,natural,3,large
fire hydrant@large,2,150,4,7,natural,3,large
fire hydrant@medium,2,25,3,7,natural,3,medium
fire hydrant@medium,2,50,3,7,natural,3,medium
fire hydrant@medium,2,100,3,7,natural,3,medium
fire hydrant@medium,2,150,3,7,natural,3,medium
fire hydrant@small,2,25,2,31,natural,3,small
fire hydrant@small,2,50,3,31,natural,3,small
fire hydrant@small,2,100,4,31,natural,3,small
fire hydrant@small,2,150,4,31,natural,3,small
fork@large,2,25,3,7,natural,3,large
fork@large,2,50,3,7,natural,3,large
fork@large,2,100,3,7,natural,3,large
fork@large,2,150,5,7,natural,3,large
fork@medium,2,25,3,7,natural,3,medium
fork@medium,2,50,4,7,natural,3,medium
fork@medium,2,100,5,7,natural,3,medium
fork@medium,2,150,5,7,natural,3,medium
fork@small,2,25,3,21,natural,3,small
fork@small,2,50,3,21,natural,3,small
fork@small,2,100,3,21,natural,3,small
fork@small,2,150,3,21,natural,3,small
frisbee@large,2,25,4,7,natural,3,large
frisbee@large,2,50,4,7,natural,3,large
frisbee@large,2,100,4,7,natural,3,large
frisbee@large,2,150,5,7,natural,3,large
frisbee@medium,2,25,3,7,natural,3,medium
frisbee@medium,2,50,3,7,natural,3,medium
frisbee@medium,2,100,3,7,natural,3,medium
frisbee@medium,2,150,3,7,natural,3,medium
frisbee@small,2,25,3,7,natural,3,small
frisbee@small,2,50,3,7,natural,3,small
frisbee@small,2,100,4,7,natural,3,small
frisbee@small,2,150,5,7,natural,3,small
keyboard@large,2,25,3,7,natural,3,large
keyboard@large,2,50,3,7,natural,3,large
keyboard@large,2,100,3,7,natural,3,large
keyboard@large,2,150,3,7,natural,3,large
keyboard@medium,2,25,3,25,natural,3,medium
keyboard@medium,2,50,3,25,natural,3,medium
keyboard@medium,2,100,3,25,natural,3,medium
keyboard@medium,2,150,3,25,natural,3,medium
keyboard@small,2,25,0,150,natural,3,small
keyboard@small,2,50,0,150,natural,3,small
keyboard@small,2,100,1,150,natural,3,small
keyboard@small,2,150,2,150,natural,3,small
kite@large,2,25,3,7,natural,3,large
kite@large,2,50,3,7,natural,3,large
kite@large,2,100,3,7,natural,3,large
kite@large,2,150,3,7,natural,3,large
kite@medium,2,25,4,7,natural,3,medium
kite@medium,2,50,4,7,natural,3,medium
kite@medium,2,100,4,7,natural,3,medium
kite@medium,2,150,4,7,natural,3,medium
kite@small,2,25,4,7,natural,3,small
kite@small,2,50,4,7,natural,3,small
kite@small,2,100,4,7,natural,3,small
kite@small,2,150,4,7,natural,3,small
knife@large,2,25,4,7,natural,3,large
knife@large,2,50,4,7,natural,3,large
knife@large,2,100,4,7,natural,3,large
knife@large,2,150,6,7,natural,3,large
knife@medium,2,25,3,10,natural,3,medium
knife@medium,2,50,3,10,natural,3,medium
knife@medium,2,100,4,10,natural,3,medium
knife@medium,2,150,4,10,natural,3,medium
knife@small,2,25,0,150,natural,3,small
knife@small,2,50,0,150,natural,3,small
knife@small,2,100,0,150,natural,3,small
knife@small,2,150,0,150,natural,3,small
laptop@large,2,25,3,7,natural,3,large
laptop@large,2,50,3,7,natural,3,large
laptop@large,2,100,3,7,natural,3,large
laptop@large,2,150,4,7,natural,3,large
laptop@medium,2,25,3,19,natural,3,medium
laptop@medium,2,50,4,19,natural,3,medium
laptop@medium,2,100,4,19,natural,3,medium
laptop@medium,2,150,4,19,natural,3,medium
laptop@small,2,25,0,150,natural,3,small
laptop@small,2,50,0,150,natural,3,small
laptop@small,2,100,0,150,natural,3,small
laptop@small,2,150,1,150,natural,3,small
microwave@large,2,25,4,7,natural,3,large
microwave@large,2,50,4,7,natural,3,large
microwave@large,2,100,4,7,natural,3,large
microwave@large,2,150,5,7,natural,3,large
microwave@medium,2,25,4,16,natural,3,medium
microwave@medium,2,50,4,16,natural,3,medium
microwave@medium,2,100,4,16,natural,3,medium
microwave@medium,2,150,4,16,natural,3,medium
microwave@small,2,25,0,150,natural,3,small
microwave@small,2,50,0,150,natural,3,small
microwave@small,2,100,0,150,natural,3,small
microwave@small,2,150,2,150,natural,3,small
motorcycle@large,2,25,3,7,natural,3,large
motorcycle@large,2,50,3,7,natural,3,large
motorcycle@large,2,100,3,7,natural,3,large
motorcycle@large,2,150,3,7,natural,3,large
motorcycle@medium,2,25,3,7,natural,3,medium
motorcycle@medium,2,50,3,7,natural,3,medium
motorcycle@medium,2,100,3,7,natural,3,medium
motorcycle@medium,2,150,3,7,natural,3,medium
motorcycle@small,2,25,0,68,natural,3,small
motorcycle@small,2,50,1,68,natural,3,small
motorcycle@small,2,100,5,68,natural,3,small
motorcycle@small,2,150,5,68,natural,3,small
mouse@large,2,25,3,7,natural,3,large
mouse@large,2,50,3,7,natural,3,large
mouse@large,2,100,3,7,natural,3,large
mouse@large,2,150,3,7,natural,3,large
mouse@medium,2,25,3,7,natural,3,medium
mouse@medium,2,50,3,7,natural,3,medium
mouse@medium,2,100,3,7,natural,3,medium
mouse@medium,2,150,3,7,natural,3,medium
mouse@small,2,25,0,50,natural,3,small
mouse@small,2,50,3,50,natural,3,small
mouse@small,2,100,3,50,natural,3,small
mouse@small,2,150,3,50,natural,3,small
orange@large,2,25,3,7,natural,3,large
orange@large,2,50,3,7,natural,3,large
orange@large,2,100,4,7,natural,3,large
orange@large,2,150,18,7,natural,3,large
orange@medium,2,25,5,7,natural,3,medium
orange@medium,2,50,5,7,natural,3,medium
orange@medium,2,100,5,7,natural,3,medium
orange@medium,2,150,6,7,natural,3,medium
parking meter@large,2,25,3,7,natural,3,large
parking meter@large,2,50,3,7,natural,3,large
parking meter@large,2,100,3,7,natural,3,large
parking meter@large,2,150,3,7,natural,3,large
parking meter@medium,2,25,4,7,natural,3,medium
parking meter@medium,2,50,4,7,natural,3,medium
parking meter@medium,2,100,4,7,natural,3,medium
parking meter@medium,2,150,4,7,natural,3,medium
parking meter@small,2,25,3,23,natural,3,small
parking meter@small,2,50,3,23,natural,3,small
parking meter@small,2,100,3,23,natural,3,small
parking meter@small,2,150,4,23,natural,3,small
person@large,2,25,4,7,natural,3,large
person@large,2,50,4,7,natural,3,large
person@large,2,100,4,7,natural,3,large
person@large,2,150,5,7,natural,3,large
person@medium,2,25,2,35,natural,3,medium
person@medium,2,50,3,35,natural,3,medium
person@medium,2,100,4,35,natural,3,medium
person@medium,2,150,4,35,natural,3,medium
person@small,2,25,0,150,natural,3,small
person@small,2,50,0,150,natural,3,small
person@small,2,100,0,150,natural,3,small
person@small,2,150,1,150,natural,3,small
remote@large,2,25,3,7,natural,3,large
remote@large,2,50,3,7,natural,3,large
remote@large,2,100,4,7,natural,3,large
remote@large,2,150,4,7,natural,3,large
remote@medium,2,25,3,7,natural,3,medium
remote@medium,2,50,3,7,natural,3,medium
remote@medium,2,100,4,7,natural,3,medium
remote@medium,2,150,4,7,natural,3,medium
remote@small,2,25,0,42,natural,3,small
remote@small,2,50,3,42,natural,3,small
remote@small,2,100,3,42,natural,3,small
remote@small,2,150,4,42,natural,3,small
scissors@large,2,25,3,7,natural,3,large
scissors@large,2,50,3,7,natural,3,large
scissors@large,2,100,3,7,natural,3,large
scissors@large,2,150,3,7,natural,3,large
scissors@medium,2,25,3,7,natural,3,medium
scissors@medium,2,50,3,7,natural,3,medium
scissors@medium,2,100,3,7,natural,3,medium
scissors@medium,2,150,3,7,natural,3,medium
scissors@small,2,25,1,147,natural,3,small
scissors@small,2,50,1,147,natural,3,small
scissors@small,2,100,2,147,natural,3,small
scissors@small,2,150,3,147,natural,3,small
single serving drinking vessel@large,2,25,3,7,natural,3,large
single serving drinking vessel@large,2,50,3,7,natural,3,large
single serving drinking vessel@large,2,100,3,7,natural,3,large
single serving drinking vessel@large,2,150,3,7,natural,3,large
single serving drinking vessel@medium,2,25,3,7,natural,3,medium
single serving drinking vessel@medium,2,50,4,7,natural,3,medium
single serving drinking vessel@medium,2,100,4,7,natural,3,medium
single serving drinking vessel@medium,2,150,5,7,natural,3,medium
single serving drinking vessel@small,2,25,1,44,natural,3,small
single serving drinking vessel@small,2,50,3,44,natural,3,small
single serving drinking vessel@small,2,100,3,44,natural,3,small
single serving drinking vessel@small,2,150,3,44,natural,3,small
sink@large,2,25,3,7,natural,3,large
sink@large,2,50,3,7,natural,3,large
sink@large,2,100,3,7,natural,3,large
sink@large,2,150,3,7,natural,3,large
sink@medium,2,25,5,22,natural,3,medium
sink@medium,2,50,10,22,natural,3,medium
sink@medium,2,100,10,22,natural,3,medium
sink@medium,2,150,10,22,natural,3,medium
sink@small,2,25,0,79,natural,3,small
sink@small,2,50,0,79,natural,3,small
sink@small,2,100,3,79,natural,3,small
sink@small,2,150,3,79,natural,3,small
skateboard@large,2,25,3,7,natural,3,large
skateboard@large,2,50,3,7,natural,3,large
skateboard@large,2,100,9,7,natural,3,large
skateboard@large,2,150,30,7,natural,3,large
skateboard@medium,2,25,3,7,natural,3,medium
skateboard@medium,2,50,3,7,natural,3,medium
skateboard@medium,2,100,3,7,natural,3,medium
skateboard@medium,2,150,4,7,natural,3,medium
skateboard@small,2,25,3,7,natural,3,small
skateboard@small,2,50,3,7,natural,3,small
skateboard@small,2,100,3,7,natural,3,small
skateboard@small,2,150,3,7,natural,3,small
skis@large,2,25,3,7,natural,3,large
skis@large,2,50,3,7,natural,3,large
skis@large,2,100,3,7,natural,3,large
skis@large,2,150,3,7,natural,3,large
skis@medium,2,25,3,7,natural,3,medium
skis@medium,2,50,3,7,natural,3,medium
skis@medium,2,100,19,7,natural,3,medium
skis@medium,2,150,29,7,natural,3,medium
skis@small,2,25,3,7,natural,3,small
skis@small,2,50,3,7,natural,3,small
skis@small,2,100,19,7,natural,3,small
skis@small,2,150,38,7,natural,3,small
snowboard@large,2,25,3,7,natural,3,large
snowboard@large,2,50,3,7,natural,3,large
snowboard@large,2,100,4,7,natural,3,large
snowboard@large,2,150,4,7,natural,3,large
snowboard@medium,2,25,4,7,natural,3,medium
snowboard@medium,2,50,4,7,natural,3,medium
snowboard@medium,2,100,5,7,natural,3,medium
snowboard@medium,2,150,11,7,natural,3,medium
snowboard@small,2,25,3,7,natural,3,small
snowboard@small,2,50,3,7,natural,3,small
snowboard@small,2,100,7,7,natural,3,small
snowboard@small,2,150,24,7,natural,3,small
spoon@large,2,25,4,13,natural,3,large
spoon@large,2,50,5,13,natural,3,large
spoon@large,2,100,5,13,natural,3,large
spoon@large,2,150,5,13,natural,3,large
spoon@medium,2,25,2,26,natural,3,medium
spoon@medium,2,50,4,26,natural,3,medium
spoon@medium,2,100,4,26,natural,3,medium
spoon@medium,2,150,5,26,natural,3,medium
spoon@small,2,25,0,150,natural,3,small
spoon@small,2,50,0,150,natural,3,small
spoon@small,2,100,0,150,natural,3,small
spoon@small,2,150,1,150,natural,3,small
stop sign@large,2,25,3,7,natural,3,large
stop sign@large,2,50,3,7,natural,3,large
stop sign@large,2,100,3,7,natural,3,large
stop sign@large,2,150,3,7,natural,3,large
stop sign@medium,2,25,3,7,natural,3,medium
stop sign@medium,2,50,3,7,natural,3,medium
stop sign@medium,2,100,3,7,natural,3,medium
stop sign@medium,2,150,4,7,natural,3,medium
stop sign@small,2,25,0,115,natural,3,small
stop sign@small,2,50,1,115,natural,3,small
stop sign@small,2,100,2,115,natural,3,small
stop sign@small,2,150,3,115,natural,3,small
surfboard@large,2,25,3,7,natural,3,large
surfboard@large,2,50,3,7,natural,3,large
surfboard@large,2,100,4,7,natural,3,large
surfboard@large,2,150,4,7,natural,3,large
surfboard@medium,2,25,4,7,natural,3,medium
surfboard@medium,2,50,4,7,natural,3,medium
surfboard@medium,2,100,4,7,natural,3,medium
surfboard@medium,2,150,4,7,natural,3,medium
surfboard@small,2,25,3,7,natural,3,small
surfboard@small,2,50,5,7,natural,3,small
surfboard@small,2,100,6,7,natural,3,small
surfboard@small,2,150,13,7,natural,3,small
tennis racket@large,2,25,3,7,natural,3,large
tennis racket@large,2,50,3,7,natural,3,large
tennis racket@large,2,100,3,7,natural,3,large
tennis racket@large,2,150,17,7,natural,3,large
tennis racket@medium,2,25,3,7,natural,3,medium
tennis racket@medium,2,50,16,7,natural,3,medium
tennis racket@medium,2,100,39,7,natural,3,medium
tennis racket@medium,2,150,46,7,natural,3,medium
tennis racket@small,2,25,3,7,natural,3,small
tennis racket@small,2,50,3,7,natural,3,small
tennis racket@small,2,100,23,7,natural,3,small
tennis racket@small,2,150,45,7,natural,3,small
tie@large,2,25,4,7,natural,3,large
tie@large,2,50,4,7,natural,3,large
tie@large,2,100,6,7,natural,3,large
tie@large,2,150,6,7,natural,3,large
tie@medium,2,25,3,7,natural,3,medium
tie@medium,2,50,3,7,natural,3,medium
tie@medium,2,100,3,7,natural,3,medium
tie@medium,2,150,3,7,natural,3,medium
tie@small,2,25,2,32,natural,3,small
tie@small,2,50,4,32,natural,3,small
tie@small,2,100,5,32,natural,3,small
tie@small,2,150,5,32,natural,3,small
toothbrush@large,2,25,3,7,natural,3,large
toothbrush@large,2,50,3,7,natural,3,large
toothbrush@large,2,100,3,7,natural,3,large
toothbrush@large,2,150,3,7,natural,3,large
toothbrush@medium,2,25,3,7,natural,3,medium
toothbrush@medium,2,50,3,7,natural,3,medium
toothbrush@medium,2,100,3,7,natural,3,medium
toothbrush@medium,2,150,5,7,natural,3,medium
toothbrush@small,2,25,3,7,natural,3,small
toothbrush@small,2,50,3,7,natural,3,small
toothbrush@small,2,100,3,7,natural,3,small
toothbrush@small,2,150,3,7,natural,3,small
traffic light@large,2,25,3,7,natural,3,large
traffic light@large,2,50,3,7,natural,3,large
traffic light@large,2,100,3,7,natural,3,large
traffic light@large,2,150,3,7,natural,3,large
traffic light@medium,2,25,3,7,natural,3,medium
traffic light@medium,2,50,5,7,natural,3,medium
traffic light@medium,2,100,7,7,natural,3,medium
traffic light@medium,2,150,7,7,natural,3,medium
traffic light@small,2,25,2,27,natural,3,small
traffic light@small,2,50,3,27,natural,3,small
traffic light@small,2,100,3,27,natural,3,small
traffic light@small,2,150,4,27,natural,3,small
tv@large,2,25,3,7,natural,3,large
tv@large,2,50,3,7,natural,3,large
tv@large,2,100,3,7,natural,3,large
tv@large,2,150,3,7,natural,3,large
tv@medium,2,25,3,7,natural,3,medium
tv@medium,2,50,4,7,natural,3,medium
tv@medium,2,100,4,7,natural,3,medium
tv@medium,2,150,5,7,natural,3,medium
tv@small,2,25,0,150,natural,3,small
tv@small,2,50,0,150,natural,3,small
tv@small,2,100,1,150,natural,3,small
tv@small,2,150,1,150,natural,3,small
umbrella@large,2,25,3,7,natural,3,large
umbrella@large,2,50,3,7,natural,3,large
umbrella@large,2,100,3,7,natural,3,large
umbrella@large,2,150,3,7,natural,3,large
umbrella@medium,2,25,3,7,natural,3,medium
umbrella@medium,2,50,3,7,natural,3,medium
umbrella@medium,2,100,4,7,natural,3,medium
umbrella@medium,2,150,4,7,natural,3,medium
umbrella@small,2,25,2,45,natural,3,small
umbrella@small,2,50,3,45,natural,3,small
umbrella@small,2,100,3,45,natural,3,small
umbrella@small,2,150,3,45,natural,3,small
vase or potted plant@large,2,25,3,7,natural,3,large
vase or potted plant@large,2,50,3,7,natural,3,large
vase or potted plant@large,2,100,4,7,natural,3,large
vase or potted plant@large,2,150,4,7,natural,3,large
vase or potted plant@medium,2,25,4,7,natural,3,medium
vase or potted plant@medium,2,50,4,7,natural,3,medium
vase or potted plant@medium,2,100,4,7,natural,3,medium
vase or potted plant@medium,2,150,4,7,natural,3,medium
vase or potted plant@small,2,25,0,150,natural,3,small
vase or potted plant@small,2,50,0,150,natural,3,small
vase or potted plant@small,2,100,1,150,natural,3,small
vase or potted plant@small,2,150,2,150,natural,3,small
airplane@large,3,25,9,7,natural,3,large
airplane@large,3,50,10,7,natural,3,large
airplane@large,3,100,18,7,natural,3,large
airplane@large,3,150,43,7,natural,3,large
airplane@medium,3,25,4,7,natural,3,medium
airplane@medium,3,50,4,7,natural,3,medium
airplane@medium,3,100,23,7,natural,3,medium
airplane@medium,3,150,28,7,natural,3,medium
airplane@small,3,25,4,7,natural,3,small
airplane@small,3,50,4,7,natural,3,small
airplane@small,3,100,4,7,natural,3,small
airplane@small,3,150,5,7,natural,3,small
apple@large,3,25,3,7,natural,3,large
apple@large,3,50,3,7,natural,3,large
apple@large,3,100,3,7,natural,3,large
apple@large,3,150,4,7,natural,3,large
apple@medium,3,25,3,7,natural,3,medium
apple@medium,3,50,3,7,natural,3,medium
apple@medium,3,100,3,7,natural,3,medium
apple@medium,3,150,3,7,natural,3,medium
bag or luggage@large,3,25,3,7,natural,3,large
bag or luggage@large,3,50,3,7,natural,3,large
bag or luggage@large,3,100,3,7,natural,3,large
bag or luggage@large,3,150,3,7,natural,3,large
bag or luggage@medium,3,25,3,9,natural,3,medium
bag or luggage@medium,3,50,4,9,natural,3,medium
bag or luggage@medium,3,100,5,9,natural,3,medium
bag or luggage@medium,3,150,6,9,natural,3,medium
bag or luggage@small,3,25,0,138,natural,3,small
bag or luggage@small,3,50,1,138,natural,3,small
bag or luggage@small,3,100,1,138,natural,3,small
bag or luggage@small,3,150,4,138,natural,3,small
banana@large,3,25,3,7,natural,3,large
banana@large,3,50,3,7,natural,3,large
banana@large,3,100,3,7,natural,3,large
banana@large,3,150,3,7,natural,3,large
banana@medium,3,25,3,7,natural,3,medium
banana@medium,3,50,3,7,natural,3,medium
banana@medium,3,100,3,7,natural,3,medium
banana@medium,3,150,3,7,natural,3,medium
baseball bat@large,3,25,6,7,natural,3,large
baseball bat@large,3,50,13,7,natural,3,large
baseball bat@large,3,100,24,7,natural,3,large
baseball bat@large,3,150,36,7,natural,3,large
baseball bat@medium,3,25,3,7,natural,3,medium
baseball bat@medium,3,50,3,7,natural,3,medium
baseball bat@medium,3,100,3,7,natural,3,medium
baseball bat@medium,3,150,3,7,natural,3,medium
baseball bat@small,3,25,4,7,natural,3,small
baseball bat@small,3,50,6,7,natural,3,small
baseball bat@small,3,100,18,7,natural,3,small
baseball bat@small,3,150,30,7,natural,3,small
bench@large,3,25,4,7,natural,3,large
bench@large,3,50,5,7,natural,3,large
bench@large,3,100,5,7,natural,3,large
bench@large,3,150,5,7,natural,3,large
bench@medium,3,25,3,7,natural,3,medium
bench@medium,3,50,3,7,natural,3,medium
bench@medium,3,100,3,7,natural,3,medium
bench@medium,3,150,4,7,natural,3,medium
bench@small,3,25,0,150,natural,3,small
bench@small,3,50,0,150,natural,3,small
bench@small,3,100,0,150,natural,3,small
bench@small,3,150,1,150,natural,3,small
bicycle@large,3,25,3,7,natural,3,large
bicycle@large,3,50,3,7,natural,3,large
bicycle@large,3,100,3,7,natural,3,large
bicycle@large,3,150,4,7,natural,3,large
bicycle@medium,3,25,3,7,natural,3,medium
bicycle@medium,3,50,4,7,natural,3,medium
bicycle@medium,3,100,5,7,natural,3,medium
bicycle@medium,3,150,6,7,natural,3,medium
bicycle@small,3,25,1,71,natural,3,small
bicycle@small,3,50,1,71,natural,3,small
bicycle@small,3,100,4,71,natural,3,small
bicycle@small,3,150,4,71,natural,3,small
bird@large,3,25,4,7,natural,3,large
bird@large,3,50,8,7,natural,3,large
bird@large,3,100,9,7,natural,3,large
bird@large,3,150,9,7,natural,3,large
bird@medium,3,25,3,7,natural,3,medium
bird@medium,3,50,3,7,natural,3,medium
bird@medium,3,100,3,7,natural,3,medium
bird@medium,3,150,3,7,natural,3,medium
bird@small,3,25,2,29,natural,3,small
bird@small,3,50,3,29,natural,3,small
bird@small,3,100,3,29,natural,3,small
bird@small,3,150,3,29,natural,3,small
boat@large,3,25,3,7,natural,3,large
boat@large,3,50,3,7,natural,3,large
boat@large,3,100,3,7,natural,3,large
boat@large,3,150,3,7,natural,3,large
boat@medium,3,25,3,7,natural,3,medium
boat@medium,3,50,3,7,natural,3,medium
boat@medium,3,100,3,7,natural,3,medium
boat@medium,3,150,4,7,natural,3,medium
boat@small,3,25,3,7,natural,3,small
boat@small,3,50,3,7,natural,3,small
boat@small,3,100,3,7,natural,3,small
boat@small,3,150,3,7,natural,3,small
book@large,3,25,3,7,natural,3,large
book@large,3,50,3,7,natural,3,large
book@large,3,100,5,7,natural,3,large
book@large,3,150,6,7,natural,3,large
book@medium,3,25,1,87,natural,3,medium
book@medium,3,50,2,87,natural,3,medium
book@medium,3,100,3,87,natural,3,medium
book@medium,3,150,4,87,natural,3,medium
book@small,3,25,1,138,natural,3,small
book@small,3,50,2,138,natural,3,small
book@small,3,100,2,138,natural,3,small
book@small,3,150,4,138,natural,3,small
bottle@large,3,25,3,7,natural,3,large
bottle@large,3,50,3,7,natural,3,large
bottle@large,3,100,3,7,natural,3,large
bottle@large,3,150,3,7,natural,3,large
bottle@medium,3,25,2,29,natural,3,medium
bottle@medium,3,50,3,29,natural,3,medium
bottle@medium,3,100,3,29,natural,3,medium
bottle@medium,3,150,3,29,natural,3,medium
bottle@small,3,25,2,150,natural,3,small
bottle@small,3,50,2,150,natural,3,small
bottle@small,3,100,2,150,natural,3,small
bottle@small,3,150,2,150,natural,3,small
bowl@large,3,25,3,7,natural,3,large
bowl@large,3,50,3,7,natural,3,large
bowl@large,3,100,3,7,natural,3,large
bowl@large,3,150,3,7,natural,3,large
bowl@medium,3,25,1,115,natural,3,medium
bowl@medium,3,50,1,115,natural,3,medium
bowl@medium,3,100,2,115,natural,3,medium
bowl@medium,3,150,5,115,natural,3,medium
bowl@small,3,25,0,150,natural,3,small
bowl@small,3,50,0,150,natural,3,small
bowl@small,3,100,0,150,natural,3,small
bowl@small,3,150,1,150,natural,3,small
bus@large,3,25,3,7,natural,3,large
bus@large,3,50,3,7,natural,3,large
bus@large,3,100,4,7,natural,3,large
bus@large,3,150,4,7,natural,3,large
bus@medium,3,25,3,7,natural,3,medium
bus@medium,3,50,4,7,natural,3,medium
bus@medium,3,100,4,7,natural,3,medium
bus@medium,3,150,4,7,natural,3,medium
bus@small,3,25,1,54,natural,3,small
bus@small,3,50,2,54,natural,3,small
bus@small,3,100,4,54,natural,3,small
bus@small,3,150,6,54,natural,3,small
cell phone@large,3,25,8,7,natural,3,large
cell phone@large,3,50,8,7,natural,3,large
cell phone@large,3,100,17,7,natural,3,large
cell phone@large,3,150,27,7,natural,3,large
cell phone@medium,3,25,5,7,natural,3,medium
cell phone@medium,3,50,5,7,natural,3,medium
cell phone@medium,3,100,5,7,natural,3,medium
cell phone@medium,3,150,7,7,natural,3,medium
cell phone@small,3,25,2,31,natural,3,small
cell phone@small,3,50,3,31,natural,3,small
cell phone@small,3,100,4,31,natural,3,small
cell phone@small,3,150,4,31,natural,3,small
chair@large,3,25,3,7,natural,3,large
chair@large,3,50,3,7,natural,3,large
chair@large,3,100,3,7,natural,3,large
chair@large,3,150,3,7,natural,3,large
chair@medium,3,25,1,150,natural,3,medium
chair@medium,3,50,1,150,natural,3,medium
chair@medium,3,100,1,150,natural,3,medium
chair@medium,3,150,1,150,natural,3,medium
chair@small,3,25,0,150,natural,3,small
chair@small,3,50,0,150,natural,3,small
chair@small,3,100,0,150,natural,3,small
chair@small,3,150,0,150,natural,3,small
clock@large,3,25,3,7,natural,3,large
clock@large,3,50,3,7,natural,3,large
clock@large,3,100,3,7,natural,3,large
clock@large,3,150,3,7,natural,3,large
clock@medium,3,25,3,7,natural,3,medium
clock@medium,3,50,3,7,natural,3,medium
clock@medium,3,100,3,7,natural,3,medium
clock@medium,3,150,5,7,natural,3,medium
clock@small,3,25,4,7,natural,3,small
clock@small,3,50,4,7,natural,3,small
clock@small,3,100,4,7,natural,3,small
clock@small,3,150,4,7,natural,3,small
dining table@large,3,25,3,7,natural,3,large
dining table@large,3,50,4,7,natural,3,large
dining table@large,3,100,4,7,natural,3,large
dining table@large,3,150,5,7,natural,3,large
dining table@medium,3,25,4,7,natural,3,medium
dining table@medium,3,50,5,7,natural,3,medium
dining table@medium,3,100,6,7,natural,3,medium
dining table@medium,3,150,6,7,natural,3,medium
dining table@small,3,25,0,43,natural,3,small
dining table@small,3,50,3,43,natural,3,small
dining table@small,3,100,3,43,natural,3,small
dining table@small,3,150,3,43,natural,3,small
dog@large,3,25,5,7,natural,3,large
dog@large,3,50,5,7,natural,3,large
dog@large,3,100,5,7,natural,3,large
dog@large,3,150,5,7,natural,3,large
dog@medium,3,25,3,11,natural,3,medium
dog@medium,3,50,3,11,natural,3,medium
dog@medium,3,100,3,11,natural,3,medium
dog@medium,3,150,3,11,natural,3,medium
dog@small,3,25,1,93,natural,3,small
dog@small,3,50,1,93,natural,3,small
dog@small,3,100,3,93,natural,3,small
dog@small,3,150,6,93,natural,3,small
enclosed road vehicle@large,3,25,3,7,natural,3,large
enclosed road vehicle@large,3,50,3,7,natural,3,large
enclosed road vehicle@large,3,100,4,7,natural,3,large
enclosed road vehicle@large,3,150,4,7,natural,3,large
enclosed road vehicle@medium,3,25,1,50,natural,3,medium
enclosed road vehicle@medium,3,50,3,50,natural,3,medium
enclosed road vehicle@medium,3,100,3,50,natural,3,medium
enclosed road vehicle@medium,3,150,4,50,natural,3,medium
enclosed road vehicle@small,3,25,0,150,natural,3,small
enclosed road vehicle@small,3,50,0,150,natural,3,small
enclosed road vehicle@small,3,100,1,150,natural,3,small
enclosed road vehicle@small,3,150,2,150,natural,3,small
fire hydrant@large,3,25,3,7,natural,3,large
fire hydrant@large,3,50,3,7,natural,3,large
fire hydrant@large,3,100,14,7,natural,3,large
fire hydrant@large,3,150,33,7,natural,3,large
fire hydrant@medium,3,25,3,7,natural,3,medium
fire hydrant@medium,3,50,4,7,natural,3,medium
fire hydrant@medium,3,100,4,7,natural,3,medium
fire hydrant@medium,3,150,4,7,natural,3,medium
fire hydrant@small,3,25,1,48,natural,3,small
fire hydrant@small,3,50,3,48,natural,3,small
fire hydrant@small,3,100,5,48,natural,3,small
fire hydrant@small,3,150,5,48,natural,3,small
fork@large,3,25,3,7,natural,3,large
fork@large,3,50,4,7,natural,3,large
fork@large,3,100,4,7,natural,3,large
fork@large,3,150,5,7,natural,3,large
fork@medium,3,25,3,25,natural,3,medium
fork@medium,3,50,4,25,natural,3,medium
fork@medium,3,100,4,25,natural,3,medium
fork@medium,3,150,4,25,natural,3,medium
fork@small,3,25,2,33,natural,3,small
fork@small,3,50,3,33,natural,3,small
fork@small,3,100,4,33,natural,3,small
fork@small,3,150,5,33,natural,3,small
frisbee@large,3,25,4,7,natural,3,large
frisbee@large,3,50,4,7,natural,3,large
frisbee@large,3,100,4,7,natural,3,large
frisbee@large,3,150,4,7,natural,3,large
frisbee@medium,3,25,3,7,natural,3,medium
frisbee@medium,3,50,3,7,natural,3,medium
frisbee@medium,3,100,3,7,natural,3,medium
frisbee@medium,3,150,3,7,natural,3,medium
frisbee@small,3,25,3,7,natural,3,small
frisbee@small,3,50,3,7,natural,3,small
frisbee@small,3,100,3,7,natural,3,small
frisbee@small,3,150,3,7,natural,3,small
keyboard@large,3,25,3,7,natural,3,large
keyboard@large,3,50,3,7,natural,3,large
keyboard@large,3,100,4,7,natural,3,large
keyboard@large,3,150,5,7,natural,3,large
keyboard@medium,3,25,3,17,natural,3,medium
keyboard@medium,3,50,3,17,natural,3,medium
keyboard@medium,3,100,3,17,natural,3,medium
keyboard@medium,3,150,3,17,natural,3,medium
keyboard@small,3,25,0,150,natural,3,small
keyboard@small,3,50,0,150,natural,3,small
keyboard@small,3,100,0,150,natural,3,small
keyboard@small,3,150,1,150,natural,3,small
kite@large,3,25,3,7,natural,3,large
kite@large,3,50,3,7,natural,3,large
kite@large,3,100,3,7,natural,3,large
kite@large,3,150,6,7,natural,3,large
kite@medium,3,25,4,7,natural,3,medium
kite@medium,3,50,4,7,natural,3,medium
kite@medium,3,100,4,7,natural,3,medium
kite@medium,3,150,4,7,natural,3,medium
kite@small,3,25,3,7,natural,3,small
kite@small,3,50,3,7,natural,3,small
kite@small,3,100,3,7,natural,3,small
kite@small,3,150,3,7,natural,3,small
knife@large,3,25,3,7,natural,3,large
knife@large,3,50,3,7,natural,3,large
knife@large,3,100,3,7,natural,3,large
knife@large,3,150,3,7,natural,3,large
knife@medium,3,25,3,7,natural,3,medium
knife@medium,3,50,3,7,natural,3,medium
knife@medium,3,100,3,7,natural,3,medium
knife@medium,3,150,3,7,natural,3,medium
knife@small,3,25,0,150,natural,3,small
knife@small,3,50,0,150,natural,3,small
knife@small,3,100,0,150,natural,3,small
knife@small,3,150,1,150,natural,3,small
laptop@large,3,25,3,7,natural,3,large
laptop@large,3,50,3,7,natural,3,large
laptop@large,3,100,3,7,natural,3,large
laptop@large,3,150,3,7,natural,3,large
laptop@medium,3,25,2,28,natural,3,medium
laptop@medium,3,50,3,28,natural,3,medium
laptop@medium,3,100,3,28,natural,3,medium
laptop@medium,3,150,3,28,natural,3,medium
laptop@small,3,25,0,150,natural,3,small
laptop@small,3,50,0,150,natural,3,small
laptop@small,3,100,0,150,natural,3,small
laptop@small,3,150,0,150,natural,3,small
microwave@large,3,25,3,7,natural,3,large
microwave@large,3,50,3,7,natural,3,large
microwave@large,3,100,3,7,natural,3,large
microwave@large,3,150,3,7,natural,3,large
microwave@medium,3,25,3,16,natural,3,medium
microwave@medium,3,50,4,16,natural,3,medium
microwave@medium,3,100,4,16,natural,3,medium
microwave@medium,3,150,5,16,natural,3,medium
microwave@small,3,25,0,122,natural,3,small
microwave@small,3,50,0,122,natural,3,small
microwave@small,3,100,0,122,natural,3,small
microwave@small,3,150,3,122,natural,3,small
motorcycle@large,3,25,3,7,natural,3,large
motorcycle@large,3,50,3,7,natural,3,large
motorcycle@large,3,100,3,7,natural,3,large
motorcycle@large,3,150,3,7,natural,3,large
motorcycle@medium,3,25,3,7,natural,3,medium
motorcycle@medium,3,50,3,7,natural,3,medium
motorcycle@medium,3,100,3,7,natural,3,medium
motorcycle@medium,3,150,3,7,natural,3,medium
motorcycle@small,3,25,1,150,natural,3,small
motorcycle@small,3,50,1,150,natural,3,small
motorcycle@small,3,100,2,150,natural,3,small
motorcycle@small,3,150,2,150,natural,3,small
mouse@large,3,25,3,7,natural,3,large
mouse@large,3,50,3,7,natural,3,large
mouse@large,3,100,3,7,natural,3,large
mouse@large,3,150,4,7,natural,3,large
mouse@medium,3,25,3,7,natural,3,medium
mouse@medium,3,50,3,7,natural,3,medium
mouse@medium,3,100,3,7,natural,3,medium
mouse@medium,3,150,3,7,natural,3,medium
mouse@small,3,25,0,59,natural,3,small
mouse@small,3,50,1,59,natural,3,small
mouse@small,3,100,3,59,natural,3,small
mouse@small,3,150,3,59,natural,3,small
orange@large,3,25,3,7,natural,3,large
orange@large,3,50,4,7,natural,3,large
orange@large,3,100,5,7,natural,3,large
orange@large,3,150,7,7,natural,3,large
orange@medium,3,25,3,7,natural,3,medium
orange@medium,3,50,3,7,natural,3,medium
orange@medium,3,100,3,7,natural,3,medium
orange@medium,3,150,3,7,natural,3,medium
parking meter@large,3,25,3,7,natural,3,large
parking meter@large,3,50,3,7,natural,3,large
parking meter@large,3,100,3,7,natural,3,large
parking meter@large,3,150,3,7,natural,3,large
parking meter@medium,3,25,3,7,natural,3,medium
parking meter@medium,3,50,3,7,natural,3,medium
parking meter@medium,3,100,3,7,natural,3,medium
parking meter@medium,3,150,3,7,natural,3,medium
parking meter@small,3,25,3,7,natural,3,small
parking meter@small,3,50,3,7,natural,3,small
parking meter@small,3,100,3,7,natural,3,small
parking meter@small,3,150,4,7,natural,3,small
person@large,3,25,3,7,natural,3,large
person@large,3,50,3,7,natural,3,large
person@large,3,100,3,7,natural,3,large
person@large,3,150,4,7,natural,3,large
person@medium,3,25,1,37,natural,3,medium
person@medium,3,50,3,37,natural,3,medium
person@medium,3,100,4,37,natural,3,medium
person@medium,3,150,4,37,natural,3,medium
person@small,3,25,0,150,natural,3,small
person@small,3,50,0,150,natural,3,small
person@small,3,100,1,150,natural,3,small
person@small,3,150,2,150,natural,3,small
remote@large,3,25,4,7,natural,3,large
remote@large,3,50,4,7,natural,3,large
remote@large,3,100,5,7,natural,3,large
remote@large,3,150,5,7,natural,3,large
remote@medium,3,25,3,10,natural,3,medium
remote@medium,3,50,3,10,natural,3,medium
remote@medium,3,100,4,10,natural,3,medium
remote@medium,3,150,4,10,natural,3,medium
remote@small,3,25,0,113,natural,3,small
remote@small,3,50,1,113,natural,3,small
remote@small,3,100,1,113,natural,3,small
remote@small,3,150,3,113,natural,3,small
scissors@large,3,25,3,7,natural,3,large
scissors@large,3,50,3,7,natural,3,large
scissors@large,3,100,3,7,natural,3,large
scissors@large,3,150,4,7,natural,3,large
scissors@medium,3,25,3,7,natural,3,medium
scissors@medium,3,50,3,7,natural,3,medium
scissors@medium,3,100,3,7,natural,3,medium
scissors@medium,3,150,3,7,natural,3,medium
scissors@small,3,25,1,70,natural,3,small
scissors@small,3,50,2,70,natural,3,small
scissors@small,3,100,3,70,natural,3,small
scissors@small,3,150,4,70,natural,3,small
single serving drinking vessel@large,3,25,3,7,natural,3,large
single serving drinking vessel@large,3,50,3,7,natural,3,large
single serving drinking vessel@large,3,100,3,7,natural,3,large
single serving drinking vessel@large,3,150,3,7,natural,3,large
single serving drinking vessel@medium,3,25,3,8,natural,3,medium
single serving drinking vessel@medium,3,50,4,8,natural,3,medium
single serving drinking vessel@medium,3,100,5,8,natural,3,medium
single serving drinking vessel@medium,3,150,5,8,natural,3,medium
single serving drinking vessel@small,3,25,1,150,natural,3,small
single serving drinking vessel@small,3,50,1,150,natural,3,small
single serving drinking vessel@small,3,100,1,150,natural,3,small
single serving drinking vessel@small,3,150,2,150,natural,3,small
sink@large,3,25,3,7,natural,3,large
sink@large,3,50,4,7,natural,3,large
sink@large,3,100,5,7,natural,3,large
sink@large,3,150,5,7,natural,3,large
sink@medium,3,25,3,21,natural,3,medium
sink@medium,3,50,4,21,natural,3,medium
sink@medium,3,100,5,21,natural,3,medium
sink@medium,3,150,5,21,natural,3,medium
sink@small,3,25,2,53,natural,3,small
sink@small,3,50,2,53,natural,3,small
sink@small,3,100,4,53,natural,3,small
sink@small,3,150,5,53,natural,3,small
skateboard@large,3,25,3,7,natural,3,large
skateboard@large,3,50,3,7,natural,3,large
skateboard@large,3,100,3,7,natural,3,large
skateboard@large,3,150,4,7,natural,3,large
skateboard@medium,3,25,3,7,natural,3,medium
skateboard@medium,3,50,3,7,natural,3,medium
skateboard@medium,3,100,4,7,natural,3,medium
skateboard@medium,3,150,4,7,natural,3,medium
skateboard@small,3,25,3,7,natural,3,small
skateboard@small,3,50,3,7,natural,3,small
skateboard@small,3,100,3,7,natural,3,small
skateboard@small,3,150,3,7,natural,3,small
skis@large,3,25,3,7,natural,3,large
skis@large,3,50,3,7,natural,3,large
skis@large,3,100,4,7,natural,3,large
skis@large,3,150,4,7,natural,3,large
skis@medium,3,25,4,7,natural,3,medium
skis@medium,3,50,4,7,natural,3,medium
skis@medium,3,100,23,7,natural,3,medium
skis@medium,3,150,43,7,natural,3,medium
skis@small,3,25,3,12,natural,3,small
skis@small,3,50,3,12,natural,3,small
skis@small,3,100,8,12,natural,3,small
skis@small,3,150,30,12,natural,3,small
snowboard@large,3,25,3,7,natural,3,large
snowboard@large,3,50,5,7,natural,3,large
snowboard@large,3,100,8,7,natural,3,large
snowboard@large,3,150,8,7,natural,3,large
snowboard@medium,3,25,3,7,natural,3,medium
snowboard@medium,3,50,4,7,natural,3,medium
snowboard@medium,3,100,7,7,natural,3,medium
snowboard@medium,3,150,9,7,natural,3,medium
snowboard@small,3,25,3,8,natural,3,small
snowboard@small,3,50,8,8,natural,3,small
snowboard@small,3,100,18,8,natural,3,small
snowboard@small,3,150,30,8,natural,3,small
spoon@large,3,25,4,13,natural,3,large
spoon@large,3,50,4,13,natural,3,large
spoon@large,3,100,5,13,natural,3,large
spoon@large,3,150,6,13,natural,3,large
spoon@medium,3,25,1,44,natural,3,medium
spoon@medium,3,50,3,44,natural,3,medium
spoon@medium,3,100,4,44,natural,3,medium
spoon@medium,3,150,4,44,natural,3,medium
spoon@small,3,25,0,150,natural,3,small
spoon@small,3,50,0,150,natural,3,small
spoon@small,3,100,1,150,natural,3,small
spoon@small,3,150,2,150,natural,3,small
stop sign@large,3,25,3,7,natural,3,large
stop sign@large,3,50,3,7,natural,3,large
stop sign@large,3,100,3,7,natural,3,large
stop sign@large,3,150,3,7,natural,3,large
stop sign@medium,3,25,3,7,natural,3,medium
stop sign@medium,3,50,3,7,natural,3,medium
stop sign@medium,3,100,5,7,natural,3,medium
stop sign@medium,3,150,5,7,natural,3,medium
stop sign@small,3,25,0,129,natural,3,small
stop sign@small,3,50,2,129,natural,3,small
stop sign@small,3,100,2,129,natural,3,small
stop sign@small,3,150,3,129,natural,3,small
surfboard@large,3,25,4,7,natural,3,large
surfboard@large,3,50,4,7,natural,3,large
surfboard@large,3,100,4,7,natural,3,large
surfboard@large,3,150,5,7,natural,3,large
surfboard@medium,3,25,3,7,natural,3,medium
surfboard@medium,3,50,3,7,natural,3,medium
surfboard@medium,3,100,5,7,natural,3,medium
surfboard@medium,3,150,5,7,natural,3,medium
surfboard@small,3,25,3,7,natural,3,small
surfboard@small,3,50,3,7,natural,3,small
surfboard@small,3,100,5,7,natural,3,small
surfboard@small,3,150,18,7,natural,3,small
tennis racket@large,3,25,5,7,natural,3,large
tennis racket@large,3,50,9,7,natural,3,large
tennis racket@large,3,100,28,7,natural,3,large
tennis racket@large,3,150,37,7,natural,3,large
tennis racket@medium,3,25,3,7,natural,3,medium
tennis racket@medium,3,50,3,7,natural,3,medium
tennis racket@medium,3,100,23,7,natural,3,medium
tennis racket@medium,3,150,40,7,natural,3,medium
tennis racket@small,3,25,9,7,natural,3,small
tennis racket@small,3,50,19,7,natural,3,small
tennis racket@small,3,100,28,7,natural,3,small
tennis racket@small,3,150,42,7,natural,3,small
tie@large,3,25,3,7,natural,3,large
tie@large,3,50,3,7,natural,3,large
tie@large,3,100,3,7,natural,3,large
tie@large,3,150,3,7,natural,3,large
tie@medium,3,25,3,7,natural,3,medium
tie@medium,3,50,3,7,natural,3,medium
tie@medium,3,100,3,7,natural,3,medium
tie@medium,3,150,4,7,natural,3,medium
tie@small,3,25,1,37,natural,3,small
tie@small,3,50,4,37,natural,3,small
tie@small,3,100,5,37,natural,3,small
tie@small,3,150,5,37,natural,3,small
toothbrush@large,3,25,4,7,natural,3,large
toothbrush@large,3,50,7,7,natural,3,large
toothbrush@large,3,100,11,7,natural,3,large
toothbrush@large,3,150,29,7,natural,3,large
toothbrush@medium,3,25,3,7,natural,3,medium
toothbrush@medium,3,50,3,7,natural,3,medium
toothbrush@medium,3,100,3,7,natural,3,medium
toothbrush@medium,3,150,3,7,natural,3,medium
toothbrush@small,3,25,3,7,natural,3,small
toothbrush@small,3,50,3,7,natural,3,small
toothbrush@small,3,100,3,7,natural,3,small
toothbrush@small,3,150,3,7,natural,3,small
traffic light@large,3,25,4,7,natural,3,large
traffic light@large,3,50,4,7,natural,3,large
traffic light@large,3,100,4,7,natural,3,large
traffic light@large,3,150,4,7,natural,3,large
traffic light@medium,3,25,4,7,natural,3,medium
traffic light@medium,3,50,4,7,natural,3,medium
traffic light@medium,3,100,4,7,natural,3,medium
traffic light@medium,3,150,4,7,natural,3,medium
traffic light@small,3,25,2,31,natural,3,small
traffic light@small,3,50,3,31,natural,3,small
traffic light@small,3,100,3,31,natural,3,small
traffic light@small,3,150,4,31,natural,3,small
tv@large,3,25,3,7,natural,3,large
tv@large,3,50,3,7,natural,3,large
tv@large,3,100,3,7,natural,3,large
tv@large,3,150,3,7,natural,3,large
tv@medium,3,25,3,9,natural,3,medium
tv@medium,3,50,3,9,natural,3,medium
tv@medium,3,100,5,9,natural,3,medium
tv@medium,3,150,5,9,natural,3,medium
tv@small,3,25,0,150,natural,3,small
tv@small,3,50,1,150,natural,3,small
tv@small,3,100,2,150,natural,3,small
tv@small,3,150,2,150,natural,3,small
umbrella@large,3,25,3,7,natural,3,large
umbrella@large,3,50,3,7,natural,3,large
umbrella@large,3,100,3,7,natural,3,large
umbrella@large,3,150,3,7,natural,3,large
umbrella@medium,3,25,3,7,natural,3,medium
umbrella@medium,3,50,3,7,natural,3,medium
umbrella@medium,3,100,3,7,natural,3,medium
umbrella@medium,3,150,4,7,natural,3,medium
umbrella@small,3,25,2,48,natural,3,small
umbrella@small,3,50,3,48,natural,3,small
umbrella@small,3,100,4,48,natural,3,small
umbrella@small,3,150,5,48,natural,3,small
vase or potted plant@large,3,25,3,7,natural,3,large
vase or potted plant@large,3,50,3,7,natural,3,large
vase or potted plant@large,3,100,3,7,natural,3,large
vase or potted plant@large,3,150,3,7,natural,3,large
vase or potted plant@medium,3,25,3,7,natural,3,medium
vase or potted plant@medium,3,50,3,7,natural,3,medium
vase or potted plant@medium,3,100,4,7,natural,3,medium
vase or potted plant@medium,3,150,4,7,natural,3,medium
vase or potted plant@small,3,25,0,150,natural,3,small
vase or potted plant@small,3,50,0,150,natural,3,small
vase or potted plant@small,3,100,1,150,natural,3,small
vase or potted plant@small,3,150,1,150,natural,3,small
airplane@large,4,25,6,7,natural,3,large
airplane@large,4,50,8,7,natural,3,large
airplane@large,4,100,20,7,natural,3,large
airplane@large,4,150,41,7,natural,3,large
airplane@medium,4,25,8,7,natural,3,medium
airplane@medium,4,50,21,7,natural,3,medium
airplane@medium,4,100,32,7,natural,3,medium
airplane@medium,4,150,33,7,natural,3,medium
airplane@small,4,25,3,7,natural,3,small
airplane@small,4,50,3,7,natural,3,small
airplane@small,4,100,4,7,natural,3,small
airplane@small,4,150,5,7,natural,3,small
apple@large,4,25,3,7,natural,3,large
apple@large,4,50,3,7,natural,3,large
apple@large,4,100,3,7,natural,3,large
apple@large,4,150,3,7,natural,3,large
apple@medium,4,25,3,7,natural,3,medium
apple@medium,4,50,3,7,natural,3,medium
apple@medium,4,100,5,7,natural,3,medium
apple@medium,4,150,5,7,natural,3,medium
bag or luggage@large,4,25,3,7,natural,3,large
bag or luggage@large,4,50,3,7,natural,3,large
bag or luggage@large,4,100,4,7,natural,3,large
bag or luggage@large,4,150,5,7,natural,3,large
bag or luggage@medium,4,25,3,7,natural,3,medium
bag or luggage@medium,4,50,3,7,natural,3,medium
bag or luggage@medium,4,100,3,7,natural,3,medium
bag or luggage@medium,4,150,4,7,natural,3,medium
bag or luggage@small,4,25,0,144,natural,3,small
bag or luggage@small,4,50,1,144,natural,3,small
bag or luggage@small,4,100,1,144,natural,3,small
bag or luggage@small,4,150,3,144,natural,3,small
banana@large,4,25,3,7,natural,3,large
banana@large,4,50,3,7,natural,3,large
banana@large,4,100,3,7,natural,3,large
banana@large,4,150,4,7,natural,3,large
banana@medium,4,25,3,7,natural,3,medium
banana@medium,4,50,3,7,natural,3,medium
banana@medium,4,100,3,7,natural,3,medium
banana@medium,4,150,4,7,natural,3,medium
baseball bat@large,4,25,3,7,natural,3,large
baseball bat@large,4,50,3,7,natural,3,large
baseball bat@large,4,100,3,7,natural,3,large
baseball bat@large,4,150,3,7,natural,3,large
baseball bat@medium,4,25,3,7,natural,3,medium
baseball bat@medium,4,50,3,7,natural,3,medium
baseball bat@medium,4,100,4,7,natural,3,medium
baseball bat@medium,4,150,16,7,natural,3,medium
baseball bat@small,4,25,3,7,natural,3,small
baseball bat@small,4,50,11,7,natural,3,small
baseball bat@small,4,100,35,7,natural,3,small
baseball bat@small,4,150,48,7,natural,3,small
bench@large,4,25,3,7,natural,3,large
bench@large,4,50,4,7,natural,3,large
bench@large,4,100,4,7,natural,3,large
bench@large,4,150,4,7,natural,3,large
bench@medium,4,25,3,7,natural,3,medium
bench@medium,4,50,3,7,natural,3,medium
bench@medium,4,100,4,7,natural,3,medium
bench@medium,4,150,5,7,natural,3,medium
bench@small,4,25,1,150,natural,3,small
bench@small,4,50,1,150,natural,3,small
bench@small,4,100,1,150,natural,3,small
bench@small,4,150,2,150,natural,3,small
bicycle@large,4,25,3,7,natural,3,large
bicycle@large,4,50,3,7,natural,3,large
bicycle@large,4,100,3,7,natural,3,large
bicycle@large,4,150,3,7,natural,3,large
bicycle@medium,4,25,3,7,natural,3,medium
bicycle@medium,4,50,3,7,natural,3,medium
bicycle@medium,4,100,3,7,natural,3,medium
bicycle@medium,4,150,4,7,natural,3,medium
bicycle@small,4,25,0,119,natural,3,small
bicycle@small,4,50,2,119,natural,3,small
bicycle@small,4,100,2,119,natural,3,small
bicycle@small,4,150,3,119,natural,3,small
bird@large,4,25,3,7,natural,3,large
bird@large,4,50,4,7,natural,3,large
bird@large,4,100,16,7,natural,3,large
bird@large,4,150,33,7,natural,3,large
bird@medium,4,25,3,7,natural,3,medium
bird@medium,4,50,3,7,natural,3,medium
bird@medium,4,100,4,7,natural,3,medium
bird@medium,4,150,5,7,natural,3,medium
bird@small,4,25,3,21,natural,3,small
bird@small,4,50,3,21,natural,3,small
bird@small,4,100,4,21,natural,3,small
bird@small,4,150,6,21,natural,3,small
boat@large,4,25,3,7,natural,3,large
boat@large,4,50,3,7,natural,3,large
boat@large,4,100,3,7,natural,3,large
boat@large,4,150,3,7,natural,3,large
boat@medium,4,25,4,7,natural,3,medium
boat@medium,4,50,4,7,natural,3,medium
boat@medium,4,100,4,7,natural,3,medium
boat@medium,4,150,4,7,natural,3,medium
boat@small,4,25,4,13,natural,3,small
boat@small,4,50,4,13,natural,3,small
boat@small,4,100,6,13,natural,3,small
boat@small,4,150,6,13,natural,3,small
book@large,4,25,3,7,natural,3,large
book@large,4,50,4,7,natural,3,large
book@large,4,100,4,7,natural,3,large
book@large,4,150,4,7,natural,3,large
book@medium,4,25,2,34,natural,3,medium
book@medium,4,50,4,34,natural,3,medium
book@medium,4,100,4,34,natural,3,medium
book@medium,4,150,4,34,natural,3,medium
book@small,4,25,1,103,natural,3,small
book@small,4,50,2,103,natural,3,small
book@small,4,100,2,103,natural,3,small
book@small,4,150,4,103,natural,3,small
bottle@large,4,25,5,7,natural,3,large
bottle@large,4,50,5,7,natural,3,large
bottle@large,4,100,6,7,natural,3,large
bottle@large,4,150,7,7,natural,3,large
bottle@medium,4,25,2,31,natural,3,medium
bottle@medium,4,50,3,31,natural,3,medium
bottle@medium,4,100,3,31,natural,3,medium
bottle@medium,4,150,3,31,natural,3,medium
bottle@small,4,25,2,150,natural,3,small
bottle@small,4,50,2,150,natural,3,small
bottle@small,4,100,2,150,natural,3,small
bottle@small,4,150,2,150,natural,3,small
bowl@large,4,25,3,12,natural,3,large
bowl@large,4,50,3,12,natural,3,large
bowl@large,4,100,3,12,natural,3,large
bowl@large,4,150,3,12,natural,3,large
bowl@medium,4,25,0,61,natural,3,medium
bowl@medium,4,50,1,61,natural,3,medium
bowl@medium,4,100,3,61,natural,3,medium
bowl@medium,4,150,3,61,natural,3,medium
bowl@small,4,25,0,150,natural,3,small
bowl@small,4,50,0,150,natural,3,small
bowl@small,4,100,0,150,natural,3,small
bowl@small,4,150,0,150,natural,3,small
bus@large,4,25,3,7,natural,3,large
bus@large,4,50,3,7,natural,3,large
bus@large,4,100,3,7,natural,3,large
bus@large,4,150,3,7,natural,3,large
bus@medium,4,25,3,7,natural,3,medium
bus@medium,4,50,3,7,natural,3,medium
bus@medium,4,100,4,7,natural,3,medium
bus@medium,4,150,4,7,natural,3,medium
bus@small,4,25,0,61,natural,3,small
bus@small,4,50,1,61,natural,3,small
bus@small,4,100,4,61,natural,3,small
bus@small,4,150,5,61,natural,3,small
cell phone@large,4,25,5,7,natural,3,large
cell phone@large,4,50,5,7,natural,3,large
cell phone@large,4,100,5,7,natural,3,large
cell phone@large,4,150,5,7,natural,3,large
cell phone@medium,4,25,4,7,natural,3,medium
cell phone@medium,4,50,4,7,natural,3,medium
cell phone@medium,4,100,4,7,natural,3,medium
cell phone@medium,4,150,4,7,natural,3,medium
cell phone@small,4,25,2,29,natural,3,small
cell phone@small,4,50,3,29,natural,3,small
cell phone@small,4,100,3,29,natural,3,small
cell phone@small,4,150,3,29,natural,3,small
chair@large,4,25,3,10,natural,3,large
chair@large,4,50,3,10,natural,3,large
chair@large,4,100,3,10,natural,3,large
chair@large,4,150,3,10,natural,3,large
chair@medium,4,25,1,143,natural,3,medium
chair@medium,4,50,1,143,natural,3,medium
chair@medium,4,100,1,143,natural,3,medium
chair@medium,4,150,3,143,natural,3,medium
chair@small,4,25,0,150,natural,3,small
chair@small,4,50,0,150,natural,3,small
chair@small,4,100,0,150,natural,3,small
chair@small,4,150,0,150,natural,3,small
clock@large,4,25,3,7,natural,3,large
clock@large,4,50,3,7,natural,3,large
clock@large,4,100,3,7,natural,3,large
clock@large,4,150,3,7,natural,3,large
clock@medium,4,25,3,7,natural,3,medium
clock@medium,4,50,3,7,natural,3,medium
clock@medium,4,100,3,7,natural,3,medium
clock@medium,4,150,3,7,natural,3,medium
clock@small,4,25,4,7,natural,3,small
clock@small,4,50,4,7,natural,3,small
clock@small,4,100,4,7,natural,3,small
clock@small,4,150,4,7,natural,3,small
dining table@large,4,25,3,7,natural,3,large
dining table@large,4,50,4,7,natural,3,large
dining table@large,4,100,5,7,natural,3,large
dining table@large,4,150,6,7,natural,3,large
dining table@medium,4,25,4,7,natural,3,medium
dining table@medium,4,50,4,7,natural,3,medium
dining table@medium,4,100,4,7,natural,3,medium
dining table@medium,4,150,4,7,natural,3,medium
dining table@small,4,25,0,150,natural,3,small
dining table@small,4,50,1,150,natural,3,small
dining table@small,4,100,2,150,natural,3,small
dining table@small,4,150,2,150,natural,3,small
dog@large,4,25,3,7,natural,3,large
dog@large,4,50,3,7,natural,3,large
dog@large,4,100,3,7,natural,3,large
dog@large,4,150,4,7,natural,3,large
dog@medium,4,25,4,10,natural,3,medium
dog@medium,4,50,4,10,natural,3,medium
dog@medium,4,100,5,10,natural,3,medium
dog@medium,4,150,5,10,natural,3,medium
dog@small,4,25,1,69,natural,3,small
dog@small,4,50,2,69,natural,3,small
dog@small,4,100,4,69,natural,3,small
dog@small,4,150,5,69,natural,3,small
enclosed road vehicle@large,4,25,5,7,natural,3,large
enclosed road vehicle@large,4,50,5,7,natural,3,large
enclosed road vehicle@large,4,100,5,7,natural,3,large
enclosed road vehicle@large,4,150,5,7,natural,3,large
enclosed road vehicle@medium,4,25,2,28,natural,3,medium
enclosed road vehicle@medium,4,50,3,28,natural,3,medium
enclosed road vehicle@medium,4,100,3,28,natural,3,medium
enclosed road vehicle@medium,4,150,4,28,natural,3,medium
enclosed road vehicle@small,4,25,1,150,natural,3,small
enclosed road vehicle@small,4,50,1,150,natural,3,small
enclosed road vehicle@small,4,100,1,150,natural,3,small
enclosed road vehicle@small,4,150,2,150,natural,3,small
fire hydrant@large,4,25,3,7,natural,3,large
fire hydrant@large,4,50,3,7,natural,3,large
fire hydrant@large,4,100,12,7,natural,3,large
fire hydrant@large,4,150,21,7,natural,3,large
fire hydrant@medium,4,25,3,7,natural,3,medium
fire hydrant@medium,4,50,4,7,natural,3,medium
fire hydrant@medium,4,100,4,7,natural,3,medium
fire hydrant@medium,4,150,4,7,natural,3,medium
fire hydrant@small,4,25,1,85,natural,3,small
fire hydrant@small,4,50,1,85,natural,3,small
fire hydrant@small,4,100,3,85,natural,3,small
fire hydrant@small,4,150,3,85,natural,3,small
fork@large,4,25,3,7,natural,3,large
fork@large,4,50,4,7,natural,3,large
fork@large,4,100,4,7,natural,3,large
fork@large,4,150,5,7,natural,3,large
fork@medium,4,25,3,7,natural,3,medium
fork@medium,4,50,3,7,natural,3,medium
fork@medium,4,100,4,7,natural,3,medium
fork@medium,4,150,5,7,natural,3,medium
fork@small,4,25,2,29,natural,3,small
fork@small,4,50,3,29,natural,3,small
fork@small,4,100,4,29,natural,3,small
fork@small,4,150,5,29,natural,3,small
frisbee@large,4,25,4,7,natural,3,large
frisbee@large,4,50,4,7,natural,3,large
frisbee@large,4,100,4,7,natural,3,large
frisbee@large,4,150,4,7,natural,3,large
frisbee@medium,4,25,3,7,natural,3,medium
frisbee@medium,4,50,3,7,natural,3,medium
frisbee@medium,4,100,3,7,natural,3,medium
frisbee@medium,4,150,3,7,natural,3,medium
frisbee@small,4,25,3,7,natural,3,small
frisbee@small,4,50,3,7,natural,3,small
frisbee@small,4,100,3,7,natural,3,small
frisbee@small,4,150,3,7,natural,3,small
keyboard@large,4,25,3,7,natural,3,large
keyboard@large,4,50,3,7,natural,3,large
keyboard@large,4,100,3,7,natural,3,large
keyboard@large,4,150,3,7,natural,3,large
keyboard@medium,4,25,3,19,natural,3,medium
keyboard@medium,4,50,4,19,natural,3,medium
keyboard@medium,4,100,4,19,natural,3,medium
keyboard@medium,4,150,5,19,natural,3,medium
keyboard@small,4,25,0,150,natural,3,small
keyboard@small,4,50,0,150,natural,3,small
keyboard@small,4,100,2,150,natural,3,small
keyboard@small,4,150,3,150,natural,3,small
kite@large,4,25,4,7,natural,3,large
kite@large,4,50,4,7,natural,3,large
kite@large,4,100,5,7,natural,3,large
kite@large,4,150,6,7,natural,3,large
kite@medium,4,25,6,7,natural,3,medium
kite@medium,4,50,6,7,natural,3,medium
kite@medium,4,100,6,7,natural,3,medium
kite@medium,4,150,6,7,natural,3,medium
kite@small,4,25,10,7,natural,3,small
kite@small,4,50,10,7,natural,3,small
kite@small,4,100,10,7,natural,3,small
kite@small,4,150,10,7,natural,3,small
knife@large,4,25,3,7,natural,3,large
knife@large,4,50,3,7,natural,3,large
knife@large,4,100,4,7,natural,3,large
knife@large,4,150,4,7,natural,3,large
knife@medium,4,25,3,7,natural,3,medium
knife@medium,4,50,3,7,natural,3,medium
knife@medium,4,100,4,7,natural,3,medium
knife@medium,4,150,5,7,natural,3,medium
knife@small,4,25,0,150,natural,3,small
knife@small,4,50,0,150,natural,3,small
knife@small,4,100,0,150,natural,3,small
knife@small,4,150,0,150,natural,3,small
laptop@large,4,25,3,7,natural,3,large
laptop@large,4,50,3,7,natural,3,large
laptop@large,4,100,4,7,natural,3,large
laptop@large,4,150,4,7,natural,3,large
laptop@medium,4,25,1,45,natural,3,medium
laptop@medium,4,50,3,45,natural,3,medium
laptop@medium,4,100,3,45,natural,3,medium
laptop@medium,4,150,3,45,natural,3,medium
laptop@small,4,25,0,150,natural,3,small
laptop@small,4,50,0,150,natural,3,small
laptop@small,4,100,0,150,natural,3,small
laptop@small,4,150,1,150,natural,3,small
microwave@large,4,25,3,7,natural,3,large
microwave@large,4,50,3,7,natural,3,large
microwave@large,4,100,3,7,natural,3,large
microwave@large,4,150,3,7,natural,3,large
microwave@medium,4,25,3,18,natural,3,medium
microwave@medium,4,50,3,18,natural,3,medium
microwave@medium,4,100,3,18,natural,3,medium
microwave@medium,4,150,3,18,natural,3,medium
microwave@small,4,25,0,150,natural,3,small
microwave@small,4,50,0,150,natural,3,small
microwave@small,4,100,0,150,natural,3,small
microwave@small,4,150,2,150,natural,3,small
motorcycle@large,4,25,3,7,natural,3,large
motorcycle@large,4,50,3,7,natural,3,large
motorcycle@large,4,100,3,7,natural,3,large
motorcycle@large,4,150,3,7,natural,3,large
motorcycle@medium,4,25,3,7,natural,3,medium
motorcycle@medium,4,50,3,7,natural,3,medium
motorcycle@medium,4,100,3,7,natural,3,medium
motorcycle@medium,4,150,4,7,natural,3,medium
motorcycle@small,4,25,1,62,natural,3,small
motorcycle@small,4,50,2,62,natural,3,small
motorcycle@small,4,100,3,62,natural,3,small
motorcycle@small,4,150,4,62,natural,3,small
mouse@large,4,25,4,7,natural,3,large
mouse@large,4,50,4,7,natural,3,large
mouse@large,4,100,4,7,natural,3,large
mouse@large,4,150,4,7,natural,3,large
mouse@medium,4,25,3,7,natural,3,medium
mouse@medium,4,50,3,7,natural,3,medium
mouse@medium,4,100,3,7,natural,3,medium
mouse@medium,4,150,3,7,natural,3,medium
mouse@small,4,25,0,61,natural,3,small
mouse@small,4,50,1,61,natural,3,small
mouse@small,4,100,3,61,natural,3,small
mouse@small,4,150,3,61,natural,3,small
orange@large,4,25,3,7,natural,3,large
orange@large,4,50,3,7,natural,3,large
orange@large,4,100,7,7,natural,3,large
orange@large,4,150,17,7,natural,3,large
orange@medium,4,25,4,7,natural,3,medium
orange@medium,4,50,4,7,natural,3,medium
orange@medium,4,100,4,7,natural,3,medium
orange@medium,4,150,6,7,natural,3,medium
parking meter@large,4,25,3,7,natural,3,large
parking meter@large,4,50,3,7,natural,3,large
parking meter@large,4,100,4,7,natural,3,large
parking meter@large,4,150,4,7,natural,3,large
parking meter@medium,4,25,3,7,natural,3,medium
parking meter@medium,4,50,3,7,natural,3,medium
parking meter@medium,4,100,5,7,natural,3,medium
parking meter@medium,4,150,5,7,natural,3,medium
parking meter@small,4,25,2,30,natural,3,small
parking meter@small,4,50,4,30,natural,3,small
parking meter@small,4,100,5,30,natural,3,small
parking meter@small,4,150,6,30,natural,3,small
person@large,4,25,4,7,natural,3,large
person@large,4,50,4,7,natural,3,large
person@large,4,100,4,7,natural,3,large
person@large,4,150,5,7,natural,3,large
person@medium,4,25,3,13,natural,3,medium
person@medium,4,50,3,13,natural,3,medium
person@medium,4,100,3,13,natural,3,medium
person@medium,4,150,3,13,natural,3,medium
person@small,4,25,0,150,natural,3,small
person@small,4,50,0,150,natural,3,small
person@small,4,100,0,150,natural,3,small
person@small,4,150,1,150,natural,3,small
remote@large,4,25,3,7,natural,3,large
remote@large,4,50,3,7,natural,3,large
remote@large,4,100,3,7,natural,3,large
remote@large,4,150,3,7,natural,3,large
remote@medium,4,25,3,9,natural,3,medium
remote@medium,4,50,3,9,natural,3,medium
remote@medium,4,100,3,9,natural,3,medium
remote@medium,4,150,3,9,natural,3,medium
remote@small,4,25,0,89,natural,3,small
remote@small,4,50,2,89,natural,3,small
remote@small,4,100,3,89,natural,3,small
remote@small,4,150,3,89,natural,3,small
scissors@large,4,25,3,7,natural,3,large
scissors@large,4,50,3,7,natural,3,large
scissors@large,4,100,3,7,natural,3,large
scissors@large,4,150,4,7,natural,3,large
scissors@medium,4,25,3,7,natural,3,medium
scissors@medium,4,50,3,7,natural,3,medium
scissors@medium,4,100,3,7,natural,3,medium
scissors@medium,4,150,3,7,natural,3,medium
scissors@small,4,25,1,51,natural,3,small
scissors@small,4,50,2,51,natural,3,small
scissors@small,4,100,3,51,natural,3,small
scissors@small,4,150,3,51,natural,3,small
single serving drinking vessel@large,4,25,3,7,natural,3,large
single serving drinking vessel@large,4,50,3,7,natural,3,large
single serving drinking vessel@large,4,100,3,7,natural,3,large
single serving drinking vessel@large,4,150,4,7,natural,3,large
single serving drinking vessel@medium,4,25,3,7,natural,3,medium
single serving drinking vessel@medium,4,50,3,7,natural,3,medium
single serving drinking vessel@medium,4,100,3,7,natural,3,medium
single serving drinking vessel@medium,4,150,4,7,natural,3,medium
single serving drinking vessel@small,4,25,2,80,natural,3,small
single serving drinking vessel@small,4,50,2,80,natural,3,small
single serving drinking vessel@small,4,100,3,80,natural,3,small
single serving drinking vessel@small,4,150,4,80,natural,3,small
sink@large,4,25,3,7,natural,3,large
sink@large,4,50,3,7,natural,3,large
sink@large,4,100,3,7,natural,3,large
sink@large,4,150,3,7,natural,3,large
sink@medium,4,25,3,14,natural,3,medium
sink@medium,4,50,4,14,natural,3,medium
sink@medium,4,100,4,14,natural,3,medium
sink@medium,4,150,4,14,natural,3,medium
sink@small,4,25,2,68,natural,3,small
sink@small,4,50,2,68,natural,3,small
sink@small,4,100,4,68,natural,3,small
sink@small,4,150,4,68,natural,3,small
skateboard@large,4,25,3,7,natural,3,large
skateboard@large,4,50,3,7,natural,3,large
skateboard@large,4,100,4,7,natural,3,large
skateboard@large,4,150,4,7,natural,3,large
skateboard@medium,4,25,3,7,natural,3,medium
skateboard@medium,4,50,3,7,natural,3,medium
skateboard@medium,4,100,3,7,natural,3,medium
skateboard@medium,4,150,15,7,natural,3,medium
skateboard@small,4,25,3,7,natural,3,small
skateboard@small,4,50,4,7,natural,3,small
skateboard@small,4,100,4,7,natural,3,small
skateboard@small,4,150,4,7,natural,3,small
skis@large,4,25,3,7,natural,3,large
skis@large,4,50,11,7,natural,3,large
skis@large,4,100,17,7,natural,3,large
skis@large,4,150,24,7,natural,3,large
skis@medium,4,25,9,7,natural,3,medium
skis@medium,4,50,19,7,natural,3,medium
skis@medium,4,100,34,7,natural,3,medium
skis@medium,4,150,48,7,natural,3,medium
skis@small,4,25,3,12,natural,3,small
skis@small,4,50,3,12,natural,3,small
skis@small,4,100,13,12,natural,3,small
skis@small,4,150,16,12,natural,3,small
snowboard@large,4,25,5,7,natural,3,large
snowboard@large,4,50,5,7,natural,3,large
snowboard@large,4,100,6,7,natural,3,large
snowboard@large,4,150,8,7,natural,3,large
snowboard@medium,4,25,3,7,natural,3,medium
snowboard@medium,4,50,3,7,natural,3,medium
snowboard@medium,4,100,3,7,natural,3,medium
snowboard@medium,4,150,6,7,natural,3,medium
snowboard@small,4,25,4,7,natural,3,small
snowboard@small,4,50,14,7,natural,3,small
snowboard@small,4,100,27,7,natural,3,small
snowboard@small,4,150,38,7,natural,3,small
spoon@large,4,25,5,8,natural,3,large
spoon@large,4,50,5,8,natural,3,large
spoon@large,4,100,5,8,natural,3,large
spoon@large,4,150,5,8,natural,3,large
spoon@medium,4,25,1,41,natural,3,medium
spoon@medium,4,50,4,41,natural,3,medium
spoon@medium,4,100,4,41,natural,3,medium
spoon@medium,4,150,5,41,natural,3,medium
spoon@small,4,25,0,150,natural,3,small
spoon@small,4,50,0,150,natural,3,small
spoon@small,4,100,1,150,natural,3,small
spoon@small,4,150,1,150,natural,3,small
stop sign@large,4,25,3,7,natural,3,large
stop sign@large,4,50,3,7,natural,3,large
stop sign@large,4,100,3,7,natural,3,large
stop sign@large,4,150,4,7,natural,3,large
stop sign@medium,4,25,6,7,natural,3,medium
stop sign@medium,4,50,6,7,natural,3,medium
stop sign@medium,4,100,6,7,natural,3,medium
stop sign@medium,4,150,6,7,natural,3,medium
stop sign@small,4,25,0,56,natural,3,small
stop sign@small,4,50,2,56,natural,3,small
stop sign@small,4,100,3,56,natural,3,small
stop sign@small,4,150,4,56,natural,3,small
surfboard@large,4,25,3,7,natural,3,large
surfboard@large,4,50,3,7,natural,3,large
surfboard@large,4,100,3,7,natural,3,large
surfboard@large,4,150,3,7,natural,3,large
surfboard@medium,4,25,3,7,natural,3,medium
surfboard@medium,4,50,3,7,natural,3,medium
surfboard@medium,4,100,3,7,natural,3,medium
surfboard@medium,4,150,3,7,natural,3,medium
surfboard@small,4,25,3,7,natural,3,small
surfboard@small,4,50,3,7,natural,3,small
surfboard@small,4,100,7,7,natural,3,small
surfboard@small,4,150,10,7,natural,3,small
tennis racket@large,4,25,8,7,natural,3,large
tennis racket@large,4,50,8,7,natural,3,large
tennis racket@large,4,100,28,7,natural,3,large
tennis racket@large,4,150,40,7,natural,3,large
tennis racket@medium,4,25,3,7,natural,3,medium
tennis racket@medium,4,50,3,7,natural,3,medium
tennis racket@medium,4,100,3,7,natural,3,medium
tennis racket@medium,4,150,3,7,natural,3,medium
tennis racket@small,4,25,9,7,natural,3,small
tennis racket@small,4,50,27,7,natural,3,small
tennis racket@small,4,100,27,7,natural,3,small
tennis racket@small,4,150,27,7,natural,3,small
tie@large,4,25,3,7,natural,3,large
tie@large,4,50,3,7,natural,3,large
tie@large,4,100,3,7,natural,3,large
tie@large,4,150,4,7,natural,3,large
tie@medium,4,25,3,7,natural,3,medium
tie@medium,4,50,3,7,natural,3,medium
tie@medium,4,100,4,7,natural,3,medium
tie@medium,4,150,4,7,natural,3,medium
tie@small,4,25,2,26,natural,3,small
tie@small,4,50,3,26,natural,3,small
tie@small,4,100,3,26,natural,3,small
tie@small,4,150,3,26,natural,3,small
toothbrush@large,4,25,3,7,natural,3,large
toothbrush@large,4,50,3,7,natural,3,large
toothbrush@large,4,100,3,7,natural,3,large
toothbrush@large,4,150,3,7,natural,3,large
toothbrush@medium,4,25,4,7,natural,3,medium
toothbrush@medium,4,50,4,7,natural,3,medium
toothbrush@medium,4,100,4,7,natural,3,medium
toothbrush@medium,4,150,4,7,natural,3,medium
toothbrush@small,4,25,3,7,natural,3,small
toothbrush@small,4,50,4,7,natural,3,small
toothbrush@small,4,100,5,7,natural,3,small
toothbrush@small,4,150,5,7,natural,3,small
traffic light@large,4,25,3,7,natural,3,large
traffic light@large,4,50,3,7,natural,3,large
traffic light@large,4,100,3,7,natural,3,large
traffic light@large,4,150,5,7,natural,3,large
traffic light@medium,4,25,3,7,natural,3,medium
traffic light@medium,4,50,4,7,natural,3,medium
traffic light@medium,4,100,7,7,natural,3,medium
traffic light@medium,4,150,7,7,natural,3,medium
traffic light@small,4,25,3,17,natural,3,small
traffic light@small,4,50,4,17,natural,3,small
traffic light@small,4,100,4,17,natural,3,small
traffic light@small,4,150,5,17,natural,3,small
tv@large,4,25,3,7,natural,3,large
tv@large,4,50,3,7,natural,3,large
tv@large,4,100,3,7,natural,3,large
tv@large,4,150,3,7,natural,3,large
tv@medium,4,25,3,7,natural,3,medium
tv@medium,4,50,3,7,natural,3,medium
tv@medium,4,100,3,7,natural,3,medium
tv@medium,4,150,3,7,natural,3,medium
tv@small,4,25,0,150,natural,3,small
tv@small,4,50,0,150,natural,3,small
tv@small,4,100,0,150,natural,3,small
tv@small,4,150,0,150,natural,3,small
umbrella@large,4,25,3,7,natural,3,large
umbrella@large,4,50,3,7,natural,3,large
umbrella@large,4,100,3,7,natural,3,large
umbrella@large,4,150,4,7,natural,3,large
umbrella@medium,4,25,3,7,natural,3,medium
umbrella@medium,4,50,3,7,natural,3,medium
umbrella@medium,4,100,4,7,natural,3,medium
umbrella@medium,4,150,5,7,natural,3,medium
umbrella@small,4,25,1,56,natural,3,small
umbrella@small,4,50,2,56,natural,3,small
umbrella@small,4,100,3,56,natural,3,small
umbrella@small,4,150,3,56,natural,3,small
vase or potted plant@large,4,25,3,7,natural,3,large
vase or potted plant@large,4,50,3,7,natural,3,large
vase or potted plant@large,4,100,3,7,natural,3,large
vase or potted plant@large,4,150,3,7,natural,3,large
vase or potted plant@medium,4,25,3,7,natural,3,medium
vase or potted plant@medium,4,50,3,7,natural,3,medium
vase or potted plant@medium,4,100,4,7,natural,3,medium
vase or potted plant@medium,4,150,5,7,natural,3,medium
vase or potted plant@small,4,25,0,150,natural,3,small
vase or potted plant@small,4,50,0,150,natural,3,small
vase or potted plant@small,4,100,0,150,natural,3,small
vase or potted plant@small,4,150,0,150,natural,3,small
airplane@large,0,25,10,10,natural,6,large
airplane@large,0,50,16,10,natural,6,large
airplane@large,0,100,33,10,natural,6,large
airplane@large,0,150,48,10,natural,6,large
airplane@medium,0,25,6,10,natural,6,medium
airplane@medium,0,50,8,10,natural,6,medium
airplane@medium,0,100,13,10,natural,6,medium
airplane@medium,0,150,33,10,natural,6,medium
airplane@small,0,25,6,10,natural,6,small
airplane@small,0,50,6,10,natural,6,small
airplane@small,0,100,6,10,natural,6,small
airplane@small,0,150,6,10,natural,6,small
apple@large,0,25,8,10,natural,6,large
apple@large,0,50,10,10,natural,6,large
apple@large,0,100,19,10,natural,6,large
apple@large,0,150,34,10,natural,6,large
apple@medium,0,25,6,10,natural,6,medium
apple@medium,0,50,6,10,natural,6,medium
apple@medium,0,100,6,10,natural,6,medium
apple@medium,0,150,7,10,natural,6,medium
bag or luggage@large,0,25,6,10,natural,6,large
bag or luggage@large,0,50,6,10,natural,6,large
bag or luggage@large,0,100,7,10,natural,6,large
bag or luggage@large,0,150,8,10,natural,6,large
bag or luggage@medium,0,25,5,27,natural,6,medium
bag or luggage@medium,0,50,7,27,natural,6,medium
bag or luggage@medium,0,100,7,27,natural,6,medium
bag or luggage@medium,0,150,8,27,natural,6,medium
bag or luggage@small,0,25,0,150,natural,6,small
bag or luggage@small,0,50,0,150,natural,6,small
bag or luggage@small,0,100,0,150,natural,6,small
bag or luggage@small,0,150,2,150,natural,6,small
banana@large,0,25,6,10,natural,6,large
banana@large,0,50,6,10,natural,6,large
banana@large,0,100,6,10,natural,6,large
banana@large,0,150,7,10,natural,6,large
banana@medium,0,25,6,10,natural,6,medium
banana@medium,0,50,6,10,natural,6,medium
banana@medium,0,100,6,10,natural,6,medium
banana@medium,0,150,6,10,natural,6,medium
baseball bat@large,0,25,8,10,natural,6,large
baseball bat@large,0,50,22,10,natural,6,large
baseball bat@large,0,100,22,10,natural,6,large
baseball bat@large,0,150,22,10,natural,6,large
baseball bat@medium,0,25,7,10,natural,6,medium
baseball bat@medium,0,50,12,10,natural,6,medium
baseball bat@medium,0,100,28,10,natural,6,medium
baseball bat@medium,0,150,40,10,natural,6,medium
baseball bat@small,0,25,6,10,natural,6,small
baseball bat@small,0,50,6,10,natural,6,small
baseball bat@small,0,100,29,10,natural,6,small
baseball bat@small,0,150,33,10,natural,6,small
bench@large,0,25,6,10,natural,6,large
bench@large,0,50,6,10,natural,6,large
bench@large,0,100,6,10,natural,6,large
bench@large,0,150,6,10,natural,6,large
bench@medium,0,25,6,18,natural,6,medium
bench@medium,0,50,6,18,natural,6,medium
bench@medium,0,100,6,18,natural,6,medium
bench@medium,0,150,6,18,natural,6,medium
bench@small,0,25,0,150,natural,6,small
bench@small,0,50,0,150,natural,6,small
bench@small,0,100,0,150,natural,6,small
bench@small,0,150,1,150,natural,6,small
bicycle@large,0,25,7,10,natural,6,large
bicycle@large,0,50,7,10,natural,6,large
bicycle@large,0,100,7,10,natural,6,large
bicycle@large,0,150,7,10,natural,6,large
bicycle@medium,0,25,6,12,natural,6,medium
bicycle@medium,0,50,6,12,natural,6,medium
bicycle@medium,0,100,7,12,natural,6,medium
bicycle@medium,0,150,7,12,natural,6,medium
bicycle@small,0,25,2,134,natural,6,small
bicycle@small,0,50,2,134,natural,6,small
bicycle@small,0,100,3,134,natural,6,small
bicycle@small,0,150,6,134,natural,6,small
bird@large,0,25,8,10,natural,6,large
bird@large,0,50,9,10,natural,6,large
bird@large,0,100,30,10,natural,6,large
bird@large,0,150,35,10,natural,6,large
bird@medium,0,25,8,10,natural,6,medium
bird@medium,0,50,8,10,natural,6,medium
bird@medium,0,100,8,10,natural,6,medium
bird@medium,0,150,8,10,natural,6,medium
bird@small,0,25,2,69,natural,6,small
bird@small,0,50,4,69,natural,6,small
bird@small,0,100,6,69,natural,6,small
bird@small,0,150,6,69,natural,6,small
boat@large,0,25,7,10,natural,6,large
boat@large,0,50,7,10,natural,6,large
boat@large,0,100,7,10,natural,6,large
boat@large,0,150,7,10,natural,6,large
boat@medium,0,25,6,10,natural,6,medium
boat@medium,0,50,7,10,natural,6,medium
boat@medium,0,100,7,10,natural,6,medium
boat@medium,0,150,7,10,natural,6,medium
boat@small,0,25,6,16,natural,6,small
boat@small,0,50,6,16,natural,6,small
boat@small,0,100,7,16,natural,6,small
boat@small,0,150,7,16,natural,6,small
book@large,0,25,6,10,natural,6,large
book@large,0,50,6,10,natural,6,large
book@large,0,100,6,10,natural,6,large
book@large,0,150,6,10,natural,6,large
book@medium,0,25,1,132,natural,6,medium
book@medium,0,50,2,132,natural,6,medium
book@medium,0,100,5,132,natural,6,medium
book@medium,0,150,6,132,natural,6,medium
book@small,0,25,0,150,natural,6,small
book@small,0,50,0,150,natural,6,small
book@small,0,100,0,150,natural,6,small
book@small,0,150,0,150,natural,6,small
bottle@large,0,25,6,11,natural,6,large
bottle@large,0,50,6,11,natural,6,large
bottle@large,0,100,6,11,natural,6,large
bottle@large,0,150,6,11,natural,6,large
bottle@medium,0,25,1,102,natural,6,medium
bottle@medium,0,50,2,102,natural,6,medium
bottle@medium,0,100,5,102,natural,6,medium
bottle@medium,0,150,7,102,natural,6,medium
bottle@small,0,25,1,150,natural,6,small
bottle@small,0,50,1,150,natural,6,small
bottle@small,0,100,1,150,natural,6,small
bottle@small,0,150,1,150,natural,6,small
bowl@large,0,25,6,24,natural,6,large
bowl@large,0,50,8,24,natural,6,large
bowl@large,0,100,8,24,natural,6,large
bowl@large,0,150,8,24,natural,6,large
bowl@medium,0,25,0,136,natural,6,medium
bowl@medium,0,50,1,136,natural,6,medium
bowl@medium,0,100,3,136,natural,6,medium
bowl@medium,0,150,6,136,natural,6,medium
bowl@small,0,25,0,150,natural,6,small
bowl@small,0,50,0,150,natural,6,small
bowl@small,0,100,0,150,natural,6,small
bowl@small,0,150,0,150,natural,6,small
bus@large,0,25,6,10,natural,6,large
bus@large,0,50,6,10,natural,6,large
bus@large,0,100,6,10,natural,6,large
bus@large,0,150,6,10,natural,6,large
bus@medium,0,25,6,10,natural,6,medium
bus@medium,0,50,6,10,natural,6,medium
bus@medium,0,100,6,10,natural,6,medium
bus@medium,0,150,6,10,natural,6,medium
bus@small,0,25,1,140,natural,6,small
bus@small,0,50,1,140,natural,6,small
bus@small,0,100,4,140,natural,6,small
bus@small,0,150,6,140,natural,6,small
cell phone@large,0,25,7,10,natural,6,large
cell phone@large,0,50,7,10,natural,6,large
cell phone@large,0,100,7,10,natural,6,large
cell phone@large,0,150,7,10,natural,6,large
cell phone@medium,0,25,7,10,natural,6,medium
cell phone@medium,0,50,7,10,natural,6,medium
cell phone@medium,0,100,8,10,natural,6,medium
cell phone@medium,0,150,8,10,natural,6,medium
cell phone@small,0,25,1,150,natural,6,small
cell phone@small,0,50,4,150,natural,6,small
cell phone@small,0,100,5,150,natural,6,small
cell phone@small,0,150,5,150,natural,6,small
chair@large,0,25,5,30,natural,6,large
chair@large,0,50,6,30,natural,6,large
chair@large,0,100,8,30,natural,6,large
chair@large,0,150,8,30,natural,6,large
chair@medium,0,25,1,150,natural,6,medium
chair@medium,0,50,2,150,natural,6,medium
chair@medium,0,100,2,150,natural,6,medium
chair@medium,0,150,4,150,natural,6,medium
chair@small,0,25,0,150,natural,6,small
chair@small,0,50,0,150,natural,6,small
chair@small,0,100,0,150,natural,6,small
chair@small,0,150,0,150,natural,6,small
clock@large,0,25,6,10,natural,6,large
clock@large,0,50,6,10,natural,6,large
clock@large,0,100,6,10,natural,6,large
clock@large,0,150,6,10,natural,6,large
clock@medium,0,25,6,10,natural,6,medium
clock@medium,0,50,7,10,natural,6,medium
clock@medium,0,100,7,10,natural,6,medium
clock@medium,0,150,7,10,natural,6,medium
clock@small,0,25,4,58,natural,6,small
clock@small,0,50,5,58,natural,6,small
clock@small,0,100,6,58,natural,6,small
clock@small,0,150,7,58,natural,6,small
dining table@large,0,25,6,23,natural,6,large
dining table@large,0,50,6,23,natural,6,large
dining table@large,0,100,6,23,natural,6,large
dining table@large,0,150,6,23,natural,6,large
dining table@medium,0,25,5,27,natural,6,medium
dining table@medium,0,50,6,27,natural,6,medium
dining table@medium,0,100,6,27,natural,6,medium
dining table@medium,0,150,6,27,natural,6,medium
dining table@small,0,25,0,72,natural,6,small
dining table@small,0,50,3,72,natural,6,small
dining table@small,0,100,8,72,natural,6,small
dining table@small,0,150,9,72,natural,6,small
dog@large,0,25,6,10,natural,6,large
dog@large,0,50,6,10,natural,6,large
dog@large,0,100,6,10,natural,6,large
dog@large,0,150,6,10,natural,6,large
dog@medium,0,25,6,20,natural,6,medium
dog@medium,0,50,6,20,natural,6,medium
dog@medium,0,100,6,20,natural,6,medium
dog@medium,0,150,8,20,natural,6,medium
dog@small,0,25,0,150,natural,6,small
dog@small,0,50,1,150,natural,6,small
dog@small,0,100,4,150,natural,6,small
dog@small,0,150,4,150,natural,6,small
enclosed road vehicle@large,0,25,6,10,natural,6,large
enclosed road vehicle@large,0,50,6,10,natural,6,large
enclosed road vehicle@large,0,100,6,10,natural,6,large
enclosed road vehicle@large,0,150,6,10,natural,6,large
enclosed road vehicle@medium,0,25,1,49,natural,6,medium
enclosed road vehicle@medium,0,50,6,49,natural,6,medium
enclosed road vehicle@medium,0,100,6,49,natural,6,medium
enclosed road vehicle@medium,0,150,7,49,natural,6,medium
enclosed road vehicle@small,0,25,0,150,natural,6,small
enclosed road vehicle@small,0,50,1,150,natural,6,small
enclosed road vehicle@small,0,100,3,150,natural,6,small
enclosed road vehicle@small,0,150,5,150,natural,6,small
fire hydrant@large,0,25,6,10,natural,6,large
fire hydrant@large,0,50,7,10,natural,6,large
fire hydrant@large,0,100,7,10,natural,6,large
fire hydrant@large,0,150,7,10,natural,6,large
fire hydrant@medium,0,25,6,10,natural,6,medium
fire hydrant@medium,0,50,6,10,natural,6,medium
fire hydrant@medium,0,100,6,10,natural,6,medium
fire hydrant@medium,0,150,6,10,natural,6,medium
fire hydrant@small,0,25,0,88,natural,6,small
fire hydrant@small,0,50,1,88,natural,6,small
fire hydrant@small,0,100,6,88,natural,6,small
fire hydrant@small,0,150,6,88,natural,6,small
fork@large,0,25,6,10,natural,6,large
fork@large,0,50,6,10,natural,6,large
fork@large,0,100,9,10,natural,6,large
fork@large,0,150,11,10,natural,6,large
fork@medium,0,25,6,25,natural,6,medium
fork@medium,0,50,6,25,natural,6,medium
fork@medium,0,100,6,25,natural,6,medium
fork@medium,0,150,6,25,natural,6,medium
fork@small,0,25,1,134,natural,6,small
fork@small,0,50,1,134,natural,6,small
fork@small,0,100,2,134,natural,6,small
fork@small,0,150,6,134,natural,6,small
frisbee@large,0,25,9,10,natural,6,large
frisbee@large,0,50,9,10,natural,6,large
frisbee@large,0,100,9,10,natural,6,large
frisbee@large,0,150,9,10,natural,6,large
frisbee@medium,0,25,7,10,natural,6,medium
frisbee@medium,0,50,7,10,natural,6,medium
frisbee@medium,0,100,7,10,natural,6,medium
frisbee@medium,0,150,7,10,natural,6,medium
frisbee@small,0,25,6,10,natural,6,small
frisbee@small,0,50,6,10,natural,6,small
frisbee@small,0,100,6,10,natural,6,small
frisbee@small,0,150,6,10,natural,6,small
keyboard@large,0,25,7,10,natural,6,large
keyboard@large,0,50,7,10,natural,6,large
keyboard@large,0,100,7,10,natural,6,large
keyboard@large,0,150,9,10,natural,6,large
keyboard@medium,0,25,4,38,natural,6,medium
keyboard@medium,0,50,6,38,natural,6,medium
keyboard@medium,0,100,6,38,natural,6,medium
keyboard@medium,0,150,6,38,natural,6,medium
keyboard@small,0,25,0,150,natural,6,small
keyboard@small,0,50,0,150,natural,6,small
keyboard@small,0,100,0,150,natural,6,small
keyboard@small,0,150,2,150,natural,6,small
kite@large,0,25,6,10,natural,6,large
kite@large,0,50,7,10,natural,6,large
kite@large,0,100,7,10,natural,6,large
kite@large,0,150,15,10,natural,6,large
kite@medium,0,25,6,10,natural,6,medium
kite@medium,0,50,6,10,natural,6,medium
kite@medium,0,100,6,10,natural,6,medium
kite@medium,0,150,6,10,natural,6,medium
kite@small,0,25,6,10,natural,6,small
kite@small,0,50,6,10,natural,6,small
kite@small,0,100,6,10,natural,6,small
kite@small,0,150,6,10,natural,6,small
knife@large,0,25,6,12,natural,6,large
knife@large,0,50,6,12,natural,6,large
knife@large,0,100,7,12,natural,6,large
knife@large,0,150,7,12,natural,6,large
knife@medium,0,25,2,150,natural,6,medium
knife@medium,0,50,3,150,natural,6,medium
knife@medium,0,100,5,150,natural,6,medium
knife@medium,0,150,5,150,natural,6,medium
knife@small,0,25,0,150,natural,6,small
knife@small,0,50,0,150,natural,6,small
knife@small,0,100,0,150,natural,6,small
knife@small,0,150,0,150,natural,6,small
laptop@large,0,25,6,10,natural,6,large
laptop@large,0,50,6,10,natural,6,large
laptop@large,0,100,8,10,natural,6,large
laptop@large,0,150,8,10,natural,6,large
laptop@medium,0,25,3,60,natural,6,medium
laptop@medium,0,50,5,60,natural,6,medium
laptop@medium,0,100,6,60,natural,6,medium
laptop@medium,0,150,6,60,natural,6,medium
laptop@small,0,25,0,150,natural,6,small
laptop@small,0,50,0,150,natural,6,small
laptop@small,0,100,0,150,natural,6,small
laptop@small,0,150,1,150,natural,6,small
microwave@large,0,25,6,10,natural,6,large
microwave@large,0,50,6,10,natural,6,large
microwave@large,0,100,6,10,natural,6,large
microwave@large,0,150,6,10,natural,6,large
microwave@medium,0,25,5,26,natural,6,medium
microwave@medium,0,50,6,26,natural,6,medium
microwave@medium,0,100,6,26,natural,6,medium
microwave@medium,0,150,6,26,natural,6,medium
microwave@small,0,25,0,150,natural,6,small
microwave@small,0,50,0,150,natural,6,small
microwave@small,0,100,1,150,natural,6,small
microwave@small,0,150,3,150,natural,6,small
motorcycle@large,0,25,6,10,natural,6,large
motorcycle@large,0,50,9,10,natural,6,large
motorcycle@large,0,100,11,10,natural,6,large
motorcycle@large,0,150,11,10,natural,6,large
motorcycle@medium,0,25,6,10,natural,6,medium
motorcycle@medium,0,50,6,10,natural,6,medium
motorcycle@medium,0,100,6,10,natural,6,medium
motorcycle@medium,0,150,6,10,natural,6,medium
motorcycle@small,0,25,1,150,natural,6,small
motorcycle@small,0,50,1,150,natural,6,small
motorcycle@small,0,100,2,150,natural,6,small
motorcycle@small,0,150,3,150,natural,6,small
mouse@large,0,25,6,10,natural,6,large
mouse@large,0,50,6,10,natural,6,large
mouse@large,0,100,6,10,natural,6,large
mouse@large,0,150,17,10,natural,6,large
mouse@medium,0,25,6,10,natural,6,medium
mouse@medium,0,50,6,10,natural,6,medium
mouse@medium,0,100,6,10,natural,6,medium
mouse@medium,0,150,6,10,natural,6,medium
mouse@small,0,25,0,74,natural,6,small
mouse@small,0,50,2,74,natural,6,small
mouse@small,0,100,7,74,natural,6,small
mouse@small,0,150,7,74,natural,6,small
orange@large,0,25,8,10,natural,6,large
orange@large,0,50,8,10,natural,6,large
orange@large,0,100,9,10,natural,6,large
orange@large,0,150,9,10,natural,6,large
orange@medium,0,25,10,10,natural,6,medium
orange@medium,0,50,10,10,natural,6,medium
orange@medium,0,100,10,10,natural,6,medium
orange@medium,0,150,11,10,natural,6,medium
parking meter@large,0,25,6,10,natural,6,large
parking meter@large,0,50,6,10,natural,6,large
parking meter@large,0,100,6,10,natural,6,large
parking meter@large,0,150,6,10,natural,6,large
parking meter@medium,0,25,6,10,natural,6,medium
parking meter@medium,0,50,6,10,natural,6,medium
parking meter@medium,0,100,6,10,natural,6,medium
parking meter@medium,0,150,6,10,natural,6,medium
parking meter@small,0,25,3,90,natural,6,small
parking meter@small,0,50,4,90,natural,6,small
parking meter@small,0,100,6,90,natural,6,small
parking meter@small,0,150,6,90,natural,6,small
person@large,0,25,15,15,natural,6,large
person@large,0,50,16,15,natural,6,large
person@large,0,100,16,15,natural,6,large
person@large,0,150,16,15,natural,6,large
person@medium,0,25,2,127,natural,6,medium
person@medium,0,50,3,127,natural,6,medium
person@medium,0,100,5,127,natural,6,medium
person@medium,0,150,7,127,natural,6,medium
person@small,0,25,0,150,natural,6,small
person@small,0,50,0,150,natural,6,small
person@small,0,100,0,150,natural,6,small
person@small,0,150,0,150,natural,6,small
remote@large,0,25,6,10,natural,6,large
remote@large,0,50,7,10,natural,6,large
remote@large,0,100,7,10,natural,6,large
remote@large,0,150,7,10,natural,6,large
remote@medium,0,25,7,12,natural,6,medium
remote@medium,0,50,7,12,natural,6,medium
remote@medium,0,100,8,12,natural,6,medium
remote@medium,0,150,8,12,natural,6,medium
remote@small,0,25,0,63,natural,6,small
remote@small,0,50,5,63,natural,6,small
remote@small,0,100,6,63,natural,6,small
remote@small,0,150,6,63,natural,6,small
scissors@large,0,25,21,10,natural,6,large
scissors@large,0,50,29,10,natural,6,large
scissors@large,0,100,30,10,natural,6,large
scissors@large,0,150,30,10,natural,6,large
scissors@medium,0,25,6,10,natural,6,medium
scissors@medium,0,50,7,10,natural,6,medium
scissors@medium,0,100,7,10,natural,6,medium
scissors@medium,0,150,7,10,natural,6,medium
scissors@small,0,25,1,150,natural,6,small
scissors@small,0,50,1,150,natural,6,small
scissors@small,0,100,4,150,natural,6,small
scissors@small,0,150,5,150,natural,6,small
single serving drinking vessel@large,0,25,6,11,natural,6,large
single serving drinking vessel@large,0,50,6,11,natural,6,large
single serving drinking vessel@large,0,100,6,11,natural,6,large
single serving drinking vessel@large,0,150,6,11,natural,6,large
single serving drinking vessel@medium,0,25,6,19,natural,6,medium
single serving drinking vessel@medium,0,50,6,19,natural,6,medium
single serving drinking vessel@medium,0,100,7,19,natural,6,medium
single serving drinking vessel@medium,0,150,8,19,natural,6,medium
single serving drinking vessel@small,0,25,0,150,natural,6,small
single serving drinking vessel@small,0,50,1,150,natural,6,small
single serving drinking vessel@small,0,100,1,150,natural,6,small
single serving drinking vessel@small,0,150,2,150,natural,6,small
sink@large,0,25,6,10,natural,6,large
sink@large,0,50,6,10,natural,6,large
sink@large,0,100,6,10,natural,6,large
sink@large,0,150,7,10,natural,6,large
sink@medium,0,25,6,25,natural,6,medium
sink@medium,0,50,6,25,natural,6,medium
sink@medium,0,100,6,25,natural,6,medium
sink@medium,0,150,6,25,natural,6,medium
sink@small,0,25,1,150,natural,6,small
sink@small,0,50,1,150,natural,6,small
sink@small,0,100,1,150,natural,6,small
sink@small,0,150,3,150,natural,6,small
skateboard@large,0,25,8,10,natural,6,large
skateboard@large,0,50,9,10,natural,6,large
skateboard@large,0,100,9,10,natural,6,large
skateboard@large,0,150,9,10,natural,6,large
skateboard@medium,0,25,12,10,natural,6,medium
skateboard@medium,0,50,23,10,natural,6,medium
skateboard@medium,0,100,23,10,natural,6,medium
skateboard@medium,0,150,23,10,natural,6,medium
skateboard@small,0,25,6,10,natural,6,small
skateboard@small,0,50,6,10,natural,6,small
skateboard@small,0,100,6,10,natural,6,small
skateboard@small,0,150,6,10,natural,6,small
skis@large,0,25,14,10,natural,6,large
skis@large,0,50,20,10,natural,6,large
skis@large,0,100,27,10,natural,6,large
skis@large,0,150,42,10,natural,6,large
skis@medium,0,25,8,10,natural,6,medium
skis@medium,0,50,12,10,natural,6,medium
skis@medium,0,100,18,10,natural,6,medium
skis@medium,0,150,33,10,natural,6,medium
skis@small,0,25,6,20,natural,6,small
skis@small,0,50,6,20,natural,6,small
skis@small,0,100,11,20,natural,6,small
skis@small,0,150,24,20,natural,6,small
snowboard@large,0,25,7,10,natural,6,large
snowboard@large,0,50,7,10,natural,6,large
snowboard@large,0,100,27,10,natural,6,large
snowboard@large,0,150,34,10,natural,6,large
snowboard@medium,0,25,6,10,natural,6,medium
snowboard@medium,0,50,7,10,natural,6,medium
snowboard@medium,0,100,10,10,natural,6,medium
snowboard@medium,0,150,20,10,natural,6,medium
snowboard@small,0,25,6,12,natural,6,small
snowboard@small,0,50,6,12,natural,6,small
snowboard@small,0,100,6,12,natural,6,small
snowboard@small,0,150,11,12,natural,6,small
spoon@large,0,25,6,19,natural,6,large
spoon@large,0,50,8,19,natural,6,large
spoon@large,0,100,8,19,natural,6,large
spoon@large,0,150,8,19,natural,6,large
spoon@medium,0,25,1,94,natural,6,medium
spoon@medium,0,50,2,94,natural,6,medium
spoon@medium,0,100,6,94,natural,6,medium
spoon@medium,0,150,6,94,natural,6,medium
spoon@small,0,25,0,150,natural,6,small
spoon@small,0,50,0,150,natural,6,small
spoon@small,0,100,0,150,natural,6,small
spoon@small,0,150,1,150,natural,6,small
stop sign@large,0,25,6,10,natural,6,large
stop sign@large,0,50,6,10,natural,6,large
stop sign@large,0,100,6,10,natural,6,large
stop sign@large,0,150,7,10,natural,6,large
stop sign@medium,0,25,6,10,natural,6,medium
stop sign@medium,0,50,6,10,natural,6,medium
stop sign@medium,0,100,6,10,natural,6,medium
stop sign@medium,0,150,6,10,natural,6,medium
stop sign@small,0,25,0,150,natural,6,small
stop sign@small,0,50,0,150,natural,6,small
stop sign@small,0,100,0,150,natural,6,small
stop sign@small,0,150,2,150,natural,6,small
surfboard@large,0,25,7,10,natural,6,large
surfboard@large,0,50,7,10,natural,6,large
surfboard@large,0,100,8,10,natural,6,large
surfboard@large,0,150,8,10,natural,6,large
surfboard@medium,0,25,6,10,natural,6,medium
surfboard@medium,0,50,6,10,natural,6,medium
surfboard@medium,0,100,6,10,natural,6,medium
surfboard@medium,0,150,11,10,natural,6,medium
surfboard@small,0,25,8,10,natural,6,small
surfboard@small,0,50,9,10,natural,6,small
surfboard@small,0,100,11,10,natural,6,small
surfboard@small,0,150,11,10,natural,6,small
tennis racket@large,0,25,6,10,natural,6,large
tennis racket@large,0,50,9,10,natural,6,large
tennis racket@large,0,100,22,10,natural,6,large
tennis racket@large,0,150,40,10,natural,6,large
tennis racket@medium,0,25,6,10,natural,6,medium
tennis racket@medium,0,50,6,10,natural,6,medium
tennis racket@medium,0,100,6,10,natural,6,medium
tennis racket@medium,0,150,22,10,natural,6,medium
tennis racket@small,0,25,6,10,natural,6,small
tennis racket@small,0,50,22,10,natural,6,small
tennis racket@small,0,100,35,10,natural,6,small
tennis racket@small,0,150,53,10,natural,6,small
tie@large,0,25,6,10,natural,6,large
tie@large,0,50,6,10,natural,6,large
tie@large,0,100,6,10,natural,6,large
tie@large,0,150,8,10,natural,6,large
tie@medium,0,25,6,10,natural,6,medium
tie@medium,0,50,6,10,natural,6,medium
tie@medium,0,100,6,10,natural,6,medium
tie@medium,0,150,6,10,natural,6,medium
tie@small,0,25,2,80,natural,6,small
tie@small,0,50,4,80,natural,6,small
tie@small,0,100,6,80,natural,6,small
tie@small,0,150,6,80,natural,6,small
toothbrush@large,0,25,8,10,natural,6,large
toothbrush@large,0,50,9,10,natural,6,large
toothbrush@large,0,100,9,10,natural,6,large
toothbrush@large,0,150,9,10,natural,6,large
toothbrush@medium,0,25,6,10,natural,6,medium
toothbrush@medium,0,50,6,10,natural,6,medium
toothbrush@medium,0,100,6,10,natural,6,medium
toothbrush@medium,0,150,6,10,natural,6,medium
toothbrush@small,0,25,5,37,natural,6,small
toothbrush@small,0,50,6,37,natural,6,small
toothbrush@small,0,100,6,37,natural,6,small
toothbrush@small,0,150,6,37,natural,6,small
traffic light@large,0,25,6,10,natural,6,large
traffic light@large,0,50,6,10,natural,6,large
traffic light@large,0,100,6,10,natural,6,large
traffic light@large,0,150,7,10,natural,6,large
traffic light@medium,0,25,6,10,natural,6,medium
traffic light@medium,0,50,6,10,natural,6,medium
traffic light@medium,0,100,6,10,natural,6,medium
traffic light@medium,0,150,6,10,natural,6,medium
traffic light@small,0,25,4,30,natural,6,small
traffic light@small,0,50,7,30,natural,6,small
traffic light@small,0,100,7,30,natural,6,small
traffic light@small,0,150,7,30,natural,6,small
tv@large,0,25,6,10,natural,6,large
tv@large,0,50,7,10,natural,6,large
tv@large,0,100,7,10,natural,6,large
tv@large,0,150,7,10,natural,6,large
tv@medium,0,25,4,46,natural,6,medium
tv@medium,0,50,6,46,natural,6,medium
tv@medium,0,100,6,46,natural,6,medium
tv@medium,0,150,7,46,natural,6,medium
tv@small,0,25,0,150,natural,6,small
tv@small,0,50,0,150,natural,6,small
tv@small,0,100,1,150,natural,6,small
tv@small,0,150,2,150,natural,6,small
umbrella@large,0,25,6,10,natural,6,large
umbrella@large,0,50,6,10,natural,6,large
umbrella@large,0,100,6,10,natural,6,large
umbrella@large,0,150,6,10,natural,6,large
umbrella@medium,0,25,6,10,natural,6,medium
umbrella@medium,0,50,6,10,natural,6,medium
umbrella@medium,0,100,6,10,natural,6,medium
umbrella@medium,0,150,6,10,natural,6,medium
umbrella@small,0,25,2,108,natural,6,small
umbrella@small,0,50,3,108,natural,6,small
umbrella@small,0,100,5,108,natural,6,small
umbrella@small,0,150,6,108,natural,6,small
vase or potted plant@large,0,25,6,10,natural,6,large
vase or potted plant@large,0,50,7,10,natural,6,large
vase or potted plant@large,0,100,7,10,natural,6,large
vase or potted plant@large,0,150,7,10,natural,6,large
vase or potted plant@medium,0,25,4,57,natural,6,medium
vase or potted plant@medium,0,50,5,57,natural,6,medium
vase or potted plant@medium,0,100,6,57,natural,6,medium
vase or potted plant@medium,0,150,6,57,natural,6,medium
vase or potted plant@small,0,25,0,150,natural,6,small
vase or potted plant@small,0,50,0,150,natural,6,small
vase or potted plant@small,0,100,0,150,natural,6,small
vase or potted plant@small,0,150,1,150,natural,6,small
airplane@large,1,25,6,10,natural,6,large
airplane@large,1,50,6,10,natural,6,large
airplane@large,1,100,6,10,natural,6,large
airplane@large,1,150,33,10,natural,6,large
airplane@medium,1,25,8,10,natural,6,medium
airplane@medium,1,50,18,10,natural,6,medium
airplane@medium,1,100,26,10,natural,6,medium
airplane@medium,1,150,35,10,natural,6,medium
airplane@small,1,25,6,10,natural,6,small
airplane@small,1,50,6,10,natural,6,small
airplane@small,1,100,6,10,natural,6,small
airplane@small,1,150,6,10,natural,6,small
apple@large,1,25,6,10,natural,6,large
apple@large,1,50,6,10,natural,6,large
apple@large,1,100,6,10,natural,6,large
apple@large,1,150,9,10,natural,6,large
apple@medium,1,25,8,10,natural,6,medium
apple@medium,1,50,8,10,natural,6,medium
apple@medium,1,100,9,10,natural,6,medium
apple@medium,1,150,9,10,natural,6,medium
bag or luggage@large,1,25,6,10,natural,6,large
bag or luggage@large,1,50,6,10,natural,6,large
bag or luggage@large,1,100,6,10,natural,6,large
bag or luggage@large,1,150,6,10,natural,6,large
bag or luggage@medium,1,25,3,53,natural,6,medium
bag or luggage@medium,1,50,5,53,natural,6,medium
bag or luggage@medium,1,100,7,53,natural,6,medium
bag or luggage@medium,1,150,7,53,natural,6,medium
bag or luggage@small,1,25,0,150,natural,6,small
bag or luggage@small,1,50,0,150,natural,6,small
bag or luggage@small,1,100,0,150,natural,6,small
bag or luggage@small,1,150,1,150,natural,6,small
banana@large,1,25,6,10,natural,6,large
banana@large,1,50,6,10,natural,6,large
banana@large,1,100,6,10,natural,6,large
banana@large,1,150,6,10,natural,6,large
banana@medium,1,25,7,10,natural,6,medium
banana@medium,1,50,7,10,natural,6,medium
banana@medium,1,100,7,10,natural,6,medium
banana@medium,1,150,7,10,natural,6,medium
baseball bat@large,1,25,10,10,natural,6,large
baseball bat@large,1,50,16,10,natural,6,large
baseball bat@large,1,100,17,10,natural,6,large
baseball bat@large,1,150,28,10,natural,6,large
baseball bat@medium,1,25,8,10,natural,6,medium
baseball bat@medium,1,50,9,10,natural,6,medium
baseball bat@medium,1,100,11,10,natural,6,medium
baseball bat@medium,1,150,26,10,natural,6,medium
baseball bat@small,1,25,19,10,natural,6,small
baseball bat@small,1,50,29,10,natural,6,small
baseball bat@small,1,100,30,10,natural,6,small
baseball bat@small,1,150,42,10,natural,6,small
bench@large,1,25,6,10,natural,6,large
bench@large,1,50,6,10,natural,6,large
bench@large,1,100,6,10,natural,6,large
bench@large,1,150,6,10,natural,6,large
bench@medium,1,25,6,18,natural,6,medium
bench@medium,1,50,7,18,natural,6,medium
bench@medium,1,100,8,18,natural,6,medium
bench@medium,1,150,9,18,natural,6,medium
bench@small,1,25,1,150,natural,6,small
bench@small,1,50,1,150,natural,6,small
bench@small,1,100,1,150,natural,6,small
bench@small,1,150,1,150,natural,6,small
bicycle@large,1,25,6,10,natural,6,large
bicycle@large,1,50,6,10,natural,6,large
bicycle@large,1,100,6,10,natural,6,large
bicycle@large,1,150,6,10,natural,6,large
bicycle@medium,1,25,6,14,natural,6,medium
bicycle@medium,1,50,6,14,natural,6,medium
bicycle@medium,1,100,6,14,natural,6,medium
bicycle@medium,1,150,6,14,natural,6,medium
bicycle@small,1,25,1,150,natural,6,small
bicycle@small,1,50,3,150,natural,6,small
bicycle@small,1,100,4,150,natural,6,small
bicycle@small,1,150,6,150,natural,6,small
bird@large,1,25,9,10,natural,6,large
bird@large,1,50,9,10,natural,6,large
bird@large,1,100,11,10,natural,6,large
bird@large,1,150,11,10,natural,6,large
bird@medium,1,25,6,10,natural,6,medium
bird@medium,1,50,7,10,natural,6,medium
bird@medium,1,100,7,10,natural,6,medium
bird@medium,1,150,7,10,natural,6,medium
bird@small,1,25,3,64,natural,6,small
bird@small,1,50,4,64,natural,6,small
bird@small,1,100,6,64,natural,6,small
bird@small,1,150,6,64,natural,6,small
boat@large,1,25,6,10,natural,6,large
boat@large,1,50,6,10,natural,6,large
boat@large,1,100,6,10,natural,6,large
boat@large,1,150,6,10,natural,6,large
boat@medium,1,25,11,10,natural,6,medium
boat@medium,1,50,11,10,natural,6,medium
boat@medium,1,100,11,10,natural,6,medium
boat@medium,1,150,11,10,natural,6,medium
boat@small,1,25,7,11,natural,6,small
boat@small,1,50,7,11,natural,6,small
boat@small,1,100,7,11,natural,6,small
boat@small,1,150,8,11,natural,6,small
book@large,1,25,6,10,natural,6,large
book@large,1,50,6,10,natural,6,large
book@large,1,100,6,10,natural,6,large
book@large,1,150,6,10,natural,6,large
book@medium,1,25,0,150,natural,6,medium
book@medium,1,50,1,150,natural,6,medium
book@medium,1,100,2,150,natural,6,medium
book@medium,1,150,2,150,natural,6,medium
book@small,1,25,1,150,natural,6,small
book@small,1,50,2,150,natural,6,small
book@small,1,100,2,150,natural,6,small
book@small,1,150,3,150,natural,6,small
bottle@large,1,25,7,10,natural,6,large
bottle@large,1,50,7,10,natural,6,large
bottle@large,1,100,7,10,natural,6,large
bottle@large,1,150,7,10,natural,6,large
bottle@medium,1,25,1,108,natural,6,medium
bottle@medium,1,50,2,108,natural,6,medium
bottle@medium,1,100,5,108,natural,6,medium
bottle@medium,1,150,6,108,natural,6,medium
bottle@small,1,25,0,150,natural,6,small
bottle@small,1,50,0,150,natural,6,small
bottle@small,1,100,0,150,natural,6,small
bottle@small,1,150,0,150,natural,6,small
bowl@large,1,25,5,26,natural,6,large
bowl@large,1,50,7,26,natural,6,large
bowl@large,1,100,7,26,natural,6,large
bowl@large,1,150,8,26,natural,6,large
bowl@medium,1,25,1,150,natural,6,medium
bowl@medium,1,50,2,150,natural,6,medium
bowl@medium,1,100,3,150,natural,6,medium
bowl@medium,1,150,5,150,natural,6,medium
bowl@small,1,25,0,150,natural,6,small
bowl@small,1,50,0,150,natural,6,small
bowl@small,1,100,0,150,natural,6,small
bowl@small,1,150,0,150,natural,6,small
bus@large,1,25,6,10,natural,6,large
bus@large,1,50,6,10,natural,6,large
bus@large,1,100,6,10,natural,6,large
bus@large,1,150,7,10,natural,6,large
bus@medium,1,25,6,10,natural,6,medium
bus@medium,1,50,6,10,natural,6,medium
bus@medium,1,100,6,10,natural,6,medium
bus@medium,1,150,6,10,natural,6,medium
bus@small,1,25,1,150,natural,6,small
bus@small,1,50,2,150,natural,6,small
bus@small,1,100,2,150,natural,6,small
bus@small,1,150,3,150,natural,6,small
cell phone@large,1,25,6,10,natural,6,large
cell phone@large,1,50,6,10,natural,6,large
cell phone@large,1,100,6,10,natural,6,large
cell phone@large,1,150,8,10,natural,6,large
cell phone@medium,1,25,7,10,natural,6,medium
cell phone@medium,1,50,7,10,natural,6,medium
cell phone@medium,1,100,7,10,natural,6,medium
cell phone@medium,1,150,7,10,natural,6,medium
cell phone@small,1,25,3,55,natural,6,small
cell phone@small,1,50,4,55,natural,6,small
cell phone@small,1,100,6,55,natural,6,small
cell phone@small,1,150,6,55,natural,6,small
chair@large,1,25,7,17,natural,6,large
chair@large,1,50,7,17,natural,6,large
chair@large,1,100,7,17,natural,6,large
chair@large,1,150,7,17,natural,6,large
chair@medium,1,25,1,150,natural,6,medium
chair@medium,1,50,1,150,natural,6,medium
chair@medium,1,100,3,150,natural,6,medium
chair@medium,1,150,3,150,natural,6,medium
chair@small,1,25,0,150,natural,6,small
chair@small,1,50,0,150,natural,6,small
chair@small,1,100,0,150,natural,6,small
chair@small,1,150,0,150,natural,6,small
clock@large,1,25,6,10,natural,6,large
clock@large,1,50,6,10,natural,6,large
clock@large,1,100,6,10,natural,6,large
clock@large,1,150,6,10,natural,6,large
clock@medium,1,25,6,10,natural,6,medium
clock@medium,1,50,6,10,natural,6,medium
clock@medium,1,100,6,10,natural,6,medium
clock@medium,1,150,6,10,natural,6,medium
clock@small,1,25,6,20,natural,6,small
clock@small,1,50,6,20,natural,6,small
clock@small,1,100,6,20,natural,6,small
clock@small,1,150,7,20,natural,6,small
dining table@large,1,25,5,34,natural,6,large
dining table@large,1,50,6,34,natural,6,large
dining table@large,1,100,6,34,natural,6,large
dining table@large,1,150,6,34,natural,6,large
dining table@medium,1,25,7,12,natural,6,medium
dining table@medium,1,50,7,12,natural,6,medium
dining table@medium,1,100,7,12,natural,6,medium
dining table@medium,1,150,9,12,natural,6,medium
dining table@small,1,25,1,150,natural,6,small
dining table@small,1,50,1,150,natural,6,small
dining table@small,1,100,4,150,natural,6,small
dining table@small,1,150,4,150,natural,6,small
dog@large,1,25,6,10,natural,6,large
dog@large,1,50,6,10,natural,6,large
dog@large,1,100,6,10,natural,6,large
dog@large,1,150,6,10,natural,6,large
dog@medium,1,25,5,32,natural,6,medium
dog@medium,1,50,6,32,natural,6,medium
dog@medium,1,100,7,32,natural,6,medium
dog@medium,1,150,7,32,natural,6,medium
dog@small,1,25,1,150,natural,6,small
dog@small,1,50,3,150,natural,6,small
dog@small,1,100,4,150,natural,6,small
dog@small,1,150,5,150,natural,6,small
enclosed road vehicle@large,1,25,6,14,natural,6,large
enclosed road vehicle@large,1,50,7,14,natural,6,large
enclosed road vehicle@large,1,100,8,14,natural,6,large
enclosed road vehicle@large,1,150,9,14,natural,6,large
enclosed road vehicle@medium,1,25,1,97,natural,6,medium
enclosed road vehicle@medium,1,50,4,97,natural,6,medium
enclosed road vehicle@medium,1,100,6,97,natural,6,medium
enclosed road vehicle@medium,1,150,6,97,natural,6,medium
enclosed road vehicle@small,1,25,0,150,natural,6,small
enclosed road vehicle@small,1,50,0,150,natural,6,small
enclosed road vehicle@small,1,100,0,150,natural,6,small
enclosed road vehicle@small,1,150,0,150,natural,6,small
fire hydrant@large,1,25,6,10,natural,6,large
fire hydrant@large,1,50,6,10,natural,6,large
fire hydrant@large,1,100,6,10,natural,6,large
fire hydrant@large,1,150,6,10,natural,6,large
fire hydrant@medium,1,25,6,10,natural,6,medium
fire hydrant@medium,1,50,6,10,natural,6,medium
fire hydrant@medium,1,100,7,10,natural,6,medium
fire hydrant@medium,1,150,7,10,natural,6,medium
fire hydrant@small,1,25,1,91,natural,6,small
fire hydrant@small,1,50,2,91,natural,6,small
fire hydrant@small,1,100,7,91,natural,6,small
fire hydrant@small,1,150,7,91,natural,6,small
fork@large,1,25,8,10,natural,6,large
fork@large,1,50,8,10,natural,6,large
fork@large,1,100,9,10,natural,6,large
fork@large,1,150,11,10,natural,6,large
fork@medium,1,25,5,39,natural,6,medium
fork@medium,1,50,6,39,natural,6,medium
fork@medium,1,100,6,39,natural,6,medium
fork@medium,1,150,6,39,natural,6,medium
fork@small,1,25,1,118,natural,6,small
fork@small,1,50,1,118,natural,6,small
fork@small,1,100,3,118,natural,6,small
fork@small,1,150,6,118,natural,6,small
frisbee@large,1,25,6,10,natural,6,large
frisbee@large,1,50,6,10,natural,6,large
frisbee@large,1,100,6,10,natural,6,large
frisbee@large,1,150,6,10,natural,6,large
frisbee@medium,1,25,6,10,natural,6,medium
frisbee@medium,1,50,6,10,natural,6,medium
frisbee@medium,1,100,6,10,natural,6,medium
frisbee@medium,1,150,6,10,natural,6,medium
frisbee@small,1,25,6,10,natural,6,small
frisbee@small,1,50,6,10,natural,6,small
frisbee@small,1,100,6,10,natural,6,small
frisbee@small,1,150,6,10,natural,6,small
keyboard@large,1,25,6,10,natural,6,large
keyboard@large,1,50,6,10,natural,6,large
keyboard@large,1,100,7,10,natural,6,large
keyboard@large,1,150,8,10,natural,6,large
keyboard@medium,1,25,1,52,natural,6,medium
keyboard@medium,1,50,5,52,natural,6,medium
keyboard@medium,1,100,6,52,natural,6,medium
keyboard@medium,1,150,6,52,natural,6,medium
keyboard@small,1,25,0,150,natural,6,small
keyboard@small,1,50,0,150,natural,6,small
keyboard@small,1,100,2,150,natural,6,small
keyboard@small,1,150,4,150,natural,6,small
kite@large,1,25,6,10,natural,6,large
kite@large,1,50,6,10,natural,6,large
kite@large,1,100,6,10,natural,6,large
kite@large,1,150,6,10,natural,6,large
kite@medium,1,25,7,10,natural,6,medium
kite@medium,1,50,7,10,natural,6,medium
kite@medium,1,100,7,10,natural,6,medium
kite@medium,1,150,7,10,natural,6,medium
kite@small,1,25,6,10,natural,6,small
kite@small,1,50,6,10,natural,6,small
kite@small,1,100,6,10,natural,6,small
kite@small,1,150,6,10,natural,6,small
knife@large,1,25,6,18,natural,6,large
knife@large,1,50,6,18,natural,6,large
knife@large,1,100,6,18,natural,6,large
knife@large,1,150,7,18,natural,6,large
knife@medium,1,25,1,150,natural,6,medium
knife@medium,1,50,3,150,natural,6,medium
knife@medium,1,100,4,150,natural,6,medium
knife@medium,1,150,4,150,natural,6,medium
knife@small,1,25,0,150,natural,6,small
knife@small,1,50,0,150,natural,6,small
knife@small,1,100,0,150,natural,6,small
knife@small,1,150,1,150,natural,6,small
laptop@large,1,25,6,10,natural,6,large
laptop@large,1,50,6,10,natural,6,large
laptop@large,1,100,6,10,natural,6,large
laptop@large,1,150,7,10,natural,6,large
laptop@medium,1,25,0,51,natural,6,medium
laptop@medium,1,50,5,51,natural,6,medium
laptop@medium,1,100,6,51,natural,6,medium
laptop@medium,1,150,6,51,natural,6,medium
laptop@small,1,25,0,150,natural,6,small
laptop@small,1,50,0,150,natural,6,small
laptop@small,1,100,0,150,natural,6,small
laptop@small,1,150,1,150,natural,6,small
microwave@large,1,25,6,10,natural,6,large
microwave@large,1,50,6,10,natural,6,large
microwave@large,1,100,6,10,natural,6,large
microwave@large,1,150,6,10,natural,6,large
microwave@medium,1,25,3,48,natural,6,medium
microwave@medium,1,50,6,48,natural,6,medium
microwave@medium,1,100,6,48,natural,6,medium
microwave@medium,1,150,7,48,natural,6,medium
microwave@small,1,25,0,150,natural,6,small
microwave@small,1,50,0,150,natural,6,small
microwave@small,1,100,0,150,natural,6,small
microwave@small,1,150,3,150,natural,6,small
motorcycle@large,1,25,9,10,natural,6,large
motorcycle@large,1,50,11,10,natural,6,large
motorcycle@large,1,100,11,10,natural,6,large
motorcycle@large,1,150,18,10,natural,6,large
motorcycle@medium,1,25,6,10,natural,6,medium
motorcycle@medium,1,50,6,10,natural,6,medium
motorcycle@medium,1,100,6,10,natural,6,medium
motorcycle@medium,1,150,7,10,natural,6,medium
motorcycle@small,1,25,1,150,natural,6,small
motorcycle@small,1,50,1,150,natural,6,small
motorcycle@small,1,100,1,150,natural,6,small
motorcycle@small,1,150,3,150,natural,6,small
mouse@large,1,25,6,10,natural,6,large
mouse@large,1,50,6,10,natural,6,large
mouse@large,1,100,6,10,natural,6,large
mouse@large,1,150,6,10,natural,6,large
mouse@medium,1,25,6,10,natural,6,medium
mouse@medium,1,50,6,10,natural,6,medium
mouse@medium,1,100,6,10,natural,6,medium
mouse@medium,1,150,6,10,natural,6,medium
mouse@small,1,25,0,64,natural,6,small
mouse@small,1,50,2,64,natural,6,small
mouse@small,1,100,6,64,natural,6,small
mouse@small,1,150,6,64,natural,6,small
orange@large,1,25,6,10,natural,6,large
orange@large,1,50,6,10,natural,6,large
orange@large,1,100,7,10,natural,6,large
orange@large,1,150,7,10,natural,6,large
orange@medium,1,25,7,10,natural,6,medium
orange@medium,1,50,7,10,natural,6,medium
orange@medium,1,100,9,10,natural,6,medium
orange@medium,1,150,10,10,natural,6,medium
parking meter@large,1,25,6,10,natural,6,large
parking meter@large,1,50,6,10,natural,6,large
parking meter@large,1,100,6,10,natural,6,large
parking meter@large,1,150,6,10,natural,6,large
parking meter@medium,1,25,6,10,natural,6,medium
parking meter@medium,1,50,6,10,natural,6,medium
parking meter@medium,1,100,6,10,natural,6,medium
parking meter@medium,1,150,7,10,natural,6,medium
parking meter@small,1,25,2,96,natural,6,small
parking meter@small,1,50,3,96,natural,6,small
parking meter@small,1,100,6,96,natural,6,small
parking meter@small,1,150,6,96,natural,6,small
person@large,1,25,6,13,natural,6,large
person@large,1,50,6,13,natural,6,large
person@large,1,100,6,13,natural,6,large
person@large,1,150,15,13,natural,6,large
person@medium,1,25,3,88,natural,6,medium
person@medium,1,50,4,88,natural,6,medium
person@medium,1,100,6,88,natural,6,medium
person@medium,1,150,6,88,natural,6,medium
person@small,1,25,0,150,natural,6,small
person@small,1,50,0,150,natural,6,small
person@small,1,100,1,150,natural,6,small
person@small,1,150,1,150,natural,6,small
remote@large,1,25,6,10,natural,6,large
remote@large,1,50,7,10,natural,6,large
remote@large,1,100,7,10,natural,6,large
remote@large,1,150,7,10,natural,6,large
remote@medium,1,25,6,18,natural,6,medium
remote@medium,1,50,6,18,natural,6,medium
remote@medium,1,100,6,18,natural,6,medium
remote@medium,1,150,6,18,natural,6,medium
remote@small,1,25,0,139,natural,6,small
remote@small,1,50,3,139,natural,6,small
remote@small,1,100,4,139,natural,6,small
remote@small,1,150,6,139,natural,6,small
scissors@large,1,25,6,10,natural,6,large
scissors@large,1,50,7,10,natural,6,large
scissors@large,1,100,7,10,natural,6,large
scissors@large,1,150,9,10,natural,6,large
scissors@medium,1,25,6,10,natural,6,medium
scissors@medium,1,50,6,10,natural,6,medium
scissors@medium,1,100,6,10,natural,6,medium
scissors@medium,1,150,6,10,natural,6,medium
scissors@small,1,25,2,76,natural,6,small
scissors@small,1,50,5,76,natural,6,small
scissors@small,1,100,6,76,natural,6,small
scissors@small,1,150,6,76,natural,6,small
single serving drinking vessel@large,1,25,6,11,natural,6,large
single serving drinking vessel@large,1,50,6,11,natural,6,large
single serving drinking vessel@large,1,100,6,11,natural,6,large
single serving drinking vessel@large,1,150,6,11,natural,6,large
single serving drinking vessel@medium,1,25,4,28,natural,6,medium
single serving drinking vessel@medium,1,50,6,28,natural,6,medium
single serving drinking vessel@medium,1,100,6,28,natural,6,medium
single serving drinking vessel@medium,1,150,6,28,natural,6,medium
single serving drinking vessel@small,1,25,1,105,natural,6,small
single serving drinking vessel@small,1,50,2,105,natural,6,small
single serving drinking vessel@small,1,100,5,105,natural,6,small
single serving drinking vessel@small,1,150,6,105,natural,6,small
sink@large,1,25,7,10,natural,6,large
sink@large,1,50,7,10,natural,6,large
sink@large,1,100,7,10,natural,6,large
sink@large,1,150,8,10,natural,6,large
sink@medium,1,25,5,27,natural,6,medium
sink@medium,1,50,10,27,natural,6,medium
sink@medium,1,100,10,27,natural,6,medium
sink@medium,1,150,10,27,natural,6,medium
sink@small,1,25,2,150,natural,6,small
sink@small,1,50,2,150,natural,6,small
sink@small,1,100,4,150,natural,6,small
sink@small,1,150,5,150,natural,6,small
skateboard@large,1,25,9,10,natural,6,large
skateboard@large,1,50,9,10,natural,6,large
skateboard@large,1,100,9,10,natural,6,large
skateboard@large,1,150,23,10,natural,6,large
skateboard@medium,1,25,8,10,natural,6,medium
skateboard@medium,1,50,27,10,natural,6,medium
skateboard@medium,1,100,27,10,natural,6,medium
skateboard@medium,1,150,29,10,natural,6,medium
skateboard@small,1,25,6,10,natural,6,small
skateboard@small,1,50,6,10,natural,6,small
skateboard@small,1,100,7,10,natural,6,small
skateboard@small,1,150,7,10,natural,6,small
skis@large,1,25,6,10,natural,6,large
skis@large,1,50,6,10,natural,6,large
skis@large,1,100,24,10,natural,6,large
skis@large,1,150,35,10,natural,6,large
skis@medium,1,25,8,10,natural,6,medium
skis@medium,1,50,16,10,natural,6,medium
skis@medium,1,100,39,10,natural,6,medium
skis@medium,1,150,48,10,natural,6,medium
skis@small,1,25,6,15,natural,6,small
skis@small,1,50,6,15,natural,6,small
skis@small,1,100,21,15,natural,6,small
skis@small,1,150,34,15,natural,6,small
snowboard@large,1,25,6,10,natural,6,large
snowboard@large,1,50,6,10,natural,6,large
snowboard@large,1,100,9,10,natural,6,large
snowboard@large,1,150,23,10,natural,6,large
snowboard@medium,1,25,6,10,natural,6,medium
snowboard@medium,1,50,7,10,natural,6,medium
snowboard@medium,1,100,7,10,natural,6,medium
snowboard@medium,1,150,11,10,natural,6,medium
snowboard@small,1,25,7,10,natural,6,small
snowboard@small,1,50,7,10,natural,6,small
snowboard@small,1,100,8,10,natural,6,small
snowboard@small,1,150,8,10,natural,6,small
spoon@large,1,25,6,20,natural,6,large
spoon@large,1,50,10,20,natural,6,large
spoon@large,1,100,10,20,natural,6,large
spoon@large,1,150,10,20,natural,6,large
spoon@medium,1,25,3,69,natural,6,medium
spoon@medium,1,50,5,69,natural,6,medium
spoon@medium,1,100,7,69,natural,6,medium
spoon@medium,1,150,7,69,natural,6,medium
spoon@small,1,25,0,150,natural,6,small
spoon@small,1,50,0,150,natural,6,small
spoon@small,1,100,1,150,natural,6,small
spoon@small,1,150,2,150,natural,6,small
stop sign@large,1,25,6,10,natural,6,large
stop sign@large,1,50,6,10,natural,6,large
stop sign@large,1,100,6,10,natural,6,large
stop sign@large,1,150,8,10,natural,6,large
stop sign@medium,1,25,6,10,natural,6,medium
stop sign@medium,1,50,7,10,natural,6,medium
stop sign@medium,1,100,7,10,natural,6,medium
stop sign@medium,1,150,9,10,natural,6,medium
stop sign@small,1,25,0,150,natural,6,small
stop sign@small,1,50,0,150,natural,6,small
stop sign@small,1,100,1,150,natural,6,small
stop sign@small,1,150,4,150,natural,6,small
surfboard@large,1,25,6,10,natural,6,large
surfboard@large,1,50,6,10,natural,6,large
surfboard@large,1,100,6,10,natural,6,large
surfboard@large,1,150,6,10,natural,6,large
surfboard@medium,1,25,6,10,natural,6,medium
surfboard@medium,1,50,6,10,natural,6,medium
surfboard@medium,1,100,6,10,natural,6,medium
surfboard@medium,1,150,9,10,natural,6,medium
surfboard@small,1,25,6,10,natural,6,small
surfboard@small,1,50,6,10,natural,6,small
surfboard@small,1,100,6,10,natural,6,small
surfboard@small,1,150,11,10,natural,6,small
tennis racket@large,1,25,6,10,natural,6,large
tennis racket@large,1,50,15,10,natural,6,large
tennis racket@large,1,100,39,10,natural,6,large
tennis racket@large,1,150,45,10,natural,6,large
tennis racket@medium,1,25,6,10,natural,6,medium
tennis racket@medium,1,50,20,10,natural,6,medium
tennis racket@medium,1,100,30,10,natural,6,medium
tennis racket@medium,1,150,30,10,natural,6,medium
tennis racket@small,1,25,6,10,natural,6,small
tennis racket@small,1,50,22,10,natural,6,small
tennis racket@small,1,100,27,10,natural,6,small
tennis racket@small,1,150,27,10,natural,6,small
tie@large,1,25,6,10,natural,6,large
tie@large,1,50,6,10,natural,6,large
tie@large,1,100,6,10,natural,6,large
tie@large,1,150,6,10,natural,6,large
tie@medium,1,25,6,10,natural,6,medium
tie@medium,1,50,6,10,natural,6,medium
tie@medium,1,100,6,10,natural,6,medium
tie@medium,1,150,7,10,natural,6,medium
tie@small,1,25,0,150,natural,6,small
tie@small,1,50,2,150,natural,6,small
tie@small,1,100,3,150,natural,6,small
tie@small,1,150,3,150,natural,6,small
toothbrush@large,1,25,6,10,natural,6,large
toothbrush@large,1,50,6,10,natural,6,large
toothbrush@large,1,100,6,10,natural,6,large
toothbrush@large,1,150,6,10,natural,6,large
toothbrush@medium,1,25,6,10,natural,6,medium
toothbrush@medium,1,50,6,10,natural,6,medium
toothbrush@medium,1,100,7,10,natural,6,medium
toothbrush@medium,1,150,7,10,natural,6,medium
toothbrush@small,1,25,6,22,natural,6,small
toothbrush@small,1,50,6,22,natural,6,small
toothbrush@small,1,100,6,22,natural,6,small
toothbrush@small,1,150,6,22,natural,6,small
traffic light@large,1,25,6,10,natural,6,large
traffic light@large,1,50,6,10,natural,6,large
traffic light@large,1,100,6,10,natural,6,large
traffic light@large,1,150,6,10,natural,6,large
traffic light@medium,1,25,7,10,natural,6,medium
traffic light@medium,1,50,7,10,natural,6,medium
traffic light@medium,1,100,8,10,natural,6,medium
traffic light@medium,1,150,10,10,natural,6,medium
traffic light@small,1,25,6,24,natural,6,small
traffic light@small,1,50,6,24,natural,6,small
traffic light@small,1,100,6,24,natural,6,small
traffic light@small,1,150,7,24,natural,6,small
tv@large,1,25,6,10,natural,6,large
tv@large,1,50,6,10,natural,6,large
tv@large,1,100,6,10,natural,6,large
tv@large,1,150,6,10,natural,6,large
tv@medium,1,25,2,45,natural,6,medium
tv@medium,1,50,6,45,natural,6,medium
tv@medium,1,100,7,45,natural,6,medium
tv@medium,1,150,8,45,natural,6,medium
tv@small,1,25,0,150,natural,6,small
tv@small,1,50,1,150,natural,6,small
tv@small,1,100,1,150,natural,6,small
tv@small,1,150,2,150,natural,6,small
umbrella@large,1,25,6,10,natural,6,large
umbrella@large,1,50,6,10,natural,6,large
umbrella@large,1,100,6,10,natural,6,large
umbrella@large,1,150,6,10,natural,6,large
umbrella@medium,1,25,6,10,natural,6,medium
umbrella@medium,1,50,6,10,natural,6,medium
umbrella@medium,1,100,6,10,natural,6,medium
umbrella@medium,1,150,6,10,natural,6,medium
umbrella@small,1,25,2,52,natural,6,small
umbrella@small,1,50,5,52,natural,6,small
umbrella@small,1,100,6,52,natural,6,small
umbrella@small,1,150,7,52,natural,6,small
vase or potted plant@large,1,25,6,10,natural,6,large
vase or potted plant@large,1,50,6,10,natural,6,large
vase or potted plant@large,1,100,6,10,natural,6,large
vase or potted plant@large,1,150,6,10,natural,6,large
vase or potted plant@medium,1,25,3,46,natural,6,medium
vase or potted plant@medium,1,50,6,46,natural,6,medium
vase or potted plant@medium,1,100,6,46,natural,6,medium
vase or potted plant@medium,1,150,6,46,natural,6,medium
vase or potted plant@small,1,25,0,150,natural,6,small
vase or potted plant@small,1,50,0,150,natural,6,small
vase or potted plant@small,1,100,0,150,natural,6,small
vase or potted plant@small,1,150,1,150,natural,6,small
airplane@large,2,25,6,10,natural,6,large
airplane@large,2,50,6,10,natural,6,large
airplane@large,2,100,16,10,natural,6,large
airplane@large,2,150,46,10,natural,6,large
airplane@medium,2,25,9,10,natural,6,medium
airplane@medium,2,50,19,10,natural,6,medium
airplane@medium,2,100,23,10,natural,6,medium
airplane@medium,2,150,24,10,natural,6,medium
airplane@small,2,25,6,10,natural,6,small
airplane@small,2,50,7,10,natural,6,small
airplane@small,2,100,7,10,natural,6,small
airplane@small,2,150,7,10,natural,6,small
apple@large,2,25,6,10,natural,6,large
apple@large,2,50,6,10,natural,6,large
apple@large,2,100,10,10,natural,6,large
apple@large,2,150,12,10,natural,6,large
apple@medium,2,25,7,10,natural,6,medium
apple@medium,2,50,7,10,natural,6,medium
apple@medium,2,100,8,10,natural,6,medium
apple@medium,2,150,9,10,natural,6,medium
bag or luggage@large,2,25,6,10,natural,6,large
bag or luggage@large,2,50,7,10,natural,6,large
bag or luggage@large,2,100,7,10,natural,6,large
bag or luggage@large,2,150,7,10,natural,6,large
bag or luggage@medium,2,25,2,48,natural,6,medium
bag or luggage@medium,2,50,6,48,natural,6,medium
bag or luggage@medium,2,100,6,48,natural,6,medium
bag or luggage@medium,2,150,6,48,natural,6,medium
bag or luggage@small,2,25,0,150,natural,6,small
bag or luggage@small,2,50,0,150,natural,6,small
bag or luggage@small,2,100,0,150,natural,6,small
bag or luggage@small,2,150,1,150,natural,6,small
banana@large,2,25,6,10,natural,6,large
banana@large,2,50,6,10,natural,6,large
banana@large,2,100,6,10,natural,6,large
banana@large,2,150,7,10,natural,6,large
banana@medium,2,25,8,10,natural,6,medium
banana@medium,2,50,8,10,natural,6,medium
banana@medium,2,100,8,10,natural,6,medium
banana@medium,2,150,9,10,natural,6,medium
baseball bat@large,2,25,8,10,natural,6,large
baseball bat@large,2,50,8,10,natural,6,large
baseball bat@large,2,100,8,10,natural,6,large
baseball bat@large,2,150,9,10,natural,6,large
baseball bat@medium,2,25,6,10,natural,6,medium
baseball bat@medium,2,50,6,10,natural,6,medium
baseball bat@medium,2,100,6,10,natural,6,medium
baseball bat@medium,2,150,21,10,natural,6,medium
baseball bat@small,2,25,14,10,natural,6,small
baseball bat@small,2,50,25,10,natural,6,small
baseball bat@small,2,100,30,10,natural,6,small
baseball bat@small,2,150,40,10,natural,6,small
bench@large,2,25,6,10,natural,6,large
bench@large,2,50,6,10,natural,6,large
bench@large,2,100,6,10,natural,6,large
bench@large,2,150,6,10,natural,6,large
bench@medium,2,25,6,13,natural,6,medium
bench@medium,2,50,6,13,natural,6,medium
bench@medium,2,100,6,13,natural,6,medium
bench@medium,2,150,6,13,natural,6,medium
bench@small,2,25,1,150,natural,6,small
bench@small,2,50,1,150,natural,6,small
bench@small,2,100,1,150,natural,6,small
bench@small,2,150,2,150,natural,6,small
bicycle@large,2,25,6,10,natural,6,large
bicycle@large,2,50,6,10,natural,6,large
bicycle@large,2,100,6,10,natural,6,large
bicycle@large,2,150,6,10,natural,6,large
bicycle@medium,2,25,6,12,natural,6,medium
bicycle@medium,2,50,7,12,natural,6,medium
bicycle@medium,2,100,7,12,natural,6,medium
bicycle@medium,2,150,7,12,natural,6,medium
bicycle@small,2,25,1,150,natural,6,small
bicycle@small,2,50,2,150,natural,6,small
bicycle@small,2,100,2,150,natural,6,small
bicycle@small,2,150,3,150,natural,6,small
bird@large,2,25,11,10,natural,6,large
bird@large,2,50,11,10,natural,6,large
bird@large,2,100,11,10,natural,6,large
bird@large,2,150,17,10,natural,6,large
bird@medium,2,25,6,10,natural,6,medium
bird@medium,2,50,6,10,natural,6,medium
bird@medium,2,100,6,10,natural,6,medium
bird@medium,2,150,6,10,natural,6,medium
bird@small,2,25,2,46,natural,6,small
bird@small,2,50,6,46,natural,6,small
bird@small,2,100,6,46,natural,6,small
bird@small,2,150,7,46,natural,6,small
boat@large,2,25,6,10,natural,6,large
boat@large,2,50,6,10,natural,6,large
boat@large,2,100,6,10,natural,6,large
boat@large,2,150,6,10,natural,6,large
boat@medium,2,25,9,10,natural,6,medium
boat@medium,2,50,9,10,natural,6,medium
boat@medium,2,100,9,10,natural,6,medium
boat@medium,2,150,9,10,natural,6,medium
boat@small,2,25,7,15,natural,6,small
boat@small,2,50,8,15,natural,6,small
boat@small,2,100,9,15,natural,6,small
boat@small,2,150,11,15,natural,6,small
book@large,2,25,6,10,natural,6,large
book@large,2,50,6,10,natural,6,large
book@large,2,100,6,10,natural,6,large
book@large,2,150,6,10,natural,6,large
book@medium,2,25,2,90,natural,6,medium
book@medium,2,50,3,90,natural,6,medium
book@medium,2,100,6,90,natural,6,medium
book@medium,2,150,7,90,natural,6,medium
book@small,2,25,0,150,natural,6,small
book@small,2,50,0,150,natural,6,small
book@small,2,100,1,150,natural,6,small
book@small,2,150,2,150,natural,6,small
bottle@large,2,25,6,10,natural,6,large
bottle@large,2,50,6,10,natural,6,large
bottle@large,2,100,6,10,natural,6,large
bottle@large,2,150,6,10,natural,6,large
bottle@medium,2,25,2,137,natural,6,medium
bottle@medium,2,50,2,137,natural,6,medium
bottle@medium,2,100,5,137,natural,6,medium
bottle@medium,2,150,6,137,natural,6,medium
bottle@small,2,25,2,150,natural,6,small
bottle@small,2,50,2,150,natural,6,small
bottle@small,2,100,2,150,natural,6,small
bottle@small,2,150,2,150,natural,6,small
bowl@large,2,25,4,27,natural,6,large
bowl@large,2,50,7,27,natural,6,large
bowl@large,2,100,7,27,natural,6,large
bowl@large,2,150,8,27,natural,6,large
bowl@medium,2,25,1,150,natural,6,medium
bowl@medium,2,50,2,150,natural,6,medium
bowl@medium,2,100,4,150,natural,6,medium
bowl@medium,2,150,4,150,natural,6,medium
bowl@small,2,25,0,150,natural,6,small
bowl@small,2,50,0,150,natural,6,small
bowl@small,2,100,0,150,natural,6,small
bowl@small,2,150,1,150,natural,6,small
bus@large,2,25,6,10,natural,6,large
bus@large,2,50,6,10,natural,6,large
bus@large,2,100,6,10,natural,6,large
bus@large,2,150,6,10,natural,6,large
bus@medium,2,25,6,10,natural,6,medium
bus@medium,2,50,6,10,natural,6,medium
bus@medium,2,100,6,10,natural,6,medium
bus@medium,2,150,6,10,natural,6,medium
bus@small,2,25,2,150,natural,6,small
bus@small,2,50,2,150,natural,6,small
bus@small,2,100,3,150,natural,6,small
bus@small,2,150,4,150,natural,6,small
cell phone@large,2,25,6,10,natural,6,large
cell phone@large,2,50,9,10,natural,6,large
cell phone@large,2,100,11,10,natural,6,large
cell phone@large,2,150,12,10,natural,6,large
cell phone@medium,2,25,9,10,natural,6,medium
cell phone@medium,2,50,9,10,natural,6,medium
cell phone@medium,2,100,9,10,natural,6,medium
cell phone@medium,2,150,9,10,natural,6,medium
cell phone@small,2,25,0,150,natural,6,small
cell phone@small,2,50,4,150,natural,6,small
cell phone@small,2,100,5,150,natural,6,small
cell phone@small,2,150,5,150,natural,6,small
chair@large,2,25,5,36,natural,6,large
chair@large,2,50,6,36,natural,6,large
chair@large,2,100,6,36,natural,6,large
chair@large,2,150,6,36,natural,6,large
chair@medium,2,25,1,150,natural,6,medium
chair@medium,2,50,1,150,natural,6,medium
chair@medium,2,100,2,150,natural,6,medium
chair@medium,2,150,5,150,natural,6,medium
chair@small,2,25,0,150,natural,6,small
chair@small,2,50,0,150,natural,6,small
chair@small,2,100,0,150,natural,6,small
chair@small,2,150,0,150,natural,6,small
clock@large,2,25,6,10,natural,6,large
clock@large,2,50,6,10,natural,6,large
clock@large,2,100,6,10,natural,6,large
clock@large,2,150,6,10,natural,6,large
clock@medium,2,25,6,10,natural,6,medium
clock@medium,2,50,7,10,natural,6,medium
clock@medium,2,100,7,10,natural,6,medium
clock@medium,2,150,7,10,natural,6,medium
clock@small,2,25,6,10,natural,6,small
clock@small,2,50,6,10,natural,6,small
clock@small,2,100,6,10,natural,6,small
clock@small,2,150,6,10,natural,6,small
dining table@large,2,25,7,10,natural,6,large
dining table@large,2,50,8,10,natural,6,large
dining table@large,2,100,9,10,natural,6,large
dining table@large,2,150,10,10,natural,6,large
dining table@medium,2,25,6,16,natural,6,medium
dining table@medium,2,50,6,16,natural,6,medium
dining table@medium,2,100,6,16,natural,6,medium
dining table@medium,2,150,6,16,natural,6,medium
dining table@small,2,25,1,134,natural,6,small
dining table@small,2,50,2,134,natural,6,small
dining table@small,2,100,4,134,natural,6,small
dining table@small,2,150,6,134,natural,6,small
dog@large,2,25,6,10,natural,6,large
dog@large,2,50,6,10,natural,6,large
dog@large,2,100,7,10,natural,6,large
dog@large,2,150,8,10,natural,6,large
dog@medium,2,25,7,20,natural,6,medium
dog@medium,2,50,7,20,natural,6,medium
dog@medium,2,100,7,20,natural,6,medium
dog@medium,2,150,7,20,natural,6,medium
dog@small,2,25,1,150,natural,6,small
dog@small,2,50,2,150,natural,6,small
dog@small,2,100,2,150,natural,6,small
dog@small,2,150,3,150,natural,6,small
enclosed road vehicle@large,2,25,8,10,natural,6,large
enclosed road vehicle@large,2,50,8,10,natural,6,large
enclosed road vehicle@large,2,100,8,10,natural,6,large
enclosed road vehicle@large,2,150,8,10,natural,6,large
enclosed road vehicle@medium,2,25,0,88,natural,6,medium
enclosed road vehicle@medium,2,50,3,88,natural,6,medium
enclosed road vehicle@medium,2,100,6,88,natural,6,medium
enclosed road vehicle@medium,2,150,6,88,natural,6,medium
enclosed road vehicle@small,2,25,1,150,natural,6,small
enclosed road vehicle@small,2,50,1,150,natural,6,small
enclosed road vehicle@small,2,100,3,150,natural,6,small
enclosed road vehicle@small,2,150,4,150,natural,6,small
fire hydrant@large,2,25,6,10,natural,6,large
fire hydrant@large,2,50,6,10,natural,6,large
fire hydrant@large,2,100,6,10,natural,6,large
fire hydrant@large,2,150,6,10,natural,6,large
fire hydrant@medium,2,25,6,10,natural,6,medium
fire hydrant@medium,2,50,6,10,natural,6,medium
fire hydrant@medium,2,100,6,10,natural,6,medium
fire hydrant@medium,2,150,6,10,natural,6,medium
fire hydrant@small,2,25,2,89,natural,6,small
fire hydrant@small,2,50,5,89,natural,6,small
fire hydrant@small,2,100,6,89,natural,6,small
fire hydrant@small,2,150,7,89,natural,6,small
fork@large,2,25,6,10,natural,6,large
fork@large,2,50,6,10,natural,6,large
fork@large,2,100,10,10,natural,6,large
fork@large,2,150,11,10,natural,6,large
fork@medium,2,25,5,30,natural,6,medium
fork@medium,2,50,6,30,natural,6,medium
fork@medium,2,100,6,30,natural,6,medium
fork@medium,2,150,8,30,natural,6,medium
fork@small,2,25,3,60,natural,6,small
fork@small,2,50,4,60,natural,6,small
fork@small,2,100,6,60,natural,6,small
fork@small,2,150,6,60,natural,6,small
frisbee@large,2,25,6,10,natural,6,large
frisbee@large,2,50,7,10,natural,6,large
frisbee@large,2,100,7,10,natural,6,large
frisbee@large,2,150,7,10,natural,6,large
frisbee@medium,2,25,6,10,natural,6,medium
frisbee@medium,2,50,6,10,natural,6,medium
frisbee@medium,2,100,6,10,natural,6,medium
frisbee@medium,2,150,7,10,natural,6,medium
frisbee@small,2,25,6,10,natural,6,small
frisbee@small,2,50,6,10,natural,6,small
frisbee@small,2,100,7,10,natural,6,small
frisbee@small,2,150,8,10,natural,6,small
keyboard@large,2,25,6,10,natural,6,large
keyboard@large,2,50,6,10,natural,6,large
keyboard@large,2,100,7,10,natural,6,large
keyboard@large,2,150,7,10,natural,6,large
keyboard@medium,2,25,3,39,natural,6,medium
keyboard@medium,2,50,7,39,natural,6,medium
keyboard@medium,2,100,7,39,natural,6,medium
keyboard@medium,2,150,7,39,natural,6,medium
keyboard@small,2,25,0,150,natural,6,small
keyboard@small,2,50,0,150,natural,6,small
keyboard@small,2,100,1,150,natural,6,small
keyboard@small,2,150,2,150,natural,6,small
kite@large,2,25,6,10,natural,6,large
kite@large,2,50,6,10,natural,6,large
kite@large,2,100,6,10,natural,6,large
kite@large,2,150,6,10,natural,6,large
kite@medium,2,25,7,10,natural,6,medium
kite@medium,2,50,7,10,natural,6,medium
kite@medium,2,100,7,10,natural,6,medium
kite@medium,2,150,7,10,natural,6,medium
kite@small,2,25,6,10,natural,6,small
kite@small,2,50,6,10,natural,6,small
kite@small,2,100,6,10,natural,6,small
kite@small,2,150,6,10,natural,6,small
knife@large,2,25,5,29,natural,6,large
knife@large,2,50,6,29,natural,6,large
knife@large,2,100,8,29,natural,6,large
knife@large,2,150,9,29,natural,6,large
knife@medium,2,25,4,53,natural,6,medium
knife@medium,2,50,5,53,natural,6,medium
knife@medium,2,100,6,53,natural,6,medium
knife@medium,2,150,6,53,natural,6,medium
knife@small,2,25,0,150,natural,6,small
knife@small,2,50,0,150,natural,6,small
knife@small,2,100,0,150,natural,6,small
knife@small,2,150,0,150,natural,6,small
laptop@large,2,25,7,10,natural,6,large
laptop@large,2,50,8,10,natural,6,large
laptop@large,2,100,8,10,natural,6,large
laptop@large,2,150,10,10,natural,6,large
laptop@medium,2,25,4,45,natural,6,medium
laptop@medium,2,50,6,45,natural,6,medium
laptop@medium,2,100,6,45,natural,6,medium
laptop@medium,2,150,6,45,natural,6,medium
laptop@small,2,25,0,150,natural,6,small
laptop@small,2,50,0,150,natural,6,small
laptop@small,2,100,0,150,natural,6,small
laptop@small,2,150,1,150,natural,6,small
microwave@large,2,25,6,10,natural,6,large
microwave@large,2,50,8,10,natural,6,large
microwave@large,2,100,8,10,natural,6,large
microwave@large,2,150,8,10,natural,6,large
microwave@medium,2,25,5,26,natural,6,medium
microwave@medium,2,50,6,26,natural,6,medium
microwave@medium,2,100,6,26,natural,6,medium
microwave@medium,2,150,6,26,natural,6,medium
microwave@small,2,25,0,150,natural,6,small
microwave@small,2,50,0,150,natural,6,small
microwave@small,2,100,0,150,natural,6,small
microwave@small,2,150,2,150,natural,6,small
motorcycle@large,2,25,7,10,natural,6,large
motorcycle@large,2,50,12,10,natural,6,large
motorcycle@large,2,100,23,10,natural,6,large
motorcycle@large,2,150,27,10,natural,6,large
motorcycle@medium,2,25,6,10,natural,6,medium
motorcycle@medium,2,50,6,10,natural,6,medium
motorcycle@medium,2,100,6,10,natural,6,medium
motorcycle@medium,2,150,6,10,natural,6,medium
motorcycle@small,2,25,0,139,natural,6,small
motorcycle@small,2,50,1,139,natural,6,small
motorcycle@small,2,100,3,139,natural,6,small
motorcycle@small,2,150,6,139,natural,6,small
mouse@large,2,25,6,10,natural,6,large
mouse@large,2,50,6,10,natural,6,large
mouse@large,2,100,6,10,natural,6,large
mouse@large,2,150,8,10,natural,6,large
mouse@medium,2,25,6,10,natural,6,medium
mouse@medium,2,50,6,10,natural,6,medium
mouse@medium,2,100,6,10,natural,6,medium
mouse@medium,2,150,7,10,natural,6,medium
mouse@small,2,25,0,76,natural,6,small
mouse@small,2,50,3,76,natural,6,small
mouse@small,2,100,7,76,natural,6,small
mouse@small,2,150,7,76,natural,6,small
orange@large,2,25,6,10,natural,6,large
orange@large,2,50,6,10,natural,6,large
orange@large,2,100,8,10,natural,6,large
orange@large,2,150,14,10,natural,6,large
orange@medium,2,25,6,10,natural,6,medium
orange@medium,2,50,6,10,natural,6,medium
orange@medium,2,100,8,10,natural,6,medium
orange@medium,2,150,8,10,natural,6,medium
parking meter@large,2,25,6,10,natural,6,large
parking meter@large,2,50,6,10,natural,6,large
parking meter@large,2,100,6,10,natural,6,large
parking meter@large,2,150,6,10,natural,6,large
parking meter@medium,2,25,7,10,natural,6,medium
parking meter@medium,2,50,7,10,natural,6,medium
parking meter@medium,2,100,7,10,natural,6,medium
parking meter@medium,2,150,7,10,natural,6,medium
parking meter@small,2,25,3,150,natural,6,small
parking meter@small,2,50,3,150,natural,6,small
parking meter@small,2,100,5,150,natural,6,small
parking meter@small,2,150,5,150,natural,6,small
person@large,2,25,10,13,natural,6,large
person@large,2,50,10,13,natural,6,large
person@large,2,100,10,13,natural,6,large
person@large,2,150,11,13,natural,6,large
person@medium,2,25,2,96,natural,6,medium
person@medium,2,50,4,96,natural,6,medium
person@medium,2,100,6,96,natural,6,medium
person@medium,2,150,8,96,natural,6,medium
person@small,2,25,0,150,natural,6,small
person@small,2,50,0,150,natural,6,small
person@small,2,100,0,150,natural,6,small
person@small,2,150,1,150,natural,6,small
remote@large,2,25,6,10,natural,6,large
remote@large,2,50,7,10,natural,6,large
remote@large,2,100,7,10,natural,6,large
remote@large,2,150,7,10,natural,6,large
remote@medium,2,25,6,12,natural,6,medium
remote@medium,2,50,6,12,natural,6,medium
remote@medium,2,100,7,12,natural,6,medium
remote@medium,2,150,8,12,natural,6,medium
remote@small,2,25,0,115,natural,6,small
remote@small,2,50,4,115,natural,6,small
remote@small,2,100,5,115,natural,6,small
remote@small,2,150,6,115,natural,6,small
scissors@large,2,25,6,10,natural,6,large
scissors@large,2,50,6,10,natural,6,large
scissors@large,2,100,6,10,natural,6,large
scissors@large,2,150,6,10,natural,6,large
scissors@medium,2,25,6,10,natural,6,medium
scissors@medium,2,50,6,10,natural,6,medium
scissors@medium,2,100,6,10,natural,6,medium
scissors@medium,2,150,6,10,natural,6,medium
scissors@small,2,25,1,150,natural,6,small
scissors@small,2,50,1,150,natural,6,small
scissors@small,2,100,2,150,natural,6,small
scissors@small,2,150,3,150,natural,6,small
single serving drinking vessel@large,2,25,6,10,natural,6,large
single serving drinking vessel@large,2,50,6,10,natural,6,large
single serving drinking vessel@large,2,100,6,10,natural,6,large
single serving drinking vessel@large,2,150,6,10,natural,6,large
single serving drinking vessel@medium,2,25,6,14,natural,6,medium
single serving drinking vessel@medium,2,50,6,14,natural,6,medium
single serving drinking vessel@medium,2,100,6,14,natural,6,medium
single serving drinking vessel@medium,2,150,7,14,natural,6,medium
single serving drinking vessel@small,2,25,1,141,natural,6,small
single serving drinking vessel@small,2,50,3,141,natural,6,small
single serving drinking vessel@small,2,100,4,141,natural,6,small
single serving drinking vessel@small,2,150,7,141,natural,6,small
sink@large,2,25,6,10,natural,6,large
sink@large,2,50,6,10,natural,6,large
sink@large,2,100,6,10,natural,6,large
sink@large,2,150,6,10,natural,6,large
sink@medium,2,25,4,57,natural,6,medium
sink@medium,2,50,5,57,natural,6,medium
sink@medium,2,100,8,57,natural,6,medium
sink@medium,2,150,9,57,natural,6,medium
sink@small,2,25,0,136,natural,6,small
sink@small,2,50,0,136,natural,6,small
sink@small,2,100,4,136,natural,6,small
sink@small,2,150,7,136,natural,6,small
skateboard@large,2,25,6,10,natural,6,large
skateboard@large,2,50,6,10,natural,6,large
skateboard@large,2,100,6,10,natural,6,large
skateboard@large,2,150,20,10,natural,6,large
skateboard@medium,2,25,6,10,natural,6,medium
skateboard@medium,2,50,6,10,natural,6,medium
skateboard@medium,2,100,6,10,natural,6,medium
skateboard@medium,2,150,6,10,natural,6,medium
skateboard@small,2,25,6,10,natural,6,small
skateboard@small,2,50,6,10,natural,6,small
skateboard@small,2,100,6,10,natural,6,small
skateboard@small,2,150,6,10,natural,6,small
skis@large,2,25,8,10,natural,6,large
skis@large,2,50,8,10,natural,6,large
skis@large,2,100,20,10,natural,6,large
skis@large,2,150,29,10,natural,6,large
skis@medium,2,25,12,10,natural,6,medium
skis@medium,2,50,19,10,natural,6,medium
skis@medium,2,100,33,10,natural,6,medium
skis@medium,2,150,43,10,natural,6,medium
skis@small,2,25,7,10,natural,6,small
skis@small,2,50,11,10,natural,6,small
skis@small,2,100,27,10,natural,6,small
skis@small,2,150,49,10,natural,6,small
snowboard@large,2,25,6,10,natural,6,large
snowboard@large,2,50,6,10,natural,6,large
snowboard@large,2,100,7,10,natural,6,large
snowboard@large,2,150,28,10,natural,6,large
snowboard@medium,2,25,7,10,natural,6,medium
snowboard@medium,2,50,7,10,natural,6,medium
snowboard@medium,2,100,13,10,natural,6,medium
snowboard@medium,2,150,14,10,natural,6,medium
snowboard@small,2,25,8,10,natural,6,small
snowboard@small,2,50,9,10,natural,6,small
snowboard@small,2,100,11,10,natural,6,small
snowboard@small,2,150,12,10,natural,6,small
spoon@large,2,25,4,38,natural,6,large
spoon@large,2,50,7,38,natural,6,large
spoon@large,2,100,7,38,natural,6,large
spoon@large,2,150,7,38,natural,6,large
spoon@medium,2,25,2,75,natural,6,medium
spoon@medium,2,50,3,75,natural,6,medium
spoon@medium,2,100,6,75,natural,6,medium
spoon@medium,2,150,6,75,natural,6,medium
spoon@small,2,25,0,150,natural,6,small
spoon@small,2,50,0,150,natural,6,small
spoon@small,2,100,0,150,natural,6,small
spoon@small,2,150,1,150,natural,6,small
stop sign@large,2,25,7,10,natural,6,large
stop sign@large,2,50,8,10,natural,6,large
stop sign@large,2,100,8,10,natural,6,large
stop sign@large,2,150,8,10,natural,6,large
stop sign@medium,2,25,6,10,natural,6,medium
stop sign@medium,2,50,6,10,natural,6,medium
stop sign@medium,2,100,6,10,natural,6,medium
stop sign@medium,2,150,6,10,natural,6,medium
stop sign@small,2,25,0,150,natural,6,small
stop sign@small,2,50,1,150,natural,6,small
stop sign@small,2,100,2,150,natural,6,small
stop sign@small,2,150,5,150,natural,6,small
surfboard@large,2,25,6,10,natural,6,large
surfboard@large,2,50,6,10,natural,6,large
surfboard@large,2,100,6,10,natural,6,large
surfboard@large,2,150,6,10,natural,6,large
surfboard@medium,2,25,6,10,natural,6,medium
surfboard@medium,2,50,6,10,natural,6,medium
surfboard@medium,2,100,6,10,natural,6,medium
surfboard@medium,2,150,6,10,natural,6,medium
surfboard@small,2,25,6,10,natural,6,small
surfboard@small,2,50,10,10,natural,6,small
surfboard@small,2,100,10,10,natural,6,small
surfboard@small,2,150,13,10,natural,6,small
tennis racket@large,2,25,6,10,natural,6,large
tennis racket@large,2,50,6,10,natural,6,large
tennis racket@large,2,100,6,10,natural,6,large
tennis racket@large,2,150,15,10,natural,6,large
tennis racket@medium,2,25,6,10,natural,6,medium
tennis racket@medium,2,50,14,10,natural,6,medium
tennis racket@medium,2,100,41,10,natural,6,medium
tennis racket@medium,2,150,43,10,natural,6,medium
tennis racket@small,2,25,6,10,natural,6,small
tennis racket@small,2,50,16,10,natural,6,small
tennis racket@small,2,100,35,10,natural,6,small
tennis racket@small,2,150,35,10,natural,6,small
tie@large,2,25,6,10,natural,6,large
tie@large,2,50,6,10,natural,6,large
tie@large,2,100,6,10,natural,6,large
tie@large,2,150,7,10,natural,6,large
tie@medium,2,25,6,10,natural,6,medium
tie@medium,2,50,7,10,natural,6,medium
tie@medium,2,100,7,10,natural,6,medium
tie@medium,2,150,7,10,natural,6,medium
tie@small,2,25,2,66,natural,6,small
tie@small,2,50,5,66,natural,6,small
tie@small,2,100,6,66,natural,6,small
tie@small,2,150,6,66,natural,6,small
toothbrush@large,2,25,6,10,natural,6,large
toothbrush@large,2,50,6,10,natural,6,large
toothbrush@large,2,100,6,10,natural,6,large
toothbrush@large,2,150,6,10,natural,6,large
toothbrush@medium,2,25,6,10,natural,6,medium
toothbrush@medium,2,50,6,10,natural,6,medium
toothbrush@medium,2,100,7,10,natural,6,medium
toothbrush@medium,2,150,7,10,natural,6,medium
toothbrush@small,2,25,6,17,natural,6,small
toothbrush@small,2,50,7,17,natural,6,small
toothbrush@small,2,100,7,17,natural,6,small
toothbrush@small,2,150,7,17,natural,6,small
traffic light@large,2,25,6,10,natural,6,large
traffic light@large,2,50,6,10,natural,6,large
traffic light@large,2,100,7,10,natural,6,large
traffic light@large,2,150,7,10,natural,6,large
traffic light@medium,2,25,6,10,natural,6,medium
traffic light@medium,2,50,6,10,natural,6,medium
traffic light@medium,2,100,8,10,natural,6,medium
traffic light@medium,2,150,8,10,natural,6,medium
traffic light@small,2,25,2,45,natural,6,small
traffic light@small,2,50,6,45,natural,6,small
traffic light@small,2,100,6,45,natural,6,small
traffic light@small,2,150,7,45,natural,6,small
tv@large,2,25,6,10,natural,6,large
tv@large,2,50,6,10,natural,6,large
tv@large,2,100,6,10,natural,6,large
tv@large,2,150,6,10,natural,6,large
tv@medium,2,25,4,29,natural,6,medium
tv@medium,2,50,6,29,natural,6,medium
tv@medium,2,100,6,29,natural,6,medium
tv@medium,2,150,6,29,natural,6,medium
tv@small,2,25,0,150,natural,6,small
tv@small,2,50,0,150,natural,6,small
tv@small,2,100,1,150,natural,6,small
tv@small,2,150,1,150,natural,6,small
umbrella@large,2,25,6,10,natural,6,large
umbrella@large,2,50,6,10,natural,6,large
umbrella@large,2,100,6,10,natural,6,large
umbrella@large,2,150,6,10,natural,6,large
umbrella@medium,2,25,7,10,natural,6,medium
umbrella@medium,2,50,7,10,natural,6,medium
umbrella@medium,2,100,7,10,natural,6,medium
umbrella@medium,2,150,7,10,natural,6,medium
umbrella@small,2,25,2,91,natural,6,small
umbrella@small,2,50,3,91,natural,6,small
umbrella@small,2,100,6,91,natural,6,small
umbrella@small,2,150,6,91,natural,6,small
vase or potted plant@large,2,25,6,10,natural,6,large
vase or potted plant@large,2,50,6,10,natural,6,large
vase or potted plant@large,2,100,6,10,natural,6,large
vase or potted plant@large,2,150,6,10,natural,6,large
vase or potted plant@medium,2,25,5,52,natural,6,medium
vase or potted plant@medium,2,50,5,52,natural,6,medium
vase or potted plant@medium,2,100,7,52,natural,6,medium
vase or potted plant@medium,2,150,9,52,natural,6,medium
vase or potted plant@small,2,25,0,150,natural,6,small
vase or potted plant@small,2,50,0,150,natural,6,small
vase or potted plant@small,2,100,1,150,natural,6,small
vase or potted plant@small,2,150,2,150,natural,6,small
airplane@large,3,25,7,10,natural,6,large
airplane@large,3,50,7,10,natural,6,large
airplane@large,3,100,27,10,natural,6,large
airplane@large,3,150,43,10,natural,6,large
airplane@medium,3,25,16,10,natural,6,medium
airplane@medium,3,50,20,10,natural,6,medium
airplane@medium,3,100,25,10,natural,6,medium
airplane@medium,3,150,25,10,natural,6,medium
airplane@small,3,25,6,10,natural,6,small
airplane@small,3,50,6,10,natural,6,small
airplane@small,3,100,6,10,natural,6,small
airplane@small,3,150,9,10,natural,6,small
apple@large,3,25,6,10,natural,6,large
apple@large,3,50,6,10,natural,6,large
apple@large,3,100,8,10,natural,6,large
apple@large,3,150,9,10,natural,6,large
apple@medium,3,25,6,10,natural,6,medium
apple@medium,3,50,6,10,natural,6,medium
apple@medium,3,100,6,10,natural,6,medium
apple@medium,3,150,6,10,natural,6,medium
bag or luggage@large,3,25,7,10,natural,6,large
bag or luggage@large,3,50,7,10,natural,6,large
bag or luggage@large,3,100,7,10,natural,6,large
bag or luggage@large,3,150,7,10,natural,6,large
bag or luggage@medium,3,25,5,49,natural,6,medium
bag or luggage@medium,3,50,6,49,natural,6,medium
bag or luggage@medium,3,100,6,49,natural,6,medium
bag or luggage@medium,3,150,8,49,natural,6,medium
bag or luggage@small,3,25,0,150,natural,6,small
bag or luggage@small,3,50,1,150,natural,6,small
bag or luggage@small,3,100,1,150,natural,6,small
bag or luggage@small,3,150,3,150,natural,6,small
banana@large,3,25,6,10,natural,6,large
banana@large,3,50,6,10,natural,6,large
banana@large,3,100,6,10,natural,6,large
banana@large,3,150,6,10,natural,6,large
banana@medium,3,25,8,10,natural,6,medium
banana@medium,3,50,9,10,natural,6,medium
banana@medium,3,100,9,10,natural,6,medium
banana@medium,3,150,9,10,natural,6,medium
baseball bat@large,3,25,6,10,natural,6,large
baseball bat@large,3,50,13,10,natural,6,large
baseball bat@large,3,100,15,10,natural,6,large
baseball bat@large,3,150,33,10,natural,6,large
baseball bat@medium,3,25,9,10,natural,6,medium
baseball bat@medium,3,50,21,10,natural,6,medium
baseball bat@medium,3,100,21,10,natural,6,medium
baseball bat@medium,3,150,41,10,natural,6,medium
baseball bat@small,3,25,6,10,natural,6,small
baseball bat@small,3,50,6,10,natural,6,small
baseball bat@small,3,100,6,10,natural,6,small
baseball bat@small,3,150,28,10,natural,6,small
bench@large,3,25,7,10,natural,6,large
bench@large,3,50,7,10,natural,6,large
bench@large,3,100,10,10,natural,6,large
bench@large,3,150,10,10,natural,6,large
bench@medium,3,25,5,32,natural,6,medium
bench@medium,3,50,6,32,natural,6,medium
bench@medium,3,100,8,32,natural,6,medium
bench@medium,3,150,9,32,natural,6,medium
bench@small,3,25,0,150,natural,6,small
bench@small,3,50,0,150,natural,6,small
bench@small,3,100,0,150,natural,6,small
bench@small,3,150,1,150,natural,6,small
bicycle@large,3,25,6,10,natural,6,large
bicycle@large,3,50,6,10,natural,6,large
bicycle@large,3,100,6,10,natural,6,large
bicycle@large,3,150,6,10,natural,6,large
bicycle@medium,3,25,7,10,natural,6,medium
bicycle@medium,3,50,7,10,natural,6,medium
bicycle@medium,3,100,8,10,natural,6,medium
bicycle@medium,3,150,9,10,natural,6,medium
bicycle@small,3,25,1,150,natural,6,small
bicycle@small,3,50,1,150,natural,6,small
bicycle@small,3,100,3,150,natural,6,small
bicycle@small,3,150,5,150,natural,6,small
bird@large,3,25,6,10,natural,6,large
bird@large,3,50,12,10,natural,6,large
bird@large,3,100,17,10,natural,6,large
bird@large,3,150,23,10,natural,6,large
bird@medium,3,25,7,10,natural,6,medium
bird@medium,3,50,8,10,natural,6,medium
bird@medium,3,100,8,10,natural,6,medium
bird@medium,3,150,8,10,natural,6,medium
bird@small,3,25,2,87,natural,6,small
bird@small,3,50,3,87,natural,6,small
bird@small,3,100,6,87,natural,6,small
bird@small,3,150,6,87,natural,6,small
boat@large,3,25,8,10,natural,6,large
boat@large,3,50,8,10,natural,6,large
boat@large,3,100,8,10,natural,6,large
boat@large,3,150,8,10,natural,6,large
boat@medium,3,25,10,10,natural,6,medium
boat@medium,3,50,10,10,natural,6,medium
boat@medium,3,100,10,10,natural,6,medium
boat@medium,3,150,10,10,natural,6,medium
boat@small,3,25,7,16,natural,6,small
boat@small,3,50,7,16,natural,6,small
boat@small,3,100,7,16,natural,6,small
boat@small,3,150,7,16,natural,6,small
book@large,3,25,6,10,natural,6,large
book@large,3,50,7,10,natural,6,large
book@large,3,100,7,10,natural,6,large
book@large,3,150,7,10,natural,6,large
book@medium,3,25,1,150,natural,6,medium
book@medium,3,50,2,150,natural,6,medium
book@medium,3,100,3,150,natural,6,medium
book@medium,3,150,4,150,natural,6,medium
book@small,3,25,1,150,natural,6,small
book@small,3,50,2,150,natural,6,small
book@small,3,100,2,150,natural,6,small
book@small,3,150,4,150,natural,6,small
bottle@large,3,25,6,10,natural,6,large
bottle@large,3,50,6,10,natural,6,large
bottle@large,3,100,6,10,natural,6,large
bottle@large,3,150,6,10,natural,6,large
bottle@medium,3,25,2,137,natural,6,medium
bottle@medium,3,50,3,137,natural,6,medium
bottle@medium,3,100,5,137,natural,6,medium
bottle@medium,3,150,6,137,natural,6,medium
bottle@small,3,25,2,150,natural,6,small
bottle@small,3,50,2,150,natural,6,small
bottle@small,3,100,2,150,natural,6,small
bottle@small,3,150,2,150,natural,6,small
bowl@large,3,25,5,26,natural,6,large
bowl@large,3,50,7,26,natural,6,large
bowl@large,3,100,7,26,natural,6,large
bowl@large,3,150,7,26,natural,6,large
bowl@medium,3,25,1,150,natural,6,medium
bowl@medium,3,50,1,150,natural,6,medium
bowl@medium,3,100,2,150,natural,6,medium
bowl@medium,3,150,3,150,natural,6,medium
bowl@small,3,25,0,150,natural,6,small
bowl@small,3,50,0,150,natural,6,small
bowl@small,3,100,0,150,natural,6,small
bowl@small,3,150,1,150,natural,6,small
bus@large,3,25,6,10,natural,6,large
bus@large,3,50,6,10,natural,6,large
bus@large,3,100,6,10,natural,6,large
bus@large,3,150,6,10,natural,6,large
bus@medium,3,25,6,10,natural,6,medium
bus@medium,3,50,6,10,natural,6,medium
bus@medium,3,100,6,10,natural,6,medium
bus@medium,3,150,6,10,natural,6,medium
bus@small,3,25,1,96,natural,6,small
bus@small,3,50,2,96,natural,6,small
bus@small,3,100,6,96,natural,6,small
bus@small,3,150,7,96,natural,6,small
cell phone@large,3,25,7,10,natural,6,large
cell phone@large,3,50,7,10,natural,6,large
cell phone@large,3,100,7,10,natural,6,large
cell phone@large,3,150,13,10,natural,6,large
cell phone@medium,3,25,7,12,natural,6,medium
cell phone@medium,3,50,7,12,natural,6,medium
cell phone@medium,3,100,7,12,natural,6,medium
cell phone@medium,3,150,7,12,natural,6,medium
cell phone@small,3,25,2,150,natural,6,small
cell phone@small,3,50,5,150,natural,6,small
cell phone@small,3,100,5,150,natural,6,small
cell phone@small,3,150,5,150,natural,6,small
chair@large,3,25,6,16,natural,6,large
chair@large,3,50,6,16,natural,6,large
chair@large,3,100,6,16,natural,6,large
chair@large,3,150,7,16,natural,6,large
chair@medium,3,25,1,150,natural,6,medium
chair@medium,3,50,1,150,natural,6,medium
chair@medium,3,100,1,150,natural,6,medium
chair@medium,3,150,1,150,natural,6,medium
chair@small,3,25,0,150,natural,6,small
chair@small,3,50,0,150,natural,6,small
chair@small,3,100,0,150,natural,6,small
chair@small,3,150,0,150,natural,6,small
clock@large,3,25,6,10,natural,6,large
clock@large,3,50,6,10,natural,6,large
clock@large,3,100,6,10,natural,6,large
clock@large,3,150,6,10,natural,6,large
clock@medium,3,25,6,10,natural,6,medium
clock@medium,3,50,7,10,natural,6,medium
clock@medium,3,100,7,10,natural,6,medium
clock@medium,3,150,8,10,natural,6,medium
clock@small,3,25,6,13,natural,6,small
clock@small,3,50,6,13,natural,6,small
clock@small,3,100,8,13,natural,6,small
clock@small,3,150,8,13,natural,6,small
dining table@large,3,25,6,10,natural,6,large
dining table@large,3,50,6,10,natural,6,large
dining table@large,3,100,6,10,natural,6,large
dining table@large,3,150,6,10,natural,6,large
dining table@medium,3,25,6,12,natural,6,medium
dining table@medium,3,50,6,12,natural,6,medium
dining table@medium,3,100,7,12,natural,6,medium
dining table@medium,3,150,8,12,natural,6,medium
dining table@small,3,25,0,63,natural,6,small
dining table@small,3,50,3,63,natural,6,small
dining table@small,3,100,6,63,natural,6,small
dining table@small,3,150,6,63,natural,6,small
dog@large,3,25,6,10,natural,6,large
dog@large,3,50,6,10,natural,6,large
dog@large,3,100,7,10,natural,6,large
dog@large,3,150,7,10,natural,6,large
dog@medium,3,25,6,21,natural,6,medium
dog@medium,3,50,6,21,natural,6,medium
dog@medium,3,100,6,21,natural,6,medium
dog@medium,3,150,7,21,natural,6,medium
dog@small,3,25,1,150,natural,6,small
dog@small,3,50,1,150,natural,6,small
dog@small,3,100,3,150,natural,6,small
dog@small,3,150,3,150,natural,6,small
enclosed road vehicle@large,3,25,7,10,natural,6,large
enclosed road vehicle@large,3,50,7,10,natural,6,large
enclosed road vehicle@large,3,100,8,10,natural,6,large
enclosed road vehicle@large,3,150,8,10,natural,6,large
enclosed road vehicle@medium,3,25,1,106,natural,6,medium
enclosed road vehicle@medium,3,50,3,106,natural,6,medium
enclosed road vehicle@medium,3,100,5,106,natural,6,medium
enclosed road vehicle@medium,3,150,9,106,natural,6,medium
enclosed road vehicle@small,3,25,0,150,natural,6,small
enclosed road vehicle@small,3,50,0,150,natural,6,small
enclosed road vehicle@small,3,100,1,150,natural,6,small
enclosed road vehicle@small,3,150,2,150,natural,6,small
fire hydrant@large,3,25,6,10,natural,6,large
fire hydrant@large,3,50,6,10,natural,6,large
fire hydrant@large,3,100,25,10,natural,6,large
fire hydrant@large,3,150,37,10,natural,6,large
fire hydrant@medium,3,25,6,10,natural,6,medium
fire hydrant@medium,3,50,6,10,natural,6,medium
fire hydrant@medium,3,100,6,10,natural,6,medium
fire hydrant@medium,3,150,6,10,natural,6,medium
fire hydrant@small,3,25,1,77,natural,6,small
fire hydrant@small,3,50,3,77,natural,6,small
fire hydrant@small,3,100,6,77,natural,6,small
fire hydrant@small,3,150,6,77,natural,6,small
fork@large,3,25,6,10,natural,6,large
fork@large,3,50,6,10,natural,6,large
fork@large,3,100,7,10,natural,6,large
fork@large,3,150,7,10,natural,6,large
fork@medium,3,25,3,41,natural,6,medium
fork@medium,3,50,6,41,natural,6,medium
fork@medium,3,100,7,41,natural,6,medium
fork@medium,3,150,7,41,natural,6,medium
fork@small,3,25,2,116,natural,6,small
fork@small,3,50,3,116,natural,6,small
fork@small,3,100,5,116,natural,6,small
fork@small,3,150,6,116,natural,6,small
frisbee@large,3,25,6,10,natural,6,large
frisbee@large,3,50,6,10,natural,6,large
frisbee@large,3,100,6,10,natural,6,large
frisbee@large,3,150,7,10,natural,6,large
frisbee@medium,3,25,6,10,natural,6,medium
frisbee@medium,3,50,6,10,natural,6,medium
frisbee@medium,3,100,6,10,natural,6,medium
frisbee@medium,3,150,6,10,natural,6,medium
frisbee@small,3,25,6,10,natural,6,small
frisbee@small,3,50,6,10,natural,6,small
frisbee@small,3,100,6,10,natural,6,small
frisbee@small,3,150,6,10,natural,6,small
keyboard@large,3,25,6,10,natural,6,large
keyboard@large,3,50,6,10,natural,6,large
keyboard@large,3,100,8,10,natural,6,large
keyboard@large,3,150,9,10,natural,6,large
keyboard@medium,3,25,4,28,natural,6,medium
keyboard@medium,3,50,6,28,natural,6,medium
keyboard@medium,3,100,7,28,natural,6,medium
keyboard@medium,3,150,7,28,natural,6,medium
keyboard@small,3,25,0,150,natural,6,small
keyboard@small,3,50,0,150,natural,6,small
keyboard@small,3,100,0,150,natural,6,small
keyboard@small,3,150,1,150,natural,6,small
kite@large,3,25,6,10,natural,6,large
kite@large,3,50,6,10,natural,6,large
kite@large,3,100,6,10,natural,6,large
kite@large,3,150,9,10,natural,6,large
kite@medium,3,25,6,10,natural,6,medium
kite@medium,3,50,6,10,natural,6,medium
kite@medium,3,100,7,10,natural,6,medium
kite@medium,3,150,8,10,natural,6,medium
kite@small,3,25,6,10,natural,6,small
kite@small,3,50,6,10,natural,6,small
kite@small,3,100,6,10,natural,6,small
kite@small,3,150,6,10,natural,6,small
knife@large,3,25,6,15,natural,6,large
knife@large,3,50,6,15,natural,6,large
knife@large,3,100,9,15,natural,6,large
knife@large,3,150,10,15,natural,6,large
knife@medium,3,25,3,86,natural,6,medium
knife@medium,3,50,4,86,natural,6,medium
knife@medium,3,100,6,86,natural,6,medium
knife@medium,3,150,6,86,natural,6,medium
knife@small,3,25,0,150,natural,6,small
knife@small,3,50,0,150,natural,6,small
knife@small,3,100,0,150,natural,6,small
knife@small,3,150,1,150,natural,6,small
laptop@large,3,25,6,10,natural,6,large
laptop@large,3,50,6,10,natural,6,large
laptop@large,3,100,6,10,natural,6,large
laptop@large,3,150,6,10,natural,6,large
laptop@medium,3,25,2,47,natural,6,medium
laptop@medium,3,50,6,47,natural,6,medium
laptop@medium,3,100,6,47,natural,6,medium
laptop@medium,3,150,6,47,natural,6,medium
laptop@small,3,25,0,150,natural,6,small
laptop@small,3,50,0,150,natural,6,small
laptop@small,3,100,0,150,natural,6,small
laptop@small,3,150,0,150,natural,6,small
microwave@large,3,25,6,10,natural,6,large
microwave@large,3,50,6,10,natural,6,large
microwave@large,3,100,6,10,natural,6,large
microwave@large,3,150,7,10,natural,6,large
microwave@medium,3,25,4,29,natural,6,medium
microwave@medium,3,50,6,29,natural,6,medium
microwave@medium,3,100,7,29,natural,6,medium
microwave@medium,3,150,7,29,natural,6,medium
microwave@small,3,25,0,150,natural,6,small
microwave@small,3,50,0,150,natural,6,small
microwave@small,3,100,0,150,natural,6,small
microwave@small,3,150,4,150,natural,6,small
motorcycle@large,3,25,6,10,natural,6,large
motorcycle@large,3,50,6,10,natural,6,large
motorcycle@large,3,100,13,10,natural,6,large
motorcycle@large,3,150,23,10,natural,6,large
motorcycle@medium,3,25,6,10,natural,6,medium
motorcycle@medium,3,50,6,10,natural,6,medium
motorcycle@medium,3,100,6,10,natural,6,medium
motorcycle@medium,3,150,6,10,natural,6,medium
motorcycle@small,3,25,1,150,natural,6,small
motorcycle@small,3,50,1,150,natural,6,small
motorcycle@small,3,100,2,150,natural,6,small
motorcycle@small,3,150,2,150,natural,6,small
mouse@large,3,25,6,10,natural,6,large
mouse@large,3,50,6,10,natural,6,large
mouse@large,3,100,6,10,natural,6,large
mouse@large,3,150,7,10,natural,6,large
mouse@medium,3,25,6,10,natural,6,medium
mouse@medium,3,50,6,10,natural,6,medium
mouse@medium,3,100,6,10,natural,6,medium
mouse@medium,3,150,6,10,natural,6,medium
mouse@small,3,25,0,77,natural,6,small
mouse@small,3,50,1,77,natural,6,small
mouse@small,3,100,6,77,natural,6,small
mouse@small,3,150,6,77,natural,6,small
orange@large,3,25,6,10,natural,6,large
orange@large,3,50,7,10,natural,6,large
orange@large,3,100,11,10,natural,6,large
orange@large,3,150,24,10,natural,6,large
orange@medium,3,25,6,10,natural,6,medium
orange@medium,3,50,6,10,natural,6,medium
orange@medium,3,100,6,10,natural,6,medium
orange@medium,3,150,6,10,natural,6,medium
parking meter@large,3,25,6,10,natural,6,large
parking meter@large,3,50,6,10,natural,6,large
parking meter@large,3,100,6,10,natural,6,large
parking meter@large,3,150,6,10,natural,6,large
parking meter@medium,3,25,9,10,natural,6,medium
parking meter@medium,3,50,9,10,natural,6,medium
parking meter@medium,3,100,9,10,natural,6,medium
parking meter@medium,3,150,9,10,natural,6,medium
parking meter@small,3,25,3,139,natural,6,small
parking meter@small,3,50,3,139,natural,6,small
parking meter@small,3,100,3,139,natural,6,small
parking meter@small,3,150,6,139,natural,6,small
person@large,3,25,7,10,natural,6,large
person@large,3,50,7,10,natural,6,large
person@large,3,100,7,10,natural,6,large
person@large,3,150,12,10,natural,6,large
person@medium,3,25,1,134,natural,6,medium
person@medium,3,50,4,134,natural,6,medium
person@medium,3,100,5,134,natural,6,medium
person@medium,3,150,6,134,natural,6,medium
person@small,3,25,0,150,natural,6,small
person@small,3,50,0,150,natural,6,small
person@small,3,100,1,150,natural,6,small
person@small,3,150,2,150,natural,6,small
remote@large,3,25,6,10,natural,6,large
remote@large,3,50,6,10,natural,6,large
remote@large,3,100,6,10,natural,6,large
remote@large,3,150,7,10,natural,6,large
remote@medium,3,25,4,32,natural,6,medium
remote@medium,3,50,6,32,natural,6,medium
remote@medium,3,100,6,32,natural,6,medium
remote@medium,3,150,7,32,natural,6,medium
remote@small,3,25,0,150,natural,6,small
remote@small,3,50,1,150,natural,6,small
remote@small,3,100,1,150,natural,6,small
remote@small,3,150,5,150,natural,6,small
scissors@large,3,25,7,10,natural,6,large
scissors@large,3,50,7,10,natural,6,large
scissors@large,3,100,7,10,natural,6,large
scissors@large,3,150,7,10,natural,6,large
scissors@medium,3,25,6,10,natural,6,medium
scissors@medium,3,50,6,10,natural,6,medium
scissors@medium,3,100,6,10,natural,6,medium
scissors@medium,3,150,7,10,natural,6,medium
scissors@small,3,25,1,125,natural,6,small
scissors@small,3,50,2,125,natural,6,small
scissors@small,3,100,5,125,natural,6,small
scissors@small,3,150,6,125,natural,6,small
single serving drinking vessel@large,3,25,6,12,natural,6,large
single serving drinking vessel@large,3,50,6,12,natural,6,large
single serving drinking vessel@large,3,100,6,12,natural,6,large
single serving drinking vessel@large,3,150,6,12,natural,6,large
single serving drinking vessel@medium,3,25,5,26,natural,6,medium
single serving drinking vessel@medium,3,50,6,26,natural,6,medium
single serving drinking vessel@medium,3,100,6,26,natural,6,medium
single serving drinking vessel@medium,3,150,6,26,natural,6,medium
single serving drinking vessel@small,3,25,1,150,natural,6,small
single serving drinking vessel@small,3,50,1,150,natural,6,small
single serving drinking vessel@small,3,100,1,150,natural,6,small
single serving drinking vessel@small,3,150,2,150,natural,6,small
sink@large,3,25,6,10,natural,6,large
sink@large,3,50,6,10,natural,6,large
sink@large,3,100,6,10,natural,6,large
sink@large,3,150,7,10,natural,6,large
sink@medium,3,25,4,44,natural,6,medium
sink@medium,3,50,6,44,natural,6,medium
sink@medium,3,100,7,44,natural,6,medium
sink@medium,3,150,7,44,natural,6,medium
sink@small,3,25,2,114,natural,6,small
sink@small,3,50,2,114,natural,6,small
sink@small,3,100,5,114,natural,6,small
sink@small,3,150,7,114,natural,6,small
skateboard@large,3,25,6,10,natural,6,large
skateboard@large,3,50,6,10,natural,6,large
skateboard@large,3,100,6,10,natural,6,large
skateboard@large,3,150,6,10,natural,6,large
skateboard@medium,3,25,6,10,natural,6,medium
skateboard@medium,3,50,6,10,natural,6,medium
skateboard@medium,3,100,6,10,natural,6,medium
skateboard@medium,3,150,8,10,natural,6,medium
skateboard@small,3,25,6,10,natural,6,small
skateboard@small,3,50,6,10,natural,6,small
skateboard@small,3,100,6,10,natural,6,small
skateboard@small,3,150,6,10,natural,6,small
skis@large,3,25,15,10,natural,6,large
skis@large,3,50,31,10,natural,6,large
skis@large,3,100,36,10,natural,6,large
skis@large,3,150,41,10,natural,6,large
skis@medium,3,25,7,10,natural,6,medium
skis@medium,3,50,11,10,natural,6,medium
skis@medium,3,100,29,10,natural,6,medium
skis@medium,3,150,46,10,natural,6,medium
skis@small,3,25,7,17,natural,6,small
skis@small,3,50,7,17,natural,6,small
skis@small,3,100,12,17,natural,6,small
skis@small,3,150,30,17,natural,6,small
snowboard@large,3,25,6,10,natural,6,large
snowboard@large,3,50,6,10,natural,6,large
snowboard@large,3,100,6,10,natural,6,large
snowboard@large,3,150,21,10,natural,6,large
snowboard@medium,3,25,6,10,natural,6,medium
snowboard@medium,3,50,6,10,natural,6,medium
snowboard@medium,3,100,10,10,natural,6,medium
snowboard@medium,3,150,11,10,natural,6,medium
snowboard@small,3,25,6,13,natural,6,small
snowboard@small,3,50,8,13,natural,6,small
snowboard@small,3,100,9,13,natural,6,small
snowboard@small,3,150,10,13,natural,6,small
spoon@large,3,25,5,29,natural,6,large
spoon@large,3,50,6,29,natural,6,large
spoon@large,3,100,6,29,natural,6,large
spoon@large,3,150,6,29,natural,6,large
spoon@medium,3,25,1,68,natural,6,medium
spoon@medium,3,50,3,68,natural,6,medium
spoon@medium,3,100,7,68,natural,6,medium
spoon@medium,3,150,8,68,natural,6,medium
spoon@small,3,25,0,150,natural,6,small
spoon@small,3,50,0,150,natural,6,small
spoon@small,3,100,1,150,natural,6,small
spoon@small,3,150,2,150,natural,6,small
stop sign@large,3,25,6,10,natural,6,large
stop sign@large,3,50,6,10,natural,6,large
stop sign@large,3,100,6,10,natural,6,large
stop sign@large,3,150,6,10,natural,6,large
stop sign@medium,3,25,6,10,natural,6,medium
stop sign@medium,3,50,6,10,natural,6,medium
stop sign@medium,3,100,7,10,natural,6,medium
stop sign@medium,3,150,8,10,natural,6,medium
stop sign@small,3,25,0,150,natural,6,small
stop sign@small,3,50,2,150,natural,6,small
stop sign@small,3,100,2,150,natural,6,small
stop sign@small,3,150,3,150,natural,6,small
surfboard@large,3,25,6,10,natural,6,large
surfboard@large,3,50,6,10,natural,6,large
surfboard@large,3,100,6,10,natural,6,large
surfboard@large,3,150,6,10,natural,6,large
surfboard@medium,3,25,6,10,natural,6,medium
surfboard@medium,3,50,8,10,natural,6,medium
surfboard@medium,3,100,8,10,natural,6,medium
surfboard@medium,3,150,8,10,natural,6,medium
surfboard@small,3,25,6,10,natural,6,small
surfboard@small,3,50,6,10,natural,6,small
surfboard@small,3,100,7,10,natural,6,small
surfboard@small,3,150,10,10,natural,6,small
tennis racket@large,3,25,6,10,natural,6,large
tennis racket@large,3,50,6,10,natural,6,large
tennis racket@large,3,100,21,10,natural,6,large
tennis racket@large,3,150,37,10,natural,6,large
tennis racket@medium,3,25,6,10,natural,6,medium
tennis racket@medium,3,50,6,10,natural,6,medium
tennis racket@medium,3,100,14,10,natural,6,medium
tennis racket@medium,3,150,35,10,natural,6,medium
tennis racket@small,3,25,6,10,natural,6,small
tennis racket@small,3,50,19,10,natural,6,small
tennis racket@small,3,100,34,10,natural,6,small
tennis racket@small,3,150,38,10,natural,6,small
tie@large,3,25,6,10,natural,6,large
tie@large,3,50,6,10,natural,6,large
tie@large,3,100,7,10,natural,6,large
tie@large,3,150,7,10,natural,6,large
tie@medium,3,25,6,10,natural,6,medium
tie@medium,3,50,6,10,natural,6,medium
tie@medium,3,100,7,10,natural,6,medium
tie@medium,3,150,8,10,natural,6,medium
tie@small,3,25,1,96,natural,6,small
tie@small,3,50,3,96,natural,6,small
tie@small,3,100,6,96,natural,6,small
tie@small,3,150,6,96,natural,6,small
toothbrush@large,3,25,6,10,natural,6,large
toothbrush@large,3,50,6,10,natural,6,large
toothbrush@large,3,100,6,10,natural,6,large
toothbrush@large,3,150,6,10,natural,6,large
toothbrush@medium,3,25,6,10,natural,6,medium
toothbrush@medium,3,50,6,10,natural,6,medium
toothbrush@medium,3,100,6,10,natural,6,medium
toothbrush@medium,3,150,6,10,natural,6,medium
toothbrush@small,3,25,6,25,natural,6,small
toothbrush@small,3,50,6,25,natural,6,small
toothbrush@small,3,100,6,25,natural,6,small
toothbrush@small,3,150,7,25,natural,6,small
traffic light@large,3,25,7,10,natural,6,large
traffic light@large,3,50,7,10,natural,6,large
traffic light@large,3,100,7,10,natural,6,large
traffic light@large,3,150,7,10,natural,6,large
traffic light@medium,3,25,6,10,natural,6,medium
traffic light@medium,3,50,6,10,natural,6,medium
traffic light@medium,3,100,7,10,natural,6,medium
traffic light@medium,3,150,7,10,natural,6,medium
traffic light@small,3,25,2,62,natural,6,small
traffic light@small,3,50,4,62,natural,6,small
traffic light@small,3,100,7,62,natural,6,small
traffic light@small,3,150,7,62,natural,6,small
tv@large,3,25,6,10,natural,6,large
tv@large,3,50,6,10,natural,6,large
tv@large,3,100,6,10,natural,6,large
tv@large,3,150,6,10,natural,6,large
tv@medium,3,25,4,38,natural,6,medium
tv@medium,3,50,6,38,natural,6,medium
tv@medium,3,100,6,38,natural,6,medium
tv@medium,3,150,6,38,natural,6,medium
tv@small,3,25,0,150,natural,6,small
tv@small,3,50,1,150,natural,6,small
tv@small,3,100,2,150,natural,6,small
tv@small,3,150,2,150,natural,6,small
umbrella@large,3,25,7,10,natural,6,large
umbrella@large,3,50,7,10,natural,6,large
umbrella@large,3,100,7,10,natural,6,large
umbrella@large,3,150,7,10,natural,6,large
umbrella@medium,3,25,6,10,natural,6,medium
umbrella@medium,3,50,6,10,natural,6,medium
umbrella@medium,3,100,6,10,natural,6,medium
umbrella@medium,3,150,7,10,natural,6,medium
umbrella@small,3,25,2,100,natural,6,small
umbrella@small,3,50,3,100,natural,6,small
umbrella@small,3,100,6,100,natural,6,small
umbrella@small,3,150,6,100,natural,6,small
vase or potted plant@large,3,25,7,10,natural,6,large
vase or potted plant@large,3,50,7,10,natural,6,large
vase or potted plant@large,3,100,7,10,natural,6,large
vase or potted plant@large,3,150,7,10,natural,6,large
vase or potted plant@medium,3,25,4,61,natural,6,medium
vase or potted plant@medium,3,50,5,61,natural,6,medium
vase or potted plant@medium,3,100,6,61,natural,6,medium
vase or potted plant@medium,3,150,6,61,natural,6,medium
vase or potted plant@small,3,25,0,150,natural,6,small
vase or potted plant@small,3,50,0,150,natural,6,small
vase or potted plant@small,3,100,1,150,natural,6,small
vase or potted plant@small,3,150,1,150,natural,6,small
airplane@large,4,25,11,10,natural,6,large
airplane@large,4,50,18,10,natural,6,large
airplane@large,4,100,29,10,natural,6,large
airplane@large,4,150,43,10,natural,6,large
airplane@medium,4,25,6,10,natural,6,medium
airplane@medium,4,50,6,10,natural,6,medium
airplane@medium,4,100,28,10,natural,6,medium
airplane@medium,4,150,43,10,natural,6,medium
airplane@small,4,25,7,10,natural,6,small
airplane@small,4,50,7,10,natural,6,small
airplane@small,4,100,7,10,natural,6,small
airplane@small,4,150,7,10,natural,6,small
apple@large,4,25,6,10,natural,6,large
apple@large,4,50,8,10,natural,6,large
apple@large,4,100,29,10,natural,6,large
apple@large,4,150,29,10,natural,6,large
apple@medium,4,25,6,10,natural,6,medium
apple@medium,4,50,6,10,natural,6,medium
apple@medium,4,100,8,10,natural,6,medium
apple@medium,4,150,9,10,natural,6,medium
bag or luggage@large,4,25,6,10,natural,6,large
bag or luggage@large,4,50,7,10,natural,6,large
bag or luggage@large,4,100,7,10,natural,6,large
bag or luggage@large,4,150,7,10,natural,6,large
bag or luggage@medium,4,25,4,57,natural,6,medium
bag or luggage@medium,4,50,5,57,natural,6,medium
bag or luggage@medium,4,100,6,57,natural,6,medium
bag or luggage@medium,4,150,6,57,natural,6,medium
bag or luggage@small,4,25,0,150,natural,6,small
bag or luggage@small,4,50,1,150,natural,6,small
bag or luggage@small,4,100,1,150,natural,6,small
bag or luggage@small,4,150,3,150,natural,6,small
banana@large,4,25,6,10,natural,6,large
banana@large,4,50,8,10,natural,6,large
banana@large,4,100,8,10,natural,6,large
banana@large,4,150,8,10,natural,6,large
banana@medium,4,25,6,10,natural,6,medium
banana@medium,4,50,6,10,natural,6,medium
banana@medium,4,100,6,10,natural,6,medium
banana@medium,4,150,6,10,natural,6,medium
baseball bat@large,4,25,6,10,natural,6,large
baseball bat@large,4,50,6,10,natural,6,large
baseball bat@large,4,100,6,10,natural,6,large
baseball bat@large,4,150,6,10,natural,6,large
baseball bat@medium,4,25,8,10,natural,6,medium
baseball bat@medium,4,50,22,10,natural,6,medium
baseball bat@medium,4,100,36,10,natural,6,medium
baseball bat@medium,4,150,45,10,natural,6,medium
baseball bat@small,4,25,9,10,natural,6,small
baseball bat@small,4,50,30,10,natural,6,small
baseball bat@small,4,100,34,10,natural,6,small
baseball bat@small,4,150,37,10,natural,6,small
bench@large,4,25,6,10,natural,6,large
bench@large,4,50,6,10,natural,6,large
bench@large,4,100,7,10,natural,6,large
bench@large,4,150,9,10,natural,6,large
bench@medium,4,25,4,58,natural,6,medium
bench@medium,4,50,5,58,natural,6,medium
bench@medium,4,100,6,58,natural,6,medium
bench@medium,4,150,6,58,natural,6,medium
bench@small,4,25,1,150,natural,6,small
bench@small,4,50,1,150,natural,6,small
bench@small,4,100,1,150,natural,6,small
bench@small,4,150,2,150,natural,6,small
bicycle@large,4,25,7,10,natural,6,large
bicycle@large,4,50,7,10,natural,6,large
bicycle@large,4,100,7,10,natural,6,large
bicycle@large,4,150,7,10,natural,6,large
bicycle@medium,4,25,6,10,natural,6,medium
bicycle@medium,4,50,6,10,natural,6,medium
bicycle@medium,4,100,7,10,natural,6,medium
bicycle@medium,4,150,7,10,natural,6,medium
bicycle@small,4,25,0,150,natural,6,small
bicycle@small,4,50,2,150,natural,6,small
bicycle@small,4,100,2,150,natural,6,small
bicycle@small,4,150,5,150,natural,6,small
bird@large,4,25,6,10,natural,6,large
bird@large,4,50,6,10,natural,6,large
bird@large,4,100,8,10,natural,6,large
bird@large,4,150,34,10,natural,6,large
bird@medium,4,25,6,10,natural,6,medium
bird@medium,4,50,6,10,natural,6,medium
bird@medium,4,100,7,10,natural,6,medium
bird@medium,4,150,7,10,natural,6,medium
bird@small,4,25,3,55,natural,6,small
bird@small,4,50,5,55,natural,6,small
bird@small,4,100,7,55,natural,6,small
bird@small,4,150,7,55,natural,6,small
boat@large,4,25,8,10,natural,6,large
boat@large,4,50,8,10,natural,6,large
boat@large,4,100,8,10,natural,6,large
boat@large,4,150,8,10,natural,6,large
boat@medium,4,25,8,10,natural,6,medium
boat@medium,4,50,8,10,natural,6,medium
boat@medium,4,100,8,10,natural,6,medium
boat@medium,4,150,8,10,natural,6,medium
boat@small,4,25,6,25,natural,6,small
boat@small,4,50,6,25,natural,6,small
boat@small,4,100,6,25,natural,6,small
boat@small,4,150,7,25,natural,6,small
book@large,4,25,6,10,natural,6,large
book@large,4,50,6,10,natural,6,large
book@large,4,100,6,10,natural,6,large
book@large,4,150,6,10,natural,6,large
book@medium,4,25,2,88,natural,6,medium
book@medium,4,50,4,88,natural,6,medium
book@medium,4,100,6,88,natural,6,medium
book@medium,4,150,7,88,natural,6,medium
book@small,4,25,1,150,natural,6,small
book@small,4,50,2,150,natural,6,small
book@small,4,100,2,150,natural,6,small
book@small,4,150,3,150,natural,6,small
bottle@large,4,25,6,10,natural,6,large
bottle@large,4,50,6,10,natural,6,large
bottle@large,4,100,6,10,natural,6,large
bottle@large,4,150,6,10,natural,6,large
bottle@medium,4,25,2,91,natural,6,medium
bottle@medium,4,50,3,91,natural,6,medium
bottle@medium,4,100,6,91,natural,6,medium
bottle@medium,4,150,6,91,natural,6,medium
bottle@small,4,25,2,150,natural,6,small
bottle@small,4,50,2,150,natural,6,small
bottle@small,4,100,2,150,natural,6,small
bottle@small,4,150,2,150,natural,6,small
bowl@large,4,25,5,33,natural,6,large
bowl@large,4,50,6,33,natural,6,large
bowl@large,4,100,7,33,natural,6,large
bowl@large,4,150,8,33,natural,6,large
bowl@medium,4,25,0,142,natural,6,medium
bowl@medium,4,50,1,142,natural,6,medium
bowl@medium,4,100,3,142,natural,6,medium
bowl@medium,4,150,6,142,natural,6,medium
bowl@small,4,25,0,150,natural,6,small
bowl@small,4,50,0,150,natural,6,small
bowl@small,4,100,0,150,natural,6,small
bowl@small,4,150,0,150,natural,6,small
bus@large,4,25,6,10,natural,6,large
bus@large,4,50,6,10,natural,6,large
bus@large,4,100,6,10,natural,6,large
bus@large,4,150,6,10,natural,6,large
bus@medium,4,25,6,10,natural,6,medium
bus@medium,4,50,6,10,natural,6,medium
bus@medium,4,100,6,10,natural,6,medium
bus@medium,4,150,6,10,natural,6,medium
bus@small,4,25,0,150,natural,6,small
bus@small,4,50,1,150,natural,6,small
bus@small,4,100,3,150,natural,6,small
bus@small,4,150,4,150,natural,6,small
cell phone@large,4,25,9,10,natural,6,large
cell phone@large,4,50,9,10,natural,6,large
cell phone@large,4,100,9,10,natural,6,large
cell phone@large,4,150,10,10,natural,6,large
cell phone@medium,4,25,7,10,natural,6,medium
cell phone@medium,4,50,7,10,natural,6,medium
cell phone@medium,4,100,7,10,natural,6,medium
cell phone@medium,4,150,7,10,natural,6,medium
cell phone@small,4,25,2,95,natural,6,small
cell phone@small,4,50,5,95,natural,6,small
cell phone@small,4,100,6,95,natural,6,small
cell phone@small,4,150,6,95,natural,6,small
chair@large,4,25,7,17,natural,6,large
chair@large,4,50,7,17,natural,6,large
chair@large,4,100,7,17,natural,6,large
chair@large,4,150,7,17,natural,6,large
chair@medium,4,25,1,150,natural,6,medium
chair@medium,4,50,1,150,natural,6,medium
chair@medium,4,100,1,150,natural,6,medium
chair@medium,4,150,3,150,natural,6,medium
chair@small,4,25,0,150,natural,6,small
chair@small,4,50,0,150,natural,6,small
chair@small,4,100,0,150,natural,6,small
chair@small,4,150,0,150,natural,6,small
clock@large,4,25,6,10,natural,6,large
clock@large,4,50,6,10,natural,6,large
clock@large,4,100,6,10,natural,6,large
clock@large,4,150,6,10,natural,6,large
clock@medium,4,25,6,10,natural,6,medium
clock@medium,4,50,6,10,natural,6,medium
clock@medium,4,100,6,10,natural,6,medium
clock@medium,4,150,7,10,natural,6,medium
clock@small,4,25,4,61,natural,6,small
clock@small,4,50,5,61,natural,6,small
clock@small,4,100,6,61,natural,6,small
clock@small,4,150,6,61,natural,6,small
dining table@large,4,25,6,19,natural,6,large
dining table@large,4,50,7,19,natural,6,large
dining table@large,4,100,9,19,natural,6,large
dining table@large,4,150,9,19,natural,6,large
dining table@medium,4,25,5,30,natural,6,medium
dining table@medium,4,50,6,30,natural,6,medium
dining table@medium,4,100,6,30,natural,6,medium
dining table@medium,4,150,6,30,natural,6,medium
dining table@small,4,25,0,150,natural,6,small
dining table@small,4,50,1,150,natural,6,small
dining table@small,4,100,2,150,natural,6,small
dining table@small,4,150,2,150,natural,6,small
dog@large,4,25,6,10,natural,6,large
dog@large,4,50,6,10,natural,6,large
dog@large,4,100,6,10,natural,6,large
dog@large,4,150,6,10,natural,6,large
dog@medium,4,25,6,17,natural,6,medium
dog@medium,4,50,6,17,natural,6,medium
dog@medium,4,100,6,17,natural,6,medium
dog@medium,4,150,6,17,natural,6,medium
dog@small,4,25,1,150,natural,6,small
dog@small,4,50,2,150,natural,6,small
dog@small,4,100,4,150,natural,6,small
dog@small,4,150,4,150,natural,6,small
enclosed road vehicle@large,4,25,6,10,natural,6,large
enclosed road vehicle@large,4,50,6,10,natural,6,large
enclosed road vehicle@large,4,100,6,10,natural,6,large
enclosed road vehicle@large,4,150,6,10,natural,6,large
enclosed road vehicle@medium,4,25,2,150,natural,6,medium
enclosed road vehicle@medium,4,50,3,150,natural,6,medium
enclosed road vehicle@medium,4,100,4,150,natural,6,medium
enclosed road vehicle@medium,4,150,5,150,natural,6,medium
enclosed road vehicle@small,4,25,1,150,natural,6,small
enclosed road vehicle@small,4,50,1,150,natural,6,small
enclosed road vehicle@small,4,100,1,150,natural,6,small
enclosed road vehicle@small,4,150,2,150,natural,6,small
fire hydrant@large,4,25,6,10,natural,6,large
fire hydrant@large,4,50,6,10,natural,6,large
fire hydrant@large,4,100,6,10,natural,6,large
fire hydrant@large,4,150,6,10,natural,6,large
fire hydrant@medium,4,25,8,10,natural,6,medium
fire hydrant@medium,4,50,8,10,natural,6,medium
fire hydrant@medium,4,100,8,10,natural,6,medium
fire hydrant@medium,4,150,8,10,natural,6,medium
fire hydrant@small,4,25,1,150,natural,6,small
fire hydrant@small,4,50,1,150,natural,6,small
fire hydrant@small,4,100,3,150,natural,6,small
fire hydrant@small,4,150,3,150,natural,6,small
fork@large,4,25,6,12,natural,6,large
fork@large,4,50,6,12,natural,6,large
fork@large,4,100,6,12,natural,6,large
fork@large,4,150,8,12,natural,6,large
fork@medium,4,25,4,45,natural,6,medium
fork@medium,4,50,6,45,natural,6,medium
fork@medium,4,100,6,45,natural,6,medium
fork@medium,4,150,7,45,natural,6,medium
fork@small,4,25,2,107,natural,6,small
fork@small,4,50,3,107,natural,6,small
fork@small,4,100,5,107,natural,6,small
fork@small,4,150,6,107,natural,6,small
frisbee@large,4,25,6,10,natural,6,large
frisbee@large,4,50,7,10,natural,6,large
frisbee@large,4,100,7,10,natural,6,large
frisbee@large,4,150,7,10,natural,6,large
frisbee@medium,4,25,6,10,natural,6,medium
frisbee@medium,4,50,6,10,natural,6,medium
frisbee@medium,4,100,7,10,natural,6,medium
frisbee@medium,4,150,7,10,natural,6,medium
frisbee@small,4,25,6,10,natural,6,small
frisbee@small,4,50,6,10,natural,6,small
frisbee@small,4,100,6,10,natural,6,small
frisbee@small,4,150,7,10,natural,6,small
keyboard@large,4,25,6,10,natural,6,large
keyboard@large,4,50,6,10,natural,6,large
keyboard@large,4,100,6,10,natural,6,large
keyboard@large,4,150,6,10,natural,6,large
keyboard@medium,4,25,3,35,natural,6,medium
keyboard@medium,4,50,6,35,natural,6,medium
keyboard@medium,4,100,6,35,natural,6,medium
keyboard@medium,4,150,6,35,natural,6,medium
keyboard@small,4,25,0,150,natural,6,small
keyboard@small,4,50,0,150,natural,6,small
keyboard@small,4,100,2,150,natural,6,small
keyboard@small,4,150,3,150,natural,6,small
kite@large,4,25,6,10,natural,6,large
kite@large,4,50,6,10,natural,6,large
kite@large,4,100,6,10,natural,6,large
kite@large,4,150,7,10,natural,6,large
kite@medium,4,25,8,10,natural,6,medium
kite@medium,4,50,8,10,natural,6,medium
kite@medium,4,100,8,10,natural,6,medium
kite@medium,4,150,8,10,natural,6,medium
kite@small,4,25,9,10,natural,6,small
kite@small,4,50,9,10,natural,6,small
kite@small,4,100,9,10,natural,6,small
kite@small,4,150,9,10,natural,6,small
knife@large,4,25,6,12,natural,6,large
knife@large,4,50,6,12,natural,6,large
knife@large,4,100,6,12,natural,6,large
knife@large,4,150,6,12,natural,6,large
knife@medium,4,25,4,80,natural,6,medium
knife@medium,4,50,5,80,natural,6,medium
knife@medium,4,100,6,80,natural,6,medium
knife@medium,4,150,7,80,natural,6,medium
knife@small,4,25,0,150,natural,6,small
knife@small,4,50,0,150,natural,6,small
knife@small,4,100,0,150,natural,6,small
knife@small,4,150,0,150,natural,6,small
laptop@large,4,25,6,10,natural,6,large
laptop@large,4,50,6,10,natural,6,large
laptop@large,4,100,7,10,natural,6,large
laptop@large,4,150,7,10,natural,6,large
laptop@medium,4,25,1,61,natural,6,medium
laptop@medium,4,50,3,61,natural,6,medium
laptop@medium,4,100,6,61,natural,6,medium
laptop@medium,4,150,7,61,natural,6,medium
laptop@small,4,25,0,150,natural,6,small
laptop@small,4,50,0,150,natural,6,small
laptop@small,4,100,0,150,natural,6,small
laptop@small,4,150,1,150,natural,6,small
microwave@large,4,25,6,10,natural,6,large
microwave@large,4,50,6,10,natural,6,large
microwave@large,4,100,6,10,natural,6,large
microwave@large,4,150,7,10,natural,6,large
microwave@medium,4,25,3,42,natural,6,medium
microwave@medium,4,50,6,42,natural,6,medium
microwave@medium,4,100,6,42,natural,6,medium
microwave@medium,4,150,7,42,natural,6,medium
microwave@small,4,25,0,150,natural,6,small
microwave@small,4,50,0,150,natural,6,small
microwave@small,4,100,0,150,natural,6,small
microwave@small,4,150,2,150,natural,6,small
motorcycle@large,4,25,6,10,natural,6,large
motorcycle@large,4,50,8,10,natural,6,large
motorcycle@large,4,100,8,10,natural,6,large
motorcycle@large,4,150,18,10,natural,6,large
motorcycle@medium,4,25,6,10,natural,6,medium
motorcycle@medium,4,50,6,10,natural,6,medium
motorcycle@medium,4,100,8,10,natural,6,medium
motorcycle@medium,4,150,8,10,natural,6,medium
motorcycle@small,4,25,1,150,natural,6,small
motorcycle@small,4,50,2,150,natural,6,small
motorcycle@small,4,100,3,150,natural,6,small
motorcycle@small,4,150,5,150,natural,6,small
mouse@large,4,25,6,10,natural,6,large
mouse@large,4,50,7,10,natural,6,large
mouse@large,4,100,7,10,natural,6,large
mouse@large,4,150,7,10,natural,6,large
mouse@medium,4,25,6,13,natural,6,medium
mouse@medium,4,50,6,13,natural,6,medium
mouse@medium,4,100,7,13,natural,6,medium
mouse@medium,4,150,7,13,natural,6,medium
mouse@small,4,25,0,78,natural,6,small
mouse@small,4,50,1,78,natural,6,small
mouse@small,4,100,6,78,natural,6,small
mouse@small,4,150,6,78,natural,6,small
orange@large,4,25,6,10,natural,6,large
orange@large,4,50,6,10,natural,6,large
orange@large,4,100,8,10,natural,6,large
orange@large,4,150,20,10,natural,6,large
orange@medium,4,25,8,10,natural,6,medium
orange@medium,4,50,8,10,natural,6,medium
orange@medium,4,100,8,10,natural,6,medium
orange@medium,4,150,9,10,natural,6,medium
parking meter@large,4,25,6,10,natural,6,large
parking meter@large,4,50,6,10,natural,6,large
parking meter@large,4,100,6,10,natural,6,large
parking meter@large,4,150,6,10,natural,6,large
parking meter@medium,4,25,6,10,natural,6,medium
parking meter@medium,4,50,6,10,natural,6,medium
parking meter@medium,4,100,6,10,natural,6,medium
parking meter@medium,4,150,7,10,natural,6,medium
parking meter@small,4,25,2,80,natural,6,small
parking meter@small,4,50,3,80,natural,6,small
parking meter@small,4,100,6,80,natural,6,small
parking meter@small,4,150,6,80,natural,6,small
person@large,4,25,6,10,natural,6,large
person@large,4,50,6,10,natural,6,large
person@large,4,100,6,10,natural,6,large
person@large,4,150,7,10,natural,6,large
person@medium,4,25,4,43,natural,6,medium
person@medium,4,50,6,43,natural,6,medium
person@medium,4,100,7,43,natural,6,medium
person@medium,4,150,8,43,natural,6,medium
person@small,4,25,0,150,natural,6,small
person@small,4,50,0,150,natural,6,small
person@small,4,100,0,150,natural,6,small
person@small,4,150,1,150,natural,6,small
remote@large,4,25,6,10,natural,6,large
remote@large,4,50,6,10,natural,6,large
remote@large,4,100,6,10,natural,6,large
remote@large,4,150,6,10,natural,6,large
remote@medium,4,25,5,26,natural,6,medium
remote@medium,4,50,7,26,natural,6,medium
remote@medium,4,100,7,26,natural,6,medium
remote@medium,4,150,8,26,natural,6,medium
remote@small,4,25,0,150,natural,6,small
remote@small,4,50,2,150,natural,6,small
remote@small,4,100,3,150,natural,6,small
remote@small,4,150,5,150,natural,6,small
scissors@large,4,25,7,10,natural,6,large
scissors@large,4,50,7,10,natural,6,large
scissors@large,4,100,9,10,natural,6,large
scissors@large,4,150,10,10,natural,6,large
scissors@medium,4,25,6,10,natural,6,medium
scissors@medium,4,50,6,10,natural,6,medium
scissors@medium,4,100,6,10,natural,6,medium
scissors@medium,4,150,7,10,natural,6,medium
scissors@small,4,25,1,137,natural,6,small
scissors@small,4,50,2,137,natural,6,small
scissors@small,4,100,5,137,natural,6,small
scissors@small,4,150,6,137,natural,6,small
single serving drinking vessel@large,4,25,6,10,natural,6,large
single serving drinking vessel@large,4,50,6,10,natural,6,large
single serving drinking vessel@large,4,100,7,10,natural,6,large
single serving drinking vessel@large,4,150,8,10,natural,6,large
single serving drinking vessel@medium,4,25,7,10,natural,6,medium
single serving drinking vessel@medium,4,50,7,10,natural,6,medium
single serving drinking vessel@medium,4,100,7,10,natural,6,medium
single serving drinking vessel@medium,4,150,8,10,natural,6,medium
single serving drinking vessel@small,4,25,2,126,natural,6,small
single serving drinking vessel@small,4,50,2,126,natural,6,small
single serving drinking vessel@small,4,100,5,126,natural,6,small
single serving drinking vessel@small,4,150,6,126,natural,6,small
sink@large,4,25,7,10,natural,6,large
sink@large,4,50,7,10,natural,6,large
sink@large,4,100,7,10,natural,6,large
sink@large,4,150,8,10,natural,6,large
sink@medium,4,25,5,32,natural,6,medium
sink@medium,4,50,6,32,natural,6,medium
sink@medium,4,100,7,32,natural,6,medium
sink@medium,4,150,8,32,natural,6,medium
sink@small,4,25,2,122,natural,6,small
sink@small,4,50,2,122,natural,6,small
sink@small,4,100,5,122,natural,6,small
sink@small,4,150,6,122,natural,6,small
skateboard@large,4,25,8,10,natural,6,large
skateboard@large,4,50,17,10,natural,6,large
skateboard@large,4,100,17,10,natural,6,large
skateboard@large,4,150,17,10,natural,6,large
skateboard@medium,4,25,6,10,natural,6,medium
skateboard@medium,4,50,6,10,natural,6,medium
skateboard@medium,4,100,6,10,natural,6,medium
skateboard@medium,4,150,6,10,natural,6,medium
skateboard@small,4,25,6,10,natural,6,small
skateboard@small,4,50,6,10,natural,6,small
skateboard@small,4,100,6,10,natural,6,small
skateboard@small,4,150,6,10,natural,6,small
skis@large,4,25,7,10,natural,6,large
skis@large,4,50,17,10,natural,6,large
skis@large,4,100,31,10,natural,6,large
skis@large,4,150,35,10,natural,6,large
skis@medium,4,25,11,10,natural,6,medium
skis@medium,4,50,27,10,natural,6,medium
skis@medium,4,100,39,10,natural,6,medium
skis@medium,4,150,51,10,natural,6,medium
skis@small,4,25,6,20,natural,6,small
skis@small,4,50,6,20,natural,6,small
skis@small,4,100,7,20,natural,6,small
skis@small,4,150,30,20,natural,6,small
snowboard@large,4,25,8,10,natural,6,large
snowboard@large,4,50,9,10,natural,6,large
snowboard@large,4,100,10,10,natural,6,large
snowboard@large,4,150,10,10,natural,6,large
snowboard@medium,4,25,6,10,natural,6,medium
snowboard@medium,4,50,6,10,natural,6,medium
snowboard@medium,4,100,8,10,natural,6,medium
snowboard@medium,4,150,8,10,natural,6,medium
snowboard@small,4,25,6,10,natural,6,small
snowboard@small,4,50,6,10,natural,6,small
snowboard@small,4,100,11,10,natural,6,small
snowboard@small,4,150,37,10,natural,6,small
spoon@large,4,25,7,21,natural,6,large
spoon@large,4,50,10,21,natural,6,large
spoon@large,4,100,10,21,natural,6,large
spoon@large,4,150,11,21,natural,6,large
spoon@medium,4,25,1,74,natural,6,medium
spoon@medium,4,50,4,74,natural,6,medium
spoon@medium,4,100,6,74,natural,6,medium
spoon@medium,4,150,6,74,natural,6,medium
spoon@small,4,25,0,150,natural,6,small
spoon@small,4,50,0,150,natural,6,small
spoon@small,4,100,1,150,natural,6,small
spoon@small,4,150,1,150,natural,6,small
stop sign@large,4,25,8,10,natural,6,large
stop sign@large,4,50,8,10,natural,6,large
stop sign@large,4,100,9,10,natural,6,large
stop sign@large,4,150,11,10,natural,6,large
stop sign@medium,4,25,6,10,natural,6,medium
stop sign@medium,4,50,6,10,natural,6,medium
stop sign@medium,4,100,7,10,natural,6,medium
stop sign@medium,4,150,7,10,natural,6,medium
stop sign@small,4,25,0,150,natural,6,small
stop sign@small,4,50,2,150,natural,6,small
stop sign@small,4,100,3,150,natural,6,small
stop sign@small,4,150,4,150,natural,6,small
surfboard@large,4,25,6,10,natural,6,large
surfboard@large,4,50,6,10,natural,6,large
surfboard@large,4,100,6,10,natural,6,large
surfboard@large,4,150,6,10,natural,6,large
surfboard@medium,4,25,6,10,natural,6,medium
surfboard@medium,4,50,6,10,natural,6,medium
surfboard@medium,4,100,6,10,natural,6,medium
surfboard@medium,4,150,6,10,natural,6,medium
surfboard@small,4,25,6,10,natural,6,small
surfboard@small,4,50,7,10,natural,6,small
surfboard@small,4,100,8,10,natural,6,small
surfboard@small,4,150,9,10,natural,6,small
tennis racket@large,4,25,7,10,natural,6,large
tennis racket@large,4,50,8,10,natural,6,large
tennis racket@large,4,100,8,10,natural,6,large
tennis racket@large,4,150,8,10,natural,6,large
tennis racket@medium,4,25,6,10,natural,6,medium
tennis racket@medium,4,50,6,10,natural,6,medium
tennis racket@medium,4,100,23,10,natural,6,medium
tennis racket@medium,4,150,36,10,natural,6,medium
tennis racket@small,4,25,6,10,natural,6,small
tennis racket@small,4,50,23,10,natural,6,small
tennis racket@small,4,100,40,10,natural,6,small
tennis racket@small,4,150,41,10,natural,6,small
tie@large,4,25,6,10,natural,6,large
tie@large,4,50,6,10,natural,6,large
tie@large,4,100,6,10,natural,6,large
tie@large,4,150,6,10,natural,6,large
tie@medium,4,25,6,10,natural,6,medium
tie@medium,4,50,6,10,natural,6,medium
tie@medium,4,100,6,10,natural,6,medium
tie@medium,4,150,6,10,natural,6,medium
tie@small,4,25,2,62,natural,6,small
tie@small,4,50,4,62,natural,6,small
tie@small,4,100,6,62,natural,6,small
tie@small,4,150,6,62,natural,6,small
toothbrush@large,4,25,6,10,natural,6,large
toothbrush@large,4,50,6,10,natural,6,large
toothbrush@large,4,100,6,10,natural,6,large
toothbrush@large,4,150,6,10,natural,6,large
toothbrush@medium,4,25,6,10,natural,6,medium
toothbrush@medium,4,50,6,10,natural,6,medium
toothbrush@medium,4,100,6,10,natural,6,medium
toothbrush@medium,4,150,7,10,natural,6,medium
toothbrush@small,4,25,6,10,natural,6,small
toothbrush@small,4,50,6,10,natural,6,small
toothbrush@small,4,100,7,10,natural,6,small
toothbrush@small,4,150,7,10,natural,6,small
traffic light@large,4,25,6,10,natural,6,large
traffic light@large,4,50,6,10,natural,6,large
traffic light@large,4,100,6,10,natural,6,large
traffic light@large,4,150,6,10,natural,6,large
traffic light@medium,4,25,6,10,natural,6,medium
traffic light@medium,4,50,6,10,natural,6,medium
traffic light@medium,4,100,8,10,natural,6,medium
traffic light@medium,4,150,9,10,natural,6,medium
traffic light@small,4,25,4,68,natural,6,small
traffic light@small,4,50,5,68,natural,6,small
traffic light@small,4,100,6,68,natural,6,small
traffic light@small,4,150,6,68,natural,6,small
tv@large,4,25,6,10,natural,6,large
tv@large,4,50,6,10,natural,6,large
tv@large,4,100,6,10,natural,6,large
tv@large,4,150,6,10,natural,6,large
tv@medium,4,25,5,29,natural,6,medium
tv@medium,4,50,6,29,natural,6,medium
tv@medium,4,100,6,29,natural,6,medium
tv@medium,4,150,6,29,natural,6,medium
tv@small,4,25,0,150,natural,6,small
tv@small,4,50,0,150,natural,6,small
tv@small,4,100,0,150,natural,6,small
tv@small,4,150,0,150,natural,6,small
umbrella@large,4,25,8,10,natural,6,large
umbrella@large,4,50,8,10,natural,6,large
umbrella@large,4,100,8,10,natural,6,large
umbrella@large,4,150,8,10,natural,6,large
umbrella@medium,4,25,6,10,natural,6,medium
umbrella@medium,4,50,6,10,natural,6,medium
umbrella@medium,4,100,7,10,natural,6,medium
umbrella@medium,4,150,7,10,natural,6,medium
umbrella@small,4,25,1,118,natural,6,small
umbrella@small,4,50,2,118,natural,6,small
umbrella@small,4,100,4,118,natural,6,small
umbrella@small,4,150,6,118,natural,6,small
vase or potted plant@large,4,25,6,10,natural,6,large
vase or potted plant@large,4,50,6,10,natural,6,large
vase or potted plant@large,4,100,6,10,natural,6,large
vase or potted plant@large,4,150,6,10,natural,6,large
vase or potted plant@medium,4,25,4,54,natural,6,medium
vase or potted plant@medium,4,50,5,54,natural,6,medium
vase or potted plant@medium,4,100,6,54,natural,6,medium
vase or potted plant@medium,4,150,7,54,natural,6,medium
vase or potted plant@small,4,25,0,150,natural,6,small
vase or potted plant@small,4,50,0,150,natural,6,small
vase or potted plant@small,4,100,0,150,natural,6,small
vase or potted plant@small,4,150,0,150,natural,6,small
airplane@large,0,25,12,14,p0.001,10,large
airplane@large,0,50,12,14,p0.001,10,large
airplane@large,0,100,12,14,p0.001,10,large
airplane@large,0,150,12,14,p0.001,10,large
airplane@medium,0,25,10,14,p0.001,10,medium
airplane@medium,0,50,10,14,p0.001,10,medium
airplane@medium,0,100,10,14,p0.001,10,medium
airplane@medium,0,150,10,14,p0.001,10,medium
airplane@small,0,25,6,150,p0.001,10,small
airplane@small,0,50,6,150,p0.001,10,small
airplane@small,0,100,7,150,p0.001,10,small
airplane@small,0,150,8,150,p0.001,10,small
apple@large,0,25,6,150,p0.001,10,large
apple@large,0,50,6,150,p0.001,10,large
apple@large,0,100,9,150,p0.001,10,large
apple@large,0,150,9,150,p0.001,10,large
apple@medium,0,25,5,150,p0.001,10,medium
apple@medium,0,50,6,150,p0.001,10,medium
apple@medium,0,100,6,150,p0.001,10,medium
apple@medium,0,150,6,150,p0.001,10,medium
bag or luggage@large,0,25,4,150,p0.001,10,large
bag or luggage@large,0,50,4,150,p0.001,10,large
bag or luggage@large,0,100,4,150,p0.001,10,large
bag or luggage@large,0,150,5,150,p0.001,10,large
bag or luggage@medium,0,25,2,150,p0.001,10,medium
bag or luggage@medium,0,50,2,150,p0.001,10,medium
bag or luggage@medium,0,100,2,150,p0.001,10,medium
bag or luggage@medium,0,150,2,150,p0.001,10,medium
bag or luggage@small,0,25,0,150,p0.001,10,small
bag or luggage@small,0,50,0,150,p0.001,10,small
bag or luggage@small,0,100,0,150,p0.001,10,small
bag or luggage@small,0,150,0,150,p0.001,10,small
banana@large,0,25,9,100,p0.001,10,large
banana@large,0,50,9,100,p0.001,10,large
banana@large,0,100,10,100,p0.001,10,large
banana@large,0,150,10,100,p0.001,10,large
banana@medium,0,25,5,150,p0.001,10,medium
banana@medium,0,50,5,150,p0.001,10,medium
banana@medium,0,100,5,150,p0.001,10,medium
banana@medium,0,150,6,150,p0.001,10,medium
baseball bat@large,0,25,10,14,p0.001,10,large
baseball bat@large,0,50,10,14,p0.001,10,large
baseball bat@large,0,100,10,14,p0.001,10,large
baseball bat@large,0,150,10,14,p0.001,10,large
baseball bat@medium,0,25,10,14,p0.001,10,medium
baseball bat@medium,0,50,10,14,p0.001,10,medium
baseball bat@medium,0,100,10,14,p0.001,10,medium
baseball bat@medium,0,150,10,14,p0.001,10,medium
baseball bat@small,0,25,10,15,p0.001,10,small
baseball bat@small,0,50,10,15,p0.001,10,small
baseball bat@small,0,100,10,15,p0.001,10,small
baseball bat@small,0,150,10,15,p0.001,10,small
bench@large,0,25,5,150,p0.001,10,large
bench@large,0,50,6,150,p0.001,10,large
bench@large,0,100,6,150,p0.001,10,large
bench@large,0,150,7,150,p0.001,10,large
bench@medium,0,25,0,150,p0.001,10,medium
bench@medium,0,50,0,150,p0.001,10,medium
bench@medium,0,100,0,150,p0.001,10,medium
bench@medium,0,150,0,150,p0.001,10,medium
bench@small,0,25,0,150,p0.001,10,small
bench@small,0,50,0,150,p0.001,10,small
bench@small,0,100,0,150,p0.001,10,small
bench@small,0,150,0,150,p0.001,10,small
bicycle@large,0,25,10,15,p0.001,10,large
bicycle@large,0,50,10,15,p0.001,10,large
bicycle@large,0,100,10,15,p0.001,10,large
bicycle@large,0,150,10,15,p0.001,10,large
bicycle@medium,0,25,3,150,p0.001,10,medium
bicycle@medium,0,50,5,150,p0.001,10,medium
bicycle@medium,0,100,6,150,p0.001,10,medium
bicycle@medium,0,150,8,150,p0.001,10,medium
bicycle@small,0,25,0,150,p0.001,10,small
bicycle@small,0,50,0,150,p0.001,10,small
bicycle@small,0,100,2,150,p0.001,10,small
bicycle@small,0,150,2,150,p0.001,10,small
bird@large,0,25,5,150,p0.001,10,large
bird@large,0,50,5,150,p0.001,10,large
bird@large,0,100,5,150,p0.001,10,large
bird@large,0,150,5,150,p0.001,10,large
bird@medium,0,25,9,34,p0.001,10,medium
bird@medium,0,50,10,34,p0.001,10,medium
bird@medium,0,100,10,34,p0.001,10,medium
bird@medium,0,150,10,34,p0.001,10,medium
bird@small,0,25,0,150,p0.001,10,small
bird@small,0,50,2,150,p0.001,10,small
bird@small,0,100,2,150,p0.001,10,small
bird@small,0,150,3,150,p0.001,10,small
boat@large,0,25,10,17,p0.001,10,large
boat@large,0,50,10,17,p0.001,10,large
boat@large,0,100,10,17,p0.001,10,large
boat@large,0,150,10,17,p0.001,10,large
boat@medium,0,25,5,150,p0.001,10,medium
boat@medium,0,50,5,150,p0.001,10,medium
boat@medium,0,100,6,150,p0.001,10,medium
boat@medium,0,150,6,150,p0.001,10,medium
boat@small,0,25,4,150,p0.001,10,small
boat@small,0,50,5,150,p0.001,10,small
boat@small,0,100,5,150,p0.001,10,small
boat@small,0,150,6,150,p0.001,10,small
book@large,0,25,10,14,p0.001,10,large
book@large,0,50,10,14,p0.001,10,large
book@large,0,100,10,14,p0.001,10,large
book@large,0,150,10,14,p0.001,10,large
book@medium,0,25,0,150,p0.001,10,medium
book@medium,0,50,0,150,p0.001,10,medium
book@medium,0,100,1,150,p0.001,10,medium
book@medium,0,150,1,150,p0.001,10,medium
book@small,0,25,0,150,p0.001,10,small
book@small,0,50,1,150,p0.001,10,small
book@small,0,100,1,150,p0.001,10,small
book@small,0,150,1,150,p0.001,10,small
bottle@large,0,25,4,150,p0.001,10,large
bottle@large,0,50,5,150,p0.001,10,large
bottle@large,0,100,5,150,p0.001,10,large
bottle@large,0,150,5,150,p0.001,10,large
bottle@medium,0,25,0,150,p0.001,10,medium
bottle@medium,0,50,0,150,p0.001,10,medium
bottle@medium,0,100,1,150,p0.001,10,medium
bottle@medium,0,150,2,150,p0.001,10,medium
bottle@small,0,25,0,150,p0.001,10,small
bottle@small,0,50,0,150,p0.001,10,small
bottle@small,0,100,0,150,p0.001,10,small
bottle@small,0,150,0,150,p0.001,10,small
bowl@large,0,25,2,150,p0.001,10,large
bowl@large,0,50,2,150,p0.001,10,large
bowl@large,0,100,2,150,p0.001,10,large
bowl@large,0,150,3,150,p0.001,10,large
bowl@medium,0,25,0,150,p0.001,10,medium
bowl@medium,0,50,0,150,p0.001,10,medium
bowl@medium,0,100,1,150,p0.001,10,medium
bowl@medium,0,150,1,150,p0.001,10,medium
bowl@small,0,25,0,150,p0.001,10,small
bowl@small,0,50,0,150,p0.001,10,small
bowl@small,0,100,0,150,p0.001,10,small
bowl@small,0,150,0,150,p0.001,10,small
bus@large,0,25,7,150,p0.001,10,large
bus@large,0,50,8,150,p0.001,10,large
bus@large,0,100,8,150,p0.001,10,large
bus@large,0,150,8,150,p0.001,10,large
bus@medium,0,25,0,150,p0.001,10,medium
bus@medium,0,50,1,150,p0.001,10,medium
bus@medium,0,100,2,150,p0.001,10,medium
bus@medium,0,150,2,150,p0.001,10,medium
bus@small,0,25,1,150,p0.001,10,small
bus@small,0,50,1,150,p0.001,10,small
bus@small,0,100,1,150,p0.001,10,small
bus@small,0,150,1,150,p0.001,10,small
cell phone@large,0,25,10,19,p0.001,10,large
cell phone@large,0,50,10,19,p0.001,10,large
cell phone@large,0,100,10,19,p0.001,10,large
cell phone@large,0,150,10,19,p0.001,10,large
cell phone@medium,0,25,1,150,p0.001,10,medium
cell phone@medium,0,50,4,150,p0.001,10,medium
cell phone@medium,0,100,4,150,p0.001,10,medium
cell phone@medium,0,150,5,150,p0.001,10,medium
cell phone@small,0,25,0,150,p0.001,10,small
cell phone@small,0,50,0,150,p0.001,10,small
cell phone@small,0,100,0,150,p0.001,10,small
cell phone@small,0,150,0,150,p0.001,10,small
chair@large,0,25,1,150,p0.001,10,large
chair@large,0,50,1,150,p0.001,10,large
chair@large,0,100,3,150,p0.001,10,large
chair@large,0,150,3,150,p0.001,10,large
chair@medium,0,25,1,150,p0.001,10,medium
chair@medium,0,50,1,150,p0.001,10,medium
chair@medium,0,100,1,150,p0.001,10,medium
chair@medium,0,150,2,150,p0.001,10,medium
chair@small,0,25,0,150,p0.001,10,small
chair@small,0,50,0,150,p0.001,10,small
chair@small,0,100,0,150,p0.001,10,small
chair@small,0,150,0,150,p0.001,10,small
clock@large,0,25,5,150,p0.001,10,large
clock@large,0,50,5,150,p0.001,10,large
clock@large,0,100,5,150,p0.001,10,large
clock@large,0,150,5,150,p0.001,10,large
clock@medium,0,25,7,150,p0.001,10,medium
clock@medium,0,50,7,150,p0.001,10,medium
clock@medium,0,100,7,150,p0.001,10,medium
clock@medium,0,150,7,150,p0.001,10,medium
clock@small,0,25,1,150,p0.001,10,small
clock@small,0,50,1,150,p0.001,10,small
clock@small,0,100,1,150,p0.001,10,small
clock@small,0,150,1,150,p0.001,10,small
dining table@large,0,25,3,150,p0.001,10,large
dining table@large,0,50,3,150,p0.001,10,large
dining table@large,0,100,4,150,p0.001,10,large
dining table@large,0,150,6,150,p0.001,10,large
dining table@medium,0,25,1,150,p0.001,10,medium
dining table@medium,0,50,1,150,p0.001,10,medium
dining table@medium,0,100,3,150,p0.001,10,medium
dining table@medium,0,150,3,150,p0.001,10,medium
dining table@small,0,25,0,150,p0.001,10,small
dining table@small,0,50,0,150,p0.001,10,small
dining table@small,0,100,0,150,p0.001,10,small
dining table@small,0,150,0,150,p0.001,10,small
dog@large,0,25,9,59,p0.001,10,large
dog@large,0,50,9,59,p0.001,10,large
dog@large,0,100,10,59,p0.001,10,large
dog@large,0,150,10,59,p0.001,10,large
dog@medium,0,25,1,150,p0.001,10,medium
dog@medium,0,50,4,150,p0.001,10,medium
dog@medium,0,100,6,150,p0.001,10,medium
dog@medium,0,150,6,150,p0.001,10,medium
dog@small,0,25,0,150,p0.001,10,small
dog@small,0,50,0,150,p0.001,10,small
dog@small,0,100,1,150,p0.001,10,small
dog@small,0,150,1,150,p0.001,10,small
enclosed road vehicle@large,0,25,5,150,p0.001,10,large
enclosed road vehicle@large,0,50,6,150,p0.001,10,large
enclosed road vehicle@large,0,100,8,150,p0.001,10,large
enclosed road vehicle@large,0,150,8,150,p0.001,10,large
enclosed road vehicle@medium,0,25,1,150,p0.001,10,medium
enclosed road vehicle@medium,0,50,1,150,p0.001,10,medium
enclosed road vehicle@medium,0,100,1,150,p0.001,10,medium
enclosed road vehicle@medium,0,150,1,150,p0.001,10,medium
enclosed road vehicle@small,0,25,0,150,p0.001,10,small
enclosed road vehicle@small,0,50,0,150,p0.001,10,small
enclosed road vehicle@small,0,100,0,150,p0.001,10,small
enclosed road vehicle@small,0,150,0,150,p0.001,10,small
fire hydrant@large,0,25,10,14,p0.001,10,large
fire hydrant@large,0,50,10,14,p0.001,10,large
fire hydrant@large,0,100,10,14,p0.001,10,large
fire hydrant@large,0,150,10,14,p0.001,10,large
fire hydrant@medium,0,25,0,150,p0.001,10,medium
fire hydrant@medium,0,50,1,150,p0.001,10,medium
fire hydrant@medium,0,100,2,150,p0.001,10,medium
fire hydrant@medium,0,150,2,150,p0.001,10,medium
fire hydrant@small,0,25,0,150,p0.001,10,small
fire hydrant@small,0,50,0,150,p0.001,10,small
fire hydrant@small,0,100,1,150,p0.001,10,small
fire hydrant@small,0,150,2,150,p0.001,10,small
fork@large,0,25,6,150,p0.001,10,large
fork@large,0,50,6,150,p0.001,10,large
fork@large,0,100,8,150,p0.001,10,large
fork@large,0,150,9,150,p0.001,10,large
fork@medium,0,25,1,150,p0.001,10,medium
fork@medium,0,50,2,150,p0.001,10,medium
fork@medium,0,100,6,150,p0.001,10,medium
fork@medium,0,150,6,150,p0.001,10,medium
fork@small,0,25,0,150,p0.001,10,small
fork@small,0,50,1,150,p0.001,10,small
fork@small,0,100,1,150,p0.001,10,small
fork@small,0,150,2,150,p0.001,10,small
frisbee@large,0,25,8,126,p0.001,10,large
frisbee@large,0,50,8,126,p0.001,10,large
frisbee@large,0,100,9,126,p0.001,10,large
frisbee@large,0,150,10,126,p0.001,10,large
frisbee@medium,0,25,8,150,p0.001,10,medium
frisbee@medium,0,50,9,150,p0.001,10,medium
frisbee@medium,0,100,9,150,p0.001,10,medium
frisbee@medium,0,150,9,150,p0.001,10,medium
frisbee@small,0,25,10,21,p0.001,10,small
frisbee@small,0,50,10,21,p0.001,10,small
frisbee@small,0,100,10,21,p0.001,10,small
frisbee@small,0,150,10,21,p0.001,10,small
keyboard@large,0,25,7,129,p0.001,10,large
keyboard@large,0,50,8,129,p0.001,10,large
keyboard@large,0,100,8,129,p0.001,10,large
keyboard@large,0,150,10,129,p0.001,10,large
keyboard@medium,0,25,1,150,p0.001,10,medium
keyboard@medium,0,50,2,150,p0.001,10,medium
keyboard@medium,0,100,6,150,p0.001,10,medium
keyboard@medium,0,150,6,150,p0.001,10,medium
keyboard@small,0,25,0,150,p0.001,10,small
keyboard@small,0,50,0,150,p0.001,10,small
keyboard@small,0,100,0,150,p0.001,10,small
keyboard@small,0,150,0,150,p0.001,10,small
kite@large,0,25,10,19,p0.001,10,large
kite@large,0,50,10,19,p0.001,10,large
kite@large,0,100,10,19,p0.001,10,large
kite@large,0,150,10,19,p0.001,10,large
kite@medium,0,25,9,54,p0.001,10,medium
kite@medium,0,50,9,54,p0.001,10,medium
kite@medium,0,100,10,54,p0.001,10,medium
kite@medium,0,150,10,54,p0.001,10,medium
kite@small,0,25,5,150,p0.001,10,small
kite@small,0,50,7,150,p0.001,10,small
kite@small,0,100,7,150,p0.001,10,small
kite@small,0,150,7,150,p0.001,10,small
knife@large,0,25,1,150,p0.001,10,large
knife@large,0,50,1,150,p0.001,10,large
knife@large,0,100,1,150,p0.001,10,large
knife@large,0,150,3,150,p0.001,10,large
knife@medium,0,25,0,150,p0.001,10,medium
knife@medium,0,50,0,150,p0.001,10,medium
knife@medium,0,100,0,150,p0.001,10,medium
knife@medium,0,150,0,150,p0.001,10,medium
knife@small,0,25,0,150,p0.001,10,small
knife@small,0,50,0,150,p0.001,10,small
knife@small,0,100,0,150,p0.001,10,small
knife@small,0,150,0,150,p0.001,10,small
laptop@large,0,25,7,42,p0.001,10,large
laptop@large,0,50,10,42,p0.001,10,large
laptop@large,0,100,10,42,p0.001,10,large
laptop@large,0,150,10,42,p0.001,10,large
laptop@medium,0,25,1,150,p0.001,10,medium
laptop@medium,0,50,2,150,p0.001,10,medium
laptop@medium,0,100,4,150,p0.001,10,medium
laptop@medium,0,150,8,150,p0.001,10,medium
laptop@small,0,25,0,150,p0.001,10,small
laptop@small,0,50,0,150,p0.001,10,small
laptop@small,0,100,0,150,p0.001,10,small
laptop@small,0,150,0,150,p0.001,10,small
microwave@large,0,25,6,150,p0.001,10,large
microwave@large,0,50,9,150,p0.001,10,large
microwave@large,0,100,9,150,p0.001,10,large
microwave@large,0,150,9,150,p0.001,10,large
microwave@medium,0,25,1,150,p0.001,10,medium
microwave@medium,0,50,3,150,p0.001,10,medium
microwave@medium,0,100,6,150,p0.001,10,medium
microwave@medium,0,150,10,150,p0.001,10,medium
microwave@small,0,25,0,150,p0.001,10,small
microwave@small,0,50,0,150,p0.001,10,small
microwave@small,0,100,0,150,p0.001,10,small
microwave@small,0,150,1,150,p0.001,10,small
motorcycle@large,0,25,7,150,p0.001,10,large
motorcycle@large,0,50,7,150,p0.001,10,large
motorcycle@large,0,100,7,150,p0.001,10,large
motorcycle@large,0,150,8,150,p0.001,10,large
motorcycle@medium,0,25,4,150,p0.001,10,medium
motorcycle@medium,0,50,4,150,p0.001,10,medium
motorcycle@medium,0,100,5,150,p0.001,10,medium
motorcycle@medium,0,150,7,150,p0.001,10,medium
motorcycle@small,0,25,1,150,p0.001,10,small
motorcycle@small,0,50,1,150,p0.001,10,small
motorcycle@small,0,100,1,150,p0.001,10,small
motorcycle@small,0,150,1,150,p0.001,10,small
mouse@large,0,25,10,14,p0.001,10,large
mouse@large,0,50,10,14,p0.001,10,large
mouse@large,0,100,10,14,p0.001,10,large
mouse@large,0,150,10,14,p0.001,10,large
mouse@medium,0,25,8,59,p0.001,10,medium
mouse@medium,0,50,9,59,p0.001,10,medium
mouse@medium,0,100,10,59,p0.001,10,medium
mouse@medium,0,150,10,59,p0.001,10,medium
mouse@small,0,25,0,150,p0.001,10,small
mouse@small,0,50,2,150,p0.001,10,small
mouse@small,0,100,2,150,p0.001,10,small
mouse@small,0,150,2,150,p0.001,10,small
orange@large,0,25,10,21,p0.001,10,large
orange@large,0,50,10,21,p0.001,10,large
orange@large,0,100,10,21,p0.001,10,large
orange@large,0,150,10,21,p0.001,10,large
orange@medium,0,25,5,150,p0.001,10,medium
orange@medium,0,50,7,150,p0.001,10,medium
orange@medium,0,100,9,150,p0.001,10,medium
orange@medium,0,150,9,150,p0.001,10,medium
parking meter@large,0,25,10,14,p0.001,10,large
parking meter@large,0,50,10,14,p0.001,10,large
parking meter@large,0,100,10,14,p0.001,10,large
parking meter@large,0,150,10,14,p0.001,10,large
parking meter@medium,0,25,5,150,p0.001,10,medium
parking meter@medium,0,50,6,150,p0.001,10,medium
parking meter@medium,0,100,7,150,p0.001,10,medium
parking meter@medium,0,150,8,150,p0.001,10,medium
parking meter@small,0,25,1,150,p0.001,10,small
parking meter@small,0,50,1,150,p0.001,10,small
parking meter@small,0,100,1,150,p0.001,10,small
parking meter@small,0,150,2,150,p0.001,10,small
person@large,0,25,0,150,p0.001,10,large
person@large,0,50,0,150,p0.001,10,large
person@large,0,100,1,150,p0.001,10,large
person@large,0,150,3,150,p0.001,10,large
person@medium,0,25,0,150,p0.001,10,medium
person@medium,0,50,1,150,p0.001,10,medium
person@medium,0,100,1,150,p0.001,10,medium
person@medium,0,150,1,150,p0.001,10,medium
person@small,0,25,0,150,p0.001,10,small
person@small,0,50,0,150,p0.001,10,small
person@small,0,100,0,150,p0.001,10,small
person@small,0,150,0,150,p0.001,10,small
remote@large,0,25,11,19,p0.001,10,large
remote@large,0,50,11,19,p0.001,10,large
remote@large,0,100,11,19,p0.001,10,large
remote@large,0,150,11,19,p0.001,10,large
remote@medium,0,25,4,150,p0.001,10,medium
remote@medium,0,50,5,150,p0.001,10,medium
remote@medium,0,100,6,150,p0.001,10,medium
remote@medium,0,150,7,150,p0.001,10,medium
remote@small,0,25,0,150,p0.001,10,small
remote@small,0,50,2,150,p0.001,10,small
remote@small,0,100,2,150,p0.001,10,small
remote@small,0,150,2,150,p0.001,10,small
scissors@large,0,25,10,17,p0.001,10,large
scissors@large,0,50,10,17,p0.001,10,large
scissors@large,0,100,10,17,p0.001,10,large
scissors@large,0,150,10,17,p0.001,10,large
scissors@medium,0,25,5,150,p0.001,10,medium
scissors@medium,0,50,6,150,p0.001,10,medium
scissors@medium,0,100,7,150,p0.001,10,medium
scissors@medium,0,150,8,150,p0.001,10,medium
scissors@small,0,25,0,150,p0.001,10,small
scissors@small,0,50,0,150,p0.001,10,small
scissors@small,0,100,0,150,p0.001,10,small
scissors@small,0,150,0,150,p0.001,10,small
single serving drinking vessel@large,0,25,2,150,p0.001,10,large
single serving drinking vessel@large,0,50,2,150,p0.001,10,large
single serving drinking vessel@large,0,100,3,150,p0.001,10,large
single serving drinking vessel@large,0,150,3,150,p0.001,10,large
single serving drinking vessel@medium,0,25,1,150,p0.001,10,medium
single serving drinking vessel@medium,0,50,1,150,p0.001,10,medium
single serving drinking vessel@medium,0,100,3,150,p0.001,10,medium
single serving drinking vessel@medium,0,150,3,150,p0.001,10,medium
single serving drinking vessel@small,0,25,0,150,p0.001,10,small
single serving drinking vessel@small,0,50,0,150,p0.001,10,small
single serving drinking vessel@small,0,100,1,150,p0.001,10,small
single serving drinking vessel@small,0,150,2,150,p0.001,10,small
sink@large,0,25,4,150,p0.001,10,large
sink@large,0,50,6,150,p0.001,10,large
sink@large,0,100,6,150,p0.001,10,large
sink@large,0,150,6,150,p0.001,10,large
sink@medium,0,25,2,150,p0.001,10,medium
sink@medium,0,50,3,150,p0.001,10,medium
sink@medium,0,100,4,150,p0.001,10,medium
sink@medium,0,150,4,150,p0.001,10,medium
sink@small,0,25,0,150,p0.001,10,small
sink@small,0,50,0,150,p0.001,10,small
sink@small,0,100,0,150,p0.001,10,small
sink@small,0,150,0,150,p0.001,10,small
skateboard@large,0,25,7,150,p0.001,10,large
skateboard@large,0,50,7,150,p0.001,10,large
skateboard@large,0,100,7,150,p0.001,10,large
skateboard@large,0,150,7,150,p0.001,10,large
skateboard@medium,0,25,11,14,p0.001,10,medium
skateboard@medium,0,50,11,14,p0.001,10,medium
skateboard@medium,0,100,11,14,p0.001,10,medium
skateboard@medium,0,150,11,14,p0.001,10,medium
skateboard@small,0,25,10,14,p0.001,10,small
skateboard@small,0,50,10,14,p0.001,10,small
skateboard@small,0,100,10,14,p0.001,10,small
skateboard@small,0,150,10,14,p0.001,10,small
skis@large,0,25,6,150,p0.001,10,large
skis@large,0,50,9,150,p0.001,10,large
skis@large,0,100,9,150,p0.001,10,large
skis@large,0,150,9,150,p0.001,10,large
skis@medium,0,25,7,79,p0.001,10,medium
skis@medium,0,50,8,79,p0.001,10,medium
skis@medium,0,100,10,79,p0.001,10,medium
skis@medium,0,150,10,79,p0.001,10,medium
skis@small,0,25,2,150,p0.001,10,small
skis@small,0,50,5,150,p0.001,10,small
skis@small,0,100,7,150,p0.001,10,small
skis@small,0,150,8,150,p0.001,10,small
snowboard@large,0,25,6,150,p0.001,10,large
snowboard@large,0,50,7,150,p0.001,10,large
snowboard@large,0,100,7,150,p0.001,10,large
snowboard@large,0,150,7,150,p0.001,10,large
snowboard@medium,0,25,6,53,p0.001,10,medium
snowboard@medium,0,50,9,53,p0.001,10,medium
snowboard@medium,0,100,10,53,p0.001,10,medium
snowboard@medium,0,150,10,53,p0.001,10,medium
snowboard@small,0,25,5,106,p0.001,10,small
snowboard@small,0,50,7,106,p0.001,10,small
snowboard@small,0,100,9,106,p0.001,10,small
snowboard@small,0,150,10,106,p0.001,10,small
spoon@large,0,25,3,150,p0.001,10,large
spoon@large,0,50,3,150,p0.001,10,large
spoon@large,0,100,4,150,p0.001,10,large
spoon@large,0,150,5,150,p0.001,10,large
spoon@medium,0,25,0,150,p0.001,10,medium
spoon@medium,0,50,0,150,p0.001,10,medium
spoon@medium,0,100,2,150,p0.001,10,medium
spoon@medium,0,150,2,150,p0.001,10,medium
spoon@small,0,25,0,150,p0.001,10,small
spoon@small,0,50,0,150,p0.001,10,small
spoon@small,0,100,0,150,p0.001,10,small
spoon@small,0,150,0,150,p0.001,10,small
stop sign@large,0,25,10,14,p0.001,10,large
stop sign@large,0,50,10,14,p0.001,10,large
stop sign@large,0,100,10,14,p0.001,10,large
stop sign@large,0,150,10,14,p0.001,10,large
stop sign@medium,0,25,7,150,p0.001,10,medium
stop sign@medium,0,50,8,150,p0.001,10,medium
stop sign@medium,0,100,8,150,p0.001,10,medium
stop sign@medium,0,150,9,150,p0.001,10,medium
stop sign@small,0,25,0,150,p0.001,10,small
stop sign@small,0,50,0,150,p0.001,10,small
stop sign@small,0,100,0,150,p0.001,10,small
stop sign@small,0,150,0,150,p0.001,10,small
surfboard@large,0,25,10,15,p0.001,10,large
surfboard@large,0,50,10,15,p0.001,10,large
surfboard@large,0,100,10,15,p0.001,10,large
surfboard@large,0,150,11,15,p0.001,10,large
surfboard@medium,0,25,10,14,p0.001,10,medium
surfboard@medium,0,50,10,14,p0.001,10,medium
surfboard@medium,0,100,10,14,p0.001,10,medium
surfboard@medium,0,150,10,14,p0.001,10,medium
surfboard@small,0,25,7,71,p0.001,10,small
surfboard@small,0,50,9,71,p0.001,10,small
surfboard@small,0,100,10,71,p0.001,10,small
surfboard@small,0,150,10,71,p0.001,10,small
tennis racket@large,0,25,14,14,p0.001,10,large
tennis racket@large,0,50,14,14,p0.001,10,large
tennis racket@large,0,100,14,14,p0.001,10,large
tennis racket@large,0,150,14,14,p0.001,10,large
tennis racket@medium,0,25,9,36,p0.001,10,medium
tennis racket@medium,0,50,10,36,p0.001,10,medium
tennis racket@medium,0,100,10,36,p0.001,10,medium
tennis racket@medium,0,150,10,36,p0.001,10,medium
tennis racket@small,0,25,12,14,p0.001,10,small
tennis racket@small,0,50,12,14,p0.001,10,small
tennis racket@small,0,100,12,14,p0.001,10,small
tennis racket@small,0,150,12,14,p0.001,10,small
tie@large,0,25,8,44,p0.001,10,large
tie@large,0,50,10,44,p0.001,10,large
tie@large,0,100,10,44,p0.001,10,large
tie@large,0,150,10,44,p0.001,10,large
tie@medium,0,25,9,39,p0.001,10,medium
tie@medium,0,50,10,39,p0.001,10,medium
tie@medium,0,100,10,39,p0.001,10,medium
tie@medium,0,150,10,39,p0.001,10,medium
tie@small,0,25,0,150,p0.001,10,small
tie@small,0,50,0,150,p0.001,10,small
tie@small,0,100,2,150,p0.001,10,small
tie@small,0,150,2,150,p0.001,10,small
toothbrush@large,0,25,10,14,p0.001,10,large
toothbrush@large,0,50,10,14,p0.001,10,large
toothbrush@large,0,100,10,14,p0.001,10,large
toothbrush@large,0,150,10,14,p0.001,10,large
toothbrush@medium,0,25,7,150,p0.001,10,medium
toothbrush@medium,0,50,8,150,p0.001,10,medium
toothbrush@medium,0,100,8,150,p0.001,10,medium
toothbrush@medium,0,150,8,150,p0.001,10,medium
toothbrush@small,0,25,0,150,p0.001,10,small
toothbrush@small,0,50,0,150,p0.001,10,small
toothbrush@small,0,100,1,150,p0.001,10,small
toothbrush@small,0,150,1,150,p0.001,10,small
traffic light@large,0,25,7,121,p0.001,10,large
traffic light@large,0,50,7,121,p0.001,10,large
traffic light@large,0,100,8,121,p0.001,10,large
traffic light@large,0,150,10,121,p0.001,10,large
traffic light@medium,0,25,3,150,p0.001,10,medium
traffic light@medium,0,50,4,150,p0.001,10,medium
traffic light@medium,0,100,5,150,p0.001,10,medium
traffic light@medium,0,150,7,150,p0.001,10,medium
traffic light@small,0,25,1,150,p0.001,10,small
traffic light@small,0,50,2,150,p0.001,10,small
traffic light@small,0,100,2,150,p0.001,10,small
traffic light@small,0,150,2,150,p0.001,10,small
tv@large,0,25,2,150,p0.001,10,large
tv@large,0,50,3,150,p0.001,10,large
tv@large,0,100,5,150,p0.001,10,large
tv@large,0,150,5,150,p0.001,10,large
tv@medium,0,25,4,150,p0.001,10,medium
tv@medium,0,50,4,150,p0.001,10,medium
tv@medium,0,100,4,150,p0.001,10,medium
tv@medium,0,150,4,150,p0.001,10,medium
tv@small,0,25,0,150,p0.001,10,small
tv@small,0,50,0,150,p0.001,10,small
tv@small,0,100,0,150,p0.001,10,small
tv@small,0,150,0,150,p0.001,10,small
umbrella@large,0,25,10,14,p0.001,10,large
umbrella@large,0,50,10,14,p0.001,10,large
umbrella@large,0,100,10,14,p0.001,10,large
umbrella@large,0,150,10,14,p0.001,10,large
umbrella@medium,0,25,4,150,p0.001,10,medium
umbrella@medium,0,50,4,150,p0.001,10,medium
umbrella@medium,0,100,4,150,p0.001,10,medium
umbrella@medium,0,150,4,150,p0.001,10,medium
umbrella@small,0,25,1,150,p0.001,10,small
umbrella@small,0,50,1,150,p0.001,10,small
umbrella@small,0,100,3,150,p0.001,10,small
umbrella@small,0,150,3,150,p0.001,10,small
vase or potted plant@large,0,25,9,28,p0.001,10,large
vase or potted plant@large,0,50,11,28,p0.001,10,large
vase or potted plant@large,0,100,12,28,p0.001,10,large
vase or potted plant@large,0,150,12,28,p0.001,10,large
vase or potted plant@medium,0,25,0,150,p0.001,10,medium
vase or potted plant@medium,0,50,0,150,p0.001,10,medium
vase or potted plant@medium,0,100,0,150,p0.001,10,medium
vase or potted plant@medium,0,150,2,150,p0.001,10,medium
vase or potted plant@small,0,25,0,150,p0.001,10,small
vase or potted plant@small,0,50,0,150,p0.001,10,small
vase or potted plant@small,0,100,0,150,p0.001,10,small
vase or potted plant@small,0,150,1,150,p0.001,10,small
airplane@large,1,25,10,14,p0.001,10,large
airplane@large,1,50,10,14,p0.001,10,large
airplane@large,1,100,10,14,p0.001,10,large
airplane@large,1,150,10,14,p0.001,10,large
airplane@medium,1,25,8,97,p0.001,10,medium
airplane@medium,1,50,9,97,p0.001,10,medium
airplane@medium,1,100,10,97,p0.001,10,medium
airplane@medium,1,150,10,97,p0.001,10,medium
airplane@small,1,25,8,150,p0.001,10,small
airplane@small,1,50,9,150,p0.001,10,small
airplane@small,1,100,9,150,p0.001,10,small
airplane@small,1,150,9,150,p0.001,10,small
apple@large,1,25,10,14,p0.001,10,large
apple@large,1,50,10,14,p0.001,10,large
apple@large,1,100,10,14,p0.001,10,large
apple@large,1,150,12,14,p0.001,10,large
apple@medium,1,25,5,150,p0.001,10,medium
apple@medium,1,50,6,150,p0.001,10,medium
apple@medium,1,100,6,150,p0.001,10,medium
apple@medium,1,150,7,150,p0.001,10,medium
bag or luggage@large,1,25,6,150,p0.001,10,large
bag or luggage@large,1,50,7,150,p0.001,10,large
bag or luggage@large,1,100,7,150,p0.001,10,large
bag or luggage@large,1,150,7,150,p0.001,10,large
bag or luggage@medium,1,25,2,150,p0.001,10,medium
bag or luggage@medium,1,50,3,150,p0.001,10,medium
bag or luggage@medium,1,100,4,150,p0.001,10,medium
bag or luggage@medium,1,150,5,150,p0.001,10,medium
bag or luggage@small,1,25,0,150,p0.001,10,small
bag or luggage@small,1,50,0,150,p0.001,10,small
bag or luggage@small,1,100,0,150,p0.001,10,small
bag or luggage@small,1,150,0,150,p0.001,10,small
banana@large,1,25,10,22,p0.001,10,large
banana@large,1,50,10,22,p0.001,10,large
banana@large,1,100,10,22,p0.001,10,large
banana@large,1,150,10,22,p0.001,10,large
banana@medium,1,25,6,150,p0.001,10,medium
banana@medium,1,50,6,150,p0.001,10,medium
banana@medium,1,100,7,150,p0.001,10,medium
banana@medium,1,150,7,150,p0.001,10,medium
baseball bat@large,1,25,9,150,p0.001,10,large
baseball bat@large,1,50,9,150,p0.001,10,large
baseball bat@large,1,100,9,150,p0.001,10,large
baseball bat@large,1,150,9,150,p0.001,10,large
baseball bat@medium,1,25,10,19,p0.001,10,medium
baseball bat@medium,1,50,10,19,p0.001,10,medium
baseball bat@medium,1,100,10,19,p0.001,10,medium
baseball bat@medium,1,150,10,19,p0.001,10,medium
baseball bat@small,1,25,8,46,p0.001,10,small
baseball bat@small,1,50,10,46,p0.001,10,small
baseball bat@small,1,100,10,46,p0.001,10,small
baseball bat@small,1,150,10,46,p0.001,10,small
bench@large,1,25,3,150,p0.001,10,large
bench@large,1,50,4,150,p0.001,10,large
bench@large,1,100,5,150,p0.001,10,large
bench@large,1,150,5,150,p0.001,10,large
bench@medium,1,25,2,150,p0.001,10,medium
bench@medium,1,50,2,150,p0.001,10,medium
bench@medium,1,100,3,150,p0.001,10,medium
bench@medium,1,150,3,150,p0.001,10,medium
bench@small,1,25,0,150,p0.001,10,small
bench@small,1,50,0,150,p0.001,10,small
bench@small,1,100,0,150,p0.001,10,small
bench@small,1,150,0,150,p0.001,10,small
bicycle@large,1,25,10,17,p0.001,10,large
bicycle@large,1,50,10,17,p0.001,10,large
bicycle@large,1,100,10,17,p0.001,10,large
bicycle@large,1,150,10,17,p0.001,10,large
bicycle@medium,1,25,7,79,p0.001,10,medium
bicycle@medium,1,50,7,79,p0.001,10,medium
bicycle@medium,1,100,10,79,p0.001,10,medium
bicycle@medium,1,150,10,79,p0.001,10,medium
bicycle@small,1,25,0,150,p0.001,10,small
bicycle@small,1,50,0,150,p0.001,10,small
bicycle@small,1,100,0,150,p0.001,10,small
bicycle@small,1,150,0,150,p0.001,10,small
bird@large,1,25,6,150,p0.001,10,large
bird@large,1,50,6,150,p0.001,10,large
bird@large,1,100,6,150,p0.001,10,large
bird@large,1,150,6,150,p0.001,10,large
bird@medium,1,25,6,83,p0.001,10,medium
bird@medium,1,50,8,83,p0.001,10,medium
bird@medium,1,100,10,83,p0.001,10,medium
bird@medium,1,150,10,83,p0.001,10,medium
bird@small,1,25,1,150,p0.001,10,small
bird@small,1,50,2,150,p0.001,10,small
bird@small,1,100,3,150,p0.001,10,small
bird@small,1,150,5,150,p0.001,10,small
boat@large,1,25,4,150,p0.001,10,large
boat@large,1,50,4,150,p0.001,10,large
boat@large,1,100,6,150,p0.001,10,large
boat@large,1,150,6,150,p0.001,10,large
boat@medium,1,25,9,46,p0.001,10,medium
boat@medium,1,50,10,46,p0.001,10,medium
boat@medium,1,100,10,46,p0.001,10,medium
boat@medium,1,150,10,46,p0.001,10,medium
boat@small,1,25,2,150,p0.001,10,small
boat@small,1,50,3,150,p0.001,10,small
boat@small,1,100,3,150,p0.001,10,small
boat@small,1,150,3,150,p0.001,10,small
book@large,1,25,10,24,p0.001,10,large
book@large,1,50,10,24,p0.001,10,large
book@large,1,100,10,24,p0.001,10,large
book@large,1,150,10,24,p0.001,10,large
book@medium,1,25,1,150,p0.001,10,medium
book@medium,1,50,2,150,p0.001,10,medium
book@medium,1,100,2,150,p0.001,10,medium
book@medium,1,150,2,150,p0.001,10,medium
book@small,1,25,0,150,p0.001,10,small
book@small,1,50,0,150,p0.001,10,small
book@small,1,100,0,150,p0.001,10,small
book@small,1,150,0,150,p0.001,10,small
bottle@large,1,25,4,150,p0.001,10,large
bottle@large,1,50,7,150,p0.001,10,large
bottle@large,1,100,9,150,p0.001,10,large
bottle@large,1,150,9,150,p0.001,10,large
bottle@medium,1,25,0,150,p0.001,10,medium
bottle@medium,1,50,0,150,p0.001,10,medium
bottle@medium,1,100,2,150,p0.001,10,medium
bottle@medium,1,150,3,150,p0.001,10,medium
bottle@small,1,25,0,150,p0.001,10,small
bottle@small,1,50,0,150,p0.001,10,small
bottle@small,1,100,0,150,p0.001,10,small
bottle@small,1,150,0,150,p0.001,10,small
bowl@large,1,25,2,150,p0.001,10,large
bowl@large,1,50,2,150,p0.001,10,large
bowl@large,1,100,4,150,p0.001,10,large
bowl@large,1,150,4,150,p0.001,10,large
bowl@medium,1,25,0,150,p0.001,10,medium
bowl@medium,1,50,0,150,p0.001,10,medium
bowl@medium,1,100,0,150,p0.001,10,medium
bowl@medium,1,150,1,150,p0.001,10,medium
bowl@small,1,25,0,150,p0.001,10,small
bowl@small,1,50,0,150,p0.001,10,small
bowl@small,1,100,0,150,p0.001,10,small
bowl@small,1,150,0,150,p0.001,10,small
bus@large,1,25,6,150,p0.001,10,large
bus@large,1,50,8,150,p0.001,10,large
bus@large,1,100,9,150,p0.001,10,large
bus@large,1,150,9,150,p0.001,10,large
bus@medium,1,25,2,150,p0.001,10,medium
bus@medium,1,50,3,150,p0.001,10,medium
bus@medium,1,100,4,150,p0.001,10,medium
bus@medium,1,150,4,150,p0.001,10,medium
bus@small,1,25,1,150,p0.001,10,small
bus@small,1,50,1,150,p0.001,10,small
bus@small,1,100,1,150,p0.001,10,small
bus@small,1,150,2,150,p0.001,10,small
cell phone@large,1,25,11,14,p0.001,10,large
cell phone@large,1,50,11,14,p0.001,10,large
cell phone@large,1,100,11,14,p0.001,10,large
cell phone@large,1,150,11,14,p0.001,10,large
cell phone@medium,1,25,4,150,p0.001,10,medium
cell phone@medium,1,50,4,150,p0.001,10,medium
cell phone@medium,1,100,4,150,p0.001,10,medium
cell phone@medium,1,150,4,150,p0.001,10,medium
cell phone@small,1,25,0,150,p0.001,10,small
cell phone@small,1,50,1,150,p0.001,10,small
cell phone@small,1,100,2,150,p0.001,10,small
cell phone@small,1,150,2,150,p0.001,10,small
chair@large,1,25,2,150,p0.001,10,large
chair@large,1,50,4,150,p0.001,10,large
chair@large,1,100,5,150,p0.001,10,large
chair@large,1,150,5,150,p0.001,10,large
chair@medium,1,25,0,150,p0.001,10,medium
chair@medium,1,50,1,150,p0.001,10,medium
chair@medium,1,100,1,150,p0.001,10,medium
chair@medium,1,150,1,150,p0.001,10,medium
chair@small,1,25,0,150,p0.001,10,small
chair@small,1,50,0,150,p0.001,10,small
chair@small,1,100,0,150,p0.001,10,small
chair@small,1,150,0,150,p0.001,10,small
clock@large,1,25,6,150,p0.001,10,large
clock@large,1,50,6,150,p0.001,10,large
clock@large,1,100,6,150,p0.001,10,large
clock@large,1,150,6,150,p0.001,10,large
clock@medium,1,25,6,150,p0.001,10,medium
clock@medium,1,50,6,150,p0.001,10,medium
clock@medium,1,100,7,150,p0.001,10,medium
clock@medium,1,150,7,150,p0.001,10,medium
clock@small,1,25,2,150,p0.001,10,small
clock@small,1,50,2,150,p0.001,10,small
clock@small,1,100,2,150,p0.001,10,small
clock@small,1,150,2,150,p0.001,10,small
dining table@large,1,25,1,150,p0.001,10,large
dining table@large,1,50,1,150,p0.001,10,large
dining table@large,1,100,2,150,p0.001,10,large
dining table@large,1,150,2,150,p0.001,10,large
dining table@medium,1,25,3,150,p0.001,10,medium
dining table@medium,1,50,4,150,p0.001,10,medium
dining table@medium,1,100,6,150,p0.001,10,medium
dining table@medium,1,150,6,150,p0.001,10,medium
dining table@small,1,25,0,150,p0.001,10,small
dining table@small,1,50,0,150,p0.001,10,small
dining table@small,1,100,0,150,p0.001,10,small
dining table@small,1,150,0,150,p0.001,10,small
dog@large,1,25,9,26,p0.001,10,large
dog@large,1,50,11,26,p0.001,10,large
dog@large,1,100,11,26,p0.001,10,large
dog@large,1,150,11,26,p0.001,10,large
dog@medium,1,25,3,150,p0.001,10,medium
dog@medium,1,50,3,150,p0.001,10,medium
dog@medium,1,100,5,150,p0.001,10,medium
dog@medium,1,150,5,150,p0.001,10,medium
dog@small,1,25,0,150,p0.001,10,small
dog@small,1,50,0,150,p0.001,10,small
dog@small,1,100,0,150,p0.001,10,small
dog@small,1,150,0,150,p0.001,10,small
enclosed road vehicle@large,1,25,4,150,p0.001,10,large
enclosed road vehicle@large,1,50,4,150,p0.001,10,large
enclosed road vehicle@large,1,100,5,150,p0.001,10,large
enclosed road vehicle@large,1,150,6,150,p0.001,10,large
enclosed road vehicle@medium,1,25,0,150,p0.001,10,medium
enclosed road vehicle@medium,1,50,0,150,p0.001,10,medium
enclosed road vehicle@medium,1,100,1,150,p0.001,10,medium
enclosed road vehicle@medium,1,150,1,150,p0.001,10,medium
enclosed road vehicle@small,1,25,0,150,p0.001,10,small
enclosed road vehicle@small,1,50,0,150,p0.001,10,small
enclosed road vehicle@small,1,100,1,150,p0.001,10,small
enclosed road vehicle@small,1,150,1,150,p0.001,10,small
fire hydrant@large,1,25,10,14,p0.001,10,large
fire hydrant@large,1,50,10,14,p0.001,10,large
fire hydrant@large,1,100,10,14,p0.001,10,large
fire hydrant@large,1,150,10,14,p0.001,10,large
fire hydrant@medium,1,25,7,78,p0.001,10,medium
fire hydrant@medium,1,50,8,78,p0.001,10,medium
fire hydrant@medium,1,100,10,78,p0.001,10,medium
fire hydrant@medium,1,150,10,78,p0.001,10,medium
fire hydrant@small,1,25,1,150,p0.001,10,small
fire hydrant@small,1,50,1,150,p0.001,10,small
fire hydrant@small,1,100,3,150,p0.001,10,small
fire hydrant@small,1,150,3,150,p0.001,10,small
fork@large,1,25,1,150,p0.001,10,large
fork@large,1,50,1,150,p0.001,10,large
fork@large,1,100,4,150,p0.001,10,large
fork@large,1,150,4,150,p0.001,10,large
fork@medium,1,25,2,150,p0.001,10,medium
fork@medium,1,50,3,150,p0.001,10,medium
fork@medium,1,100,5,150,p0.001,10,medium
fork@medium,1,150,5,150,p0.001,10,medium
fork@small,1,25,1,150,p0.001,10,small
fork@small,1,50,1,150,p0.001,10,small
fork@small,1,100,1,150,p0.001,10,small
fork@small,1,150,3,150,p0.001,10,small
frisbee@large,1,25,7,150,p0.001,10,large
frisbee@large,1,50,9,150,p0.001,10,large
frisbee@large,1,100,9,150,p0.001,10,large
frisbee@large,1,150,9,150,p0.001,10,large
frisbee@medium,1,25,8,150,p0.001,10,medium
frisbee@medium,1,50,8,150,p0.001,10,medium
frisbee@medium,1,100,9,150,p0.001,10,medium
frisbee@medium,1,150,9,150,p0.001,10,medium
frisbee@small,1,25,9,150,p0.001,10,small
frisbee@small,1,50,9,150,p0.001,10,small
frisbee@small,1,100,9,150,p0.001,10,small
frisbee@small,1,150,9,150,p0.001,10,small
keyboard@large,1,25,9,26,p0.001,10,large
keyboard@large,1,50,10,26,p0.001,10,large
keyboard@large,1,100,10,26,p0.001,10,large
keyboard@large,1,150,10,26,p0.001,10,large
keyboard@medium,1,25,0,150,p0.001,10,medium
keyboard@medium,1,50,0,150,p0.001,10,medium
keyboard@medium,1,100,4,150,p0.001,10,medium
keyboard@medium,1,150,5,150,p0.001,10,medium
keyboard@small,1,25,0,150,p0.001,10,small
keyboard@small,1,50,0,150,p0.001,10,small
keyboard@small,1,100,0,150,p0.001,10,small
keyboard@small,1,150,0,150,p0.001,10,small
kite@large,1,25,10,14,p0.001,10,large
kite@large,1,50,10,14,p0.001,10,large
kite@large,1,100,10,14,p0.001,10,large
kite@large,1,150,10,14,p0.001,10,large
kite@medium,1,25,8,150,p0.001,10,medium
kite@medium,1,50,8,150,p0.001,10,medium
kite@medium,1,100,8,150,p0.001,10,medium
kite@medium,1,150,8,150,p0.001,10,medium
kite@small,1,25,8,150,p0.001,10,small
kite@small,1,50,8,150,p0.001,10,small
kite@small,1,100,9,150,p0.001,10,small
kite@small,1,150,9,150,p0.001,10,small
knife@large,1,25,3,150,p0.001,10,large
knife@large,1,50,4,150,p0.001,10,large
knife@large,1,100,6,150,p0.001,10,large
knife@large,1,150,6,150,p0.001,10,large
knife@medium,1,25,1,150,p0.001,10,medium
knife@medium,1,50,1,150,p0.001,10,medium
knife@medium,1,100,4,150,p0.001,10,medium
knife@medium,1,150,4,150,p0.001,10,medium
knife@small,1,25,0,150,p0.001,10,small
knife@small,1,50,0,150,p0.001,10,small
knife@small,1,100,0,150,p0.001,10,small
knife@small,1,150,0,150,p0.001,10,small
laptop@large,1,25,7,57,p0.001,10,large
laptop@large,1,50,9,57,p0.001,10,large
laptop@large,1,100,10,57,p0.001,10,large
laptop@large,1,150,10,57,p0.001,10,large
laptop@medium,1,25,1,150,p0.001,10,medium
laptop@medium,1,50,1,150,p0.001,10,medium
laptop@medium,1,100,2,150,p0.001,10,medium
laptop@medium,1,150,4,150,p0.001,10,medium
laptop@small,1,25,0,150,p0.001,10,small
laptop@small,1,50,0,150,p0.001,10,small
laptop@small,1,100,0,150,p0.001,10,small
laptop@small,1,150,0,150,p0.001,10,small
microwave@large,1,25,7,150,p0.001,10,large
microwave@large,1,50,7,150,p0.001,10,large
microwave@large,1,100,8,150,p0.001,10,large
microwave@large,1,150,8,150,p0.001,10,large
microwave@medium,1,25,3,150,p0.001,10,medium
microwave@medium,1,50,5,150,p0.001,10,medium
microwave@medium,1,100,7,150,p0.001,10,medium
microwave@medium,1,150,8,150,p0.001,10,medium
microwave@small,1,25,0,150,p0.001,10,small
microwave@small,1,50,0,150,p0.001,10,small
microwave@small,1,100,0,150,p0.001,10,small
microwave@small,1,150,1,150,p0.001,10,small
motorcycle@large,1,25,9,111,p0.001,10,large
motorcycle@large,1,50,9,111,p0.001,10,large
motorcycle@large,1,100,9,111,p0.001,10,large
motorcycle@large,1,150,10,111,p0.001,10,large
motorcycle@medium,1,25,5,150,p0.001,10,medium
motorcycle@medium,1,50,6,150,p0.001,10,medium
motorcycle@medium,1,100,6,150,p0.001,10,medium
motorcycle@medium,1,150,7,150,p0.001,10,medium
motorcycle@small,1,25,0,150,p0.001,10,small
motorcycle@small,1,50,0,150,p0.001,10,small
motorcycle@small,1,100,0,150,p0.001,10,small
motorcycle@small,1,150,0,150,p0.001,10,small
mouse@large,1,25,9,150,p0.001,10,large
mouse@large,1,50,9,150,p0.001,10,large
mouse@large,1,100,9,150,p0.001,10,large
mouse@large,1,150,9,150,p0.001,10,large
mouse@medium,1,25,5,56,p0.001,10,medium
mouse@medium,1,50,8,56,p0.001,10,medium
mouse@medium,1,100,10,56,p0.001,10,medium
mouse@medium,1,150,10,56,p0.001,10,medium
mouse@small,1,25,0,150,p0.001,10,small
mouse@small,1,50,0,150,p0.001,10,small
mouse@small,1,100,1,150,p0.001,10,small
mouse@small,1,150,2,150,p0.001,10,small
orange@large,1,25,10,25,p0.001,10,large
orange@large,1,50,10,25,p0.001,10,large
orange@large,1,100,10,25,p0.001,10,large
orange@large,1,150,10,25,p0.001,10,large
orange@medium,1,25,3,150,p0.001,10,medium
orange@medium,1,50,4,150,p0.001,10,medium
orange@medium,1,100,4,150,p0.001,10,medium
orange@medium,1,150,4,150,p0.001,10,medium
parking meter@large,1,25,8,150,p0.001,10,large
parking meter@large,1,50,9,150,p0.001,10,large
parking meter@large,1,100,9,150,p0.001,10,large
parking meter@large,1,150,9,150,p0.001,10,large
parking meter@medium,1,25,4,150,p0.001,10,medium
parking meter@medium,1,50,5,150,p0.001,10,medium
parking meter@medium,1,100,6,150,p0.001,10,medium
parking meter@medium,1,150,8,150,p0.001,10,medium
parking meter@small,1,25,1,150,p0.001,10,small
parking meter@small,1,50,1,150,p0.001,10,small
parking meter@small,1,100,2,150,p0.001,10,small
parking meter@small,1,150,2,150,p0.001,10,small
person@large,1,25,3,150,p0.001,10,large
person@large,1,50,3,150,p0.001,10,large
person@large,1,100,3,150,p0.001,10,large
person@large,1,150,5,150,p0.001,10,large
person@medium,1,25,0,150,p0.001,10,medium
person@medium,1,50,0,150,p0.001,10,medium
person@medium,1,100,0,150,p0.001,10,medium
person@medium,1,150,0,150,p0.001,10,medium
person@small,1,25,0,150,p0.001,10,small
person@small,1,50,0,150,p0.001,10,small
person@small,1,100,0,150,p0.001,10,small
person@small,1,150,0,150,p0.001,10,small
remote@large,1,25,6,150,p0.001,10,large
remote@large,1,50,6,150,p0.001,10,large
remote@large,1,100,6,150,p0.001,10,large
remote@large,1,150,6,150,p0.001,10,large
remote@medium,1,25,1,150,p0.001,10,medium
remote@medium,1,50,1,150,p0.001,10,medium
remote@medium,1,100,1,150,p0.001,10,medium
remote@medium,1,150,1,150,p0.001,10,medium
remote@small,1,25,0,150,p0.001,10,small
remote@small,1,50,0,150,p0.001,10,small
remote@small,1,100,0,150,p0.001,10,small
remote@small,1,150,0,150,p0.001,10,small
scissors@large,1,25,10,14,p0.001,10,large
scissors@large,1,50,10,14,p0.001,10,large
scissors@large,1,100,10,14,p0.001,10,large
scissors@large,1,150,10,14,p0.001,10,large
scissors@medium,1,25,3,150,p0.001,10,medium
scissors@medium,1,50,3,150,p0.001,10,medium
scissors@medium,1,100,5,150,p0.001,10,medium
scissors@medium,1,150,5,150,p0.001,10,medium
scissors@small,1,25,0,150,p0.001,10,small
scissors@small,1,50,0,150,p0.001,10,small
scissors@small,1,100,0,150,p0.001,10,small
scissors@small,1,150,0,150,p0.001,10,small
single serving drinking vessel@large,1,25,1,150,p0.001,10,large
single serving drinking vessel@large,1,50,2,150,p0.001,10,large
single serving drinking vessel@large,1,100,2,150,p0.001,10,large
single serving drinking vessel@large,1,150,2,150,p0.001,10,large
single serving drinking vessel@medium,1,25,1,150,p0.001,10,medium
single serving drinking vessel@medium,1,50,2,150,p0.001,10,medium
single serving drinking vessel@medium,1,100,2,150,p0.001,10,medium
single serving drinking vessel@medium,1,150,2,150,p0.001,10,medium
single serving drinking vessel@small,1,25,0,150,p0.001,10,small
single serving drinking vessel@small,1,50,0,150,p0.001,10,small
single serving drinking vessel@small,1,100,0,150,p0.001,10,small
single serving drinking vessel@small,1,150,0,150,p0.001,10,small
sink@large,1,25,4,150,p0.001,10,large
sink@large,1,50,6,150,p0.001,10,large
sink@large,1,100,7,150,p0.001,10,large
sink@large,1,150,8,150,p0.001,10,large
sink@medium,1,25,1,150,p0.001,10,medium
sink@medium,1,50,1,150,p0.001,10,medium
sink@medium,1,100,2,150,p0.001,10,medium
sink@medium,1,150,4,150,p0.001,10,medium
sink@small,1,25,0,150,p0.001,10,small
sink@small,1,50,0,150,p0.001,10,small
sink@small,1,100,0,150,p0.001,10,small
sink@small,1,150,0,150,p0.001,10,small
skateboard@large,1,25,9,150,p0.001,10,large
skateboard@large,1,50,9,150,p0.001,10,large
skateboard@large,1,100,9,150,p0.001,10,large
skateboard@large,1,150,9,150,p0.001,10,large
skateboard@medium,1,25,10,14,p0.001,10,medium
skateboard@medium,1,50,10,14,p0.001,10,medium
skateboard@medium,1,100,10,14,p0.001,10,medium
skateboard@medium,1,150,10,14,p0.001,10,medium
skateboard@small,1,25,6,150,p0.001,10,small
skateboard@small,1,50,8,150,p0.001,10,small
skateboard@small,1,100,8,150,p0.001,10,small
skateboard@small,1,150,9,150,p0.001,10,small
skis@large,1,25,9,36,p0.001,10,large
skis@large,1,50,10,36,p0.001,10,large
skis@large,1,100,10,36,p0.001,10,large
skis@large,1,150,10,36,p0.001,10,large
skis@medium,1,25,10,25,p0.001,10,medium
skis@medium,1,50,10,25,p0.001,10,medium
skis@medium,1,100,12,25,p0.001,10,medium
skis@medium,1,150,14,25,p0.001,10,medium
skis@small,1,25,5,94,p0.001,10,small
skis@small,1,50,7,94,p0.001,10,small
skis@small,1,100,10,94,p0.001,10,small
skis@small,1,150,10,94,p0.001,10,small
snowboard@large,1,25,7,150,p0.001,10,large
snowboard@large,1,50,8,150,p0.001,10,large
snowboard@large,1,100,8,150,p0.001,10,large
snowboard@large,1,150,9,150,p0.001,10,large
snowboard@medium,1,25,3,150,p0.001,10,medium
snowboard@medium,1,50,4,150,p0.001,10,medium
snowboard@medium,1,100,5,150,p0.001,10,medium
snowboard@medium,1,150,6,150,p0.001,10,medium
snowboard@small,1,25,8,82,p0.001,10,small
snowboard@small,1,50,9,82,p0.001,10,small
snowboard@small,1,100,10,82,p0.001,10,small
snowboard@small,1,150,10,82,p0.001,10,small
spoon@large,1,25,2,150,p0.001,10,large
spoon@large,1,50,3,150,p0.001,10,large
spoon@large,1,100,6,150,p0.001,10,large
spoon@large,1,150,6,150,p0.001,10,large
spoon@medium,1,25,0,150,p0.001,10,medium
spoon@medium,1,50,1,150,p0.001,10,medium
spoon@medium,1,100,1,150,p0.001,10,medium
spoon@medium,1,150,1,150,p0.001,10,medium
spoon@small,1,25,0,150,p0.001,10,small
spoon@small,1,50,0,150,p0.001,10,small
spoon@small,1,100,0,150,p0.001,10,small
spoon@small,1,150,0,150,p0.001,10,small
stop sign@large,1,25,11,14,p0.001,10,large
stop sign@large,1,50,11,14,p0.001,10,large
stop sign@large,1,100,11,14,p0.001,10,large
stop sign@large,1,150,11,14,p0.001,10,large
stop sign@medium,1,25,7,150,p0.001,10,medium
stop sign@medium,1,50,8,150,p0.001,10,medium
stop sign@medium,1,100,9,150,p0.001,10,medium
stop sign@medium,1,150,9,150,p0.001,10,medium
stop sign@small,1,25,0,150,p0.001,10,small
stop sign@small,1,50,0,150,p0.001,10,small
stop sign@small,1,100,0,150,p0.001,10,small
stop sign@small,1,150,1,150,p0.001,10,small
surfboard@large,1,25,10,15,p0.001,10,large
surfboard@large,1,50,10,15,p0.001,10,large
surfboard@large,1,100,10,15,p0.001,10,large
surfboard@large,1,150,10,15,p0.001,10,large
surfboard@medium,1,25,10,14,p0.001,10,medium
surfboard@medium,1,50,10,14,p0.001,10,medium
surfboard@medium,1,100,10,14,p0.001,10,medium
surfboard@medium,1,150,10,14,p0.001,10,medium
surfboard@small,1,25,9,48,p0.001,10,small
surfboard@small,1,50,10,48,p0.001,10,small
surfboard@small,1,100,10,48,p0.001,10,small
surfboard@small,1,150,10,48,p0.001,10,small
tennis racket@large,1,25,11,14,p0.001,10,large
tennis racket@large,1,50,11,14,p0.001,10,large
tennis racket@large,1,100,11,14,p0.001,10,large
tennis racket@large,1,150,11,14,p0.001,10,large
tennis racket@medium,1,25,10,14,p0.001,10,medium
tennis racket@medium,1,50,10,14,p0.001,10,medium
tennis racket@medium,1,100,10,14,p0.001,10,medium
tennis racket@medium,1,150,10,14,p0.001,10,medium
tennis racket@small,1,25,10,14,p0.001,10,small
tennis racket@small,1,50,10,14,p0.001,10,small
tennis racket@small,1,100,10,14,p0.001,10,small
tennis racket@small,1,150,10,14,p0.001,10,small
tie@large,1,25,10,14,p0.001,10,large
tie@large,1,50,10,14,p0.001,10,large
tie@large,1,100,10,14,p0.001,10,large
tie@large,1,150,10,14,p0.001,10,large
tie@medium,1,25,8,41,p0.001,10,medium
tie@medium,1,50,11,41,p0.001,10,medium
tie@medium,1,100,11,41,p0.001,10,medium
tie@medium,1,150,11,41,p0.001,10,medium
tie@small,1,25,1,150,p0.001,10,small
tie@small,1,50,2,150,p0.001,10,small
tie@small,1,100,4,150,p0.001,10,small
tie@small,1,150,4,150,p0.001,10,small
toothbrush@large,1,25,10,14,p0.001,10,large
toothbrush@large,1,50,10,14,p0.001,10,large
toothbrush@large,1,100,10,14,p0.001,10,large
toothbrush@large,1,150,10,14,p0.001,10,large
toothbrush@medium,1,25,8,39,p0.001,10,medium
toothbrush@medium,1,50,10,39,p0.001,10,medium
toothbrush@medium,1,100,10,39,p0.001,10,medium
toothbrush@medium,1,150,10,39,p0.001,10,medium
toothbrush@small,1,25,0,150,p0.001,10,small
toothbrush@small,1,50,0,150,p0.001,10,small
toothbrush@small,1,100,0,150,p0.001,10,small
toothbrush@small,1,150,0,150,p0.001,10,small
traffic light@large,1,25,7,150,p0.001,10,large
traffic light@large,1,50,7,150,p0.001,10,large
traffic light@large,1,100,7,150,p0.001,10,large
traffic light@large,1,150,8,150,p0.001,10,large
traffic light@medium,1,25,7,74,p0.001,10,medium
traffic light@medium,1,50,9,74,p0.001,10,medium
traffic light@medium,1,100,10,74,p0.001,10,medium
traffic light@medium,1,150,10,74,p0.001,10,medium
traffic light@small,1,25,3,150,p0.001,10,small
traffic light@small,1,50,3,150,p0.001,10,small
traffic light@small,1,100,4,150,p0.001,10,small
traffic light@small,1,150,5,150,p0.001,10,small
tv@large,1,25,5,150,p0.001,10,large
tv@large,1,50,7,150,p0.001,10,large
tv@large,1,100,8,150,p0.001,10,large
tv@large,1,150,8,150,p0.001,10,large
tv@medium,1,25,1,150,p0.001,10,medium
tv@medium,1,50,2,150,p0.001,10,medium
tv@medium,1,100,3,150,p0.001,10,medium
tv@medium,1,150,5,150,p0.001,10,medium
tv@small,1,25,0,150,p0.001,10,small
tv@small,1,50,1,150,p0.001,10,small
tv@small,1,100,1,150,p0.001,10,small
tv@small,1,150,1,150,p0.001,10,small
umbrella@large,1,25,8,150,p0.001,10,large
umbrella@large,1,50,9,150,p0.001,10,large
umbrella@large,1,100,9,150,p0.001,10,large
umbrella@large,1,150,9,150,p0.001,10,large
umbrella@medium,1,25,4,150,p0.001,10,medium
umbrella@medium,1,50,4,150,p0.001,10,medium
umbrella@medium,1,100,4,150,p0.001,10,medium
umbrella@medium,1,150,4,150,p0.001,10,medium
umbrella@small,1,25,0,150,p0.001,10,small
umbrella@small,1,50,0,150,p0.001,10,small
umbrella@small,1,100,0,150,p0.001,10,small
umbrella@small,1,150,0,150,p0.001,10,small
vase or potted plant@large,1,25,8,106,p0.001,10,large
vase or potted plant@large,1,50,9,106,p0.001,10,large
vase or potted plant@large,1,100,9,106,p0.001,10,large
vase or potted plant@large,1,150,10,106,p0.001,10,large
vase or potted plant@medium,1,25,1,150,p0.001,10,medium
vase or potted plant@medium,1,50,1,150,p0.001,10,medium
vase or potted plant@medium,1,100,3,150,p0.001,10,medium
vase or potted plant@medium,1,150,3,150,p0.001,10,medium
vase or potted plant@small,1,25,0,150,p0.001,10,small
vase or potted plant@small,1,50,0,150,p0.001,10,small
vase or potted plant@small,1,100,0,150,p0.001,10,small
vase or potted plant@small,1,150,0,150,p0.001,10,small
airplane@large,2,25,10,16,p0.001,10,large
airplane@large,2,50,10,16,p0.001,10,large
airplane@large,2,100,10,16,p0.001,10,large
airplane@large,2,150,10,16,p0.001,10,large
airplane@medium,2,25,8,52,p0.001,10,medium
airplane@medium,2,50,9,52,p0.001,10,medium
airplane@medium,2,100,10,52,p0.001,10,medium
airplane@medium,2,150,10,52,p0.001,10,medium
airplane@small,2,25,6,150,p0.001,10,small
airplane@small,2,50,6,150,p0.001,10,small
airplane@small,2,100,6,150,p0.001,10,small
airplane@small,2,150,6,150,p0.001,10,small
apple@large,2,25,9,38,p0.001,10,large
apple@large,2,50,10,38,p0.001,10,large
apple@large,2,100,10,38,p0.001,10,large
apple@large,2,150,10,38,p0.001,10,large
apple@medium,2,25,3,150,p0.001,10,medium
apple@medium,2,50,5,150,p0.001,10,medium
apple@medium,2,100,7,150,p0.001,10,medium
apple@medium,2,150,7,150,p0.001,10,medium
bag or luggage@large,2,25,9,150,p0.001,10,large
bag or luggage@large,2,50,9,150,p0.001,10,large
bag or luggage@large,2,100,9,150,p0.001,10,large
bag or luggage@large,2,150,9,150,p0.001,10,large
bag or luggage@medium,2,25,4,150,p0.001,10,medium
bag or luggage@medium,2,50,4,150,p0.001,10,medium
bag or luggage@medium,2,100,4,150,p0.001,10,medium
bag or luggage@medium,2,150,4,150,p0.001,10,medium
bag or luggage@small,2,25,0,150,p0.001,10,small
bag or luggage@small,2,50,1,150,p0.001,10,small
bag or luggage@small,2,100,1,150,p0.001,10,small
bag or luggage@small,2,150,1,150,p0.001,10,small
banana@large,2,25,10,14,p0.001,10,large
banana@large,2,50,10,14,p0.001,10,large
banana@large,2,100,10,14,p0.001,10,large
banana@large,2,150,10,14,p0.001,10,large
banana@medium,2,25,8,150,p0.001,10,medium
banana@medium,2,50,8,150,p0.001,10,medium
banana@medium,2,100,8,150,p0.001,10,medium
banana@medium,2,150,8,150,p0.001,10,medium
baseball bat@large,2,25,10,14,p0.001,10,large
baseball bat@large,2,50,10,14,p0.001,10,large
baseball bat@large,2,100,10,14,p0.001,10,large
baseball bat@large,2,150,10,14,p0.001,10,large
baseball bat@medium,2,25,10,17,p0.001,10,medium
baseball bat@medium,2,50,10,17,p0.001,10,medium
baseball bat@medium,2,100,10,17,p0.001,10,medium
baseball bat@medium,2,150,10,17,p0.001,10,medium
baseball bat@small,2,25,9,150,p0.001,10,small
baseball bat@small,2,50,9,150,p0.001,10,small
baseball bat@small,2,100,9,150,p0.001,10,small
baseball bat@small,2,150,9,150,p0.001,10,small
bench@large,2,25,4,150,p0.001,10,large
bench@large,2,50,5,150,p0.001,10,large
bench@large,2,100,5,150,p0.001,10,large
bench@large,2,150,6,150,p0.001,10,large
bench@medium,2,25,4,150,p0.001,10,medium
bench@medium,2,50,5,150,p0.001,10,medium
bench@medium,2,100,6,150,p0.001,10,medium
bench@medium,2,150,6,150,p0.001,10,medium
bench@small,2,25,0,150,p0.001,10,small
bench@small,2,50,0,150,p0.001,10,small
bench@small,2,100,0,150,p0.001,10,small
bench@small,2,150,0,150,p0.001,10,small
bicycle@large,2,25,10,14,p0.001,10,large
bicycle@large,2,50,10,14,p0.001,10,large
bicycle@large,2,100,10,14,p0.001,10,large
bicycle@large,2,150,10,14,p0.001,10,large
bicycle@medium,2,25,4,150,p0.001,10,medium
bicycle@medium,2,50,4,150,p0.001,10,medium
bicycle@medium,2,100,5,150,p0.001,10,medium
bicycle@medium,2,150,6,150,p0.001,10,medium
bicycle@small,2,25,0,150,p0.001,10,small
bicycle@small,2,50,0,150,p0.001,10,small
bicycle@small,2,100,1,150,p0.001,10,small
bicycle@small,2,150,2,150,p0.001,10,small
bird@large,2,25,10,25,p0.001,10,large
bird@large,2,50,10,25,p0.001,10,large
bird@large,2,100,10,25,p0.001,10,large
bird@large,2,150,10,25,p0.001,10,large
bird@medium,2,25,7,35,p0.001,10,medium
bird@medium,2,50,10,35,p0.001,10,medium
bird@medium,2,100,10,35,p0.001,10,medium
bird@medium,2,150,10,35,p0.001,10,medium
bird@small,2,25,0,150,p0.001,10,small
bird@small,2,50,0,150,p0.001,10,small
bird@small,2,100,0,150,p0.001,10,small
bird@small,2,150,0,150,p0.001,10,small
boat@large,2,25,11,17,p0.001,10,large
boat@large,2,50,11,17,p0.001,10,large
boat@large,2,100,11,17,p0.001,10,large
boat@large,2,150,11,17,p0.001,10,large
boat@medium,2,25,7,61,p0.001,10,medium
boat@medium,2,50,9,61,p0.001,10,medium
boat@medium,2,100,10,61,p0.001,10,medium
boat@medium,2,150,10,61,p0.001,10,medium
boat@small,2,25,2,150,p0.001,10,small
boat@small,2,50,3,150,p0.001,10,small
boat@small,2,100,3,150,p0.001,10,small
boat@small,2,150,3,150,p0.001,10,small
book@large,2,25,5,150,p0.001,10,large
book@large,2,50,5,150,p0.001,10,large
book@large,2,100,5,150,p0.001,10,large
book@large,2,150,6,150,p0.001,10,large
book@medium,2,25,0,150,p0.001,10,medium
book@medium,2,50,0,150,p0.001,10,medium
book@medium,2,100,0,150,p0.001,10,medium
book@medium,2,150,0,150,p0.001,10,medium
book@small,2,25,0,150,p0.001,10,small
book@small,2,50,0,150,p0.001,10,small
book@small,2,100,0,150,p0.001,10,small
book@small,2,150,0,150,p0.001,10,small
bottle@large,2,25,4,150,p0.001,10,large
bottle@large,2,50,5,150,p0.001,10,large
bottle@large,2,100,5,150,p0.001,10,large
bottle@large,2,150,5,150,p0.001,10,large
bottle@medium,2,25,0,150,p0.001,10,medium
bottle@medium,2,50,0,150,p0.001,10,medium
bottle@medium,2,100,0,150,p0.001,10,medium
bottle@medium,2,150,0,150,p0.001,10,medium
bottle@small,2,25,1,150,p0.001,10,small
bottle@small,2,50,1,150,p0.001,10,small
bottle@small,2,100,1,150,p0.001,10,small
bottle@small,2,150,1,150,p0.001,10,small
bowl@large,2,25,0,150,p0.001,10,large
bowl@large,2,50,0,150,p0.001,10,large
bowl@large,2,100,1,150,p0.001,10,large
bowl@large,2,150,1,150,p0.001,10,large
bowl@medium,2,25,1,150,p0.001,10,medium
bowl@medium,2,50,1,150,p0.001,10,medium
bowl@medium,2,100,2,150,p0.001,10,medium
bowl@medium,2,150,3,150,p0.001,10,medium
bowl@small,2,25,0,150,p0.001,10,small
bowl@small,2,50,0,150,p0.001,10,small
bowl@small,2,100,0,150,p0.001,10,small
bowl@small,2,150,0,150,p0.001,10,small
bus@large,2,25,6,150,p0.001,10,large
bus@large,2,50,6,150,p0.001,10,large
bus@large,2,100,6,150,p0.001,10,large
bus@large,2,150,6,150,p0.001,10,large
bus@medium,2,25,4,150,p0.001,10,medium
bus@medium,2,50,4,150,p0.001,10,medium
bus@medium,2,100,4,150,p0.001,10,medium
bus@medium,2,150,5,150,p0.001,10,medium
bus@small,2,25,0,150,p0.001,10,small
bus@small,2,50,0,150,p0.001,10,small
bus@small,2,100,0,150,p0.001,10,small
bus@small,2,150,0,150,p0.001,10,small
cell phone@large,2,25,8,150,p0.001,10,large
cell phone@large,2,50,8,150,p0.001,10,large
cell phone@large,2,100,8,150,p0.001,10,large
cell phone@large,2,150,8,150,p0.001,10,large
cell phone@medium,2,25,4,150,p0.001,10,medium
cell phone@medium,2,50,7,150,p0.001,10,medium
cell phone@medium,2,100,7,150,p0.001,10,medium
cell phone@medium,2,150,7,150,p0.001,10,medium
cell phone@small,2,25,1,150,p0.001,10,small
cell phone@small,2,50,1,150,p0.001,10,small
cell phone@small,2,100,1,150,p0.001,10,small
cell phone@small,2,150,1,150,p0.001,10,small
chair@large,2,25,0,150,p0.001,10,large
chair@large,2,50,0,150,p0.001,10,large
chair@large,2,100,1,150,p0.001,10,large
chair@large,2,150,2,150,p0.001,10,large
chair@medium,2,25,0,150,p0.001,10,medium
chair@medium,2,50,0,150,p0.001,10,medium
chair@medium,2,100,0,150,p0.001,10,medium
chair@medium,2,150,0,150,p0.001,10,medium
chair@small,2,25,0,150,p0.001,10,small
chair@small,2,50,0,150,p0.001,10,small
chair@small,2,100,0,150,p0.001,10,small
chair@small,2,150,0,150,p0.001,10,small
clock@large,2,25,10,14,p0.001,10,large
clock@large,2,50,10,14,p0.001,10,large
clock@large,2,100,10,14,p0.001,10,large
clock@large,2,150,10,14,p0.001,10,large
clock@medium,2,25,6,150,p0.001,10,medium
clock@medium,2,50,6,150,p0.001,10,medium
clock@medium,2,100,6,150,p0.001,10,medium
clock@medium,2,150,6,150,p0.001,10,medium
clock@small,2,25,1,150,p0.001,10,small
clock@small,2,50,1,150,p0.001,10,small
clock@small,2,100,1,150,p0.001,10,small
clock@small,2,150,1,150,p0.001,10,small
dining table@large,2,25,0,150,p0.001,10,large
dining table@large,2,50,0,150,p0.001,10,large
dining table@large,2,100,1,150,p0.001,10,large
dining table@large,2,150,2,150,p0.001,10,large
dining table@medium,2,25,2,150,p0.001,10,medium
dining table@medium,2,50,2,150,p0.001,10,medium
dining table@medium,2,100,3,150,p0.001,10,medium
dining table@medium,2,150,4,150,p0.001,10,medium
dining table@small,2,25,0,150,p0.001,10,small
dining table@small,2,50,1,150,p0.001,10,small
dining table@small,2,100,2,150,p0.001,10,small
dining table@small,2,150,2,150,p0.001,10,small
dog@large,2,25,7,43,p0.001,10,large
dog@large,2,50,10,43,p0.001,10,large
dog@large,2,100,10,43,p0.001,10,large
dog@large,2,150,10,43,p0.001,10,large
dog@medium,2,25,1,150,p0.001,10,medium
dog@medium,2,50,2,150,p0.001,10,medium
dog@medium,2,100,3,150,p0.001,10,medium
dog@medium,2,150,4,150,p0.001,10,medium
dog@small,2,25,0,150,p0.001,10,small
dog@small,2,50,1,150,p0.001,10,small
dog@small,2,100,1,150,p0.001,10,small
dog@small,2,150,1,150,p0.001,10,small
enclosed road vehicle@large,2,25,5,150,p0.001,10,large
enclosed road vehicle@large,2,50,6,150,p0.001,10,large
enclosed road vehicle@large,2,100,6,150,p0.001,10,large
enclosed road vehicle@large,2,150,6,150,p0.001,10,large
enclosed road vehicle@medium,2,25,0,150,p0.001,10,medium
enclosed road vehicle@medium,2,50,1,150,p0.001,10,medium
enclosed road vehicle@medium,2,100,1,150,p0.001,10,medium
enclosed road vehicle@medium,2,150,2,150,p0.001,10,medium
enclosed road vehicle@small,2,25,0,150,p0.001,10,small
enclosed road vehicle@small,2,50,0,150,p0.001,10,small
enclosed road vehicle@small,2,100,0,150,p0.001,10,small
enclosed road vehicle@small,2,150,0,150,p0.001,10,small
fire hydrant@large,2,25,10,14,p0.001,10,large
fire hydrant@large,2,50,10,14,p0.001,10,large
fire hydrant@large,2,100,10,14,p0.001,10,large
fire hydrant@large,2,150,10,14,p0.001,10,large
fire hydrant@medium,2,25,4,150,p0.001,10,medium
fire hydrant@medium,2,50,4,150,p0.001,10,medium
fire hydrant@medium,2,100,5,150,p0.001,10,medium
fire hydrant@medium,2,150,6,150,p0.001,10,medium
fire hydrant@small,2,25,0,150,p0.001,10,small
fire hydrant@small,2,50,0,150,p0.001,10,small
fire hydrant@small,2,100,1,150,p0.001,10,small
fire hydrant@small,2,150,1,150,p0.001,10,small
fork@large,2,25,3,150,p0.001,10,large
fork@large,2,50,4,150,p0.001,10,large
fork@large,2,100,5,150,p0.001,10,large
fork@large,2,150,6,150,p0.001,10,large
fork@medium,2,25,3,150,p0.001,10,medium
fork@medium,2,50,5,150,p0.001,10,medium
fork@medium,2,100,6,150,p0.001,10,medium
fork@medium,2,150,6,150,p0.001,10,medium
fork@small,2,25,1,150,p0.001,10,small
fork@small,2,50,1,150,p0.001,10,small
fork@small,2,100,1,150,p0.001,10,small
fork@small,2,150,2,150,p0.001,10,small
frisbee@large,2,25,10,15,p0.001,10,large
frisbee@large,2,50,10,15,p0.001,10,large
frisbee@large,2,100,10,15,p0.001,10,large
frisbee@large,2,150,10,15,p0.001,10,large
frisbee@medium,2,25,10,14,p0.001,10,medium
frisbee@medium,2,50,10,14,p0.001,10,medium
frisbee@medium,2,100,10,14,p0.001,10,medium
frisbee@medium,2,150,10,14,p0.001,10,medium
frisbee@small,2,25,8,60,p0.001,10,small
frisbee@small,2,50,9,60,p0.001,10,small
frisbee@small,2,100,10,60,p0.001,10,small
frisbee@small,2,150,10,60,p0.001,10,small
keyboard@large,2,25,5,150,p0.001,10,large
keyboard@large,2,50,6,150,p0.001,10,large
keyboard@large,2,100,8,150,p0.001,10,large
keyboard@large,2,150,9,150,p0.001,10,large
keyboard@medium,2,25,0,150,p0.001,10,medium
keyboard@medium,2,50,2,150,p0.001,10,medium
keyboard@medium,2,100,6,150,p0.001,10,medium
keyboard@medium,2,150,9,150,p0.001,10,medium
keyboard@small,2,25,0,150,p0.001,10,small
keyboard@small,2,50,0,150,p0.001,10,small
keyboard@small,2,100,0,150,p0.001,10,small
keyboard@small,2,150,0,150,p0.001,10,small
kite@large,2,25,9,27,p0.001,10,large
kite@large,2,50,10,27,p0.001,10,large
kite@large,2,100,10,27,p0.001,10,large
kite@large,2,150,10,27,p0.001,10,large
kite@medium,2,25,10,14,p0.001,10,medium
kite@medium,2,50,10,14,p0.001,10,medium
kite@medium,2,100,10,14,p0.001,10,medium
kite@medium,2,150,10,14,p0.001,10,medium
kite@small,2,25,6,150,p0.001,10,small
kite@small,2,50,7,150,p0.001,10,small
kite@small,2,100,7,150,p0.001,10,small
kite@small,2,150,8,150,p0.001,10,small
knife@large,2,25,2,150,p0.001,10,large
knife@large,2,50,2,150,p0.001,10,large
knife@large,2,100,4,150,p0.001,10,large
knife@large,2,150,4,150,p0.001,10,large
knife@medium,2,25,1,150,p0.001,10,medium
knife@medium,2,50,1,150,p0.001,10,medium
knife@medium,2,100,1,150,p0.001,10,medium
knife@medium,2,150,1,150,p0.001,10,medium
knife@small,2,25,0,150,p0.001,10,small
knife@small,2,50,0,150,p0.001,10,small
knife@small,2,100,0,150,p0.001,10,small
knife@small,2,150,0,150,p0.001,10,small
laptop@large,2,25,3,134,p0.001,10,large
laptop@large,2,50,6,134,p0.001,10,large
laptop@large,2,100,8,134,p0.001,10,large
laptop@large,2,150,10,134,p0.001,10,large
laptop@medium,2,25,0,150,p0.001,10,medium
laptop@medium,2,50,0,150,p0.001,10,medium
laptop@medium,2,100,3,150,p0.001,10,medium
laptop@medium,2,150,5,150,p0.001,10,medium
laptop@small,2,25,0,150,p0.001,10,small
laptop@small,2,50,0,150,p0.001,10,small
laptop@small,2,100,0,150,p0.001,10,small
laptop@small,2,150,0,150,p0.001,10,small
microwave@large,2,25,4,150,p0.001,10,large
microwave@large,2,50,5,150,p0.001,10,large
microwave@large,2,100,7,150,p0.001,10,large
microwave@large,2,150,7,150,p0.001,10,large
microwave@medium,2,25,1,150,p0.001,10,medium
microwave@medium,2,50,1,150,p0.001,10,medium
microwave@medium,2,100,2,150,p0.001,10,medium
microwave@medium,2,150,2,150,p0.001,10,medium
microwave@small,2,25,0,150,p0.001,10,small
microwave@small,2,50,0,150,p0.001,10,small
microwave@small,2,100,0,150,p0.001,10,small
microwave@small,2,150,0,150,p0.001,10,small
motorcycle@large,2,25,4,150,p0.001,10,large
motorcycle@large,2,50,4,150,p0.001,10,large
motorcycle@large,2,100,4,150,p0.001,10,large
motorcycle@large,2,150,5,150,p0.001,10,large
motorcycle@medium,2,25,4,150,p0.001,10,medium
motorcycle@medium,2,50,5,150,p0.001,10,medium
motorcycle@medium,2,100,6,150,p0.001,10,medium
motorcycle@medium,2,150,6,150,p0.001,10,medium
motorcycle@small,2,25,0,150,p0.001,10,small
motorcycle@small,2,50,0,150,p0.001,10,small
motorcycle@small,2,100,0,150,p0.001,10,small
motorcycle@small,2,150,1,150,p0.001,10,small
mouse@large,2,25,10,14,p0.001,10,large
mouse@large,2,50,10,14,p0.001,10,large
mouse@large,2,100,10,14,p0.001,10,large
mouse@large,2,150,10,14,p0.001,10,large
mouse@medium,2,25,5,137,p0.001,10,medium
mouse@medium,2,50,6,137,p0.001,10,medium
mouse@medium,2,100,8,137,p0.001,10,medium
mouse@medium,2,150,10,137,p0.001,10,medium
mouse@small,2,25,0,150,p0.001,10,small
mouse@small,2,50,1,150,p0.001,10,small
mouse@small,2,100,3,150,p0.001,10,small
mouse@small,2,150,3,150,p0.001,10,small
orange@large,2,25,9,29,p0.001,10,large
orange@large,2,50,10,29,p0.001,10,large
orange@large,2,100,10,29,p0.001,10,large
orange@large,2,150,10,29,p0.001,10,large
orange@medium,2,25,7,53,p0.001,10,medium
orange@medium,2,50,9,53,p0.001,10,medium
orange@medium,2,100,10,53,p0.001,10,medium
orange@medium,2,150,10,53,p0.001,10,medium
parking meter@large,2,25,7,150,p0.001,10,large
parking meter@large,2,50,8,150,p0.001,10,large
parking meter@large,2,100,8,150,p0.001,10,large
parking meter@large,2,150,9,150,p0.001,10,large
parking meter@medium,2,25,4,150,p0.001,10,medium
parking meter@medium,2,50,5,150,p0.001,10,medium
parking meter@medium,2,100,8,150,p0.001,10,medium
parking meter@medium,2,150,8,150,p0.001,10,medium
parking meter@small,2,25,0,150,p0.001,10,small
parking meter@small,2,50,0,150,p0.001,10,small
parking meter@small,2,100,0,150,p0.001,10,small
parking meter@small,2,150,0,150,p0.001,10,small
person@large,2,25,2,150,p0.001,10,large
person@large,2,50,4,150,p0.001,10,large
person@large,2,100,5,150,p0.001,10,large
person@large,2,150,5,150,p0.001,10,large
person@medium,2,25,0,150,p0.001,10,medium
person@medium,2,50,1,150,p0.001,10,medium
person@medium,2,100,1,150,p0.001,10,medium
person@medium,2,150,1,150,p0.001,10,medium
person@small,2,25,0,150,p0.001,10,small
person@small,2,50,0,150,p0.001,10,small
person@small,2,100,0,150,p0.001,10,small
person@small,2,150,0,150,p0.001,10,small
remote@large,2,25,6,150,p0.001,10,large
remote@large,2,50,8,150,p0.001,10,large
remote@large,2,100,8,150,p0.001,10,large
remote@large,2,150,8,150,p0.001,10,large
remote@medium,2,25,3,150,p0.001,10,medium
remote@medium,2,50,5,150,p0.001,10,medium
remote@medium,2,100,5,150,p0.001,10,medium
remote@medium,2,150,5,150,p0.001,10,medium
remote@small,2,25,0,150,p0.001,10,small
remote@small,2,50,0,150,p0.001,10,small
remote@small,2,100,0,150,p0.001,10,small
remote@small,2,150,0,150,p0.001,10,small
scissors@large,2,25,10,18,p0.001,10,large
scissors@large,2,50,10,18,p0.001,10,large
scissors@large,2,100,10,18,p0.001,10,large
scissors@large,2,150,10,18,p0.001,10,large
scissors@medium,2,25,3,150,p0.001,10,medium
scissors@medium,2,50,5,150,p0.001,10,medium
scissors@medium,2,100,6,150,p0.001,10,medium
scissors@medium,2,150,8,150,p0.001,10,medium
scissors@small,2,25,0,150,p0.001,10,small
scissors@small,2,50,1,150,p0.001,10,small
scissors@small,2,100,2,150,p0.001,10,small
scissors@small,2,150,2,150,p0.001,10,small
single serving drinking vessel@large,2,25,0,150,p0.001,10,large
single serving drinking vessel@large,2,50,0,150,p0.001,10,large
single serving drinking vessel@large,2,100,0,150,p0.001,10,large
single serving drinking vessel@large,2,150,0,150,p0.001,10,large
single serving drinking vessel@medium,2,25,0,150,p0.001,10,medium
single serving drinking vessel@medium,2,50,1,150,p0.001,10,medium
single serving drinking vessel@medium,2,100,2,150,p0.001,10,medium
single serving drinking vessel@medium,2,150,2,150,p0.001,10,medium
single serving drinking vessel@small,2,25,1,150,p0.001,10,small
single serving drinking vessel@small,2,50,1,150,p0.001,10,small
single serving drinking vessel@small,2,100,2,150,p0.001,10,small
single serving drinking vessel@small,2,150,2,150,p0.001,10,small
sink@large,2,25,4,150,p0.001,10,large
sink@large,2,50,5,150,p0.001,10,large
sink@large,2,100,6,150,p0.001,10,large
sink@large,2,150,6,150,p0.001,10,large
sink@medium,2,25,2,150,p0.001,10,medium
sink@medium,2,50,2,150,p0.001,10,medium
sink@medium,2,100,6,150,p0.001,10,medium
sink@medium,2,150,6,150,p0.001,10,medium
sink@small,2,25,0,150,p0.001,10,small
sink@small,2,50,0,150,p0.001,10,small
sink@small,2,100,1,150,p0.001,10,small
sink@small,2,150,2,150,p0.001,10,small
skateboard@large,2,25,10,14,p0.001,10,large
skateboard@large,2,50,10,14,p0.001,10,large
skateboard@large,2,100,10,14,p0.001,10,large
skateboard@large,2,150,10,14,p0.001,10,large
skateboard@medium,2,25,3,150,p0.001,10,medium
skateboard@medium,2,50,3,150,p0.001,10,medium
skateboard@medium,2,100,3,150,p0.001,10,medium
skateboard@medium,2,150,3,150,p0.001,10,medium
skateboard@small,2,25,6,150,p0.001,10,small
skateboard@small,2,50,7,150,p0.001,10,small
skateboard@small,2,100,7,150,p0.001,10,small
skateboard@small,2,150,8,150,p0.001,10,small
skis@large,2,25,8,36,p0.001,10,large
skis@large,2,50,10,36,p0.001,10,large
skis@large,2,100,10,36,p0.001,10,large
skis@large,2,150,10,36,p0.001,10,large
skis@medium,2,25,6,73,p0.001,10,medium
skis@medium,2,50,8,73,p0.001,10,medium
skis@medium,2,100,10,73,p0.001,10,medium
skis@medium,2,150,10,73,p0.001,10,medium
skis@small,2,25,4,150,p0.001,10,small
skis@small,2,50,6,150,p0.001,10,small
skis@small,2,100,8,150,p0.001,10,small
skis@small,2,150,8,150,p0.001,10,small
snowboard@large,2,25,10,14,p0.001,10,large
snowboard@large,2,50,10,14,p0.001,10,large
snowboard@large,2,100,11,14,p0.001,10,large
snowboard@large,2,150,11,14,p0.001,10,large
snowboard@medium,2,25,7,92,p0.001,10,medium
snowboard@medium,2,50,9,92,p0.001,10,medium
snowboard@medium,2,100,10,92,p0.001,10,medium
snowboard@medium,2,150,10,92,p0.001,10,medium
snowboard@small,2,25,7,34,p0.001,10,small
snowboard@small,2,50,10,34,p0.001,10,small
snowboard@small,2,100,10,34,p0.001,10,small
snowboard@small,2,150,11,34,p0.001,10,small
spoon@large,2,25,1,150,p0.001,10,large
spoon@large,2,50,1,150,p0.001,10,large
spoon@large,2,100,4,150,p0.001,10,large
spoon@large,2,150,4,150,p0.001,10,large
spoon@medium,2,25,0,150,p0.001,10,medium
spoon@medium,2,50,0,150,p0.001,10,medium
spoon@medium,2,100,2,150,p0.001,10,medium
spoon@medium,2,150,2,150,p0.001,10,medium
spoon@small,2,25,0,150,p0.001,10,small
spoon@small,2,50,0,150,p0.001,10,small
spoon@small,2,100,0,150,p0.001,10,small
spoon@small,2,150,0,150,p0.001,10,small
stop sign@large,2,25,10,14,p0.001,10,large
stop sign@large,2,50,10,14,p0.001,10,large
stop sign@large,2,100,10,14,p0.001,10,large
stop sign@large,2,150,10,14,p0.001,10,large
stop sign@medium,2,25,8,150,p0.001,10,medium
stop sign@medium,2,50,8,150,p0.001,10,medium
stop sign@medium,2,100,9,150,p0.001,10,medium
stop sign@medium,2,150,9,150,p0.001,10,medium
stop sign@small,2,25,0,150,p0.001,10,small
stop sign@small,2,50,0,150,p0.001,10,small
stop sign@small,2,100,0,150,p0.001,10,small
stop sign@small,2,150,1,150,p0.001,10,small
surfboard@large,2,25,9,68,p0.001,10,large
surfboard@large,2,50,9,68,p0.001,10,large
surfboard@large,2,100,10,68,p0.001,10,large
surfboard@large,2,150,10,68,p0.001,10,large
surfboard@medium,2,25,7,150,p0.001,10,medium
surfboard@medium,2,50,8,150,p0.001,10,medium
surfboard@medium,2,100,8,150,p0.001,10,medium
surfboard@medium,2,150,8,150,p0.001,10,medium
surfboard@small,2,25,10,18,p0.001,10,small
surfboard@small,2,50,10,18,p0.001,10,small
surfboard@small,2,100,10,18,p0.001,10,small
surfboard@small,2,150,10,18,p0.001,10,small
tennis racket@large,2,25,9,150,p0.001,10,large
tennis racket@large,2,50,9,150,p0.001,10,large
tennis racket@large,2,100,9,150,p0.001,10,large
tennis racket@large,2,150,9,150,p0.001,10,large
tennis racket@medium,2,25,10,14,p0.001,10,medium
tennis racket@medium,2,50,10,14,p0.001,10,medium
tennis racket@medium,2,100,10,14,p0.001,10,medium
tennis racket@medium,2,150,10,14,p0.001,10,medium
tennis racket@small,2,25,10,18,p0.001,10,small
tennis racket@small,2,50,10,18,p0.001,10,small
tennis racket@small,2,100,10,18,p0.001,10,small
tennis racket@small,2,150,10,18,p0.001,10,small
tie@large,2,25,7,150,p0.001,10,large
tie@large,2,50,7,150,p0.001,10,large
tie@large,2,100,7,150,p0.001,10,large
tie@large,2,150,8,150,p0.001,10,large
tie@medium,2,25,4,150,p0.001,10,medium
tie@medium,2,50,5,150,p0.001,10,medium
tie@medium,2,100,6,150,p0.001,10,medium
tie@medium,2,150,6,150,p0.001,10,medium
tie@small,2,25,1,150,p0.001,10,small
tie@small,2,50,1,150,p0.001,10,small
tie@small,2,100,3,150,p0.001,10,small
tie@small,2,150,3,150,p0.001,10,small
toothbrush@large,2,25,10,14,p0.001,10,large
toothbrush@large,2,50,10,14,p0.001,10,large
toothbrush@large,2,100,10,14,p0.001,10,large
toothbrush@large,2,150,10,14,p0.001,10,large
toothbrush@medium,2,25,9,31,p0.001,10,medium
toothbrush@medium,2,50,10,31,p0.001,10,medium
toothbrush@medium,2,100,10,31,p0.001,10,medium
toothbrush@medium,2,150,10,31,p0.001,10,medium
toothbrush@small,2,25,1,150,p0.001,10,small
toothbrush@small,2,50,1,150,p0.001,10,small
toothbrush@small,2,100,1,150,p0.001,10,small
toothbrush@small,2,150,2,150,p0.001,10,small
traffic light@large,2,25,6,150,p0.001,10,large
traffic light@large,2,50,6,150,p0.001,10,large
traffic light@large,2,100,7,150,p0.001,10,large
traffic light@large,2,150,8,150,p0.001,10,large
traffic light@medium,2,25,4,150,p0.001,10,medium
traffic light@medium,2,50,5,150,p0.001,10,medium
traffic light@medium,2,100,6,150,p0.001,10,medium
traffic light@medium,2,150,6,150,p0.001,10,medium
traffic light@small,2,25,4,150,p0.001,10,small
traffic light@small,2,50,5,150,p0.001,10,small
traffic light@small,2,100,6,150,p0.001,10,small
traffic light@small,2,150,6,150,p0.001,10,small
tv@large,2,25,1,150,p0.001,10,large
tv@large,2,50,4,150,p0.001,10,large
tv@large,2,100,4,150,p0.001,10,large
tv@large,2,150,4,150,p0.001,10,large
tv@medium,2,25,3,150,p0.001,10,medium
tv@medium,2,50,3,150,p0.001,10,medium
tv@medium,2,100,4,150,p0.001,10,medium
tv@medium,2,150,5,150,p0.001,10,medium
tv@small,2,25,0,150,p0.001,10,small
tv@small,2,50,0,150,p0.001,10,small
tv@small,2,100,0,150,p0.001,10,small
tv@small,2,150,0,150,p0.001,10,small
umbrella@large,2,25,9,65,p0.001,10,large
umbrella@large,2,50,9,65,p0.001,10,large
umbrella@large,2,100,10,65,p0.001,10,large
umbrella@large,2,150,10,65,p0.001,10,large
umbrella@medium,2,25,5,150,p0.001,10,medium
umbrella@medium,2,50,5,150,p0.001,10,medium
umbrella@medium,2,100,6,150,p0.001,10,medium
umbrella@medium,2,150,7,150,p0.001,10,medium
umbrella@small,2,25,0,150,p0.001,10,small
umbrella@small,2,50,2,150,p0.001,10,small
umbrella@small,2,100,2,150,p0.001,10,small
umbrella@small,2,150,4,150,p0.001,10,small
vase or potted plant@large,2,25,10,14,p0.001,10,large
vase or potted plant@large,2,50,10,14,p0.001,10,large
vase or potted plant@large,2,100,10,14,p0.001,10,large
vase or potted plant@large,2,150,10,14,p0.001,10,large
vase or potted plant@medium,2,25,1,150,p0.001,10,medium
vase or potted plant@medium,2,50,1,150,p0.001,10,medium
vase or potted plant@medium,2,100,2,150,p0.001,10,medium
vase or potted plant@medium,2,150,2,150,p0.001,10,medium
vase or potted plant@small,2,25,0,150,p0.001,10,small
vase or potted plant@small,2,50,0,150,p0.001,10,small
vase or potted plant@small,2,100,1,150,p0.001,10,small
vase or potted plant@small,2,150,1,150,p0.001,10,small
airplane@large,3,25,10,14,p0.001,10,large
airplane@large,3,50,10,14,p0.001,10,large
airplane@large,3,100,10,14,p0.001,10,large
airplane@large,3,150,10,14,p0.001,10,large
airplane@medium,3,25,10,14,p0.001,10,medium
airplane@medium,3,50,10,14,p0.001,10,medium
airplane@medium,3,100,10,14,p0.001,10,medium
airplane@medium,3,150,10,14,p0.001,10,medium
airplane@small,3,25,10,15,p0.001,10,small
airplane@small,3,50,10,15,p0.001,10,small
airplane@small,3,100,11,15,p0.001,10,small
airplane@small,3,150,11,15,p0.001,10,small
apple@large,3,25,8,89,p0.001,10,large
apple@large,3,50,8,89,p0.001,10,large
apple@large,3,100,10,89,p0.001,10,large
apple@large,3,150,10,89,p0.001,10,large
apple@medium,3,25,2,150,p0.001,10,medium
apple@medium,3,50,2,150,p0.001,10,medium
apple@medium,3,100,2,150,p0.001,10,medium
apple@medium,3,150,5,150,p0.001,10,medium
bag or luggage@large,3,25,10,19,p0.001,10,large
bag or luggage@large,3,50,10,19,p0.001,10,large
bag or luggage@large,3,100,10,19,p0.001,10,large
bag or luggage@large,3,150,10,19,p0.001,10,large
bag or luggage@medium,3,25,0,150,p0.001,10,medium
bag or luggage@medium,3,50,0,150,p0.001,10,medium
bag or luggage@medium,3,100,1,150,p0.001,10,medium
bag or luggage@medium,3,150,1,150,p0.001,10,medium
bag or luggage@small,3,25,0,150,p0.001,10,small
bag or luggage@small,3,50,1,150,p0.001,10,small
bag or luggage@small,3,100,1,150,p0.001,10,small
bag or luggage@small,3,150,1,150,p0.001,10,small
banana@large,3,25,11,14,p0.001,10,large
banana@large,3,50,11,14,p0.001,10,large
banana@large,3,100,11,14,p0.001,10,large
banana@large,3,150,11,14,p0.001,10,large
banana@medium,3,25,5,150,p0.001,10,medium
banana@medium,3,50,5,150,p0.001,10,medium
banana@medium,3,100,7,150,p0.001,10,medium
banana@medium,3,150,7,150,p0.001,10,medium
baseball bat@large,3,25,9,150,p0.001,10,large
baseball bat@large,3,50,9,150,p0.001,10,large
baseball bat@large,3,100,9,150,p0.001,10,large
baseball bat@large,3,150,9,150,p0.001,10,large
baseball bat@medium,3,25,10,14,p0.001,10,medium
baseball bat@medium,3,50,10,14,p0.001,10,medium
baseball bat@medium,3,100,10,14,p0.001,10,medium
baseball bat@medium,3,150,10,14,p0.001,10,medium
baseball bat@small,3,25,10,17,p0.001,10,small
baseball bat@small,3,50,11,17,p0.001,10,small
baseball bat@small,3,100,11,17,p0.001,10,small
baseball bat@small,3,150,11,17,p0.001,10,small
bench@large,3,25,8,150,p0.001,10,large
bench@large,3,50,9,150,p0.001,10,large
bench@large,3,100,9,150,p0.001,10,large
bench@large,3,150,9,150,p0.001,10,large
bench@medium,3,25,1,150,p0.001,10,medium
bench@medium,3,50,1,150,p0.001,10,medium
bench@medium,3,100,2,150,p0.001,10,medium
bench@medium,3,150,2,150,p0.001,10,medium
bench@small,3,25,1,150,p0.001,10,small
bench@small,3,50,1,150,p0.001,10,small
bench@small,3,100,1,150,p0.001,10,small
bench@small,3,150,1,150,p0.001,10,small
bicycle@large,3,25,8,150,p0.001,10,large
bicycle@large,3,50,8,150,p0.001,10,large
bicycle@large,3,100,8,150,p0.001,10,large
bicycle@large,3,150,8,150,p0.001,10,large
bicycle@medium,3,25,2,150,p0.001,10,medium
bicycle@medium,3,50,2,150,p0.001,10,medium
bicycle@medium,3,100,3,150,p0.001,10,medium
bicycle@medium,3,150,3,150,p0.001,10,medium
bicycle@small,3,25,1,150,p0.001,10,small
bicycle@small,3,50,1,150,p0.001,10,small
bicycle@small,3,100,2,150,p0.001,10,small
bicycle@small,3,150,2,150,p0.001,10,small
bird@large,3,25,8,150,p0.001,10,large
bird@large,3,50,8,150,p0.001,10,large
bird@large,3,100,9,150,p0.001,10,large
bird@large,3,150,9,150,p0.001,10,large
bird@medium,3,25,7,43,p0.001,10,medium
bird@medium,3,50,10,43,p0.001,10,medium
bird@medium,3,100,10,43,p0.001,10,medium
bird@medium,3,150,10,43,p0.001,10,medium
bird@small,3,25,3,150,p0.001,10,small
bird@small,3,50,3,150,p0.001,10,small
bird@small,3,100,5,150,p0.001,10,small
bird@small,3,150,6,150,p0.001,10,small
boat@large,3,25,8,51,p0.001,10,large
boat@large,3,50,9,51,p0.001,10,large
boat@large,3,100,10,51,p0.001,10,large
boat@large,3,150,10,51,p0.001,10,large
boat@medium,3,25,6,97,p0.001,10,medium
boat@medium,3,50,8,97,p0.001,10,medium
boat@medium,3,100,10,97,p0.001,10,medium
boat@medium,3,150,10,97,p0.001,10,medium
boat@small,3,25,1,150,p0.001,10,small
boat@small,3,50,2,150,p0.001,10,small
boat@small,3,100,3,150,p0.001,10,small
boat@small,3,150,4,150,p0.001,10,small
book@large,3,25,5,150,p0.001,10,large
book@large,3,50,7,150,p0.001,10,large
book@large,3,100,7,150,p0.001,10,large
book@large,3,150,7,150,p0.001,10,large
book@medium,3,25,1,150,p0.001,10,medium
book@medium,3,50,1,150,p0.001,10,medium
book@medium,3,100,1,150,p0.001,10,medium
book@medium,3,150,1,150,p0.001,10,medium
book@small,3,25,1,150,p0.001,10,small
book@small,3,50,1,150,p0.001,10,small
book@small,3,100,1,150,p0.001,10,small
book@small,3,150,2,150,p0.001,10,small
bottle@large,3,25,5,150,p0.001,10,large
bottle@large,3,50,6,150,p0.001,10,large
bottle@large,3,100,7,150,p0.001,10,large
bottle@large,3,150,7,150,p0.001,10,large
bottle@medium,3,25,1,150,p0.001,10,medium
bottle@medium,3,50,2,150,p0.001,10,medium
bottle@medium,3,100,2,150,p0.001,10,medium
bottle@medium,3,150,3,150,p0.001,10,medium
bottle@small,3,25,0,150,p0.001,10,small
bottle@small,3,50,0,150,p0.001,10,small
bottle@small,3,100,0,150,p0.001,10,small
bottle@small,3,150,0,150,p0.001,10,small
bowl@large,3,25,1,150,p0.001,10,large
bowl@large,3,50,1,150,p0.001,10,large
bowl@large,3,100,2,150,p0.001,10,large
bowl@large,3,150,2,150,p0.001,10,large
bowl@medium,3,25,0,150,p0.001,10,medium
bowl@medium,3,50,0,150,p0.001,10,medium
bowl@medium,3,100,0,150,p0.001,10,medium
bowl@medium,3,150,0,150,p0.001,10,medium
bowl@small,3,25,0,150,p0.001,10,small
bowl@small,3,50,0,150,p0.001,10,small
bowl@small,3,100,0,150,p0.001,10,small
bowl@small,3,150,0,150,p0.001,10,small
bus@large,3,25,7,150,p0.001,10,large
bus@large,3,50,7,150,p0.001,10,large
bus@large,3,100,7,150,p0.001,10,large
bus@large,3,150,7,150,p0.001,10,large
bus@medium,3,25,2,150,p0.001,10,medium
bus@medium,3,50,2,150,p0.001,10,medium
bus@medium,3,100,4,150,p0.001,10,medium
bus@medium,3,150,4,150,p0.001,10,medium
bus@small,3,25,0,150,p0.001,10,small
bus@small,3,50,0,150,p0.001,10,small
bus@small,3,100,1,150,p0.001,10,small
bus@small,3,150,2,150,p0.001,10,small
cell phone@large,3,25,10,25,p0.001,10,large
cell phone@large,3,50,10,25,p0.001,10,large
cell phone@large,3,100,10,25,p0.001,10,large
cell phone@large,3,150,10,25,p0.001,10,large
cell phone@medium,3,25,4,150,p0.001,10,medium
cell phone@medium,3,50,5,150,p0.001,10,medium
cell phone@medium,3,100,7,150,p0.001,10,medium
cell phone@medium,3,150,7,150,p0.001,10,medium
cell phone@small,3,25,0,150,p0.001,10,small
cell phone@small,3,50,0,150,p0.001,10,small
cell phone@small,3,100,0,150,p0.001,10,small
cell phone@small,3,150,0,150,p0.001,10,small
chair@large,3,25,1,150,p0.001,10,large
chair@large,3,50,3,150,p0.001,10,large
chair@large,3,100,4,150,p0.001,10,large
chair@large,3,150,4,150,p0.001,10,large
chair@medium,3,25,0,150,p0.001,10,medium
chair@medium,3,50,0,150,p0.001,10,medium
chair@medium,3,100,0,150,p0.001,10,medium
chair@medium,3,150,0,150,p0.001,10,medium
chair@small,3,25,0,150,p0.001,10,small
chair@small,3,50,0,150,p0.001,10,small
chair@small,3,100,0,150,p0.001,10,small
chair@small,3,150,0,150,p0.001,10,small
clock@large,3,25,10,14,p0.001,10,large
clock@large,3,50,10,14,p0.001,10,large
clock@large,3,100,10,14,p0.001,10,large
clock@large,3,150,10,14,p0.001,10,large
clock@medium,3,25,7,150,p0.001,10,medium
clock@medium,3,50,7,150,p0.001,10,medium
clock@medium,3,100,7,150,p0.001,10,medium
clock@medium,3,150,7,150,p0.001,10,medium
clock@small,3,25,2,150,p0.001,10,small
clock@small,3,50,2,150,p0.001,10,small
clock@small,3,100,2,150,p0.001,10,small
clock@small,3,150,2,150,p0.001,10,small
dining table@large,3,25,5,150,p0.001,10,large
dining table@large,3,50,6,150,p0.001,10,large
dining table@large,3,100,7,150,p0.001,10,large
dining table@large,3,150,7,150,p0.001,10,large
dining table@medium,3,25,4,150,p0.001,10,medium
dining table@medium,3,50,5,150,p0.001,10,medium
dining table@medium,3,100,5,150,p0.001,10,medium
dining table@medium,3,150,5,150,p0.001,10,medium
dining table@small,3,25,0,150,p0.001,10,small
dining table@small,3,50,0,150,p0.001,10,small
dining table@small,3,100,0,150,p0.001,10,small
dining table@small,3,150,0,150,p0.001,10,small
dog@large,3,25,7,32,p0.001,10,large
dog@large,3,50,10,32,p0.001,10,large
dog@large,3,100,10,32,p0.001,10,large
dog@large,3,150,10,32,p0.001,10,large
dog@medium,3,25,2,150,p0.001,10,medium
dog@medium,3,50,3,150,p0.001,10,medium
dog@medium,3,100,3,150,p0.001,10,medium
dog@medium,3,150,5,150,p0.001,10,medium
dog@small,3,25,0,150,p0.001,10,small
dog@small,3,50,0,150,p0.001,10,small
dog@small,3,100,0,150,p0.001,10,small
dog@small,3,150,1,150,p0.001,10,small
enclosed road vehicle@large,3,25,5,150,p0.001,10,large
enclosed road vehicle@large,3,50,7,150,p0.001,10,large
enclosed road vehicle@large,3,100,7,150,p0.001,10,large
enclosed road vehicle@large,3,150,7,150,p0.001,10,large
enclosed road vehicle@medium,3,25,0,150,p0.001,10,medium
enclosed road vehicle@medium,3,50,2,150,p0.001,10,medium
enclosed road vehicle@medium,3,100,2,150,p0.001,10,medium
enclosed road vehicle@medium,3,150,2,150,p0.001,10,medium
enclosed road vehicle@small,3,25,0,150,p0.001,10,small
enclosed road vehicle@small,3,50,0,150,p0.001,10,small
enclosed road vehicle@small,3,100,0,150,p0.001,10,small
enclosed road vehicle@small,3,150,1,150,p0.001,10,small
fire hydrant@large,3,25,10,14,p0.001,10,large
fire hydrant@large,3,50,10,14,p0.001,10,large
fire hydrant@large,3,100,10,14,p0.001,10,large
fire hydrant@large,3,150,10,14,p0.001,10,large
fire hydrant@medium,3,25,7,150,p0.001,10,medium
fire hydrant@medium,3,50,7,150,p0.001,10,medium
fire hydrant@medium,3,100,8,150,p0.001,10,medium
fire hydrant@medium,3,150,8,150,p0.001,10,medium
fire hydrant@small,3,25,0,150,p0.001,10,small
fire hydrant@small,3,50,0,150,p0.001,10,small
fire hydrant@small,3,100,0,150,p0.001,10,small
fire hydrant@small,3,150,1,150,p0.001,10,small
fork@large,3,25,0,150,p0.001,10,large
fork@large,3,50,0,150,p0.001,10,large
fork@large,3,100,1,150,p0.001,10,large
fork@large,3,150,2,150,p0.001,10,large
fork@medium,3,25,1,150,p0.001,10,medium
fork@medium,3,50,1,150,p0.001,10,medium
fork@medium,3,100,2,150,p0.001,10,medium
fork@medium,3,150,3,150,p0.001,10,medium
fork@small,3,25,1,150,p0.001,10,small
fork@small,3,50,1,150,p0.001,10,small
fork@small,3,100,1,150,p0.001,10,small
fork@small,3,150,2,150,p0.001,10,small
frisbee@large,3,25,6,150,p0.001,10,large
frisbee@large,3,50,7,150,p0.001,10,large
frisbee@large,3,100,9,150,p0.001,10,large
frisbee@large,3,150,9,150,p0.001,10,large
frisbee@medium,3,25,8,45,p0.001,10,medium
frisbee@medium,3,50,10,45,p0.001,10,medium
frisbee@medium,3,100,10,45,p0.001,10,medium
frisbee@medium,3,150,10,45,p0.001,10,medium
frisbee@small,3,25,4,150,p0.001,10,small
frisbee@small,3,50,4,150,p0.001,10,small
frisbee@small,3,100,7,150,p0.001,10,small
frisbee@small,3,150,7,150,p0.001,10,small
keyboard@large,3,25,3,150,p0.001,10,large
keyboard@large,3,50,5,150,p0.001,10,large
keyboard@large,3,100,5,150,p0.001,10,large
keyboard@large,3,150,5,150,p0.001,10,large
keyboard@medium,3,25,2,150,p0.001,10,medium
keyboard@medium,3,50,3,150,p0.001,10,medium
keyboard@medium,3,100,4,150,p0.001,10,medium
keyboard@medium,3,150,8,150,p0.001,10,medium
keyboard@small,3,25,0,150,p0.001,10,small
keyboard@small,3,50,0,150,p0.001,10,small
keyboard@small,3,100,2,150,p0.001,10,small
keyboard@small,3,150,3,150,p0.001,10,small
kite@large,3,25,8,33,p0.001,10,large
kite@large,3,50,10,33,p0.001,10,large
kite@large,3,100,10,33,p0.001,10,large
kite@large,3,150,10,33,p0.001,10,large
kite@medium,3,25,7,36,p0.001,10,medium
kite@medium,3,50,10,36,p0.001,10,medium
kite@medium,3,100,10,36,p0.001,10,medium
kite@medium,3,150,10,36,p0.001,10,medium
kite@small,3,25,7,107,p0.001,10,small
kite@small,3,50,8,107,p0.001,10,small
kite@small,3,100,9,107,p0.001,10,small
kite@small,3,150,10,107,p0.001,10,small
knife@large,3,25,1,150,p0.001,10,large
knife@large,3,50,2,150,p0.001,10,large
knife@large,3,100,3,150,p0.001,10,large
knife@large,3,150,3,150,p0.001,10,large
knife@medium,3,25,1,150,p0.001,10,medium
knife@medium,3,50,1,150,p0.001,10,medium
knife@medium,3,100,1,150,p0.001,10,medium
knife@medium,3,150,1,150,p0.001,10,medium
knife@small,3,25,0,150,p0.001,10,small
knife@small,3,50,0,150,p0.001,10,small
knife@small,3,100,0,150,p0.001,10,small
knife@small,3,150,0,150,p0.001,10,small
laptop@large,3,25,9,55,p0.001,10,large
laptop@large,3,50,9,55,p0.001,10,large
laptop@large,3,100,10,55,p0.001,10,large
laptop@large,3,150,10,55,p0.001,10,large
laptop@medium,3,25,0,150,p0.001,10,medium
laptop@medium,3,50,0,150,p0.001,10,medium
laptop@medium,3,100,2,150,p0.001,10,medium
laptop@medium,3,150,6,150,p0.001,10,medium
laptop@small,3,25,0,150,p0.001,10,small
laptop@small,3,50,0,150,p0.001,10,small
laptop@small,3,100,0,150,p0.001,10,small
laptop@small,3,150,0,150,p0.001,10,small
microwave@large,3,25,9,30,p0.001,10,large
microwave@large,3,50,10,30,p0.001,10,large
microwave@large,3,100,10,30,p0.001,10,large
microwave@large,3,150,10,30,p0.001,10,large
microwave@medium,3,25,1,150,p0.001,10,medium
microwave@medium,3,50,2,150,p0.001,10,medium
microwave@medium,3,100,4,150,p0.001,10,medium
microwave@medium,3,150,4,150,p0.001,10,medium
microwave@small,3,25,0,150,p0.001,10,small
microwave@small,3,50,0,150,p0.001,10,small
microwave@small,3,100,0,150,p0.001,10,small
microwave@small,3,150,1,150,p0.001,10,small
motorcycle@large,3,25,11,14,p0.001,10,large
motorcycle@large,3,50,11,14,p0.001,10,large
motorcycle@large,3,100,11,14,p0.001,10,large
motorcycle@large,3,150,11,14,p0.001,10,large
motorcycle@medium,3,25,4,150,p0.001,10,medium
motorcycle@medium,3,50,5,150,p0.001,10,medium
motorcycle@medium,3,100,5,150,p0.001,10,medium
motorcycle@medium,3,150,7,150,p0.001,10,medium
motorcycle@small,3,25,0,150,p0.001,10,small
motorcycle@small,3,50,0,150,p0.001,10,small
motorcycle@small,3,100,1,150,p0.001,10,small
motorcycle@small,3,150,1,150,p0.001,10,small
mouse@large,3,25,10,14,p0.001,10,large
mouse@large,3,50,10,14,p0.001,10,large
mouse@large,3,100,10,14,p0.001,10,large
mouse@large,3,150,10,14,p0.001,10,large
mouse@medium,3,25,6,55,p0.001,10,medium
mouse@medium,3,50,9,55,p0.001,10,medium
mouse@medium,3,100,10,55,p0.001,10,medium
mouse@medium,3,150,10,55,p0.001,10,medium
mouse@small,3,25,0,150,p0.001,10,small
mouse@small,3,50,0,150,p0.001,10,small
mouse@small,3,100,1,150,p0.001,10,small
mouse@small,3,150,2,150,p0.001,10,small
orange@large,3,25,7,150,p0.001,10,large
orange@large,3,50,7,150,p0.001,10,large
orange@large,3,100,8,150,p0.001,10,large
orange@large,3,150,8,150,p0.001,10,large
orange@medium,3,25,2,150,p0.001,10,medium
orange@medium,3,50,2,150,p0.001,10,medium
orange@medium,3,100,3,150,p0.001,10,medium
orange@medium,3,150,3,150,p0.001,10,medium
parking meter@large,3,25,10,14,p0.001,10,large
parking meter@large,3,50,10,14,p0.001,10,large
parking meter@large,3,100,10,14,p0.001,10,large
parking meter@large,3,150,10,14,p0.001,10,large
parking meter@medium,3,25,5,150,p0.001,10,medium
parking meter@medium,3,50,5,150,p0.001,10,medium
parking meter@medium,3,100,6,150,p0.001,10,medium
parking meter@medium,3,150,7,150,p0.001,10,medium
parking meter@small,3,25,1,150,p0.001,10,small
parking meter@small,3,50,1,150,p0.001,10,small
parking meter@small,3,100,1,150,p0.001,10,small
parking meter@small,3,150,2,150,p0.001,10,small
person@large,3,25,1,150,p0.001,10,large
person@large,3,50,1,150,p0.001,10,large
person@large,3,100,3,150,p0.001,10,large
person@large,3,150,5,150,p0.001,10,large
person@medium,3,25,0,150,p0.001,10,medium
person@medium,3,50,0,150,p0.001,10,medium
person@medium,3,100,0,150,p0.001,10,medium
person@medium,3,150,0,150,p0.001,10,medium
person@small,3,25,0,150,p0.001,10,small
person@small,3,50,0,150,p0.001,10,small
person@small,3,100,0,150,p0.001,10,small
person@small,3,150,0,150,p0.001,10,small
remote@large,3,25,8,150,p0.001,10,large
remote@large,3,50,9,150,p0.001,10,large
remote@large,3,100,9,150,p0.001,10,large
remote@large,3,150,9,150,p0.001,10,large
remote@medium,3,25,1,150,p0.001,10,medium
remote@medium,3,50,3,150,p0.001,10,medium
remote@medium,3,100,3,150,p0.001,10,medium
remote@medium,3,150,3,150,p0.001,10,medium
remote@small,3,25,0,150,p0.001,10,small
remote@small,3,50,2,150,p0.001,10,small
remote@small,3,100,2,150,p0.001,10,small
remote@small,3,150,2,150,p0.001,10,small
scissors@large,3,25,10,15,p0.001,10,large
scissors@large,3,50,10,15,p0.001,10,large
scissors@large,3,100,10,15,p0.001,10,large
scissors@large,3,150,10,15,p0.001,10,large
scissors@medium,3,25,4,150,p0.001,10,medium
scissors@medium,3,50,4,150,p0.001,10,medium
scissors@medium,3,100,5,150,p0.001,10,medium
scissors@medium,3,150,6,150,p0.001,10,medium
scissors@small,3,25,0,150,p0.001,10,small
scissors@small,3,50,1,150,p0.001,10,small
scissors@small,3,100,3,150,p0.001,10,small
scissors@small,3,150,4,150,p0.001,10,small
single serving drinking vessel@large,3,25,3,150,p0.001,10,large
single serving drinking vessel@large,3,50,4,150,p0.001,10,large
single serving drinking vessel@large,3,100,4,150,p0.001,10,large
single serving drinking vessel@large,3,150,4,150,p0.001,10,large
single serving drinking vessel@medium,3,25,2,150,p0.001,10,medium
single serving drinking vessel@medium,3,50,2,150,p0.001,10,medium
single serving drinking vessel@medium,3,100,2,150,p0.001,10,medium
single serving drinking vessel@medium,3,150,3,150,p0.001,10,medium
single serving drinking vessel@small,3,25,0,150,p0.001,10,small
single serving drinking vessel@small,3,50,0,150,p0.001,10,small
single serving drinking vessel@small,3,100,0,150,p0.001,10,small
single serving drinking vessel@small,3,150,1,150,p0.001,10,small
sink@large,3,25,3,150,p0.001,10,large
sink@large,3,50,4,150,p0.001,10,large
sink@large,3,100,6,150,p0.001,10,large
sink@large,3,150,7,150,p0.001,10,large
sink@medium,3,25,0,150,p0.001,10,medium
sink@medium,3,50,1,150,p0.001,10,medium
sink@medium,3,100,2,150,p0.001,10,medium
sink@medium,3,150,3,150,p0.001,10,medium
sink@small,3,25,0,150,p0.001,10,small
sink@small,3,50,1,150,p0.001,10,small
sink@small,3,100,1,150,p0.001,10,small
sink@small,3,150,1,150,p0.001,10,small
skateboard@large,3,25,10,14,p0.001,10,large
skateboard@large,3,50,10,14,p0.001,10,large
skateboard@large,3,100,10,14,p0.001,10,large
skateboard@large,3,150,10,14,p0.001,10,large
skateboard@medium,3,25,8,150,p0.001,10,medium
skateboard@medium,3,50,8,150,p0.001,10,medium
skateboard@medium,3,100,8,150,p0.001,10,medium
skateboard@medium,3,150,8,150,p0.001,10,medium
skateboard@small,3,25,6,150,p0.001,10,small
skateboard@small,3,50,7,150,p0.001,10,small
skateboard@small,3,100,9,150,p0.001,10,small
skateboard@small,3,150,9,150,p0.001,10,small
skis@large,3,25,6,150,p0.001,10,large
skis@large,3,50,7,150,p0.001,10,large
skis@large,3,100,9,150,p0.001,10,large
skis@large,3,150,9,150,p0.001,10,large
skis@medium,3,25,8,38,p0.001,10,medium
skis@medium,3,50,10,38,p0.001,10,medium
skis@medium,3,100,10,38,p0.001,10,medium
skis@medium,3,150,10,38,p0.001,10,medium
skis@small,3,25,2,150,p0.001,10,small
skis@small,3,50,5,150,p0.001,10,small
skis@small,3,100,6,150,p0.001,10,small
skis@small,3,150,6,150,p0.001,10,small
snowboard@large,3,25,9,48,p0.001,10,large
snowboard@large,3,50,10,48,p0.001,10,large
snowboard@large,3,100,10,48,p0.001,10,large
snowboard@large,3,150,10,48,p0.001,10,large
snowboard@medium,3,25,8,111,p0.001,10,medium
snowboard@medium,3,50,9,111,p0.001,10,medium
snowboard@medium,3,100,9,111,p0.001,10,medium
snowboard@medium,3,150,10,111,p0.001,10,medium
snowboard@small,3,25,8,57,p0.001,10,small
snowboard@small,3,50,9,57,p0.001,10,small
snowboard@small,3,100,10,57,p0.001,10,small
snowboard@small,3,150,10,57,p0.001,10,small
spoon@large,3,25,2,150,p0.001,10,large
spoon@large,3,50,2,150,p0.001,10,large
spoon@large,3,100,3,150,p0.001,10,large
spoon@large,3,150,5,150,p0.001,10,large
spoon@medium,3,25,0,150,p0.001,10,medium
spoon@medium,3,50,0,150,p0.001,10,medium
spoon@medium,3,100,2,150,p0.001,10,medium
spoon@medium,3,150,2,150,p0.001,10,medium
spoon@small,3,25,0,150,p0.001,10,small
spoon@small,3,50,0,150,p0.001,10,small
spoon@small,3,100,0,150,p0.001,10,small
spoon@small,3,150,0,150,p0.001,10,small
stop sign@large,3,25,11,14,p0.001,10,large
stop sign@large,3,50,11,14,p0.001,10,large
stop sign@large,3,100,11,14,p0.001,10,large
stop sign@large,3,150,11,14,p0.001,10,large
stop sign@medium,3,25,2,150,p0.001,10,medium
stop sign@medium,3,50,4,150,p0.001,10,medium
stop sign@medium,3,100,7,150,p0.001,10,medium
stop sign@medium,3,150,7,150,p0.001,10,medium
stop sign@small,3,25,0,150,p0.001,10,small
stop sign@small,3,50,0,150,p0.001,10,small
stop sign@small,3,100,0,150,p0.001,10,small
stop sign@small,3,150,0,150,p0.001,10,small
surfboard@large,3,25,8,150,p0.001,10,large
surfboard@large,3,50,8,150,p0.001,10,large
surfboard@large,3,100,8,150,p0.001,10,large
surfboard@large,3,150,8,150,p0.001,10,large
surfboard@medium,3,25,10,15,p0.001,10,medium
surfboard@medium,3,50,11,15,p0.001,10,medium
surfboard@medium,3,100,11,15,p0.001,10,medium
surfboard@medium,3,150,11,15,p0.001,10,medium
surfboard@small,3,25,10,21,p0.001,10,small
surfboard@small,3,50,10,21,p0.001,10,small
surfboard@small,3,100,10,21,p0.001,10,small
surfboard@small,3,150,10,21,p0.001,10,small
tennis racket@large,3,25,10,14,p0.001,10,large
tennis racket@large,3,50,10,14,p0.001,10,large
tennis racket@large,3,100,10,14,p0.001,10,large
tennis racket@large,3,150,10,14,p0.001,10,large
tennis racket@medium,3,25,10,15,p0.001,10,medium
tennis racket@medium,3,50,10,15,p0.001,10,medium
tennis racket@medium,3,100,10,15,p0.001,10,medium
tennis racket@medium,3,150,10,15,p0.001,10,medium
tennis racket@small,3,25,9,30,p0.001,10,small
tennis racket@small,3,50,10,30,p0.001,10,small
tennis racket@small,3,100,10,30,p0.001,10,small
tennis racket@small,3,150,10,30,p0.001,10,small
tie@large,3,25,8,150,p0.001,10,large
tie@large,3,50,8,150,p0.001,10,large
tie@large,3,100,8,150,p0.001,10,large
tie@large,3,150,8,150,p0.001,10,large
tie@medium,3,25,6,150,p0.001,10,medium
tie@medium,3,50,6,150,p0.001,10,medium
tie@medium,3,100,7,150,p0.001,10,medium
tie@medium,3,150,7,150,p0.001,10,medium
tie@small,3,25,0,150,p0.001,10,small
tie@small,3,50,0,150,p0.001,10,small
tie@small,3,100,0,150,p0.001,10,small
tie@small,3,150,0,150,p0.001,10,small
toothbrush@large,3,25,10,14,p0.001,10,large
toothbrush@large,3,50,10,14,p0.001,10,large
toothbrush@large,3,100,10,14,p0.001,10,large
toothbrush@large,3,150,10,14,p0.001,10,large
toothbrush@medium,3,25,8,117,p0.001,10,medium
toothbrush@medium,3,50,9,117,p0.001,10,medium
toothbrush@medium,3,100,9,117,p0.001,10,medium
toothbrush@medium,3,150,10,117,p0.001,10,medium
toothbrush@small,3,25,1,150,p0.001,10,small
toothbrush@small,3,50,1,150,p0.001,10,small
toothbrush@small,3,100,2,150,p0.001,10,small
toothbrush@small,3,150,2,150,p0.001,10,small
traffic light@large,3,25,8,150,p0.001,10,large
traffic light@large,3,50,8,150,p0.001,10,large
traffic light@large,3,100,8,150,p0.001,10,large
traffic light@large,3,150,8,150,p0.001,10,large
traffic light@medium,3,25,5,150,p0.001,10,medium
traffic light@medium,3,50,5,150,p0.001,10,medium
traffic light@medium,3,100,6,150,p0.001,10,medium
traffic light@medium,3,150,7,150,p0.001,10,medium
traffic light@small,3,25,1,150,p0.001,10,small
traffic light@small,3,50,2,150,p0.001,10,small
traffic light@small,3,100,3,150,p0.001,10,small
traffic light@small,3,150,6,150,p0.001,10,small
tv@large,3,25,8,150,p0.001,10,large
tv@large,3,50,8,150,p0.001,10,large
tv@large,3,100,9,150,p0.001,10,large
tv@large,3,150,9,150,p0.001,10,large
tv@medium,3,25,0,150,p0.001,10,medium
tv@medium,3,50,1,150,p0.001,10,medium
tv@medium,3,100,2,150,p0.001,10,medium
tv@medium,3,150,2,150,p0.001,10,medium
tv@small,3,25,0,150,p0.001,10,small
tv@small,3,50,0,150,p0.001,10,small
tv@small,3,100,0,150,p0.001,10,small
tv@small,3,150,0,150,p0.001,10,small
umbrella@large,3,25,11,15,p0.001,10,large
umbrella@large,3,50,11,15,p0.001,10,large
umbrella@large,3,100,11,15,p0.001,10,large
umbrella@large,3,150,11,15,p0.001,10,large
umbrella@medium,3,25,3,150,p0.001,10,medium
umbrella@medium,3,50,3,150,p0.001,10,medium
umbrella@medium,3,100,3,150,p0.001,10,medium
umbrella@medium,3,150,3,150,p0.001,10,medium
umbrella@small,3,25,1,150,p0.001,10,small
umbrella@small,3,50,1,150,p0.001,10,small
umbrella@small,3,100,1,150,p0.001,10,small
umbrella@small,3,150,1,150,p0.001,10,small
vase or potted plant@large,3,25,6,150,p0.001,10,large
vase or potted plant@large,3,50,6,150,p0.001,10,large
vase or potted plant@large,3,100,7,150,p0.001,10,large
vase or potted plant@large,3,150,7,150,p0.001,10,large
vase or potted plant@medium,3,25,2,150,p0.001,10,medium
vase or potted plant@medium,3,50,3,150,p0.001,10,medium
vase or potted plant@medium,3,100,3,150,p0.001,10,medium
vase or potted plant@medium,3,150,4,150,p0.001,10,medium
vase or potted plant@small,3,25,0,150,p0.001,10,small
vase or potted plant@small,3,50,0,150,p0.001,10,small
vase or potted plant@small,3,100,1,150,p0.001,10,small
vase or potted plant@small,3,150,1,150,p0.001,10,small
airplane@large,4,25,11,14,p0.001,10,large
airplane@large,4,50,11,14,p0.001,10,large
airplane@large,4,100,11,14,p0.001,10,large
airplane@large,4,150,11,14,p0.001,10,large
airplane@medium,4,25,8,38,p0.001,10,medium
airplane@medium,4,50,10,38,p0.001,10,medium
airplane@medium,4,100,10,38,p0.001,10,medium
airplane@medium,4,150,10,38,p0.001,10,medium
airplane@small,4,25,8,55,p0.001,10,small
airplane@small,4,50,8,55,p0.001,10,small
airplane@small,4,100,10,55,p0.001,10,small
airplane@small,4,150,10,55,p0.001,10,small
apple@large,4,25,4,150,p0.001,10,large
apple@large,4,50,5,150,p0.001,10,large
apple@large,4,100,6,150,p0.001,10,large
apple@large,4,150,6,150,p0.001,10,large
apple@medium,4,25,6,150,p0.001,10,medium
apple@medium,4,50,6,150,p0.001,10,medium
apple@medium,4,100,8,150,p0.001,10,medium
apple@medium,4,150,8,150,p0.001,10,medium
bag or luggage@large,4,25,7,150,p0.001,10,large
bag or luggage@large,4,50,7,150,p0.001,10,large
bag or luggage@large,4,100,7,150,p0.001,10,large
bag or luggage@large,4,150,7,150,p0.001,10,large
bag or luggage@medium,4,25,3,150,p0.001,10,medium
bag or luggage@medium,4,50,4,150,p0.001,10,medium
bag or luggage@medium,4,100,4,150,p0.001,10,medium
bag or luggage@medium,4,150,6,150,p0.001,10,medium
bag or luggage@small,4,25,0,150,p0.001,10,small
bag or luggage@small,4,50,0,150,p0.001,10,small
bag or luggage@small,4,100,0,150,p0.001,10,small
bag or luggage@small,4,150,0,150,p0.001,10,small
banana@large,4,25,9,150,p0.001,10,large
banana@large,4,50,9,150,p0.001,10,large
banana@large,4,100,9,150,p0.001,10,large
banana@large,4,150,9,150,p0.001,10,large
banana@medium,4,25,5,150,p0.001,10,medium
banana@medium,4,50,6,150,p0.001,10,medium
banana@medium,4,100,6,150,p0.001,10,medium
banana@medium,4,150,6,150,p0.001,10,medium
baseball bat@large,4,25,10,14,p0.001,10,large
baseball bat@large,4,50,10,14,p0.001,10,large
baseball bat@large,4,100,10,14,p0.001,10,large
baseball bat@large,4,150,10,14,p0.001,10,large
baseball bat@medium,4,25,10,14,p0.001,10,medium
baseball bat@medium,4,50,10,14,p0.001,10,medium
baseball bat@medium,4,100,10,14,p0.001,10,medium
baseball bat@medium,4,150,10,14,p0.001,10,medium
baseball bat@small,4,25,13,15,p0.001,10,small
baseball bat@small,4,50,13,15,p0.001,10,small
baseball bat@small,4,100,13,15,p0.001,10,small
baseball bat@small,4,150,13,15,p0.001,10,small
bench@large,4,25,5,150,p0.001,10,large
bench@large,4,50,7,150,p0.001,10,large
bench@large,4,100,8,150,p0.001,10,large
bench@large,4,150,8,150,p0.001,10,large
bench@medium,4,25,1,150,p0.001,10,medium
bench@medium,4,50,1,150,p0.001,10,medium
bench@medium,4,100,1,150,p0.001,10,medium
bench@medium,4,150,1,150,p0.001,10,medium
bench@small,4,25,0,150,p0.001,10,small
bench@small,4,50,0,150,p0.001,10,small
bench@small,4,100,0,150,p0.001,10,small
bench@small,4,150,0,150,p0.001,10,small
bicycle@large,4,25,8,114,p0.001,10,large
bicycle@large,4,50,8,114,p0.001,10,large
bicycle@large,4,100,9,114,p0.001,10,large
bicycle@large,4,150,10,114,p0.001,10,large
bicycle@medium,4,25,3,150,p0.001,10,medium
bicycle@medium,4,50,4,150,p0.001,10,medium
bicycle@medium,4,100,4,150,p0.001,10,medium
bicycle@medium,4,150,5,150,p0.001,10,medium
bicycle@small,4,25,1,150,p0.001,10,small
bicycle@small,4,50,2,150,p0.001,10,small
bicycle@small,4,100,2,150,p0.001,10,small
bicycle@small,4,150,3,150,p0.001,10,small
bird@large,4,25,9,67,p0.001,10,large
bird@large,4,50,9,67,p0.001,10,large
bird@large,4,100,10,67,p0.001,10,large
bird@large,4,150,10,67,p0.001,10,large
bird@medium,4,25,6,150,p0.001,10,medium
bird@medium,4,50,7,150,p0.001,10,medium
bird@medium,4,100,7,150,p0.001,10,medium
bird@medium,4,150,7,150,p0.001,10,medium
bird@small,4,25,0,150,p0.001,10,small
bird@small,4,50,1,150,p0.001,10,small
bird@small,4,100,1,150,p0.001,10,small
bird@small,4,150,1,150,p0.001,10,small
boat@large,4,25,10,24,p0.001,10,large
boat@large,4,50,10,24,p0.001,10,large
boat@large,4,100,10,24,p0.001,10,large
boat@large,4,150,10,24,p0.001,10,large
boat@medium,4,25,3,150,p0.001,10,medium
boat@medium,4,50,8,150,p0.001,10,medium
boat@medium,4,100,8,150,p0.001,10,medium
boat@medium,4,150,9,150,p0.001,10,medium
boat@small,4,25,3,150,p0.001,10,small
boat@small,4,50,4,150,p0.001,10,small
boat@small,4,100,4,150,p0.001,10,small
boat@small,4,150,5,150,p0.001,10,small
book@large,4,25,5,150,p0.001,10,large
book@large,4,50,6,150,p0.001,10,large
book@large,4,100,8,150,p0.001,10,large
book@large,4,150,8,150,p0.001,10,large
book@medium,4,25,0,150,p0.001,10,medium
book@medium,4,50,0,150,p0.001,10,medium
book@medium,4,100,0,150,p0.001,10,medium
book@medium,4,150,1,150,p0.001,10,medium
book@small,4,25,0,150,p0.001,10,small
book@small,4,50,0,150,p0.001,10,small
book@small,4,100,0,150,p0.001,10,small
book@small,4,150,1,150,p0.001,10,small
bottle@large,4,25,5,150,p0.001,10,large
bottle@large,4,50,5,150,p0.001,10,large
bottle@large,4,100,7,150,p0.001,10,large
bottle@large,4,150,8,150,p0.001,10,large
bottle@medium,4,25,0,150,p0.001,10,medium
bottle@medium,4,50,0,150,p0.001,10,medium
bottle@medium,4,100,1,150,p0.001,10,medium
bottle@medium,4,150,1,150,p0.001,10,medium
bottle@small,4,25,0,150,p0.001,10,small
bottle@small,4,50,0,150,p0.001,10,small
bottle@small,4,100,0,150,p0.001,10,small
bottle@small,4,150,0,150,p0.001,10,small
bowl@large,4,25,1,150,p0.001,10,large
bowl@large,4,50,1,150,p0.001,10,large
bowl@large,4,100,1,150,p0.001,10,large
bowl@large,4,150,3,150,p0.001,10,large
bowl@medium,4,25,0,150,p0.001,10,medium
bowl@medium,4,50,0,150,p0.001,10,medium
bowl@medium,4,100,1,150,p0.001,10,medium
bowl@medium,4,150,2,150,p0.001,10,medium
bowl@small,4,25,0,150,p0.001,10,small
bowl@small,4,50,0,150,p0.001,10,small
bowl@small,4,100,0,150,p0.001,10,small
bowl@small,4,150,0,150,p0.001,10,small
bus@large,4,25,8,129,p0.001,10,large
bus@large,4,50,8,129,p0.001,10,large
bus@large,4,100,9,129,p0.001,10,large
bus@large,4,150,10,129,p0.001,10,large
bus@medium,4,25,2,150,p0.001,10,medium
bus@medium,4,50,3,150,p0.001,10,medium
bus@medium,4,100,3,150,p0.001,10,medium
bus@medium,4,150,3,150,p0.001,10,medium
bus@small,4,25,0,150,p0.001,10,small
bus@small,4,50,1,150,p0.001,10,small
bus@small,4,100,1,150,p0.001,10,small
bus@small,4,150,1,150,p0.001,10,small
cell phone@large,4,25,11,18,p0.001,10,large
cell phone@large,4,50,11,18,p0.001,10,large
cell phone@large,4,100,11,18,p0.001,10,large
cell phone@large,4,150,11,18,p0.001,10,large
cell phone@medium,4,25,3,150,p0.001,10,medium
cell phone@medium,4,50,4,150,p0.001,10,medium
cell phone@medium,4,100,5,150,p0.001,10,medium
cell phone@medium,4,150,5,150,p0.001,10,medium
cell phone@small,4,25,0,150,p0.001,10,small
cell phone@small,4,50,0,150,p0.001,10,small
cell phone@small,4,100,1,150,p0.001,10,small
cell phone@small,4,150,1,150,p0.001,10,small
chair@large,4,25,1,150,p0.001,10,large
chair@large,4,50,2,150,p0.001,10,large
chair@large,4,100,4,150,p0.001,10,large
chair@large,4,150,4,150,p0.001,10,large
chair@medium,4,25,0,150,p0.001,10,medium
chair@medium,4,50,0,150,p0.001,10,medium
chair@medium,4,100,0,150,p0.001,10,medium
chair@medium,4,150,1,150,p0.001,10,medium
chair@small,4,25,0,150,p0.001,10,small
chair@small,4,50,0,150,p0.001,10,small
chair@small,4,100,0,150,p0.001,10,small
chair@small,4,150,0,150,p0.001,10,small
clock@large,4,25,10,14,p0.001,10,large
clock@large,4,50,10,14,p0.001,10,large
clock@large,4,100,10,14,p0.001,10,large
clock@large,4,150,10,14,p0.001,10,large
clock@medium,4,25,7,150,p0.001,10,medium
clock@medium,4,50,7,150,p0.001,10,medium
clock@medium,4,100,7,150,p0.001,10,medium
clock@medium,4,150,7,150,p0.001,10,medium
clock@small,4,25,1,150,p0.001,10,small
clock@small,4,50,2,150,p0.001,10,small
clock@small,4,100,2,150,p0.001,10,small
clock@small,4,150,2,150,p0.001,10,small
dining table@large,4,25,1,150,p0.001,10,large
dining table@large,4,50,2,150,p0.001,10,large
dining table@large,4,100,2,150,p0.001,10,large
dining table@large,4,150,3,150,p0.001,10,large
dining table@medium,4,25,3,150,p0.001,10,medium
dining table@medium,4,50,3,150,p0.001,10,medium
dining table@medium,4,100,4,150,p0.001,10,medium
dining table@medium,4,150,6,150,p0.001,10,medium
dining table@small,4,25,0,150,p0.001,10,small
dining table@small,4,50,0,150,p0.001,10,small
dining table@small,4,100,0,150,p0.001,10,small
dining table@small,4,150,1,150,p0.001,10,small
dog@large,4,25,7,129,p0.001,10,large
dog@large,4,50,9,129,p0.001,10,large
dog@large,4,100,9,129,p0.001,10,large
dog@large,4,150,10,129,p0.001,10,large
dog@medium,4,25,2,150,p0.001,10,medium
dog@medium,4,50,5,150,p0.001,10,medium
dog@medium,4,100,6,150,p0.001,10,medium
dog@medium,4,150,7,150,p0.001,10,medium
dog@small,4,25,1,150,p0.001,10,small
dog@small,4,50,1,150,p0.001,10,small
dog@small,4,100,2,150,p0.001,10,small
dog@small,4,150,2,150,p0.001,10,small
enclosed road vehicle@large,4,25,4,150,p0.001,10,large
enclosed road vehicle@large,4,50,5,150,p0.001,10,large
enclosed road vehicle@large,4,100,6,150,p0.001,10,large
enclosed road vehicle@large,4,150,6,150,p0.001,10,large
enclosed road vehicle@medium,4,25,0,150,p0.001,10,medium
enclosed road vehicle@medium,4,50,0,150,p0.001,10,medium
enclosed road vehicle@medium,4,100,0,150,p0.001,10,medium
enclosed road vehicle@medium,4,150,0,150,p0.001,10,medium
enclosed road vehicle@small,4,25,0,150,p0.001,10,small
enclosed road vehicle@small,4,50,0,150,p0.001,10,small
enclosed road vehicle@small,4,100,0,150,p0.001,10,small
enclosed road vehicle@small,4,150,0,150,p0.001,10,small
fire hydrant@large,4,25,10,20,p0.001,10,large
fire hydrant@large,4,50,10,20,p0.001,10,large
fire hydrant@large,4,100,10,20,p0.001,10,large
fire hydrant@large,4,150,10,20,p0.001,10,large
fire hydrant@medium,4,25,6,150,p0.001,10,medium
fire hydrant@medium,4,50,7,150,p0.001,10,medium
fire hydrant@medium,4,100,9,150,p0.001,10,medium
fire hydrant@medium,4,150,9,150,p0.001,10,medium
fire hydrant@small,4,25,0,150,p0.001,10,small
fire hydrant@small,4,50,1,150,p0.001,10,small
fire hydrant@small,4,100,2,150,p0.001,10,small
fire hydrant@small,4,150,2,150,p0.001,10,small
fork@large,4,25,5,150,p0.001,10,large
fork@large,4,50,5,150,p0.001,10,large
fork@large,4,100,7,150,p0.001,10,large
fork@large,4,150,9,150,p0.001,10,large
fork@medium,4,25,2,150,p0.001,10,medium
fork@medium,4,50,2,150,p0.001,10,medium
fork@medium,4,100,3,150,p0.001,10,medium
fork@medium,4,150,3,150,p0.001,10,medium
fork@small,4,25,0,150,p0.001,10,small
fork@small,4,50,0,150,p0.001,10,small
fork@small,4,100,0,150,p0.001,10,small
fork@small,4,150,0,150,p0.001,10,small
frisbee@large,4,25,4,150,p0.001,10,large
frisbee@large,4,50,5,150,p0.001,10,large
frisbee@large,4,100,6,150,p0.001,10,large
frisbee@large,4,150,7,150,p0.001,10,large
frisbee@medium,4,25,8,95,p0.001,10,medium
frisbee@medium,4,50,8,95,p0.001,10,medium
frisbee@medium,4,100,10,95,p0.001,10,medium
frisbee@medium,4,150,10,95,p0.001,10,medium
frisbee@small,4,25,7,150,p0.001,10,small
frisbee@small,4,50,8,150,p0.001,10,small
frisbee@small,4,100,8,150,p0.001,10,small
frisbee@small,4,150,8,150,p0.001,10,small
keyboard@large,4,25,9,31,p0.001,10,large
keyboard@large,4,50,10,31,p0.001,10,large
keyboard@large,4,100,10,31,p0.001,10,large
keyboard@large,4,150,10,31,p0.001,10,large
keyboard@medium,4,25,2,150,p0.001,10,medium
keyboard@medium,4,50,2,150,p0.001,10,medium
keyboard@medium,4,100,3,150,p0.001,10,medium
keyboard@medium,4,150,4,150,p0.001,10,medium
keyboard@small,4,25,0,150,p0.001,10,small
keyboard@small,4,50,0,150,p0.001,10,small
keyboard@small,4,100,0,150,p0.001,10,small
keyboard@small,4,150,0,150,p0.001,10,small
kite@large,4,25,9,66,p0.001,10,large
kite@large,4,50,9,66,p0.001,10,large
kite@large,4,100,10,66,p0.001,10,large
kite@large,4,150,10,66,p0.001,10,large
kite@medium,4,25,9,29,p0.001,10,medium
kite@medium,4,50,10,29,p0.001,10,medium
kite@medium,4,100,10,29,p0.001,10,medium
kite@medium,4,150,10,29,p0.001,10,medium
kite@small,4,25,7,66,p0.001,10,small
kite@small,4,50,9,66,p0.001,10,small
kite@small,4,100,10,66,p0.001,10,small
kite@small,4,150,10,66,p0.001,10,small
knife@large,4,25,1,150,p0.001,10,large
knife@large,4,50,1,150,p0.001,10,large
knife@large,4,100,1,150,p0.001,10,large
knife@large,4,150,3,150,p0.001,10,large
knife@medium,4,25,1,150,p0.001,10,medium
knife@medium,4,50,1,150,p0.001,10,medium
knife@medium,4,100,2,150,p0.001,10,medium
knife@medium,4,150,2,150,p0.001,10,medium
knife@small,4,25,0,150,p0.001,10,small
knife@small,4,50,0,150,p0.001,10,small
knife@small,4,100,0,150,p0.001,10,small
knife@small,4,150,0,150,p0.001,10,small
laptop@large,4,25,6,150,p0.001,10,large
laptop@large,4,50,9,150,p0.001,10,large
laptop@large,4,100,9,150,p0.001,10,large
laptop@large,4,150,9,150,p0.001,10,large
laptop@medium,4,25,2,150,p0.001,10,medium
laptop@medium,4,50,2,150,p0.001,10,medium
laptop@medium,4,100,3,150,p0.001,10,medium
laptop@medium,4,150,6,150,p0.001,10,medium
laptop@small,4,25,0,150,p0.001,10,small
laptop@small,4,50,0,150,p0.001,10,small
laptop@small,4,100,0,150,p0.001,10,small
laptop@small,4,150,0,150,p0.001,10,small
microwave@large,4,25,4,150,p0.001,10,large
microwave@large,4,50,4,150,p0.001,10,large
microwave@large,4,100,6,150,p0.001,10,large
microwave@large,4,150,7,150,p0.001,10,large
microwave@medium,4,25,0,150,p0.001,10,medium
microwave@medium,4,50,2,150,p0.001,10,medium
microwave@medium,4,100,3,150,p0.001,10,medium
microwave@medium,4,150,4,150,p0.001,10,medium
microwave@small,4,25,0,150,p0.001,10,small
microwave@small,4,50,0,150,p0.001,10,small
microwave@small,4,100,0,150,p0.001,10,small
microwave@small,4,150,0,150,p0.001,10,small
motorcycle@large,4,25,10,14,p0.001,10,large
motorcycle@large,4,50,10,14,p0.001,10,large
motorcycle@large,4,100,10,14,p0.001,10,large
motorcycle@large,4,150,10,14,p0.001,10,large
motorcycle@medium,4,25,6,150,p0.001,10,medium
motorcycle@medium,4,50,7,150,p0.001,10,medium
motorcycle@medium,4,100,7,150,p0.001,10,medium
motorcycle@medium,4,150,8,150,p0.001,10,medium
motorcycle@small,4,25,0,150,p0.001,10,small
motorcycle@small,4,50,0,150,p0.001,10,small
motorcycle@small,4,100,0,150,p0.001,10,small
motorcycle@small,4,150,1,150,p0.001,10,small
mouse@large,4,25,8,150,p0.001,10,large
mouse@large,4,50,9,150,p0.001,10,large
mouse@large,4,100,9,150,p0.001,10,large
mouse@large,4,150,9,150,p0.001,10,large
mouse@medium,4,25,6,73,p0.001,10,medium
mouse@medium,4,50,8,73,p0.001,10,medium
mouse@medium,4,100,10,73,p0.001,10,medium
mouse@medium,4,150,10,73,p0.001,10,medium
mouse@small,4,25,0,150,p0.001,10,small
mouse@small,4,50,1,150,p0.001,10,small
mouse@small,4,100,1,150,p0.001,10,small
mouse@small,4,150,3,150,p0.001,10,small
orange@large,4,25,10,19,p0.001,10,large
orange@large,4,50,10,19,p0.001,10,large
orange@large,4,100,10,19,p0.001,10,large
orange@large,4,150,10,19,p0.001,10,large
orange@medium,4,25,5,150,p0.001,10,medium
orange@medium,4,50,6,150,p0.001,10,medium
orange@medium,4,100,7,150,p0.001,10,medium
orange@medium,4,150,7,150,p0.001,10,medium
parking meter@large,4,25,9,150,p0.001,10,large
parking meter@large,4,50,9,150,p0.001,10,large
parking meter@large,4,100,9,150,p0.001,10,large
parking meter@large,4,150,9,150,p0.001,10,large
parking meter@medium,4,25,2,150,p0.001,10,medium
parking meter@medium,4,50,2,150,p0.001,10,medium
parking meter@medium,4,100,5,150,p0.001,10,medium
parking meter@medium,4,150,5,150,p0.001,10,medium
parking meter@small,4,25,0,150,p0.001,10,small
parking meter@small,4,50,0,150,p0.001,10,small
parking meter@small,4,100,0,150,p0.001,10,small
parking meter@small,4,150,0,150,p0.001,10,small
person@large,4,25,1,150,p0.001,10,large
person@large,4,50,2,150,p0.001,10,large
person@large,4,100,3,150,p0.001,10,large
person@large,4,150,3,150,p0.001,10,large
person@medium,4,25,0,150,p0.001,10,medium
person@medium,4,50,1,150,p0.001,10,medium
person@medium,4,100,1,150,p0.001,10,medium
person@medium,4,150,2,150,p0.001,10,medium
person@small,4,25,0,150,p0.001,10,small
person@small,4,50,0,150,p0.001,10,small
person@small,4,100,0,150,p0.001,10,small
person@small,4,150,0,150,p0.001,10,small
remote@large,4,25,10,14,p0.001,10,large
remote@large,4,50,10,14,p0.001,10,large
remote@large,4,100,10,14,p0.001,10,large
remote@large,4,150,10,14,p0.001,10,large
remote@medium,4,25,3,150,p0.001,10,medium
remote@medium,4,50,4,150,p0.001,10,medium
remote@medium,4,100,4,150,p0.001,10,medium
remote@medium,4,150,4,150,p0.001,10,medium
remote@small,4,25,0,150,p0.001,10,small
remote@small,4,50,1,150,p0.001,10,small
remote@small,4,100,1,150,p0.001,10,small
remote@small,4,150,1,150,p0.001,10,small
scissors@large,4,25,7,150,p0.001,10,large
scissors@large,4,50,8,150,p0.001,10,large
scissors@large,4,100,9,150,p0.001,10,large
scissors@large,4,150,9,150,p0.001,10,large
scissors@medium,4,25,5,150,p0.001,10,medium
scissors@medium,4,50,7,150,p0.001,10,medium
scissors@medium,4,100,8,150,p0.001,10,medium
scissors@medium,4,150,9,150,p0.001,10,medium
scissors@small,4,25,0,150,p0.001,10,small
scissors@small,4,50,0,150,p0.001,10,small
scissors@small,4,100,1,150,p0.001,10,small
scissors@small,4,150,1,150,p0.001,10,small
single serving drinking vessel@large,4,25,1,150,p0.001,10,large
single serving drinking vessel@large,4,50,2,150,p0.001,10,large
single serving drinking vessel@large,4,100,2,150,p0.001,10,large
single serving drinking vessel@large,4,150,2,150,p0.001,10,large
single serving drinking vessel@medium,4,25,1,150,p0.001,10,medium
single serving drinking vessel@medium,4,50,1,150,p0.001,10,medium
single serving drinking vessel@medium,4,100,3,150,p0.001,10,medium
single serving drinking vessel@medium,4,150,5,150,p0.001,10,medium
single serving drinking vessel@small,4,25,0,150,p0.001,10,small
single serving drinking vessel@small,4,50,0,150,p0.001,10,small
single serving drinking vessel@small,4,100,1,150,p0.001,10,small
single serving drinking vessel@small,4,150,1,150,p0.001,10,small
sink@large,4,25,6,150,p0.001,10,large
sink@large,4,50,7,150,p0.001,10,large
sink@large,4,100,8,150,p0.001,10,large
sink@large,4,150,9,150,p0.001,10,large
sink@medium,4,25,1,150,p0.001,10,medium
sink@medium,4,50,1,150,p0.001,10,medium
sink@medium,4,100,2,150,p0.001,10,medium
sink@medium,4,150,3,150,p0.001,10,medium
sink@small,4,25,0,150,p0.001,10,small
sink@small,4,50,0,150,p0.001,10,small
sink@small,4,100,0,150,p0.001,10,small
sink@small,4,150,0,150,p0.001,10,small
skateboard@large,4,25,10,20,p0.001,10,large
skateboard@large,4,50,10,20,p0.001,10,large
skateboard@large,4,100,10,20,p0.001,10,large
skateboard@large,4,150,10,20,p0.001,10,large
skateboard@medium,4,25,8,89,p0.001,10,medium
skateboard@medium,4,50,8,89,p0.001,10,medium
skateboard@medium,4,100,10,89,p0.001,10,medium
skateboard@medium,4,150,10,89,p0.001,10,medium
skateboard@small,4,25,5,150,p0.001,10,small
skateboard@small,4,50,5,150,p0.001,10,small
skateboard@small,4,100,6,150,p0.001,10,small
skateboard@small,4,150,6,150,p0.001,10,small
skis@large,4,25,9,35,p0.001,10,large
skis@large,4,50,10,35,p0.001,10,large
skis@large,4,100,10,35,p0.001,10,large
skis@large,4,150,10,35,p0.001,10,large
skis@medium,4,25,7,50,p0.001,10,medium
skis@medium,4,50,10,50,p0.001,10,medium
skis@medium,4,100,10,50,p0.001,10,medium
skis@medium,4,150,10,50,p0.001,10,medium
skis@small,4,25,5,150,p0.001,10,small
skis@small,4,50,7,150,p0.001,10,small
skis@small,4,100,8,150,p0.001,10,small
skis@small,4,150,9,150,p0.001,10,small
snowboard@large,4,25,10,20,p0.001,10,large
snowboard@large,4,50,10,20,p0.001,10,large
snowboard@large,4,100,10,20,p0.001,10,large
snowboard@large,4,150,10,20,p0.001,10,large
snowboard@medium,4,25,8,29,p0.001,10,medium
snowboard@medium,4,50,10,29,p0.001,10,medium
snowboard@medium,4,100,10,29,p0.001,10,medium
snowboard@medium,4,150,10,29,p0.001,10,medium
snowboard@small,4,25,3,150,p0.001,10,small
snowboard@small,4,50,3,150,p0.001,10,small
snowboard@small,4,100,5,150,p0.001,10,small
snowboard@small,4,150,6,150,p0.001,10,small
spoon@large,4,25,1,150,p0.001,10,large
spoon@large,4,50,3,150,p0.001,10,large
spoon@large,4,100,5,150,p0.001,10,large
spoon@large,4,150,5,150,p0.001,10,large
spoon@medium,4,25,1,150,p0.001,10,medium
spoon@medium,4,50,1,150,p0.001,10,medium
spoon@medium,4,100,3,150,p0.001,10,medium
spoon@medium,4,150,3,150,p0.001,10,medium
spoon@small,4,25,0,150,p0.001,10,small
spoon@small,4,50,0,150,p0.001,10,small
spoon@small,4,100,0,150,p0.001,10,small
spoon@small,4,150,0,150,p0.001,10,small
stop sign@large,4,25,10,14,p0.001,10,large
stop sign@large,4,50,10,14,p0.001,10,large
stop sign@large,4,100,10,14,p0.001,10,large
stop sign@large,4,150,10,14,p0.001,10,large
stop sign@medium,4,25,10,21,p0.001,10,medium
stop sign@medium,4,50,10,21,p0.001,10,medium
stop sign@medium,4,100,10,21,p0.001,10,medium
stop sign@medium,4,150,10,21,p0.001,10,medium
stop sign@small,4,25,0,150,p0.001,10,small
stop sign@small,4,50,0,150,p0.001,10,small
stop sign@small,4,100,0,150,p0.001,10,small
stop sign@small,4,150,0,150,p0.001,10,small
surfboard@large,4,25,11,14,p0.001,10,large
surfboard@large,4,50,11,14,p0.001,10,large
surfboard@large,4,100,11,14,p0.001,10,large
surfboard@large,4,150,11,14,p0.001,10,large
surfboard@medium,4,25,9,68,p0.001,10,medium
surfboard@medium,4,50,9,68,p0.001,10,medium
surfboard@medium,4,100,10,68,p0.001,10,medium
surfboard@medium,4,150,10,68,p0.001,10,medium
surfboard@small,4,25,10,14,p0.001,10,small
surfboard@small,4,50,10,14,p0.001,10,small
surfboard@small,4,100,10,14,p0.001,10,small
surfboard@small,4,150,10,14,p0.001,10,small
tennis racket@large,4,25,10,14,p0.001,10,large
tennis racket@large,4,50,10,14,p0.001,10,large
tennis racket@large,4,100,10,14,p0.001,10,large
tennis racket@large,4,150,10,14,p0.001,10,large
tennis racket@medium,4,25,10,14,p0.001,10,medium
tennis racket@medium,4,50,10,14,p0.001,10,medium
tennis racket@medium,4,100,10,14,p0.001,10,medium
tennis racket@medium,4,150,10,14,p0.001,10,medium
tennis racket@small,4,25,10,14,p0.001,10,small
tennis racket@small,4,50,10,14,p0.001,10,small
tennis racket@small,4,100,10,14,p0.001,10,small
tennis racket@small,4,150,10,14,p0.001,10,small
tie@large,4,25,10,15,p0.001,10,large
tie@large,4,50,10,15,p0.001,10,large
tie@large,4,100,10,15,p0.001,10,large
tie@large,4,150,10,15,p0.001,10,large
tie@medium,4,25,6,150,p0.001,10,medium
tie@medium,4,50,8,150,p0.001,10,medium
tie@medium,4,100,8,150,p0.001,10,medium
tie@medium,4,150,9,150,p0.001,10,medium
tie@small,4,25,1,150,p0.001,10,small
tie@small,4,50,1,150,p0.001,10,small
tie@small,4,100,3,150,p0.001,10,small
tie@small,4,150,3,150,p0.001,10,small
toothbrush@large,4,25,8,150,p0.001,10,large
toothbrush@large,4,50,9,150,p0.001,10,large
toothbrush@large,4,100,9,150,p0.001,10,large
toothbrush@large,4,150,9,150,p0.001,10,large
toothbrush@medium,4,25,6,150,p0.001,10,medium
toothbrush@medium,4,50,8,150,p0.001,10,medium
toothbrush@medium,4,100,8,150,p0.001,10,medium
toothbrush@medium,4,150,8,150,p0.001,10,medium
toothbrush@small,4,25,3,150,p0.001,10,small
toothbrush@small,4,50,3,150,p0.001,10,small
toothbrush@small,4,100,4,150,p0.001,10,small
toothbrush@small,4,150,4,150,p0.001,10,small
traffic light@large,4,25,5,150,p0.001,10,large
traffic light@large,4,50,6,150,p0.001,10,large
traffic light@large,4,100,6,150,p0.001,10,large
traffic light@large,4,150,8,150,p0.001,10,large
traffic light@medium,4,25,5,150,p0.001,10,medium
traffic light@medium,4,50,6,150,p0.001,10,medium
traffic light@medium,4,100,7,150,p0.001,10,medium
traffic light@medium,4,150,8,150,p0.001,10,medium
traffic light@small,4,25,2,150,p0.001,10,small
traffic light@small,4,50,3,150,p0.001,10,small
traffic light@small,4,100,3,150,p0.001,10,small
traffic light@small,4,150,4,150,p0.001,10,small
tv@large,4,25,3,150,p0.001,10,large
tv@large,4,50,4,150,p0.001,10,large
tv@large,4,100,5,150,p0.001,10,large
tv@large,4,150,6,150,p0.001,10,large
tv@medium,4,25,0,150,p0.001,10,medium
tv@medium,4,50,0,150,p0.001,10,medium
tv@medium,4,100,0,150,p0.001,10,medium
tv@medium,4,150,1,150,p0.001,10,medium
tv@small,4,25,0,150,p0.001,10,small
tv@small,4,50,0,150,p0.001,10,small
tv@small,4,100,1,150,p0.001,10,small
tv@small,4,150,1,150,p0.001,10,small
umbrella@large,4,25,9,56,p0.001,10,large
umbrella@large,4,50,9,56,p0.001,10,large
umbrella@large,4,100,10,56,p0.001,10,large
umbrella@large,4,150,10,56,p0.001,10,large
umbrella@medium,4,25,1,150,p0.001,10,medium
umbrella@medium,4,50,1,150,p0.001,10,medium
umbrella@medium,4,100,1,150,p0.001,10,medium
umbrella@medium,4,150,1,150,p0.001,10,medium
umbrella@small,4,25,0,150,p0.001,10,small
umbrella@small,4,50,1,150,p0.001,10,small
umbrella@small,4,100,1,150,p0.001,10,small
umbrella@small,4,150,1,150,p0.001,10,small
vase or potted plant@large,4,25,10,17,p0.001,10,large
vase or potted plant@large,4,50,10,17,p0.001,10,large
vase or potted plant@large,4,100,10,17,p0.001,10,large
vase or potted plant@large,4,150,10,17,p0.001,10,large
vase or potted plant@medium,4,25,1,150,p0.001,10,medium
vase or potted plant@medium,4,50,1,150,p0.001,10,medium
vase or potted plant@medium,4,100,1,150,p0.001,10,medium
vase or potted plant@medium,4,150,2,150,p0.001,10,medium
vase or potted plant@small,4,25,0,150,p0.001,10,small
vase or potted plant@small,4,50,0,150,p0.001,10,small
vase or potted plant@small,4,100,1,150,p0.001,10,small
vase or potted plant@small,4,150,1,150,p0.001,10,small
airplane@large,0,25,14,150,p0.001,20,large
airplane@large,0,50,15,150,p0.001,20,large
airplane@large,0,100,15,150,p0.001,20,large
airplane@large,0,150,15,150,p0.001,20,large
airplane@medium,0,25,13,150,p0.001,20,medium
airplane@medium,0,50,14,150,p0.001,20,medium
airplane@medium,0,100,15,150,p0.001,20,medium
airplane@medium,0,150,15,150,p0.001,20,medium
airplane@small,0,25,6,150,p0.001,20,small
airplane@small,0,50,6,150,p0.001,20,small
airplane@small,0,100,7,150,p0.001,20,small
airplane@small,0,150,8,150,p0.001,20,small
apple@large,0,25,6,150,p0.001,20,large
apple@large,0,50,6,150,p0.001,20,large
apple@large,0,100,9,150,p0.001,20,large
apple@large,0,150,9,150,p0.001,20,large
apple@medium,0,25,5,150,p0.001,20,medium
apple@medium,0,50,6,150,p0.001,20,medium
apple@medium,0,100,6,150,p0.001,20,medium
apple@medium,0,150,6,150,p0.001,20,medium
bag or luggage@large,0,25,4,150,p0.001,20,large
bag or luggage@large,0,50,4,150,p0.001,20,large
bag or luggage@large,0,100,4,150,p0.001,20,large
bag or luggage@large,0,150,5,150,p0.001,20,large
bag or luggage@medium,0,25,2,150,p0.001,20,medium
bag or luggage@medium,0,50,2,150,p0.001,20,medium
bag or luggage@medium,0,100,2,150,p0.001,20,medium
bag or luggage@medium,0,150,2,150,p0.001,20,medium
bag or luggage@small,0,25,0,150,p0.001,20,small
bag or luggage@small,0,50,0,150,p0.001,20,small
bag or luggage@small,0,100,0,150,p0.001,20,small
bag or luggage@small,0,150,0,150,p0.001,20,small
banana@large,0,25,9,150,p0.001,20,large
banana@large,0,50,9,150,p0.001,20,large
banana@large,0,100,10,150,p0.001,20,large
banana@large,0,150,10,150,p0.001,20,large
banana@medium,0,25,5,150,p0.001,20,medium
banana@medium,0,50,5,150,p0.001,20,medium
banana@medium,0,100,5,150,p0.001,20,medium
banana@medium,0,150,6,150,p0.001,20,medium
baseball bat@large,0,25,14,150,p0.001,20,large
baseball bat@large,0,50,14,150,p0.001,20,large
baseball bat@large,0,100,14,150,p0.001,20,large
baseball bat@large,0,150,14,150,p0.001,20,large
baseball bat@medium,0,25,14,150,p0.001,20,medium
baseball bat@medium,0,50,15,150,p0.001,20,medium
baseball bat@medium,0,100,15,150,p0.001,20,medium
baseball bat@medium,0,150,15,150,p0.001,20,medium
baseball bat@small,0,25,11,150,p0.001,20,small
baseball bat@small,0,50,11,150,p0.001,20,small
baseball bat@small,0,100,11,150,p0.001,20,small
baseball bat@small,0,150,11,150,p0.001,20,small
bench@large,0,25,5,150,p0.001,20,large
bench@large,0,50,6,150,p0.001,20,large
bench@large,0,100,6,150,p0.001,20,large
bench@large,0,150,7,150,p0.001,20,large
bench@medium,0,25,0,150,p0.001,20,medium
bench@medium,0,50,0,150,p0.001,20,medium
bench@medium,0,100,0,150,p0.001,20,medium
bench@medium,0,150,0,150,p0.001,20,medium
bench@small,0,25,0,150,p0.001,20,small
bench@small,0,50,0,150,p0.001,20,small
bench@small,0,100,0,150,p0.001,20,small
bench@small,0,150,0,150,p0.001,20,small
bicycle@large,0,25,11,150,p0.001,20,large
bicycle@large,0,50,12,150,p0.001,20,large
bicycle@large,0,100,13,150,p0.001,20,large
bicycle@large,0,150,13,150,p0.001,20,large
bicycle@medium,0,25,3,150,p0.001,20,medium
bicycle@medium,0,50,5,150,p0.001,20,medium
bicycle@medium,0,100,6,150,p0.001,20,medium
bicycle@medium,0,150,8,150,p0.001,20,medium
bicycle@small,0,25,0,150,p0.001,20,small
bicycle@small,0,50,0,150,p0.001,20,small
bicycle@small,0,100,2,150,p0.001,20,small
bicycle@small,0,150,2,150,p0.001,20,small
bird@large,0,25,5,150,p0.001,20,large
bird@large,0,50,5,150,p0.001,20,large
bird@large,0,100,5,150,p0.001,20,large
bird@large,0,150,5,150,p0.001,20,large
bird@medium,0,25,9,150,p0.001,20,medium
bird@medium,0,50,10,150,p0.001,20,medium
bird@medium,0,100,10,150,p0.001,20,medium
bird@medium,0,150,10,150,p0.001,20,medium
bird@small,0,25,0,150,p0.001,20,small
bird@small,0,50,2,150,p0.001,20,small
bird@small,0,100,2,150,p0.001,20,small
bird@small,0,150,3,150,p0.001,20,small
boat@large,0,25,10,150,p0.001,20,large
boat@large,0,50,11,150,p0.001,20,large
boat@large,0,100,12,150,p0.001,20,large
boat@large,0,150,12,150,p0.001,20,large
boat@medium,0,25,5,150,p0.001,20,medium
boat@medium,0,50,5,150,p0.001,20,medium
boat@medium,0,100,6,150,p0.001,20,medium
boat@medium,0,150,6,150,p0.001,20,medium
boat@small,0,25,4,150,p0.001,20,small
boat@small,0,50,5,150,p0.001,20,small
boat@small,0,100,5,150,p0.001,20,small
boat@small,0,150,6,150,p0.001,20,small
book@large,0,25,11,150,p0.001,20,large
book@large,0,50,11,150,p0.001,20,large
book@large,0,100,12,150,p0.001,20,large
book@large,0,150,13,150,p0.001,20,large
book@medium,0,25,0,150,p0.001,20,medium
book@medium,0,50,0,150,p0.001,20,medium
book@medium,0,100,1,150,p0.001,20,medium
book@medium,0,150,1,150,p0.001,20,medium
book@small,0,25,0,150,p0.001,20,small
book@small,0,50,1,150,p0.001,20,small
book@small,0,100,1,150,p0.001,20,small
book@small,0,150,1,150,p0.001,20,small
bottle@large,0,25,4,150,p0.001,20,large
bottle@large,0,50,5,150,p0.001,20,large
bottle@large,0,100,5,150,p0.001,20,large
bottle@large,0,150,5,150,p0.001,20,large
bottle@medium,0,25,0,150,p0.001,20,medium
bottle@medium,0,50,0,150,p0.001,20,medium
bottle@medium,0,100,1,150,p0.001,20,medium
bottle@medium,0,150,2,150,p0.001,20,medium
bottle@small,0,25,0,150,p0.001,20,small
bottle@small,0,50,0,150,p0.001,20,small
bottle@small,0,100,0,150,p0.001,20,small
bottle@small,0,150,0,150,p0.001,20,small
bowl@large,0,25,2,150,p0.001,20,large
bowl@large,0,50,2,150,p0.001,20,large
bowl@large,0,100,2,150,p0.001,20,large
bowl@large,0,150,3,150,p0.001,20,large
bowl@medium,0,25,0,150,p0.001,20,medium
bowl@medium,0,50,0,150,p0.001,20,medium
bowl@medium,0,100,1,150,p0.001,20,medium
bowl@medium,0,150,1,150,p0.001,20,medium
bowl@small,0,25,0,150,p0.001,20,small
bowl@small,0,50,0,150,p0.001,20,small
bowl@small,0,100,0,150,p0.001,20,small
bowl@small,0,150,0,150,p0.001,20,small
bus@large,0,25,7,150,p0.001,20,large
bus@large,0,50,8,150,p0.001,20,large
bus@large,0,100,8,150,p0.001,20,large
bus@large,0,150,8,150,p0.001,20,large
bus@medium,0,25,0,150,p0.001,20,medium
bus@medium,0,50,1,150,p0.001,20,medium
bus@medium,0,100,2,150,p0.001,20,medium
bus@medium,0,150,2,150,p0.001,20,medium
bus@small,0,25,1,150,p0.001,20,small
bus@small,0,50,1,150,p0.001,20,small
bus@small,0,100,1,150,p0.001,20,small
bus@small,0,150,1,150,p0.001,20,small
cell phone@large,0,25,11,150,p0.001,20,large
cell phone@large,0,50,11,150,p0.001,20,large
cell phone@large,0,100,11,150,p0.001,20,large
cell phone@large,0,150,11,150,p0.001,20,large
cell phone@medium,0,25,1,150,p0.001,20,medium
cell phone@medium,0,50,4,150,p0.001,20,medium
cell phone@medium,0,100,4,150,p0.001,20,medium
cell phone@medium,0,150,5,150,p0.001,20,medium
cell phone@small,0,25,0,150,p0.001,20,small
cell phone@small,0,50,0,150,p0.001,20,small
cell phone@small,0,100,0,150,p0.001,20,small
cell phone@small,0,150,0,150,p0.001,20,small
chair@large,0,25,1,150,p0.001,20,large
chair@large,0,50,1,150,p0.001,20,large
chair@large,0,100,3,150,p0.001,20,large
chair@large,0,150,3,150,p0.001,20,large
chair@medium,0,25,1,150,p0.001,20,medium
chair@medium,0,50,1,150,p0.001,20,medium
chair@medium,0,100,1,150,p0.001,20,medium
chair@medium,0,150,2,150,p0.001,20,medium
chair@small,0,25,0,150,p0.001,20,small
chair@small,0,50,0,150,p0.001,20,small
chair@small,0,100,0,150,p0.001,20,small
chair@small,0,150,0,150,p0.001,20,small
clock@large,0,25,5,150,p0.001,20,large
clock@large,0,50,5,150,p0.001,20,large
clock@large,0,100,5,150,p0.001,20,large
clock@large,0,150,5,150,p0.001,20,large
clock@medium,0,25,7,150,p0.001,20,medium
clock@medium,0,50,7,150,p0.001,20,medium
clock@medium,0,100,7,150,p0.001,20,medium
clock@medium,0,150,7,150,p0.001,20,medium
clock@small,0,25,1,150,p0.001,20,small
clock@small,0,50,1,150,p0.001,20,small
clock@small,0,100,1,150,p0.001,20,small
clock@small,0,150,1,150,p0.001,20,small
dining table@large,0,25,3,150,p0.001,20,large
dining table@large,0,50,3,150,p0.001,20,large
dining table@large,0,100,4,150,p0.001,20,large
dining table@large,0,150,6,150,p0.001,20,large
dining table@medium,0,25,1,150,p0.001,20,medium
dining table@medium,0,50,1,150,p0.001,20,medium
dining table@medium,0,100,3,150,p0.001,20,medium
dining table@medium,0,150,3,150,p0.001,20,medium
dining table@small,0,25,0,150,p0.001,20,small
dining table@small,0,50,0,150,p0.001,20,small
dining table@small,0,100,0,150,p0.001,20,small
dining table@small,0,150,0,150,p0.001,20,small
dog@large,0,25,9,150,p0.001,20,large
dog@large,0,50,9,150,p0.001,20,large
dog@large,0,100,11,150,p0.001,20,large
dog@large,0,150,11,150,p0.001,20,large
dog@medium,0,25,1,150,p0.001,20,medium
dog@medium,0,50,4,150,p0.001,20,medium
dog@medium,0,100,6,150,p0.001,20,medium
dog@medium,0,150,6,150,p0.001,20,medium
dog@small,0,25,0,150,p0.001,20,small
dog@small,0,50,0,150,p0.001,20,small
dog@small,0,100,1,150,p0.001,20,small
dog@small,0,150,1,150,p0.001,20,small
enclosed road vehicle@large,0,25,5,150,p0.001,20,large
enclosed road vehicle@large,0,50,6,150,p0.001,20,large
enclosed road vehicle@large,0,100,8,150,p0.001,20,large
enclosed road vehicle@large,0,150,8,150,p0.001,20,large
enclosed road vehicle@medium,0,25,1,150,p0.001,20,medium
enclosed road vehicle@medium,0,50,1,150,p0.001,20,medium
enclosed road vehicle@medium,0,100,1,150,p0.001,20,medium
enclosed road vehicle@medium,0,150,1,150,p0.001,20,medium
enclosed road vehicle@small,0,25,0,150,p0.001,20,small
enclosed road vehicle@small,0,50,0,150,p0.001,20,small
enclosed road vehicle@small,0,100,0,150,p0.001,20,small
enclosed road vehicle@small,0,150,0,150,p0.001,20,small
fire hydrant@large,0,25,14,150,p0.001,20,large
fire hydrant@large,0,50,14,150,p0.001,20,large
fire hydrant@large,0,100,14,150,p0.001,20,large
fire hydrant@large,0,150,14,150,p0.001,20,large
fire hydrant@medium,0,25,0,150,p0.001,20,medium
fire hydrant@medium,0,50,1,150,p0.001,20,medium
fire hydrant@medium,0,100,2,150,p0.001,20,medium
fire hydrant@medium,0,150,2,150,p0.001,20,medium
fire hydrant@small,0,25,0,150,p0.001,20,small
fire hydrant@small,0,50,0,150,p0.001,20,small
fire hydrant@small,0,100,1,150,p0.001,20,small
fire hydrant@small,0,150,2,150,p0.001,20,small
fork@large,0,25,6,150,p0.001,20,large
fork@large,0,50,6,150,p0.001,20,large
fork@large,0,100,8,150,p0.001,20,large
fork@large,0,150,9,150,p0.001,20,large
fork@medium,0,25,1,150,p0.001,20,medium
fork@medium,0,50,2,150,p0.001,20,medium
fork@medium,0,100,6,150,p0.001,20,medium
fork@medium,0,150,6,150,p0.001,20,medium
fork@small,0,25,0,150,p0.001,20,small
fork@small,0,50,1,150,p0.001,20,small
fork@small,0,100,1,150,p0.001,20,small
fork@small,0,150,2,150,p0.001,20,small
frisbee@large,0,25,8,150,p0.001,20,large
frisbee@large,0,50,8,150,p0.001,20,large
frisbee@large,0,100,9,150,p0.001,20,large
frisbee@large,0,150,10,150,p0.001,20,large
frisbee@medium,0,25,8,150,p0.001,20,medium
frisbee@medium,0,50,9,150,p0.001,20,medium
frisbee@medium,0,100,9,150,p0.001,20,medium
frisbee@medium,0,150,9,150,p0.001,20,medium
frisbee@small,0,25,10,150,p0.001,20,small
frisbee@small,0,50,10,150,p0.001,20,small
frisbee@small,0,100,12,150,p0.001,20,small
frisbee@small,0,150,12,150,p0.001,20,small
keyboard@large,0,25,7,150,p0.001,20,large
keyboard@large,0,50,8,150,p0.001,20,large
keyboard@large,0,100,8,150,p0.001,20,large
keyboard@large,0,150,11,150,p0.001,20,large
keyboard@medium,0,25,1,150,p0.001,20,medium
keyboard@medium,0,50,2,150,p0.001,20,medium
keyboard@medium,0,100,6,150,p0.001,20,medium
keyboard@medium,0,150,6,150,p0.001,20,medium
keyboard@small,0,25,0,150,p0.001,20,small
keyboard@small,0,50,0,150,p0.001,20,small
keyboard@small,0,100,0,150,p0.001,20,small
keyboard@small,0,150,0,150,p0.001,20,small
kite@large,0,25,10,150,p0.001,20,large
kite@large,0,50,11,150,p0.001,20,large
kite@large,0,100,12,150,p0.001,20,large
kite@large,0,150,12,150,p0.001,20,large
kite@medium,0,25,9,150,p0.001,20,medium
kite@medium,0,50,9,150,p0.001,20,medium
kite@medium,0,100,10,150,p0.001,20,medium
kite@medium,0,150,10,150,p0.001,20,medium
kite@small,0,25,5,150,p0.001,20,small
kite@small,0,50,7,150,p0.001,20,small
kite@small,0,100,7,150,p0.001,20,small
kite@small,0,150,7,150,p0.001,20,small
knife@large,0,25,1,150,p0.001,20,large
knife@large,0,50,1,150,p0.001,20,large
knife@large,0,100,1,150,p0.001,20,large
knife@large,0,150,3,150,p0.001,20,large
knife@medium,0,25,0,150,p0.001,20,medium
knife@medium,0,50,0,150,p0.001,20,medium
knife@medium,0,100,0,150,p0.001,20,medium
knife@medium,0,150,0,150,p0.001,20,medium
knife@small,0,25,0,150,p0.001,20,small
knife@small,0,50,0,150,p0.001,20,small
knife@small,0,100,0,150,p0.001,20,small
knife@small,0,150,0,150,p0.001,20,small
laptop@large,0,25,7,150,p0.001,20,large
laptop@large,0,50,10,150,p0.001,20,large
laptop@large,0,100,12,150,p0.001,20,large
laptop@large,0,150,12,150,p0.001,20,large
laptop@medium,0,25,1,150,p0.001,20,medium
laptop@medium,0,50,2,150,p0.001,20,medium
laptop@medium,0,100,4,150,p0.001,20,medium
laptop@medium,0,150,8,150,p0.001,20,medium
laptop@small,0,25,0,150,p0.001,20,small
laptop@small,0,50,0,150,p0.001,20,small
laptop@small,0,100,0,150,p0.001,20,small
laptop@small,0,150,0,150,p0.001,20,small
microwave@large,0,25,6,150,p0.001,20,large
microwave@large,0,50,9,150,p0.001,20,large
microwave@large,0,100,9,150,p0.001,20,large
microwave@large,0,150,9,150,p0.001,20,large
microwave@medium,0,25,1,150,p0.001,20,medium
microwave@medium,0,50,3,150,p0.001,20,medium
microwave@medium,0,100,6,150,p0.001,20,medium
microwave@medium,0,150,10,150,p0.001,20,medium
microwave@small,0,25,0,150,p0.001,20,small
microwave@small,0,50,0,150,p0.001,20,small
microwave@small,0,100,0,150,p0.001,20,small
microwave@small,0,150,1,150,p0.001,20,small
motorcycle@large,0,25,7,150,p0.001,20,large
motorcycle@large,0,50,7,150,p0.001,20,large
motorcycle@large,0,100,7,150,p0.001,20,large
motorcycle@large,0,150,8,150,p0.001,20,large
motorcycle@medium,0,25,4,150,p0.001,20,medium
motorcycle@medium,0,50,4,150,p0.001,20,medium
motorcycle@medium,0,100,5,150,p0.001,20,medium
motorcycle@medium,0,150,7,150,p0.001,20,medium
motorcycle@small,0,25,1,150,p0.001,20,small
motorcycle@small,0,50,1,150,p0.001,20,small
motorcycle@small,0,100,1,150,p0.001,20,small
motorcycle@small,0,150,1,150,p0.001,20,small
mouse@large,0,25,13,150,p0.001,20,large
mouse@large,0,50,14,150,p0.001,20,large
mouse@large,0,100,14,150,p0.001,20,large
mouse@large,0,150,14,150,p0.001,20,large
mouse@medium,0,25,8,150,p0.001,20,medium
mouse@medium,0,50,9,150,p0.001,20,medium
mouse@medium,0,100,11,150,p0.001,20,medium
mouse@medium,0,150,11,150,p0.001,20,medium
mouse@small,0,25,0,150,p0.001,20,small
mouse@small,0,50,2,150,p0.001,20,small
mouse@small,0,100,2,150,p0.001,20,small
mouse@small,0,150,2,150,p0.001,20,small
orange@large,0,25,10,150,p0.001,20,large
orange@large,0,50,10,150,p0.001,20,large
orange@large,0,100,10,150,p0.001,20,large
orange@large,0,150,10,150,p0.001,20,large
orange@medium,0,25,5,150,p0.001,20,medium
orange@medium,0,50,7,150,p0.001,20,medium
orange@medium,0,100,9,150,p0.001,20,medium
orange@medium,0,150,9,150,p0.001,20,medium
parking meter@large,0,25,11,150,p0.001,20,large
parking meter@large,0,50,11,150,p0.001,20,large
parking meter@large,0,100,11,150,p0.001,20,large
parking meter@large,0,150,11,150,p0.001,20,large
parking meter@medium,0,25,5,150,p0.001,20,medium
parking meter@medium,0,50,6,150,p0.001,20,medium
parking meter@medium,0,100,7,150,p0.001,20,medium
parking meter@medium,0,150,8,150,p0.001,20,medium
parking meter@small,0,25,1,150,p0.001,20,small
parking meter@small,0,50,1,150,p0.001,20,small
parking meter@small,0,100,1,150,p0.001,20,small
parking meter@small,0,150,2,150,p0.001,20,small
person@large,0,25,0,150,p0.001,20,large
person@large,0,50,0,150,p0.001,20,large
person@large,0,100,1,150,p0.001,20,large
person@large,0,150,3,150,p0.001,20,large
person@medium,0,25,0,150,p0.001,20,medium
person@medium,0,50,1,150,p0.001,20,medium
person@medium,0,100,1,150,p0.001,20,medium
person@medium,0,150,1,150,p0.001,20,medium
person@small,0,25,0,150,p0.001,20,small
person@small,0,50,0,150,p0.001,20,small
person@small,0,100,0,150,p0.001,20,small
person@small,0,150,0,150,p0.001,20,small
remote@large,0,25,11,150,p0.001,20,large
remote@large,0,50,12,150,p0.001,20,large
remote@large,0,100,12,150,p0.001,20,large
remote@large,0,150,12,150,p0.001,20,large
remote@medium,0,25,4,150,p0.001,20,medium
remote@medium,0,50,5,150,p0.001,20,medium
remote@medium,0,100,6,150,p0.001,20,medium
remote@medium,0,150,7,150,p0.001,20,medium
remote@small,0,25,0,150,p0.001,20,small
remote@small,0,50,2,150,p0.001,20,small
remote@small,0,100,2,150,p0.001,20,small
remote@small,0,150,2,150,p0.001,20,small
scissors@large,0,25,11,150,p0.001,20,large
scissors@large,0,50,11,150,p0.001,20,large
scissors@large,0,100,11,150,p0.001,20,large
scissors@large,0,150,11,150,p0.001,20,large
scissors@medium,0,25,5,150,p0.001,20,medium
scissors@medium,0,50,6,150,p0.001,20,medium
scissors@medium,0,100,7,150,p0.001,20,medium
scissors@medium,0,150,8,150,p0.001,20,medium
scissors@small,0,25,0,150,p0.001,20,small
scissors@small,0,50,0,150,p0.001,20,small
scissors@small,0,100,0,150,p0.001,20,small
scissors@small,0,150,0,150,p0.001,20,small
single serving drinking vessel@large,0,25,2,150,p0.001,20,large
single serving drinking vessel@large,0,50,2,150,p0.001,20,large
single serving drinking vessel@large,0,100,3,150,p0.001,20,large
single serving drinking vessel@large,0,150,3,150,p0.001,20,large
single serving drinking vessel@medium,0,25,1,150,p0.001,20,medium
single serving drinking vessel@medium,0,50,1,150,p0.001,20,medium
single serving drinking vessel@medium,0,100,3,150,p0.001,20,medium
single serving drinking vessel@medium,0,150,3,150,p0.001,20,medium
single serving drinking vessel@small,0,25,0,150,p0.001,20,small
single serving drinking vessel@small,0,50,0,150,p0.001,20,small
single serving drinking vessel@small,0,100,1,150,p0.001,20,small
single serving drinking vessel@small,0,150,2,150,p0.001,20,small
sink@large,0,25,4,150,p0.001,20,large
sink@large,0,50,6,150,p0.001,20,large
sink@large,0,100,6,150,p0.001,20,large
sink@large,0,150,6,150,p0.001,20,large
sink@medium,0,25,2,150,p0.001,20,medium
sink@medium,0,50,3,150,p0.001,20,medium
sink@medium,0,100,4,150,p0.001,20,medium
sink@medium,0,150,4,150,p0.001,20,medium
sink@small,0,25,0,150,p0.001,20,small
sink@small,0,50,0,150,p0.001,20,small
sink@small,0,100,0,150,p0.001,20,small
sink@small,0,150,0,150,p0.001,20,small
skateboard@large,0,25,7,150,p0.001,20,large
skateboard@large,0,50,7,150,p0.001,20,large
skateboard@large,0,100,7,150,p0.001,20,large
skateboard@large,0,150,7,150,p0.001,20,large
skateboard@medium,0,25,12,150,p0.001,20,medium
skateboard@medium,0,50,12,150,p0.001,20,medium
skateboard@medium,0,100,12,150,p0.001,20,medium
skateboard@medium,0,150,12,150,p0.001,20,medium
skateboard@small,0,25,13,150,p0.001,20,small
skateboard@small,0,50,15,150,p0.001,20,small
skateboard@small,0,100,16,150,p0.001,20,small
skateboard@small,0,150,17,150,p0.001,20,small
skis@large,0,25,6,150,p0.001,20,large
skis@large,0,50,9,150,p0.001,20,large
skis@large,0,100,9,150,p0.001,20,large
skis@large,0,150,9,150,p0.001,20,large
skis@medium,0,25,7,150,p0.001,20,medium
skis@medium,0,50,8,150,p0.001,20,medium
skis@medium,0,100,10,150,p0.001,20,medium
skis@medium,0,150,11,150,p0.001,20,medium
skis@small,0,25,2,150,p0.001,20,small
skis@small,0,50,5,150,p0.001,20,small
skis@small,0,100,7,150,p0.001,20,small
skis@small,0,150,8,150,p0.001,20,small
snowboard@large,0,25,6,150,p0.001,20,large
snowboard@large,0,50,7,150,p0.001,20,large
snowboard@large,0,100,7,150,p0.001,20,large
snowboard@large,0,150,7,150,p0.001,20,large
snowboard@medium,0,25,6,150,p0.001,20,medium
snowboard@medium,0,50,9,150,p0.001,20,medium
snowboard@medium,0,100,10,150,p0.001,20,medium
snowboard@medium,0,150,10,150,p0.001,20,medium
snowboard@small,0,25,5,150,p0.001,20,small
snowboard@small,0,50,7,150,p0.001,20,small
snowboard@small,0,100,9,150,p0.001,20,small
snowboard@small,0,150,11,150,p0.001,20,small
spoon@large,0,25,3,150,p0.001,20,large
spoon@large,0,50,3,150,p0.001,20,large
spoon@large,0,100,4,150,p0.001,20,large
spoon@large,0,150,5,150,p0.001,20,large
spoon@medium,0,25,0,150,p0.001,20,medium
spoon@medium,0,50,0,150,p0.001,20,medium
spoon@medium,0,100,2,150,p0.001,20,medium
spoon@medium,0,150,2,150,p0.001,20,medium
spoon@small,0,25,0,150,p0.001,20,small
spoon@small,0,50,0,150,p0.001,20,small
spoon@small,0,100,0,150,p0.001,20,small
spoon@small,0,150,0,150,p0.001,20,small
stop sign@large,0,25,11,150,p0.001,20,large
stop sign@large,0,50,11,150,p0.001,20,large
stop sign@large,0,100,11,150,p0.001,20,large
stop sign@large,0,150,11,150,p0.001,20,large
stop sign@medium,0,25,7,150,p0.001,20,medium
stop sign@medium,0,50,8,150,p0.001,20,medium
stop sign@medium,0,100,8,150,p0.001,20,medium
stop sign@medium,0,150,9,150,p0.001,20,medium
stop sign@small,0,25,0,150,p0.001,20,small
stop sign@small,0,50,0,150,p0.001,20,small
stop sign@small,0,100,0,150,p0.001,20,small
stop sign@small,0,150,0,150,p0.001,20,small
surfboard@large,0,25,11,150,p0.001,20,large
surfboard@large,0,50,11,150,p0.001,20,large
surfboard@large,0,100,11,150,p0.001,20,large
surfboard@large,0,150,11,150,p0.001,20,large
surfboard@medium,0,25,10,150,p0.001,20,medium
surfboard@medium,0,50,11,150,p0.001,20,medium
surfboard@medium,0,100,11,150,p0.001,20,medium
surfboard@medium,0,150,11,150,p0.001,20,medium
surfboard@small,0,25,7,150,p0.001,20,small
surfboard@small,0,50,9,150,p0.001,20,small
surfboard@small,0,100,10,150,p0.001,20,small
surfboard@small,0,150,11,150,p0.001,20,small
tennis racket@large,0,25,13,150,p0.001,20,large
tennis racket@large,0,50,13,150,p0.001,20,large
tennis racket@large,0,100,15,150,p0.001,20,large
tennis racket@large,0,150,15,150,p0.001,20,large
tennis racket@medium,0,25,9,150,p0.001,20,medium
tennis racket@medium,0,50,10,150,p0.001,20,medium
tennis racket@medium,0,100,10,150,p0.001,20,medium
tennis racket@medium,0,150,10,150,p0.001,20,medium
tennis racket@small,0,25,12,150,p0.001,20,small
tennis racket@small,0,50,12,150,p0.001,20,small
tennis racket@small,0,100,12,150,p0.001,20,small
tennis racket@small,0,150,12,150,p0.001,20,small
tie@large,0,25,8,150,p0.001,20,large
tie@large,0,50,10,150,p0.001,20,large
tie@large,0,100,10,150,p0.001,20,large
tie@large,0,150,10,150,p0.001,20,large
tie@medium,0,25,9,150,p0.001,20,medium
tie@medium,0,50,10,150,p0.001,20,medium
tie@medium,0,100,11,150,p0.001,20,medium
tie@medium,0,150,11,150,p0.001,20,medium
tie@small,0,25,0,150,p0.001,20,small
tie@small,0,50,0,150,p0.001,20,small
tie@small,0,100,2,150,p0.001,20,small
tie@small,0,150,2,150,p0.001,20,small
toothbrush@large,0,25,10,150,p0.001,20,large
toothbrush@large,0,50,11,150,p0.001,20,large
toothbrush@large,0,100,11,150,p0.001,20,large
toothbrush@large,0,150,11,150,p0.001,20,large
toothbrush@medium,0,25,7,150,p0.001,20,medium
toothbrush@medium,0,50,8,150,p0.001,20,medium
toothbrush@medium,0,100,8,150,p0.001,20,medium
toothbrush@medium,0,150,8,150,p0.001,20,medium
toothbrush@small,0,25,0,150,p0.001,20,small
toothbrush@small,0,50,0,150,p0.001,20,small
toothbrush@small,0,100,1,150,p0.001,20,small
toothbrush@small,0,150,1,150,p0.001,20,small
traffic light@large,0,25,7,150,p0.001,20,large
traffic light@large,0,50,7,150,p0.001,20,large
traffic light@large,0,100,8,150,p0.001,20,large
traffic light@large,0,150,10,150,p0.001,20,large
traffic light@medium,0,25,3,150,p0.001,20,medium
traffic light@medium,0,50,4,150,p0.001,20,medium
traffic light@medium,0,100,5,150,p0.001,20,medium
traffic light@medium,0,150,7,150,p0.001,20,medium
traffic light@small,0,25,1,150,p0.001,20,small
traffic light@small,0,50,2,150,p0.001,20,small
traffic light@small,0,100,2,150,p0.001,20,small
traffic light@small,0,150,2,150,p0.001,20,small
tv@large,0,25,2,150,p0.001,20,large
tv@large,0,50,3,150,p0.001,20,large
tv@large,0,100,5,150,p0.001,20,large
tv@large,0,150,5,150,p0.001,20,large
tv@medium,0,25,4,150,p0.001,20,medium
tv@medium,0,50,4,150,p0.001,20,medium
tv@medium,0,100,4,150,p0.001,20,medium
tv@medium,0,150,4,150,p0.001,20,medium
tv@small,0,25,0,150,p0.001,20,small
tv@small,0,50,0,150,p0.001,20,small
tv@small,0,100,0,150,p0.001,20,small
tv@small,0,150,0,150,p0.001,20,small
umbrella@large,0,25,11,150,p0.001,20,large
umbrella@large,0,50,13,150,p0.001,20,large
umbrella@large,0,100,13,150,p0.001,20,large
umbrella@large,0,150,13,150,p0.001,20,large
umbrella@medium,0,25,4,150,p0.001,20,medium
umbrella@medium,0,50,4,150,p0.001,20,medium
umbrella@medium,0,100,4,150,p0.001,20,medium
umbrella@medium,0,150,4,150,p0.001,20,medium
umbrella@small,0,25,1,150,p0.001,20,small
umbrella@small,0,50,1,150,p0.001,20,small
umbrella@small,0,100,3,150,p0.001,20,small
umbrella@small,0,150,3,150,p0.001,20,small
vase or potted plant@large,0,25,9,150,p0.001,20,large
vase or potted plant@large,0,50,12,150,p0.001,20,large
vase or potted plant@large,0,100,12,150,p0.001,20,large
vase or potted plant@large,0,150,13,150,p0.001,20,large
vase or potted plant@medium,0,25,0,150,p0.001,20,medium
vase or potted plant@medium,0,50,0,150,p0.001,20,medium
vase or potted plant@medium,0,100,0,150,p0.001,20,medium
vase or potted plant@medium,0,150,2,150,p0.001,20,medium
vase or potted plant@small,0,25,0,150,p0.001,20,small
vase or potted plant@small,0,50,0,150,p0.001,20,small
vase or potted plant@small,0,100,0,150,p0.001,20,small
vase or potted plant@small,0,150,1,150,p0.001,20,small
airplane@large,1,25,15,150,p0.001,20,large
airplane@large,1,50,15,150,p0.001,20,large
airplane@large,1,100,15,150,p0.001,20,large
airplane@large,1,150,15,150,p0.001,20,large
airplane@medium,1,25,8,150,p0.001,20,medium
airplane@medium,1,50,9,150,p0.001,20,medium
airplane@medium,1,100,10,150,p0.001,20,medium
airplane@medium,1,150,10,150,p0.001,20,medium
airplane@small,1,25,8,150,p0.001,20,small
airplane@small,1,50,9,150,p0.001,20,small
airplane@small,1,100,9,150,p0.001,20,small
airplane@small,1,150,9,150,p0.001,20,small
apple@large,1,25,12,150,p0.001,20,large
apple@large,1,50,13,150,p0.001,20,large
apple@large,1,100,13,150,p0.001,20,large
apple@large,1,150,13,150,p0.001,20,large
apple@medium,1,25,5,150,p0.001,20,medium
apple@medium,1,50,6,150,p0.001,20,medium
apple@medium,1,100,6,150,p0.001,20,medium
apple@medium,1,150,7,150,p0.001,20,medium
bag or luggage@large,1,25,6,150,p0.001,20,large
bag or luggage@large,1,50,7,150,p0.001,20,large
bag or luggage@large,1,100,7,150,p0.001,20,large
bag or luggage@large,1,150,7,150,p0.001,20,large
bag or luggage@medium,1,25,2,150,p0.001,20,medium
bag or luggage@medium,1,50,3,150,p0.001,20,medium
bag or luggage@medium,1,100,4,150,p0.001,20,medium
bag or luggage@medium,1,150,5,150,p0.001,20,medium
bag or luggage@small,1,25,0,150,p0.001,20,small
bag or luggage@small,1,50,0,150,p0.001,20,small
bag or luggage@small,1,100,0,150,p0.001,20,small
bag or luggage@small,1,150,0,150,p0.001,20,small
banana@large,1,25,10,150,p0.001,20,large
banana@large,1,50,10,150,p0.001,20,large
banana@large,1,100,10,150,p0.001,20,large
banana@large,1,150,10,150,p0.001,20,large
banana@medium,1,25,6,150,p0.001,20,medium
banana@medium,1,50,6,150,p0.001,20,medium
banana@medium,1,100,7,150,p0.001,20,medium
banana@medium,1,150,7,150,p0.001,20,medium
baseball bat@large,1,25,9,150,p0.001,20,large
baseball bat@large,1,50,9,150,p0.001,20,large
baseball bat@large,1,100,9,150,p0.001,20,large
baseball bat@large,1,150,9,150,p0.001,20,large
baseball bat@medium,1,25,11,150,p0.001,20,medium
baseball bat@medium,1,50,12,150,p0.001,20,medium
baseball bat@medium,1,100,12,150,p0.001,20,medium
baseball bat@medium,1,150,13,150,p0.001,20,medium
baseball bat@small,1,25,8,150,p0.001,20,small
baseball bat@small,1,50,10,150,p0.001,20,small
baseball bat@small,1,100,10,150,p0.001,20,small
baseball bat@small,1,150,10,150,p0.001,20,small
bench@large,1,25,3,150,p0.001,20,large
bench@large,1,50,4,150,p0.001,20,large
bench@large,1,100,5,150,p0.001,20,large
bench@large,1,150,5,150,p0.001,20,large
bench@medium,1,25,2,150,p0.001,20,medium
bench@medium,1,50,2,150,p0.001,20,medium
bench@medium,1,100,3,150,p0.001,20,medium
bench@medium,1,150,3,150,p0.001,20,medium
bench@small,1,25,0,150,p0.001,20,small
bench@small,1,50,0,150,p0.001,20,small
bench@small,1,100,0,150,p0.001,20,small
bench@small,1,150,0,150,p0.001,20,small
bicycle@large,1,25,11,150,p0.001,20,large
bicycle@large,1,50,11,150,p0.001,20,large
bicycle@large,1,100,11,150,p0.001,20,large
bicycle@large,1,150,11,150,p0.001,20,large
bicycle@medium,1,25,7,150,p0.001,20,medium
bicycle@medium,1,50,7,150,p0.001,20,medium
bicycle@medium,1,100,10,150,p0.001,20,medium
bicycle@medium,1,150,10,150,p0.001,20,medium
bicycle@small,1,25,0,150,p0.001,20,small
bicycle@small,1,50,0,150,p0.001,20,small
bicycle@small,1,100,0,150,p0.001,20,small
bicycle@small,1,150,0,150,p0.001,20,small
bird@large,1,25,6,150,p0.001,20,large
bird@large,1,50,6,150,p0.001,20,large
bird@large,1,100,6,150,p0.001,20,large
bird@large,1,150,6,150,p0.001,20,large
bird@medium,1,25,6,150,p0.001,20,medium
bird@medium,1,50,8,150,p0.001,20,medium
bird@medium,1,100,11,150,p0.001,20,medium
bird@medium,1,150,12,150,p0.001,20,medium
bird@small,1,25,1,150,p0.001,20,small
bird@small,1,50,2,150,p0.001,20,small
bird@small,1,100,3,150,p0.001,20,small
bird@small,1,150,5,150,p0.001,20,small
boat@large,1,25,4,150,p0.001,20,large
boat@large,1,50,4,150,p0.001,20,large
boat@large,1,100,6,150,p0.001,20,large
boat@large,1,150,6,150,p0.001,20,large
boat@medium,1,25,9,150,p0.001,20,medium
boat@medium,1,50,10,150,p0.001,20,medium
boat@medium,1,100,11,150,p0.001,20,medium
boat@medium,1,150,11,150,p0.001,20,medium
boat@small,1,25,2,150,p0.001,20,small
boat@small,1,50,3,150,p0.001,20,small
boat@small,1,100,3,150,p0.001,20,small
boat@small,1,150,3,150,p0.001,20,small
book@large,1,25,10,150,p0.001,20,large
book@large,1,50,10,150,p0.001,20,large
book@large,1,100,10,150,p0.001,20,large
book@large,1,150,10,150,p0.001,20,large
book@medium,1,25,1,150,p0.001,20,medium
book@medium,1,50,2,150,p0.001,20,medium
book@medium,1,100,2,150,p0.001,20,medium
book@medium,1,150,2,150,p0.001,20,medium
book@small,1,25,0,150,p0.001,20,small
book@small,1,50,0,150,p0.001,20,small
book@small,1,100,0,150,p0.001,20,small
book@small,1,150,0,150,p0.001,20,small
bottle@large,1,25,4,150,p0.001,20,large
bottle@large,1,50,7,150,p0.001,20,large
bottle@large,1,100,9,150,p0.001,20,large
bottle@large,1,150,9,150,p0.001,20,large
bottle@medium,1,25,0,150,p0.001,20,medium
bottle@medium,1,50,0,150,p0.001,20,medium
bottle@medium,1,100,2,150,p0.001,20,medium
bottle@medium,1,150,3,150,p0.001,20,medium
bottle@small,1,25,0,150,p0.001,20,small
bottle@small,1,50,0,150,p0.001,20,small
bottle@small,1,100,0,150,p0.001,20,small
bottle@small,1,150,0,150,p0.001,20,small
bowl@large,1,25,2,150,p0.001,20,large
bowl@large,1,50,2,150,p0.001,20,large
bowl@large,1,100,4,150,p0.001,20,large
bowl@large,1,150,4,150,p0.001,20,large
bowl@medium,1,25,0,150,p0.001,20,medium
bowl@medium,1,50,0,150,p0.001,20,medium
bowl@medium,1,100,0,150,p0.001,20,medium
bowl@medium,1,150,1,150,p0.001,20,medium
bowl@small,1,25,0,150,p0.001,20,small
bowl@small,1,50,0,150,p0.001,20,small
bowl@small,1,100,0,150,p0.001,20,small
bowl@small,1,150,0,150,p0.001,20,small
bus@large,1,25,6,150,p0.001,20,large
bus@large,1,50,8,150,p0.001,20,large
bus@large,1,100,9,150,p0.001,20,large
bus@large,1,150,9,150,p0.001,20,large
bus@medium,1,25,2,150,p0.001,20,medium
bus@medium,1,50,3,150,p0.001,20,medium
bus@medium,1,100,4,150,p0.001,20,medium
bus@medium,1,150,4,150,p0.001,20,medium
bus@small,1,25,1,150,p0.001,20,small
bus@small,1,50,1,150,p0.001,20,small
bus@small,1,100,1,150,p0.001,20,small
bus@small,1,150,2,150,p0.001,20,small
cell phone@large,1,25,10,150,p0.001,20,large
cell phone@large,1,50,11,150,p0.001,20,large
cell phone@large,1,100,11,150,p0.001,20,large
cell phone@large,1,150,11,150,p0.001,20,large
cell phone@medium,1,25,4,150,p0.001,20,medium
cell phone@medium,1,50,4,150,p0.001,20,medium
cell phone@medium,1,100,4,150,p0.001,20,medium
cell phone@medium,1,150,4,150,p0.001,20,medium
cell phone@small,1,25,0,150,p0.001,20,small
cell phone@small,1,50,1,150,p0.001,20,small
cell phone@small,1,100,2,150,p0.001,20,small
cell phone@small,1,150,2,150,p0.001,20,small
chair@large,1,25,2,150,p0.001,20,large
chair@large,1,50,4,150,p0.001,20,large
chair@large,1,100,5,150,p0.001,20,large
chair@large,1,150,5,150,p0.001,20,large
chair@medium,1,25,0,150,p0.001,20,medium
chair@medium,1,50,1,150,p0.001,20,medium
chair@medium,1,100,1,150,p0.001,20,medium
chair@medium,1,150,1,150,p0.001,20,medium
chair@small,1,25,0,150,p0.001,20,small
chair@small,1,50,0,150,p0.001,20,small
chair@small,1,100,0,150,p0.001,20,small
chair@small,1,150,0,150,p0.001,20,small
clock@large,1,25,6,150,p0.001,20,large
clock@large,1,50,6,150,p0.001,20,large
clock@large,1,100,6,150,p0.001,20,large
clock@large,1,150,6,150,p0.001,20,large
clock@medium,1,25,6,150,p0.001,20,medium
clock@medium,1,50,6,150,p0.001,20,medium
clock@medium,1,100,7,150,p0.001,20,medium
clock@medium,1,150,7,150,p0.001,20,medium
clock@small,1,25,2,150,p0.001,20,small
clock@small,1,50,2,150,p0.001,20,small
clock@small,1,100,2,150,p0.001,20,small
clock@small,1,150,2,150,p0.001,20,small
dining table@large,1,25,1,150,p0.001,20,large
dining table@large,1,50,1,150,p0.001,20,large
dining table@large,1,100,2,150,p0.001,20,large
dining table@large,1,150,2,150,p0.001,20,large
dining table@medium,1,25,3,150,p0.001,20,medium
dining table@medium,1,50,4,150,p0.001,20,medium
dining table@medium,1,100,6,150,p0.001,20,medium
dining table@medium,1,150,6,150,p0.001,20,medium
dining table@small,1,25,0,150,p0.001,20,small
dining table@small,1,50,0,150,p0.001,20,small
dining table@small,1,100,0,150,p0.001,20,small
dining table@small,1,150,0,150,p0.001,20,small
dog@large,1,25,9,150,p0.001,20,large
dog@large,1,50,10,150,p0.001,20,large
dog@large,1,100,11,150,p0.001,20,large
dog@large,1,150,11,150,p0.001,20,large
dog@medium,1,25,3,150,p0.001,20,medium
dog@medium,1,50,3,150,p0.001,20,medium
dog@medium,1,100,5,150,p0.001,20,medium
dog@medium,1,150,5,150,p0.001,20,medium
dog@small,1,25,0,150,p0.001,20,small
dog@small,1,50,0,150,p0.001,20,small
dog@small,1,100,0,150,p0.001,20,small
dog@small,1,150,0,150,p0.001,20,small
enclosed road vehicle@large,1,25,4,150,p0.001,20,large
enclosed road vehicle@large,1,50,4,150,p0.001,20,large
enclosed road vehicle@large,1,100,5,150,p0.001,20,large
enclosed road vehicle@large,1,150,6,150,p0.001,20,large
enclosed road vehicle@medium,1,25,0,150,p0.001,20,medium
enclosed road vehicle@medium,1,50,0,150,p0.001,20,medium
enclosed road vehicle@medium,1,100,1,150,p0.001,20,medium
enclosed road vehicle@medium,1,150,1,150,p0.001,20,medium
enclosed road vehicle@small,1,25,0,150,p0.001,20,small
enclosed road vehicle@small,1,50,0,150,p0.001,20,small
enclosed road vehicle@small,1,100,1,150,p0.001,20,small
enclosed road vehicle@small,1,150,1,150,p0.001,20,small
fire hydrant@large,1,25,10,150,p0.001,20,large
fire hydrant@large,1,50,11,150,p0.001,20,large
fire hydrant@large,1,100,12,150,p0.001,20,large
fire hydrant@large,1,150,12,150,p0.001,20,large
fire hydrant@medium,1,25,7,150,p0.001,20,medium
fire hydrant@medium,1,50,8,150,p0.001,20,medium
fire hydrant@medium,1,100,11,150,p0.001,20,medium
fire hydrant@medium,1,150,11,150,p0.001,20,medium
fire hydrant@small,1,25,1,150,p0.001,20,small
fire hydrant@small,1,50,1,150,p0.001,20,small
fire hydrant@small,1,100,3,150,p0.001,20,small
fire hydrant@small,1,150,3,150,p0.001,20,small
fork@large,1,25,1,150,p0.001,20,large
fork@large,1,50,1,150,p0.001,20,large
fork@large,1,100,4,150,p0.001,20,large
fork@large,1,150,4,150,p0.001,20,large
fork@medium,1,25,2,150,p0.001,20,medium
fork@medium,1,50,3,150,p0.001,20,medium
fork@medium,1,100,5,150,p0.001,20,medium
fork@medium,1,150,5,150,p0.001,20,medium
fork@small,1,25,1,150,p0.001,20,small
fork@small,1,50,1,150,p0.001,20,small
fork@small,1,100,1,150,p0.001,20,small
fork@small,1,150,3,150,p0.001,20,small
frisbee@large,1,25,7,150,p0.001,20,large
frisbee@large,1,50,9,150,p0.001,20,large
frisbee@large,1,100,9,150,p0.001,20,large
frisbee@large,1,150,9,150,p0.001,20,large
frisbee@medium,1,25,8,150,p0.001,20,medium
frisbee@medium,1,50,8,150,p0.001,20,medium
frisbee@medium,1,100,9,150,p0.001,20,medium
frisbee@medium,1,150,9,150,p0.001,20,medium
frisbee@small,1,25,9,150,p0.001,20,small
frisbee@small,1,50,9,150,p0.001,20,small
frisbee@small,1,100,9,150,p0.001,20,small
frisbee@small,1,150,9,150,p0.001,20,small
keyboard@large,1,25,9,150,p0.001,20,large
keyboard@large,1,50,11,150,p0.001,20,large
keyboard@large,1,100,12,150,p0.001,20,large
keyboard@large,1,150,13,150,p0.001,20,large
keyboard@medium,1,25,0,150,p0.001,20,medium
keyboard@medium,1,50,0,150,p0.001,20,medium
keyboard@medium,1,100,4,150,p0.001,20,medium
keyboard@medium,1,150,5,150,p0.001,20,medium
keyboard@small,1,25,0,150,p0.001,20,small
keyboard@small,1,50,0,150,p0.001,20,small
keyboard@small,1,100,0,150,p0.001,20,small
keyboard@small,1,150,0,150,p0.001,20,small
kite@large,1,25,13,150,p0.001,20,large
kite@large,1,50,13,150,p0.001,20,large
kite@large,1,100,14,150,p0.001,20,large
kite@large,1,150,14,150,p0.001,20,large
kite@medium,1,25,8,150,p0.001,20,medium
kite@medium,1,50,8,150,p0.001,20,medium
kite@medium,1,100,8,150,p0.001,20,medium
kite@medium,1,150,8,150,p0.001,20,medium
kite@small,1,25,8,150,p0.001,20,small
kite@small,1,50,8,150,p0.001,20,small
kite@small,1,100,9,150,p0.001,20,small
kite@small,1,150,9,150,p0.001,20,small
knife@large,1,25,3,150,p0.001,20,large
knife@large,1,50,4,150,p0.001,20,large
knife@large,1,100,6,150,p0.001,20,large
knife@large,1,150,6,150,p0.001,20,large
knife@medium,1,25,1,150,p0.001,20,medium
knife@medium,1,50,1,150,p0.001,20,medium
knife@medium,1,100,4,150,p0.001,20,medium
knife@medium,1,150,4,150,p0.001,20,medium
knife@small,1,25,0,150,p0.001,20,small
knife@small,1,50,0,150,p0.001,20,small
knife@small,1,100,0,150,p0.001,20,small
knife@small,1,150,0,150,p0.001,20,small
laptop@large,1,25,7,150,p0.001,20,large
laptop@large,1,50,9,150,p0.001,20,large
laptop@large,1,100,14,150,p0.001,20,large
laptop@large,1,150,14,150,p0.001,20,large
laptop@medium,1,25,1,150,p0.001,20,medium
laptop@medium,1,50,1,150,p0.001,20,medium
laptop@medium,1,100,2,150,p0.001,20,medium
laptop@medium,1,150,4,150,p0.001,20,medium
laptop@small,1,25,0,150,p0.001,20,small
laptop@small,1,50,0,150,p0.001,20,small
laptop@small,1,100,0,150,p0.001,20,small
laptop@small,1,150,0,150,p0.001,20,small
microwave@large,1,25,7,150,p0.001,20,large
microwave@large,1,50,7,150,p0.001,20,large
microwave@large,1,100,8,150,p0.001,20,large
microwave@large,1,150,8,150,p0.001,20,large
microwave@medium,1,25,3,150,p0.001,20,medium
microwave@medium,1,50,5,150,p0.001,20,medium
microwave@medium,1,100,7,150,p0.001,20,medium
microwave@medium,1,150,8,150,p0.001,20,medium
microwave@small,1,25,0,150,p0.001,20,small
microwave@small,1,50,0,150,p0.001,20,small
microwave@small,1,100,0,150,p0.001,20,small
microwave@small,1,150,1,150,p0.001,20,small
motorcycle@large,1,25,9,150,p0.001,20,large
motorcycle@large,1,50,9,150,p0.001,20,large
motorcycle@large,1,100,9,150,p0.001,20,large
motorcycle@large,1,150,10,150,p0.001,20,large
motorcycle@medium,1,25,5,150,p0.001,20,medium
motorcycle@medium,1,50,6,150,p0.001,20,medium
motorcycle@medium,1,100,6,150,p0.001,20,medium
motorcycle@medium,1,150,7,150,p0.001,20,medium
motorcycle@small,1,25,0,150,p0.001,20,small
motorcycle@small,1,50,0,150,p0.001,20,small
motorcycle@small,1,100,0,150,p0.001,20,small
motorcycle@small,1,150,0,150,p0.001,20,small
mouse@large,1,25,9,150,p0.001,20,large
mouse@large,1,50,9,150,p0.001,20,large
mouse@large,1,100,9,150,p0.001,20,large
mouse@large,1,150,9,150,p0.001,20,large
mouse@medium,1,25,5,150,p0.001,20,medium
mouse@medium,1,50,8,150,p0.001,20,medium
mouse@medium,1,100,10,150,p0.001,20,medium
mouse@medium,1,150,10,150,p0.001,20,medium
mouse@small,1,25,0,150,p0.001,20,small
mouse@small,1,50,0,150,p0.001,20,small
mouse@small,1,100,1,150,p0.001,20,small
mouse@small,1,150,2,150,p0.001,20,small
orange@large,1,25,10,150,p0.001,20,large
orange@large,1,50,11,150,p0.001,20,large
orange@large,1,100,11,150,p0.001,20,large
orange@large,1,150,11,150,p0.001,20,large
orange@medium,1,25,3,150,p0.001,20,medium
orange@medium,1,50,4,150,p0.001,20,medium
orange@medium,1,100,4,150,p0.001,20,medium
orange@medium,1,150,4,150,p0.001,20,medium
parking meter@large,1,25,8,150,p0.001,20,large
parking meter@large,1,50,9,150,p0.001,20,large
parking meter@large,1,100,9,150,p0.001,20,large
parking meter@large,1,150,9,150,p0.001,20,large
parking meter@medium,1,25,4,150,p0.001,20,medium
parking meter@medium,1,50,5,150,p0.001,20,medium
parking meter@medium,1,100,6,150,p0.001,20,medium
parking meter@medium,1,150,8,150,p0.001,20,medium
parking meter@small,1,25,1,150,p0.001,20,small
parking meter@small,1,50,1,150,p0.001,20,small
parking meter@small,1,100,2,150,p0.001,20,small
parking meter@small,1,150,2,150,p0.001,20,small
person@large,1,25,3,150,p0.001,20,large
person@large,1,50,3,150,p0.001,20,large
person@large,1,100,3,150,p0.001,20,large
person@large,1,150,5,150,p0.001,20,large
person@medium,1,25,0,150,p0.001,20,medium
person@medium,1,50,0,150,p0.001,20,medium
person@medium,1,100,0,150,p0.001,20,medium
person@medium,1,150,0,150,p0.001,20,medium
person@small,1,25,0,150,p0.001,20,small
person@small,1,50,0,150,p0.001,20,small
person@small,1,100,0,150,p0.001,20,small
person@small,1,150,0,150,p0.001,20,small
remote@large,1,25,6,150,p0.001,20,large
remote@large,1,50,6,150,p0.001,20,large
remote@large,1,100,6,150,p0.001,20,large
remote@large,1,150,6,150,p0.001,20,large
remote@medium,1,25,1,150,p0.001,20,medium
remote@medium,1,50,1,150,p0.001,20,medium
remote@medium,1,100,1,150,p0.001,20,medium
remote@medium,1,150,1,150,p0.001,20,medium
remote@small,1,25,0,150,p0.001,20,small
remote@small,1,50,0,150,p0.001,20,small
remote@small,1,100,0,150,p0.001,20,small
remote@small,1,150,0,150,p0.001,20,small
scissors@large,1,25,12,150,p0.001,20,large
scissors@large,1,50,12,150,p0.001,20,large
scissors@large,1,100,12,150,p0.001,20,large
scissors@large,1,150,12,150,p0.001,20,large
scissors@medium,1,25,3,150,p0.001,20,medium
scissors@medium,1,50,3,150,p0.001,20,medium
scissors@medium,1,100,5,150,p0.001,20,medium
scissors@medium,1,150,5,150,p0.001,20,medium
scissors@small,1,25,0,150,p0.001,20,small
scissors@small,1,50,0,150,p0.001,20,small
scissors@small,1,100,0,150,p0.001,20,small
scissors@small,1,150,0,150,p0.001,20,small
single serving drinking vessel@large,1,25,1,150,p0.001,20,large
single serving drinking vessel@large,1,50,2,150,p0.001,20,large
single serving drinking vessel@large,1,100,2,150,p0.001,20,large
single serving drinking vessel@large,1,150,2,150,p0.001,20,large
single serving drinking vessel@medium,1,25,1,150,p0.001,20,medium
single serving drinking vessel@medium,1,50,2,150,p0.001,20,medium
single serving drinking vessel@medium,1,100,2,150,p0.001,20,medium
single serving drinking vessel@medium,1,150,2,150,p0.001,20,medium
single serving drinking vessel@small,1,25,0,150,p0.001,20,small
single serving drinking vessel@small,1,50,0,150,p0.001,20,small
single serving drinking vessel@small,1,100,0,150,p0.001,20,small
single serving drinking vessel@small,1,150,0,150,p0.001,20,small
sink@large,1,25,4,150,p0.001,20,large
sink@large,1,50,6,150,p0.001,20,large
sink@large,1,100,7,150,p0.001,20,large
sink@large,1,150,8,150,p0.001,20,large
sink@medium,1,25,1,150,p0.001,20,medium
sink@medium,1,50,1,150,p0.001,20,medium
sink@medium,1,100,2,150,p0.001,20,medium
sink@medium,1,150,4,150,p0.001,20,medium
sink@small,1,25,0,150,p0.001,20,small
sink@small,1,50,0,150,p0.001,20,small
sink@small,1,100,0,150,p0.001,20,small
sink@small,1,150,0,150,p0.001,20,small
skateboard@large,1,25,9,150,p0.001,20,large
skateboard@large,1,50,9,150,p0.001,20,large
skateboard@large,1,100,9,150,p0.001,20,large
skateboard@large,1,150,9,150,p0.001,20,large
skateboard@medium,1,25,13,150,p0.001,20,medium
skateboard@medium,1,50,13,150,p0.001,20,medium
skateboard@medium,1,100,13,150,p0.001,20,medium
skateboard@medium,1,150,13,150,p0.001,20,medium
skateboard@small,1,25,6,150,p0.001,20,small
skateboard@small,1,50,8,150,p0.001,20,small
skateboard@small,1,100,8,150,p0.001,20,small
skateboard@small,1,150,9,150,p0.001,20,small
skis@large,1,25,9,150,p0.001,20,large
skis@large,1,50,10,150,p0.001,20,large
skis@large,1,100,10,150,p0.001,20,large
skis@large,1,150,10,150,p0.001,20,large
skis@medium,1,25,10,150,p0.001,20,medium
skis@medium,1,50,12,150,p0.001,20,medium
skis@medium,1,100,12,150,p0.001,20,medium
skis@medium,1,150,13,150,p0.001,20,medium
skis@small,1,25,5,150,p0.001,20,small
skis@small,1,50,7,150,p0.001,20,small
skis@small,1,100,10,150,p0.001,20,small
skis@small,1,150,10,150,p0.001,20,small
snowboard@large,1,25,7,150,p0.001,20,large
snowboard@large,1,50,8,150,p0.001,20,large
snowboard@large,1,100,8,150,p0.001,20,large
snowboard@large,1,150,9,150,p0.001,20,large
snowboard@medium,1,25,3,150,p0.001,20,medium
snowboard@medium,1,50,4,150,p0.001,20,medium
snowboard@medium,1,100,5,150,p0.001,20,medium
snowboard@medium,1,150,6,150,p0.001,20,medium
snowboard@small,1,25,8,150,p0.001,20,small
snowboard@small,1,50,9,150,p0.001,20,small
snowboard@small,1,100,10,150,p0.001,20,small
snowboard@small,1,150,11,150,p0.001,20,small
spoon@large,1,25,2,150,p0.001,20,large
spoon@large,1,50,3,150,p0.001,20,large
spoon@large,1,100,6,150,p0.001,20,large
spoon@large,1,150,6,150,p0.001,20,large
spoon@medium,1,25,0,150,p0.001,20,medium
spoon@medium,1,50,1,150,p0.001,20,medium
spoon@medium,1,100,1,150,p0.001,20,medium
spoon@medium,1,150,1,150,p0.001,20,medium
spoon@small,1,25,0,150,p0.001,20,small
spoon@small,1,50,0,150,p0.001,20,small
spoon@small,1,100,0,150,p0.001,20,small
spoon@small,1,150,0,150,p0.001,20,small
stop sign@large,1,25,12,150,p0.001,20,large
stop sign@large,1,50,12,150,p0.001,20,large
stop sign@large,1,100,13,150,p0.001,20,large
stop sign@large,1,150,13,150,p0.001,20,large
stop sign@medium,1,25,7,150,p0.001,20,medium
stop sign@medium,1,50,8,150,p0.001,20,medium
stop sign@medium,1,100,9,150,p0.001,20,medium
stop sign@medium,1,150,9,150,p0.001,20,medium
stop sign@small,1,25,0,150,p0.001,20,small
stop sign@small,1,50,0,150,p0.001,20,small
stop sign@small,1,100,0,150,p0.001,20,small
stop sign@small,1,150,1,150,p0.001,20,small
surfboard@large,1,25,11,150,p0.001,20,large
surfboard@large,1,50,11,150,p0.001,20,large
surfboard@large,1,100,11,150,p0.001,20,large
surfboard@large,1,150,11,150,p0.001,20,large
surfboard@medium,1,25,13,150,p0.001,20,medium
surfboard@medium,1,50,13,150,p0.001,20,medium
surfboard@medium,1,100,13,150,p0.001,20,medium
surfboard@medium,1,150,14,150,p0.001,20,medium
surfboard@small,1,25,9,150,p0.001,20,small
surfboard@small,1,50,10,150,p0.001,20,small
surfboard@small,1,100,10,150,p0.001,20,small
surfboard@small,1,150,10,150,p0.001,20,small
tennis racket@large,1,25,14,150,p0.001,20,large
tennis racket@large,1,50,14,150,p0.001,20,large
tennis racket@large,1,100,14,150,p0.001,20,large
tennis racket@large,1,150,14,150,p0.001,20,large
tennis racket@medium,1,25,13,150,p0.001,20,medium
tennis racket@medium,1,50,13,150,p0.001,20,medium
tennis racket@medium,1,100,13,150,p0.001,20,medium
tennis racket@medium,1,150,13,150,p0.001,20,medium
tennis racket@small,1,25,14,150,p0.001,20,small
tennis racket@small,1,50,15,150,p0.001,20,small
tennis racket@small,1,100,15,150,p0.001,20,small
tennis racket@small,1,150,15,150,p0.001,20,small
tie@large,1,25,10,150,p0.001,20,large
tie@large,1,50,10,150,p0.001,20,large
tie@large,1,100,10,150,p0.001,20,large
tie@large,1,150,10,150,p0.001,20,large
tie@medium,1,25,8,150,p0.001,20,medium
tie@medium,1,50,11,150,p0.001,20,medium
tie@medium,1,100,12,150,p0.001,20,medium
tie@medium,1,150,12,150,p0.001,20,medium
tie@small,1,25,1,150,p0.001,20,small
tie@small,1,50,2,150,p0.001,20,small
tie@small,1,100,4,150,p0.001,20,small
tie@small,1,150,4,150,p0.001,20,small
toothbrush@large,1,25,12,150,p0.001,20,large
toothbrush@large,1,50,12,150,p0.001,20,large
toothbrush@large,1,100,13,150,p0.001,20,large
toothbrush@large,1,150,13,150,p0.001,20,large
toothbrush@medium,1,25,8,150,p0.001,20,medium
toothbrush@medium,1,50,10,150,p0.001,20,medium
toothbrush@medium,1,100,11,150,p0.001,20,medium
toothbrush@medium,1,150,11,150,p0.001,20,medium
toothbrush@small,1,25,0,150,p0.001,20,small
toothbrush@small,1,50,0,150,p0.001,20,small
toothbrush@small,1,100,0,150,p0.001,20,small
toothbrush@small,1,150,0,150,p0.001,20,small
traffic light@large,1,25,7,150,p0.001,20,large
traffic light@large,1,50,7,150,p0.001,20,large
traffic light@large,1,100,7,150,p0.001,20,large
traffic light@large,1,150,8,150,p0.001,20,large
traffic light@medium,1,25,7,150,p0.001,20,medium
traffic light@medium,1,50,9,150,p0.001,20,medium
traffic light@medium,1,100,12,150,p0.001,20,medium
traffic light@medium,1,150,14,150,p0.001,20,medium
traffic light@small,1,25,3,150,p0.001,20,small
traffic light@small,1,50,3,150,p0.001,20,small
traffic light@small,1,100,4,150,p0.001,20,small
traffic light@small,1,150,5,150,p0.001,20,small
tv@large,1,25,5,150,p0.001,20,large
tv@large,1,50,7,150,p0.001,20,large
tv@large,1,100,8,150,p0.001,20,large
tv@large,1,150,8,150,p0.001,20,large
tv@medium,1,25,1,150,p0.001,20,medium
tv@medium,1,50,2,150,p0.001,20,medium
tv@medium,1,100,3,150,p0.001,20,medium
tv@medium,1,150,5,150,p0.001,20,medium
tv@small,1,25,0,150,p0.001,20,small
tv@small,1,50,1,150,p0.001,20,small
tv@small,1,100,1,150,p0.001,20,small
tv@small,1,150,1,150,p0.001,20,small
umbrella@large,1,25,8,150,p0.001,20,large
umbrella@large,1,50,9,150,p0.001,20,large
umbrella@large,1,100,9,150,p0.001,20,large
umbrella@large,1,150,9,150,p0.001,20,large
umbrella@medium,1,25,4,150,p0.001,20,medium
umbrella@medium,1,50,4,150,p0.001,20,medium
umbrella@medium,1,100,4,150,p0.001,20,medium
umbrella@medium,1,150,4,150,p0.001,20,medium
umbrella@small,1,25,0,150,p0.001,20,small
umbrella@small,1,50,0,150,p0.001,20,small
umbrella@small,1,100,0,150,p0.001,20,small
umbrella@small,1,150,0,150,p0.001,20,small
vase or potted plant@large,1,25,8,150,p0.001,20,large
vase or potted plant@large,1,50,9,150,p0.001,20,large
vase or potted plant@large,1,100,9,150,p0.001,20,large
vase or potted plant@large,1,150,11,150,p0.001,20,large
vase or potted plant@medium,1,25,1,150,p0.001,20,medium
vase or potted plant@medium,1,50,1,150,p0.001,20,medium
vase or potted plant@medium,1,100,3,150,p0.001,20,medium
vase or potted plant@medium,1,150,3,150,p0.001,20,medium
vase or potted plant@small,1,25,0,150,p0.001,20,small
vase or potted plant@small,1,50,0,150,p0.001,20,small
vase or potted plant@small,1,100,0,150,p0.001,20,small
vase or potted plant@small,1,150,0,150,p0.001,20,small
airplane@large,2,25,10,150,p0.001,20,large
airplane@large,2,50,11,150,p0.001,20,large
airplane@large,2,100,11,150,p0.001,20,large
airplane@large,2,150,11,150,p0.001,20,large
airplane@medium,2,25,8,150,p0.001,20,medium
airplane@medium,2,50,9,150,p0.001,20,medium
airplane@medium,2,100,10,150,p0.001,20,medium
airplane@medium,2,150,10,150,p0.001,20,medium
airplane@small,2,25,6,150,p0.001,20,small
airplane@small,2,50,6,150,p0.001,20,small
airplane@small,2,100,6,150,p0.001,20,small
airplane@small,2,150,6,150,p0.001,20,small
apple@large,2,25,9,150,p0.001,20,large
apple@large,2,50,10,150,p0.001,20,large
apple@large,2,100,11,150,p0.001,20,large
apple@large,2,150,12,150,p0.001,20,large
apple@medium,2,25,3,150,p0.001,20,medium
apple@medium,2,50,5,150,p0.001,20,medium
apple@medium,2,100,7,150,p0.001,20,medium
apple@medium,2,150,7,150,p0.001,20,medium
bag or luggage@large,2,25,9,150,p0.001,20,large
bag or luggage@large,2,50,9,150,p0.001,20,large
bag or luggage@large,2,100,9,150,p0.001,20,large
bag or luggage@large,2,150,9,150,p0.001,20,large
bag or luggage@medium,2,25,4,150,p0.001,20,medium
bag or luggage@medium,2,50,4,150,p0.001,20,medium
bag or luggage@medium,2,100,4,150,p0.001,20,medium
bag or luggage@medium,2,150,4,150,p0.001,20,medium
bag or luggage@small,2,25,0,150,p0.001,20,small
bag or luggage@small,2,50,1,150,p0.001,20,small
bag or luggage@small,2,100,1,150,p0.001,20,small
bag or luggage@small,2,150,1,150,p0.001,20,small
banana@large,2,25,10,150,p0.001,20,large
banana@large,2,50,10,150,p0.001,20,large
banana@large,2,100,10,150,p0.001,20,large
banana@large,2,150,10,150,p0.001,20,large
banana@medium,2,25,8,150,p0.001,20,medium
banana@medium,2,50,8,150,p0.001,20,medium
banana@medium,2,100,8,150,p0.001,20,medium
banana@medium,2,150,8,150,p0.001,20,medium
baseball bat@large,2,25,13,150,p0.001,20,large
baseball bat@large,2,50,13,150,p0.001,20,large
baseball bat@large,2,100,13,150,p0.001,20,large
baseball bat@large,2,150,13,150,p0.001,20,large
baseball bat@medium,2,25,10,150,p0.001,20,medium
baseball bat@medium,2,50,11,150,p0.001,20,medium
baseball bat@medium,2,100,11,150,p0.001,20,medium
baseball bat@medium,2,150,11,150,p0.001,20,medium
baseball bat@small,2,25,9,150,p0.001,20,small
baseball bat@small,2,50,9,150,p0.001,20,small
baseball bat@small,2,100,9,150,p0.001,20,small
baseball bat@small,2,150,9,150,p0.001,20,small
bench@large,2,25,4,150,p0.001,20,large
bench@large,2,50,5,150,p0.001,20,large
bench@large,2,100,5,150,p0.001,20,large
bench@large,2,150,6,150,p0.001,20,large
bench@medium,2,25,4,150,p0.001,20,medium
bench@medium,2,50,5,150,p0.001,20,medium
bench@medium,2,100,6,150,p0.001,20,medium
bench@medium,2,150,6,150,p0.001,20,medium
bench@small,2,25,0,150,p0.001,20,small
bench@small,2,50,0,150,p0.001,20,small
bench@small,2,100,0,150,p0.001,20,small
bench@small,2,150,0,150,p0.001,20,small
bicycle@large,2,25,12,150,p0.001,20,large
bicycle@large,2,50,12,150,p0.001,20,large
bicycle@large,2,100,12,150,p0.001,20,large
bicycle@large,2,150,12,150,p0.001,20,large
bicycle@medium,2,25,4,150,p0.001,20,medium
bicycle@medium,2,50,4,150,p0.001,20,medium
bicycle@medium,2,100,5,150,p0.001,20,medium
bicycle@medium,2,150,6,150,p0.001,20,medium
bicycle@small,2,25,0,150,p0.001,20,small
bicycle@small,2,50,0,150,p0.001,20,small
bicycle@small,2,100,1,150,p0.001,20,small
bicycle@small,2,150,2,150,p0.001,20,small
bird@large,2,25,10,150,p0.001,20,large
bird@large,2,50,11,150,p0.001,20,large
bird@large,2,100,11,150,p0.001,20,large
bird@large,2,150,11,150,p0.001,20,large
bird@medium,2,25,7,150,p0.001,20,medium
bird@medium,2,50,12,150,p0.001,20,medium
bird@medium,2,100,12,150,p0.001,20,medium
bird@medium,2,150,13,150,p0.001,20,medium
bird@small,2,25,0,150,p0.001,20,small
bird@small,2,50,0,150,p0.001,20,small
bird@small,2,100,0,150,p0.001,20,small
bird@small,2,150,0,150,p0.001,20,small
boat@large,2,25,12,150,p0.001,20,large
boat@large,2,50,13,150,p0.001,20,large
boat@large,2,100,13,150,p0.001,20,large
boat@large,2,150,13,150,p0.001,20,large
boat@medium,2,25,7,150,p0.001,20,medium
boat@medium,2,50,9,150,p0.001,20,medium
boat@medium,2,100,10,150,p0.001,20,medium
boat@medium,2,150,10,150,p0.001,20,medium
boat@small,2,25,2,150,p0.001,20,small
boat@small,2,50,3,150,p0.001,20,small
boat@small,2,100,3,150,p0.001,20,small
boat@small,2,150,3,150,p0.001,20,small
book@large,2,25,5,150,p0.001,20,large
book@large,2,50,5,150,p0.001,20,large
book@large,2,100,5,150,p0.001,20,large
book@large,2,150,6,150,p0.001,20,large
book@medium,2,25,0,150,p0.001,20,medium
book@medium,2,50,0,150,p0.001,20,medium
book@medium,2,100,0,150,p0.001,20,medium
book@medium,2,150,0,150,p0.001,20,medium
book@small,2,25,0,150,p0.001,20,small
book@small,2,50,0,150,p0.001,20,small
book@small,2,100,0,150,p0.001,20,small
book@small,2,150,0,150,p0.001,20,small
bottle@large,2,25,4,150,p0.001,20,large
bottle@large,2,50,5,150,p0.001,20,large
bottle@large,2,100,5,150,p0.001,20,large
bottle@large,2,150,5,150,p0.001,20,large
bottle@medium,2,25,0,150,p0.001,20,medium
bottle@medium,2,50,0,150,p0.001,20,medium
bottle@medium,2,100,0,150,p0.001,20,medium
bottle@medium,2,150,0,150,p0.001,20,medium
bottle@small,2,25,1,150,p0.001,20,small
bottle@small,2,50,1,150,p0.001,20,small
bottle@small,2,100,1,150,p0.001,20,small
bottle@small,2,150,1,150,p0.001,20,small
bowl@large,2,25,0,150,p0.001,20,large
bowl@large,2,50,0,150,p0.001,20,large
bowl@large,2,100,1,150,p0.001,20,large
bowl@large,2,150,1,150,p0.001,20,large
bowl@medium,2,25,1,150,p0.001,20,medium
bowl@medium,2,50,1,150,p0.001,20,medium
bowl@medium,2,100,2,150,p0.001,20,medium
bowl@medium,2,150,3,150,p0.001,20,medium
bowl@small,2,25,0,150,p0.001,20,small
bowl@small,2,50,0,150,p0.001,20,small
bowl@small,2,100,0,150,p0.001,20,small
bowl@small,2,150,0,150,p0.001,20,small
bus@large,2,25,6,150,p0.001,20,large
bus@large,2,50,6,150,p0.001,20,large
bus@large,2,100,6,150,p0.001,20,large
bus@large,2,150,6,150,p0.001,20,large
bus@medium,2,25,4,150,p0.001,20,medium
bus@medium,2,50,4,150,p0.001,20,medium
bus@medium,2,100,4,150,p0.001,20,medium
bus@medium,2,150,5,150,p0.001,20,medium
bus@small,2,25,0,150,p0.001,20,small
bus@small,2,50,0,150,p0.001,20,small
bus@small,2,100,0,150,p0.001,20,small
bus@small,2,150,0,150,p0.001,20,small
cell phone@large,2,25,8,150,p0.001,20,large
cell phone@large,2,50,8,150,p0.001,20,large
cell phone@large,2,100,8,150,p0.001,20,large
cell phone@large,2,150,8,150,p0.001,20,large
cell phone@medium,2,25,4,150,p0.001,20,medium
cell phone@medium,2,50,7,150,p0.001,20,medium
cell phone@medium,2,100,7,150,p0.001,20,medium
cell phone@medium,2,150,7,150,p0.001,20,medium
cell phone@small,2,25,1,150,p0.001,20,small
cell phone@small,2,50,1,150,p0.001,20,small
cell phone@small,2,100,1,150,p0.001,20,small
cell phone@small,2,150,1,150,p0.001,20,small
chair@large,2,25,0,150,p0.001,20,large
chair@large,2,50,0,150,p0.001,20,large
chair@large,2,100,1,150,p0.001,20,large
chair@large,2,150,2,150,p0.001,20,large
chair@medium,2,25,0,150,p0.001,20,medium
chair@medium,2,50,0,150,p0.001,20,medium
chair@medium,2,100,0,150,p0.001,20,medium
chair@medium,2,150,0,150,p0.001,20,medium
chair@small,2,25,0,150,p0.001,20,small
chair@small,2,50,0,150,p0.001,20,small
chair@small,2,100,0,150,p0.001,20,small
chair@small,2,150,0,150,p0.001,20,small
clock@large,2,25,12,150,p0.001,20,large
clock@large,2,50,12,150,p0.001,20,large
clock@large,2,100,12,150,p0.001,20,large
clock@large,2,150,12,150,p0.001,20,large
clock@medium,2,25,6,150,p0.001,20,medium
clock@medium,2,50,6,150,p0.001,20,medium
clock@medium,2,100,6,150,p0.001,20,medium
clock@medium,2,150,6,150,p0.001,20,medium
clock@small,2,25,1,150,p0.001,20,small
clock@small,2,50,1,150,p0.001,20,small
clock@small,2,100,1,150,p0.001,20,small
clock@small,2,150,1,150,p0.001,20,small
dining table@large,2,25,0,150,p0.001,20,large
dining table@large,2,50,0,150,p0.001,20,large
dining table@large,2,100,1,150,p0.001,20,large
dining table@large,2,150,2,150,p0.001,20,large
dining table@medium,2,25,2,150,p0.001,20,medium
dining table@medium,2,50,2,150,p0.001,20,medium
dining table@medium,2,100,3,150,p0.001,20,medium
dining table@medium,2,150,4,150,p0.001,20,medium
dining table@small,2,25,0,150,p0.001,20,small
dining table@small,2,50,1,150,p0.001,20,small
dining table@small,2,100,2,150,p0.001,20,small
dining table@small,2,150,2,150,p0.001,20,small
dog@large,2,25,7,150,p0.001,20,large
dog@large,2,50,10,150,p0.001,20,large
dog@large,2,100,12,150,p0.001,20,large
dog@large,2,150,12,150,p0.001,20,large
dog@medium,2,25,1,150,p0.001,20,medium
dog@medium,2,50,2,150,p0.001,20,medium
dog@medium,2,100,3,150,p0.001,20,medium
dog@medium,2,150,4,150,p0.001,20,medium
dog@small,2,25,0,150,p0.001,20,small
dog@small,2,50,1,150,p0.001,20,small
dog@small,2,100,1,150,p0.001,20,small
dog@small,2,150,1,150,p0.001,20,small
enclosed road vehicle@large,2,25,5,150,p0.001,20,large
enclosed road vehicle@large,2,50,6,150,p0.001,20,large
enclosed road vehicle@large,2,100,6,150,p0.001,20,large
enclosed road vehicle@large,2,150,6,150,p0.001,20,large
enclosed road vehicle@medium,2,25,0,150,p0.001,20,medium
enclosed road vehicle@medium,2,50,1,150,p0.001,20,medium
enclosed road vehicle@medium,2,100,1,150,p0.001,20,medium
enclosed road vehicle@medium,2,150,2,150,p0.001,20,medium
enclosed road vehicle@small,2,25,0,150,p0.001,20,small
enclosed road vehicle@small,2,50,0,150,p0.001,20,small
enclosed road vehicle@small,2,100,0,150,p0.001,20,small
enclosed road vehicle@small,2,150,0,150,p0.001,20,small
fire hydrant@large,2,25,11,150,p0.001,20,large
fire hydrant@large,2,50,11,150,p0.001,20,large
fire hydrant@large,2,100,11,150,p0.001,20,large
fire hydrant@large,2,150,11,150,p0.001,20,large
fire hydrant@medium,2,25,4,150,p0.001,20,medium
fire hydrant@medium,2,50,4,150,p0.001,20,medium
fire hydrant@medium,2,100,5,150,p0.001,20,medium
fire hydrant@medium,2,150,6,150,p0.001,20,medium
fire hydrant@small,2,25,0,150,p0.001,20,small
fire hydrant@small,2,50,0,150,p0.001,20,small
fire hydrant@small,2,100,1,150,p0.001,20,small
fire hydrant@small,2,150,1,150,p0.001,20,small
fork@large,2,25,3,150,p0.001,20,large
fork@large,2,50,4,150,p0.001,20,large
fork@large,2,100,5,150,p0.001,20,large
fork@large,2,150,6,150,p0.001,20,large
fork@medium,2,25,3,150,p0.001,20,medium
fork@medium,2,50,5,150,p0.001,20,medium
fork@medium,2,100,6,150,p0.001,20,medium
fork@medium,2,150,6,150,p0.001,20,medium
fork@small,2,25,1,150,p0.001,20,small
fork@small,2,50,1,150,p0.001,20,small
fork@small,2,100,1,150,p0.001,20,small
fork@small,2,150,2,150,p0.001,20,small
frisbee@large,2,25,10,150,p0.001,20,large
frisbee@large,2,50,12,150,p0.001,20,large
frisbee@large,2,100,12,150,p0.001,20,large
frisbee@large,2,150,12,150,p0.001,20,large
frisbee@medium,2,25,10,150,p0.001,20,medium
frisbee@medium,2,50,10,150,p0.001,20,medium
frisbee@medium,2,100,10,150,p0.001,20,medium
frisbee@medium,2,150,11,150,p0.001,20,medium
frisbee@small,2,25,8,150,p0.001,20,small
frisbee@small,2,50,9,150,p0.001,20,small
frisbee@small,2,100,10,150,p0.001,20,small
frisbee@small,2,150,10,150,p0.001,20,small
keyboard@large,2,25,5,150,p0.001,20,large
keyboard@large,2,50,6,150,p0.001,20,large
keyboard@large,2,100,8,150,p0.001,20,large
keyboard@large,2,150,9,150,p0.001,20,large
keyboard@medium,2,25,0,150,p0.001,20,medium
keyboard@medium,2,50,2,150,p0.001,20,medium
keyboard@medium,2,100,6,150,p0.001,20,medium
keyboard@medium,2,150,9,150,p0.001,20,medium
keyboard@small,2,25,0,150,p0.001,20,small
keyboard@small,2,50,0,150,p0.001,20,small
keyboard@small,2,100,0,150,p0.001,20,small
keyboard@small,2,150,0,150,p0.001,20,small
kite@large,2,25,9,150,p0.001,20,large
kite@large,2,50,10,150,p0.001,20,large
kite@large,2,100,10,150,p0.001,20,large
kite@large,2,150,10,150,p0.001,20,large
kite@medium,2,25,11,150,p0.001,20,medium
kite@medium,2,50,15,150,p0.001,20,medium
kite@medium,2,100,15,150,p0.001,20,medium
kite@medium,2,150,15,150,p0.001,20,medium
kite@small,2,25,6,150,p0.001,20,small
kite@small,2,50,7,150,p0.001,20,small
kite@small,2,100,7,150,p0.001,20,small
kite@small,2,150,8,150,p0.001,20,small
knife@large,2,25,2,150,p0.001,20,large
knife@large,2,50,2,150,p0.001,20,large
knife@large,2,100,4,150,p0.001,20,large
knife@large,2,150,4,150,p0.001,20,large
knife@medium,2,25,1,150,p0.001,20,medium
knife@medium,2,50,1,150,p0.001,20,medium
knife@medium,2,100,1,150,p0.001,20,medium
knife@medium,2,150,1,150,p0.001,20,medium
knife@small,2,25,0,150,p0.001,20,small
knife@small,2,50,0,150,p0.001,20,small
knife@small,2,100,0,150,p0.001,20,small
knife@small,2,150,0,150,p0.001,20,small
laptop@large,2,25,3,150,p0.001,20,large
laptop@large,2,50,6,150,p0.001,20,large
laptop@large,2,100,8,150,p0.001,20,large
laptop@large,2,150,10,150,p0.001,20,large
laptop@medium,2,25,0,150,p0.001,20,medium
laptop@medium,2,50,0,150,p0.001,20,medium
laptop@medium,2,100,3,150,p0.001,20,medium
laptop@medium,2,150,5,150,p0.001,20,medium
laptop@small,2,25,0,150,p0.001,20,small
laptop@small,2,50,0,150,p0.001,20,small
laptop@small,2,100,0,150,p0.001,20,small
laptop@small,2,150,0,150,p0.001,20,small
microwave@large,2,25,4,150,p0.001,20,large
microwave@large,2,50,5,150,p0.001,20,large
microwave@large,2,100,7,150,p0.001,20,large
microwave@large,2,150,7,150,p0.001,20,large
microwave@medium,2,25,1,150,p0.001,20,medium
microwave@medium,2,50,1,150,p0.001,20,medium
microwave@medium,2,100,2,150,p0.001,20,medium
microwave@medium,2,150,2,150,p0.001,20,medium
microwave@small,2,25,0,150,p0.001,20,small
microwave@small,2,50,0,150,p0.001,20,small
microwave@small,2,100,0,150,p0.001,20,small
microwave@small,2,150,0,150,p0.001,20,small
motorcycle@large,2,25,4,150,p0.001,20,large
motorcycle@large,2,50,4,150,p0.001,20,large
motorcycle@large,2,100,4,150,p0.001,20,large
motorcycle@large,2,150,5,150,p0.001,20,large
motorcycle@medium,2,25,4,150,p0.001,20,medium
motorcycle@medium,2,50,5,150,p0.001,20,medium
motorcycle@medium,2,100,6,150,p0.001,20,medium
motorcycle@medium,2,150,6,150,p0.001,20,medium
motorcycle@small,2,25,0,150,p0.001,20,small
motorcycle@small,2,50,0,150,p0.001,20,small
motorcycle@small,2,100,0,150,p0.001,20,small
motorcycle@small,2,150,1,150,p0.001,20,small
mouse@large,2,25,11,150,p0.001,20,large
mouse@large,2,50,11,150,p0.001,20,large
mouse@large,2,100,11,150,p0.001,20,large
mouse@large,2,150,11,150,p0.001,20,large
mouse@medium,2,25,5,150,p0.001,20,medium
mouse@medium,2,50,6,150,p0.001,20,medium
mouse@medium,2,100,8,150,p0.001,20,medium
mouse@medium,2,150,10,150,p0.001,20,medium
mouse@small,2,25,0,150,p0.001,20,small
mouse@small,2,50,1,150,p0.001,20,small
mouse@small,2,100,3,150,p0.001,20,small
mouse@small,2,150,3,150,p0.001,20,small
orange@large,2,25,9,150,p0.001,20,large
orange@large,2,50,11,150,p0.001,20,large
orange@large,2,100,12,150,p0.001,20,large
orange@large,2,150,13,150,p0.001,20,large
orange@medium,2,25,7,150,p0.001,20,medium
orange@medium,2,50,9,150,p0.001,20,medium
orange@medium,2,100,11,150,p0.001,20,medium
orange@medium,2,150,11,150,p0.001,20,medium
parking meter@large,2,25,7,150,p0.001,20,large
parking meter@large,2,50,8,150,p0.001,20,large
parking meter@large,2,100,8,150,p0.001,20,large
parking meter@large,2,150,9,150,p0.001,20,large
parking meter@medium,2,25,4,150,p0.001,20,medium
parking meter@medium,2,50,5,150,p0.001,20,medium
parking meter@medium,2,100,8,150,p0.001,20,medium
parking meter@medium,2,150,8,150,p0.001,20,medium
parking meter@small,2,25,0,150,p0.001,20,small
parking meter@small,2,50,0,150,p0.001,20,small
parking meter@small,2,100,0,150,p0.001,20,small
parking meter@small,2,150,0,150,p0.001,20,small
person@large,2,25,2,150,p0.001,20,large
person@large,2,50,4,150,p0.001,20,large
person@large,2,100,5,150,p0.001,20,large
person@large,2,150,5,150,p0.001,20,large
person@medium,2,25,0,150,p0.001,20,medium
person@medium,2,50,1,150,p0.001,20,medium
person@medium,2,100,1,150,p0.001,20,medium
person@medium,2,150,1,150,p0.001,20,medium
person@small,2,25,0,150,p0.001,20,small
person@small,2,50,0,150,p0.001,20,small
person@small,2,100,0,150,p0.001,20,small
person@small,2,150,0,150,p0.001,20,small
remote@large,2,25,6,150,p0.001,20,large
remote@large,2,50,8,150,p0.001,20,large
remote@large,2,100,8,150,p0.001,20,large
remote@large,2,150,8,150,p0.001,20,large
remote@medium,2,25,3,150,p0.001,20,medium
remote@medium,2,50,5,150,p0.001,20,medium
remote@medium,2,100,5,150,p0.001,20,medium
remote@medium,2,150,5,150,p0.001,20,medium
remote@small,2,25,0,150,p0.001,20,small
remote@small,2,50,0,150,p0.001,20,small
remote@small,2,100,0,150,p0.001,20,small
remote@small,2,150,0,150,p0.001,20,small
scissors@large,2,25,11,150,p0.001,20,large
scissors@large,2,50,11,150,p0.001,20,large
scissors@large,2,100,11,150,p0.001,20,large
scissors@large,2,150,11,150,p0.001,20,large
scissors@medium,2,25,3,150,p0.001,20,medium
scissors@medium,2,50,5,150,p0.001,20,medium
scissors@medium,2,100,6,150,p0.001,20,medium
scissors@medium,2,150,8,150,p0.001,20,medium
scissors@small,2,25,0,150,p0.001,20,small
scissors@small,2,50,1,150,p0.001,20,small
scissors@small,2,100,2,150,p0.001,20,small
scissors@small,2,150,2,150,p0.001,20,small
single serving drinking vessel@large,2,25,0,150,p0.001,20,large
single serving drinking vessel@large,2,50,0,150,p0.001,20,large
single serving drinking vessel@large,2,100,0,150,p0.001,20,large
single serving drinking vessel@large,2,150,0,150,p0.001,20,large
single serving drinking vessel@medium,2,25,0,150,p0.001,20,medium
single serving drinking vessel@medium,2,50,1,150,p0.001,20,medium
single serving drinking vessel@medium,2,100,2,150,p0.001,20,medium
single serving drinking vessel@medium,2,150,2,150,p0.001,20,medium
single serving drinking vessel@small,2,25,1,150,p0.001,20,small
single serving drinking vessel@small,2,50,1,150,p0.001,20,small
single serving drinking vessel@small,2,100,2,150,p0.001,20,small
single serving drinking vessel@small,2,150,2,150,p0.001,20,small
sink@large,2,25,4,150,p0.001,20,large
sink@large,2,50,5,150,p0.001,20,large
sink@large,2,100,6,150,p0.001,20,large
sink@large,2,150,6,150,p0.001,20,large
sink@medium,2,25,2,150,p0.001,20,medium
sink@medium,2,50,2,150,p0.001,20,medium
sink@medium,2,100,6,150,p0.001,20,medium
sink@medium,2,150,6,150,p0.001,20,medium
sink@small,2,25,0,150,p0.001,20,small
sink@small,2,50,0,150,p0.001,20,small
sink@small,2,100,1,150,p0.001,20,small
sink@small,2,150,2,150,p0.001,20,small
skateboard@large,2,25,16,150,p0.001,20,large
skateboard@large,2,50,16,150,p0.001,20,large
skateboard@large,2,100,16,150,p0.001,20,large
skateboard@large,2,150,16,150,p0.001,20,large
skateboard@medium,2,25,3,150,p0.001,20,medium
skateboard@medium,2,50,3,150,p0.001,20,medium
skateboard@medium,2,100,3,150,p0.001,20,medium
skateboard@medium,2,150,3,150,p0.001,20,medium
skateboard@small,2,25,6,150,p0.001,20,small
skateboard@small,2,50,7,150,p0.001,20,small
skateboard@small,2,100,7,150,p0.001,20,small
skateboard@small,2,150,8,150,p0.001,20,small
skis@large,2,25,8,150,p0.001,20,large
skis@large,2,50,10,150,p0.001,20,large
skis@large,2,100,10,150,p0.001,20,large
skis@large,2,150,10,150,p0.001,20,large
skis@medium,2,25,6,150,p0.001,20,medium
skis@medium,2,50,8,150,p0.001,20,medium
skis@medium,2,100,10,150,p0.001,20,medium
skis@medium,2,150,12,150,p0.001,20,medium
skis@small,2,25,4,150,p0.001,20,small
skis@small,2,50,6,150,p0.001,20,small
skis@small,2,100,8,150,p0.001,20,small
skis@small,2,150,8,150,p0.001,20,small
snowboard@large,2,25,13,150,p0.001,20,large
snowboard@large,2,50,13,150,p0.001,20,large
snowboard@large,2,100,13,150,p0.001,20,large
snowboard@large,2,150,14,150,p0.001,20,large
snowboard@medium,2,25,7,150,p0.001,20,medium
snowboard@medium,2,50,9,150,p0.001,20,medium
snowboard@medium,2,100,10,150,p0.001,20,medium
snowboard@medium,2,150,11,150,p0.001,20,medium
snowboard@small,2,25,7,150,p0.001,20,small
snowboard@small,2,50,11,150,p0.001,20,small
snowboard@small,2,100,14,150,p0.001,20,small
snowboard@small,2,150,16,150,p0.001,20,small
spoon@large,2,25,1,150,p0.001,20,large
spoon@large,2,50,1,150,p0.001,20,large
spoon@large,2,100,4,150,p0.001,20,large
spoon@large,2,150,4,150,p0.001,20,large
spoon@medium,2,25,0,150,p0.001,20,medium
spoon@medium,2,50,0,150,p0.001,20,medium
spoon@medium,2,100,2,150,p0.001,20,medium
spoon@medium,2,150,2,150,p0.001,20,medium
spoon@small,2,25,0,150,p0.001,20,small
spoon@small,2,50,0,150,p0.001,20,small
spoon@small,2,100,0,150,p0.001,20,small
spoon@small,2,150,0,150,p0.001,20,small
stop sign@large,2,25,13,150,p0.001,20,large
stop sign@large,2,50,14,150,p0.001,20,large
stop sign@large,2,100,14,150,p0.001,20,large
stop sign@large,2,150,14,150,p0.001,20,large
stop sign@medium,2,25,8,150,p0.001,20,medium
stop sign@medium,2,50,8,150,p0.001,20,medium
stop sign@medium,2,100,9,150,p0.001,20,medium
stop sign@medium,2,150,9,150,p0.001,20,medium
stop sign@small,2,25,0,150,p0.001,20,small
stop sign@small,2,50,0,150,p0.001,20,small
stop sign@small,2,100,0,150,p0.001,20,small
stop sign@small,2,150,1,150,p0.001,20,small
surfboard@large,2,25,9,150,p0.001,20,large
surfboard@large,2,50,9,150,p0.001,20,large
surfboard@large,2,100,10,150,p0.001,20,large
surfboard@large,2,150,10,150,p0.001,20,large
surfboard@medium,2,25,7,150,p0.001,20,medium
surfboard@medium,2,50,8,150,p0.001,20,medium
surfboard@medium,2,100,8,150,p0.001,20,medium
surfboard@medium,2,150,8,150,p0.001,20,medium
surfboard@small,2,25,10,150,p0.001,20,small
surfboard@small,2,50,10,150,p0.001,20,small
surfboard@small,2,100,10,150,p0.001,20,small
surfboard@small,2,150,10,150,p0.001,20,small
tennis racket@large,2,25,9,150,p0.001,20,large
tennis racket@large,2,50,9,150,p0.001,20,large
tennis racket@large,2,100,9,150,p0.001,20,large
tennis racket@large,2,150,9,150,p0.001,20,large
tennis racket@medium,2,25,13,150,p0.001,20,medium
tennis racket@medium,2,50,14,150,p0.001,20,medium
tennis racket@medium,2,100,14,150,p0.001,20,medium
tennis racket@medium,2,150,14,150,p0.001,20,medium
tennis racket@small,2,25,10,150,p0.001,20,small
tennis racket@small,2,50,10,150,p0.001,20,small
tennis racket@small,2,100,10,150,p0.001,20,small
tennis racket@small,2,150,10,150,p0.001,20,small
tie@large,2,25,7,150,p0.001,20,large
tie@large,2,50,7,150,p0.001,20,large
tie@large,2,100,7,150,p0.001,20,large
tie@large,2,150,8,150,p0.001,20,large
tie@medium,2,25,4,150,p0.001,20,medium
tie@medium,2,50,5,150,p0.001,20,medium
tie@medium,2,100,6,150,p0.001,20,medium
tie@medium,2,150,6,150,p0.001,20,medium
tie@small,2,25,1,150,p0.001,20,small
tie@small,2,50,1,150,p0.001,20,small
tie@small,2,100,3,150,p0.001,20,small
tie@small,2,150,3,150,p0.001,20,small
toothbrush@large,2,25,12,150,p0.001,20,large
toothbrush@large,2,50,12,150,p0.001,20,large
toothbrush@large,2,100,13,150,p0.001,20,large
toothbrush@large,2,150,13,150,p0.001,20,large
toothbrush@medium,2,25,9,150,p0.001,20,medium
toothbrush@medium,2,50,11,150,p0.001,20,medium
toothbrush@medium,2,100,11,150,p0.001,20,medium
toothbrush@medium,2,150,11,150,p0.001,20,medium
toothbrush@small,2,25,1,150,p0.001,20,small
toothbrush@small,2,50,1,150,p0.001,20,small
toothbrush@small,2,100,1,150,p0.001,20,small
toothbrush@small,2,150,2,150,p0.001,20,small
traffic light@large,2,25,6,150,p0.001,20,large
traffic light@large,2,50,6,150,p0.001,20,large
traffic light@large,2,100,7,150,p0.001,20,large
traffic light@large,2,150,8,150,p0.001,20,large
traffic light@medium,2,25,4,150,p0.001,20,medium
traffic light@medium,2,50,5,150,p0.001,20,medium
traffic light@medium,2,100,6,150,p0.001,20,medium
traffic light@medium,2,150,6,150,p0.001,20,medium
traffic light@small,2,25,4,150,p0.001,20,small
traffic light@small,2,50,5,150,p0.001,20,small
traffic light@small,2,100,6,150,p0.001,20,small
traffic light@small,2,150,6,150,p0.001,20,small
tv@large,2,25,1,150,p0.001,20,large
tv@large,2,50,4,150,p0.001,20,large
tv@large,2,100,4,150,p0.001,20,large
tv@large,2,150,4,150,p0.001,20,large
tv@medium,2,25,3,150,p0.001,20,medium
tv@medium,2,50,3,150,p0.001,20,medium
tv@medium,2,100,4,150,p0.001,20,medium
tv@medium,2,150,5,150,p0.001,20,medium
tv@small,2,25,0,150,p0.001,20,small
tv@small,2,50,0,150,p0.001,20,small
tv@small,2,100,0,150,p0.001,20,small
tv@small,2,150,0,150,p0.001,20,small
umbrella@large,2,25,9,150,p0.001,20,large
umbrella@large,2,50,9,150,p0.001,20,large
umbrella@large,2,100,10,150,p0.001,20,large
umbrella@large,2,150,10,150,p0.001,20,large
umbrella@medium,2,25,5,150,p0.001,20,medium
umbrella@medium,2,50,5,150,p0.001,20,medium
umbrella@medium,2,100,6,150,p0.001,20,medium
umbrella@medium,2,150,7,150,p0.001,20,medium
umbrella@small,2,25,0,150,p0.001,20,small
umbrella@small,2,50,2,150,p0.001,20,small
umbrella@small,2,100,2,150,p0.001,20,small
umbrella@small,2,150,4,150,p0.001,20,small
vase or potted plant@large,2,25,13,150,p0.001,20,large
vase or potted plant@large,2,50,14,150,p0.001,20,large
vase or potted plant@large,2,100,14,150,p0.001,20,large
vase or potted plant@large,2,150,14,150,p0.001,20,large
vase or potted plant@medium,2,25,1,150,p0.001,20,medium
vase or potted plant@medium,2,50,1,150,p0.001,20,medium
vase or potted plant@medium,2,100,2,150,p0.001,20,medium
vase or potted plant@medium,2,150,2,150,p0.001,20,medium
vase or potted plant@small,2,25,0,150,p0.001,20,small
vase or potted plant@small,2,50,0,150,p0.001,20,small
vase or potted plant@small,2,100,1,150,p0.001,20,small
vase or potted plant@small,2,150,1,150,p0.001,20,small
airplane@large,3,25,15,150,p0.001,20,large
airplane@large,3,50,15,150,p0.001,20,large
airplane@large,3,100,15,150,p0.001,20,large
airplane@large,3,150,15,150,p0.001,20,large
airplane@medium,3,25,15,150,p0.001,20,medium
airplane@medium,3,50,16,150,p0.001,20,medium
airplane@medium,3,100,16,150,p0.001,20,medium
airplane@medium,3,150,16,150,p0.001,20,medium
airplane@small,3,25,13,150,p0.001,20,small
airplane@small,3,50,13,150,p0.001,20,small
airplane@small,3,100,14,150,p0.001,20,small
airplane@small,3,150,15,150,p0.001,20,small
apple@large,3,25,8,150,p0.001,20,large
apple@large,3,50,8,150,p0.001,20,large
apple@large,3,100,10,150,p0.001,20,large
apple@large,3,150,10,150,p0.001,20,large
apple@medium,3,25,2,150,p0.001,20,medium
apple@medium,3,50,2,150,p0.001,20,medium
apple@medium,3,100,2,150,p0.001,20,medium
apple@medium,3,150,5,150,p0.001,20,medium
bag or luggage@large,3,25,11,150,p0.001,20,large
bag or luggage@large,3,50,11,150,p0.001,20,large
bag or luggage@large,3,100,11,150,p0.001,20,large
bag or luggage@large,3,150,11,150,p0.001,20,large
bag or luggage@medium,3,25,0,150,p0.001,20,medium
bag or luggage@medium,3,50,0,150,p0.001,20,medium
bag or luggage@medium,3,100,1,150,p0.001,20,medium
bag or luggage@medium,3,150,1,150,p0.001,20,medium
bag or luggage@small,3,25,0,150,p0.001,20,small
bag or luggage@small,3,50,1,150,p0.001,20,small
bag or luggage@small,3,100,1,150,p0.001,20,small
bag or luggage@small,3,150,1,150,p0.001,20,small
banana@large,3,25,12,150,p0.001,20,large
banana@large,3,50,12,150,p0.001,20,large
banana@large,3,100,12,150,p0.001,20,large
banana@large,3,150,12,150,p0.001,20,large
banana@medium,3,25,5,150,p0.001,20,medium
banana@medium,3,50,5,150,p0.001,20,medium
banana@medium,3,100,7,150,p0.001,20,medium
banana@medium,3,150,7,150,p0.001,20,medium
baseball bat@large,3,25,9,150,p0.001,20,large
baseball bat@large,3,50,9,150,p0.001,20,large
baseball bat@large,3,100,9,150,p0.001,20,large
baseball bat@large,3,150,9,150,p0.001,20,large
baseball bat@medium,3,25,12,150,p0.001,20,medium
baseball bat@medium,3,50,13,150,p0.001,20,medium
baseball bat@medium,3,100,13,150,p0.001,20,medium
baseball bat@medium,3,150,13,150,p0.001,20,medium
baseball bat@small,3,25,12,150,p0.001,20,small
baseball bat@small,3,50,13,150,p0.001,20,small
baseball bat@small,3,100,13,150,p0.001,20,small
baseball bat@small,3,150,14,150,p0.001,20,small
bench@large,3,25,8,150,p0.001,20,large
bench@large,3,50,9,150,p0.001,20,large
bench@large,3,100,9,150,p0.001,20,large
bench@large,3,150,9,150,p0.001,20,large
bench@medium,3,25,1,150,p0.001,20,medium
bench@medium,3,50,1,150,p0.001,20,medium
bench@medium,3,100,2,150,p0.001,20,medium
bench@medium,3,150,2,150,p0.001,20,medium
bench@small,3,25,1,150,p0.001,20,small
bench@small,3,50,1,150,p0.001,20,small
bench@small,3,100,1,150,p0.001,20,small
bench@small,3,150,1,150,p0.001,20,small
bicycle@large,3,25,8,150,p0.001,20,large
bicycle@large,3,50,8,150,p0.001,20,large
bicycle@large,3,100,8,150,p0.001,20,large
bicycle@large,3,150,8,150,p0.001,20,large
bicycle@medium,3,25,2,150,p0.001,20,medium
bicycle@medium,3,50,2,150,p0.001,20,medium
bicycle@medium,3,100,3,150,p0.001,20,medium
bicycle@medium,3,150,3,150,p0.001,20,medium
bicycle@small,3,25,1,150,p0.001,20,small
bicycle@small,3,50,1,150,p0.001,20,small
bicycle@small,3,100,2,150,p0.001,20,small
bicycle@small,3,150,2,150,p0.001,20,small
bird@large,3,25,8,150,p0.001,20,large
bird@large,3,50,8,150,p0.001,20,large
bird@large,3,100,9,150,p0.001,20,large
bird@large,3,150,9,150,p0.001,20,large
bird@medium,3,25,7,150,p0.001,20,medium
bird@medium,3,50,10,150,p0.001,20,medium
bird@medium,3,100,11,150,p0.001,20,medium
bird@medium,3,150,11,150,p0.001,20,medium
bird@small,3,25,3,150,p0.001,20,small
bird@small,3,50,3,150,p0.001,20,small
bird@small,3,100,5,150,p0.001,20,small
bird@small,3,150,6,150,p0.001,20,small
boat@large,3,25,8,150,p0.001,20,large
boat@large,3,50,9,150,p0.001,20,large
boat@large,3,100,10,150,p0.001,20,large
boat@large,3,150,11,150,p0.001,20,large
boat@medium,3,25,6,150,p0.001,20,medium
boat@medium,3,50,8,150,p0.001,20,medium
boat@medium,3,100,10,150,p0.001,20,medium
boat@medium,3,150,11,150,p0.001,20,medium
boat@small,3,25,1,150,p0.001,20,small
boat@small,3,50,2,150,p0.001,20,small
boat@small,3,100,3,150,p0.001,20,small
boat@small,3,150,4,150,p0.001,20,small
book@large,3,25,5,150,p0.001,20,large
book@large,3,50,7,150,p0.001,20,large
book@large,3,100,7,150,p0.001,20,large
book@large,3,150,7,150,p0.001,20,large
book@medium,3,25,1,150,p0.001,20,medium
book@medium,3,50,1,150,p0.001,20,medium
book@medium,3,100,1,150,p0.001,20,medium
book@medium,3,150,1,150,p0.001,20,medium
book@small,3,25,1,150,p0.001,20,small
book@small,3,50,1,150,p0.001,20,small
book@small,3,100,1,150,p0.001,20,small
book@small,3,150,2,150,p0.001,20,small
bottle@large,3,25,5,150,p0.001,20,large
bottle@large,3,50,6,150,p0.001,20,large
bottle@large,3,100,7,150,p0.001,20,large
bottle@large,3,150,7,150,p0.001,20,large
bottle@medium,3,25,1,150,p0.001,20,medium
bottle@medium,3,50,2,150,p0.001,20,medium
bottle@medium,3,100,2,150,p0.001,20,medium
bottle@medium,3,150,3,150,p0.001,20,medium
bottle@small,3,25,0,150,p0.001,20,small
bottle@small,3,50,0,150,p0.001,20,small
bottle@small,3,100,0,150,p0.001,20,small
bottle@small,3,150,0,150,p0.001,20,small
bowl@large,3,25,1,150,p0.001,20,large
bowl@large,3,50,1,150,p0.001,20,large
bowl@large,3,100,2,150,p0.001,20,large
bowl@large,3,150,2,150,p0.001,20,large
bowl@medium,3,25,0,150,p0.001,20,medium
bowl@medium,3,50,0,150,p0.001,20,medium
bowl@medium,3,100,0,150,p0.001,20,medium
bowl@medium,3,150,0,150,p0.001,20,medium
bowl@small,3,25,0,150,p0.001,20,small
bowl@small,3,50,0,150,p0.001,20,small
bowl@small,3,100,0,150,p0.001,20,small
bowl@small,3,150,0,150,p0.001,20,small
bus@large,3,25,7,150,p0.001,20,large
bus@large,3,50,7,150,p0.001,20,large
bus@large,3,100,7,150,p0.001,20,large
bus@large,3,150,7,150,p0.001,20,large
bus@medium,3,25,2,150,p0.001,20,medium
bus@medium,3,50,2,150,p0.001,20,medium
bus@medium,3,100,4,150,p0.001,20,medium
bus@medium,3,150,4,150,p0.001,20,medium
bus@small,3,25,0,150,p0.001,20,small
bus@small,3,50,0,150,p0.001,20,small
bus@small,3,100,1,150,p0.001,20,small
bus@small,3,150,2,150,p0.001,20,small
cell phone@large,3,25,10,150,p0.001,20,large
cell phone@large,3,50,10,150,p0.001,20,large
cell phone@large,3,100,11,150,p0.001,20,large
cell phone@large,3,150,11,150,p0.001,20,large
cell phone@medium,3,25,4,150,p0.001,20,medium
cell phone@medium,3,50,5,150,p0.001,20,medium
cell phone@medium,3,100,7,150,p0.001,20,medium
cell phone@medium,3,150,7,150,p0.001,20,medium
cell phone@small,3,25,0,150,p0.001,20,small
cell phone@small,3,50,0,150,p0.001,20,small
cell phone@small,3,100,0,150,p0.001,20,small
cell phone@small,3,150,0,150,p0.001,20,small
chair@large,3,25,1,150,p0.001,20,large
chair@large,3,50,3,150,p0.001,20,large
chair@large,3,100,4,150,p0.001,20,large
chair@large,3,150,4,150,p0.001,20,large
chair@medium,3,25,0,150,p0.001,20,medium
chair@medium,3,50,0,150,p0.001,20,medium
chair@medium,3,100,0,150,p0.001,20,medium
chair@medium,3,150,0,150,p0.001,20,medium
chair@small,3,25,0,150,p0.001,20,small
chair@small,3,50,0,150,p0.001,20,small
chair@small,3,100,0,150,p0.001,20,small
chair@small,3,150,0,150,p0.001,20,small
clock@large,3,25,11,150,p0.001,20,large
clock@large,3,50,11,150,p0.001,20,large
clock@large,3,100,11,150,p0.001,20,large
clock@large,3,150,11,150,p0.001,20,large
clock@medium,3,25,7,150,p0.001,20,medium
clock@medium,3,50,7,150,p0.001,20,medium
clock@medium,3,100,7,150,p0.001,20,medium
clock@medium,3,150,7,150,p0.001,20,medium
clock@small,3,25,2,150,p0.001,20,small
clock@small,3,50,2,150,p0.001,20,small
clock@small,3,100,2,150,p0.001,20,small
clock@small,3,150,2,150,p0.001,20,small
dining table@large,3,25,5,150,p0.001,20,large
dining table@large,3,50,6,150,p0.001,20,large
dining table@large,3,100,7,150,p0.001,20,large
dining table@large,3,150,7,150,p0.001,20,large
dining table@medium,3,25,4,150,p0.001,20,medium
dining table@medium,3,50,5,150,p0.001,20,medium
dining table@medium,3,100,5,150,p0.001,20,medium
dining table@medium,3,150,5,150,p0.001,20,medium
dining table@small,3,25,0,150,p0.001,20,small
dining table@small,3,50,0,150,p0.001,20,small
dining table@small,3,100,0,150,p0.001,20,small
dining table@small,3,150,0,150,p0.001,20,small
dog@large,3,25,7,150,p0.001,20,large
dog@large,3,50,11,150,p0.001,20,large
dog@large,3,100,12,150,p0.001,20,large
dog@large,3,150,12,150,p0.001,20,large
dog@medium,3,25,2,150,p0.001,20,medium
dog@medium,3,50,3,150,p0.001,20,medium
dog@medium,3,100,3,150,p0.001,20,medium
dog@medium,3,150,5,150,p0.001,20,medium
dog@small,3,25,0,150,p0.001,20,small
dog@small,3,50,0,150,p0.001,20,small
dog@small,3,100,0,150,p0.001,20,small
dog@small,3,150,1,150,p0.001,20,small
enclosed road vehicle@large,3,25,5,150,p0.001,20,large
enclosed road vehicle@large,3,50,7,150,p0.001,20,large
enclosed road vehicle@large,3,100,7,150,p0.001,20,large
enclosed road vehicle@large,3,150,7,150,p0.001,20,large
enclosed road vehicle@medium,3,25,0,150,p0.001,20,medium
enclosed road vehicle@medium,3,50,2,150,p0.001,20,medium
enclosed road vehicle@medium,3,100,2,150,p0.001,20,medium
enclosed road vehicle@medium,3,150,2,150,p0.001,20,medium
enclosed road vehicle@small,3,25,0,150,p0.001,20,small
enclosed road vehicle@small,3,50,0,150,p0.001,20,small
enclosed road vehicle@small,3,100,0,150,p0.001,20,small
enclosed road vehicle@small,3,150,1,150,p0.001,20,small
fire hydrant@large,3,25,10,150,p0.001,20,large
fire hydrant@large,3,50,10,150,p0.001,20,large
fire hydrant@large,3,100,10,150,p0.001,20,large
fire hydrant@large,3,150,10,150,p0.001,20,large
fire hydrant@medium,3,25,7,150,p0.001,20,medium
fire hydrant@medium,3,50,7,150,p0.001,20,medium
fire hydrant@medium,3,100,8,150,p0.001,20,medium
fire hydrant@medium,3,150,8,150,p0.001,20,medium
fire hydrant@small,3,25,0,150,p0.001,20,small
fire hydrant@small,3,50,0,150,p0.001,20,small
fire hydrant@small,3,100,0,150,p0.001,20,small
fire hydrant@small,3,150,1,150,p0.001,20,small
fork@large,3,25,0,150,p0.001,20,large
fork@large,3,50,0,150,p0.001,20,large
fork@large,3,100,1,150,p0.001,20,large
fork@large,3,150,2,150,p0.001,20,large
fork@medium,3,25,1,150,p0.001,20,medium
fork@medium,3,50,1,150,p0.001,20,medium
fork@medium,3,100,2,150,p0.001,20,medium
fork@medium,3,150,3,150,p0.001,20,medium
fork@small,3,25,1,150,p0.001,20,small
fork@small,3,50,1,150,p0.001,20,small
fork@small,3,100,1,150,p0.001,20,small
fork@small,3,150,2,150,p0.001,20,small
frisbee@large,3,25,6,150,p0.001,20,large
frisbee@large,3,50,7,150,p0.001,20,large
frisbee@large,3,100,9,150,p0.001,20,large
frisbee@large,3,150,9,150,p0.001,20,large
frisbee@medium,3,25,8,150,p0.001,20,medium
frisbee@medium,3,50,10,150,p0.001,20,medium
frisbee@medium,3,100,11,150,p0.001,20,medium
frisbee@medium,3,150,12,150,p0.001,20,medium
frisbee@small,3,25,4,150,p0.001,20,small
frisbee@small,3,50,4,150,p0.001,20,small
frisbee@small,3,100,7,150,p0.001,20,small
frisbee@small,3,150,7,150,p0.001,20,small
keyboard@large,3,25,3,150,p0.001,20,large
keyboard@large,3,50,5,150,p0.001,20,large
keyboard@large,3,100,5,150,p0.001,20,large
keyboard@large,3,150,5,150,p0.001,20,large
keyboard@medium,3,25,2,150,p0.001,20,medium
keyboard@medium,3,50,3,150,p0.001,20,medium
keyboard@medium,3,100,4,150,p0.001,20,medium
keyboard@medium,3,150,8,150,p0.001,20,medium
keyboard@small,3,25,0,150,p0.001,20,small
keyboard@small,3,50,0,150,p0.001,20,small
keyboard@small,3,100,2,150,p0.001,20,small
keyboard@small,3,150,3,150,p0.001,20,small
kite@large,3,25,8,150,p0.001,20,large
kite@large,3,50,10,150,p0.001,20,large
kite@large,3,100,10,150,p0.001,20,large
kite@large,3,150,10,150,p0.001,20,large
kite@medium,3,25,7,150,p0.001,20,medium
kite@medium,3,50,10,150,p0.001,20,medium
kite@medium,3,100,10,150,p0.001,20,medium
kite@medium,3,150,11,150,p0.001,20,medium
kite@small,3,25,7,150,p0.001,20,small
kite@small,3,50,8,150,p0.001,20,small
kite@small,3,100,9,150,p0.001,20,small
kite@small,3,150,10,150,p0.001,20,small
knife@large,3,25,1,150,p0.001,20,large
knife@large,3,50,2,150,p0.001,20,large
knife@large,3,100,3,150,p0.001,20,large
knife@large,3,150,3,150,p0.001,20,large
knife@medium,3,25,1,150,p0.001,20,medium
knife@medium,3,50,1,150,p0.001,20,medium
knife@medium,3,100,1,150,p0.001,20,medium
knife@medium,3,150,1,150,p0.001,20,medium
knife@small,3,25,0,150,p0.001,20,small
knife@small,3,50,0,150,p0.001,20,small
knife@small,3,100,0,150,p0.001,20,small
knife@small,3,150,0,150,p0.001,20,small
laptop@large,3,25,9,150,p0.001,20,large
laptop@large,3,50,9,150,p0.001,20,large
laptop@large,3,100,12,150,p0.001,20,large
laptop@large,3,150,13,150,p0.001,20,large
laptop@medium,3,25,0,150,p0.001,20,medium
laptop@medium,3,50,0,150,p0.001,20,medium
laptop@medium,3,100,2,150,p0.001,20,medium
laptop@medium,3,150,6,150,p0.001,20,medium
laptop@small,3,25,0,150,p0.001,20,small
laptop@small,3,50,0,150,p0.001,20,small
laptop@small,3,100,0,150,p0.001,20,small
laptop@small,3,150,0,150,p0.001,20,small
microwave@large,3,25,9,150,p0.001,20,large
microwave@large,3,50,11,150,p0.001,20,large
microwave@large,3,100,16,150,p0.001,20,large
microwave@large,3,150,16,150,p0.001,20,large
microwave@medium,3,25,1,150,p0.001,20,medium
microwave@medium,3,50,2,150,p0.001,20,medium
microwave@medium,3,100,4,150,p0.001,20,medium
microwave@medium,3,150,4,150,p0.001,20,medium
microwave@small,3,25,0,150,p0.001,20,small
microwave@small,3,50,0,150,p0.001,20,small
microwave@small,3,100,0,150,p0.001,20,small
microwave@small,3,150,1,150,p0.001,20,small
motorcycle@large,3,25,11,150,p0.001,20,large
motorcycle@large,3,50,11,150,p0.001,20,large
motorcycle@large,3,100,11,150,p0.001,20,large
motorcycle@large,3,150,12,150,p0.001,20,large
motorcycle@medium,3,25,4,150,p0.001,20,medium
motorcycle@medium,3,50,5,150,p0.001,20,medium
motorcycle@medium,3,100,5,150,p0.001,20,medium
motorcycle@medium,3,150,7,150,p0.001,20,medium
motorcycle@small,3,25,0,150,p0.001,20,small
motorcycle@small,3,50,0,150,p0.001,20,small
motorcycle@small,3,100,1,150,p0.001,20,small
motorcycle@small,3,150,1,150,p0.001,20,small
mouse@large,3,25,13,150,p0.001,20,large
mouse@large,3,50,13,150,p0.001,20,large
mouse@large,3,100,13,150,p0.001,20,large
mouse@large,3,150,13,150,p0.001,20,large
mouse@medium,3,25,6,150,p0.001,20,medium
mouse@medium,3,50,9,150,p0.001,20,medium
mouse@medium,3,100,11,150,p0.001,20,medium
mouse@medium,3,150,12,150,p0.001,20,medium
mouse@small,3,25,0,150,p0.001,20,small
mouse@small,3,50,0,150,p0.001,20,small
mouse@small,3,100,1,150,p0.001,20,small
mouse@small,3,150,2,150,p0.001,20,small
orange@large,3,25,7,150,p0.001,20,large
orange@large,3,50,7,150,p0.001,20,large
orange@large,3,100,8,150,p0.001,20,large
orange@large,3,150,8,150,p0.001,20,large
orange@medium,3,25,2,150,p0.001,20,medium
orange@medium,3,50,2,150,p0.001,20,medium
orange@medium,3,100,3,150,p0.001,20,medium
orange@medium,3,150,3,150,p0.001,20,medium
parking meter@large,3,25,12,150,p0.001,20,large
parking meter@large,3,50,12,150,p0.001,20,large
parking meter@large,3,100,12,150,p0.001,20,large
parking meter@large,3,150,12,150,p0.001,20,large
parking meter@medium,3,25,5,150,p0.001,20,medium
parking meter@medium,3,50,5,150,p0.001,20,medium
parking meter@medium,3,100,6,150,p0.001,20,medium
parking meter@medium,3,150,7,150,p0.001,20,medium
parking meter@small,3,25,1,150,p0.001,20,small
parking meter@small,3,50,1,150,p0.001,20,small
parking meter@small,3,100,1,150,p0.001,20,small
parking meter@small,3,150,2,150,p0.001,20,small
person@large,3,25,1,150,p0.001,20,large
person@large,3,50,1,150,p0.001,20,large
person@large,3,100,3,150,p0.001,20,large
person@large,3,150,5,150,p0.001,20,large
person@medium,3,25,0,150,p0.001,20,medium
person@medium,3,50,0,150,p0.001,20,medium
person@medium,3,100,0,150,p0.001,20,medium
person@medium,3,150,0,150,p0.001,20,medium
person@small,3,25,0,150,p0.001,20,small
person@small,3,50,0,150,p0.001,20,small
person@small,3,100,0,150,p0.001,20,small
person@small,3,150,0,150,p0.001,20,small
remote@large,3,25,8,150,p0.001,20,large
remote@large,3,50,9,150,p0.001,20,large
remote@large,3,100,9,150,p0.001,20,large
remote@large,3,150,9,150,p0.001,20,large
remote@medium,3,25,1,150,p0.001,20,medium
remote@medium,3,50,3,150,p0.001,20,medium
remote@medium,3,100,3,150,p0.001,20,medium
remote@medium,3,150,3,150,p0.001,20,medium
remote@small,3,25,0,150,p0.001,20,small
remote@small,3,50,2,150,p0.001,20,small
remote@small,3,100,2,150,p0.001,20,small
remote@small,3,150,2,150,p0.001,20,small
scissors@large,3,25,11,150,p0.001,20,large
scissors@large,3,50,11,150,p0.001,20,large
scissors@large,3,100,11,150,p0.001,20,large
scissors@large,3,150,11,150,p0.001,20,large
scissors@medium,3,25,4,150,p0.001,20,medium
scissors@medium,3,50,4,150,p0.001,20,medium
scissors@medium,3,100,5,150,p0.001,20,medium
scissors@medium,3,150,6,150,p0.001,20,medium
scissors@small,3,25,0,150,p0.001,20,small
scissors@small,3,50,1,150,p0.001,20,small
scissors@small,3,100,3,150,p0.001,20,small
scissors@small,3,150,4,150,p0.001,20,small
single serving drinking vessel@large,3,25,3,150,p0.001,20,large
single serving drinking vessel@large,3,50,4,150,p0.001,20,large
single serving drinking vessel@large,3,100,4,150,p0.001,20,large
single serving drinking vessel@large,3,150,4,150,p0.001,20,large
single serving drinking vessel@medium,3,25,2,150,p0.001,20,medium
single serving drinking vessel@medium,3,50,2,150,p0.001,20,medium
single serving drinking vessel@medium,3,100,2,150,p0.001,20,medium
single serving drinking vessel@medium,3,150,3,150,p0.001,20,medium
single serving drinking vessel@small,3,25,0,150,p0.001,20,small
single serving drinking vessel@small,3,50,0,150,p0.001,20,small
single serving drinking vessel@small,3,100,0,150,p0.001,20,small
single serving drinking vessel@small,3,150,1,150,p0.001,20,small
sink@large,3,25,3,150,p0.001,20,large
sink@large,3,50,4,150,p0.001,20,large
sink@large,3,100,6,150,p0.001,20,large
sink@large,3,150,7,150,p0.001,20,large
sink@medium,3,25,0,150,p0.001,20,medium
sink@medium,3,50,1,150,p0.001,20,medium
sink@medium,3,100,2,150,p0.001,20,medium
sink@medium,3,150,3,150,p0.001,20,medium
sink@small,3,25,0,150,p0.001,20,small
sink@small,3,50,1,150,p0.001,20,small
sink@small,3,100,1,150,p0.001,20,small
sink@small,3,150,1,150,p0.001,20,small
skateboard@large,3,25,15,150,p0.001,20,large
skateboard@large,3,50,15,150,p0.001,20,large
skateboard@large,3,100,15,150,p0.001,20,large
skateboard@large,3,150,15,150,p0.001,20,large
skateboard@medium,3,25,8,150,p0.001,20,medium
skateboard@medium,3,50,8,150,p0.001,20,medium
skateboard@medium,3,100,8,150,p0.001,20,medium
skateboard@medium,3,150,8,150,p0.001,20,medium
skateboard@small,3,25,6,150,p0.001,20,small
skateboard@small,3,50,7,150,p0.001,20,small
skateboard@small,3,100,9,150,p0.001,20,small
skateboard@small,3,150,9,150,p0.001,20,small
skis@large,3,25,6,150,p0.001,20,large
skis@large,3,50,7,150,p0.001,20,large
skis@large,3,100,9,150,p0.001,20,large
skis@large,3,150,9,150,p0.001,20,large
skis@medium,3,25,8,150,p0.001,20,medium
skis@medium,3,50,10,150,p0.001,20,medium
skis@medium,3,100,11,150,p0.001,20,medium
skis@medium,3,150,13,150,p0.001,20,medium
skis@small,3,25,2,150,p0.001,20,small
skis@small,3,50,5,150,p0.001,20,small
skis@small,3,100,6,150,p0.001,20,small
skis@small,3,150,6,150,p0.001,20,small
snowboard@large,3,25,9,150,p0.001,20,large
snowboard@large,3,50,10,150,p0.001,20,large
snowboard@large,3,100,10,150,p0.001,20,large
snowboard@large,3,150,10,150,p0.001,20,large
snowboard@medium,3,25,8,150,p0.001,20,medium
snowboard@medium,3,50,9,150,p0.001,20,medium
snowboard@medium,3,100,9,150,p0.001,20,medium
snowboard@medium,3,150,10,150,p0.001,20,medium
snowboard@small,3,25,8,150,p0.001,20,small
snowboard@small,3,50,9,150,p0.001,20,small
snowboard@small,3,100,11,150,p0.001,20,small
snowboard@small,3,150,11,150,p0.001,20,small
spoon@large,3,25,2,150,p0.001,20,large
spoon@large,3,50,2,150,p0.001,20,large
spoon@large,3,100,3,150,p0.001,20,large
spoon@large,3,150,5,150,p0.001,20,large
spoon@medium,3,25,0,150,p0.001,20,medium
spoon@medium,3,50,0,150,p0.001,20,medium
spoon@medium,3,100,2,150,p0.001,20,medium
spoon@medium,3,150,2,150,p0.001,20,medium
spoon@small,3,25,0,150,p0.001,20,small
spoon@small,3,50,0,150,p0.001,20,small
spoon@small,3,100,0,150,p0.001,20,small
spoon@small,3,150,0,150,p0.001,20,small
stop sign@large,3,25,12,150,p0.001,20,large
stop sign@large,3,50,12,150,p0.001,20,large
stop sign@large,3,100,12,150,p0.001,20,large
stop sign@large,3,150,12,150,p0.001,20,large
stop sign@medium,3,25,2,150,p0.001,20,medium
stop sign@medium,3,50,4,150,p0.001,20,medium
stop sign@medium,3,100,7,150,p0.001,20,medium
stop sign@medium,3,150,7,150,p0.001,20,medium
stop sign@small,3,25,0,150,p0.001,20,small
stop sign@small,3,50,0,150,p0.001,20,small
stop sign@small,3,100,0,150,p0.001,20,small
stop sign@small,3,150,0,150,p0.001,20,small
surfboard@large,3,25,8,150,p0.001,20,large
surfboard@large,3,50,8,150,p0.001,20,large
surfboard@large,3,100,8,150,p0.001,20,large
surfboard@large,3,150,8,150,p0.001,20,large
surfboard@medium,3,25,10,150,p0.001,20,medium
surfboard@medium,3,50,10,150,p0.001,20,medium
surfboard@medium,3,100,11,150,p0.001,20,medium
surfboard@medium,3,150,11,150,p0.001,20,medium
surfboard@small,3,25,10,150,p0.001,20,small
surfboard@small,3,50,11,150,p0.001,20,small
surfboard@small,3,100,11,150,p0.001,20,small
surfboard@small,3,150,12,150,p0.001,20,small
tennis racket@large,3,25,10,150,p0.001,20,large
tennis racket@large,3,50,10,150,p0.001,20,large
tennis racket@large,3,100,10,150,p0.001,20,large
tennis racket@large,3,150,10,150,p0.001,20,large
tennis racket@medium,3,25,10,150,p0.001,20,medium
tennis racket@medium,3,50,12,150,p0.001,20,medium
tennis racket@medium,3,100,12,150,p0.001,20,medium
tennis racket@medium,3,150,12,150,p0.001,20,medium
tennis racket@small,3,25,9,150,p0.001,20,small
tennis racket@small,3,50,10,150,p0.001,20,small
tennis racket@small,3,100,10,150,p0.001,20,small
tennis racket@small,3,150,10,150,p0.001,20,small
tie@large,3,25,8,150,p0.001,20,large
tie@large,3,50,8,150,p0.001,20,large
tie@large,3,100,8,150,p0.001,20,large
tie@large,3,150,8,150,p0.001,20,large
tie@medium,3,25,6,150,p0.001,20,medium
tie@medium,3,50,6,150,p0.001,20,medium
tie@medium,3,100,7,150,p0.001,20,medium
tie@medium,3,150,7,150,p0.001,20,medium
tie@small,3,25,0,150,p0.001,20,small
tie@small,3,50,0,150,p0.001,20,small
tie@small,3,100,0,150,p0.001,20,small
tie@small,3,150,0,150,p0.001,20,small
toothbrush@large,3,25,10,150,p0.001,20,large
toothbrush@large,3,50,10,150,p0.001,20,large
toothbrush@large,3,100,10,150,p0.001,20,large
toothbrush@large,3,150,10,150,p0.001,20,large
toothbrush@medium,3,25,8,150,p0.001,20,medium
toothbrush@medium,3,50,9,150,p0.001,20,medium
toothbrush@medium,3,100,9,150,p0.001,20,medium
toothbrush@medium,3,150,11,150,p0.001,20,medium
toothbrush@small,3,25,1,150,p0.001,20,small
toothbrush@small,3,50,1,150,p0.001,20,small
toothbrush@small,3,100,2,150,p0.001,20,small
toothbrush@small,3,150,2,150,p0.001,20,small
traffic light@large,3,25,8,150,p0.001,20,large
traffic light@large,3,50,8,150,p0.001,20,large
traffic light@large,3,100,8,150,p0.001,20,large
traffic light@large,3,150,8,150,p0.001,20,large
traffic light@medium,3,25,5,150,p0.001,20,medium
traffic light@medium,3,50,5,150,p0.001,20,medium
traffic light@medium,3,100,6,150,p0.001,20,medium
traffic light@medium,3,150,7,150,p0.001,20,medium
traffic light@small,3,25,1,150,p0.001,20,small
traffic light@small,3,50,2,150,p0.001,20,small
traffic light@small,3,100,3,150,p0.001,20,small
traffic light@small,3,150,6,150,p0.001,20,small
tv@large,3,25,8,150,p0.001,20,large
tv@large,3,50,8,150,p0.001,20,large
tv@large,3,100,9,150,p0.001,20,large
tv@large,3,150,9,150,p0.001,20,large
tv@medium,3,25,0,150,p0.001,20,medium
tv@medium,3,50,1,150,p0.001,20,medium
tv@medium,3,100,2,150,p0.001,20,medium
tv@medium,3,150,2,150,p0.001,20,medium
tv@small,3,25,0,150,p0.001,20,small
tv@small,3,50,0,150,p0.001,20,small
tv@small,3,100,0,150,p0.001,20,small
tv@small,3,150,0,150,p0.001,20,small
umbrella@large,3,25,12,150,p0.001,20,large
umbrella@large,3,50,13,150,p0.001,20,large
umbrella@large,3,100,13,150,p0.001,20,large
umbrella@large,3,150,13,150,p0.001,20,large
umbrella@medium,3,25,3,150,p0.001,20,medium
umbrella@medium,3,50,3,150,p0.001,20,medium
umbrella@medium,3,100,3,150,p0.001,20,medium
umbrella@medium,3,150,3,150,p0.001,20,medium
umbrella@small,3,25,1,150,p0.001,20,small
umbrella@small,3,50,1,150,p0.001,20,small
umbrella@small,3,100,1,150,p0.001,20,small
umbrella@small,3,150,1,150,p0.001,20,small
vase or potted plant@large,3,25,6,150,p0.001,20,large
vase or potted plant@large,3,50,6,150,p0.001,20,large
vase or potted plant@large,3,100,7,150,p0.001,20,large
vase or potted plant@large,3,150,7,150,p0.001,20,large
vase or potted plant@medium,3,25,2,150,p0.001,20,medium
vase or potted plant@medium,3,50,3,150,p0.001,20,medium
vase or potted plant@medium,3,100,3,150,p0.001,20,medium
vase or potted plant@medium,3,150,4,150,p0.001,20,medium
vase or potted plant@small,3,25,0,150,p0.001,20,small
vase or potted plant@small,3,50,0,150,p0.001,20,small
vase or potted plant@small,3,100,1,150,p0.001,20,small
vase or potted plant@small,3,150,1,150,p0.001,20,small
airplane@large,4,25,13,150,p0.001,20,large
airplane@large,4,50,13,150,p0.001,20,large
airplane@large,4,100,13,150,p0.001,20,large
airplane@large,4,150,13,150,p0.001,20,large
airplane@medium,4,25,8,150,p0.001,20,medium
airplane@medium,4,50,10,150,p0.001,20,medium
airplane@medium,4,100,10,150,p0.001,20,medium
airplane@medium,4,150,10,150,p0.001,20,medium
airplane@small,4,25,8,150,p0.001,20,small
airplane@small,4,50,8,150,p0.001,20,small
airplane@small,4,100,10,150,p0.001,20,small
airplane@small,4,150,10,150,p0.001,20,small
apple@large,4,25,4,150,p0.001,20,large
apple@large,4,50,5,150,p0.001,20,large
apple@large,4,100,6,150,p0.001,20,large
apple@large,4,150,6,150,p0.001,20,large
apple@medium,4,25,6,150,p0.001,20,medium
apple@medium,4,50,6,150,p0.001,20,medium
apple@medium,4,100,8,150,p0.001,20,medium
apple@medium,4,150,8,150,p0.001,20,medium
bag or luggage@large,4,25,7,150,p0.001,20,large
bag or luggage@large,4,50,7,150,p0.001,20,large
bag or luggage@large,4,100,7,150,p0.001,20,large
bag or luggage@large,4,150,7,150,p0.001,20,large
bag or luggage@medium,4,25,3,150,p0.001,20,medium
bag or luggage@medium,4,50,4,150,p0.001,20,medium
bag or luggage@medium,4,100,4,150,p0.001,20,medium
bag or luggage@medium,4,150,6,150,p0.001,20,medium
bag or luggage@small,4,25,0,150,p0.001,20,small
bag or luggage@small,4,50,0,150,p0.001,20,small
bag or luggage@small,4,100,0,150,p0.001,20,small
bag or luggage@small,4,150,0,150,p0.001,20,small
banana@large,4,25,9,150,p0.001,20,large
banana@large,4,50,9,150,p0.001,20,large
banana@large,4,100,9,150,p0.001,20,large
banana@large,4,150,9,150,p0.001,20,large
banana@medium,4,25,5,150,p0.001,20,medium
banana@medium,4,50,6,150,p0.001,20,medium
banana@medium,4,100,6,150,p0.001,20,medium
banana@medium,4,150,6,150,p0.001,20,medium
baseball bat@large,4,25,15,150,p0.001,20,large
baseball bat@large,4,50,15,150,p0.001,20,large
baseball bat@large,4,100,15,150,p0.001,20,large
baseball bat@large,4,150,15,150,p0.001,20,large
baseball bat@medium,4,25,13,150,p0.001,20,medium
baseball bat@medium,4,50,14,150,p0.001,20,medium
baseball bat@medium,4,100,14,150,p0.001,20,medium
baseball bat@medium,4,150,15,150,p0.001,20,medium
baseball bat@small,4,25,13,150,p0.001,20,small
baseball bat@small,4,50,13,150,p0.001,20,small
baseball bat@small,4,100,13,150,p0.001,20,small
baseball bat@small,4,150,13,150,p0.001,20,small
bench@large,4,25,5,150,p0.001,20,large
bench@large,4,50,7,150,p0.001,20,large
bench@large,4,100,8,150,p0.001,20,large
bench@large,4,150,8,150,p0.001,20,large
bench@medium,4,25,1,150,p0.001,20,medium
bench@medium,4,50,1,150,p0.001,20,medium
bench@medium,4,100,1,150,p0.001,20,medium
bench@medium,4,150,1,150,p0.001,20,medium
bench@small,4,25,0,150,p0.001,20,small
bench@small,4,50,0,150,p0.001,20,small
bench@small,4,100,0,150,p0.001,20,small
bench@small,4,150,0,150,p0.001,20,small
bicycle@large,4,25,8,150,p0.001,20,large
bicycle@large,4,50,8,150,p0.001,20,large
bicycle@large,4,100,9,150,p0.001,20,large
bicycle@large,4,150,10,150,p0.001,20,large
bicycle@medium,4,25,3,150,p0.001,20,medium
bicycle@medium,4,50,4,150,p0.001,20,medium
bicycle@medium,4,100,4,150,p0.001,20,medium
bicycle@medium,4,150,5,150,p0.001,20,medium
bicycle@small,4,25,1,150,p0.001,20,small
bicycle@small,4,50,2,150,p0.001,20,small
bicycle@small,4,100,2,150,p0.001,20,small
bicycle@small,4,150,3,150,p0.001,20,small
bird@large,4,25,9,150,p0.001,20,large
bird@large,4,50,9,150,p0.001,20,large
bird@large,4,100,10,150,p0.001,20,large
bird@large,4,150,10,150,p0.001,20,large
bird@medium,4,25,6,150,p0.001,20,medium
bird@medium,4,50,7,150,p0.001,20,medium
bird@medium,4,100,7,150,p0.001,20,medium
bird@medium,4,150,7,150,p0.001,20,medium
bird@small,4,25,0,150,p0.001,20,small
bird@small,4,50,1,150,p0.001,20,small
bird@small,4,100,1,150,p0.001,20,small
bird@small,4,150,1,150,p0.001,20,small
boat@large,4,25,10,150,p0.001,20,large
boat@large,4,50,13,150,p0.001,20,large
boat@large,4,100,14,150,p0.001,20,large
boat@large,4,150,14,150,p0.001,20,large
boat@medium,4,25,3,150,p0.001,20,medium
boat@medium,4,50,8,150,p0.001,20,medium
boat@medium,4,100,8,150,p0.001,20,medium
boat@medium,4,150,9,150,p0.001,20,medium
boat@small,4,25,3,150,p0.001,20,small
boat@small,4,50,4,150,p0.001,20,small
boat@small,4,100,4,150,p0.001,20,small
boat@small,4,150,5,150,p0.001,20,small
book@large,4,25,5,150,p0.001,20,large
book@large,4,50,6,150,p0.001,20,large
book@large,4,100,8,150,p0.001,20,large
book@large,4,150,8,150,p0.001,20,large
book@medium,4,25,0,150,p0.001,20,medium
book@medium,4,50,0,150,p0.001,20,medium
book@medium,4,100,0,150,p0.001,20,medium
book@medium,4,150,1,150,p0.001,20,medium
book@small,4,25,0,150,p0.001,20,small
book@small,4,50,0,150,p0.001,20,small
book@small,4,100,0,150,p0.001,20,small
book@small,4,150,1,150,p0.001,20,small
bottle@large,4,25,5,150,p0.001,20,large
bottle@large,4,50,5,150,p0.001,20,large
bottle@large,4,100,7,150,p0.001,20,large
bottle@large,4,150,8,150,p0.001,20,large
bottle@medium,4,25,0,150,p0.001,20,medium
bottle@medium,4,50,0,150,p0.001,20,medium
bottle@medium,4,100,1,150,p0.001,20,medium
bottle@medium,4,150,1,150,p0.001,20,medium
bottle@small,4,25,0,150,p0.001,20,small
bottle@small,4,50,0,150,p0.001,20,small
bottle@small,4,100,0,150,p0.001,20,small
bottle@small,4,150,0,150,p0.001,20,small
bowl@large,4,25,1,150,p0.001,20,large
bowl@large,4,50,1,150,p0.001,20,large
bowl@large,4,100,1,150,p0.001,20,large
bowl@large,4,150,3,150,p0.001,20,large
bowl@medium,4,25,0,150,p0.001,20,medium
bowl@medium,4,50,0,150,p0.001,20,medium
bowl@medium,4,100,1,150,p0.001,20,medium
bowl@medium,4,150,2,150,p0.001,20,medium
bowl@small,4,25,0,150,p0.001,20,small
bowl@small,4,50,0,150,p0.001,20,small
bowl@small,4,100,0,150,p0.001,20,small
bowl@small,4,150,0,150,p0.001,20,small
bus@large,4,25,8,150,p0.001,20,large
bus@large,4,50,8,150,p0.001,20,large
bus@large,4,100,9,150,p0.001,20,large
bus@large,4,150,10,150,p0.001,20,large
bus@medium,4,25,2,150,p0.001,20,medium
bus@medium,4,50,3,150,p0.001,20,medium
bus@medium,4,100,3,150,p0.001,20,medium
bus@medium,4,150,3,150,p0.001,20,medium
bus@small,4,25,0,150,p0.001,20,small
bus@small,4,50,1,150,p0.001,20,small
bus@small,4,100,1,150,p0.001,20,small
bus@small,4,150,1,150,p0.001,20,small
cell phone@large,4,25,11,150,p0.001,20,large
cell phone@large,4,50,12,150,p0.001,20,large
cell phone@large,4,100,12,150,p0.001,20,large
cell phone@large,4,150,12,150,p0.001,20,large
cell phone@medium,4,25,3,150,p0.001,20,medium
cell phone@medium,4,50,4,150,p0.001,20,medium
cell phone@medium,4,100,5,150,p0.001,20,medium
cell phone@medium,4,150,5,150,p0.001,20,medium
cell phone@small,4,25,0,150,p0.001,20,small
cell phone@small,4,50,0,150,p0.001,20,small
cell phone@small,4,100,1,150,p0.001,20,small
cell phone@small,4,150,1,150,p0.001,20,small
chair@large,4,25,1,150,p0.001,20,large
chair@large,4,50,2,150,p0.001,20,large
chair@large,4,100,4,150,p0.001,20,large
chair@large,4,150,4,150,p0.001,20,large
chair@medium,4,25,0,150,p0.001,20,medium
chair@medium,4,50,0,150,p0.001,20,medium
chair@medium,4,100,0,150,p0.001,20,medium
chair@medium,4,150,1,150,p0.001,20,medium
chair@small,4,25,0,150,p0.001,20,small
chair@small,4,50,0,150,p0.001,20,small
chair@small,4,100,0,150,p0.001,20,small
chair@small,4,150,0,150,p0.001,20,small
clock@large,4,25,14,150,p0.001,20,large
clock@large,4,50,14,150,p0.001,20,large
clock@large,4,100,14,150,p0.001,20,large
clock@large,4,150,14,150,p0.001,20,large
clock@medium,4,25,7,150,p0.001,20,medium
clock@medium,4,50,7,150,p0.001,20,medium
clock@medium,4,100,7,150,p0.001,20,medium
clock@medium,4,150,7,150,p0.001,20,medium
clock@small,4,25,1,150,p0.001,20,small
clock@small,4,50,2,150,p0.001,20,small
clock@small,4,100,2,150,p0.001,20,small
clock@small,4,150,2,150,p0.001,20,small
dining table@large,4,25,1,150,p0.001,20,large
dining table@large,4,50,2,150,p0.001,20,large
dining table@large,4,100,2,150,p0.001,20,large
dining table@large,4,150,3,150,p0.001,20,large
dining table@medium,4,25,3,150,p0.001,20,medium
dining table@medium,4,50,3,150,p0.001,20,medium
dining table@medium,4,100,4,150,p0.001,20,medium
dining table@medium,4,150,6,150,p0.001,20,medium
dining table@small,4,25,0,150,p0.001,20,small
dining table@small,4,50,0,150,p0.001,20,small
dining table@small,4,100,0,150,p0.001,20,small
dining table@small,4,150,1,150,p0.001,20,small
dog@large,4,25,7,150,p0.001,20,large
dog@large,4,50,9,150,p0.001,20,large
dog@large,4,100,9,150,p0.001,20,large
dog@large,4,150,10,150,p0.001,20,large
dog@medium,4,25,2,150,p0.001,20,medium
dog@medium,4,50,5,150,p0.001,20,medium
dog@medium,4,100,6,150,p0.001,20,medium
dog@medium,4,150,7,150,p0.001,20,medium
dog@small,4,25,1,150,p0.001,20,small
dog@small,4,50,1,150,p0.001,20,small
dog@small,4,100,2,150,p0.001,20,small
dog@small,4,150,2,150,p0.001,20,small
enclosed road vehicle@large,4,25,4,150,p0.001,20,large
enclosed road vehicle@large,4,50,5,150,p0.001,20,large
enclosed road vehicle@large,4,100,6,150,p0.001,20,large
enclosed road vehicle@large,4,150,6,150,p0.001,20,large
enclosed road vehicle@medium,4,25,0,150,p0.001,20,medium
enclosed road vehicle@medium,4,50,0,150,p0.001,20,medium
enclosed road vehicle@medium,4,100,0,150,p0.001,20,medium
enclosed road vehicle@medium,4,150,0,150,p0.001,20,medium
enclosed road vehicle@small,4,25,0,150,p0.001,20,small
enclosed road vehicle@small,4,50,0,150,p0.001,20,small
enclosed road vehicle@small,4,100,0,150,p0.001,20,small
enclosed road vehicle@small,4,150,0,150,p0.001,20,small
fire hydrant@large,4,25,11,150,p0.001,20,large
fire hydrant@large,4,50,11,150,p0.001,20,large
fire hydrant@large,4,100,11,150,p0.001,20,large
fire hydrant@large,4,150,11,150,p0.001,20,large
fire hydrant@medium,4,25,6,150,p0.001,20,medium
fire hydrant@medium,4,50,7,150,p0.001,20,medium
fire hydrant@medium,4,100,9,150,p0.001,20,medium
fire hydrant@medium,4,150,9,150,p0.001,20,medium
fire hydrant@small,4,25,0,150,p0.001,20,small
fire hydrant@small,4,50,1,150,p0.001,20,small
fire hydrant@small,4,100,2,150,p0.001,20,small
fire hydrant@small,4,150,2,150,p0.001,20,small
fork@large,4,25,5,150,p0.001,20,large
fork@large,4,50,5,150,p0.001,20,large
fork@large,4,100,7,150,p0.001,20,large
fork@large,4,150,9,150,p0.001,20,large
fork@medium,4,25,2,150,p0.001,20,medium
fork@medium,4,50,2,150,p0.001,20,medium
fork@medium,4,100,3,150,p0.001,20,medium
fork@medium,4,150,3,150,p0.001,20,medium
fork@small,4,25,0,150,p0.001,20,small
fork@small,4,50,0,150,p0.001,20,small
fork@small,4,100,0,150,p0.001,20,small
fork@small,4,150,0,150,p0.001,20,small
frisbee@large,4,25,4,150,p0.001,20,large
frisbee@large,4,50,5,150,p0.001,20,large
frisbee@large,4,100,6,150,p0.001,20,large
frisbee@large,4,150,7,150,p0.001,20,large
frisbee@medium,4,25,8,150,p0.001,20,medium
frisbee@medium,4,50,8,150,p0.001,20,medium
frisbee@medium,4,100,10,150,p0.001,20,medium
frisbee@medium,4,150,12,150,p0.001,20,medium
frisbee@small,4,25,7,150,p0.001,20,small
frisbee@small,4,50,8,150,p0.001,20,small
frisbee@small,4,100,8,150,p0.001,20,small
frisbee@small,4,150,8,150,p0.001,20,small
keyboard@large,4,25,9,150,p0.001,20,large
keyboard@large,4,50,10,150,p0.001,20,large
keyboard@large,4,100,10,150,p0.001,20,large
keyboard@large,4,150,13,150,p0.001,20,large
keyboard@medium,4,25,2,150,p0.001,20,medium
keyboard@medium,4,50,2,150,p0.001,20,medium
keyboard@medium,4,100,3,150,p0.001,20,medium
keyboard@medium,4,150,4,150,p0.001,20,medium
keyboard@small,4,25,0,150,p0.001,20,small
keyboard@small,4,50,0,150,p0.001,20,small
keyboard@small,4,100,0,150,p0.001,20,small
keyboard@small,4,150,0,150,p0.001,20,small
kite@large,4,25,9,150,p0.001,20,large
kite@large,4,50,9,150,p0.001,20,large
kite@large,4,100,11,150,p0.001,20,large
kite@large,4,150,12,150,p0.001,20,large
kite@medium,4,25,9,150,p0.001,20,medium
kite@medium,4,50,10,150,p0.001,20,medium
kite@medium,4,100,12,150,p0.001,20,medium
kite@medium,4,150,12,150,p0.001,20,medium
kite@small,4,25,7,150,p0.001,20,small
kite@small,4,50,9,150,p0.001,20,small
kite@small,4,100,10,150,p0.001,20,small
kite@small,4,150,11,150,p0.001,20,small
knife@large,4,25,1,150,p0.001,20,large
knife@large,4,50,1,150,p0.001,20,large
knife@large,4,100,1,150,p0.001,20,large
knife@large,4,150,3,150,p0.001,20,large
knife@medium,4,25,1,150,p0.001,20,medium
knife@medium,4,50,1,150,p0.001,20,medium
knife@medium,4,100,2,150,p0.001,20,medium
knife@medium,4,150,2,150,p0.001,20,medium
knife@small,4,25,0,150,p0.001,20,small
knife@small,4,50,0,150,p0.001,20,small
knife@small,4,100,0,150,p0.001,20,small
knife@small,4,150,0,150,p0.001,20,small
laptop@large,4,25,6,150,p0.001,20,large
laptop@large,4,50,9,150,p0.001,20,large
laptop@large,4,100,9,150,p0.001,20,large
laptop@large,4,150,9,150,p0.001,20,large
laptop@medium,4,25,2,150,p0.001,20,medium
laptop@medium,4,50,2,150,p0.001,20,medium
laptop@medium,4,100,3,150,p0.001,20,medium
laptop@medium,4,150,6,150,p0.001,20,medium
laptop@small,4,25,0,150,p0.001,20,small
laptop@small,4,50,0,150,p0.001,20,small
laptop@small,4,100,0,150,p0.001,20,small
laptop@small,4,150,0,150,p0.001,20,small
microwave@large,4,25,4,150,p0.001,20,large
microwave@large,4,50,4,150,p0.001,20,large
microwave@large,4,100,6,150,p0.001,20,large
microwave@large,4,150,7,150,p0.001,20,large
microwave@medium,4,25,0,150,p0.001,20,medium
microwave@medium,4,50,2,150,p0.001,20,medium
microwave@medium,4,100,3,150,p0.001,20,medium
microwave@medium,4,150,4,150,p0.001,20,medium
microwave@small,4,25,0,150,p0.001,20,small
microwave@small,4,50,0,150,p0.001,20,small
microwave@small,4,100,0,150,p0.001,20,small
microwave@small,4,150,0,150,p0.001,20,small
motorcycle@large,4,25,10,150,p0.001,20,large
motorcycle@large,4,50,10,150,p0.001,20,large
motorcycle@large,4,100,11,150,p0.001,20,large
motorcycle@large,4,150,11,150,p0.001,20,large
motorcycle@medium,4,25,6,150,p0.001,20,medium
motorcycle@medium,4,50,7,150,p0.001,20,medium
motorcycle@medium,4,100,7,150,p0.001,20,medium
motorcycle@medium,4,150,8,150,p0.001,20,medium
motorcycle@small,4,25,0,150,p0.001,20,small
motorcycle@small,4,50,0,150,p0.001,20,small
motorcycle@small,4,100,0,150,p0.001,20,small
motorcycle@small,4,150,1,150,p0.001,20,small
mouse@large,4,25,8,150,p0.001,20,large
mouse@large,4,50,9,150,p0.001,20,large
mouse@large,4,100,9,150,p0.001,20,large
mouse@large,4,150,9,150,p0.001,20,large
mouse@medium,4,25,6,150,p0.001,20,medium
mouse@medium,4,50,8,150,p0.001,20,medium
mouse@medium,4,100,10,150,p0.001,20,medium
mouse@medium,4,150,11,150,p0.001,20,medium
mouse@small,4,25,0,150,p0.001,20,small
mouse@small,4,50,1,150,p0.001,20,small
mouse@small,4,100,1,150,p0.001,20,small
mouse@small,4,150,3,150,p0.001,20,small
orange@large,4,25,10,150,p0.001,20,large
orange@large,4,50,10,150,p0.001,20,large
orange@large,4,100,11,150,p0.001,20,large
orange@large,4,150,11,150,p0.001,20,large
orange@medium,4,25,5,150,p0.001,20,medium
orange@medium,4,50,6,150,p0.001,20,medium
orange@medium,4,100,7,150,p0.001,20,medium
orange@medium,4,150,7,150,p0.001,20,medium
parking meter@large,4,25,9,150,p0.001,20,large
parking meter@large,4,50,9,150,p0.001,20,large
parking meter@large,4,100,9,150,p0.001,20,large
parking meter@large,4,150,9,150,p0.001,20,large
parking meter@medium,4,25,2,150,p0.001,20,medium
parking meter@medium,4,50,2,150,p0.001,20,medium
parking meter@medium,4,100,5,150,p0.001,20,medium
parking meter@medium,4,150,5,150,p0.001,20,medium
parking meter@small,4,25,0,150,p0.001,20,small
parking meter@small,4,50,0,150,p0.001,20,small
parking meter@small,4,100,0,150,p0.001,20,small
parking meter@small,4,150,0,150,p0.001,20,small
person@large,4,25,1,150,p0.001,20,large
person@large,4,50,2,150,p0.001,20,large
person@large,4,100,3,150,p0.001,20,large
person@large,4,150,3,150,p0.001,20,large
person@medium,4,25,0,150,p0.001,20,medium
person@medium,4,50,1,150,p0.001,20,medium
person@medium,4,100,1,150,p0.001,20,medium
person@medium,4,150,2,150,p0.001,20,medium
person@small,4,25,0,150,p0.001,20,small
person@small,4,50,0,150,p0.001,20,small
person@small,4,100,0,150,p0.001,20,small
person@small,4,150,0,150,p0.001,20,small
remote@large,4,25,12,150,p0.001,20,large
remote@large,4,50,13,150,p0.001,20,large
remote@large,4,100,14,150,p0.001,20,large
remote@large,4,150,14,150,p0.001,20,large
remote@medium,4,25,3,150,p0.001,20,medium
remote@medium,4,50,4,150,p0.001,20,medium
remote@medium,4,100,4,150,p0.001,20,medium
remote@medium,4,150,4,150,p0.001,20,medium
remote@small,4,25,0,150,p0.001,20,small
remote@small,4,50,1,150,p0.001,20,small
remote@small,4,100,1,150,p0.001,20,small
remote@small,4,150,1,150,p0.001,20,small
scissors@large,4,25,7,150,p0.001,20,large
scissors@large,4,50,8,150,p0.001,20,large
scissors@large,4,100,9,150,p0.001,20,large
scissors@large,4,150,9,150,p0.001,20,large
scissors@medium,4,25,5,150,p0.001,20,medium
scissors@medium,4,50,7,150,p0.001,20,medium
scissors@medium,4,100,8,150,p0.001,20,medium
scissors@medium,4,150,9,150,p0.001,20,medium
scissors@small,4,25,0,150,p0.001,20,small
scissors@small,4,50,0,150,p0.001,20,small
scissors@small,4,100,1,150,p0.001,20,small
scissors@small,4,150,1,150,p0.001,20,small
single serving drinking vessel@large,4,25,1,150,p0.001,20,large
single serving drinking vessel@large,4,50,2,150,p0.001,20,large
single serving drinking vessel@large,4,100,2,150,p0.001,20,large
single serving drinking vessel@large,4,150,2,150,p0.001,20,large
single serving drinking vessel@medium,4,25,1,150,p0.001,20,medium
single serving drinking vessel@medium,4,50,1,150,p0.001,20,medium
single serving drinking vessel@medium,4,100,3,150,p0.001,20,medium
single serving drinking vessel@medium,4,150,5,150,p0.001,20,medium
single serving drinking vessel@small,4,25,0,150,p0.001,20,small
single serving drinking vessel@small,4,50,0,150,p0.001,20,small
single serving drinking vessel@small,4,100,1,150,p0.001,20,small
single serving drinking vessel@small,4,150,1,150,p0.001,20,small
sink@large,4,25,6,150,p0.001,20,large
sink@large,4,50,7,150,p0.001,20,large
sink@large,4,100,8,150,p0.001,20,large
sink@large,4,150,9,150,p0.001,20,large
sink@medium,4,25,1,150,p0.001,20,medium
sink@medium,4,50,1,150,p0.001,20,medium
sink@medium,4,100,2,150,p0.001,20,medium
sink@medium,4,150,3,150,p0.001,20,medium
sink@small,4,25,0,150,p0.001,20,small
sink@small,4,50,0,150,p0.001,20,small
sink@small,4,100,0,150,p0.001,20,small
sink@small,4,150,0,150,p0.001,20,small
skateboard@large,4,25,10,150,p0.001,20,large
skateboard@large,4,50,11,150,p0.001,20,large
skateboard@large,4,100,11,150,p0.001,20,large
skateboard@large,4,150,11,150,p0.001,20,large
skateboard@medium,4,25,8,150,p0.001,20,medium
skateboard@medium,4,50,8,150,p0.001,20,medium
skateboard@medium,4,100,10,150,p0.001,20,medium
skateboard@medium,4,150,10,150,p0.001,20,medium
skateboard@small,4,25,5,150,p0.001,20,small
skateboard@small,4,50,5,150,p0.001,20,small
skateboard@small,4,100,6,150,p0.001,20,small
skateboard@small,4,150,6,150,p0.001,20,small
skis@large,4,25,9,150,p0.001,20,large
skis@large,4,50,10,150,p0.001,20,large
skis@large,4,100,10,150,p0.001,20,large
skis@large,4,150,10,150,p0.001,20,large
skis@medium,4,25,7,150,p0.001,20,medium
skis@medium,4,50,10,150,p0.001,20,medium
skis@medium,4,100,10,150,p0.001,20,medium
skis@medium,4,150,11,150,p0.001,20,medium
skis@small,4,25,5,150,p0.001,20,small
skis@small,4,50,7,150,p0.001,20,small
skis@small,4,100,8,150,p0.001,20,small
skis@small,4,150,9,150,p0.001,20,small
snowboard@large,4,25,10,150,p0.001,20,large
snowboard@large,4,50,11,150,p0.001,20,large
snowboard@large,4,100,11,150,p0.001,20,large
snowboard@large,4,150,11,150,p0.001,20,large
snowboard@medium,4,25,8,150,p0.001,20,medium
snowboard@medium,4,50,10,150,p0.001,20,medium
snowboard@medium,4,100,10,150,p0.001,20,medium
snowboard@medium,4,150,11,150,p0.001,20,medium
snowboard@small,4,25,3,150,p0.001,20,small
snowboard@small,4,50,3,150,p0.001,20,small
snowboard@small,4,100,5,150,p0.001,20,small
snowboard@small,4,150,6,150,p0.001,20,small
spoon@large,4,25,1,150,p0.001,20,large
spoon@large,4,50,3,150,p0.001,20,large
spoon@large,4,100,5,150,p0.001,20,large
spoon@large,4,150,5,150,p0.001,20,large
spoon@medium,4,25,1,150,p0.001,20,medium
spoon@medium,4,50,1,150,p0.001,20,medium
spoon@medium,4,100,3,150,p0.001,20,medium
spoon@medium,4,150,3,150,p0.001,20,medium
spoon@small,4,25,0,150,p0.001,20,small
spoon@small,4,50,0,150,p0.001,20,small
spoon@small,4,100,0,150,p0.001,20,small
spoon@small,4,150,0,150,p0.001,20,small
stop sign@large,4,25,10,150,p0.001,20,large
stop sign@large,4,50,10,150,p0.001,20,large
stop sign@large,4,100,11,150,p0.001,20,large
stop sign@large,4,150,11,150,p0.001,20,large
stop sign@medium,4,25,10,150,p0.001,20,medium
stop sign@medium,4,50,10,150,p0.001,20,medium
stop sign@medium,4,100,10,150,p0.001,20,medium
stop sign@medium,4,150,10,150,p0.001,20,medium
stop sign@small,4,25,0,150,p0.001,20,small
stop sign@small,4,50,0,150,p0.001,20,small
stop sign@small,4,100,0,150,p0.001,20,small
stop sign@small,4,150,0,150,p0.001,20,small
surfboard@large,4,25,13,150,p0.001,20,large
surfboard@large,4,50,16,150,p0.001,20,large
surfboard@large,4,100,16,150,p0.001,20,large
surfboard@large,4,150,16,150,p0.001,20,large
surfboard@medium,4,25,9,150,p0.001,20,medium
surfboard@medium,4,50,9,150,p0.001,20,medium
surfboard@medium,4,100,10,150,p0.001,20,medium
surfboard@medium,4,150,10,150,p0.001,20,medium
surfboard@small,4,25,10,150,p0.001,20,small
surfboard@small,4,50,10,150,p0.001,20,small
surfboard@small,4,100,12,150,p0.001,20,small
surfboard@small,4,150,12,150,p0.001,20,small
tennis racket@large,4,25,11,150,p0.001,20,large
tennis racket@large,4,50,11,150,p0.001,20,large
tennis racket@large,4,100,11,150,p0.001,20,large
tennis racket@large,4,150,11,150,p0.001,20,large
tennis racket@medium,4,25,14,150,p0.001,20,medium
tennis racket@medium,4,50,14,150,p0.001,20,medium
tennis racket@medium,4,100,14,150,p0.001,20,medium
tennis racket@medium,4,150,14,150,p0.001,20,medium
tennis racket@small,4,25,11,150,p0.001,20,small
tennis racket@small,4,50,11,150,p0.001,20,small
tennis racket@small,4,100,11,150,p0.001,20,small
tennis racket@small,4,150,11,150,p0.001,20,small
tie@large,4,25,10,150,p0.001,20,large
tie@large,4,50,12,150,p0.001,20,large
tie@large,4,100,12,150,p0.001,20,large
tie@large,4,150,12,150,p0.001,20,large
tie@medium,4,25,6,150,p0.001,20,medium
tie@medium,4,50,8,150,p0.001,20,medium
tie@medium,4,100,8,150,p0.001,20,medium
tie@medium,4,150,9,150,p0.001,20,medium
tie@small,4,25,1,150,p0.001,20,small
tie@small,4,50,1,150,p0.001,20,small
tie@small,4,100,3,150,p0.001,20,small
tie@small,4,150,3,150,p0.001,20,small
toothbrush@large,4,25,8,150,p0.001,20,large
toothbrush@large,4,50,9,150,p0.001,20,large
toothbrush@large,4,100,9,150,p0.001,20,large
toothbrush@large,4,150,9,150,p0.001,20,large
toothbrush@medium,4,25,6,150,p0.001,20,medium
toothbrush@medium,4,50,8,150,p0.001,20,medium
toothbrush@medium,4,100,8,150,p0.001,20,medium
toothbrush@medium,4,150,8,150,p0.001,20,medium
toothbrush@small,4,25,3,150,p0.001,20,small
toothbrush@small,4,50,3,150,p0.001,20,small
toothbrush@small,4,100,4,150,p0.001,20,small
toothbrush@small,4,150,4,150,p0.001,20,small
traffic light@large,4,25,5,150,p0.001,20,large
traffic light@large,4,50,6,150,p0.001,20,large
traffic light@large,4,100,6,150,p0.001,20,large
traffic light@large,4,150,8,150,p0.001,20,large
traffic light@medium,4,25,5,150,p0.001,20,medium
traffic light@medium,4,50,6,150,p0.001,20,medium
traffic light@medium,4,100,7,150,p0.001,20,medium
traffic light@medium,4,150,8,150,p0.001,20,medium
traffic light@small,4,25,2,150,p0.001,20,small
traffic light@small,4,50,3,150,p0.001,20,small
traffic light@small,4,100,3,150,p0.001,20,small
traffic light@small,4,150,4,150,p0.001,20,small
tv@large,4,25,3,150,p0.001,20,large
tv@large,4,50,4,150,p0.001,20,large
tv@large,4,100,5,150,p0.001,20,large
tv@large,4,150,6,150,p0.001,20,large
tv@medium,4,25,0,150,p0.001,20,medium
tv@medium,4,50,0,150,p0.001,20,medium
tv@medium,4,100,0,150,p0.001,20,medium
tv@medium,4,150,1,150,p0.001,20,medium
tv@small,4,25,0,150,p0.001,20,small
tv@small,4,50,0,150,p0.001,20,small
tv@small,4,100,1,150,p0.001,20,small
tv@small,4,150,1,150,p0.001,20,small
umbrella@large,4,25,9,150,p0.001,20,large
umbrella@large,4,50,9,150,p0.001,20,large
umbrella@large,4,100,10,150,p0.001,20,large
umbrella@large,4,150,10,150,p0.001,20,large
umbrella@medium,4,25,1,150,p0.001,20,medium
umbrella@medium,4,50,1,150,p0.001,20,medium
umbrella@medium,4,100,1,150,p0.001,20,medium
umbrella@medium,4,150,1,150,p0.001,20,medium
umbrella@small,4,25,0,150,p0.001,20,small
umbrella@small,4,50,1,150,p0.001,20,small
umbrella@small,4,100,1,150,p0.001,20,small
umbrella@small,4,150,1,150,p0.001,20,small
vase or potted plant@large,4,25,11,150,p0.001,20,large
vase or potted plant@large,4,50,11,150,p0.001,20,large
vase or potted plant@large,4,100,11,150,p0.001,20,large
vase or potted plant@large,4,150,11,150,p0.001,20,large
vase or potted plant@medium,4,25,1,150,p0.001,20,medium
vase or potted plant@medium,4,50,1,150,p0.001,20,medium
vase or potted plant@medium,4,100,1,150,p0.001,20,medium
vase or potted plant@medium,4,150,2,150,p0.001,20,medium
vase or potted plant@small,4,25,0,150,p0.001,20,small
vase or potted plant@small,4,50,0,150,p0.001,20,small
vase or potted plant@small,4,100,1,150,p0.001,20,small
vase or potted plant@small,4,150,1,150,p0.001,20,small
airplane@large,0,25,8,7,p0.001,3,large
airplane@large,0,50,8,7,p0.001,3,large
airplane@large,0,100,8,7,p0.001,3,large
airplane@large,0,150,8,7,p0.001,3,large
airplane@medium,0,25,6,7,p0.001,3,medium
airplane@medium,0,50,6,7,p0.001,3,medium
airplane@medium,0,100,6,7,p0.001,3,medium
airplane@medium,0,150,6,7,p0.001,3,medium
airplane@small,0,25,3,7,p0.001,3,small
airplane@small,0,50,3,7,p0.001,3,small
airplane@small,0,100,3,7,p0.001,3,small
airplane@small,0,150,3,7,p0.001,3,small
apple@large,0,25,3,7,p0.001,3,large
apple@large,0,50,3,7,p0.001,3,large
apple@large,0,100,4,7,p0.001,3,large
apple@large,0,150,4,7,p0.001,3,large
apple@medium,0,25,3,7,p0.001,3,medium
apple@medium,0,50,4,7,p0.001,3,medium
apple@medium,0,100,4,7,p0.001,3,medium
apple@medium,0,150,6,7,p0.001,3,medium
bag or luggage@large,0,25,3,7,p0.001,3,large
bag or luggage@large,0,50,3,7,p0.001,3,large
bag or luggage@large,0,100,3,7,p0.001,3,large
bag or luggage@large,0,150,3,7,p0.001,3,large
bag or luggage@medium,0,25,2,150,p0.001,3,medium
bag or luggage@medium,0,50,2,150,p0.001,3,medium
bag or luggage@medium,0,100,2,150,p0.001,3,medium
bag or luggage@medium,0,150,2,150,p0.001,3,medium
bag or luggage@small,0,25,0,150,p0.001,3,small
bag or luggage@small,0,50,0,150,p0.001,3,small
bag or luggage@small,0,100,0,150,p0.001,3,small
bag or luggage@small,0,150,0,150,p0.001,3,small
banana@large,0,25,3,7,p0.001,3,large
banana@large,0,50,3,7,p0.001,3,large
banana@large,0,100,3,7,p0.001,3,large
banana@large,0,150,3,7,p0.001,3,large
banana@medium,0,25,3,7,p0.001,3,medium
banana@medium,0,50,3,7,p0.001,3,medium
banana@medium,0,100,3,7,p0.001,3,medium
banana@medium,0,150,3,7,p0.001,3,medium
baseball bat@large,0,25,3,7,p0.001,3,large
baseball bat@large,0,50,3,7,p0.001,3,large
baseball bat@large,0,100,3,7,p0.001,3,large
baseball bat@large,0,150,3,7,p0.001,3,large
baseball bat@medium,0,25,3,7,p0.001,3,medium
baseball bat@medium,0,50,3,7,p0.001,3,medium
baseball bat@medium,0,100,3,7,p0.001,3,medium
baseball bat@medium,0,150,3,7,p0.001,3,medium
baseball bat@small,0,25,7,7,p0.001,3,small
baseball bat@small,0,50,7,7,p0.001,3,small
baseball bat@small,0,100,7,7,p0.001,3,small
baseball bat@small,0,150,7,7,p0.001,3,small
bench@large,0,25,4,7,p0.001,3,large
bench@large,0,50,4,7,p0.001,3,large
bench@large,0,100,4,7,p0.001,3,large
bench@large,0,150,4,7,p0.001,3,large
bench@medium,0,25,0,150,p0.001,3,medium
bench@medium,0,50,0,150,p0.001,3,medium
bench@medium,0,100,0,150,p0.001,3,medium
bench@medium,0,150,0,150,p0.001,3,medium
bench@small,0,25,0,150,p0.001,3,small
bench@small,0,50,0,150,p0.001,3,small
bench@small,0,100,0,150,p0.001,3,small
bench@small,0,150,0,150,p0.001,3,small
bicycle@large,0,25,3,7,p0.001,3,large
bicycle@large,0,50,3,7,p0.001,3,large
bicycle@large,0,100,3,7,p0.001,3,large
bicycle@large,0,150,3,7,p0.001,3,large
bicycle@medium,0,25,3,18,p0.001,3,medium
bicycle@medium,0,50,3,18,p0.001,3,medium
bicycle@medium,0,100,3,18,p0.001,3,medium
bicycle@medium,0,150,3,18,p0.001,3,medium
bicycle@small,0,25,0,150,p0.001,3,small
bicycle@small,0,50,0,150,p0.001,3,small
bicycle@small,0,100,2,150,p0.001,3,small
bicycle@small,0,150,2,150,p0.001,3,small
bird@large,0,25,3,7,p0.001,3,large
bird@large,0,50,3,7,p0.001,3,large
bird@large,0,100,3,7,p0.001,3,large
bird@large,0,150,3,7,p0.001,3,large
bird@medium,0,25,5,7,p0.001,3,medium
bird@medium,0,50,5,7,p0.001,3,medium
bird@medium,0,100,5,7,p0.001,3,medium
bird@medium,0,150,5,7,p0.001,3,medium
bird@small,0,25,0,122,p0.001,3,small
bird@small,0,50,2,122,p0.001,3,small
bird@small,0,100,2,122,p0.001,3,small
bird@small,0,150,3,122,p0.001,3,small
boat@large,0,25,3,7,p0.001,3,large
boat@large,0,50,3,7,p0.001,3,large
boat@large,0,100,3,7,p0.001,3,large
boat@large,0,150,3,7,p0.001,3,large
boat@medium,0,25,3,13,p0.001,3,medium
boat@medium,0,50,3,13,p0.001,3,medium
boat@medium,0,100,3,13,p0.001,3,medium
boat@medium,0,150,3,13,p0.001,3,medium
boat@small,0,25,3,12,p0.001,3,small
boat@small,0,50,3,12,p0.001,3,small
boat@small,0,100,3,12,p0.001,3,small
boat@small,0,150,3,12,p0.001,3,small
book@large,0,25,3,7,p0.001,3,large
book@large,0,50,3,7,p0.001,3,large
book@large,0,100,3,7,p0.001,3,large
book@large,0,150,4,7,p0.001,3,large
book@medium,0,25,0,150,p0.001,3,medium
book@medium,0,50,0,150,p0.001,3,medium
book@medium,0,100,1,150,p0.001,3,medium
book@medium,0,150,1,150,p0.001,3,medium
book@small,0,25,0,150,p0.001,3,small
book@small,0,50,1,150,p0.001,3,small
book@small,0,100,1,150,p0.001,3,small
book@small,0,150,1,150,p0.001,3,small
bottle@large,0,25,3,7,p0.001,3,large
bottle@large,0,50,3,7,p0.001,3,large
bottle@large,0,100,3,7,p0.001,3,large
bottle@large,0,150,3,7,p0.001,3,large
bottle@medium,0,25,0,150,p0.001,3,medium
bottle@medium,0,50,0,150,p0.001,3,medium
bottle@medium,0,100,1,150,p0.001,3,medium
bottle@medium,0,150,2,150,p0.001,3,medium
bottle@small,0,25,0,150,p0.001,3,small
bottle@small,0,50,0,150,p0.001,3,small
bottle@small,0,100,0,150,p0.001,3,small
bottle@small,0,150,0,150,p0.001,3,small
bowl@large,0,25,2,108,p0.001,3,large
bowl@large,0,50,2,108,p0.001,3,large
bowl@large,0,100,2,108,p0.001,3,large
bowl@large,0,150,3,108,p0.001,3,large
bowl@medium,0,25,0,150,p0.001,3,medium
bowl@medium,0,50,0,150,p0.001,3,medium
bowl@medium,0,100,1,150,p0.001,3,medium
bowl@medium,0,150,1,150,p0.001,3,medium
bowl@small,0,25,0,150,p0.001,3,small
bowl@small,0,50,0,150,p0.001,3,small
bowl@small,0,100,0,150,p0.001,3,small
bowl@small,0,150,0,150,p0.001,3,small
bus@large,0,25,3,7,p0.001,3,large
bus@large,0,50,3,7,p0.001,3,large
bus@large,0,100,3,7,p0.001,3,large
bus@large,0,150,3,7,p0.001,3,large
bus@medium,0,25,0,150,p0.001,3,medium
bus@medium,0,50,1,150,p0.001,3,medium
bus@medium,0,100,2,150,p0.001,3,medium
bus@medium,0,150,2,150,p0.001,3,medium
bus@small,0,25,1,150,p0.001,3,small
bus@small,0,50,1,150,p0.001,3,small
bus@small,0,100,1,150,p0.001,3,small
bus@small,0,150,1,150,p0.001,3,small
cell phone@large,0,25,3,7,p0.001,3,large
cell phone@large,0,50,3,7,p0.001,3,large
cell phone@large,0,100,3,7,p0.001,3,large
cell phone@large,0,150,3,7,p0.001,3,large
cell phone@medium,0,25,1,34,p0.001,3,medium
cell phone@medium,0,50,3,34,p0.001,3,medium
cell phone@medium,0,100,3,34,p0.001,3,medium
cell phone@medium,0,150,3,34,p0.001,3,medium
cell phone@small,0,25,0,150,p0.001,3,small
cell phone@small,0,50,0,150,p0.001,3,small
cell phone@small,0,100,0,150,p0.001,3,small
cell phone@small,0,150,0,150,p0.001,3,small
chair@large,0,25,1,85,p0.001,3,large
chair@large,0,50,1,85,p0.001,3,large
chair@large,0,100,3,85,p0.001,3,large
chair@large,0,150,3,85,p0.001,3,large
chair@medium,0,25,1,150,p0.001,3,medium
chair@medium,0,50,1,150,p0.001,3,medium
chair@medium,0,100,1,150,p0.001,3,medium
chair@medium,0,150,2,150,p0.001,3,medium
chair@small,0,25,0,150,p0.001,3,small
chair@small,0,50,0,150,p0.001,3,small
chair@small,0,100,0,150,p0.001,3,small
chair@small,0,150,0,150,p0.001,3,small
clock@large,0,25,3,7,p0.001,3,large
clock@large,0,50,3,7,p0.001,3,large
clock@large,0,100,3,7,p0.001,3,large
clock@large,0,150,3,7,p0.001,3,large
clock@medium,0,25,3,7,p0.001,3,medium
clock@medium,0,50,3,7,p0.001,3,medium
clock@medium,0,100,3,7,p0.001,3,medium
clock@medium,0,150,3,7,p0.001,3,medium
clock@small,0,25,1,150,p0.001,3,small
clock@small,0,50,1,150,p0.001,3,small
clock@small,0,100,1,150,p0.001,3,small
clock@small,0,150,1,150,p0.001,3,small
dining table@large,0,25,3,14,p0.001,3,large
dining table@large,0,50,3,14,p0.001,3,large
dining table@large,0,100,3,14,p0.001,3,large
dining table@large,0,150,3,14,p0.001,3,large
dining table@medium,0,25,1,95,p0.001,3,medium
dining table@medium,0,50,1,95,p0.001,3,medium
dining table@medium,0,100,3,95,p0.001,3,medium
dining table@medium,0,150,3,95,p0.001,3,medium
dining table@small,0,25,0,150,p0.001,3,small
dining table@small,0,50,0,150,p0.001,3,small
dining table@small,0,100,0,150,p0.001,3,small
dining table@small,0,150,0,150,p0.001,3,small
dog@large,0,25,3,7,p0.001,3,large
dog@large,0,50,3,7,p0.001,3,large
dog@large,0,100,3,7,p0.001,3,large
dog@large,0,150,3,7,p0.001,3,large
dog@medium,0,25,1,39,p0.001,3,medium
dog@medium,0,50,3,39,p0.001,3,medium
dog@medium,0,100,3,39,p0.001,3,medium
dog@medium,0,150,3,39,p0.001,3,medium
dog@small,0,25,0,150,p0.001,3,small
dog@small,0,50,0,150,p0.001,3,small
dog@small,0,100,1,150,p0.001,3,small
dog@small,0,150,1,150,p0.001,3,small
enclosed road vehicle@large,0,25,3,18,p0.001,3,large
enclosed road vehicle@large,0,50,3,18,p0.001,3,large
enclosed road vehicle@large,0,100,3,18,p0.001,3,large
enclosed road vehicle@large,0,150,4,18,p0.001,3,large
enclosed road vehicle@medium,0,25,1,150,p0.001,3,medium
enclosed road vehicle@medium,0,50,1,150,p0.001,3,medium
enclosed road vehicle@medium,0,100,1,150,p0.001,3,medium
enclosed road vehicle@medium,0,150,1,150,p0.001,3,medium
enclosed road vehicle@small,0,25,0,150,p0.001,3,small
enclosed road vehicle@small,0,50,0,150,p0.001,3,small
enclosed road vehicle@small,0,100,0,150,p0.001,3,small
enclosed road vehicle@small,0,150,0,150,p0.001,3,small
fire hydrant@large,0,25,3,7,p0.001,3,large
fire hydrant@large,0,50,3,7,p0.001,3,large
fire hydrant@large,0,100,3,7,p0.001,3,large
fire hydrant@large,0,150,3,7,p0.001,3,large
fire hydrant@medium,0,25,0,150,p0.001,3,medium
fire hydrant@medium,0,50,1,150,p0.001,3,medium
fire hydrant@medium,0,100,2,150,p0.001,3,medium
fire hydrant@medium,0,150,2,150,p0.001,3,medium
fire hydrant@small,0,25,0,150,p0.001,3,small
fire hydrant@small,0,50,0,150,p0.001,3,small
fire hydrant@small,0,100,1,150,p0.001,3,small
fire hydrant@small,0,150,2,150,p0.001,3,small
fork@large,0,25,3,7,p0.001,3,large
fork@large,0,50,3,7,p0.001,3,large
fork@large,0,100,3,7,p0.001,3,large
fork@large,0,150,3,7,p0.001,3,large
fork@medium,0,25,1,65,p0.001,3,medium
fork@medium,0,50,2,65,p0.001,3,medium
fork@medium,0,100,3,65,p0.001,3,medium
fork@medium,0,150,3,65,p0.001,3,medium
fork@small,0,25,0,150,p0.001,3,small
fork@small,0,50,1,150,p0.001,3,small
fork@small,0,100,1,150,p0.001,3,small
fork@small,0,150,2,150,p0.001,3,small
frisbee@large,0,25,3,7,p0.001,3,large
frisbee@large,0,50,3,7,p0.001,3,large
frisbee@large,0,100,3,7,p0.001,3,large
frisbee@large,0,150,3,7,p0.001,3,large
frisbee@medium,0,25,3,7,p0.001,3,medium
frisbee@medium,0,50,3,7,p0.001,3,medium
frisbee@medium,0,100,3,7,p0.001,3,medium
frisbee@medium,0,150,3,7,p0.001,3,medium
frisbee@small,0,25,3,7,p0.001,3,small
frisbee@small,0,50,3,7,p0.001,3,small
frisbee@small,0,100,3,7,p0.001,3,small
frisbee@small,0,150,3,7,p0.001,3,small
keyboard@large,0,25,3,7,p0.001,3,large
keyboard@large,0,50,3,7,p0.001,3,large
keyboard@large,0,100,3,7,p0.001,3,large
keyboard@large,0,150,4,7,p0.001,3,large
keyboard@medium,0,25,1,75,p0.001,3,medium
keyboard@medium,0,50,2,75,p0.001,3,medium
keyboard@medium,0,100,3,75,p0.001,3,medium
keyboard@medium,0,150,3,75,p0.001,3,medium
keyboard@small,0,25,0,150,p0.001,3,small
keyboard@small,0,50,0,150,p0.001,3,small
keyboard@small,0,100,0,150,p0.001,3,small
keyboard@small,0,150,0,150,p0.001,3,small
kite@large,0,25,4,7,p0.001,3,large
kite@large,0,50,4,7,p0.001,3,large
kite@large,0,100,4,7,p0.001,3,large
kite@large,0,150,4,7,p0.001,3,large
kite@medium,0,25,3,7,p0.001,3,medium
kite@medium,0,50,3,7,p0.001,3,medium
kite@medium,0,100,3,7,p0.001,3,medium
kite@medium,0,150,3,7,p0.001,3,medium
kite@small,0,25,3,7,p0.001,3,small
kite@small,0,50,3,7,p0.001,3,small
kite@small,0,100,3,7,p0.001,3,small
kite@small,0,150,3,7,p0.001,3,small
knife@large,0,25,1,128,p0.001,3,large
knife@large,0,50,1,128,p0.001,3,large
knife@large,0,100,1,128,p0.001,3,large
knife@large,0,150,3,128,p0.001,3,large
knife@medium,0,25,0,150,p0.001,3,medium
knife@medium,0,50,0,150,p0.001,3,medium
knife@medium,0,100,0,150,p0.001,3,medium
knife@medium,0,150,0,150,p0.001,3,medium
knife@small,0,25,0,150,p0.001,3,small
knife@small,0,50,0,150,p0.001,3,small
knife@small,0,100,0,150,p0.001,3,small
knife@small,0,150,0,150,p0.001,3,small
laptop@large,0,25,4,8,p0.001,3,large
laptop@large,0,50,4,8,p0.001,3,large
laptop@large,0,100,4,8,p0.001,3,large
laptop@large,0,150,4,8,p0.001,3,large
laptop@medium,0,25,1,54,p0.001,3,medium
laptop@medium,0,50,2,54,p0.001,3,medium
laptop@medium,0,100,3,54,p0.001,3,medium
laptop@medium,0,150,3,54,p0.001,3,medium
laptop@small,0,25,0,150,p0.001,3,small
laptop@small,0,50,0,150,p0.001,3,small
laptop@small,0,100,0,150,p0.001,3,small
laptop@small,0,150,0,150,p0.001,3,small
microwave@large,0,25,3,7,p0.001,3,large
microwave@large,0,50,3,7,p0.001,3,large
microwave@large,0,100,3,7,p0.001,3,large
microwave@large,0,150,3,7,p0.001,3,large
microwave@medium,0,25,1,43,p0.001,3,medium
microwave@medium,0,50,3,43,p0.001,3,medium
microwave@medium,0,100,4,43,p0.001,3,medium
microwave@medium,0,150,4,43,p0.001,3,medium
microwave@small,0,25,0,150,p0.001,3,small
microwave@small,0,50,0,150,p0.001,3,small
microwave@small,0,100,0,150,p0.001,3,small
microwave@small,0,150,1,150,p0.001,3,small
motorcycle@large,0,25,3,7,p0.001,3,large
motorcycle@large,0,50,3,7,p0.001,3,large
motorcycle@large,0,100,3,7,p0.001,3,large
motorcycle@large,0,150,3,7,p0.001,3,large
motorcycle@medium,0,25,3,19,p0.001,3,medium
motorcycle@medium,0,50,3,19,p0.001,3,medium
motorcycle@medium,0,100,5,19,p0.001,3,medium
motorcycle@medium,0,150,5,19,p0.001,3,medium
motorcycle@small,0,25,1,150,p0.001,3,small
motorcycle@small,0,50,1,150,p0.001,3,small
motorcycle@small,0,100,1,150,p0.001,3,small
motorcycle@small,0,150,1,150,p0.001,3,small
mouse@large,0,25,3,7,p0.001,3,large
mouse@large,0,50,3,7,p0.001,3,large
mouse@large,0,100,3,7,p0.001,3,large
mouse@large,0,150,3,7,p0.001,3,large
mouse@medium,0,25,3,9,p0.001,3,medium
mouse@medium,0,50,3,9,p0.001,3,medium
mouse@medium,0,100,3,9,p0.001,3,medium
mouse@medium,0,150,3,9,p0.001,3,medium
mouse@small,0,25,0,150,p0.001,3,small
mouse@small,0,50,2,150,p0.001,3,small
mouse@small,0,100,2,150,p0.001,3,small
mouse@small,0,150,2,150,p0.001,3,small
orange@large,0,25,3,7,p0.001,3,large
orange@large,0,50,3,7,p0.001,3,large
orange@large,0,100,3,7,p0.001,3,large
orange@large,0,150,3,7,p0.001,3,large
orange@medium,0,25,4,7,p0.001,3,medium
orange@medium,0,50,4,7,p0.001,3,medium
orange@medium,0,100,4,7,p0.001,3,medium
orange@medium,0,150,5,7,p0.001,3,medium
parking meter@large,0,25,3,7,p0.001,3,large
parking meter@large,0,50,3,7,p0.001,3,large
parking meter@large,0,100,3,7,p0.001,3,large
parking meter@large,0,150,3,7,p0.001,3,large
parking meter@medium,0,25,3,7,p0.001,3,medium
parking meter@medium,0,50,3,7,p0.001,3,medium
parking meter@medium,0,100,3,7,p0.001,3,medium
parking meter@medium,0,150,3,7,p0.001,3,medium
parking meter@small,0,25,1,150,p0.001,3,small
parking meter@small,0,50,1,150,p0.001,3,small
parking meter@small,0,100,1,150,p0.001,3,small
parking meter@small,0,150,2,150,p0.001,3,small
person@large,0,25,0,111,p0.001,3,large
person@large,0,50,0,111,p0.001,3,large
person@large,0,100,1,111,p0.001,3,large
person@large,0,150,3,111,p0.001,3,large
person@medium,0,25,0,150,p0.001,3,medium
person@medium,0,50,1,150,p0.001,3,medium
person@medium,0,100,1,150,p0.001,3,medium
person@medium,0,150,1,150,p0.001,3,medium
person@small,0,25,0,150,p0.001,3,small
person@small,0,50,0,150,p0.001,3,small
person@small,0,100,0,150,p0.001,3,small
person@small,0,150,0,150,p0.001,3,small
remote@large,0,25,4,7,p0.001,3,large
remote@large,0,50,4,7,p0.001,3,large
remote@large,0,100,4,7,p0.001,3,large
remote@large,0,150,4,7,p0.001,3,large
remote@medium,0,25,3,17,p0.001,3,medium
remote@medium,0,50,3,17,p0.001,3,medium
remote@medium,0,100,3,17,p0.001,3,medium
remote@medium,0,150,3,17,p0.001,3,medium
remote@small,0,25,0,150,p0.001,3,small
remote@small,0,50,2,150,p0.001,3,small
remote@small,0,100,2,150,p0.001,3,small
remote@small,0,150,2,150,p0.001,3,small
scissors@large,0,25,3,7,p0.001,3,large
scissors@large,0,50,3,7,p0.001,3,large
scissors@large,0,100,3,7,p0.001,3,large
scissors@large,0,150,3,7,p0.001,3,large
scissors@medium,0,25,3,7,p0.001,3,medium
scissors@medium,0,50,3,7,p0.001,3,medium
scissors@medium,0,100,3,7,p0.001,3,medium
scissors@medium,0,150,3,7,p0.001,3,medium
scissors@small,0,25,0,150,p0.001,3,small
scissors@small,0,50,0,150,p0.001,3,small
scissors@small,0,100,0,150,p0.001,3,small
scissors@small,0,150,0,150,p0.001,3,small
single serving drinking vessel@large,0,25,2,91,p0.001,3,large
single serving drinking vessel@large,0,50,2,91,p0.001,3,large
single serving drinking vessel@large,0,100,3,91,p0.001,3,large
single serving drinking vessel@large,0,150,3,91,p0.001,3,large
single serving drinking vessel@medium,0,25,1,92,p0.001,3,medium
single serving drinking vessel@medium,0,50,1,92,p0.001,3,medium
single serving drinking vessel@medium,0,100,3,92,p0.001,3,medium
single serving drinking vessel@medium,0,150,4,92,p0.001,3,medium
single serving drinking vessel@small,0,25,0,150,p0.001,3,small
single serving drinking vessel@small,0,50,0,150,p0.001,3,small
single serving drinking vessel@small,0,100,1,150,p0.001,3,small
single serving drinking vessel@small,0,150,2,150,p0.001,3,small
sink@large,0,25,3,15,p0.001,3,large
sink@large,0,50,3,15,p0.001,3,large
sink@large,0,100,4,15,p0.001,3,large
sink@large,0,150,4,15,p0.001,3,large
sink@medium,0,25,2,31,p0.001,3,medium
sink@medium,0,50,3,31,p0.001,3,medium
sink@medium,0,100,3,31,p0.001,3,medium
sink@medium,0,150,3,31,p0.001,3,medium
sink@small,0,25,0,150,p0.001,3,small
sink@small,0,50,0,150,p0.001,3,small
sink@small,0,100,0,150,p0.001,3,small
sink@small,0,150,0,150,p0.001,3,small
skateboard@large,0,25,3,7,p0.001,3,large
skateboard@large,0,50,3,7,p0.001,3,large
skateboard@large,0,100,3,7,p0.001,3,large
skateboard@large,0,150,3,7,p0.001,3,large
skateboard@medium,0,25,3,7,p0.001,3,medium
skateboard@medium,0,50,3,7,p0.001,3,medium
skateboard@medium,0,100,3,7,p0.001,3,medium
skateboard@medium,0,150,3,7,p0.001,3,medium
skateboard@small,0,25,3,7,p0.001,3,small
skateboard@small,0,50,3,7,p0.001,3,small
skateboard@small,0,100,3,7,p0.001,3,small
skateboard@small,0,150,3,7,p0.001,3,small
skis@large,0,25,4,7,p0.001,3,large
skis@large,0,50,4,7,p0.001,3,large
skis@large,0,100,5,7,p0.001,3,large
skis@large,0,150,5,7,p0.001,3,large
skis@medium,0,25,3,10,p0.001,3,medium
skis@medium,0,50,3,10,p0.001,3,medium
skis@medium,0,100,6,10,p0.001,3,medium
skis@medium,0,150,7,10,p0.001,3,medium
skis@small,0,25,2,34,p0.001,3,small
skis@small,0,50,3,34,p0.001,3,small
skis@small,0,100,3,34,p0.001,3,small
skis@small,0,150,3,34,p0.001,3,small
snowboard@large,0,25,3,7,p0.001,3,large
snowboard@large,0,50,3,7,p0.001,3,large
snowboard@large,0,100,3,7,p0.001,3,large
snowboard@large,0,150,3,7,p0.001,3,large
snowboard@medium,0,25,3,7,p0.001,3,medium
snowboard@medium,0,50,3,7,p0.001,3,medium
snowboard@medium,0,100,3,7,p0.001,3,medium
snowboard@medium,0,150,3,7,p0.001,3,medium
snowboard@small,0,25,3,8,p0.001,3,small
snowboard@small,0,50,3,8,p0.001,3,small
snowboard@small,0,100,3,8,p0.001,3,small
snowboard@small,0,150,3,8,p0.001,3,small
spoon@large,0,25,3,19,p0.001,3,large
spoon@large,0,50,3,19,p0.001,3,large
spoon@large,0,100,3,19,p0.001,3,large
spoon@large,0,150,3,19,p0.001,3,large
spoon@medium,0,25,0,150,p0.001,3,medium
spoon@medium,0,50,0,150,p0.001,3,medium
spoon@medium,0,100,2,150,p0.001,3,medium
spoon@medium,0,150,2,150,p0.001,3,medium
spoon@small,0,25,0,150,p0.001,3,small
spoon@small,0,50,0,150,p0.001,3,small
spoon@small,0,100,0,150,p0.001,3,small
spoon@small,0,150,0,150,p0.001,3,small
stop sign@large,0,25,4,7,p0.001,3,large
stop sign@large,0,50,4,7,p0.001,3,large
stop sign@large,0,100,4,7,p0.001,3,large
stop sign@large,0,150,4,7,p0.001,3,large
stop sign@medium,0,25,3,7,p0.001,3,medium
stop sign@medium,0,50,3,7,p0.001,3,medium
stop sign@medium,0,100,3,7,p0.001,3,medium
stop sign@medium,0,150,3,7,p0.001,3,medium
stop sign@small,0,25,0,150,p0.001,3,small
stop sign@small,0,50,0,150,p0.001,3,small
stop sign@small,0,100,0,150,p0.001,3,small
stop sign@small,0,150,0,150,p0.001,3,small
surfboard@large,0,25,3,7,p0.001,3,large
surfboard@large,0,50,3,7,p0.001,3,large
surfboard@large,0,100,3,7,p0.001,3,large
surfboard@large,0,150,3,7,p0.001,3,large
surfboard@medium,0,25,3,7,p0.001,3,medium
surfboard@medium,0,50,3,7,p0.001,3,medium
surfboard@medium,0,100,3,7,p0.001,3,medium
surfboard@medium,0,150,3,7,p0.001,3,medium
surfboard@small,0,25,3,7,p0.001,3,small
surfboard@small,0,50,3,7,p0.001,3,small
surfboard@small,0,100,3,7,p0.001,3,small
surfboard@small,0,150,3,7,p0.001,3,small
tennis racket@large,0,25,3,7,p0.001,3,large
tennis racket@large,0,50,3,7,p0.001,3,large
tennis racket@large,0,100,3,7,p0.001,3,large
tennis racket@large,0,150,3,7,p0.001,3,large
tennis racket@medium,0,25,3,7,p0.001,3,medium
tennis racket@medium,0,50,3,7,p0.001,3,medium
tennis racket@medium,0,100,3,7,p0.001,3,medium
tennis racket@medium,0,150,3,7,p0.001,3,medium
tennis racket@small,0,25,11,7,p0.001,3,small
tennis racket@small,0,50,11,7,p0.001,3,small
tennis racket@small,0,100,11,7,p0.001,3,small
tennis racket@small,0,150,11,7,p0.001,3,small
tie@large,0,25,3,7,p0.001,3,large
tie@large,0,50,3,7,p0.001,3,large
tie@large,0,100,3,7,p0.001,3,large
tie@large,0,150,3,7,p0.001,3,large
tie@medium,0,25,3,7,p0.001,3,medium
tie@medium,0,50,3,7,p0.001,3,medium
tie@medium,0,100,3,7,p0.001,3,medium
tie@medium,0,150,3,7,p0.001,3,medium
tie@small,0,25,0,150,p0.001,3,small
tie@small,0,50,0,150,p0.001,3,small
tie@small,0,100,2,150,p0.001,3,small
tie@small,0,150,2,150,p0.001,3,small
toothbrush@large,0,25,3,7,p0.001,3,large
toothbrush@large,0,50,3,7,p0.001,3,large
toothbrush@large,0,100,4,7,p0.001,3,large
toothbrush@large,0,150,4,7,p0.001,3,large
toothbrush@medium,0,25,3,7,p0.001,3,medium
toothbrush@medium,0,50,3,7,p0.001,3,medium
toothbrush@medium,0,100,3,7,p0.001,3,medium
toothbrush@medium,0,150,3,7,p0.001,3,medium
toothbrush@small,0,25,0,150,p0.001,3,small
toothbrush@small,0,50,0,150,p0.001,3,small
toothbrush@small,0,100,1,150,p0.001,3,small
toothbrush@small,0,150,1,150,p0.001,3,small
traffic light@large,0,25,3,7,p0.001,3,large
traffic light@large,0,50,3,7,p0.001,3,large
traffic light@large,0,100,3,7,p0.001,3,large
traffic light@large,0,150,3,7,p0.001,3,large
traffic light@medium,0,25,3,16,p0.001,3,medium
traffic light@medium,0,50,3,16,p0.001,3,medium
traffic light@medium,0,100,3,16,p0.001,3,medium
traffic light@medium,0,150,3,16,p0.001,3,medium
traffic light@small,0,25,1,150,p0.001,3,small
traffic light@small,0,50,2,150,p0.001,3,small
traffic light@small,0,100,2,150,p0.001,3,small
traffic light@small,0,150,2,150,p0.001,3,small
tv@large,0,25,2,31,p0.001,3,large
tv@large,0,50,3,31,p0.001,3,large
tv@large,0,100,3,31,p0.001,3,large
tv@large,0,150,4,31,p0.001,3,large
tv@medium,0,25,3,23,p0.001,3,medium
tv@medium,0,50,3,23,p0.001,3,medium
tv@medium,0,100,3,23,p0.001,3,medium
tv@medium,0,150,3,23,p0.001,3,medium
tv@small,0,25,0,150,p0.001,3,small
tv@small,0,50,0,150,p0.001,3,small
tv@small,0,100,0,150,p0.001,3,small
tv@small,0,150,0,150,p0.001,3,small
umbrella@large,0,25,3,7,p0.001,3,large
umbrella@large,0,50,3,7,p0.001,3,large
umbrella@large,0,100,3,7,p0.001,3,large
umbrella@large,0,150,3,7,p0.001,3,large
umbrella@medium,0,25,3,7,p0.001,3,medium
umbrella@medium,0,50,3,7,p0.001,3,medium
umbrella@medium,0,100,3,7,p0.001,3,medium
umbrella@medium,0,150,3,7,p0.001,3,medium
umbrella@small,0,25,1,98,p0.001,3,small
umbrella@small,0,50,1,98,p0.001,3,small
umbrella@small,0,100,3,98,p0.001,3,small
umbrella@small,0,150,3,98,p0.001,3,small
vase or potted plant@large,0,25,3,7,p0.001,3,large
vase or potted plant@large,0,50,3,7,p0.001,3,large
vase or potted plant@large,0,100,3,7,p0.001,3,large
vase or potted plant@large,0,150,3,7,p0.001,3,large
vase or potted plant@medium,0,25,0,150,p0.001,3,medium
vase or potted plant@medium,0,50,0,150,p0.001,3,medium
vase or potted plant@medium,0,100,0,150,p0.001,3,medium
vase or potted plant@medium,0,150,2,150,p0.001,3,medium
vase or potted plant@small,0,25,0,150,p0.001,3,small
vase or potted plant@small,0,50,0,150,p0.001,3,small
vase or potted plant@small,0,100,0,150,p0.001,3,small
vase or potted plant@small,0,150,1,150,p0.001,3,small
airplane@large,1,25,4,7,p0.001,3,large
airplane@large,1,50,4,7,p0.001,3,large
airplane@large,1,100,4,7,p0.001,3,large
airplane@large,1,150,4,7,p0.001,3,large
airplane@medium,1,25,3,7,p0.001,3,medium
airplane@medium,1,50,3,7,p0.001,3,medium
airplane@medium,1,100,3,7,p0.001,3,medium
airplane@medium,1,150,3,7,p0.001,3,medium
airplane@small,1,25,3,7,p0.001,3,small
airplane@small,1,50,3,7,p0.001,3,small
airplane@small,1,100,3,7,p0.001,3,small
airplane@small,1,150,3,7,p0.001,3,small
apple@large,1,25,4,7,p0.001,3,large
apple@large,1,50,4,7,p0.001,3,large
apple@large,1,100,4,7,p0.001,3,large
apple@large,1,150,4,7,p0.001,3,large
apple@medium,1,25,3,7,p0.001,3,medium
apple@medium,1,50,3,7,p0.001,3,medium
apple@medium,1,100,3,7,p0.001,3,medium
apple@medium,1,150,3,7,p0.001,3,medium
bag or luggage@large,1,25,3,7,p0.001,3,large
bag or luggage@large,1,50,3,7,p0.001,3,large
bag or luggage@large,1,100,3,7,p0.001,3,large
bag or luggage@large,1,150,3,7,p0.001,3,large
bag or luggage@medium,1,25,2,49,p0.001,3,medium
bag or luggage@medium,1,50,3,49,p0.001,3,medium
bag or luggage@medium,1,100,3,49,p0.001,3,medium
bag or luggage@medium,1,150,3,49,p0.001,3,medium
bag or luggage@small,1,25,0,150,p0.001,3,small
bag or luggage@small,1,50,0,150,p0.001,3,small
bag or luggage@small,1,100,0,150,p0.001,3,small
bag or luggage@small,1,150,0,150,p0.001,3,small
banana@large,1,25,4,7,p0.001,3,large
banana@large,1,50,4,7,p0.001,3,large
banana@large,1,100,4,7,p0.001,3,large
banana@large,1,150,4,7,p0.001,3,large
banana@medium,1,25,3,7,p0.001,3,medium
banana@medium,1,50,3,7,p0.001,3,medium
banana@medium,1,100,3,7,p0.001,3,medium
banana@medium,1,150,3,7,p0.001,3,medium
baseball bat@large,1,25,5,7,p0.001,3,large
baseball bat@large,1,50,5,7,p0.001,3,large
baseball bat@large,1,100,5,7,p0.001,3,large
baseball bat@large,1,150,5,7,p0.001,3,large
baseball bat@medium,1,25,3,7,p0.001,3,medium
baseball bat@medium,1,50,3,7,p0.001,3,medium
baseball bat@medium,1,100,3,7,p0.001,3,medium
baseball bat@medium,1,150,3,7,p0.001,3,medium
baseball bat@small,1,25,3,7,p0.001,3,small
baseball bat@small,1,50,3,7,p0.001,3,small
baseball bat@small,1,100,3,7,p0.001,3,small
baseball bat@small,1,150,5,7,p0.001,3,small
bench@large,1,25,3,19,p0.001,3,large
bench@large,1,50,3,19,p0.001,3,large
bench@large,1,100,3,19,p0.001,3,large
bench@large,1,150,3,19,p0.001,3,large
bench@medium,1,25,2,61,p0.001,3,medium
bench@medium,1,50,2,61,p0.001,3,medium
bench@medium,1,100,3,61,p0.001,3,medium
bench@medium,1,150,3,61,p0.001,3,medium
bench@small,1,25,0,150,p0.001,3,small
bench@small,1,50,0,150,p0.001,3,small
bench@small,1,100,0,150,p0.001,3,small
bench@small,1,150,0,150,p0.001,3,small
bicycle@large,1,25,3,7,p0.001,3,large
bicycle@large,1,50,3,7,p0.001,3,large
bicycle@large,1,100,3,7,p0.001,3,large
bicycle@large,1,150,3,7,p0.001,3,large
bicycle@medium,1,25,3,8,p0.001,3,medium
bicycle@medium,1,50,3,8,p0.001,3,medium
bicycle@medium,1,100,3,8,p0.001,3,medium
bicycle@medium,1,150,4,8,p0.001,3,medium
bicycle@small,1,25,0,150,p0.001,3,small
bicycle@small,1,50,0,150,p0.001,3,small
bicycle@small,1,100,0,150,p0.001,3,small
bicycle@small,1,150,0,150,p0.001,3,small
bird@large,1,25,3,7,p0.001,3,large
bird@large,1,50,3,7,p0.001,3,large
bird@large,1,100,3,7,p0.001,3,large
bird@large,1,150,3,7,p0.001,3,large
bird@medium,1,25,3,9,p0.001,3,medium
bird@medium,1,50,3,9,p0.001,3,medium
bird@medium,1,100,3,9,p0.001,3,medium
bird@medium,1,150,3,9,p0.001,3,medium
bird@small,1,25,1,86,p0.001,3,small
bird@small,1,50,2,86,p0.001,3,small
bird@small,1,100,3,86,p0.001,3,small
bird@small,1,150,3,86,p0.001,3,small
boat@large,1,25,3,7,p0.001,3,large
boat@large,1,50,3,7,p0.001,3,large
boat@large,1,100,3,7,p0.001,3,large
boat@large,1,150,3,7,p0.001,3,large
boat@medium,1,25,3,7,p0.001,3,medium
boat@medium,1,50,3,7,p0.001,3,medium
boat@medium,1,100,3,7,p0.001,3,medium
boat@medium,1,150,3,7,p0.001,3,medium
boat@small,1,25,2,33,p0.001,3,small
boat@small,1,50,3,33,p0.001,3,small
boat@small,1,100,3,33,p0.001,3,small
boat@small,1,150,3,33,p0.001,3,small
book@large,1,25,3,7,p0.001,3,large
book@large,1,50,3,7,p0.001,3,large
book@large,1,100,3,7,p0.001,3,large
book@large,1,150,3,7,p0.001,3,large
book@medium,1,25,1,150,p0.001,3,medium
book@medium,1,50,2,150,p0.001,3,medium
book@medium,1,100,2,150,p0.001,3,medium
book@medium,1,150,2,150,p0.001,3,medium
book@small,1,25,0,150,p0.001,3,small
book@small,1,50,0,150,p0.001,3,small
book@small,1,100,0,150,p0.001,3,small
book@small,1,150,0,150,p0.001,3,small
bottle@large,1,25,3,8,p0.001,3,large
bottle@large,1,50,3,8,p0.001,3,large
bottle@large,1,100,3,8,p0.001,3,large
bottle@large,1,150,3,8,p0.001,3,large
bottle@medium,1,25,0,109,p0.001,3,medium
bottle@medium,1,50,0,109,p0.001,3,medium
bottle@medium,1,100,2,109,p0.001,3,medium
bottle@medium,1,150,3,109,p0.001,3,medium
bottle@small,1,25,0,150,p0.001,3,small
bottle@small,1,50,0,150,p0.001,3,small
bottle@small,1,100,0,150,p0.001,3,small
bottle@small,1,150,0,150,p0.001,3,small
bowl@large,1,25,2,86,p0.001,3,large
bowl@large,1,50,2,86,p0.001,3,large
bowl@large,1,100,3,86,p0.001,3,large
bowl@large,1,150,3,86,p0.001,3,large
bowl@medium,1,25,0,150,p0.001,3,medium
bowl@medium,1,50,0,150,p0.001,3,medium
bowl@medium,1,100,0,150,p0.001,3,medium
bowl@medium,1,150,1,150,p0.001,3,medium
bowl@small,1,25,0,150,p0.001,3,small
bowl@small,1,50,0,150,p0.001,3,small
bowl@small,1,100,0,150,p0.001,3,small
bowl@small,1,150,0,150,p0.001,3,small
bus@large,1,25,3,7,p0.001,3,large
bus@large,1,50,3,7,p0.001,3,large
bus@large,1,100,3,7,p0.001,3,large
bus@large,1,150,3,7,p0.001,3,large
bus@medium,1,25,2,26,p0.001,3,medium
bus@medium,1,50,3,26,p0.001,3,medium
bus@medium,1,100,3,26,p0.001,3,medium
bus@medium,1,150,3,26,p0.001,3,medium
bus@small,1,25,1,150,p0.001,3,small
bus@small,1,50,1,150,p0.001,3,small
bus@small,1,100,1,150,p0.001,3,small
bus@small,1,150,2,150,p0.001,3,small
cell phone@large,1,25,4,7,p0.001,3,large
cell phone@large,1,50,4,7,p0.001,3,large
cell phone@large,1,100,4,7,p0.001,3,large
cell phone@large,1,150,4,7,p0.001,3,large
cell phone@medium,1,25,3,20,p0.001,3,medium
cell phone@medium,1,50,3,20,p0.001,3,medium
cell phone@medium,1,100,3,20,p0.001,3,medium
cell phone@medium,1,150,3,20,p0.001,3,medium
cell phone@small,1,25,0,150,p0.001,3,small
cell phone@small,1,50,1,150,p0.001,3,small
cell phone@small,1,100,2,150,p0.001,3,small
cell phone@small,1,150,2,150,p0.001,3,small
chair@large,1,25,2,27,p0.001,3,large
chair@large,1,50,3,27,p0.001,3,large
chair@large,1,100,3,27,p0.001,3,large
chair@large,1,150,3,27,p0.001,3,large
chair@medium,1,25,0,150,p0.001,3,medium
chair@medium,1,50,1,150,p0.001,3,medium
chair@medium,1,100,1,150,p0.001,3,medium
chair@medium,1,150,1,150,p0.001,3,medium
chair@small,1,25,0,150,p0.001,3,small
chair@small,1,50,0,150,p0.001,3,small
chair@small,1,100,0,150,p0.001,3,small
chair@small,1,150,0,150,p0.001,3,small
clock@large,1,25,3,7,p0.001,3,large
clock@large,1,50,3,7,p0.001,3,large
clock@large,1,100,3,7,p0.001,3,large
clock@large,1,150,3,7,p0.001,3,large
clock@medium,1,25,3,7,p0.001,3,medium
clock@medium,1,50,3,7,p0.001,3,medium
clock@medium,1,100,3,7,p0.001,3,medium
clock@medium,1,150,3,7,p0.001,3,medium
clock@small,1,25,2,150,p0.001,3,small
clock@small,1,50,2,150,p0.001,3,small
clock@small,1,100,2,150,p0.001,3,small
clock@small,1,150,2,150,p0.001,3,small
dining table@large,1,25,1,150,p0.001,3,large
dining table@large,1,50,1,150,p0.001,3,large
dining table@large,1,100,2,150,p0.001,3,large
dining table@large,1,150,2,150,p0.001,3,large
dining table@medium,1,25,3,22,p0.001,3,medium
dining table@medium,1,50,4,22,p0.001,3,medium
dining table@medium,1,100,5,22,p0.001,3,medium
dining table@medium,1,150,5,22,p0.001,3,medium
dining table@small,1,25,0,150,p0.001,3,small
dining table@small,1,50,0,150,p0.001,3,small
dining table@small,1,100,0,150,p0.001,3,small
dining table@small,1,150,0,150,p0.001,3,small
dog@large,1,25,3,7,p0.001,3,large
dog@large,1,50,3,7,p0.001,3,large
dog@large,1,100,3,7,p0.001,3,large
dog@large,1,150,3,7,p0.001,3,large
dog@medium,1,25,3,22,p0.001,3,medium
dog@medium,1,50,3,22,p0.001,3,medium
dog@medium,1,100,3,22,p0.001,3,medium
dog@medium,1,150,4,22,p0.001,3,medium
dog@small,1,25,0,150,p0.001,3,small
dog@small,1,50,0,150,p0.001,3,small
dog@small,1,100,0,150,p0.001,3,small
dog@small,1,150,0,150,p0.001,3,small
enclosed road vehicle@large,1,25,3,13,p0.001,3,large
enclosed road vehicle@large,1,50,3,13,p0.001,3,large
enclosed road vehicle@large,1,100,3,13,p0.001,3,large
enclosed road vehicle@large,1,150,3,13,p0.001,3,large
enclosed road vehicle@medium,1,25,0,150,p0.001,3,medium
enclosed road vehicle@medium,1,50,0,150,p0.001,3,medium
enclosed road vehicle@medium,1,100,1,150,p0.001,3,medium
enclosed road vehicle@medium,1,150,1,150,p0.001,3,medium
enclosed road vehicle@small,1,25,0,150,p0.001,3,small
enclosed road vehicle@small,1,50,0,150,p0.001,3,small
enclosed road vehicle@small,1,100,1,150,p0.001,3,small
enclosed road vehicle@small,1,150,1,150,p0.001,3,small
fire hydrant@large,1,25,3,7,p0.001,3,large
fire hydrant@large,1,50,3,7,p0.001,3,large
fire hydrant@large,1,100,3,7,p0.001,3,large
fire hydrant@large,1,150,3,7,p0.001,3,large
fire hydrant@medium,1,25,3,7,p0.001,3,medium
fire hydrant@medium,1,50,3,7,p0.001,3,medium
fire hydrant@medium,1,100,3,7,p0.001,3,medium
fire hydrant@medium,1,150,3,7,p0.001,3,medium
fire hydrant@small,1,25,1,75,p0.001,3,small
fire hydrant@small,1,50,1,75,p0.001,3,small
fire hydrant@small,1,100,3,75,p0.001,3,small
fire hydrant@small,1,150,3,75,p0.001,3,small
fork@large,1,25,1,73,p0.001,3,large
fork@large,1,50,1,73,p0.001,3,large
fork@large,1,100,3,73,p0.001,3,large
fork@large,1,150,3,73,p0.001,3,large
fork@medium,1,25,2,47,p0.001,3,medium
fork@medium,1,50,3,47,p0.001,3,medium
fork@medium,1,100,3,47,p0.001,3,medium
fork@medium,1,150,3,47,p0.001,3,medium
fork@small,1,25,1,119,p0.001,3,small
fork@small,1,50,1,119,p0.001,3,small
fork@small,1,100,1,119,p0.001,3,small
fork@small,1,150,3,119,p0.001,3,small
frisbee@large,1,25,3,7,p0.001,3,large
frisbee@large,1,50,3,7,p0.001,3,large
frisbee@large,1,100,3,7,p0.001,3,large
frisbee@large,1,150,3,7,p0.001,3,large
frisbee@medium,1,25,3,7,p0.001,3,medium
frisbee@medium,1,50,3,7,p0.001,3,medium
frisbee@medium,1,100,3,7,p0.001,3,medium
frisbee@medium,1,150,3,7,p0.001,3,medium
frisbee@small,1,25,3,7,p0.001,3,small
frisbee@small,1,50,3,7,p0.001,3,small
frisbee@small,1,100,3,7,p0.001,3,small
frisbee@small,1,150,4,7,p0.001,3,small
keyboard@large,1,25,4,7,p0.001,3,large
keyboard@large,1,50,4,7,p0.001,3,large
keyboard@large,1,100,4,7,p0.001,3,large
keyboard@large,1,150,4,7,p0.001,3,large
keyboard@medium,1,25,0,77,p0.001,3,medium
keyboard@medium,1,50,0,77,p0.001,3,medium
keyboard@medium,1,100,3,77,p0.001,3,medium
keyboard@medium,1,150,3,77,p0.001,3,medium
keyboard@small,1,25,0,150,p0.001,3,small
keyboard@small,1,50,0,150,p0.001,3,small
keyboard@small,1,100,0,150,p0.001,3,small
keyboard@small,1,150,0,150,p0.001,3,small
kite@large,1,25,3,7,p0.001,3,large
kite@large,1,50,3,7,p0.001,3,large
kite@large,1,100,3,7,p0.001,3,large
kite@large,1,150,3,7,p0.001,3,large
kite@medium,1,25,3,7,p0.001,3,medium
kite@medium,1,50,3,7,p0.001,3,medium
kite@medium,1,100,3,7,p0.001,3,medium
kite@medium,1,150,3,7,p0.001,3,medium
kite@small,1,25,3,7,p0.001,3,small
kite@small,1,50,3,7,p0.001,3,small
kite@small,1,100,3,7,p0.001,3,small
kite@small,1,150,3,7,p0.001,3,small
knife@large,1,25,3,16,p0.001,3,large
knife@large,1,50,3,16,p0.001,3,large
knife@large,1,100,4,16,p0.001,3,large
knife@large,1,150,5,16,p0.001,3,large
knife@medium,1,25,1,78,p0.001,3,medium
knife@medium,1,50,1,78,p0.001,3,medium
knife@medium,1,100,3,78,p0.001,3,medium
knife@medium,1,150,3,78,p0.001,3,medium
knife@small,1,25,0,150,p0.001,3,small
knife@small,1,50,0,150,p0.001,3,small
knife@small,1,100,0,150,p0.001,3,small
knife@small,1,150,0,150,p0.001,3,small
laptop@large,1,25,3,7,p0.001,3,large
laptop@large,1,50,3,7,p0.001,3,large
laptop@large,1,100,3,7,p0.001,3,large
laptop@large,1,150,3,7,p0.001,3,large
laptop@medium,1,25,1,102,p0.001,3,medium
laptop@medium,1,50,1,102,p0.001,3,medium
laptop@medium,1,100,2,102,p0.001,3,medium
laptop@medium,1,150,3,102,p0.001,3,medium
laptop@small,1,25,0,150,p0.001,3,small
laptop@small,1,50,0,150,p0.001,3,small
laptop@small,1,100,0,150,p0.001,3,small
laptop@small,1,150,0,150,p0.001,3,small
microwave@large,1,25,3,7,p0.001,3,large
microwave@large,1,50,3,7,p0.001,3,large
microwave@large,1,100,3,7,p0.001,3,large
microwave@large,1,150,3,7,p0.001,3,large
microwave@medium,1,25,3,21,p0.001,3,medium
microwave@medium,1,50,3,21,p0.001,3,medium
microwave@medium,1,100,3,21,p0.001,3,medium
microwave@medium,1,150,3,21,p0.001,3,medium
microwave@small,1,25,0,150,p0.001,3,small
microwave@small,1,50,0,150,p0.001,3,small
microwave@small,1,100,0,150,p0.001,3,small
microwave@small,1,150,1,150,p0.001,3,small
motorcycle@large,1,25,3,7,p0.001,3,large
motorcycle@large,1,50,3,7,p0.001,3,large
motorcycle@large,1,100,3,7,p0.001,3,large
motorcycle@large,1,150,3,7,p0.001,3,large
motorcycle@medium,1,25,3,7,p0.001,3,medium
motorcycle@medium,1,50,3,7,p0.001,3,medium
motorcycle@medium,1,100,3,7,p0.001,3,medium
motorcycle@medium,1,150,3,7,p0.001,3,medium
motorcycle@small,1,25,0,150,p0.001,3,small
motorcycle@small,1,50,0,150,p0.001,3,small
motorcycle@small,1,100,0,150,p0.001,3,small
motorcycle@small,1,150,0,150,p0.001,3,small
mouse@large,1,25,3,7,p0.001,3,large
mouse@large,1,50,3,7,p0.001,3,large
mouse@large,1,100,3,7,p0.001,3,large
mouse@large,1,150,3,7,p0.001,3,large
mouse@medium,1,25,3,10,p0.001,3,medium
mouse@medium,1,50,3,10,p0.001,3,medium
mouse@medium,1,100,3,10,p0.001,3,medium
mouse@medium,1,150,3,10,p0.001,3,medium
mouse@small,1,25,0,150,p0.001,3,small
mouse@small,1,50,0,150,p0.001,3,small
mouse@small,1,100,1,150,p0.001,3,small
mouse@small,1,150,2,150,p0.001,3,small
orange@large,1,25,3,7,p0.001,3,large
orange@large,1,50,3,7,p0.001,3,large
orange@large,1,100,3,7,p0.001,3,large
orange@large,1,150,3,7,p0.001,3,large
orange@medium,1,25,3,20,p0.001,3,medium
orange@medium,1,50,3,20,p0.001,3,medium
orange@medium,1,100,3,20,p0.001,3,medium
orange@medium,1,150,3,20,p0.001,3,medium
parking meter@large,1,25,3,7,p0.001,3,large
parking meter@large,1,50,3,7,p0.001,3,large
parking meter@large,1,100,3,7,p0.001,3,large
parking meter@large,1,150,3,7,p0.001,3,large
parking meter@medium,1,25,3,7,p0.001,3,medium
parking meter@medium,1,50,3,7,p0.001,3,medium
parking meter@medium,1,100,3,7,p0.001,3,medium
parking meter@medium,1,150,3,7,p0.001,3,medium
parking meter@small,1,25,1,150,p0.001,3,small
parking meter@small,1,50,1,150,p0.001,3,small
parking meter@small,1,100,2,150,p0.001,3,small
parking meter@small,1,150,2,150,p0.001,3,small
person@large,1,25,4,15,p0.001,3,large
person@large,1,50,5,15,p0.001,3,large
person@large,1,100,5,15,p0.001,3,large
person@large,1,150,5,15,p0.001,3,large
person@medium,1,25,0,150,p0.001,3,medium
person@medium,1,50,0,150,p0.001,3,medium
person@medium,1,100,0,150,p0.001,3,medium
person@medium,1,150,0,150,p0.001,3,medium
person@small,1,25,0,150,p0.001,3,small
person@small,1,50,0,150,p0.001,3,small
person@small,1,100,0,150,p0.001,3,small
person@small,1,150,0,150,p0.001,3,small
remote@large,1,25,3,7,p0.001,3,large
remote@large,1,50,3,7,p0.001,3,large
remote@large,1,100,3,7,p0.001,3,large
remote@large,1,150,3,7,p0.001,3,large
remote@medium,1,25,1,150,p0.001,3,medium
remote@medium,1,50,1,150,p0.001,3,medium
remote@medium,1,100,1,150,p0.001,3,medium
remote@medium,1,150,1,150,p0.001,3,medium
remote@small,1,25,0,150,p0.001,3,small
remote@small,1,50,0,150,p0.001,3,small
remote@small,1,100,0,150,p0.001,3,small
remote@small,1,150,0,150,p0.001,3,small
scissors@large,1,25,3,7,p0.001,3,large
scissors@large,1,50,3,7,p0.001,3,large
scissors@large,1,100,3,7,p0.001,3,large
scissors@large,1,150,3,7,p0.001,3,large
scissors@medium,1,25,3,25,p0.001,3,medium
scissors@medium,1,50,3,25,p0.001,3,medium
scissors@medium,1,100,3,25,p0.001,3,medium
scissors@medium,1,150,3,25,p0.001,3,medium
scissors@small,1,25,0,150,p0.001,3,small
scissors@small,1,50,0,150,p0.001,3,small
scissors@small,1,100,0,150,p0.001,3,small
scissors@small,1,150,0,150,p0.001,3,small
single serving drinking vessel@large,1,25,1,150,p0.001,3,large
single serving drinking vessel@large,1,50,2,150,p0.001,3,large
single serving drinking vessel@large,1,100,2,150,p0.001,3,large
single serving drinking vessel@large,1,150,2,150,p0.001,3,large
single serving drinking vessel@medium,1,25,1,150,p0.001,3,medium
single serving drinking vessel@medium,1,50,2,150,p0.001,3,medium
single serving drinking vessel@medium,1,100,2,150,p0.001,3,medium
single serving drinking vessel@medium,1,150,2,150,p0.001,3,medium
single serving drinking vessel@small,1,25,0,150,p0.001,3,small
single serving drinking vessel@small,1,50,0,150,p0.001,3,small
single serving drinking vessel@small,1,100,0,150,p0.001,3,small
single serving drinking vessel@small,1,150,0,150,p0.001,3,small
sink@large,1,25,3,14,p0.001,3,large
sink@large,1,50,3,14,p0.001,3,large
sink@large,1,100,3,14,p0.001,3,large
sink@large,1,150,3,14,p0.001,3,large
sink@medium,1,25,1,122,p0.001,3,medium
sink@medium,1,50,1,122,p0.001,3,medium
sink@medium,1,100,2,122,p0.001,3,medium
sink@medium,1,150,3,122,p0.001,3,medium
sink@small,1,25,0,150,p0.001,3,small
sink@small,1,50,0,150,p0.001,3,small
sink@small,1,100,0,150,p0.001,3,small
sink@small,1,150,0,150,p0.001,3,small
skateboard@large,1,25,3,7,p0.001,3,large
skateboard@large,1,50,3,7,p0.001,3,large
skateboard@large,1,100,3,7,p0.001,3,large
skateboard@large,1,150,3,7,p0.001,3,large
skateboard@medium,1,25,3,7,p0.001,3,medium
skateboard@medium,1,50,3,7,p0.001,3,medium
skateboard@medium,1,100,3,7,p0.001,3,medium
skateboard@medium,1,150,3,7,p0.001,3,medium
skateboard@small,1,25,5,8,p0.001,3,small
skateboard@small,1,50,5,8,p0.001,3,small
skateboard@small,1,100,5,8,p0.001,3,small
skateboard@small,1,150,5,8,p0.001,3,small
skis@large,1,25,3,7,p0.001,3,large
skis@large,1,50,3,7,p0.001,3,large
skis@large,1,100,3,7,p0.001,3,large
skis@large,1,150,3,7,p0.001,3,large
skis@medium,1,25,3,9,p0.001,3,medium
skis@medium,1,50,4,9,p0.001,3,medium
skis@medium,1,100,4,9,p0.001,3,medium
skis@medium,1,150,13,9,p0.001,3,medium
skis@small,1,25,3,11,p0.001,3,small
skis@small,1,50,3,11,p0.001,3,small
skis@small,1,100,3,11,p0.001,3,small
skis@small,1,150,3,11,p0.001,3,small
snowboard@large,1,25,3,7,p0.001,3,large
snowboard@large,1,50,4,7,p0.001,3,large
snowboard@large,1,100,5,7,p0.001,3,large
snowboard@large,1,150,5,7,p0.001,3,large
snowboard@medium,1,25,3,8,p0.001,3,medium
snowboard@medium,1,50,3,8,p0.001,3,medium
snowboard@medium,1,100,3,8,p0.001,3,medium
snowboard@medium,1,150,3,8,p0.001,3,medium
snowboard@small,1,25,3,7,p0.001,3,small
snowboard@small,1,50,4,7,p0.001,3,small
snowboard@small,1,100,5,7,p0.001,3,small
snowboard@small,1,150,5,7,p0.001,3,small
spoon@large,1,25,2,27,p0.001,3,large
spoon@large,1,50,3,27,p0.001,3,large
spoon@large,1,100,4,27,p0.001,3,large
spoon@large,1,150,4,27,p0.001,3,large
spoon@medium,1,25,0,150,p0.001,3,medium
spoon@medium,1,50,1,150,p0.001,3,medium
spoon@medium,1,100,1,150,p0.001,3,medium
spoon@medium,1,150,1,150,p0.001,3,medium
spoon@small,1,25,0,150,p0.001,3,small
spoon@small,1,50,0,150,p0.001,3,small
spoon@small,1,100,0,150,p0.001,3,small
spoon@small,1,150,0,150,p0.001,3,small
stop sign@large,1,25,3,7,p0.001,3,large
stop sign@large,1,50,3,7,p0.001,3,large
stop sign@large,1,100,3,7,p0.001,3,large
stop sign@large,1,150,3,7,p0.001,3,large
stop sign@medium,1,25,3,7,p0.001,3,medium
stop sign@medium,1,50,3,7,p0.001,3,medium
stop sign@medium,1,100,3,7,p0.001,3,medium
stop sign@medium,1,150,3,7,p0.001,3,medium
stop sign@small,1,25,0,150,p0.001,3,small
stop sign@small,1,50,0,150,p0.001,3,small
stop sign@small,1,100,0,150,p0.001,3,small
stop sign@small,1,150,1,150,p0.001,3,small
surfboard@large,1,25,3,7,p0.001,3,large
surfboard@large,1,50,3,7,p0.001,3,large
surfboard@large,1,100,3,7,p0.001,3,large
surfboard@large,1,150,3,7,p0.001,3,large
surfboard@medium,1,25,4,7,p0.001,3,medium
surfboard@medium,1,50,4,7,p0.001,3,medium
surfboard@medium,1,100,4,7,p0.001,3,medium
surfboard@medium,1,150,4,7,p0.001,3,medium
surfboard@small,1,25,3,7,p0.001,3,small
surfboard@small,1,50,3,7,p0.001,3,small
surfboard@small,1,100,3,7,p0.001,3,small
surfboard@small,1,150,3,7,p0.001,3,small
tennis racket@large,1,25,3,7,p0.001,3,large
tennis racket@large,1,50,3,7,p0.001,3,large
tennis racket@large,1,100,3,7,p0.001,3,large
tennis racket@large,1,150,3,7,p0.001,3,large
tennis racket@medium,1,25,3,7,p0.001,3,medium
tennis racket@medium,1,50,3,7,p0.001,3,medium
tennis racket@medium,1,100,3,7,p0.001,3,medium
tennis racket@medium,1,150,3,7,p0.001,3,medium
tennis racket@small,1,25,3,7,p0.001,3,small
tennis racket@small,1,50,3,7,p0.001,3,small
tennis racket@small,1,100,3,7,p0.001,3,small
tennis racket@small,1,150,3,7,p0.001,3,small
tie@large,1,25,3,7,p0.001,3,large
tie@large,1,50,3,7,p0.001,3,large
tie@large,1,100,3,7,p0.001,3,large
tie@large,1,150,3,7,p0.001,3,large
tie@medium,1,25,3,7,p0.001,3,medium
tie@medium,1,50,3,7,p0.001,3,medium
tie@medium,1,100,3,7,p0.001,3,medium
tie@medium,1,150,3,7,p0.001,3,medium
tie@small,1,25,1,54,p0.001,3,small
tie@small,1,50,2,54,p0.001,3,small
tie@small,1,100,3,54,p0.001,3,small
tie@small,1,150,3,54,p0.001,3,small
toothbrush@large,1,25,3,7,p0.001,3,large
toothbrush@large,1,50,3,7,p0.001,3,large
toothbrush@large,1,100,3,7,p0.001,3,large
toothbrush@large,1,150,3,7,p0.001,3,large
toothbrush@medium,1,25,3,7,p0.001,3,medium
toothbrush@medium,1,50,3,7,p0.001,3,medium
toothbrush@medium,1,100,3,7,p0.001,3,medium
toothbrush@medium,1,150,3,7,p0.001,3,medium
toothbrush@small,1,25,0,150,p0.001,3,small
toothbrush@small,1,50,0,150,p0.001,3,small
toothbrush@small,1,100,0,150,p0.001,3,small
toothbrush@small,1,150,0,150,p0.001,3,small
traffic light@large,1,25,3,7,p0.001,3,large
traffic light@large,1,50,3,7,p0.001,3,large
traffic light@large,1,100,3,7,p0.001,3,large
traffic light@large,1,150,3,7,p0.001,3,large
traffic light@medium,1,25,3,7,p0.001,3,medium
traffic light@medium,1,50,3,7,p0.001,3,medium
traffic light@medium,1,100,4,7,p0.001,3,medium
traffic light@medium,1,150,5,7,p0.001,3,medium
traffic light@small,1,25,3,19,p0.001,3,small
traffic light@small,1,50,4,19,p0.001,3,small
traffic light@small,1,100,4,19,p0.001,3,small
traffic light@small,1,150,4,19,p0.001,3,small
tv@large,1,25,3,7,p0.001,3,large
tv@large,1,50,3,7,p0.001,3,large
tv@large,1,100,3,7,p0.001,3,large
tv@large,1,150,3,7,p0.001,3,large
tv@medium,1,25,1,85,p0.001,3,medium
tv@medium,1,50,2,85,p0.001,3,medium
tv@medium,1,100,3,85,p0.001,3,medium
tv@medium,1,150,3,85,p0.001,3,medium
tv@small,1,25,0,150,p0.001,3,small
tv@small,1,50,1,150,p0.001,3,small
tv@small,1,100,1,150,p0.001,3,small
tv@small,1,150,1,150,p0.001,3,small
umbrella@large,1,25,4,7,p0.001,3,large
umbrella@large,1,50,4,7,p0.001,3,large
umbrella@large,1,100,4,7,p0.001,3,large
umbrella@large,1,150,4,7,p0.001,3,large
umbrella@medium,1,25,3,7,p0.001,3,medium
umbrella@medium,1,50,3,7,p0.001,3,medium
umbrella@medium,1,100,3,7,p0.001,3,medium
umbrella@medium,1,150,4,7,p0.001,3,medium
umbrella@small,1,25,0,150,p0.001,3,small
umbrella@small,1,50,0,150,p0.001,3,small
umbrella@small,1,100,0,150,p0.001,3,small
umbrella@small,1,150,0,150,p0.001,3,small
vase or potted plant@large,1,25,3,7,p0.001,3,large
vase or potted plant@large,1,50,3,7,p0.001,3,large
vase or potted plant@large,1,100,3,7,p0.001,3,large
vase or potted plant@large,1,150,3,7,p0.001,3,large
vase or potted plant@medium,1,25,1,76,p0.001,3,medium
vase or potted plant@medium,1,50,1,76,p0.001,3,medium
vase or potted plant@medium,1,100,3,76,p0.001,3,medium
vase or potted plant@medium,1,150,3,76,p0.001,3,medium
vase or potted plant@small,1,25,0,150,p0.001,3,small
vase or potted plant@small,1,50,0,150,p0.001,3,small
vase or potted plant@small,1,100,0,150,p0.001,3,small
vase or potted plant@small,1,150,0,150,p0.001,3,small
airplane@large,2,25,3,7,p0.001,3,large
airplane@large,2,50,3,7,p0.001,3,large
airplane@large,2,100,3,7,p0.001,3,large
airplane@large,2,150,3,7,p0.001,3,large
airplane@medium,2,25,3,7,p0.001,3,medium
airplane@medium,2,50,3,7,p0.001,3,medium
airplane@medium,2,100,3,7,p0.001,3,medium
airplane@medium,2,150,3,7,p0.001,3,medium
airplane@small,2,25,3,7,p0.001,3,small
airplane@small,2,50,3,7,p0.001,3,small
airplane@small,2,100,3,7,p0.001,3,small
airplane@small,2,150,3,7,p0.001,3,small
apple@large,2,25,4,7,p0.001,3,large
apple@large,2,50,4,7,p0.001,3,large
apple@large,2,100,4,7,p0.001,3,large
apple@large,2,150,4,7,p0.001,3,large
apple@medium,2,25,3,12,p0.001,3,medium
apple@medium,2,50,3,12,p0.001,3,medium
apple@medium,2,100,3,12,p0.001,3,medium
apple@medium,2,150,3,12,p0.001,3,medium
bag or luggage@large,2,25,3,7,p0.001,3,large
bag or luggage@large,2,50,3,7,p0.001,3,large
bag or luggage@large,2,100,3,7,p0.001,3,large
bag or luggage@large,2,150,3,7,p0.001,3,large
bag or luggage@medium,2,25,3,7,p0.001,3,medium
bag or luggage@medium,2,50,3,7,p0.001,3,medium
bag or luggage@medium,2,100,3,7,p0.001,3,medium
bag or luggage@medium,2,150,3,7,p0.001,3,medium
bag or luggage@small,2,25,0,150,p0.001,3,small
bag or luggage@small,2,50,1,150,p0.001,3,small
bag or luggage@small,2,100,1,150,p0.001,3,small
bag or luggage@small,2,150,1,150,p0.001,3,small
banana@large,2,25,3,7,p0.001,3,large
banana@large,2,50,3,7,p0.001,3,large
banana@large,2,100,3,7,p0.001,3,large
banana@large,2,150,3,7,p0.001,3,large
banana@medium,2,25,3,7,p0.001,3,medium
banana@medium,2,50,3,7,p0.001,3,medium
banana@medium,2,100,4,7,p0.001,3,medium
banana@medium,2,150,4,7,p0.001,3,medium
baseball bat@large,2,25,3,7,p0.001,3,large
baseball bat@large,2,50,3,7,p0.001,3,large
baseball bat@large,2,100,5,7,p0.001,3,large
baseball bat@large,2,150,5,7,p0.001,3,large
baseball bat@medium,2,25,4,7,p0.001,3,medium
baseball bat@medium,2,50,4,7,p0.001,3,medium
baseball bat@medium,2,100,4,7,p0.001,3,medium
baseball bat@medium,2,150,5,7,p0.001,3,medium
baseball bat@small,2,25,8,7,p0.001,3,small
baseball bat@small,2,50,8,7,p0.001,3,small
baseball bat@small,2,100,8,7,p0.001,3,small
baseball bat@small,2,150,8,7,p0.001,3,small
bench@large,2,25,3,7,p0.001,3,large
bench@large,2,50,3,7,p0.001,3,large
bench@large,2,100,4,7,p0.001,3,large
bench@large,2,150,4,7,p0.001,3,large
bench@medium,2,25,3,7,p0.001,3,medium
bench@medium,2,50,3,7,p0.001,3,medium
bench@medium,2,100,3,7,p0.001,3,medium
bench@medium,2,150,3,7,p0.001,3,medium
bench@small,2,25,0,150,p0.001,3,small
bench@small,2,50,0,150,p0.001,3,small
bench@small,2,100,0,150,p0.001,3,small
bench@small,2,150,0,150,p0.001,3,small
bicycle@large,2,25,3,7,p0.001,3,large
bicycle@large,2,50,3,7,p0.001,3,large
bicycle@large,2,100,3,7,p0.001,3,large
bicycle@large,2,150,3,7,p0.001,3,large
bicycle@medium,2,25,3,11,p0.001,3,medium
bicycle@medium,2,50,3,11,p0.001,3,medium
bicycle@medium,2,100,3,11,p0.001,3,medium
bicycle@medium,2,150,3,11,p0.001,3,medium
bicycle@small,2,25,0,150,p0.001,3,small
bicycle@small,2,50,0,150,p0.001,3,small
bicycle@small,2,100,1,150,p0.001,3,small
bicycle@small,2,150,2,150,p0.001,3,small
bird@large,2,25,6,7,p0.001,3,large
bird@large,2,50,6,7,p0.001,3,large
bird@large,2,100,6,7,p0.001,3,large
bird@large,2,150,6,7,p0.001,3,large
bird@medium,2,25,3,7,p0.001,3,medium
bird@medium,2,50,3,7,p0.001,3,medium
bird@medium,2,100,3,7,p0.001,3,medium
bird@medium,2,150,3,7,p0.001,3,medium
bird@small,2,25,0,150,p0.001,3,small
bird@small,2,50,0,150,p0.001,3,small
bird@small,2,100,0,150,p0.001,3,small
bird@small,2,150,0,150,p0.001,3,small
boat@large,2,25,3,7,p0.001,3,large
boat@large,2,50,3,7,p0.001,3,large
boat@large,2,100,3,7,p0.001,3,large
boat@large,2,150,3,7,p0.001,3,large
boat@medium,2,25,3,7,p0.001,3,medium
boat@medium,2,50,3,7,p0.001,3,medium
boat@medium,2,100,3,7,p0.001,3,medium
boat@medium,2,150,3,7,p0.001,3,medium
boat@small,2,25,2,40,p0.001,3,small
boat@small,2,50,3,40,p0.001,3,small
boat@small,2,100,3,40,p0.001,3,small
boat@small,2,150,4,40,p0.001,3,small
book@large,2,25,3,7,p0.001,3,large
book@large,2,50,3,7,p0.001,3,large
book@large,2,100,3,7,p0.001,3,large
book@large,2,150,3,7,p0.001,3,large
book@medium,2,25,0,150,p0.001,3,medium
book@medium,2,50,0,150,p0.001,3,medium
book@medium,2,100,0,150,p0.001,3,medium
book@medium,2,150,0,150,p0.001,3,medium
book@small,2,25,0,150,p0.001,3,small
book@small,2,50,0,150,p0.001,3,small
book@small,2,100,0,150,p0.001,3,small
book@small,2,150,0,150,p0.001,3,small
bottle@large,2,25,3,7,p0.001,3,large
bottle@large,2,50,3,7,p0.001,3,large
bottle@large,2,100,3,7,p0.001,3,large
bottle@large,2,150,3,7,p0.001,3,large
bottle@medium,2,25,0,150,p0.001,3,medium
bottle@medium,2,50,0,150,p0.001,3,medium
bottle@medium,2,100,0,150,p0.001,3,medium
bottle@medium,2,150,0,150,p0.001,3,medium
bottle@small,2,25,1,150,p0.001,3,small
bottle@small,2,50,1,150,p0.001,3,small
bottle@small,2,100,1,150,p0.001,3,small
bottle@small,2,150,1,150,p0.001,3,small
bowl@large,2,25,0,150,p0.001,3,large
bowl@large,2,50,0,150,p0.001,3,large
bowl@large,2,100,1,150,p0.001,3,large
bowl@large,2,150,1,150,p0.001,3,large
bowl@medium,2,25,1,135,p0.001,3,medium
bowl@medium,2,50,1,135,p0.001,3,medium
bowl@medium,2,100,2,135,p0.001,3,medium
bowl@medium,2,150,3,135,p0.001,3,medium
bowl@small,2,25,0,150,p0.001,3,small
bowl@small,2,50,0,150,p0.001,3,small
bowl@small,2,100,0,150,p0.001,3,small
bowl@small,2,150,0,150,p0.001,3,small
bus@large,2,25,3,7,p0.001,3,large
bus@large,2,50,3,7,p0.001,3,large
bus@large,2,100,3,7,p0.001,3,large
bus@large,2,150,3,7,p0.001,3,large
bus@medium,2,25,3,14,p0.001,3,medium
bus@medium,2,50,4,14,p0.001,3,medium
bus@medium,2,100,4,14,p0.001,3,medium
bus@medium,2,150,4,14,p0.001,3,medium
bus@small,2,25,0,150,p0.001,3,small
bus@small,2,50,0,150,p0.001,3,small
bus@small,2,100,0,150,p0.001,3,small
bus@small,2,150,0,150,p0.001,3,small
cell phone@large,2,25,6,7,p0.001,3,large
cell phone@large,2,50,6,7,p0.001,3,large
cell phone@large,2,100,6,7,p0.001,3,large
cell phone@large,2,150,6,7,p0.001,3,large
cell phone@medium,2,25,3,7,p0.001,3,medium
cell phone@medium,2,50,3,7,p0.001,3,medium
cell phone@medium,2,100,3,7,p0.001,3,medium
cell phone@medium,2,150,3,7,p0.001,3,medium
cell phone@small,2,25,1,150,p0.001,3,small
cell phone@small,2,50,1,150,p0.001,3,small
cell phone@small,2,100,1,150,p0.001,3,small
cell phone@small,2,150,1,150,p0.001,3,small
chair@large,2,25,0,150,p0.001,3,large
chair@large,2,50,0,150,p0.001,3,large
chair@large,2,100,1,150,p0.001,3,large
chair@large,2,150,2,150,p0.001,3,large
chair@medium,2,25,0,150,p0.001,3,medium
chair@medium,2,50,0,150,p0.001,3,medium
chair@medium,2,100,0,150,p0.001,3,medium
chair@medium,2,150,0,150,p0.001,3,medium
chair@small,2,25,0,150,p0.001,3,small
chair@small,2,50,0,150,p0.001,3,small
chair@small,2,100,0,150,p0.001,3,small
chair@small,2,150,0,150,p0.001,3,small
clock@large,2,25,3,7,p0.001,3,large
clock@large,2,50,3,7,p0.001,3,large
clock@large,2,100,3,7,p0.001,3,large
clock@large,2,150,3,7,p0.001,3,large
clock@medium,2,25,3,7,p0.001,3,medium
clock@medium,2,50,3,7,p0.001,3,medium
clock@medium,2,100,3,7,p0.001,3,medium
clock@medium,2,150,3,7,p0.001,3,medium
clock@small,2,25,1,150,p0.001,3,small
clock@small,2,50,1,150,p0.001,3,small
clock@small,2,100,1,150,p0.001,3,small
clock@small,2,150,1,150,p0.001,3,small
dining table@large,2,25,0,150,p0.001,3,large
dining table@large,2,50,0,150,p0.001,3,large
dining table@large,2,100,1,150,p0.001,3,large
dining table@large,2,150,2,150,p0.001,3,large
dining table@medium,2,25,2,86,p0.001,3,medium
dining table@medium,2,50,2,86,p0.001,3,medium
dining table@medium,2,100,3,86,p0.001,3,medium
dining table@medium,2,150,3,86,p0.001,3,medium
dining table@small,2,25,0,150,p0.001,3,small
dining table@small,2,50,1,150,p0.001,3,small
dining table@small,2,100,2,150,p0.001,3,small
dining table@small,2,150,2,150,p0.001,3,small
dog@large,2,25,4,11,p0.001,3,large
dog@large,2,50,4,11,p0.001,3,large
dog@large,2,100,4,11,p0.001,3,large
dog@large,2,150,4,11,p0.001,3,large
dog@medium,2,25,1,53,p0.001,3,medium
dog@medium,2,50,2,53,p0.001,3,medium
dog@medium,2,100,3,53,p0.001,3,medium
dog@medium,2,150,3,53,p0.001,3,medium
dog@small,2,25,0,150,p0.001,3,small
dog@small,2,50,1,150,p0.001,3,small
dog@small,2,100,1,150,p0.001,3,small
dog@small,2,150,1,150,p0.001,3,small
enclosed road vehicle@large,2,25,3,8,p0.001,3,large
enclosed road vehicle@large,2,50,3,8,p0.001,3,large
enclosed road vehicle@large,2,100,3,8,p0.001,3,large
enclosed road vehicle@large,2,150,3,8,p0.001,3,large
enclosed road vehicle@medium,2,25,0,150,p0.001,3,medium
enclosed road vehicle@medium,2,50,1,150,p0.001,3,medium
enclosed road vehicle@medium,2,100,1,150,p0.001,3,medium
enclosed road vehicle@medium,2,150,2,150,p0.001,3,medium
enclosed road vehicle@small,2,25,0,150,p0.001,3,small
enclosed road vehicle@small,2,50,0,150,p0.001,3,small
enclosed road vehicle@small,2,100,0,150,p0.001,3,small
enclosed road vehicle@small,2,150,0,150,p0.001,3,small
fire hydrant@large,2,25,3,7,p0.001,3,large
fire hydrant@large,2,50,3,7,p0.001,3,large
fire hydrant@large,2,100,3,7,p0.001,3,large
fire hydrant@large,2,150,3,7,p0.001,3,large
fire hydrant@medium,2,25,3,19,p0.001,3,medium
fire hydrant@medium,2,50,3,19,p0.001,3,medium
fire hydrant@medium,2,100,3,19,p0.001,3,medium
fire hydrant@medium,2,150,3,19,p0.001,3,medium
fire hydrant@small,2,25,0,150,p0.001,3,small
fire hydrant@small,2,50,0,150,p0.001,3,small
fire hydrant@small,2,100,1,150,p0.001,3,small
fire hydrant@small,2,150,1,150,p0.001,3,small
fork@large,2,25,3,11,p0.001,3,large
fork@large,2,50,3,11,p0.001,3,large
fork@large,2,100,3,11,p0.001,3,large
fork@large,2,150,3,11,p0.001,3,large
fork@medium,2,25,3,21,p0.001,3,medium
fork@medium,2,50,3,21,p0.001,3,medium
fork@medium,2,100,3,21,p0.001,3,medium
fork@medium,2,150,3,21,p0.001,3,medium
fork@small,2,25,1,150,p0.001,3,small
fork@small,2,50,1,150,p0.001,3,small
fork@small,2,100,1,150,p0.001,3,small
fork@small,2,150,2,150,p0.001,3,small
frisbee@large,2,25,3,7,p0.001,3,large
frisbee@large,2,50,3,7,p0.001,3,large
frisbee@large,2,100,3,7,p0.001,3,large
frisbee@large,2,150,3,7,p0.001,3,large
frisbee@medium,2,25,3,7,p0.001,3,medium
frisbee@medium,2,50,3,7,p0.001,3,medium
frisbee@medium,2,100,3,7,p0.001,3,medium
frisbee@medium,2,150,3,7,p0.001,3,medium
frisbee@small,2,25,3,7,p0.001,3,small
frisbee@small,2,50,3,7,p0.001,3,small
frisbee@small,2,100,3,7,p0.001,3,small
frisbee@small,2,150,3,7,p0.001,3,small
keyboard@large,2,25,3,8,p0.001,3,large
keyboard@large,2,50,3,8,p0.001,3,large
keyboard@large,2,100,3,8,p0.001,3,large
keyboard@large,2,150,3,8,p0.001,3,large
keyboard@medium,2,25,0,59,p0.001,3,medium
keyboard@medium,2,50,2,59,p0.001,3,medium
keyboard@medium,2,100,3,59,p0.001,3,medium
keyboard@medium,2,150,3,59,p0.001,3,medium
keyboard@small,2,25,0,150,p0.001,3,small
keyboard@small,2,50,0,150,p0.001,3,small
keyboard@small,2,100,0,150,p0.001,3,small
keyboard@small,2,150,0,150,p0.001,3,small
kite@large,2,25,3,7,p0.001,3,large
kite@large,2,50,3,7,p0.001,3,large
kite@large,2,100,3,7,p0.001,3,large
kite@large,2,150,3,7,p0.001,3,large
kite@medium,2,25,3,7,p0.001,3,medium
kite@medium,2,50,3,7,p0.001,3,medium
kite@medium,2,100,3,7,p0.001,3,medium
kite@medium,2,150,3,7,p0.001,3,medium
kite@small,2,25,3,7,p0.001,3,small
kite@small,2,50,3,7,p0.001,3,small
kite@small,2,100,3,7,p0.001,3,small
kite@small,2,150,3,7,p0.001,3,small
knife@large,2,25,2,67,p0.001,3,large
knife@large,2,50,2,67,p0.001,3,large
knife@large,2,100,3,67,p0.001,3,large
knife@large,2,150,3,67,p0.001,3,large
knife@medium,2,25,1,150,p0.001,3,medium
knife@medium,2,50,1,150,p0.001,3,medium
knife@medium,2,100,1,150,p0.001,3,medium
knife@medium,2,150,1,150,p0.001,3,medium
knife@small,2,25,0,150,p0.001,3,small
knife@small,2,50,0,150,p0.001,3,small
knife@small,2,100,0,150,p0.001,3,small
knife@small,2,150,0,150,p0.001,3,small
laptop@large,2,25,3,12,p0.001,3,large
laptop@large,2,50,3,12,p0.001,3,large
laptop@large,2,100,3,12,p0.001,3,large
laptop@large,2,150,3,12,p0.001,3,large
laptop@medium,2,25,0,77,p0.001,3,medium
laptop@medium,2,50,0,77,p0.001,3,medium
laptop@medium,2,100,3,77,p0.001,3,medium
laptop@medium,2,150,3,77,p0.001,3,medium
laptop@small,2,25,0,150,p0.001,3,small
laptop@small,2,50,0,150,p0.001,3,small
laptop@small,2,100,0,150,p0.001,3,small
laptop@small,2,150,0,150,p0.001,3,small
microwave@large,2,25,3,19,p0.001,3,large
microwave@large,2,50,3,19,p0.001,3,large
microwave@large,2,100,3,19,p0.001,3,large
microwave@large,2,150,3,19,p0.001,3,large
microwave@medium,2,25,1,150,p0.001,3,medium
microwave@medium,2,50,1,150,p0.001,3,medium
microwave@medium,2,100,2,150,p0.001,3,medium
microwave@medium,2,150,2,150,p0.001,3,medium
microwave@small,2,25,0,150,p0.001,3,small
microwave@small,2,50,0,150,p0.001,3,small
microwave@small,2,100,0,150,p0.001,3,small
microwave@small,2,150,0,150,p0.001,3,small
motorcycle@large,2,25,3,7,p0.001,3,large
motorcycle@large,2,50,3,7,p0.001,3,large
motorcycle@large,2,100,3,7,p0.001,3,large
motorcycle@large,2,150,3,7,p0.001,3,large
motorcycle@medium,2,25,3,7,p0.001,3,medium
motorcycle@medium,2,50,3,7,p0.001,3,medium
motorcycle@medium,2,100,3,7,p0.001,3,medium
motorcycle@medium,2,150,3,7,p0.001,3,medium
motorcycle@small,2,25,0,150,p0.001,3,small
motorcycle@small,2,50,0,150,p0.001,3,small
motorcycle@small,2,100,0,150,p0.001,3,small
motorcycle@small,2,150,1,150,p0.001,3,small
mouse@large,2,25,7,7,p0.001,3,large
mouse@large,2,50,7,7,p0.001,3,large
mouse@large,2,100,7,7,p0.001,3,large
mouse@large,2,150,7,7,p0.001,3,large
mouse@medium,2,25,3,9,p0.001,3,medium
mouse@medium,2,50,3,9,p0.001,3,medium
mouse@medium,2,100,3,9,p0.001,3,medium
mouse@medium,2,150,4,9,p0.001,3,medium
mouse@small,2,25,0,91,p0.001,3,small
mouse@small,2,50,1,91,p0.001,3,small
mouse@small,2,100,3,91,p0.001,3,small
mouse@small,2,150,3,91,p0.001,3,small
orange@large,2,25,3,7,p0.001,3,large
orange@large,2,50,3,7,p0.001,3,large
orange@large,2,100,3,7,p0.001,3,large
orange@large,2,150,3,7,p0.001,3,large
orange@medium,2,25,4,7,p0.001,3,medium
orange@medium,2,50,4,7,p0.001,3,medium
orange@medium,2,100,4,7,p0.001,3,medium
orange@medium,2,150,4,7,p0.001,3,medium
parking meter@large,2,25,3,7,p0.001,3,large
parking meter@large,2,50,3,7,p0.001,3,large
parking meter@large,2,100,3,7,p0.001,3,large
parking meter@large,2,150,3,7,p0.001,3,large
parking meter@medium,2,25,3,18,p0.001,3,medium
parking meter@medium,2,50,3,18,p0.001,3,medium
parking meter@medium,2,100,3,18,p0.001,3,medium
parking meter@medium,2,150,3,18,p0.001,3,medium
parking meter@small,2,25,0,150,p0.001,3,small
parking meter@small,2,50,0,150,p0.001,3,small
parking meter@small,2,100,0,150,p0.001,3,small
parking meter@small,2,150,0,150,p0.001,3,small
person@large,2,25,2,40,p0.001,3,large
person@large,2,50,3,40,p0.001,3,large
person@large,2,100,3,40,p0.001,3,large
person@large,2,150,3,40,p0.001,3,large
person@medium,2,25,0,150,p0.001,3,medium
person@medium,2,50,1,150,p0.001,3,medium
person@medium,2,100,1,150,p0.001,3,medium
person@medium,2,150,1,150,p0.001,3,medium
person@small,2,25,0,150,p0.001,3,small
person@small,2,50,0,150,p0.001,3,small
person@small,2,100,0,150,p0.001,3,small
person@small,2,150,0,150,p0.001,3,small
remote@large,2,25,6,7,p0.001,3,large
remote@large,2,50,6,7,p0.001,3,large
remote@large,2,100,6,7,p0.001,3,large
remote@large,2,150,6,7,p0.001,3,large
remote@medium,2,25,3,23,p0.001,3,medium
remote@medium,2,50,3,23,p0.001,3,medium
remote@medium,2,100,3,23,p0.001,3,medium
remote@medium,2,150,3,23,p0.001,3,medium
remote@small,2,25,0,150,p0.001,3,small
remote@small,2,50,0,150,p0.001,3,small
remote@small,2,100,0,150,p0.001,3,small
remote@small,2,150,0,150,p0.001,3,small
scissors@large,2,25,3,7,p0.001,3,large
scissors@large,2,50,3,7,p0.001,3,large
scissors@large,2,100,3,7,p0.001,3,large
scissors@large,2,150,3,7,p0.001,3,large
scissors@medium,2,25,3,7,p0.001,3,medium
scissors@medium,2,50,3,7,p0.001,3,medium
scissors@medium,2,100,3,7,p0.001,3,medium
scissors@medium,2,150,3,7,p0.001,3,medium
scissors@small,2,25,0,150,p0.001,3,small
scissors@small,2,50,1,150,p0.001,3,small
scissors@small,2,100,2,150,p0.001,3,small
scissors@small,2,150,2,150,p0.001,3,small
single serving drinking vessel@large,2,25,0,150,p0.001,3,large
single serving drinking vessel@large,2,50,0,150,p0.001,3,large
single serving drinking vessel@large,2,100,0,150,p0.001,3,large
single serving drinking vessel@large,2,150,0,150,p0.001,3,large
single serving drinking vessel@medium,2,25,0,150,p0.001,3,medium
single serving drinking vessel@medium,2,50,1,150,p0.001,3,medium
single serving drinking vessel@medium,2,100,2,150,p0.001,3,medium
single serving drinking vessel@medium,2,150,2,150,p0.001,3,medium
single serving drinking vessel@small,2,25,1,150,p0.001,3,small
single serving drinking vessel@small,2,50,1,150,p0.001,3,small
single serving drinking vessel@small,2,100,2,150,p0.001,3,small
single serving drinking vessel@small,2,150,2,150,p0.001,3,small
sink@large,2,25,3,14,p0.001,3,large
sink@large,2,50,3,14,p0.001,3,large
sink@large,2,100,3,14,p0.001,3,large
sink@large,2,150,4,14,p0.001,3,large
sink@medium,2,25,2,51,p0.001,3,medium
sink@medium,2,50,2,51,p0.001,3,medium
sink@medium,2,100,3,51,p0.001,3,medium
sink@medium,2,150,3,51,p0.001,3,medium
sink@small,2,25,0,150,p0.001,3,small
sink@small,2,50,0,150,p0.001,3,small
sink@small,2,100,1,150,p0.001,3,small
sink@small,2,150,2,150,p0.001,3,small
skateboard@large,2,25,3,7,p0.001,3,large
skateboard@large,2,50,3,7,p0.001,3,large
skateboard@large,2,100,3,7,p0.001,3,large
skateboard@large,2,150,3,7,p0.001,3,large
skateboard@medium,2,25,3,7,p0.001,3,medium
skateboard@medium,2,50,3,7,p0.001,3,medium
skateboard@medium,2,100,3,7,p0.001,3,medium
skateboard@medium,2,150,3,7,p0.001,3,medium
skateboard@small,2,25,3,7,p0.001,3,small
skateboard@small,2,50,3,7,p0.001,3,small
skateboard@small,2,100,3,7,p0.001,3,small
skateboard@small,2,150,3,7,p0.001,3,small
skis@large,2,25,3,7,p0.001,3,large
skis@large,2,50,3,7,p0.001,3,large
skis@large,2,100,3,7,p0.001,3,large
skis@large,2,150,3,7,p0.001,3,large
skis@medium,2,25,3,7,p0.001,3,medium
skis@medium,2,50,3,7,p0.001,3,medium
skis@medium,2,100,4,7,p0.001,3,medium
skis@medium,2,150,4,7,p0.001,3,medium
skis@small,2,25,3,17,p0.001,3,small
skis@small,2,50,3,17,p0.001,3,small
skis@small,2,100,3,17,p0.001,3,small
skis@small,2,150,3,17,p0.001,3,small
snowboard@large,2,25,3,7,p0.001,3,large
snowboard@large,2,50,3,7,p0.001,3,large
snowboard@large,2,100,3,7,p0.001,3,large
snowboard@large,2,150,4,7,p0.001,3,large
snowboard@medium,2,25,3,7,p0.001,3,medium
snowboard@medium,2,50,3,7,p0.001,3,medium
snowboard@medium,2,100,3,7,p0.001,3,medium
snowboard@medium,2,150,3,7,p0.001,3,medium
snowboard@small,2,25,3,7,p0.001,3,small
snowboard@small,2,50,3,7,p0.001,3,small
snowboard@small,2,100,4,7,p0.001,3,small
snowboard@small,2,150,4,7,p0.001,3,small
spoon@large,2,25,1,73,p0.001,3,large
spoon@large,2,50,1,73,p0.001,3,large
spoon@large,2,100,3,73,p0.001,3,large
spoon@large,2,150,3,73,p0.001,3,large
spoon@medium,2,25,0,150,p0.001,3,medium
spoon@medium,2,50,0,150,p0.001,3,medium
spoon@medium,2,100,2,150,p0.001,3,medium
spoon@medium,2,150,2,150,p0.001,3,medium
spoon@small,2,25,0,150,p0.001,3,small
spoon@small,2,50,0,150,p0.001,3,small
spoon@small,2,100,0,150,p0.001,3,small
spoon@small,2,150,0,150,p0.001,3,small
stop sign@large,2,25,3,7,p0.001,3,large
stop sign@large,2,50,3,7,p0.001,3,large
stop sign@large,2,100,3,7,p0.001,3,large
stop sign@large,2,150,3,7,p0.001,3,large
stop sign@medium,2,25,3,7,p0.001,3,medium
stop sign@medium,2,50,3,7,p0.001,3,medium
stop sign@medium,2,100,4,7,p0.001,3,medium
stop sign@medium,2,150,4,7,p0.001,3,medium
stop sign@small,2,25,0,150,p0.001,3,small
stop sign@small,2,50,0,150,p0.001,3,small
stop sign@small,2,100,0,150,p0.001,3,small
stop sign@small,2,150,1,150,p0.001,3,small
surfboard@large,2,25,3,7,p0.001,3,large
surfboard@large,2,50,3,7,p0.001,3,large
surfboard@large,2,100,3,7,p0.001,3,large
surfboard@large,2,150,3,7,p0.001,3,large
surfboard@medium,2,25,3,7,p0.001,3,medium
surfboard@medium,2,50,3,7,p0.001,3,medium
surfboard@medium,2,100,3,7,p0.001,3,medium
surfboard@medium,2,150,3,7,p0.001,3,medium
surfboard@small,2,25,3,7,p0.001,3,small
surfboard@small,2,50,3,7,p0.001,3,small
surfboard@small,2,100,3,7,p0.001,3,small
surfboard@small,2,150,3,7,p0.001,3,small
tennis racket@large,2,25,3,7,p0.001,3,large
tennis racket@large,2,50,3,7,p0.001,3,large
tennis racket@large,2,100,3,7,p0.001,3,large
tennis racket@large,2,150,3,7,p0.001,3,large
tennis racket@medium,2,25,3,7,p0.001,3,medium
tennis racket@medium,2,50,3,7,p0.001,3,medium
tennis racket@medium,2,100,3,7,p0.001,3,medium
tennis racket@medium,2,150,3,7,p0.001,3,medium
tennis racket@small,2,25,4,7,p0.001,3,small
tennis racket@small,2,50,4,7,p0.001,3,small
tennis racket@small,2,100,4,7,p0.001,3,small
tennis racket@small,2,150,4,7,p0.001,3,small
tie@large,2,25,3,7,p0.001,3,large
tie@large,2,50,3,7,p0.001,3,large
tie@large,2,100,3,7,p0.001,3,large
tie@large,2,150,3,7,p0.001,3,large
tie@medium,2,25,3,7,p0.001,3,medium
tie@medium,2,50,3,7,p0.001,3,medium
tie@medium,2,100,3,7,p0.001,3,medium
tie@medium,2,150,3,7,p0.001,3,medium
tie@small,2,25,1,91,p0.001,3,small
tie@small,2,50,1,91,p0.001,3,small
tie@small,2,100,3,91,p0.001,3,small
tie@small,2,150,3,91,p0.001,3,small
toothbrush@large,2,25,3,7,p0.001,3,large
toothbrush@large,2,50,3,7,p0.001,3,large
toothbrush@large,2,100,3,7,p0.001,3,large
toothbrush@large,2,150,3,7,p0.001,3,large
toothbrush@medium,2,25,3,7,p0.001,3,medium
toothbrush@medium,2,50,3,7,p0.001,3,medium
toothbrush@medium,2,100,3,7,p0.001,3,medium
toothbrush@medium,2,150,3,7,p0.001,3,medium
toothbrush@small,2,25,1,150,p0.001,3,small
toothbrush@small,2,50,1,150,p0.001,3,small
toothbrush@small,2,100,1,150,p0.001,3,small
toothbrush@small,2,150,2,150,p0.001,3,small
traffic light@large,2,25,3,7,p0.001,3,large
traffic light@large,2,50,3,7,p0.001,3,large
traffic light@large,2,100,3,7,p0.001,3,large
traffic light@large,2,150,3,7,p0.001,3,large
traffic light@medium,2,25,3,7,p0.001,3,medium
traffic light@medium,2,50,3,7,p0.001,3,medium
traffic light@medium,2,100,4,7,p0.001,3,medium
traffic light@medium,2,150,4,7,p0.001,3,medium
traffic light@small,2,25,3,12,p0.001,3,small
traffic light@small,2,50,3,12,p0.001,3,small
traffic light@small,2,100,3,12,p0.001,3,small
traffic light@small,2,150,3,12,p0.001,3,small
tv@large,2,25,1,31,p0.001,3,large
tv@large,2,50,3,31,p0.001,3,large
tv@large,2,100,3,31,p0.001,3,large
tv@large,2,150,3,31,p0.001,3,large
tv@medium,2,25,3,25,p0.001,3,medium
tv@medium,2,50,3,25,p0.001,3,medium
tv@medium,2,100,3,25,p0.001,3,medium
tv@medium,2,150,3,25,p0.001,3,medium
tv@small,2,25,0,150,p0.001,3,small
tv@small,2,50,0,150,p0.001,3,small
tv@small,2,100,0,150,p0.001,3,small
tv@small,2,150,0,150,p0.001,3,small
umbrella@large,2,25,3,7,p0.001,3,large
umbrella@large,2,50,3,7,p0.001,3,large
umbrella@large,2,100,3,7,p0.001,3,large
umbrella@large,2,150,3,7,p0.001,3,large
umbrella@medium,2,25,3,7,p0.001,3,medium
umbrella@medium,2,50,3,7,p0.001,3,medium
umbrella@medium,2,100,3,7,p0.001,3,medium
umbrella@medium,2,150,3,7,p0.001,3,medium
umbrella@small,2,25,0,101,p0.001,3,small
umbrella@small,2,50,2,101,p0.001,3,small
umbrella@small,2,100,2,101,p0.001,3,small
umbrella@small,2,150,3,101,p0.001,3,small
vase or potted plant@large,2,25,3,7,p0.001,3,large
vase or potted plant@large,2,50,3,7,p0.001,3,large
vase or potted plant@large,2,100,3,7,p0.001,3,large
vase or potted plant@large,2,150,3,7,p0.001,3,large
vase or potted plant@medium,2,25,1,150,p0.001,3,medium
vase or potted plant@medium,2,50,1,150,p0.001,3,medium
vase or potted plant@medium,2,100,2,150,p0.001,3,medium
vase or potted plant@medium,2,150,2,150,p0.001,3,medium
vase or potted plant@small,2,25,0,150,p0.001,3,small
vase or potted plant@small,2,50,0,150,p0.001,3,small
vase or potted plant@small,2,100,1,150,p0.001,3,small
vase or potted plant@small,2,150,1,150,p0.001,3,small
airplane@large,3,25,3,7,p0.001,3,large
airplane@large,3,50,3,7,p0.001,3,large
airplane@large,3,100,3,7,p0.001,3,large
airplane@large,3,150,3,7,p0.001,3,large
airplane@medium,3,25,3,7,p0.001,3,medium
airplane@medium,3,50,3,7,p0.001,3,medium
airplane@medium,3,100,3,7,p0.001,3,medium
airplane@medium,3,150,3,7,p0.001,3,medium
airplane@small,3,25,3,7,p0.001,3,small
airplane@small,3,50,3,7,p0.001,3,small
airplane@small,3,100,3,7,p0.001,3,small
airplane@small,3,150,4,7,p0.001,3,small
apple@large,3,25,3,7,p0.001,3,large
apple@large,3,50,3,7,p0.001,3,large
apple@large,3,100,4,7,p0.001,3,large
apple@large,3,150,5,7,p0.001,3,large
apple@medium,3,25,2,117,p0.001,3,medium
apple@medium,3,50,2,117,p0.001,3,medium
apple@medium,3,100,2,117,p0.001,3,medium
apple@medium,3,150,3,117,p0.001,3,medium
bag or luggage@large,3,25,3,7,p0.001,3,large
bag or luggage@large,3,50,3,7,p0.001,3,large
bag or luggage@large,3,100,3,7,p0.001,3,large
bag or luggage@large,3,150,3,7,p0.001,3,large
bag or luggage@medium,3,25,0,150,p0.001,3,medium
bag or luggage@medium,3,50,0,150,p0.001,3,medium
bag or luggage@medium,3,100,1,150,p0.001,3,medium
bag or luggage@medium,3,150,1,150,p0.001,3,medium
bag or luggage@small,3,25,0,150,p0.001,3,small
bag or luggage@small,3,50,1,150,p0.001,3,small
bag or luggage@small,3,100,1,150,p0.001,3,small
bag or luggage@small,3,150,1,150,p0.001,3,small
banana@large,3,25,6,7,p0.001,3,large
banana@large,3,50,6,7,p0.001,3,large
banana@large,3,100,6,7,p0.001,3,large
banana@large,3,150,6,7,p0.001,3,large
banana@medium,3,25,3,7,p0.001,3,medium
banana@medium,3,50,3,7,p0.001,3,medium
banana@medium,3,100,3,7,p0.001,3,medium
banana@medium,3,150,3,7,p0.001,3,medium
baseball bat@large,3,25,3,7,p0.001,3,large
baseball bat@large,3,50,3,7,p0.001,3,large
baseball bat@large,3,100,3,7,p0.001,3,large
baseball bat@large,3,150,3,7,p0.001,3,large
baseball bat@medium,3,25,3,7,p0.001,3,medium
baseball bat@medium,3,50,3,7,p0.001,3,medium
baseball bat@medium,3,100,3,7,p0.001,3,medium
baseball bat@medium,3,150,3,7,p0.001,3,medium
baseball bat@small,3,25,3,7,p0.001,3,small
baseball bat@small,3,50,3,7,p0.001,3,small
baseball bat@small,3,100,3,7,p0.001,3,small
baseball bat@small,3,150,10,7,p0.001,3,small
bench@large,3,25,4,7,p0.001,3,large
bench@large,3,50,4,7,p0.001,3,large
bench@large,3,100,4,7,p0.001,3,large
bench@large,3,150,4,7,p0.001,3,large
bench@medium,3,25,1,150,p0.001,3,medium
bench@medium,3,50,1,150,p0.001,3,medium
bench@medium,3,100,2,150,p0.001,3,medium
bench@medium,3,150,2,150,p0.001,3,medium
bench@small,3,25,1,150,p0.001,3,small
bench@small,3,50,1,150,p0.001,3,small
bench@small,3,100,1,150,p0.001,3,small
bench@small,3,150,1,150,p0.001,3,small
bicycle@large,3,25,4,7,p0.001,3,large
bicycle@large,3,50,4,7,p0.001,3,large
bicycle@large,3,100,4,7,p0.001,3,large
bicycle@large,3,150,4,7,p0.001,3,large
bicycle@medium,3,25,2,73,p0.001,3,medium
bicycle@medium,3,50,2,73,p0.001,3,medium
bicycle@medium,3,100,3,73,p0.001,3,medium
bicycle@medium,3,150,3,73,p0.001,3,medium
bicycle@small,3,25,1,150,p0.001,3,small
bicycle@small,3,50,1,150,p0.001,3,small
bicycle@small,3,100,2,150,p0.001,3,small
bicycle@small,3,150,2,150,p0.001,3,small
bird@large,3,25,4,7,p0.001,3,large
bird@large,3,50,4,7,p0.001,3,large
bird@large,3,100,4,7,p0.001,3,large
bird@large,3,150,4,7,p0.001,3,large
bird@medium,3,25,5,7,p0.001,3,medium
bird@medium,3,50,5,7,p0.001,3,medium
bird@medium,3,100,5,7,p0.001,3,medium
bird@medium,3,150,5,7,p0.001,3,medium
bird@small,3,25,3,23,p0.001,3,small
bird@small,3,50,3,23,p0.001,3,small
bird@small,3,100,3,23,p0.001,3,small
bird@small,3,150,4,23,p0.001,3,small
boat@large,3,25,3,7,p0.001,3,large
boat@large,3,50,3,7,p0.001,3,large
boat@large,3,100,3,7,p0.001,3,large
boat@large,3,150,3,7,p0.001,3,large
boat@medium,3,25,3,7,p0.001,3,medium
boat@medium,3,50,3,7,p0.001,3,medium
boat@medium,3,100,3,7,p0.001,3,medium
boat@medium,3,150,3,7,p0.001,3,medium
boat@small,3,25,1,82,p0.001,3,small
boat@small,3,50,2,82,p0.001,3,small
boat@small,3,100,3,82,p0.001,3,small
boat@small,3,150,3,82,p0.001,3,small
book@large,3,25,3,9,p0.001,3,large
book@large,3,50,3,9,p0.001,3,large
book@large,3,100,3,9,p0.001,3,large
book@large,3,150,3,9,p0.001,3,large
book@medium,3,25,1,150,p0.001,3,medium
book@medium,3,50,1,150,p0.001,3,medium
book@medium,3,100,1,150,p0.001,3,medium
book@medium,3,150,1,150,p0.001,3,medium
book@small,3,25,1,150,p0.001,3,small
book@small,3,50,1,150,p0.001,3,small
book@small,3,100,1,150,p0.001,3,small
book@small,3,150,2,150,p0.001,3,small
bottle@large,3,25,3,10,p0.001,3,large
bottle@large,3,50,3,10,p0.001,3,large
bottle@large,3,100,3,10,p0.001,3,large
bottle@large,3,150,3,10,p0.001,3,large
bottle@medium,3,25,1,104,p0.001,3,medium
bottle@medium,3,50,2,104,p0.001,3,medium
bottle@medium,3,100,2,104,p0.001,3,medium
bottle@medium,3,150,3,104,p0.001,3,medium
bottle@small,3,25,0,150,p0.001,3,small
bottle@small,3,50,0,150,p0.001,3,small
bottle@small,3,100,0,150,p0.001,3,small
bottle@small,3,150,0,150,p0.001,3,small
bowl@large,3,25,1,150,p0.001,3,large
bowl@large,3,50,1,150,p0.001,3,large
bowl@large,3,100,2,150,p0.001,3,large
bowl@large,3,150,2,150,p0.001,3,large
bowl@medium,3,25,0,150,p0.001,3,medium
bowl@medium,3,50,0,150,p0.001,3,medium
bowl@medium,3,100,0,150,p0.001,3,medium
bowl@medium,3,150,0,150,p0.001,3,medium
bowl@small,3,25,0,150,p0.001,3,small
bowl@small,3,50,0,150,p0.001,3,small
bowl@small,3,100,0,150,p0.001,3,small
bowl@small,3,150,0,150,p0.001,3,small
bus@large,3,25,3,7,p0.001,3,large
bus@large,3,50,3,7,p0.001,3,large
bus@large,3,100,3,7,p0.001,3,large
bus@large,3,150,3,7,p0.001,3,large
bus@medium,3,25,2,67,p0.001,3,medium
bus@medium,3,50,2,67,p0.001,3,medium
bus@medium,3,100,3,67,p0.001,3,medium
bus@medium,3,150,3,67,p0.001,3,medium
bus@small,3,25,0,150,p0.001,3,small
bus@small,3,50,0,150,p0.001,3,small
bus@small,3,100,1,150,p0.001,3,small
bus@small,3,150,2,150,p0.001,3,small
cell phone@large,3,25,3,7,p0.001,3,large
cell phone@large,3,50,3,7,p0.001,3,large
cell phone@large,3,100,3,7,p0.001,3,large
cell phone@large,3,150,3,7,p0.001,3,large
cell phone@medium,3,25,3,11,p0.001,3,medium
cell phone@medium,3,50,3,11,p0.001,3,medium
cell phone@medium,3,100,3,11,p0.001,3,medium
cell phone@medium,3,150,3,11,p0.001,3,medium
cell phone@small,3,25,0,150,p0.001,3,small
cell phone@small,3,50,0,150,p0.001,3,small
cell phone@small,3,100,0,150,p0.001,3,small
cell phone@small,3,150,0,150,p0.001,3,small
chair@large,3,25,1,44,p0.001,3,large
chair@large,3,50,3,44,p0.001,3,large
chair@large,3,100,4,44,p0.001,3,large
chair@large,3,150,4,44,p0.001,3,large
chair@medium,3,25,0,150,p0.001,3,medium
chair@medium,3,50,0,150,p0.001,3,medium
chair@medium,3,100,0,150,p0.001,3,medium
chair@medium,3,150,0,150,p0.001,3,medium
chair@small,3,25,0,150,p0.001,3,small
chair@small,3,50,0,150,p0.001,3,small
chair@small,3,100,0,150,p0.001,3,small
chair@small,3,150,0,150,p0.001,3,small
clock@large,3,25,3,7,p0.001,3,large
clock@large,3,50,3,7,p0.001,3,large
clock@large,3,100,3,7,p0.001,3,large
clock@large,3,150,3,7,p0.001,3,large
clock@medium,3,25,3,7,p0.001,3,medium
clock@medium,3,50,3,7,p0.001,3,medium
clock@medium,3,100,3,7,p0.001,3,medium
clock@medium,3,150,3,7,p0.001,3,medium
clock@small,3,25,2,150,p0.001,3,small
clock@small,3,50,2,150,p0.001,3,small
clock@small,3,100,2,150,p0.001,3,small
clock@small,3,150,2,150,p0.001,3,small
dining table@large,3,25,3,9,p0.001,3,large
dining table@large,3,50,3,9,p0.001,3,large
dining table@large,3,100,3,9,p0.001,3,large
dining table@large,3,150,3,9,p0.001,3,large
dining table@medium,3,25,3,9,p0.001,3,medium
dining table@medium,3,50,3,9,p0.001,3,medium
dining table@medium,3,100,3,9,p0.001,3,medium
dining table@medium,3,150,3,9,p0.001,3,medium
dining table@small,3,25,0,150,p0.001,3,small
dining table@small,3,50,0,150,p0.001,3,small
dining table@small,3,100,0,150,p0.001,3,small
dining table@small,3,150,0,150,p0.001,3,small
dog@large,3,25,3,7,p0.001,3,large
dog@large,3,50,3,7,p0.001,3,large
dog@large,3,100,3,7,p0.001,3,large
dog@large,3,150,3,7,p0.001,3,large
dog@medium,3,25,2,37,p0.001,3,medium
dog@medium,3,50,3,37,p0.001,3,medium
dog@medium,3,100,3,37,p0.001,3,medium
dog@medium,3,150,3,37,p0.001,3,medium
dog@small,3,25,0,150,p0.001,3,small
dog@small,3,50,0,150,p0.001,3,small
dog@small,3,100,0,150,p0.001,3,small
dog@small,3,150,1,150,p0.001,3,small
enclosed road vehicle@large,3,25,3,7,p0.001,3,large
enclosed road vehicle@large,3,50,3,7,p0.001,3,large
enclosed road vehicle@large,3,100,3,7,p0.001,3,large
enclosed road vehicle@large,3,150,3,7,p0.001,3,large
enclosed road vehicle@medium,3,25,0,150,p0.001,3,medium
enclosed road vehicle@medium,3,50,2,150,p0.001,3,medium
enclosed road vehicle@medium,3,100,2,150,p0.001,3,medium
enclosed road vehicle@medium,3,150,2,150,p0.001,3,medium
enclosed road vehicle@small,3,25,0,150,p0.001,3,small
enclosed road vehicle@small,3,50,0,150,p0.001,3,small
enclosed road vehicle@small,3,100,0,150,p0.001,3,small
enclosed road vehicle@small,3,150,1,150,p0.001,3,small
fire hydrant@large,3,25,3,7,p0.001,3,large
fire hydrant@large,3,50,3,7,p0.001,3,large
fire hydrant@large,3,100,3,7,p0.001,3,large
fire hydrant@large,3,150,3,7,p0.001,3,large
fire hydrant@medium,3,25,3,7,p0.001,3,medium
fire hydrant@medium,3,50,3,7,p0.001,3,medium
fire hydrant@medium,3,100,3,7,p0.001,3,medium
fire hydrant@medium,3,150,3,7,p0.001,3,medium
fire hydrant@small,3,25,0,150,p0.001,3,small
fire hydrant@small,3,50,0,150,p0.001,3,small
fire hydrant@small,3,100,0,150,p0.001,3,small
fire hydrant@small,3,150,1,150,p0.001,3,small
fork@large,3,25,0,150,p0.001,3,large
fork@large,3,50,0,150,p0.001,3,large
fork@large,3,100,1,150,p0.001,3,large
fork@large,3,150,2,150,p0.001,3,large
fork@medium,3,25,1,118,p0.001,3,medium
fork@medium,3,50,1,118,p0.001,3,medium
fork@medium,3,100,2,118,p0.001,3,medium
fork@medium,3,150,3,118,p0.001,3,medium
fork@small,3,25,1,150,p0.001,3,small
fork@small,3,50,1,150,p0.001,3,small
fork@small,3,100,1,150,p0.001,3,small
fork@small,3,150,2,150,p0.001,3,small
frisbee@large,3,25,3,7,p0.001,3,large
frisbee@large,3,50,3,7,p0.001,3,large
frisbee@large,3,100,3,7,p0.001,3,large
frisbee@large,3,150,3,7,p0.001,3,large
frisbee@medium,3,25,3,7,p0.001,3,medium
frisbee@medium,3,50,3,7,p0.001,3,medium
frisbee@medium,3,100,3,7,p0.001,3,medium
frisbee@medium,3,150,3,7,p0.001,3,medium
frisbee@small,3,25,3,7,p0.001,3,small
frisbee@small,3,50,3,7,p0.001,3,small
frisbee@small,3,100,3,7,p0.001,3,small
frisbee@small,3,150,3,7,p0.001,3,small
keyboard@large,3,25,3,17,p0.001,3,large
keyboard@large,3,50,3,17,p0.001,3,large
keyboard@large,3,100,3,17,p0.001,3,large
keyboard@large,3,150,3,17,p0.001,3,large
keyboard@medium,3,25,2,26,p0.001,3,medium
keyboard@medium,3,50,3,26,p0.001,3,medium
keyboard@medium,3,100,3,26,p0.001,3,medium
keyboard@medium,3,150,3,26,p0.001,3,medium
keyboard@small,3,25,0,124,p0.001,3,small
keyboard@small,3,50,0,124,p0.001,3,small
keyboard@small,3,100,2,124,p0.001,3,small
keyboard@small,3,150,3,124,p0.001,3,small
kite@large,3,25,3,7,p0.001,3,large
kite@large,3,50,3,7,p0.001,3,large
kite@large,3,100,3,7,p0.001,3,large
kite@large,3,150,3,7,p0.001,3,large
kite@medium,3,25,5,7,p0.001,3,medium
kite@medium,3,50,5,7,p0.001,3,medium
kite@medium,3,100,5,7,p0.001,3,medium
kite@medium,3,150,5,7,p0.001,3,medium
kite@small,3,25,3,7,p0.001,3,small
kite@small,3,50,3,7,p0.001,3,small
kite@small,3,100,3,7,p0.001,3,small
kite@small,3,150,3,7,p0.001,3,small
knife@large,3,25,1,78,p0.001,3,large
knife@large,3,50,2,78,p0.001,3,large
knife@large,3,100,3,78,p0.001,3,large
knife@large,3,150,4,78,p0.001,3,large
knife@medium,3,25,1,150,p0.001,3,medium
knife@medium,3,50,1,150,p0.001,3,medium
knife@medium,3,100,1,150,p0.001,3,medium
knife@medium,3,150,1,150,p0.001,3,medium
knife@small,3,25,0,150,p0.001,3,small
knife@small,3,50,0,150,p0.001,3,small
knife@small,3,100,0,150,p0.001,3,small
knife@small,3,150,0,150,p0.001,3,small
laptop@large,3,25,3,7,p0.001,3,large
laptop@large,3,50,3,7,p0.001,3,large
laptop@large,3,100,4,7,p0.001,3,large
laptop@large,3,150,5,7,p0.001,3,large
laptop@medium,3,25,0,102,p0.001,3,medium
laptop@medium,3,50,0,102,p0.001,3,medium
laptop@medium,3,100,2,102,p0.001,3,medium
laptop@medium,3,150,3,102,p0.001,3,medium
laptop@small,3,25,0,150,p0.001,3,small
laptop@small,3,50,0,150,p0.001,3,small
laptop@small,3,100,0,150,p0.001,3,small
laptop@small,3,150,0,150,p0.001,3,small
microwave@large,3,25,3,7,p0.001,3,large
microwave@large,3,50,3,7,p0.001,3,large
microwave@large,3,100,3,7,p0.001,3,large
microwave@large,3,150,3,7,p0.001,3,large
microwave@medium,3,25,1,78,p0.001,3,medium
microwave@medium,3,50,2,78,p0.001,3,medium
microwave@medium,3,100,3,78,p0.001,3,medium
microwave@medium,3,150,4,78,p0.001,3,medium
microwave@small,3,25,0,150,p0.001,3,small
microwave@small,3,50,0,150,p0.001,3,small
microwave@small,3,100,0,150,p0.001,3,small
microwave@small,3,150,1,150,p0.001,3,small
motorcycle@large,3,25,4,7,p0.001,3,large
motorcycle@large,3,50,4,7,p0.001,3,large
motorcycle@large,3,100,4,7,p0.001,3,large
motorcycle@large,3,150,4,7,p0.001,3,large
motorcycle@medium,3,25,3,7,p0.001,3,medium
motorcycle@medium,3,50,3,7,p0.001,3,medium
motorcycle@medium,3,100,3,7,p0.001,3,medium
motorcycle@medium,3,150,3,7,p0.001,3,medium
motorcycle@small,3,25,0,150,p0.001,3,small
motorcycle@small,3,50,0,150,p0.001,3,small
motorcycle@small,3,100,1,150,p0.001,3,small
motorcycle@small,3,150,1,150,p0.001,3,small
mouse@large,3,25,3,7,p0.001,3,large
mouse@large,3,50,3,7,p0.001,3,large
mouse@large,3,100,3,7,p0.001,3,large
mouse@large,3,150,3,7,p0.001,3,large
mouse@medium,3,25,3,9,p0.001,3,medium
mouse@medium,3,50,3,9,p0.001,3,medium
mouse@medium,3,100,3,9,p0.001,3,medium
mouse@medium,3,150,3,9,p0.001,3,medium
mouse@small,3,25,0,150,p0.001,3,small
mouse@small,3,50,0,150,p0.001,3,small
mouse@small,3,100,1,150,p0.001,3,small
mouse@small,3,150,2,150,p0.001,3,small
orange@large,3,25,3,7,p0.001,3,large
orange@large,3,50,3,7,p0.001,3,large
orange@large,3,100,3,7,p0.001,3,large
orange@large,3,150,4,7,p0.001,3,large
orange@medium,3,25,2,82,p0.001,3,medium
orange@medium,3,50,2,82,p0.001,3,medium
orange@medium,3,100,3,82,p0.001,3,medium
orange@medium,3,150,3,82,p0.001,3,medium
parking meter@large,3,25,3,7,p0.001,3,large
parking meter@large,3,50,3,7,p0.001,3,large
parking meter@large,3,100,3,7,p0.001,3,large
parking meter@large,3,150,3,7,p0.001,3,large
parking meter@medium,3,25,3,7,p0.001,3,medium
parking meter@medium,3,50,3,7,p0.001,3,medium
parking meter@medium,3,100,3,7,p0.001,3,medium
parking meter@medium,3,150,3,7,p0.001,3,medium
parking meter@small,3,25,1,150,p0.001,3,small
parking meter@small,3,50,1,150,p0.001,3,small
parking meter@small,3,100,1,150,p0.001,3,small
parking meter@small,3,150,2,150,p0.001,3,small
person@large,3,25,1,59,p0.001,3,large
person@large,3,50,1,59,p0.001,3,large
person@large,3,100,3,59,p0.001,3,large
person@large,3,150,3,59,p0.001,3,large
person@medium,3,25,0,150,p0.001,3,medium
person@medium,3,50,0,150,p0.001,3,medium
person@medium,3,100,0,150,p0.001,3,medium
person@medium,3,150,0,150,p0.001,3,medium
person@small,3,25,0,150,p0.001,3,small
person@small,3,50,0,150,p0.001,3,small
person@small,3,100,0,150,p0.001,3,small
person@small,3,150,0,150,p0.001,3,small
remote@large,3,25,3,7,p0.001,3,large
remote@large,3,50,3,7,p0.001,3,large
remote@large,3,100,3,7,p0.001,3,large
remote@large,3,150,3,7,p0.001,3,large
remote@medium,3,25,1,47,p0.001,3,medium
remote@medium,3,50,3,47,p0.001,3,medium
remote@medium,3,100,3,47,p0.001,3,medium
remote@medium,3,150,3,47,p0.001,3,medium
remote@small,3,25,0,150,p0.001,3,small
remote@small,3,50,2,150,p0.001,3,small
remote@small,3,100,2,150,p0.001,3,small
remote@small,3,150,2,150,p0.001,3,small
scissors@large,3,25,3,7,p0.001,3,large
scissors@large,3,50,3,7,p0.001,3,large
scissors@large,3,100,3,7,p0.001,3,large
scissors@large,3,150,3,7,p0.001,3,large
scissors@medium,3,25,3,7,p0.001,3,medium
scissors@medium,3,50,3,7,p0.001,3,medium
scissors@medium,3,100,3,7,p0.001,3,medium
scissors@medium,3,150,3,7,p0.001,3,medium
scissors@small,3,25,0,88,p0.001,3,small
scissors@small,3,50,1,88,p0.001,3,small
scissors@small,3,100,3,88,p0.001,3,small
scissors@small,3,150,3,88,p0.001,3,small
single serving drinking vessel@large,3,25,4,18,p0.001,3,large
single serving drinking vessel@large,3,50,4,18,p0.001,3,large
single serving drinking vessel@large,3,100,4,18,p0.001,3,large
single serving drinking vessel@large,3,150,4,18,p0.001,3,large
single serving drinking vessel@medium,3,25,2,123,p0.001,3,medium
single serving drinking vessel@medium,3,50,2,123,p0.001,3,medium
single serving drinking vessel@medium,3,100,2,123,p0.001,3,medium
single serving drinking vessel@medium,3,150,3,123,p0.001,3,medium
single serving drinking vessel@small,3,25,0,150,p0.001,3,small
single serving drinking vessel@small,3,50,0,150,p0.001,3,small
single serving drinking vessel@small,3,100,0,150,p0.001,3,small
single serving drinking vessel@small,3,150,1,150,p0.001,3,small
sink@large,3,25,3,22,p0.001,3,large
sink@large,3,50,3,22,p0.001,3,large
sink@large,3,100,3,22,p0.001,3,large
sink@large,3,150,3,22,p0.001,3,large
sink@medium,3,25,0,148,p0.001,3,medium
sink@medium,3,50,1,148,p0.001,3,medium
sink@medium,3,100,2,148,p0.001,3,medium
sink@medium,3,150,3,148,p0.001,3,medium
sink@small,3,25,0,150,p0.001,3,small
sink@small,3,50,1,150,p0.001,3,small
sink@small,3,100,1,150,p0.001,3,small
sink@small,3,150,1,150,p0.001,3,small
skateboard@large,3,25,3,7,p0.001,3,large
skateboard@large,3,50,3,7,p0.001,3,large
skateboard@large,3,100,3,7,p0.001,3,large
skateboard@large,3,150,3,7,p0.001,3,large
skateboard@medium,3,25,3,7,p0.001,3,medium
skateboard@medium,3,50,3,7,p0.001,3,medium
skateboard@medium,3,100,3,7,p0.001,3,medium
skateboard@medium,3,150,3,7,p0.001,3,medium
skateboard@small,3,25,3,7,p0.001,3,small
skateboard@small,3,50,3,7,p0.001,3,small
skateboard@small,3,100,3,7,p0.001,3,small
skateboard@small,3,150,3,7,p0.001,3,small
skis@large,3,25,5,7,p0.001,3,large
skis@large,3,50,5,7,p0.001,3,large
skis@large,3,100,5,7,p0.001,3,large
skis@large,3,150,6,7,p0.001,3,large
skis@medium,3,25,3,8,p0.001,3,medium
skis@medium,3,50,3,8,p0.001,3,medium
skis@medium,3,100,13,8,p0.001,3,medium
skis@medium,3,150,14,8,p0.001,3,medium
skis@small,3,25,2,31,p0.001,3,small
skis@small,3,50,3,31,p0.001,3,small
skis@small,3,100,3,31,p0.001,3,small
skis@small,3,150,3,31,p0.001,3,small
snowboard@large,3,25,3,7,p0.001,3,large
snowboard@large,3,50,3,7,p0.001,3,large
snowboard@large,3,100,4,7,p0.001,3,large
snowboard@large,3,150,4,7,p0.001,3,large
snowboard@medium,3,25,3,7,p0.001,3,medium
snowboard@medium,3,50,3,7,p0.001,3,medium
snowboard@medium,3,100,3,7,p0.001,3,medium
snowboard@medium,3,150,4,7,p0.001,3,medium
snowboard@small,3,25,3,8,p0.001,3,small
snowboard@small,3,50,3,8,p0.001,3,small
snowboard@small,3,100,3,8,p0.001,3,small
snowboard@small,3,150,5,8,p0.001,3,small
spoon@large,3,25,2,58,p0.001,3,large
spoon@large,3,50,2,58,p0.001,3,large
spoon@large,3,100,3,58,p0.001,3,large
spoon@large,3,150,3,58,p0.001,3,large
spoon@medium,3,25,0,150,p0.001,3,medium
spoon@medium,3,50,0,150,p0.001,3,medium
spoon@medium,3,100,2,150,p0.001,3,medium
spoon@medium,3,150,2,150,p0.001,3,medium
spoon@small,3,25,0,150,p0.001,3,small
spoon@small,3,50,0,150,p0.001,3,small
spoon@small,3,100,0,150,p0.001,3,small
spoon@small,3,150,0,150,p0.001,3,small
stop sign@large,3,25,5,7,p0.001,3,large
stop sign@large,3,50,5,7,p0.001,3,large
stop sign@large,3,100,5,7,p0.001,3,large
stop sign@large,3,150,5,7,p0.001,3,large
stop sign@medium,3,25,2,30,p0.001,3,medium
stop sign@medium,3,50,3,30,p0.001,3,medium
stop sign@medium,3,100,3,30,p0.001,3,medium
stop sign@medium,3,150,3,30,p0.001,3,medium
stop sign@small,3,25,0,150,p0.001,3,small
stop sign@small,3,50,0,150,p0.001,3,small
stop sign@small,3,100,0,150,p0.001,3,small
stop sign@small,3,150,0,150,p0.001,3,small
surfboard@large,3,25,3,7,p0.001,3,large
surfboard@large,3,50,3,7,p0.001,3,large
surfboard@large,3,100,3,7,p0.001,3,large
surfboard@large,3,150,3,7,p0.001,3,large
surfboard@medium,3,25,3,7,p0.001,3,medium
surfboard@medium,3,50,3,7,p0.001,3,medium
surfboard@medium,3,100,3,7,p0.001,3,medium
surfboard@medium,3,150,3,7,p0.001,3,medium
surfboard@small,3,25,3,7,p0.001,3,small
surfboard@small,3,50,3,7,p0.001,3,small
surfboard@small,3,100,3,7,p0.001,3,small
surfboard@small,3,150,3,7,p0.001,3,small
tennis racket@large,3,25,4,7,p0.001,3,large
tennis racket@large,3,50,4,7,p0.001,3,large
tennis racket@large,3,100,4,7,p0.001,3,large
tennis racket@large,3,150,4,7,p0.001,3,large
tennis racket@medium,3,25,3,7,p0.001,3,medium
tennis racket@medium,3,50,3,7,p0.001,3,medium
tennis racket@medium,3,100,3,7,p0.001,3,medium
tennis racket@medium,3,150,3,7,p0.001,3,medium
tennis racket@small,3,25,4,7,p0.001,3,small
tennis racket@small,3,50,4,7,p0.001,3,small
tennis racket@small,3,100,4,7,p0.001,3,small
tennis racket@small,3,150,4,7,p0.001,3,small
tie@large,3,25,3,7,p0.001,3,large
tie@large,3,50,3,7,p0.001,3,large
tie@large,3,100,3,7,p0.001,3,large
tie@large,3,150,3,7,p0.001,3,large
tie@medium,3,25,3,7,p0.001,3,medium
tie@medium,3,50,3,7,p0.001,3,medium
tie@medium,3,100,3,7,p0.001,3,medium
tie@medium,3,150,3,7,p0.001,3,medium
tie@small,3,25,0,150,p0.001,3,small
tie@small,3,50,0,150,p0.001,3,small
tie@small,3,100,0,150,p0.001,3,small
tie@small,3,150,0,150,p0.001,3,small
toothbrush@large,3,25,3,7,p0.001,3,large
toothbrush@large,3,50,3,7,p0.001,3,large
toothbrush@large,3,100,3,7,p0.001,3,large
toothbrush@large,3,150,3,7,p0.001,3,large
toothbrush@medium,3,25,3,7,p0.001,3,medium
toothbrush@medium,3,50,3,7,p0.001,3,medium
toothbrush@medium,3,100,3,7,p0.001,3,medium
toothbrush@medium,3,150,4,7,p0.001,3,medium
toothbrush@small,3,25,1,150,p0.001,3,small
toothbrush@small,3,50,1,150,p0.001,3,small
toothbrush@small,3,100,2,150,p0.001,3,small
toothbrush@small,3,150,2,150,p0.001,3,small
traffic light@large,3,25,3,7,p0.001,3,large
traffic light@large,3,50,3,7,p0.001,3,large
traffic light@large,3,100,3,7,p0.001,3,large
traffic light@large,3,150,3,7,p0.001,3,large
traffic light@medium,3,25,3,7,p0.001,3,medium
traffic light@medium,3,50,3,7,p0.001,3,medium
traffic light@medium,3,100,4,7,p0.001,3,medium
traffic light@medium,3,150,4,7,p0.001,3,medium
traffic light@small,3,25,1,90,p0.001,3,small
traffic light@small,3,50,2,90,p0.001,3,small
traffic light@small,3,100,3,90,p0.001,3,small
traffic light@small,3,150,3,90,p0.001,3,small
tv@large,3,25,3,7,p0.001,3,large
tv@large,3,50,3,7,p0.001,3,large
tv@large,3,100,3,7,p0.001,3,large
tv@large,3,150,3,7,p0.001,3,large
tv@medium,3,25,0,150,p0.001,3,medium
tv@medium,3,50,1,150,p0.001,3,medium
tv@medium,3,100,2,150,p0.001,3,medium
tv@medium,3,150,2,150,p0.001,3,medium
tv@small,3,25,0,150,p0.001,3,small
tv@small,3,50,0,150,p0.001,3,small
tv@small,3,100,0,150,p0.001,3,small
tv@small,3,150,0,150,p0.001,3,small
umbrella@large,3,25,3,7,p0.001,3,large
umbrella@large,3,50,3,7,p0.001,3,large
umbrella@large,3,100,3,7,p0.001,3,large
umbrella@large,3,150,3,7,p0.001,3,large
umbrella@medium,3,25,3,7,p0.001,3,medium
umbrella@medium,3,50,3,7,p0.001,3,medium
umbrella@medium,3,100,3,7,p0.001,3,medium
umbrella@medium,3,150,3,7,p0.001,3,medium
umbrella@small,3,25,1,150,p0.001,3,small
umbrella@small,3,50,1,150,p0.001,3,small
umbrella@small,3,100,1,150,p0.001,3,small
umbrella@small,3,150,1,150,p0.001,3,small
vase or potted plant@large,3,25,3,7,p0.001,3,large
vase or potted plant@large,3,50,3,7,p0.001,3,large
vase or potted plant@large,3,100,3,7,p0.001,3,large
vase or potted plant@large,3,150,3,7,p0.001,3,large
vase or potted plant@medium,3,25,2,26,p0.001,3,medium
vase or potted plant@medium,3,50,3,26,p0.001,3,medium
vase or potted plant@medium,3,100,3,26,p0.001,3,medium
vase or potted plant@medium,3,150,3,26,p0.001,3,medium
vase or potted plant@small,3,25,0,150,p0.001,3,small
vase or potted plant@small,3,50,0,150,p0.001,3,small
vase or potted plant@small,3,100,1,150,p0.001,3,small
vase or potted plant@small,3,150,1,150,p0.001,3,small
airplane@large,4,25,3,7,p0.001,3,large
airplane@large,4,50,3,7,p0.001,3,large
airplane@large,4,100,3,7,p0.001,3,large
airplane@large,4,150,3,7,p0.001,3,large
airplane@medium,4,25,3,7,p0.001,3,medium
airplane@medium,4,50,3,7,p0.001,3,medium
airplane@medium,4,100,3,7,p0.001,3,medium
airplane@medium,4,150,3,7,p0.001,3,medium
airplane@small,4,25,4,7,p0.001,3,small
airplane@small,4,50,4,7,p0.001,3,small
airplane@small,4,100,4,7,p0.001,3,small
airplane@small,4,150,4,7,p0.001,3,small
apple@large,4,25,3,19,p0.001,3,large
apple@large,4,50,3,19,p0.001,3,large
apple@large,4,100,3,19,p0.001,3,large
apple@large,4,150,3,19,p0.001,3,large
apple@medium,4,25,3,7,p0.001,3,medium
apple@medium,4,50,3,7,p0.001,3,medium
apple@medium,4,100,4,7,p0.001,3,medium
apple@medium,4,150,5,7,p0.001,3,medium
bag or luggage@large,4,25,3,7,p0.001,3,large
bag or luggage@large,4,50,3,7,p0.001,3,large
bag or luggage@large,4,100,3,7,p0.001,3,large
bag or luggage@large,4,150,3,7,p0.001,3,large
bag or luggage@medium,4,25,3,15,p0.001,3,medium
bag or luggage@medium,4,50,3,15,p0.001,3,medium
bag or luggage@medium,4,100,3,15,p0.001,3,medium
bag or luggage@medium,4,150,3,15,p0.001,3,medium
bag or luggage@small,4,25,0,150,p0.001,3,small
bag or luggage@small,4,50,0,150,p0.001,3,small
bag or luggage@small,4,100,0,150,p0.001,3,small
bag or luggage@small,4,150,0,150,p0.001,3,small
banana@large,4,25,3,7,p0.001,3,large
banana@large,4,50,3,7,p0.001,3,large
banana@large,4,100,3,7,p0.001,3,large
banana@large,4,150,3,7,p0.001,3,large
banana@medium,4,25,3,7,p0.001,3,medium
banana@medium,4,50,3,7,p0.001,3,medium
banana@medium,4,100,3,7,p0.001,3,medium
banana@medium,4,150,3,7,p0.001,3,medium
baseball bat@large,4,25,3,7,p0.001,3,large
baseball bat@large,4,50,3,7,p0.001,3,large
baseball bat@large,4,100,3,7,p0.001,3,large
baseball bat@large,4,150,3,7,p0.001,3,large
baseball bat@medium,4,25,5,7,p0.001,3,medium
baseball bat@medium,4,50,6,7,p0.001,3,medium
baseball bat@medium,4,100,6,7,p0.001,3,medium
baseball bat@medium,4,150,6,7,p0.001,3,medium
baseball bat@small,4,25,3,7,p0.001,3,small
baseball bat@small,4,50,3,7,p0.001,3,small
baseball bat@small,4,100,3,7,p0.001,3,small
baseball bat@small,4,150,3,7,p0.001,3,small
bench@large,4,25,3,7,p0.001,3,large
bench@large,4,50,3,7,p0.001,3,large
bench@large,4,100,3,7,p0.001,3,large
bench@large,4,150,3,7,p0.001,3,large
bench@medium,4,25,1,150,p0.001,3,medium
bench@medium,4,50,1,150,p0.001,3,medium
bench@medium,4,100,1,150,p0.001,3,medium
bench@medium,4,150,1,150,p0.001,3,medium
bench@small,4,25,0,150,p0.001,3,small
bench@small,4,50,0,150,p0.001,3,small
bench@small,4,100,0,150,p0.001,3,small
bench@small,4,150,0,150,p0.001,3,small
bicycle@large,4,25,3,7,p0.001,3,large
bicycle@large,4,50,3,7,p0.001,3,large
bicycle@large,4,100,3,7,p0.001,3,large
bicycle@large,4,150,3,7,p0.001,3,large
bicycle@medium,4,25,3,12,p0.001,3,medium
bicycle@medium,4,50,3,12,p0.001,3,medium
bicycle@medium,4,100,3,12,p0.001,3,medium
bicycle@medium,4,150,3,12,p0.001,3,medium
bicycle@small,4,25,1,131,p0.001,3,small
bicycle@small,4,50,2,131,p0.001,3,small
bicycle@small,4,100,2,131,p0.001,3,small
bicycle@small,4,150,4,131,p0.001,3,small
bird@large,4,25,3,7,p0.001,3,large
bird@large,4,50,3,7,p0.001,3,large
bird@large,4,100,3,7,p0.001,3,large
bird@large,4,150,3,7,p0.001,3,large
bird@medium,4,25,4,11,p0.001,3,medium
bird@medium,4,50,4,11,p0.001,3,medium
bird@medium,4,100,4,11,p0.001,3,medium
bird@medium,4,150,4,11,p0.001,3,medium
bird@small,4,25,0,150,p0.001,3,small
bird@small,4,50,1,150,p0.001,3,small
bird@small,4,100,1,150,p0.001,3,small
bird@small,4,150,1,150,p0.001,3,small
boat@large,4,25,4,7,p0.001,3,large
boat@large,4,50,4,7,p0.001,3,large
boat@large,4,100,4,7,p0.001,3,large
boat@large,4,150,4,7,p0.001,3,large
boat@medium,4,25,3,23,p0.001,3,medium
boat@medium,4,50,3,23,p0.001,3,medium
boat@medium,4,100,3,23,p0.001,3,medium
boat@medium,4,150,3,23,p0.001,3,medium
boat@small,4,25,3,24,p0.001,3,small
boat@small,4,50,4,24,p0.001,3,small
boat@small,4,100,4,24,p0.001,3,small
boat@small,4,150,4,24,p0.001,3,small
book@large,4,25,3,7,p0.001,3,large
book@large,4,50,3,7,p0.001,3,large
book@large,4,100,3,7,p0.001,3,large
book@large,4,150,3,7,p0.001,3,large
book@medium,4,25,0,150,p0.001,3,medium
book@medium,4,50,0,150,p0.001,3,medium
book@medium,4,100,0,150,p0.001,3,medium
book@medium,4,150,1,150,p0.001,3,medium
book@small,4,25,0,150,p0.001,3,small
book@small,4,50,0,150,p0.001,3,small
book@small,4,100,0,150,p0.001,3,small
book@small,4,150,1,150,p0.001,3,small
bottle@large,4,25,3,7,p0.001,3,large
bottle@large,4,50,3,7,p0.001,3,large
bottle@large,4,100,3,7,p0.001,3,large
bottle@large,4,150,3,7,p0.001,3,large
bottle@medium,4,25,0,150,p0.001,3,medium
bottle@medium,4,50,0,150,p0.001,3,medium
bottle@medium,4,100,1,150,p0.001,3,medium
bottle@medium,4,150,1,150,p0.001,3,medium
bottle@small,4,25,0,150,p0.001,3,small
bottle@small,4,50,0,150,p0.001,3,small
bottle@small,4,100,0,150,p0.001,3,small
bottle@small,4,150,0,150,p0.001,3,small
bowl@large,4,25,1,149,p0.001,3,large
bowl@large,4,50,1,149,p0.001,3,large
bowl@large,4,100,1,149,p0.001,3,large
bowl@large,4,150,3,149,p0.001,3,large
bowl@medium,4,25,0,150,p0.001,3,medium
bowl@medium,4,50,0,150,p0.001,3,medium
bowl@medium,4,100,1,150,p0.001,3,medium
bowl@medium,4,150,2,150,p0.001,3,medium
bowl@small,4,25,0,150,p0.001,3,small
bowl@small,4,50,0,150,p0.001,3,small
bowl@small,4,100,0,150,p0.001,3,small
bowl@small,4,150,0,150,p0.001,3,small
bus@large,4,25,3,7,p0.001,3,large
bus@large,4,50,3,7,p0.001,3,large
bus@large,4,100,3,7,p0.001,3,large
bus@large,4,150,3,7,p0.001,3,large
bus@medium,4,25,2,26,p0.001,3,medium
bus@medium,4,50,3,26,p0.001,3,medium
bus@medium,4,100,3,26,p0.001,3,medium
bus@medium,4,150,3,26,p0.001,3,medium
bus@small,4,25,0,150,p0.001,3,small
bus@small,4,50,1,150,p0.001,3,small
bus@small,4,100,1,150,p0.001,3,small
bus@small,4,150,1,150,p0.001,3,small
cell phone@large,4,25,3,7,p0.001,3,large
cell phone@large,4,50,3,7,p0.001,3,large
cell phone@large,4,100,3,7,p0.001,3,large
cell phone@large,4,150,3,7,p0.001,3,large
cell phone@medium,4,25,3,22,p0.001,3,medium
cell phone@medium,4,50,3,22,p0.001,3,medium
cell phone@medium,4,100,3,22,p0.001,3,medium
cell phone@medium,4,150,3,22,p0.001,3,medium
cell phone@small,4,25,0,150,p0.001,3,small
cell phone@small,4,50,0,150,p0.001,3,small
cell phone@small,4,100,1,150,p0.001,3,small
cell phone@small,4,150,1,150,p0.001,3,small
chair@large,4,25,1,62,p0.001,3,large
chair@large,4,50,2,62,p0.001,3,large
chair@large,4,100,3,62,p0.001,3,large
chair@large,4,150,3,62,p0.001,3,large
chair@medium,4,25,0,150,p0.001,3,medium
chair@medium,4,50,0,150,p0.001,3,medium
chair@medium,4,100,0,150,p0.001,3,medium
chair@medium,4,150,1,150,p0.001,3,medium
chair@small,4,25,0,150,p0.001,3,small
chair@small,4,50,0,150,p0.001,3,small
chair@small,4,100,0,150,p0.001,3,small
chair@small,4,150,0,150,p0.001,3,small
clock@large,4,25,3,7,p0.001,3,large
clock@large,4,50,3,7,p0.001,3,large
clock@large,4,100,3,7,p0.001,3,large
clock@large,4,150,3,7,p0.001,3,large
clock@medium,4,25,3,7,p0.001,3,medium
clock@medium,4,50,3,7,p0.001,3,medium
clock@medium,4,100,3,7,p0.001,3,medium
clock@medium,4,150,3,7,p0.001,3,medium
clock@small,4,25,1,150,p0.001,3,small
clock@small,4,50,2,150,p0.001,3,small
clock@small,4,100,2,150,p0.001,3,small
clock@small,4,150,2,150,p0.001,3,small
dining table@large,4,25,1,103,p0.001,3,large
dining table@large,4,50,2,103,p0.001,3,large
dining table@large,4,100,2,103,p0.001,3,large
dining table@large,4,150,3,103,p0.001,3,large
dining table@medium,4,25,3,11,p0.001,3,medium
dining table@medium,4,50,3,11,p0.001,3,medium
dining table@medium,4,100,3,11,p0.001,3,medium
dining table@medium,4,150,3,11,p0.001,3,medium
dining table@small,4,25,0,150,p0.001,3,small
dining table@small,4,50,0,150,p0.001,3,small
dining table@small,4,100,0,150,p0.001,3,small
dining table@small,4,150,1,150,p0.001,3,small
dog@large,4,25,3,10,p0.001,3,large
dog@large,4,50,3,10,p0.001,3,large
dog@large,4,100,3,10,p0.001,3,large
dog@large,4,150,3,10,p0.001,3,large
dog@medium,4,25,2,35,p0.001,3,medium
dog@medium,4,50,4,35,p0.001,3,medium
dog@medium,4,100,4,35,p0.001,3,medium
dog@medium,4,150,4,35,p0.001,3,medium
dog@small,4,25,1,150,p0.001,3,small
dog@small,4,50,1,150,p0.001,3,small
dog@small,4,100,2,150,p0.001,3,small
dog@small,4,150,2,150,p0.001,3,small
enclosed road vehicle@large,4,25,3,10,p0.001,3,large
enclosed road vehicle@large,4,50,3,10,p0.001,3,large
enclosed road vehicle@large,4,100,3,10,p0.001,3,large
enclosed road vehicle@large,4,150,3,10,p0.001,3,large
enclosed road vehicle@medium,4,25,0,150,p0.001,3,medium
enclosed road vehicle@medium,4,50,0,150,p0.001,3,medium
enclosed road vehicle@medium,4,100,0,150,p0.001,3,medium
enclosed road vehicle@medium,4,150,0,150,p0.001,3,medium
enclosed road vehicle@small,4,25,0,150,p0.001,3,small
enclosed road vehicle@small,4,50,0,150,p0.001,3,small
enclosed road vehicle@small,4,100,0,150,p0.001,3,small
enclosed road vehicle@small,4,150,0,150,p0.001,3,small
fire hydrant@large,4,25,3,7,p0.001,3,large
fire hydrant@large,4,50,3,7,p0.001,3,large
fire hydrant@large,4,100,3,7,p0.001,3,large
fire hydrant@large,4,150,3,7,p0.001,3,large
fire hydrant@medium,4,25,3,7,p0.001,3,medium
fire hydrant@medium,4,50,3,7,p0.001,3,medium
fire hydrant@medium,4,100,3,7,p0.001,3,medium
fire hydrant@medium,4,150,3,7,p0.001,3,medium
fire hydrant@small,4,25,0,150,p0.001,3,small
fire hydrant@small,4,50,1,150,p0.001,3,small
fire hydrant@small,4,100,2,150,p0.001,3,small
fire hydrant@small,4,150,2,150,p0.001,3,small
fork@large,4,25,3,7,p0.001,3,large
fork@large,4,50,3,7,p0.001,3,large
fork@large,4,100,3,7,p0.001,3,large
fork@large,4,150,3,7,p0.001,3,large
fork@medium,4,25,2,58,p0.001,3,medium
fork@medium,4,50,2,58,p0.001,3,medium
fork@medium,4,100,3,58,p0.001,3,medium
fork@medium,4,150,3,58,p0.001,3,medium
fork@small,4,25,0,150,p0.001,3,small
fork@small,4,50,0,150,p0.001,3,small
fork@small,4,100,0,150,p0.001,3,small
fork@small,4,150,0,150,p0.001,3,small
frisbee@large,4,25,4,8,p0.001,3,large
frisbee@large,4,50,4,8,p0.001,3,large
frisbee@large,4,100,4,8,p0.001,3,large
frisbee@large,4,150,4,8,p0.001,3,large
frisbee@medium,4,25,4,7,p0.001,3,medium
frisbee@medium,4,50,4,7,p0.001,3,medium
frisbee@medium,4,100,4,7,p0.001,3,medium
frisbee@medium,4,150,4,7,p0.001,3,medium
frisbee@small,4,25,3,7,p0.001,3,small
frisbee@small,4,50,3,7,p0.001,3,small
frisbee@small,4,100,3,7,p0.001,3,small
frisbee@small,4,150,3,7,p0.001,3,small
keyboard@large,4,25,4,9,p0.001,3,large
keyboard@large,4,50,4,9,p0.001,3,large
keyboard@large,4,100,4,9,p0.001,3,large
keyboard@large,4,150,5,9,p0.001,3,large
keyboard@medium,4,25,2,66,p0.001,3,medium
keyboard@medium,4,50,2,66,p0.001,3,medium
keyboard@medium,4,100,3,66,p0.001,3,medium
keyboard@medium,4,150,3,66,p0.001,3,medium
keyboard@small,4,25,0,150,p0.001,3,small
keyboard@small,4,50,0,150,p0.001,3,small
keyboard@small,4,100,0,150,p0.001,3,small
keyboard@small,4,150,0,150,p0.001,3,small
kite@large,4,25,6,7,p0.001,3,large
kite@large,4,50,6,7,p0.001,3,large
kite@large,4,100,6,7,p0.001,3,large
kite@large,4,150,6,7,p0.001,3,large
kite@medium,4,25,3,7,p0.001,3,medium
kite@medium,4,50,3,7,p0.001,3,medium
kite@medium,4,100,3,7,p0.001,3,medium
kite@medium,4,150,3,7,p0.001,3,medium
kite@small,4,25,3,14,p0.001,3,small
kite@small,4,50,3,14,p0.001,3,small
kite@small,4,100,3,14,p0.001,3,small
kite@small,4,150,3,14,p0.001,3,small
knife@large,4,25,1,135,p0.001,3,large
knife@large,4,50,1,135,p0.001,3,large
knife@large,4,100,1,135,p0.001,3,large
knife@large,4,150,4,135,p0.001,3,large
knife@medium,4,25,1,150,p0.001,3,medium
knife@medium,4,50,1,150,p0.001,3,medium
knife@medium,4,100,2,150,p0.001,3,medium
knife@medium,4,150,2,150,p0.001,3,medium
knife@small,4,25,0,150,p0.001,3,small
knife@small,4,50,0,150,p0.001,3,small
knife@small,4,100,0,150,p0.001,3,small
knife@small,4,150,0,150,p0.001,3,small
laptop@large,4,25,3,9,p0.001,3,large
laptop@large,4,50,3,9,p0.001,3,large
laptop@large,4,100,3,9,p0.001,3,large
laptop@large,4,150,3,9,p0.001,3,large
laptop@medium,4,25,2,66,p0.001,3,medium
laptop@medium,4,50,2,66,p0.001,3,medium
laptop@medium,4,100,3,66,p0.001,3,medium
laptop@medium,4,150,4,66,p0.001,3,medium
laptop@small,4,25,0,150,p0.001,3,small
laptop@small,4,50,0,150,p0.001,3,small
laptop@small,4,100,0,150,p0.001,3,small
laptop@small,4,150,0,150,p0.001,3,small
microwave@large,4,25,3,7,p0.001,3,large
microwave@large,4,50,3,7,p0.001,3,large
microwave@large,4,100,3,7,p0.001,3,large
microwave@large,4,150,3,7,p0.001,3,large
microwave@medium,4,25,0,91,p0.001,3,medium
microwave@medium,4,50,2,91,p0.001,3,medium
microwave@medium,4,100,3,91,p0.001,3,medium
microwave@medium,4,150,3,91,p0.001,3,medium
microwave@small,4,25,0,150,p0.001,3,small
microwave@small,4,50,0,150,p0.001,3,small
microwave@small,4,100,0,150,p0.001,3,small
microwave@small,4,150,0,150,p0.001,3,small
motorcycle@large,4,25,3,7,p0.001,3,large
motorcycle@large,4,50,3,7,p0.001,3,large
motorcycle@large,4,100,3,7,p0.001,3,large
motorcycle@large,4,150,3,7,p0.001,3,large
motorcycle@medium,4,25,3,7,p0.001,3,medium
motorcycle@medium,4,50,3,7,p0.001,3,medium
motorcycle@medium,4,100,3,7,p0.001,3,medium
motorcycle@medium,4,150,3,7,p0.001,3,medium
motorcycle@small,4,25,0,150,p0.001,3,small
motorcycle@small,4,50,0,150,p0.001,3,small
motorcycle@small,4,100,0,150,p0.001,3,small
motorcycle@small,4,150,1,150,p0.001,3,small
mouse@large,4,25,4,7,p0.001,3,large
mouse@large,4,50,4,7,p0.001,3,large
mouse@large,4,100,4,7,p0.001,3,large
mouse@large,4,150,4,7,p0.001,3,large
mouse@medium,4,25,3,10,p0.001,3,medium
mouse@medium,4,50,3,10,p0.001,3,medium
mouse@medium,4,100,3,10,p0.001,3,medium
mouse@medium,4,150,3,10,p0.001,3,medium
mouse@small,4,25,0,150,p0.001,3,small
mouse@small,4,50,1,150,p0.001,3,small
mouse@small,4,100,1,150,p0.001,3,small
mouse@small,4,150,3,150,p0.001,3,small
orange@large,4,25,3,7,p0.001,3,large
orange@large,4,50,3,7,p0.001,3,large
orange@large,4,100,3,7,p0.001,3,large
orange@large,4,150,3,7,p0.001,3,large
orange@medium,4,25,3,9,p0.001,3,medium
orange@medium,4,50,3,9,p0.001,3,medium
orange@medium,4,100,3,9,p0.001,3,medium
orange@medium,4,150,4,9,p0.001,3,medium
parking meter@large,4,25,3,7,p0.001,3,large
parking meter@large,4,50,3,7,p0.001,3,large
parking meter@large,4,100,3,7,p0.001,3,large
parking meter@large,4,150,3,7,p0.001,3,large
parking meter@medium,4,25,2,62,p0.001,3,medium
parking meter@medium,4,50,2,62,p0.001,3,medium
parking meter@medium,4,100,3,62,p0.001,3,medium
parking meter@medium,4,150,3,62,p0.001,3,medium
parking meter@small,4,25,0,150,p0.001,3,small
parking meter@small,4,50,0,150,p0.001,3,small
parking meter@small,4,100,0,150,p0.001,3,small
parking meter@small,4,150,0,150,p0.001,3,small
person@large,4,25,1,79,p0.001,3,large
person@large,4,50,2,79,p0.001,3,large
person@large,4,100,3,79,p0.001,3,large
person@large,4,150,3,79,p0.001,3,large
person@medium,4,25,0,150,p0.001,3,medium
person@medium,4,50,1,150,p0.001,3,medium
person@medium,4,100,1,150,p0.001,3,medium
person@medium,4,150,2,150,p0.001,3,medium
person@small,4,25,0,150,p0.001,3,small
person@small,4,50,0,150,p0.001,3,small
person@small,4,100,0,150,p0.001,3,small
person@small,4,150,0,150,p0.001,3,small
remote@large,4,25,3,7,p0.001,3,large
remote@large,4,50,3,7,p0.001,3,large
remote@large,4,100,3,7,p0.001,3,large
remote@large,4,150,3,7,p0.001,3,large
remote@medium,4,25,3,7,p0.001,3,medium
remote@medium,4,50,3,7,p0.001,3,medium
remote@medium,4,100,3,7,p0.001,3,medium
remote@medium,4,150,3,7,p0.001,3,medium
remote@small,4,25,0,150,p0.001,3,small
remote@small,4,50,1,150,p0.001,3,small
remote@small,4,100,1,150,p0.001,3,small
remote@small,4,150,1,150,p0.001,3,small
scissors@large,4,25,3,7,p0.001,3,large
scissors@large,4,50,3,7,p0.001,3,large
scissors@large,4,100,3,7,p0.001,3,large
scissors@large,4,150,3,7,p0.001,3,large
scissors@medium,4,25,3,7,p0.001,3,medium
scissors@medium,4,50,3,7,p0.001,3,medium
scissors@medium,4,100,3,7,p0.001,3,medium
scissors@medium,4,150,3,7,p0.001,3,medium
scissors@small,4,25,0,150,p0.001,3,small
scissors@small,4,50,0,150,p0.001,3,small
scissors@small,4,100,1,150,p0.001,3,small
scissors@small,4,150,1,150,p0.001,3,small
single serving drinking vessel@large,4,25,1,150,p0.001,3,large
single serving drinking vessel@large,4,50,2,150,p0.001,3,large
single serving drinking vessel@large,4,100,2,150,p0.001,3,large
single serving drinking vessel@large,4,150,2,150,p0.001,3,large
single serving drinking vessel@medium,4,25,1,97,p0.001,3,medium
single serving drinking vessel@medium,4,50,1,97,p0.001,3,medium
single serving drinking vessel@medium,4,100,3,97,p0.001,3,medium
single serving drinking vessel@medium,4,150,3,97,p0.001,3,medium
single serving drinking vessel@small,4,25,0,150,p0.001,3,small
single serving drinking vessel@small,4,50,0,150,p0.001,3,small
single serving drinking vessel@small,4,100,1,150,p0.001,3,small
single serving drinking vessel@small,4,150,1,150,p0.001,3,small
sink@large,4,25,3,7,p0.001,3,large
sink@large,4,50,3,7,p0.001,3,large
sink@large,4,100,3,7,p0.001,3,large
sink@large,4,150,3,7,p0.001,3,large
sink@medium,4,25,1,102,p0.001,3,medium
sink@medium,4,50,1,102,p0.001,3,medium
sink@medium,4,100,2,102,p0.001,3,medium
sink@medium,4,150,4,102,p0.001,3,medium
sink@small,4,25,0,150,p0.001,3,small
sink@small,4,50,0,150,p0.001,3,small
sink@small,4,100,0,150,p0.001,3,small
sink@small,4,150,0,150,p0.001,3,small
skateboard@large,4,25,3,7,p0.001,3,large
skateboard@large,4,50,3,7,p0.001,3,large
skateboard@large,4,100,3,7,p0.001,3,large
skateboard@large,4,150,3,7,p0.001,3,large
skateboard@medium,4,25,3,7,p0.001,3,medium
skateboard@medium,4,50,3,7,p0.001,3,medium
skateboard@medium,4,100,3,7,p0.001,3,medium
skateboard@medium,4,150,3,7,p0.001,3,medium
skateboard@small,4,25,3,13,p0.001,3,small
skateboard@small,4,50,3,13,p0.001,3,small
skateboard@small,4,100,3,13,p0.001,3,small
skateboard@small,4,150,3,13,p0.001,3,small
skis@large,4,25,3,7,p0.001,3,large
skis@large,4,50,3,7,p0.001,3,large
skis@large,4,100,3,7,p0.001,3,large
skis@large,4,150,3,7,p0.001,3,large
skis@medium,4,25,3,8,p0.001,3,medium
skis@medium,4,50,3,8,p0.001,3,medium
skis@medium,4,100,3,8,p0.001,3,medium
skis@medium,4,150,3,8,p0.001,3,medium
skis@small,4,25,3,19,p0.001,3,small
skis@small,4,50,3,19,p0.001,3,small
skis@small,4,100,3,19,p0.001,3,small
skis@small,4,150,3,19,p0.001,3,small
snowboard@large,4,25,3,7,p0.001,3,large
snowboard@large,4,50,3,7,p0.001,3,large
snowboard@large,4,100,3,7,p0.001,3,large
snowboard@large,4,150,3,7,p0.001,3,large
snowboard@medium,4,25,3,7,p0.001,3,medium
snowboard@medium,4,50,4,7,p0.001,3,medium
snowboard@medium,4,100,4,7,p0.001,3,medium
snowboard@medium,4,150,4,7,p0.001,3,medium
snowboard@small,4,25,3,16,p0.001,3,small
snowboard@small,4,50,3,16,p0.001,3,small
snowboard@small,4,100,3,16,p0.001,3,small
snowboard@small,4,150,3,16,p0.001,3,small
spoon@large,4,25,1,35,p0.001,3,large
spoon@large,4,50,3,35,p0.001,3,large
spoon@large,4,100,5,35,p0.001,3,large
spoon@large,4,150,5,35,p0.001,3,large
spoon@medium,4,25,1,83,p0.001,3,medium
spoon@medium,4,50,1,83,p0.001,3,medium
spoon@medium,4,100,3,83,p0.001,3,medium
spoon@medium,4,150,3,83,p0.001,3,medium
spoon@small,4,25,0,150,p0.001,3,small
spoon@small,4,50,0,150,p0.001,3,small
spoon@small,4,100,0,150,p0.001,3,small
spoon@small,4,150,0,150,p0.001,3,small
stop sign@large,4,25,3,7,p0.001,3,large
stop sign@large,4,50,3,7,p0.001,3,large
stop sign@large,4,100,3,7,p0.001,3,large
stop sign@large,4,150,3,7,p0.001,3,large
stop sign@medium,4,25,3,7,p0.001,3,medium
stop sign@medium,4,50,3,7,p0.001,3,medium
stop sign@medium,4,100,3,7,p0.001,3,medium
stop sign@medium,4,150,3,7,p0.001,3,medium
stop sign@small,4,25,0,150,p0.001,3,small
stop sign@small,4,50,0,150,p0.001,3,small
stop sign@small,4,100,0,150,p0.001,3,small
stop sign@small,4,150,0,150,p0.001,3,small
surfboard@large,4,25,3,7,p0.001,3,large
surfboard@large,4,50,3,7,p0.001,3,large
surfboard@large,4,100,3,7,p0.001,3,large
surfboard@large,4,150,3,7,p0.001,3,large
surfboard@medium,4,25,3,7,p0.001,3,medium
surfboard@medium,4,50,3,7,p0.001,3,medium
surfboard@medium,4,100,3,7,p0.001,3,medium
surfboard@medium,4,150,3,7,p0.001,3,medium
surfboard@small,4,25,3,7,p0.001,3,small
surfboard@small,4,50,3,7,p0.001,3,small
surfboard@small,4,100,3,7,p0.001,3,small
surfboard@small,4,150,3,7,p0.001,3,small
tennis racket@large,4,25,3,7,p0.001,3,large
tennis racket@large,4,50,3,7,p0.001,3,large
tennis racket@large,4,100,3,7,p0.001,3,large
tennis racket@large,4,150,3,7,p0.001,3,large
tennis racket@medium,4,25,3,7,p0.001,3,medium
tennis racket@medium,4,50,3,7,p0.001,3,medium
tennis racket@medium,4,100,3,7,p0.001,3,medium
tennis racket@medium,4,150,3,7,p0.001,3,medium
tennis racket@small,4,25,3,7,p0.001,3,small
tennis racket@small,4,50,3,7,p0.001,3,small
tennis racket@small,4,100,3,7,p0.001,3,small
tennis racket@small,4,150,3,7,p0.001,3,small
tie@large,4,25,4,7,p0.001,3,large
tie@large,4,50,4,7,p0.001,3,large
tie@large,4,100,4,7,p0.001,3,large
tie@large,4,150,4,7,p0.001,3,large
tie@medium,4,25,3,7,p0.001,3,medium
tie@medium,4,50,3,7,p0.001,3,medium
tie@medium,4,100,3,7,p0.001,3,medium
tie@medium,4,150,3,7,p0.001,3,medium
tie@small,4,25,1,77,p0.001,3,small
tie@small,4,50,1,77,p0.001,3,small
tie@small,4,100,3,77,p0.001,3,small
tie@small,4,150,3,77,p0.001,3,small
toothbrush@large,4,25,3,7,p0.001,3,large
toothbrush@large,4,50,3,7,p0.001,3,large
toothbrush@large,4,100,3,7,p0.001,3,large
toothbrush@large,4,150,3,7,p0.001,3,large
toothbrush@medium,4,25,3,7,p0.001,3,medium
toothbrush@medium,4,50,3,7,p0.001,3,medium
toothbrush@medium,4,100,3,7,p0.001,3,medium
toothbrush@medium,4,150,3,7,p0.001,3,medium
toothbrush@small,4,25,3,25,p0.001,3,small
toothbrush@small,4,50,3,25,p0.001,3,small
toothbrush@small,4,100,3,25,p0.001,3,small
toothbrush@small,4,150,4,25,p0.001,3,small
traffic light@large,4,25,3,7,p0.001,3,large
traffic light@large,4,50,3,7,p0.001,3,large
traffic light@large,4,100,3,7,p0.001,3,large
traffic light@large,4,150,3,7,p0.001,3,large
traffic light@medium,4,25,3,16,p0.001,3,medium
traffic light@medium,4,50,3,16,p0.001,3,medium
traffic light@medium,4,100,3,16,p0.001,3,medium
traffic light@medium,4,150,3,16,p0.001,3,medium
traffic light@small,4,25,2,42,p0.001,3,small
traffic light@small,4,50,3,42,p0.001,3,small
traffic light@small,4,100,3,42,p0.001,3,small
traffic light@small,4,150,3,42,p0.001,3,small
tv@large,4,25,3,12,p0.001,3,large
tv@large,4,50,3,12,p0.001,3,large
tv@large,4,100,3,12,p0.001,3,large
tv@large,4,150,3,12,p0.001,3,large
tv@medium,4,25,0,150,p0.001,3,medium
tv@medium,4,50,0,150,p0.001,3,medium
tv@medium,4,100,0,150,p0.001,3,medium
tv@medium,4,150,1,150,p0.001,3,medium
tv@small,4,25,0,150,p0.001,3,small
tv@small,4,50,0,150,p0.001,3,small
tv@small,4,100,1,150,p0.001,3,small
tv@small,4,150,1,150,p0.001,3,small
umbrella@large,4,25,3,7,p0.001,3,large
umbrella@large,4,50,3,7,p0.001,3,large
umbrella@large,4,100,3,7,p0.001,3,large
umbrella@large,4,150,3,7,p0.001,3,large
umbrella@medium,4,25,1,150,p0.001,3,medium
umbrella@medium,4,50,1,150,p0.001,3,medium
umbrella@medium,4,100,1,150,p0.001,3,medium
umbrella@medium,4,150,1,150,p0.001,3,medium
umbrella@small,4,25,0,150,p0.001,3,small
umbrella@small,4,50,1,150,p0.001,3,small
umbrella@small,4,100,1,150,p0.001,3,small
umbrella@small,4,150,1,150,p0.001,3,small
vase or potted plant@large,4,25,3,7,p0.001,3,large
vase or potted plant@large,4,50,3,7,p0.001,3,large
vase or potted plant@large,4,100,3,7,p0.001,3,large
vase or potted plant@large,4,150,3,7,p0.001,3,large
vase or potted plant@medium,4,25,1,150,p0.001,3,medium
vase or potted plant@medium,4,50,1,150,p0.001,3,medium
vase or potted plant@medium,4,100,1,150,p0.001,3,medium
vase or potted plant@medium,4,150,2,150,p0.001,3,medium
vase or potted plant@small,4,25,0,150,p0.001,3,small
vase or potted plant@small,4,50,0,150,p0.001,3,small
vase or potted plant@small,4,100,1,150,p0.001,3,small
vase or potted plant@small,4,150,1,150,p0.001,3,small
airplane@large,0,25,8,10,p0.001,6,large
airplane@large,0,50,8,10,p0.001,6,large
airplane@large,0,100,8,10,p0.001,6,large
airplane@large,0,150,8,10,p0.001,6,large
airplane@medium,0,25,6,10,p0.001,6,medium
airplane@medium,0,50,6,10,p0.001,6,medium
airplane@medium,0,100,6,10,p0.001,6,medium
airplane@medium,0,150,6,10,p0.001,6,medium
airplane@small,0,25,6,15,p0.001,6,small
airplane@small,0,50,6,15,p0.001,6,small
airplane@small,0,100,6,15,p0.001,6,small
airplane@small,0,150,6,15,p0.001,6,small
apple@large,0,25,6,17,p0.001,6,large
apple@large,0,50,6,17,p0.001,6,large
apple@large,0,100,6,17,p0.001,6,large
apple@large,0,150,6,17,p0.001,6,large
apple@medium,0,25,5,32,p0.001,6,medium
apple@medium,0,50,6,32,p0.001,6,medium
apple@medium,0,100,6,32,p0.001,6,medium
apple@medium,0,150,6,32,p0.001,6,medium
bag or luggage@large,0,25,4,150,p0.001,6,large
bag or luggage@large,0,50,4,150,p0.001,6,large
bag or luggage@large,0,100,4,150,p0.001,6,large
bag or luggage@large,0,150,5,150,p0.001,6,large
bag or luggage@medium,0,25,2,150,p0.001,6,medium
bag or luggage@medium,0,50,2,150,p0.001,6,medium
bag or luggage@medium,0,100,2,150,p0.001,6,medium
bag or luggage@medium,0,150,2,150,p0.001,6,medium
bag or luggage@small,0,25,0,150,p0.001,6,small
bag or luggage@small,0,50,0,150,p0.001,6,small
bag or luggage@small,0,100,0,150,p0.001,6,small
bag or luggage@small,0,150,0,150,p0.001,6,small
banana@large,0,25,6,10,p0.001,6,large
banana@large,0,50,6,10,p0.001,6,large
banana@large,0,100,6,10,p0.001,6,large
banana@large,0,150,6,10,p0.001,6,large
banana@medium,0,25,5,102,p0.001,6,medium
banana@medium,0,50,5,102,p0.001,6,medium
banana@medium,0,100,5,102,p0.001,6,medium
banana@medium,0,150,6,102,p0.001,6,medium
baseball bat@large,0,25,7,10,p0.001,6,large
baseball bat@large,0,50,7,10,p0.001,6,large
baseball bat@large,0,100,7,10,p0.001,6,large
baseball bat@large,0,150,7,10,p0.001,6,large
baseball bat@medium,0,25,6,10,p0.001,6,medium
baseball bat@medium,0,50,6,10,p0.001,6,medium
baseball bat@medium,0,100,6,10,p0.001,6,medium
baseball bat@medium,0,150,6,10,p0.001,6,medium
baseball bat@small,0,25,6,10,p0.001,6,small
baseball bat@small,0,50,6,10,p0.001,6,small
baseball bat@small,0,100,6,10,p0.001,6,small
baseball bat@small,0,150,6,10,p0.001,6,small
bench@large,0,25,5,28,p0.001,6,large
bench@large,0,50,6,28,p0.001,6,large
bench@large,0,100,6,28,p0.001,6,large
bench@large,0,150,6,28,p0.001,6,large
bench@medium,0,25,0,150,p0.001,6,medium
bench@medium,0,50,0,150,p0.001,6,medium
bench@medium,0,100,0,150,p0.001,6,medium
bench@medium,0,150,0,150,p0.001,6,medium
bench@small,0,25,0,150,p0.001,6,small
bench@small,0,50,0,150,p0.001,6,small
bench@small,0,100,0,150,p0.001,6,small
bench@small,0,150,0,150,p0.001,6,small
bicycle@large,0,25,6,10,p0.001,6,large
bicycle@large,0,50,6,10,p0.001,6,large
bicycle@large,0,100,6,10,p0.001,6,large
bicycle@large,0,150,6,10,p0.001,6,large
bicycle@medium,0,25,3,86,p0.001,6,medium
bicycle@medium,0,50,5,86,p0.001,6,medium
bicycle@medium,0,100,7,86,p0.001,6,medium
bicycle@medium,0,150,7,86,p0.001,6,medium
bicycle@small,0,25,0,150,p0.001,6,small
bicycle@small,0,50,0,150,p0.001,6,small
bicycle@small,0,100,2,150,p0.001,6,small
bicycle@small,0,150,2,150,p0.001,6,small
bird@large,0,25,5,150,p0.001,6,large
bird@large,0,50,5,150,p0.001,6,large
bird@large,0,100,5,150,p0.001,6,large
bird@large,0,150,5,150,p0.001,6,large
bird@medium,0,25,6,19,p0.001,6,medium
bird@medium,0,50,6,19,p0.001,6,medium
bird@medium,0,100,6,19,p0.001,6,medium
bird@medium,0,150,6,19,p0.001,6,medium
bird@small,0,25,0,150,p0.001,6,small
bird@small,0,50,2,150,p0.001,6,small
bird@small,0,100,2,150,p0.001,6,small
bird@small,0,150,3,150,p0.001,6,small
boat@large,0,25,6,10,p0.001,6,large
boat@large,0,50,6,10,p0.001,6,large
boat@large,0,100,6,10,p0.001,6,large
boat@large,0,150,6,10,p0.001,6,large
boat@medium,0,25,5,56,p0.001,6,medium
boat@medium,0,50,5,56,p0.001,6,medium
boat@medium,0,100,6,56,p0.001,6,medium
boat@medium,0,150,6,56,p0.001,6,medium
boat@small,0,25,4,132,p0.001,6,small
boat@small,0,50,5,132,p0.001,6,small
boat@small,0,100,5,132,p0.001,6,small
boat@small,0,150,6,132,p0.001,6,small
book@large,0,25,6,10,p0.001,6,large
book@large,0,50,6,10,p0.001,6,large
book@large,0,100,6,10,p0.001,6,large
book@large,0,150,6,10,p0.001,6,large
book@medium,0,25,0,150,p0.001,6,medium
book@medium,0,50,0,150,p0.001,6,medium
book@medium,0,100,1,150,p0.001,6,medium
book@medium,0,150,1,150,p0.001,6,medium
book@small,0,25,0,150,p0.001,6,small
book@small,0,50,1,150,p0.001,6,small
book@small,0,100,1,150,p0.001,6,small
book@small,0,150,1,150,p0.001,6,small
bottle@large,0,25,4,150,p0.001,6,large
bottle@large,0,50,5,150,p0.001,6,large
bottle@large,0,100,5,150,p0.001,6,large
bottle@large,0,150,5,150,p0.001,6,large
bottle@medium,0,25,0,150,p0.001,6,medium
bottle@medium,0,50,0,150,p0.001,6,medium
bottle@medium,0,100,1,150,p0.001,6,medium
bottle@medium,0,150,2,150,p0.001,6,medium
bottle@small,0,25,0,150,p0.001,6,small
bottle@small,0,50,0,150,p0.001,6,small
bottle@small,0,100,0,150,p0.001,6,small
bottle@small,0,150,0,150,p0.001,6,small
bowl@large,0,25,2,150,p0.001,6,large
bowl@large,0,50,2,150,p0.001,6,large
bowl@large,0,100,2,150,p0.001,6,large
bowl@large,0,150,3,150,p0.001,6,large
bowl@medium,0,25,0,150,p0.001,6,medium
bowl@medium,0,50,0,150,p0.001,6,medium
bowl@medium,0,100,1,150,p0.001,6,medium
bowl@medium,0,150,1,150,p0.001,6,medium
bowl@small,0,25,0,150,p0.001,6,small
bowl@small,0,50,0,150,p0.001,6,small
bowl@small,0,100,0,150,p0.001,6,small
bowl@small,0,150,0,150,p0.001,6,small
bus@large,0,25,6,10,p0.001,6,large
bus@large,0,50,6,10,p0.001,6,large
bus@large,0,100,6,10,p0.001,6,large
bus@large,0,150,6,10,p0.001,6,large
bus@medium,0,25,0,150,p0.001,6,medium
bus@medium,0,50,1,150,p0.001,6,medium
bus@medium,0,100,2,150,p0.001,6,medium
bus@medium,0,150,2,150,p0.001,6,medium
bus@small,0,25,1,150,p0.001,6,small
bus@small,0,50,1,150,p0.001,6,small
bus@small,0,100,1,150,p0.001,6,small
bus@small,0,150,1,150,p0.001,6,small
cell phone@large,0,25,7,10,p0.001,6,large
cell phone@large,0,50,7,10,p0.001,6,large
cell phone@large,0,100,7,10,p0.001,6,large
cell phone@large,0,150,7,10,p0.001,6,large
cell phone@medium,0,25,1,150,p0.001,6,medium
cell phone@medium,0,50,4,150,p0.001,6,medium
cell phone@medium,0,100,4,150,p0.001,6,medium
cell phone@medium,0,150,5,150,p0.001,6,medium
cell phone@small,0,25,0,150,p0.001,6,small
cell phone@small,0,50,0,150,p0.001,6,small
cell phone@small,0,100,0,150,p0.001,6,small
cell phone@small,0,150,0,150,p0.001,6,small
chair@large,0,25,1,150,p0.001,6,large
chair@large,0,50,1,150,p0.001,6,large
chair@large,0,100,3,150,p0.001,6,large
chair@large,0,150,3,150,p0.001,6,large
chair@medium,0,25,1,150,p0.001,6,medium
chair@medium,0,50,1,150,p0.001,6,medium
chair@medium,0,100,1,150,p0.001,6,medium
chair@medium,0,150,2,150,p0.001,6,medium
chair@small,0,25,0,150,p0.001,6,small
chair@small,0,50,0,150,p0.001,6,small
chair@small,0,100,0,150,p0.001,6,small
chair@small,0,150,0,150,p0.001,6,small
clock@large,0,25,5,150,p0.001,6,large
clock@large,0,50,5,150,p0.001,6,large
clock@large,0,100,5,150,p0.001,6,large
clock@large,0,150,5,150,p0.001,6,large
clock@medium,0,25,6,10,p0.001,6,medium
clock@medium,0,50,6,10,p0.001,6,medium
clock@medium,0,100,6,10,p0.001,6,medium
clock@medium,0,150,6,10,p0.001,6,medium
clock@small,0,25,1,150,p0.001,6,small
clock@small,0,50,1,150,p0.001,6,small
clock@small,0,100,1,150,p0.001,6,small
clock@small,0,150,1,150,p0.001,6,small
dining table@large,0,25,3,132,p0.001,6,large
dining table@large,0,50,3,132,p0.001,6,large
dining table@large,0,100,4,132,p0.001,6,large
dining table@large,0,150,6,132,p0.001,6,large
dining table@medium,0,25,1,150,p0.001,6,medium
dining table@medium,0,50,1,150,p0.001,6,medium
dining table@medium,0,100,3,150,p0.001,6,medium
dining table@medium,0,150,3,150,p0.001,6,medium
dining table@small,0,25,0,150,p0.001,6,small
dining table@small,0,50,0,150,p0.001,6,small
dining table@small,0,100,0,150,p0.001,6,small
dining table@small,0,150,0,150,p0.001,6,small
dog@large,0,25,6,19,p0.001,6,large
dog@large,0,50,6,19,p0.001,6,large
dog@large,0,100,6,19,p0.001,6,large
dog@large,0,150,6,19,p0.001,6,large
dog@medium,0,25,1,63,p0.001,6,medium
dog@medium,0,50,4,63,p0.001,6,medium
dog@medium,0,100,6,63,p0.001,6,medium
dog@medium,0,150,6,63,p0.001,6,medium
dog@small,0,25,0,150,p0.001,6,small
dog@small,0,50,0,150,p0.001,6,small
dog@small,0,100,1,150,p0.001,6,small
dog@small,0,150,1,150,p0.001,6,small
enclosed road vehicle@large,0,25,5,28,p0.001,6,large
enclosed road vehicle@large,0,50,6,28,p0.001,6,large
enclosed road vehicle@large,0,100,6,28,p0.001,6,large
enclosed road vehicle@large,0,150,6,28,p0.001,6,large
enclosed road vehicle@medium,0,25,1,150,p0.001,6,medium
enclosed road vehicle@medium,0,50,1,150,p0.001,6,medium
enclosed road vehicle@medium,0,100,1,150,p0.001,6,medium
enclosed road vehicle@medium,0,150,1,150,p0.001,6,medium
enclosed road vehicle@small,0,25,0,150,p0.001,6,small
enclosed road vehicle@small,0,50,0,150,p0.001,6,small
enclosed road vehicle@small,0,100,0,150,p0.001,6,small
enclosed road vehicle@small,0,150,0,150,p0.001,6,small
fire hydrant@large,0,25,6,10,p0.001,6,large
fire hydrant@large,0,50,6,10,p0.001,6,large
fire hydrant@large,0,100,6,10,p0.001,6,large
fire hydrant@large,0,150,6,10,p0.001,6,large
fire hydrant@medium,0,25,0,150,p0.001,6,medium
fire hydrant@medium,0,50,1,150,p0.001,6,medium
fire hydrant@medium,0,100,2,150,p0.001,6,medium
fire hydrant@medium,0,150,2,150,p0.001,6,medium
fire hydrant@small,0,25,0,150,p0.001,6,small
fire hydrant@small,0,50,0,150,p0.001,6,small
fire hydrant@small,0,100,1,150,p0.001,6,small
fire hydrant@small,0,150,2,150,p0.001,6,small
fork@large,0,25,6,21,p0.001,6,large
fork@large,0,50,7,21,p0.001,6,large
fork@large,0,100,7,21,p0.001,6,large
fork@large,0,150,7,21,p0.001,6,large
fork@medium,0,25,1,98,p0.001,6,medium
fork@medium,0,50,2,98,p0.001,6,medium
fork@medium,0,100,6,98,p0.001,6,medium
fork@medium,0,150,6,98,p0.001,6,medium
fork@small,0,25,0,150,p0.001,6,small
fork@small,0,50,1,150,p0.001,6,small
fork@small,0,100,1,150,p0.001,6,small
fork@small,0,150,2,150,p0.001,6,small
frisbee@large,0,25,6,10,p0.001,6,large
frisbee@large,0,50,6,10,p0.001,6,large
frisbee@large,0,100,6,10,p0.001,6,large
frisbee@large,0,150,6,10,p0.001,6,large
frisbee@medium,0,25,6,10,p0.001,6,medium
frisbee@medium,0,50,6,10,p0.001,6,medium
frisbee@medium,0,100,6,10,p0.001,6,medium
frisbee@medium,0,150,6,10,p0.001,6,medium
frisbee@small,0,25,6,10,p0.001,6,small
frisbee@small,0,50,6,10,p0.001,6,small
frisbee@small,0,100,6,10,p0.001,6,small
frisbee@small,0,150,6,10,p0.001,6,small
keyboard@large,0,25,6,23,p0.001,6,large
keyboard@large,0,50,6,23,p0.001,6,large
keyboard@large,0,100,6,23,p0.001,6,large
keyboard@large,0,150,6,23,p0.001,6,large
keyboard@medium,0,25,1,91,p0.001,6,medium
keyboard@medium,0,50,2,91,p0.001,6,medium
keyboard@medium,0,100,6,91,p0.001,6,medium
keyboard@medium,0,150,6,91,p0.001,6,medium
keyboard@small,0,25,0,150,p0.001,6,small
keyboard@small,0,50,0,150,p0.001,6,small
keyboard@small,0,100,0,150,p0.001,6,small
keyboard@small,0,150,0,150,p0.001,6,small
kite@large,0,25,6,10,p0.001,6,large
kite@large,0,50,6,10,p0.001,6,large
kite@large,0,100,6,10,p0.001,6,large
kite@large,0,150,6,10,p0.001,6,large
kite@medium,0,25,6,10,p0.001,6,medium
kite@medium,0,50,6,10,p0.001,6,medium
kite@medium,0,100,6,10,p0.001,6,medium
kite@medium,0,150,6,10,p0.001,6,medium
kite@small,0,25,5,35,p0.001,6,small
kite@small,0,50,6,35,p0.001,6,small
kite@small,0,100,6,35,p0.001,6,small
kite@small,0,150,7,35,p0.001,6,small
knife@large,0,25,1,150,p0.001,6,large
knife@large,0,50,1,150,p0.001,6,large
knife@large,0,100,1,150,p0.001,6,large
knife@large,0,150,3,150,p0.001,6,large
knife@medium,0,25,0,150,p0.001,6,medium
knife@medium,0,50,0,150,p0.001,6,medium
knife@medium,0,100,0,150,p0.001,6,medium
knife@medium,0,150,0,150,p0.001,6,medium
knife@small,0,25,0,150,p0.001,6,small
knife@small,0,50,0,150,p0.001,6,small
knife@small,0,100,0,150,p0.001,6,small
knife@small,0,150,0,150,p0.001,6,small
laptop@large,0,25,7,16,p0.001,6,large
laptop@large,0,50,7,16,p0.001,6,large
laptop@large,0,100,7,16,p0.001,6,large
laptop@large,0,150,7,16,p0.001,6,large
laptop@medium,0,25,1,113,p0.001,6,medium
laptop@medium,0,50,2,113,p0.001,6,medium
laptop@medium,0,100,4,113,p0.001,6,medium
laptop@medium,0,150,6,113,p0.001,6,medium
laptop@small,0,25,0,150,p0.001,6,small
laptop@small,0,50,0,150,p0.001,6,small
laptop@small,0,100,0,150,p0.001,6,small
laptop@small,0,150,0,150,p0.001,6,small
microwave@large,0,25,6,16,p0.001,6,large
microwave@large,0,50,6,16,p0.001,6,large
microwave@large,0,100,6,16,p0.001,6,large
microwave@large,0,150,6,16,p0.001,6,large
microwave@medium,0,25,1,86,p0.001,6,medium
microwave@medium,0,50,3,86,p0.001,6,medium
microwave@medium,0,100,6,86,p0.001,6,medium
microwave@medium,0,150,6,86,p0.001,6,medium
microwave@small,0,25,0,150,p0.001,6,small
microwave@small,0,50,0,150,p0.001,6,small
microwave@small,0,100,0,150,p0.001,6,small
microwave@small,0,150,1,150,p0.001,6,small
motorcycle@large,0,25,6,10,p0.001,6,large
motorcycle@large,0,50,6,10,p0.001,6,large
motorcycle@large,0,100,6,10,p0.001,6,large
motorcycle@large,0,150,6,10,p0.001,6,large
motorcycle@medium,0,25,4,125,p0.001,6,medium
motorcycle@medium,0,50,4,125,p0.001,6,medium
motorcycle@medium,0,100,5,125,p0.001,6,medium
motorcycle@medium,0,150,6,125,p0.001,6,medium
motorcycle@small,0,25,1,150,p0.001,6,small
motorcycle@small,0,50,1,150,p0.001,6,small
motorcycle@small,0,100,1,150,p0.001,6,small
motorcycle@small,0,150,1,150,p0.001,6,small
mouse@large,0,25,7,10,p0.001,6,large
mouse@large,0,50,7,10,p0.001,6,large
mouse@large,0,100,7,10,p0.001,6,large
mouse@large,0,150,7,10,p0.001,6,large
mouse@medium,0,25,6,21,p0.001,6,medium
mouse@medium,0,50,6,21,p0.001,6,medium
mouse@medium,0,100,6,21,p0.001,6,medium
mouse@medium,0,150,6,21,p0.001,6,medium
mouse@small,0,25,0,150,p0.001,6,small
mouse@small,0,50,2,150,p0.001,6,small
mouse@small,0,100,2,150,p0.001,6,small
mouse@small,0,150,2,150,p0.001,6,small
orange@large,0,25,6,10,p0.001,6,large
orange@large,0,50,6,10,p0.001,6,large
orange@large,0,100,6,10,p0.001,6,large
orange@large,0,150,6,10,p0.001,6,large
orange@medium,0,25,5,34,p0.001,6,medium
orange@medium,0,50,6,34,p0.001,6,medium
orange@medium,0,100,6,34,p0.001,6,medium
orange@medium,0,150,6,34,p0.001,6,medium
parking meter@large,0,25,6,10,p0.001,6,large
parking meter@large,0,50,6,10,p0.001,6,large
parking meter@large,0,100,6,10,p0.001,6,large
parking meter@large,0,150,6,10,p0.001,6,large
parking meter@medium,0,25,5,50,p0.001,6,medium
parking meter@medium,0,50,6,50,p0.001,6,medium
parking meter@medium,0,100,6,50,p0.001,6,medium
parking meter@medium,0,150,7,50,p0.001,6,medium
parking meter@small,0,25,1,150,p0.001,6,small
parking meter@small,0,50,1,150,p0.001,6,small
parking meter@small,0,100,1,150,p0.001,6,small
parking meter@small,0,150,2,150,p0.001,6,small
person@large,0,25,0,150,p0.001,6,large
person@large,0,50,0,150,p0.001,6,large
person@large,0,100,1,150,p0.001,6,large
person@large,0,150,3,150,p0.001,6,large
person@medium,0,25,0,150,p0.001,6,medium
person@medium,0,50,1,150,p0.001,6,medium
person@medium,0,100,1,150,p0.001,6,medium
person@medium,0,150,1,150,p0.001,6,medium
person@small,0,25,0,150,p0.001,6,small
person@small,0,50,0,150,p0.001,6,small
person@small,0,100,0,150,p0.001,6,small
person@small,0,150,0,150,p0.001,6,small
remote@large,0,25,10,11,p0.001,6,large
remote@large,0,50,10,11,p0.001,6,large
remote@large,0,100,10,11,p0.001,6,large
remote@large,0,150,10,11,p0.001,6,large
remote@medium,0,25,4,52,p0.001,6,medium
remote@medium,0,50,5,52,p0.001,6,medium
remote@medium,0,100,6,52,p0.001,6,medium
remote@medium,0,150,6,52,p0.001,6,medium
remote@small,0,25,0,150,p0.001,6,small
remote@small,0,50,2,150,p0.001,6,small
remote@small,0,100,2,150,p0.001,6,small
remote@small,0,150,2,150,p0.001,6,small
scissors@large,0,25,6,10,p0.001,6,large
scissors@large,0,50,6,10,p0.001,6,large
scissors@large,0,100,6,10,p0.001,6,large
scissors@large,0,150,6,10,p0.001,6,large
scissors@medium,0,25,5,29,p0.001,6,medium
scissors@medium,0,50,6,29,p0.001,6,medium
scissors@medium,0,100,6,29,p0.001,6,medium
scissors@medium,0,150,6,29,p0.001,6,medium
scissors@small,0,25,0,150,p0.001,6,small
scissors@small,0,50,0,150,p0.001,6,small
scissors@small,0,100,0,150,p0.001,6,small
scissors@small,0,150,0,150,p0.001,6,small
single serving drinking vessel@large,0,25,2,150,p0.001,6,large
single serving drinking vessel@large,0,50,2,150,p0.001,6,large
single serving drinking vessel@large,0,100,3,150,p0.001,6,large
single serving drinking vessel@large,0,150,3,150,p0.001,6,large
single serving drinking vessel@medium,0,25,1,150,p0.001,6,medium
single serving drinking vessel@medium,0,50,1,150,p0.001,6,medium
single serving drinking vessel@medium,0,100,3,150,p0.001,6,medium
single serving drinking vessel@medium,0,150,3,150,p0.001,6,medium
single serving drinking vessel@small,0,25,0,150,p0.001,6,small
single serving drinking vessel@small,0,50,0,150,p0.001,6,small
single serving drinking vessel@small,0,100,1,150,p0.001,6,small
single serving drinking vessel@small,0,150,2,150,p0.001,6,small
sink@large,0,25,4,45,p0.001,6,large
sink@large,0,50,6,45,p0.001,6,large
sink@large,0,100,6,45,p0.001,6,large
sink@large,0,150,6,45,p0.001,6,large
sink@medium,0,25,2,150,p0.001,6,medium
sink@medium,0,50,3,150,p0.001,6,medium
sink@medium,0,100,4,150,p0.001,6,medium
sink@medium,0,150,4,150,p0.001,6,medium
sink@small,0,25,0,150,p0.001,6,small
sink@small,0,50,0,150,p0.001,6,small
sink@small,0,100,0,150,p0.001,6,small
sink@small,0,150,0,150,p0.001,6,small
skateboard@large,0,25,6,10,p0.001,6,large
skateboard@large,0,50,6,10,p0.001,6,large
skateboard@large,0,100,6,10,p0.001,6,large
skateboard@large,0,150,6,10,p0.001,6,large
skateboard@medium,0,25,6,10,p0.001,6,medium
skateboard@medium,0,50,6,10,p0.001,6,medium
skateboard@medium,0,100,6,10,p0.001,6,medium
skateboard@medium,0,150,6,10,p0.001,6,medium
skateboard@small,0,25,6,10,p0.001,6,small
skateboard@small,0,50,6,10,p0.001,6,small
skateboard@small,0,100,6,10,p0.001,6,small
skateboard@small,0,150,6,10,p0.001,6,small
skis@large,0,25,6,14,p0.001,6,large
skis@large,0,50,6,14,p0.001,6,large
skis@large,0,100,6,14,p0.001,6,large
skis@large,0,150,6,14,p0.001,6,large
skis@medium,0,25,6,22,p0.001,6,medium
skis@medium,0,50,6,22,p0.001,6,medium
skis@medium,0,100,8,22,p0.001,6,medium
skis@medium,0,150,9,22,p0.001,6,medium
skis@small,0,25,2,62,p0.001,6,small
skis@small,0,50,5,62,p0.001,6,small
skis@small,0,100,6,62,p0.001,6,small
skis@small,0,150,6,62,p0.001,6,small
snowboard@large,0,25,6,19,p0.001,6,large
snowboard@large,0,50,6,19,p0.001,6,large
snowboard@large,0,100,6,19,p0.001,6,large
snowboard@large,0,150,6,19,p0.001,6,large
snowboard@medium,0,25,6,12,p0.001,6,medium
snowboard@medium,0,50,6,12,p0.001,6,medium
snowboard@medium,0,100,6,12,p0.001,6,medium
snowboard@medium,0,150,6,12,p0.001,6,medium
snowboard@small,0,25,5,26,p0.001,6,small
snowboard@small,0,50,6,26,p0.001,6,small
snowboard@small,0,100,6,26,p0.001,6,small
snowboard@small,0,150,6,26,p0.001,6,small
spoon@large,0,25,3,150,p0.001,6,large
spoon@large,0,50,3,150,p0.001,6,large
spoon@large,0,100,4,150,p0.001,6,large
spoon@large,0,150,5,150,p0.001,6,large
spoon@medium,0,25,0,150,p0.001,6,medium
spoon@medium,0,50,0,150,p0.001,6,medium
spoon@medium,0,100,2,150,p0.001,6,medium
spoon@medium,0,150,2,150,p0.001,6,medium
spoon@small,0,25,0,150,p0.001,6,small
spoon@small,0,50,0,150,p0.001,6,small
spoon@small,0,100,0,150,p0.001,6,small
spoon@small,0,150,0,150,p0.001,6,small
stop sign@large,0,25,8,10,p0.001,6,large
stop sign@large,0,50,8,10,p0.001,6,large
stop sign@large,0,100,8,10,p0.001,6,large
stop sign@large,0,150,8,10,p0.001,6,large
stop sign@medium,0,25,6,16,p0.001,6,medium
stop sign@medium,0,50,6,16,p0.001,6,medium
stop sign@medium,0,100,6,16,p0.001,6,medium
stop sign@medium,0,150,6,16,p0.001,6,medium
stop sign@small,0,25,0,150,p0.001,6,small
stop sign@small,0,50,0,150,p0.001,6,small
stop sign@small,0,100,0,150,p0.001,6,small
stop sign@small,0,150,0,150,p0.001,6,small
surfboard@large,0,25,6,10,p0.001,6,large
surfboard@large,0,50,6,10,p0.001,6,large
surfboard@large,0,100,7,10,p0.001,6,large
surfboard@large,0,150,7,10,p0.001,6,large
surfboard@medium,0,25,6,10,p0.001,6,medium
surfboard@medium,0,50,6,10,p0.001,6,medium
surfboard@medium,0,100,6,10,p0.001,6,medium
surfboard@medium,0,150,6,10,p0.001,6,medium
surfboard@small,0,25,7,12,p0.001,6,small
surfboard@small,0,50,7,12,p0.001,6,small
surfboard@small,0,100,7,12,p0.001,6,small
surfboard@small,0,150,7,12,p0.001,6,small
tennis racket@large,0,25,7,10,p0.001,6,large
tennis racket@large,0,50,7,10,p0.001,6,large
tennis racket@large,0,100,7,10,p0.001,6,large
tennis racket@large,0,150,7,10,p0.001,6,large
tennis racket@medium,0,25,6,10,p0.001,6,medium
tennis racket@medium,0,50,6,10,p0.001,6,medium
tennis racket@medium,0,100,6,10,p0.001,6,medium
tennis racket@medium,0,150,6,10,p0.001,6,medium
tennis racket@small,0,25,12,10,p0.001,6,small
tennis racket@small,0,50,12,10,p0.001,6,small
tennis racket@small,0,100,12,10,p0.001,6,small
tennis racket@small,0,150,12,10,p0.001,6,small
tie@large,0,25,6,10,p0.001,6,large
tie@large,0,50,6,10,p0.001,6,large
tie@large,0,100,6,10,p0.001,6,large
tie@large,0,150,6,10,p0.001,6,large
tie@medium,0,25,6,10,p0.001,6,medium
tie@medium,0,50,6,10,p0.001,6,medium
tie@medium,0,100,6,10,p0.001,6,medium
tie@medium,0,150,6,10,p0.001,6,medium
tie@small,0,25,0,150,p0.001,6,small
tie@small,0,50,0,150,p0.001,6,small
tie@small,0,100,2,150,p0.001,6,small
tie@small,0,150,2,150,p0.001,6,small
toothbrush@large,0,25,6,10,p0.001,6,large
toothbrush@large,0,50,6,10,p0.001,6,large
toothbrush@large,0,100,6,10,p0.001,6,large
toothbrush@large,0,150,7,10,p0.001,6,large
toothbrush@medium,0,25,6,17,p0.001,6,medium
toothbrush@medium,0,50,6,17,p0.001,6,medium
toothbrush@medium,0,100,6,17,p0.001,6,medium
toothbrush@medium,0,150,6,17,p0.001,6,medium
toothbrush@small,0,25,0,150,p0.001,6,small
toothbrush@small,0,50,0,150,p0.001,6,small
toothbrush@small,0,100,1,150,p0.001,6,small
toothbrush@small,0,150,1,150,p0.001,6,small
traffic light@large,0,25,6,10,p0.001,6,large
traffic light@large,0,50,6,10,p0.001,6,large
traffic light@large,0,100,6,10,p0.001,6,large
traffic light@large,0,150,6,10,p0.001,6,large
traffic light@medium,0,25,3,134,p0.001,6,medium
traffic light@medium,0,50,4,134,p0.001,6,medium
traffic light@medium,0,100,5,134,p0.001,6,medium
traffic light@medium,0,150,6,134,p0.001,6,medium
traffic light@small,0,25,1,150,p0.001,6,small
traffic light@small,0,50,2,150,p0.001,6,small
traffic light@small,0,100,2,150,p0.001,6,small
traffic light@small,0,150,2,150,p0.001,6,small
tv@large,0,25,2,150,p0.001,6,large
tv@large,0,50,3,150,p0.001,6,large
tv@large,0,100,5,150,p0.001,6,large
tv@large,0,150,5,150,p0.001,6,large
tv@medium,0,25,4,150,p0.001,6,medium
tv@medium,0,50,4,150,p0.001,6,medium
tv@medium,0,100,4,150,p0.001,6,medium
tv@medium,0,150,4,150,p0.001,6,medium
tv@small,0,25,0,150,p0.001,6,small
tv@small,0,50,0,150,p0.001,6,small
tv@small,0,100,0,150,p0.001,6,small
tv@small,0,150,0,150,p0.001,6,small
umbrella@large,0,25,6,10,p0.001,6,large
umbrella@large,0,50,6,10,p0.001,6,large
umbrella@large,0,100,6,10,p0.001,6,large
umbrella@large,0,150,6,10,p0.001,6,large
umbrella@medium,0,25,4,150,p0.001,6,medium
umbrella@medium,0,50,4,150,p0.001,6,medium
umbrella@medium,0,100,4,150,p0.001,6,medium
umbrella@medium,0,150,4,150,p0.001,6,medium
umbrella@small,0,25,1,150,p0.001,6,small
umbrella@small,0,50,1,150,p0.001,6,small
umbrella@small,0,100,3,150,p0.001,6,small
umbrella@small,0,150,3,150,p0.001,6,small
vase or potted plant@large,0,25,6,10,p0.001,6,large
vase or potted plant@large,0,50,6,10,p0.001,6,large
vase or potted plant@large,0,100,6,10,p0.001,6,large
vase or potted plant@large,0,150,6,10,p0.001,6,large
vase or potted plant@medium,0,25,0,150,p0.001,6,medium
vase or potted plant@medium,0,50,0,150,p0.001,6,medium
vase or potted plant@medium,0,100,0,150,p0.001,6,medium
vase or potted plant@medium,0,150,2,150,p0.001,6,medium
vase or potted plant@small,0,25,0,150,p0.001,6,small
vase or potted plant@small,0,50,0,150,p0.001,6,small
vase or potted plant@small,0,100,0,150,p0.001,6,small
vase or potted plant@small,0,150,1,150,p0.001,6,small
airplane@large,1,25,7,10,p0.001,6,large
airplane@large,1,50,7,10,p0.001,6,large
airplane@large,1,100,7,10,p0.001,6,large
airplane@large,1,150,7,10,p0.001,6,large
airplane@medium,1,25,6,10,p0.001,6,medium
airplane@medium,1,50,6,10,p0.001,6,medium
airplane@medium,1,100,6,10,p0.001,6,medium
airplane@medium,1,150,6,10,p0.001,6,medium
airplane@small,1,25,6,11,p0.001,6,small
airplane@small,1,50,6,11,p0.001,6,small
airplane@small,1,100,6,11,p0.001,6,small
airplane@small,1,150,6,11,p0.001,6,small
apple@large,1,25,6,10,p0.001,6,large
apple@large,1,50,6,10,p0.001,6,large
apple@large,1,100,6,10,p0.001,6,large
apple@large,1,150,6,10,p0.001,6,large
apple@medium,1,25,5,45,p0.001,6,medium
apple@medium,1,50,6,45,p0.001,6,medium
apple@medium,1,100,6,45,p0.001,6,medium
apple@medium,1,150,6,45,p0.001,6,medium
bag or luggage@large,1,25,6,19,p0.001,6,large
bag or luggage@large,1,50,6,19,p0.001,6,large
bag or luggage@large,1,100,6,19,p0.001,6,large
bag or luggage@large,1,150,6,19,p0.001,6,large
bag or luggage@medium,1,25,2,150,p0.001,6,medium
bag or luggage@medium,1,50,3,150,p0.001,6,medium
bag or luggage@medium,1,100,4,150,p0.001,6,medium
bag or luggage@medium,1,150,5,150,p0.001,6,medium
bag or luggage@small,1,25,0,150,p0.001,6,small
bag or luggage@small,1,50,0,150,p0.001,6,small
bag or luggage@small,1,100,0,150,p0.001,6,small
bag or luggage@small,1,150,0,150,p0.001,6,small
banana@large,1,25,6,10,p0.001,6,large
banana@large,1,50,6,10,p0.001,6,large
banana@large,1,100,6,10,p0.001,6,large
banana@large,1,150,6,10,p0.001,6,large
banana@medium,1,25,6,11,p0.001,6,medium
banana@medium,1,50,6,11,p0.001,6,medium
banana@medium,1,100,6,11,p0.001,6,medium
banana@medium,1,150,6,11,p0.001,6,medium
baseball bat@large,1,25,6,10,p0.001,6,large
baseball bat@large,1,50,6,10,p0.001,6,large
baseball bat@large,1,100,6,10,p0.001,6,large
baseball bat@large,1,150,6,10,p0.001,6,large
baseball bat@medium,1,25,6,10,p0.001,6,medium
baseball bat@medium,1,50,6,10,p0.001,6,medium
baseball bat@medium,1,100,7,10,p0.001,6,medium
baseball bat@medium,1,150,7,10,p0.001,6,medium
baseball bat@small,1,25,6,10,p0.001,6,small
baseball bat@small,1,50,6,10,p0.001,6,small
baseball bat@small,1,100,6,10,p0.001,6,small
baseball bat@small,1,150,6,10,p0.001,6,small
bench@large,1,25,3,150,p0.001,6,large
bench@large,1,50,4,150,p0.001,6,large
bench@large,1,100,5,150,p0.001,6,large
bench@large,1,150,5,150,p0.001,6,large
bench@medium,1,25,2,150,p0.001,6,medium
bench@medium,1,50,2,150,p0.001,6,medium
bench@medium,1,100,3,150,p0.001,6,medium
bench@medium,1,150,3,150,p0.001,6,medium
bench@small,1,25,0,150,p0.001,6,small
bench@small,1,50,0,150,p0.001,6,small
bench@small,1,100,0,150,p0.001,6,small
bench@small,1,150,0,150,p0.001,6,small
bicycle@large,1,25,6,10,p0.001,6,large
bicycle@large,1,50,6,10,p0.001,6,large
bicycle@large,1,100,6,10,p0.001,6,large
bicycle@large,1,150,6,10,p0.001,6,large
bicycle@medium,1,25,6,12,p0.001,6,medium
bicycle@medium,1,50,6,12,p0.001,6,medium
bicycle@medium,1,100,6,12,p0.001,6,medium
bicycle@medium,1,150,6,12,p0.001,6,medium
bicycle@small,1,25,0,150,p0.001,6,small
bicycle@small,1,50,0,150,p0.001,6,small
bicycle@small,1,100,0,150,p0.001,6,small
bicycle@small,1,150,0,150,p0.001,6,small
bird@large,1,25,6,14,p0.001,6,large
bird@large,1,50,6,14,p0.001,6,large
bird@large,1,100,6,14,p0.001,6,large
bird@large,1,150,6,14,p0.001,6,large
bird@medium,1,25,6,20,p0.001,6,medium
bird@medium,1,50,6,20,p0.001,6,medium
bird@medium,1,100,6,20,p0.001,6,medium
bird@medium,1,150,6,20,p0.001,6,medium
bird@small,1,25,1,150,p0.001,6,small
bird@small,1,50,2,150,p0.001,6,small
bird@small,1,100,3,150,p0.001,6,small
bird@small,1,150,5,150,p0.001,6,small
boat@large,1,25,4,93,p0.001,6,large
boat@large,1,50,4,93,p0.001,6,large
boat@large,1,100,6,93,p0.001,6,large
boat@large,1,150,6,93,p0.001,6,large
boat@medium,1,25,6,15,p0.001,6,medium
boat@medium,1,50,6,15,p0.001,6,medium
boat@medium,1,100,6,15,p0.001,6,medium
boat@medium,1,150,6,15,p0.001,6,medium
boat@small,1,25,2,150,p0.001,6,small
boat@small,1,50,3,150,p0.001,6,small
boat@small,1,100,3,150,p0.001,6,small
boat@small,1,150,3,150,p0.001,6,small
book@large,1,25,6,10,p0.001,6,large
book@large,1,50,6,10,p0.001,6,large
book@large,1,100,6,10,p0.001,6,large
book@large,1,150,6,10,p0.001,6,large
book@medium,1,25,1,150,p0.001,6,medium
book@medium,1,50,2,150,p0.001,6,medium
book@medium,1,100,2,150,p0.001,6,medium
book@medium,1,150,2,150,p0.001,6,medium
book@small,1,25,0,150,p0.001,6,small
book@small,1,50,0,150,p0.001,6,small
book@small,1,100,0,150,p0.001,6,small
book@small,1,150,0,150,p0.001,6,small
bottle@large,1,25,4,27,p0.001,6,large
bottle@large,1,50,6,27,p0.001,6,large
bottle@large,1,100,6,27,p0.001,6,large
bottle@large,1,150,6,27,p0.001,6,large
bottle@medium,1,25,0,150,p0.001,6,medium
bottle@medium,1,50,0,150,p0.001,6,medium
bottle@medium,1,100,2,150,p0.001,6,medium
bottle@medium,1,150,3,150,p0.001,6,medium
bottle@small,1,25,0,150,p0.001,6,small
bottle@small,1,50,0,150,p0.001,6,small
bottle@small,1,100,0,150,p0.001,6,small
bottle@small,1,150,0,150,p0.001,6,small
bowl@large,1,25,2,150,p0.001,6,large
bowl@large,1,50,2,150,p0.001,6,large
bowl@large,1,100,4,150,p0.001,6,large
bowl@large,1,150,4,150,p0.001,6,large
bowl@medium,1,25,0,150,p0.001,6,medium
bowl@medium,1,50,0,150,p0.001,6,medium
bowl@medium,1,100,0,150,p0.001,6,medium
bowl@medium,1,150,1,150,p0.001,6,medium
bowl@small,1,25,0,150,p0.001,6,small
bowl@small,1,50,0,150,p0.001,6,small
bowl@small,1,100,0,150,p0.001,6,small
bowl@small,1,150,0,150,p0.001,6,small
bus@large,1,25,6,21,p0.001,6,large
bus@large,1,50,6,21,p0.001,6,large
bus@large,1,100,6,21,p0.001,6,large
bus@large,1,150,6,21,p0.001,6,large
bus@medium,1,25,2,150,p0.001,6,medium
bus@medium,1,50,3,150,p0.001,6,medium
bus@medium,1,100,4,150,p0.001,6,medium
bus@medium,1,150,4,150,p0.001,6,medium
bus@small,1,25,1,150,p0.001,6,small
bus@small,1,50,1,150,p0.001,6,small
bus@small,1,100,1,150,p0.001,6,small
bus@small,1,150,2,150,p0.001,6,small
cell phone@large,1,25,9,10,p0.001,6,large
cell phone@large,1,50,9,10,p0.001,6,large
cell phone@large,1,100,9,10,p0.001,6,large
cell phone@large,1,150,9,10,p0.001,6,large
cell phone@medium,1,25,4,150,p0.001,6,medium
cell phone@medium,1,50,4,150,p0.001,6,medium
cell phone@medium,1,100,4,150,p0.001,6,medium
cell phone@medium,1,150,4,150,p0.001,6,medium
cell phone@small,1,25,0,150,p0.001,6,small
cell phone@small,1,50,1,150,p0.001,6,small
cell phone@small,1,100,2,150,p0.001,6,small
cell phone@small,1,150,2,150,p0.001,6,small
chair@large,1,25,2,150,p0.001,6,large
chair@large,1,50,4,150,p0.001,6,large
chair@large,1,100,5,150,p0.001,6,large
chair@large,1,150,5,150,p0.001,6,large
chair@medium,1,25,0,150,p0.001,6,medium
chair@medium,1,50,1,150,p0.001,6,medium
chair@medium,1,100,1,150,p0.001,6,medium
chair@medium,1,150,1,150,p0.001,6,medium
chair@small,1,25,0,150,p0.001,6,small
chair@small,1,50,0,150,p0.001,6,small
chair@small,1,100,0,150,p0.001,6,small
chair@small,1,150,0,150,p0.001,6,small
clock@large,1,25,6,24,p0.001,6,large
clock@large,1,50,6,24,p0.001,6,large
clock@large,1,100,6,24,p0.001,6,large
clock@large,1,150,6,24,p0.001,6,large
clock@medium,1,25,6,10,p0.001,6,medium
clock@medium,1,50,6,10,p0.001,6,medium
clock@medium,1,100,6,10,p0.001,6,medium
clock@medium,1,150,6,10,p0.001,6,medium
clock@small,1,25,2,150,p0.001,6,small
clock@small,1,50,2,150,p0.001,6,small
clock@small,1,100,2,150,p0.001,6,small
clock@small,1,150,2,150,p0.001,6,small
dining table@large,1,25,1,150,p0.001,6,large
dining table@large,1,50,1,150,p0.001,6,large
dining table@large,1,100,2,150,p0.001,6,large
dining table@large,1,150,2,150,p0.001,6,large
dining table@medium,1,25,3,76,p0.001,6,medium
dining table@medium,1,50,4,76,p0.001,6,medium
dining table@medium,1,100,6,76,p0.001,6,medium
dining table@medium,1,150,6,76,p0.001,6,medium
dining table@small,1,25,0,150,p0.001,6,small
dining table@small,1,50,0,150,p0.001,6,small
dining table@small,1,100,0,150,p0.001,6,small
dining table@small,1,150,0,150,p0.001,6,small
dog@large,1,25,7,19,p0.001,6,large
dog@large,1,50,8,19,p0.001,6,large
dog@large,1,100,8,19,p0.001,6,large
dog@large,1,150,8,19,p0.001,6,large
dog@medium,1,25,3,150,p0.001,6,medium
dog@medium,1,50,3,150,p0.001,6,medium
dog@medium,1,100,5,150,p0.001,6,medium
dog@medium,1,150,5,150,p0.001,6,medium
dog@small,1,25,0,150,p0.001,6,small
dog@small,1,50,0,150,p0.001,6,small
dog@small,1,100,0,150,p0.001,6,small
dog@small,1,150,0,150,p0.001,6,small
enclosed road vehicle@large,1,25,4,133,p0.001,6,large
enclosed road vehicle@large,1,50,4,133,p0.001,6,large
enclosed road vehicle@large,1,100,5,133,p0.001,6,large
enclosed road vehicle@large,1,150,6,133,p0.001,6,large
enclosed road vehicle@medium,1,25,0,150,p0.001,6,medium
enclosed road vehicle@medium,1,50,0,150,p0.001,6,medium
enclosed road vehicle@medium,1,100,1,150,p0.001,6,medium
enclosed road vehicle@medium,1,150,1,150,p0.001,6,medium
enclosed road vehicle@small,1,25,0,150,p0.001,6,small
enclosed road vehicle@small,1,50,0,150,p0.001,6,small
enclosed road vehicle@small,1,100,1,150,p0.001,6,small
enclosed road vehicle@small,1,150,1,150,p0.001,6,small
fire hydrant@large,1,25,6,10,p0.001,6,large
fire hydrant@large,1,50,6,10,p0.001,6,large
fire hydrant@large,1,100,6,10,p0.001,6,large
fire hydrant@large,1,150,6,10,p0.001,6,large
fire hydrant@medium,1,25,6,10,p0.001,6,medium
fire hydrant@medium,1,50,6,10,p0.001,6,medium
fire hydrant@medium,1,100,6,10,p0.001,6,medium
fire hydrant@medium,1,150,6,10,p0.001,6,medium
fire hydrant@small,1,25,1,150,p0.001,6,small
fire hydrant@small,1,50,1,150,p0.001,6,small
fire hydrant@small,1,100,3,150,p0.001,6,small
fire hydrant@small,1,150,3,150,p0.001,6,small
fork@large,1,25,1,150,p0.001,6,large
fork@large,1,50,1,150,p0.001,6,large
fork@large,1,100,4,150,p0.001,6,large
fork@large,1,150,4,150,p0.001,6,large
fork@medium,1,25,2,150,p0.001,6,medium
fork@medium,1,50,3,150,p0.001,6,medium
fork@medium,1,100,5,150,p0.001,6,medium
fork@medium,1,150,5,150,p0.001,6,medium
fork@small,1,25,1,150,p0.001,6,small
fork@small,1,50,1,150,p0.001,6,small
fork@small,1,100,1,150,p0.001,6,small
fork@small,1,150,3,150,p0.001,6,small
frisbee@large,1,25,6,13,p0.001,6,large
frisbee@large,1,50,6,13,p0.001,6,large
frisbee@large,1,100,6,13,p0.001,6,large
frisbee@large,1,150,6,13,p0.001,6,large
frisbee@medium,1,25,6,10,p0.001,6,medium
frisbee@medium,1,50,6,10,p0.001,6,medium
frisbee@medium,1,100,6,10,p0.001,6,medium
frisbee@medium,1,150,6,10,p0.001,6,medium
frisbee@small,1,25,6,10,p0.001,6,small
frisbee@small,1,50,6,10,p0.001,6,small
frisbee@small,1,100,6,10,p0.001,6,small
frisbee@small,1,150,6,10,p0.001,6,small
keyboard@large,1,25,6,10,p0.001,6,large
keyboard@large,1,50,6,10,p0.001,6,large
keyboard@large,1,100,6,10,p0.001,6,large
keyboard@large,1,150,6,10,p0.001,6,large
keyboard@medium,1,25,0,150,p0.001,6,medium
keyboard@medium,1,50,0,150,p0.001,6,medium
keyboard@medium,1,100,4,150,p0.001,6,medium
keyboard@medium,1,150,5,150,p0.001,6,medium
keyboard@small,1,25,0,150,p0.001,6,small
keyboard@small,1,50,0,150,p0.001,6,small
keyboard@small,1,100,0,150,p0.001,6,small
keyboard@small,1,150,0,150,p0.001,6,small
kite@large,1,25,6,10,p0.001,6,large
kite@large,1,50,6,10,p0.001,6,large
kite@large,1,100,6,10,p0.001,6,large
kite@large,1,150,6,10,p0.001,6,large
kite@medium,1,25,6,14,p0.001,6,medium
kite@medium,1,50,6,14,p0.001,6,medium
kite@medium,1,100,6,14,p0.001,6,medium
kite@medium,1,150,6,14,p0.001,6,medium
kite@small,1,25,8,10,p0.001,6,small
kite@small,1,50,8,10,p0.001,6,small
kite@small,1,100,8,10,p0.001,6,small
kite@small,1,150,8,10,p0.001,6,small
knife@large,1,25,3,86,p0.001,6,large
knife@large,1,50,4,86,p0.001,6,large
knife@large,1,100,6,86,p0.001,6,large
knife@large,1,150,6,86,p0.001,6,large
knife@medium,1,25,1,150,p0.001,6,medium
knife@medium,1,50,1,150,p0.001,6,medium
knife@medium,1,100,4,150,p0.001,6,medium
knife@medium,1,150,4,150,p0.001,6,medium
knife@small,1,25,0,150,p0.001,6,small
knife@small,1,50,0,150,p0.001,6,small
knife@small,1,100,0,150,p0.001,6,small
knife@small,1,150,0,150,p0.001,6,small
laptop@large,1,25,6,13,p0.001,6,large
laptop@large,1,50,6,13,p0.001,6,large
laptop@large,1,100,6,13,p0.001,6,large
laptop@large,1,150,6,13,p0.001,6,large
laptop@medium,1,25,1,150,p0.001,6,medium
laptop@medium,1,50,1,150,p0.001,6,medium
laptop@medium,1,100,2,150,p0.001,6,medium
laptop@medium,1,150,4,150,p0.001,6,medium
laptop@small,1,25,0,150,p0.001,6,small
laptop@small,1,50,0,150,p0.001,6,small
laptop@small,1,100,0,150,p0.001,6,small
laptop@small,1,150,0,150,p0.001,6,small
microwave@large,1,25,6,10,p0.001,6,large
microwave@large,1,50,6,10,p0.001,6,large
microwave@large,1,100,6,10,p0.001,6,large
microwave@large,1,150,6,10,p0.001,6,large
microwave@medium,1,25,3,73,p0.001,6,medium
microwave@medium,1,50,5,73,p0.001,6,medium
microwave@medium,1,100,6,73,p0.001,6,medium
microwave@medium,1,150,7,73,p0.001,6,medium
microwave@small,1,25,0,150,p0.001,6,small
microwave@small,1,50,0,150,p0.001,6,small
microwave@small,1,100,0,150,p0.001,6,small
microwave@small,1,150,1,150,p0.001,6,small
motorcycle@large,1,25,6,10,p0.001,6,large
motorcycle@large,1,50,6,10,p0.001,6,large
motorcycle@large,1,100,6,10,p0.001,6,large
motorcycle@large,1,150,6,10,p0.001,6,large
motorcycle@medium,1,25,5,26,p0.001,6,medium
motorcycle@medium,1,50,6,26,p0.001,6,medium
motorcycle@medium,1,100,6,26,p0.001,6,medium
motorcycle@medium,1,150,6,26,p0.001,6,medium
motorcycle@small,1,25,0,150,p0.001,6,small
motorcycle@small,1,50,0,150,p0.001,6,small
motorcycle@small,1,100,0,150,p0.001,6,small
motorcycle@small,1,150,0,150,p0.001,6,small
mouse@large,1,25,6,10,p0.001,6,large
mouse@large,1,50,6,10,p0.001,6,large
mouse@large,1,100,6,10,p0.001,6,large
mouse@large,1,150,6,10,p0.001,6,large
mouse@medium,1,25,5,27,p0.001,6,medium
mouse@medium,1,50,6,27,p0.001,6,medium
mouse@medium,1,100,6,27,p0.001,6,medium
mouse@medium,1,150,7,27,p0.001,6,medium
mouse@small,1,25,0,150,p0.001,6,small
mouse@small,1,50,0,150,p0.001,6,small
mouse@small,1,100,1,150,p0.001,6,small
mouse@small,1,150,2,150,p0.001,6,small
orange@large,1,25,6,10,p0.001,6,large
orange@large,1,50,6,10,p0.001,6,large
orange@large,1,100,7,10,p0.001,6,large
orange@large,1,150,7,10,p0.001,6,large
orange@medium,1,25,3,150,p0.001,6,medium
orange@medium,1,50,4,150,p0.001,6,medium
orange@medium,1,100,4,150,p0.001,6,medium
orange@medium,1,150,4,150,p0.001,6,medium
parking meter@large,1,25,6,10,p0.001,6,large
parking meter@large,1,50,6,10,p0.001,6,large
parking meter@large,1,100,6,10,p0.001,6,large
parking meter@large,1,150,6,10,p0.001,6,large
parking meter@medium,1,25,4,59,p0.001,6,medium
parking meter@medium,1,50,5,59,p0.001,6,medium
parking meter@medium,1,100,6,59,p0.001,6,medium
parking meter@medium,1,150,6,59,p0.001,6,medium
parking meter@small,1,25,1,150,p0.001,6,small
parking meter@small,1,50,1,150,p0.001,6,small
parking meter@small,1,100,2,150,p0.001,6,small
parking meter@small,1,150,2,150,p0.001,6,small
person@large,1,25,3,150,p0.001,6,large
person@large,1,50,3,150,p0.001,6,large
person@large,1,100,3,150,p0.001,6,large
person@large,1,150,5,150,p0.001,6,large
person@medium,1,25,0,150,p0.001,6,medium
person@medium,1,50,0,150,p0.001,6,medium
person@medium,1,100,0,150,p0.001,6,medium
person@medium,1,150,0,150,p0.001,6,medium
person@small,1,25,0,150,p0.001,6,small
person@small,1,50,0,150,p0.001,6,small
person@small,1,100,0,150,p0.001,6,small
person@small,1,150,0,150,p0.001,6,small
remote@large,1,25,6,19,p0.001,6,large
remote@large,1,50,6,19,p0.001,6,large
remote@large,1,100,6,19,p0.001,6,large
remote@large,1,150,6,19,p0.001,6,large
remote@medium,1,25,1,150,p0.001,6,medium
remote@medium,1,50,1,150,p0.001,6,medium
remote@medium,1,100,1,150,p0.001,6,medium
remote@medium,1,150,1,150,p0.001,6,medium
remote@small,1,25,0,150,p0.001,6,small
remote@small,1,50,0,150,p0.001,6,small
remote@small,1,100,0,150,p0.001,6,small
remote@small,1,150,0,150,p0.001,6,small
scissors@large,1,25,6,10,p0.001,6,large
scissors@large,1,50,6,10,p0.001,6,large
scissors@large,1,100,6,10,p0.001,6,large
scissors@large,1,150,6,10,p0.001,6,large
scissors@medium,1,25,3,150,p0.001,6,medium
scissors@medium,1,50,3,150,p0.001,6,medium
scissors@medium,1,100,5,150,p0.001,6,medium
scissors@medium,1,150,5,150,p0.001,6,medium
scissors@small,1,25,0,150,p0.001,6,small
scissors@small,1,50,0,150,p0.001,6,small
scissors@small,1,100,0,150,p0.001,6,small
scissors@small,1,150,0,150,p0.001,6,small
single serving drinking vessel@large,1,25,1,150,p0.001,6,large
single serving drinking vessel@large,1,50,2,150,p0.001,6,large
single serving drinking vessel@large,1,100,2,150,p0.001,6,large
single serving drinking vessel@large,1,150,2,150,p0.001,6,large
single serving drinking vessel@medium,1,25,1,150,p0.001,6,medium
single serving drinking vessel@medium,1,50,2,150,p0.001,6,medium
single serving drinking vessel@medium,1,100,2,150,p0.001,6,medium
single serving drinking vessel@medium,1,150,2,150,p0.001,6,medium
single serving drinking vessel@small,1,25,0,150,p0.001,6,small
single serving drinking vessel@small,1,50,0,150,p0.001,6,small
single serving drinking vessel@small,1,100,0,150,p0.001,6,small
single serving drinking vessel@small,1,150,0,150,p0.001,6,small
sink@large,1,25,4,50,p0.001,6,large
sink@large,1,50,6,50,p0.001,6,large
sink@large,1,100,6,50,p0.001,6,large
sink@large,1,150,6,50,p0.001,6,large
sink@medium,1,25,1,150,p0.001,6,medium
sink@medium,1,50,1,150,p0.001,6,medium
sink@medium,1,100,2,150,p0.001,6,medium
sink@medium,1,150,4,150,p0.001,6,medium
sink@small,1,25,0,150,p0.001,6,small
sink@small,1,50,0,150,p0.001,6,small
sink@small,1,100,0,150,p0.001,6,small
sink@small,1,150,0,150,p0.001,6,small
skateboard@large,1,25,6,10,p0.001,6,large
skateboard@large,1,50,6,10,p0.001,6,large
skateboard@large,1,100,6,10,p0.001,6,large
skateboard@large,1,150,6,10,p0.001,6,large
skateboard@medium,1,25,6,10,p0.001,6,medium
skateboard@medium,1,50,6,10,p0.001,6,medium
skateboard@medium,1,100,6,10,p0.001,6,medium
skateboard@medium,1,150,6,10,p0.001,6,medium
skateboard@small,1,25,6,11,p0.001,6,small
skateboard@small,1,50,6,11,p0.001,6,small
skateboard@small,1,100,6,11,p0.001,6,small
skateboard@small,1,150,6,11,p0.001,6,small
skis@large,1,25,6,10,p0.001,6,large
skis@large,1,50,6,10,p0.001,6,large
skis@large,1,100,7,10,p0.001,6,large
skis@large,1,150,8,10,p0.001,6,large
skis@medium,1,25,6,14,p0.001,6,medium
skis@medium,1,50,6,14,p0.001,6,medium
skis@medium,1,100,7,14,p0.001,6,medium
skis@medium,1,150,10,14,p0.001,6,medium
skis@small,1,25,5,27,p0.001,6,small
skis@small,1,50,6,27,p0.001,6,small
skis@small,1,100,6,27,p0.001,6,small
skis@small,1,150,6,27,p0.001,6,small
snowboard@large,1,25,6,10,p0.001,6,large
snowboard@large,1,50,6,10,p0.001,6,large
snowboard@large,1,100,6,10,p0.001,6,large
snowboard@large,1,150,7,10,p0.001,6,large
snowboard@medium,1,25,3,146,p0.001,6,medium
snowboard@medium,1,50,4,146,p0.001,6,medium
snowboard@medium,1,100,5,146,p0.001,6,medium
snowboard@medium,1,150,6,146,p0.001,6,medium
snowboard@small,1,25,6,10,p0.001,6,small
snowboard@small,1,50,6,10,p0.001,6,small
snowboard@small,1,100,6,10,p0.001,6,small
snowboard@small,1,150,7,10,p0.001,6,small
spoon@large,1,25,2,77,p0.001,6,large
spoon@large,1,50,3,77,p0.001,6,large
spoon@large,1,100,6,77,p0.001,6,large
spoon@large,1,150,6,77,p0.001,6,large
spoon@medium,1,25,0,150,p0.001,6,medium
spoon@medium,1,50,1,150,p0.001,6,medium
spoon@medium,1,100,1,150,p0.001,6,medium
spoon@medium,1,150,1,150,p0.001,6,medium
spoon@small,1,25,0,150,p0.001,6,small
spoon@small,1,50,0,150,p0.001,6,small
spoon@small,1,100,0,150,p0.001,6,small
spoon@small,1,150,0,150,p0.001,6,small
stop sign@large,1,25,6,10,p0.001,6,large
stop sign@large,1,50,6,10,p0.001,6,large
stop sign@large,1,100,6,10,p0.001,6,large
stop sign@large,1,150,6,10,p0.001,6,large
stop sign@medium,1,25,6,16,p0.001,6,medium
stop sign@medium,1,50,6,16,p0.001,6,medium
stop sign@medium,1,100,6,16,p0.001,6,medium
stop sign@medium,1,150,6,16,p0.001,6,medium
stop sign@small,1,25,0,150,p0.001,6,small
stop sign@small,1,50,0,150,p0.001,6,small
stop sign@small,1,100,0,150,p0.001,6,small
stop sign@small,1,150,1,150,p0.001,6,small
surfboard@large,1,25,6,10,p0.001,6,large
surfboard@large,1,50,6,10,p0.001,6,large
surfboard@large,1,100,6,10,p0.001,6,large
surfboard@large,1,150,6,10,p0.001,6,large
surfboard@medium,1,25,7,10,p0.001,6,medium
surfboard@medium,1,50,7,10,p0.001,6,medium
surfboard@medium,1,100,7,10,p0.001,6,medium
surfboard@medium,1,150,7,10,p0.001,6,medium
surfboard@small,1,25,6,10,p0.001,6,small
surfboard@small,1,50,6,10,p0.001,6,small
surfboard@small,1,100,6,10,p0.001,6,small
surfboard@small,1,150,6,10,p0.001,6,small
tennis racket@large,1,25,6,10,p0.001,6,large
tennis racket@large,1,50,6,10,p0.001,6,large
tennis racket@large,1,100,6,10,p0.001,6,large
tennis racket@large,1,150,6,10,p0.001,6,large
tennis racket@medium,1,25,6,10,p0.001,6,medium
tennis racket@medium,1,50,6,10,p0.001,6,medium
tennis racket@medium,1,100,6,10,p0.001,6,medium
tennis racket@medium,1,150,6,10,p0.001,6,medium
tennis racket@small,1,25,6,10,p0.001,6,small
tennis racket@small,1,50,6,10,p0.001,6,small
tennis racket@small,1,100,6,10,p0.001,6,small
tennis racket@small,1,150,6,10,p0.001,6,small
tie@large,1,25,6,10,p0.001,6,large
tie@large,1,50,6,10,p0.001,6,large
tie@large,1,100,6,10,p0.001,6,large
tie@large,1,150,6,10,p0.001,6,large
tie@medium,1,25,6,10,p0.001,6,medium
tie@medium,1,50,6,10,p0.001,6,medium
tie@medium,1,100,6,10,p0.001,6,medium
tie@medium,1,150,6,10,p0.001,6,medium
tie@small,1,25,1,150,p0.001,6,small
tie@small,1,50,2,150,p0.001,6,small
tie@small,1,100,4,150,p0.001,6,small
tie@small,1,150,4,150,p0.001,6,small
toothbrush@large,1,25,6,10,p0.001,6,large
toothbrush@large,1,50,6,10,p0.001,6,large
toothbrush@large,1,100,6,10,p0.001,6,large
toothbrush@large,1,150,6,10,p0.001,6,large
toothbrush@medium,1,25,6,10,p0.001,6,medium
toothbrush@medium,1,50,6,10,p0.001,6,medium
toothbrush@medium,1,100,6,10,p0.001,6,medium
toothbrush@medium,1,150,6,10,p0.001,6,medium
toothbrush@small,1,25,0,150,p0.001,6,small
toothbrush@small,1,50,0,150,p0.001,6,small
toothbrush@small,1,100,0,150,p0.001,6,small
toothbrush@small,1,150,0,150,p0.001,6,small
traffic light@large,1,25,6,10,p0.001,6,large
traffic light@large,1,50,6,10,p0.001,6,large
traffic light@large,1,100,6,10,p0.001,6,large
traffic light@large,1,150,6,10,p0.001,6,large
traffic light@medium,1,25,6,12,p0.001,6,medium
traffic light@medium,1,50,6,12,p0.001,6,medium
traffic light@medium,1,100,6,12,p0.001,6,medium
traffic light@medium,1,150,6,12,p0.001,6,medium
traffic light@small,1,25,3,150,p0.001,6,small
traffic light@small,1,50,3,150,p0.001,6,small
traffic light@small,1,100,4,150,p0.001,6,small
traffic light@small,1,150,5,150,p0.001,6,small
tv@large,1,25,5,36,p0.001,6,large
tv@large,1,50,6,36,p0.001,6,large
tv@large,1,100,6,36,p0.001,6,large
tv@large,1,150,6,36,p0.001,6,large
tv@medium,1,25,1,150,p0.001,6,medium
tv@medium,1,50,2,150,p0.001,6,medium
tv@medium,1,100,3,150,p0.001,6,medium
tv@medium,1,150,5,150,p0.001,6,medium
tv@small,1,25,0,150,p0.001,6,small
tv@small,1,50,1,150,p0.001,6,small
tv@small,1,100,1,150,p0.001,6,small
tv@small,1,150,1,150,p0.001,6,small
umbrella@large,1,25,6,10,p0.001,6,large
umbrella@large,1,50,6,10,p0.001,6,large
umbrella@large,1,100,6,10,p0.001,6,large
umbrella@large,1,150,6,10,p0.001,6,large
umbrella@medium,1,25,4,150,p0.001,6,medium
umbrella@medium,1,50,4,150,p0.001,6,medium
umbrella@medium,1,100,4,150,p0.001,6,medium
umbrella@medium,1,150,4,150,p0.001,6,medium
umbrella@small,1,25,0,150,p0.001,6,small
umbrella@small,1,50,0,150,p0.001,6,small
umbrella@small,1,100,0,150,p0.001,6,small
umbrella@small,1,150,0,150,p0.001,6,small
vase or potted plant@large,1,25,6,10,p0.001,6,large
vase or potted plant@large,1,50,6,10,p0.001,6,large
vase or potted plant@large,1,100,6,10,p0.001,6,large
vase or potted plant@large,1,150,6,10,p0.001,6,large
vase or potted plant@medium,1,25,1,150,p0.001,6,medium
vase or potted plant@medium,1,50,1,150,p0.001,6,medium
vase or potted plant@medium,1,100,3,150,p0.001,6,medium
vase or potted plant@medium,1,150,3,150,p0.001,6,medium
vase or potted plant@small,1,25,0,150,p0.001,6,small
vase or potted plant@small,1,50,0,150,p0.001,6,small
vase or potted plant@small,1,100,0,150,p0.001,6,small
vase or potted plant@small,1,150,0,150,p0.001,6,small
airplane@large,2,25,6,10,p0.001,6,large
airplane@large,2,50,6,10,p0.001,6,large
airplane@large,2,100,6,10,p0.001,6,large
airplane@large,2,150,6,10,p0.001,6,large
airplane@medium,2,25,6,10,p0.001,6,medium
airplane@medium,2,50,6,10,p0.001,6,medium
airplane@medium,2,100,6,10,p0.001,6,medium
airplane@medium,2,150,6,10,p0.001,6,medium
airplane@small,2,25,6,20,p0.001,6,small
airplane@small,2,50,6,20,p0.001,6,small
airplane@small,2,100,6,20,p0.001,6,small
airplane@small,2,150,6,20,p0.001,6,small
apple@large,2,25,6,10,p0.001,6,large
apple@large,2,50,6,10,p0.001,6,large
apple@large,2,100,6,10,p0.001,6,large
apple@large,2,150,7,10,p0.001,6,large
apple@medium,2,25,3,67,p0.001,6,medium
apple@medium,2,50,5,67,p0.001,6,medium
apple@medium,2,100,6,67,p0.001,6,medium
apple@medium,2,150,6,67,p0.001,6,medium
bag or luggage@large,2,25,6,10,p0.001,6,large
bag or luggage@large,2,50,6,10,p0.001,6,large
bag or luggage@large,2,100,6,10,p0.001,6,large
bag or luggage@large,2,150,6,10,p0.001,6,large
bag or luggage@medium,2,25,4,150,p0.001,6,medium
bag or luggage@medium,2,50,4,150,p0.001,6,medium
bag or luggage@medium,2,100,4,150,p0.001,6,medium
bag or luggage@medium,2,150,4,150,p0.001,6,medium
bag or luggage@small,2,25,0,150,p0.001,6,small
bag or luggage@small,2,50,1,150,p0.001,6,small
bag or luggage@small,2,100,1,150,p0.001,6,small
bag or luggage@small,2,150,1,150,p0.001,6,small
banana@large,2,25,7,10,p0.001,6,large
banana@large,2,50,7,10,p0.001,6,large
banana@large,2,100,7,10,p0.001,6,large
banana@large,2,150,7,10,p0.001,6,large
banana@medium,2,25,6,10,p0.001,6,medium
banana@medium,2,50,6,10,p0.001,6,medium
banana@medium,2,100,6,10,p0.001,6,medium
banana@medium,2,150,6,10,p0.001,6,medium
baseball bat@large,2,25,6,10,p0.001,6,large
baseball bat@large,2,50,6,10,p0.001,6,large
baseball bat@large,2,100,6,10,p0.001,6,large
baseball bat@large,2,150,6,10,p0.001,6,large
baseball bat@medium,2,25,6,10,p0.001,6,medium
baseball bat@medium,2,50,6,10,p0.001,6,medium
baseball bat@medium,2,100,6,10,p0.001,6,medium
baseball bat@medium,2,150,6,10,p0.001,6,medium
baseball bat@small,2,25,6,10,p0.001,6,small
baseball bat@small,2,50,6,10,p0.001,6,small
baseball bat@small,2,100,6,10,p0.001,6,small
baseball bat@small,2,150,6,10,p0.001,6,small
bench@large,2,25,4,142,p0.001,6,large
bench@large,2,50,5,142,p0.001,6,large
bench@large,2,100,5,142,p0.001,6,large
bench@large,2,150,6,142,p0.001,6,large
bench@medium,2,25,4,72,p0.001,6,medium
bench@medium,2,50,5,72,p0.001,6,medium
bench@medium,2,100,6,72,p0.001,6,medium
bench@medium,2,150,6,72,p0.001,6,medium
bench@small,2,25,0,150,p0.001,6,small
bench@small,2,50,0,150,p0.001,6,small
bench@small,2,100,0,150,p0.001,6,small
bench@small,2,150,0,150,p0.001,6,small
bicycle@large,2,25,6,10,p0.001,6,large
bicycle@large,2,50,6,10,p0.001,6,large
bicycle@large,2,100,6,10,p0.001,6,large
bicycle@large,2,150,6,10,p0.001,6,large
bicycle@medium,2,25,4,142,p0.001,6,medium
bicycle@medium,2,50,4,142,p0.001,6,medium
bicycle@medium,2,100,5,142,p0.001,6,medium
bicycle@medium,2,150,6,142,p0.001,6,medium
bicycle@small,2,25,0,150,p0.001,6,small
bicycle@small,2,50,0,150,p0.001,6,small
bicycle@small,2,100,1,150,p0.001,6,small
bicycle@small,2,150,2,150,p0.001,6,small
bird@large,2,25,6,12,p0.001,6,large
bird@large,2,50,6,12,p0.001,6,large
bird@large,2,100,6,12,p0.001,6,large
bird@large,2,150,6,12,p0.001,6,large
bird@medium,2,25,6,18,p0.001,6,medium
bird@medium,2,50,6,18,p0.001,6,medium
bird@medium,2,100,6,18,p0.001,6,medium
bird@medium,2,150,6,18,p0.001,6,medium
bird@small,2,25,0,150,p0.001,6,small
bird@small,2,50,0,150,p0.001,6,small
bird@small,2,100,0,150,p0.001,6,small
bird@small,2,150,0,150,p0.001,6,small
boat@large,2,25,8,10,p0.001,6,large
boat@large,2,50,8,10,p0.001,6,large
boat@large,2,100,8,10,p0.001,6,large
boat@large,2,150,8,10,p0.001,6,large
boat@medium,2,25,6,14,p0.001,6,medium
boat@medium,2,50,6,14,p0.001,6,medium
boat@medium,2,100,6,14,p0.001,6,medium
boat@medium,2,150,6,14,p0.001,6,medium
boat@small,2,25,2,150,p0.001,6,small
boat@small,2,50,3,150,p0.001,6,small
boat@small,2,100,3,150,p0.001,6,small
boat@small,2,150,3,150,p0.001,6,small
book@large,2,25,5,130,p0.001,6,large
book@large,2,50,5,130,p0.001,6,large
book@large,2,100,5,130,p0.001,6,large
book@large,2,150,6,130,p0.001,6,large
book@medium,2,25,0,150,p0.001,6,medium
book@medium,2,50,0,150,p0.001,6,medium
book@medium,2,100,0,150,p0.001,6,medium
book@medium,2,150,0,150,p0.001,6,medium
book@small,2,25,0,150,p0.001,6,small
book@small,2,50,0,150,p0.001,6,small
book@small,2,100,0,150,p0.001,6,small
book@small,2,150,0,150,p0.001,6,small
bottle@large,2,25,4,150,p0.001,6,large
bottle@large,2,50,5,150,p0.001,6,large
bottle@large,2,100,5,150,p0.001,6,large
bottle@large,2,150,5,150,p0.001,6,large
bottle@medium,2,25,0,150,p0.001,6,medium
bottle@medium,2,50,0,150,p0.001,6,medium
bottle@medium,2,100,0,150,p0.001,6,medium
bottle@medium,2,150,0,150,p0.001,6,medium
bottle@small,2,25,1,150,p0.001,6,small
bottle@small,2,50,1,150,p0.001,6,small
bottle@small,2,100,1,150,p0.001,6,small
bottle@small,2,150,1,150,p0.001,6,small
bowl@large,2,25,0,150,p0.001,6,large
bowl@large,2,50,0,150,p0.001,6,large
bowl@large,2,100,1,150,p0.001,6,large
bowl@large,2,150,1,150,p0.001,6,large
bowl@medium,2,25,1,150,p0.001,6,medium
bowl@medium,2,50,1,150,p0.001,6,medium
bowl@medium,2,100,2,150,p0.001,6,medium
bowl@medium,2,150,3,150,p0.001,6,medium
bowl@small,2,25,0,150,p0.001,6,small
bowl@small,2,50,0,150,p0.001,6,small
bowl@small,2,100,0,150,p0.001,6,small
bowl@small,2,150,0,150,p0.001,6,small
bus@large,2,25,6,14,p0.001,6,large
bus@large,2,50,6,14,p0.001,6,large
bus@large,2,100,6,14,p0.001,6,large
bus@large,2,150,6,14,p0.001,6,large
bus@medium,2,25,4,150,p0.001,6,medium
bus@medium,2,50,4,150,p0.001,6,medium
bus@medium,2,100,4,150,p0.001,6,medium
bus@medium,2,150,5,150,p0.001,6,medium
bus@small,2,25,0,150,p0.001,6,small
bus@small,2,50,0,150,p0.001,6,small
bus@small,2,100,0,150,p0.001,6,small
bus@small,2,150,0,150,p0.001,6,small
cell phone@large,2,25,6,10,p0.001,6,large
cell phone@large,2,50,6,10,p0.001,6,large
cell phone@large,2,100,6,10,p0.001,6,large
cell phone@large,2,150,6,10,p0.001,6,large
cell phone@medium,2,25,4,38,p0.001,6,medium
cell phone@medium,2,50,6,38,p0.001,6,medium
cell phone@medium,2,100,6,38,p0.001,6,medium
cell phone@medium,2,150,6,38,p0.001,6,medium
cell phone@small,2,25,1,150,p0.001,6,small
cell phone@small,2,50,1,150,p0.001,6,small
cell phone@small,2,100,1,150,p0.001,6,small
cell phone@small,2,150,1,150,p0.001,6,small
chair@large,2,25,0,150,p0.001,6,large
chair@large,2,50,0,150,p0.001,6,large
chair@large,2,100,1,150,p0.001,6,large
chair@large,2,150,2,150,p0.001,6,large
chair@medium,2,25,0,150,p0.001,6,medium
chair@medium,2,50,0,150,p0.001,6,medium
chair@medium,2,100,0,150,p0.001,6,medium
chair@medium,2,150,0,150,p0.001,6,medium
chair@small,2,25,0,150,p0.001,6,small
chair@small,2,50,0,150,p0.001,6,small
chair@small,2,100,0,150,p0.001,6,small
chair@small,2,150,0,150,p0.001,6,small
clock@large,2,25,6,10,p0.001,6,large
clock@large,2,50,6,10,p0.001,6,large
clock@large,2,100,6,10,p0.001,6,large
clock@large,2,150,6,10,p0.001,6,large
clock@medium,2,25,6,10,p0.001,6,medium
clock@medium,2,50,6,10,p0.001,6,medium
clock@medium,2,100,6,10,p0.001,6,medium
clock@medium,2,150,6,10,p0.001,6,medium
clock@small,2,25,1,150,p0.001,6,small
clock@small,2,50,1,150,p0.001,6,small
clock@small,2,100,1,150,p0.001,6,small
clock@small,2,150,1,150,p0.001,6,small
dining table@large,2,25,0,150,p0.001,6,large
dining table@large,2,50,0,150,p0.001,6,large
dining table@large,2,100,1,150,p0.001,6,large
dining table@large,2,150,2,150,p0.001,6,large
dining table@medium,2,25,2,150,p0.001,6,medium
dining table@medium,2,50,2,150,p0.001,6,medium
dining table@medium,2,100,3,150,p0.001,6,medium
dining table@medium,2,150,4,150,p0.001,6,medium
dining table@small,2,25,0,150,p0.001,6,small
dining table@small,2,50,1,150,p0.001,6,small
dining table@small,2,100,2,150,p0.001,6,small
dining table@small,2,150,2,150,p0.001,6,small
dog@large,2,25,8,20,p0.001,6,large
dog@large,2,50,9,20,p0.001,6,large
dog@large,2,100,9,20,p0.001,6,large
dog@large,2,150,9,20,p0.001,6,large
dog@medium,2,25,1,150,p0.001,6,medium
dog@medium,2,50,2,150,p0.001,6,medium
dog@medium,2,100,3,150,p0.001,6,medium
dog@medium,2,150,4,150,p0.001,6,medium
dog@small,2,25,0,150,p0.001,6,small
dog@small,2,50,1,150,p0.001,6,small
dog@small,2,100,1,150,p0.001,6,small
dog@small,2,150,1,150,p0.001,6,small
enclosed road vehicle@large,2,25,5,38,p0.001,6,large
enclosed road vehicle@large,2,50,6,38,p0.001,6,large
enclosed road vehicle@large,2,100,6,38,p0.001,6,large
enclosed road vehicle@large,2,150,6,38,p0.001,6,large
enclosed road vehicle@medium,2,25,0,150,p0.001,6,medium
enclosed road vehicle@medium,2,50,1,150,p0.001,6,medium
enclosed road vehicle@medium,2,100,1,150,p0.001,6,medium
enclosed road vehicle@medium,2,150,2,150,p0.001,6,medium
enclosed road vehicle@small,2,25,0,150,p0.001,6,small
enclosed road vehicle@small,2,50,0,150,p0.001,6,small
enclosed road vehicle@small,2,100,0,150,p0.001,6,small
enclosed road vehicle@small,2,150,0,150,p0.001,6,small
fire hydrant@large,2,25,6,10,p0.001,6,large
fire hydrant@large,2,50,6,10,p0.001,6,large
fire hydrant@large,2,100,6,10,p0.001,6,large
fire hydrant@large,2,150,6,10,p0.001,6,large
fire hydrant@medium,2,25,4,101,p0.001,6,medium
fire hydrant@medium,2,50,4,101,p0.001,6,medium
fire hydrant@medium,2,100,5,101,p0.001,6,medium
fire hydrant@medium,2,150,6,101,p0.001,6,medium
fire hydrant@small,2,25,0,150,p0.001,6,small
fire hydrant@small,2,50,0,150,p0.001,6,small
fire hydrant@small,2,100,1,150,p0.001,6,small
fire hydrant@small,2,150,1,150,p0.001,6,small
fork@large,2,25,3,119,p0.001,6,large
fork@large,2,50,4,119,p0.001,6,large
fork@large,2,100,5,119,p0.001,6,large
fork@large,2,150,6,119,p0.001,6,large
fork@medium,2,25,3,54,p0.001,6,medium
fork@medium,2,50,5,54,p0.001,6,medium
fork@medium,2,100,6,54,p0.001,6,medium
fork@medium,2,150,6,54,p0.001,6,medium
fork@small,2,25,1,150,p0.001,6,small
fork@small,2,50,1,150,p0.001,6,small
fork@small,2,100,1,150,p0.001,6,small
fork@small,2,150,2,150,p0.001,6,small
frisbee@large,2,25,6,10,p0.001,6,large
frisbee@large,2,50,6,10,p0.001,6,large
frisbee@large,2,100,6,10,p0.001,6,large
frisbee@large,2,150,6,10,p0.001,6,large
frisbee@medium,2,25,6,10,p0.001,6,medium
frisbee@medium,2,50,6,10,p0.001,6,medium
frisbee@medium,2,100,6,10,p0.001,6,medium
frisbee@medium,2,150,6,10,p0.001,6,medium
frisbee@small,2,25,7,10,p0.001,6,small
frisbee@small,2,50,7,10,p0.001,6,small
frisbee@small,2,100,7,10,p0.001,6,small
frisbee@small,2,150,7,10,p0.001,6,small
keyboard@large,2,25,5,50,p0.001,6,large
keyboard@large,2,50,6,50,p0.001,6,large
keyboard@large,2,100,6,50,p0.001,6,large
keyboard@large,2,150,6,50,p0.001,6,large
keyboard@medium,2,25,0,89,p0.001,6,medium
keyboard@medium,2,50,2,89,p0.001,6,medium
keyboard@medium,2,100,6,89,p0.001,6,medium
keyboard@medium,2,150,6,89,p0.001,6,medium
keyboard@small,2,25,0,150,p0.001,6,small
keyboard@small,2,50,0,150,p0.001,6,small
keyboard@small,2,100,0,150,p0.001,6,small
keyboard@small,2,150,0,150,p0.001,6,small
kite@large,2,25,6,10,p0.001,6,large
kite@large,2,50,6,10,p0.001,6,large
kite@large,2,100,6,10,p0.001,6,large
kite@large,2,150,6,10,p0.001,6,large
kite@medium,2,25,6,10,p0.001,6,medium
kite@medium,2,50,6,10,p0.001,6,medium
kite@medium,2,100,6,10,p0.001,6,medium
kite@medium,2,150,6,10,p0.001,6,medium
kite@small,2,25,6,18,p0.001,6,small
kite@small,2,50,6,18,p0.001,6,small
kite@small,2,100,6,18,p0.001,6,small
kite@small,2,150,6,18,p0.001,6,small
knife@large,2,25,2,150,p0.001,6,large
knife@large,2,50,2,150,p0.001,6,large
knife@large,2,100,4,150,p0.001,6,large
knife@large,2,150,4,150,p0.001,6,large
knife@medium,2,25,1,150,p0.001,6,medium
knife@medium,2,50,1,150,p0.001,6,medium
knife@medium,2,100,1,150,p0.001,6,medium
knife@medium,2,150,1,150,p0.001,6,medium
knife@small,2,25,0,150,p0.001,6,small
knife@small,2,50,0,150,p0.001,6,small
knife@small,2,100,0,150,p0.001,6,small
knife@small,2,150,0,150,p0.001,6,small
laptop@large,2,25,3,50,p0.001,6,large
laptop@large,2,50,6,50,p0.001,6,large
laptop@large,2,100,6,50,p0.001,6,large
laptop@large,2,150,6,50,p0.001,6,large
laptop@medium,2,25,0,150,p0.001,6,medium
laptop@medium,2,50,0,150,p0.001,6,medium
laptop@medium,2,100,3,150,p0.001,6,medium
laptop@medium,2,150,5,150,p0.001,6,medium
laptop@small,2,25,0,150,p0.001,6,small
laptop@small,2,50,0,150,p0.001,6,small
laptop@small,2,100,0,150,p0.001,6,small
laptop@small,2,150,0,150,p0.001,6,small
microwave@large,2,25,4,59,p0.001,6,large
microwave@large,2,50,5,59,p0.001,6,large
microwave@large,2,100,6,59,p0.001,6,large
microwave@large,2,150,6,59,p0.001,6,large
microwave@medium,2,25,1,150,p0.001,6,medium
microwave@medium,2,50,1,150,p0.001,6,medium
microwave@medium,2,100,2,150,p0.001,6,medium
microwave@medium,2,150,2,150,p0.001,6,medium
microwave@small,2,25,0,150,p0.001,6,small
microwave@small,2,50,0,150,p0.001,6,small
microwave@small,2,100,0,150,p0.001,6,small
microwave@small,2,150,0,150,p0.001,6,small
motorcycle@large,2,25,4,150,p0.001,6,large
motorcycle@large,2,50,4,150,p0.001,6,large
motorcycle@large,2,100,4,150,p0.001,6,large
motorcycle@large,2,150,5,150,p0.001,6,large
motorcycle@medium,2,25,4,67,p0.001,6,medium
motorcycle@medium,2,50,5,67,p0.001,6,medium
motorcycle@medium,2,100,6,67,p0.001,6,medium
motorcycle@medium,2,150,6,67,p0.001,6,medium
motorcycle@small,2,25,0,150,p0.001,6,small
motorcycle@small,2,50,0,150,p0.001,6,small
motorcycle@small,2,100,0,150,p0.001,6,small
motorcycle@small,2,150,1,150,p0.001,6,small
mouse@large,2,25,6,10,p0.001,6,large
mouse@large,2,50,6,10,p0.001,6,large
mouse@large,2,100,6,10,p0.001,6,large
mouse@large,2,150,6,10,p0.001,6,large
mouse@medium,2,25,5,41,p0.001,6,medium
mouse@medium,2,50,6,41,p0.001,6,medium
mouse@medium,2,100,6,41,p0.001,6,medium
mouse@medium,2,150,6,41,p0.001,6,medium
mouse@small,2,25,0,150,p0.001,6,small
mouse@small,2,50,1,150,p0.001,6,small
mouse@small,2,100,3,150,p0.001,6,small
mouse@small,2,150,3,150,p0.001,6,small
orange@large,2,25,6,10,p0.001,6,large
orange@large,2,50,6,10,p0.001,6,large
orange@large,2,100,6,10,p0.001,6,large
orange@large,2,150,6,10,p0.001,6,large
orange@medium,2,25,6,20,p0.001,6,medium
orange@medium,2,50,6,20,p0.001,6,medium
orange@medium,2,100,6,20,p0.001,6,medium
orange@medium,2,150,6,20,p0.001,6,medium
parking meter@large,2,25,6,10,p0.001,6,large
parking meter@large,2,50,6,10,p0.001,6,large
parking meter@large,2,100,6,10,p0.001,6,large
parking meter@large,2,150,6,10,p0.001,6,large
parking meter@medium,2,25,4,55,p0.001,6,medium
parking meter@medium,2,50,5,55,p0.001,6,medium
parking meter@medium,2,100,9,55,p0.001,6,medium
parking meter@medium,2,150,9,55,p0.001,6,medium
parking meter@small,2,25,0,150,p0.001,6,small
parking meter@small,2,50,0,150,p0.001,6,small
parking meter@small,2,100,0,150,p0.001,6,small
parking meter@small,2,150,0,150,p0.001,6,small
person@large,2,25,2,150,p0.001,6,large
person@large,2,50,4,150,p0.001,6,large
person@large,2,100,5,150,p0.001,6,large
person@large,2,150,5,150,p0.001,6,large
person@medium,2,25,0,150,p0.001,6,medium
person@medium,2,50,1,150,p0.001,6,medium
person@medium,2,100,1,150,p0.001,6,medium
person@medium,2,150,1,150,p0.001,6,medium
person@small,2,25,0,150,p0.001,6,small
person@small,2,50,0,150,p0.001,6,small
person@small,2,100,0,150,p0.001,6,small
person@small,2,150,0,150,p0.001,6,small
remote@large,2,25,7,16,p0.001,6,large
remote@large,2,50,7,16,p0.001,6,large
remote@large,2,100,7,16,p0.001,6,large
remote@large,2,150,7,16,p0.001,6,large
remote@medium,2,25,3,150,p0.001,6,medium
remote@medium,2,50,5,150,p0.001,6,medium
remote@medium,2,100,5,150,p0.001,6,medium
remote@medium,2,150,5,150,p0.001,6,medium
remote@small,2,25,0,150,p0.001,6,small
remote@small,2,50,0,150,p0.001,6,small
remote@small,2,100,0,150,p0.001,6,small
remote@small,2,150,0,150,p0.001,6,small
scissors@large,2,25,6,10,p0.001,6,large
scissors@large,2,50,6,10,p0.001,6,large
scissors@large,2,100,6,10,p0.001,6,large
scissors@large,2,150,6,10,p0.001,6,large
scissors@medium,2,25,3,68,p0.001,6,medium
scissors@medium,2,50,5,68,p0.001,6,medium
scissors@medium,2,100,6,68,p0.001,6,medium
scissors@medium,2,150,6,68,p0.001,6,medium
scissors@small,2,25,0,150,p0.001,6,small
scissors@small,2,50,1,150,p0.001,6,small
scissors@small,2,100,2,150,p0.001,6,small
scissors@small,2,150,2,150,p0.001,6,small
single serving drinking vessel@large,2,25,0,150,p0.001,6,large
single serving drinking vessel@large,2,50,0,150,p0.001,6,large
single serving drinking vessel@large,2,100,0,150,p0.001,6,large
single serving drinking vessel@large,2,150,0,150,p0.001,6,large
single serving drinking vessel@medium,2,25,0,150,p0.001,6,medium
single serving drinking vessel@medium,2,50,1,150,p0.001,6,medium
single serving drinking vessel@medium,2,100,2,150,p0.001,6,medium
single serving drinking vessel@medium,2,150,2,150,p0.001,6,medium
single serving drinking vessel@small,2,25,1,150,p0.001,6,small
single serving drinking vessel@small,2,50,1,150,p0.001,6,small
single serving drinking vessel@small,2,100,2,150,p0.001,6,small
single serving drinking vessel@small,2,150,2,150,p0.001,6,small
sink@large,2,25,4,93,p0.001,6,large
sink@large,2,50,5,93,p0.001,6,large
sink@large,2,100,6,93,p0.001,6,large
sink@large,2,150,6,93,p0.001,6,large
sink@medium,2,25,2,97,p0.001,6,medium
sink@medium,2,50,2,97,p0.001,6,medium
sink@medium,2,100,6,97,p0.001,6,medium
sink@medium,2,150,6,97,p0.001,6,medium
sink@small,2,25,0,150,p0.001,6,small
sink@small,2,50,0,150,p0.001,6,small
sink@small,2,100,1,150,p0.001,6,small
sink@small,2,150,2,150,p0.001,6,small
skateboard@large,2,25,6,10,p0.001,6,large
skateboard@large,2,50,6,10,p0.001,6,large
skateboard@large,2,100,6,10,p0.001,6,large
skateboard@large,2,150,6,10,p0.001,6,large
skateboard@medium,2,25,3,150,p0.001,6,medium
skateboard@medium,2,50,3,150,p0.001,6,medium
skateboard@medium,2,100,3,150,p0.001,6,medium
skateboard@medium,2,150,3,150,p0.001,6,medium
skateboard@small,2,25,6,22,p0.001,6,small
skateboard@small,2,50,6,22,p0.001,6,small
skateboard@small,2,100,6,22,p0.001,6,small
skateboard@small,2,150,6,22,p0.001,6,small
skis@large,2,25,7,15,p0.001,6,large
skis@large,2,50,7,15,p0.001,6,large
skis@large,2,100,7,15,p0.001,6,large
skis@large,2,150,7,15,p0.001,6,large
skis@medium,2,25,6,16,p0.001,6,medium
skis@medium,2,50,6,16,p0.001,6,medium
skis@medium,2,100,6,16,p0.001,6,medium
skis@medium,2,150,9,16,p0.001,6,medium
skis@small,2,25,4,44,p0.001,6,small
skis@small,2,50,6,44,p0.001,6,small
skis@small,2,100,6,44,p0.001,6,small
skis@small,2,150,6,44,p0.001,6,small
snowboard@large,2,25,6,10,p0.001,6,large
snowboard@large,2,50,6,10,p0.001,6,large
snowboard@large,2,100,6,10,p0.001,6,large
snowboard@large,2,150,7,10,p0.001,6,large
snowboard@medium,2,25,6,11,p0.001,6,medium
snowboard@medium,2,50,6,11,p0.001,6,medium
snowboard@medium,2,100,6,11,p0.001,6,medium
snowboard@medium,2,150,7,11,p0.001,6,medium
snowboard@small,2,25,6,20,p0.001,6,small
snowboard@small,2,50,6,20,p0.001,6,small
snowboard@small,2,100,6,20,p0.001,6,small
snowboard@small,2,150,9,20,p0.001,6,small
spoon@large,2,25,1,150,p0.001,6,large
spoon@large,2,50,1,150,p0.001,6,large
spoon@large,2,100,4,150,p0.001,6,large
spoon@large,2,150,4,150,p0.001,6,large
spoon@medium,2,25,0,150,p0.001,6,medium
spoon@medium,2,50,0,150,p0.001,6,medium
spoon@medium,2,100,2,150,p0.001,6,medium
spoon@medium,2,150,2,150,p0.001,6,medium
spoon@small,2,25,0,150,p0.001,6,small
spoon@small,2,50,0,150,p0.001,6,small
spoon@small,2,100,0,150,p0.001,6,small
spoon@small,2,150,0,150,p0.001,6,small
stop sign@large,2,25,6,10,p0.001,6,large
stop sign@large,2,50,6,10,p0.001,6,large
stop sign@large,2,100,6,10,p0.001,6,large
stop sign@large,2,150,6,10,p0.001,6,large
stop sign@medium,2,25,6,10,p0.001,6,medium
stop sign@medium,2,50,6,10,p0.001,6,medium
stop sign@medium,2,100,6,10,p0.001,6,medium
stop sign@medium,2,150,6,10,p0.001,6,medium
stop sign@small,2,25,0,150,p0.001,6,small
stop sign@small,2,50,0,150,p0.001,6,small
stop sign@small,2,100,0,150,p0.001,6,small
stop sign@small,2,150,1,150,p0.001,6,small
surfboard@large,2,25,6,10,p0.001,6,large
surfboard@large,2,50,6,10,p0.001,6,large
surfboard@large,2,100,6,10,p0.001,6,large
surfboard@large,2,150,6,10,p0.001,6,large
surfboard@medium,2,25,6,10,p0.001,6,medium
surfboard@medium,2,50,6,10,p0.001,6,medium
surfboard@medium,2,100,6,10,p0.001,6,medium
surfboard@medium,2,150,6,10,p0.001,6,medium
surfboard@small,2,25,6,10,p0.001,6,small
surfboard@small,2,50,6,10,p0.001,6,small
surfboard@small,2,100,6,10,p0.001,6,small
surfboard@small,2,150,6,10,p0.001,6,small
tennis racket@large,2,25,6,10,p0.001,6,large
tennis racket@large,2,50,6,10,p0.001,6,large
tennis racket@large,2,100,6,10,p0.001,6,large
tennis racket@large,2,150,6,10,p0.001,6,large
tennis racket@medium,2,25,6,10,p0.001,6,medium
tennis racket@medium,2,50,6,10,p0.001,6,medium
tennis racket@medium,2,100,6,10,p0.001,6,medium
tennis racket@medium,2,150,6,10,p0.001,6,medium
tennis racket@small,2,25,6,10,p0.001,6,small
tennis racket@small,2,50,6,10,p0.001,6,small
tennis racket@small,2,100,6,10,p0.001,6,small
tennis racket@small,2,150,6,10,p0.001,6,small
tie@large,2,25,6,14,p0.001,6,large
tie@large,2,50,6,14,p0.001,6,large
tie@large,2,100,6,14,p0.001,6,large
tie@large,2,150,6,14,p0.001,6,large
tie@medium,2,25,4,87,p0.001,6,medium
tie@medium,2,50,5,87,p0.001,6,medium
tie@medium,2,100,6,87,p0.001,6,medium
tie@medium,2,150,6,87,p0.001,6,medium
tie@small,2,25,1,150,p0.001,6,small
tie@small,2,50,1,150,p0.001,6,small
tie@small,2,100,3,150,p0.001,6,small
tie@small,2,150,3,150,p0.001,6,small
toothbrush@large,2,25,6,10,p0.001,6,large
toothbrush@large,2,50,6,10,p0.001,6,large
toothbrush@large,2,100,6,10,p0.001,6,large
toothbrush@large,2,150,6,10,p0.001,6,large
toothbrush@medium,2,25,6,10,p0.001,6,medium
toothbrush@medium,2,50,6,10,p0.001,6,medium
toothbrush@medium,2,100,6,10,p0.001,6,medium
toothbrush@medium,2,150,6,10,p0.001,6,medium
toothbrush@small,2,25,1,150,p0.001,6,small
toothbrush@small,2,50,1,150,p0.001,6,small
toothbrush@small,2,100,1,150,p0.001,6,small
toothbrush@small,2,150,2,150,p0.001,6,small
traffic light@large,2,25,6,11,p0.001,6,large
traffic light@large,2,50,6,11,p0.001,6,large
traffic light@large,2,100,6,11,p0.001,6,large
traffic light@large,2,150,6,11,p0.001,6,large
traffic light@medium,2,25,4,93,p0.001,6,medium
traffic light@medium,2,50,5,93,p0.001,6,medium
traffic light@medium,2,100,6,93,p0.001,6,medium
traffic light@medium,2,150,6,93,p0.001,6,medium
traffic light@small,2,25,4,59,p0.001,6,small
traffic light@small,2,50,5,59,p0.001,6,small
traffic light@small,2,100,6,59,p0.001,6,small
traffic light@small,2,150,6,59,p0.001,6,small
tv@large,2,25,1,150,p0.001,6,large
tv@large,2,50,4,150,p0.001,6,large
tv@large,2,100,4,150,p0.001,6,large
tv@large,2,150,4,150,p0.001,6,large
tv@medium,2,25,3,150,p0.001,6,medium
tv@medium,2,50,3,150,p0.001,6,medium
tv@medium,2,100,4,150,p0.001,6,medium
tv@medium,2,150,5,150,p0.001,6,medium
tv@small,2,25,0,150,p0.001,6,small
tv@small,2,50,0,150,p0.001,6,small
tv@small,2,100,0,150,p0.001,6,small
tv@small,2,150,0,150,p0.001,6,small
umbrella@large,2,25,6,10,p0.001,6,large
umbrella@large,2,50,6,10,p0.001,6,large
umbrella@large,2,100,6,10,p0.001,6,large
umbrella@large,2,150,6,10,p0.001,6,large
umbrella@medium,2,25,5,68,p0.001,6,medium
umbrella@medium,2,50,5,68,p0.001,6,medium
umbrella@medium,2,100,6,68,p0.001,6,medium
umbrella@medium,2,150,7,68,p0.001,6,medium
umbrella@small,2,25,0,150,p0.001,6,small
umbrella@small,2,50,2,150,p0.001,6,small
umbrella@small,2,100,2,150,p0.001,6,small
umbrella@small,2,150,4,150,p0.001,6,small
vase or potted plant@large,2,25,6,10,p0.001,6,large
vase or potted plant@large,2,50,6,10,p0.001,6,large
vase or potted plant@large,2,100,6,10,p0.001,6,large
vase or potted plant@large,2,150,6,10,p0.001,6,large
vase or potted plant@medium,2,25,1,150,p0.001,6,medium
vase or potted plant@medium,2,50,1,150,p0.001,6,medium
vase or potted plant@medium,2,100,2,150,p0.001,6,medium
vase or potted plant@medium,2,150,2,150,p0.001,6,medium
vase or potted plant@small,2,25,0,150,p0.001,6,small
vase or potted plant@small,2,50,0,150,p0.001,6,small
vase or potted plant@small,2,100,1,150,p0.001,6,small
vase or potted plant@small,2,150,1,150,p0.001,6,small
airplane@large,3,25,6,10,p0.001,6,large
airplane@large,3,50,6,10,p0.001,6,large
airplane@large,3,100,6,10,p0.001,6,large
airplane@large,3,150,6,10,p0.001,6,large
airplane@medium,3,25,6,10,p0.001,6,medium
airplane@medium,3,50,6,10,p0.001,6,medium
airplane@medium,3,100,6,10,p0.001,6,medium
airplane@medium,3,150,6,10,p0.001,6,medium
airplane@small,3,25,7,10,p0.001,6,small
airplane@small,3,50,7,10,p0.001,6,small
airplane@small,3,100,7,10,p0.001,6,small
airplane@small,3,150,7,10,p0.001,6,small
apple@large,3,25,6,10,p0.001,6,large
apple@large,3,50,6,10,p0.001,6,large
apple@large,3,100,6,10,p0.001,6,large
apple@large,3,150,6,10,p0.001,6,large
apple@medium,3,25,2,150,p0.001,6,medium
apple@medium,3,50,2,150,p0.001,6,medium
apple@medium,3,100,2,150,p0.001,6,medium
apple@medium,3,150,5,150,p0.001,6,medium
bag or luggage@large,3,25,6,10,p0.001,6,large
bag or luggage@large,3,50,6,10,p0.001,6,large
bag or luggage@large,3,100,6,10,p0.001,6,large
bag or luggage@large,3,150,7,10,p0.001,6,large
bag or luggage@medium,3,25,0,150,p0.001,6,medium
bag or luggage@medium,3,50,0,150,p0.001,6,medium
bag or luggage@medium,3,100,1,150,p0.001,6,medium
bag or luggage@medium,3,150,1,150,p0.001,6,medium
bag or luggage@small,3,25,0,150,p0.001,6,small
bag or luggage@small,3,50,1,150,p0.001,6,small
bag or luggage@small,3,100,1,150,p0.001,6,small
bag or luggage@small,3,150,1,150,p0.001,6,small
banana@large,3,25,7,10,p0.001,6,large
banana@large,3,50,7,10,p0.001,6,large
banana@large,3,100,7,10,p0.001,6,large
banana@large,3,150,7,10,p0.001,6,large
banana@medium,3,25,5,51,p0.001,6,medium
banana@medium,3,50,5,51,p0.001,6,medium
banana@medium,3,100,6,51,p0.001,6,medium
banana@medium,3,150,6,51,p0.001,6,medium
baseball bat@large,3,25,6,10,p0.001,6,large
baseball bat@large,3,50,6,10,p0.001,6,large
baseball bat@large,3,100,6,10,p0.001,6,large
baseball bat@large,3,150,6,10,p0.001,6,large
baseball bat@medium,3,25,6,10,p0.001,6,medium
baseball bat@medium,3,50,6,10,p0.001,6,medium
baseball bat@medium,3,100,6,10,p0.001,6,medium
baseball bat@medium,3,150,6,10,p0.001,6,medium
baseball bat@small,3,25,6,11,p0.001,6,small
baseball bat@small,3,50,6,11,p0.001,6,small
baseball bat@small,3,100,6,11,p0.001,6,small
baseball bat@small,3,150,10,11,p0.001,6,small
bench@large,3,25,6,11,p0.001,6,large
bench@large,3,50,6,11,p0.001,6,large
bench@large,3,100,6,11,p0.001,6,large
bench@large,3,150,7,11,p0.001,6,large
bench@medium,3,25,1,150,p0.001,6,medium
bench@medium,3,50,1,150,p0.001,6,medium
bench@medium,3,100,2,150,p0.001,6,medium
bench@medium,3,150,2,150,p0.001,6,medium
bench@small,3,25,1,150,p0.001,6,small
bench@small,3,50,1,150,p0.001,6,small
bench@small,3,100,1,150,p0.001,6,small
bench@small,3,150,1,150,p0.001,6,small
bicycle@large,3,25,6,13,p0.001,6,large
bicycle@large,3,50,6,13,p0.001,6,large
bicycle@large,3,100,6,13,p0.001,6,large
bicycle@large,3,150,6,13,p0.001,6,large
bicycle@medium,3,25,2,150,p0.001,6,medium
bicycle@medium,3,50,2,150,p0.001,6,medium
bicycle@medium,3,100,3,150,p0.001,6,medium
bicycle@medium,3,150,3,150,p0.001,6,medium
bicycle@small,3,25,1,150,p0.001,6,small
bicycle@small,3,50,1,150,p0.001,6,small
bicycle@small,3,100,2,150,p0.001,6,small
bicycle@small,3,150,2,150,p0.001,6,small
bird@large,3,25,6,12,p0.001,6,large
bird@large,3,50,6,12,p0.001,6,large
bird@large,3,100,6,12,p0.001,6,large
bird@large,3,150,6,12,p0.001,6,large
bird@medium,3,25,6,15,p0.001,6,medium
bird@medium,3,50,6,15,p0.001,6,medium
bird@medium,3,100,6,15,p0.001,6,medium
bird@medium,3,150,6,15,p0.001,6,medium
bird@small,3,25,3,141,p0.001,6,small
bird@small,3,50,3,141,p0.001,6,small
bird@small,3,100,5,141,p0.001,6,small
bird@small,3,150,6,141,p0.001,6,small
boat@large,3,25,7,10,p0.001,6,large
boat@large,3,50,7,10,p0.001,6,large
boat@large,3,100,7,10,p0.001,6,large
boat@large,3,150,7,10,p0.001,6,large
boat@medium,3,25,6,18,p0.001,6,medium
boat@medium,3,50,6,18,p0.001,6,medium
boat@medium,3,100,6,18,p0.001,6,medium
boat@medium,3,150,6,18,p0.001,6,medium
boat@small,3,25,1,150,p0.001,6,small
boat@small,3,50,2,150,p0.001,6,small
boat@small,3,100,3,150,p0.001,6,small
boat@small,3,150,4,150,p0.001,6,small
book@large,3,25,5,37,p0.001,6,large
book@large,3,50,6,37,p0.001,6,large
book@large,3,100,6,37,p0.001,6,large
book@large,3,150,6,37,p0.001,6,large
book@medium,3,25,1,150,p0.001,6,medium
book@medium,3,50,1,150,p0.001,6,medium
book@medium,3,100,1,150,p0.001,6,medium
book@medium,3,150,1,150,p0.001,6,medium
book@small,3,25,1,150,p0.001,6,small
book@small,3,50,1,150,p0.001,6,small
book@small,3,100,1,150,p0.001,6,small
book@small,3,150,2,150,p0.001,6,small
bottle@large,3,25,5,28,p0.001,6,large
bottle@large,3,50,6,28,p0.001,6,large
bottle@large,3,100,6,28,p0.001,6,large
bottle@large,3,150,6,28,p0.001,6,large
bottle@medium,3,25,1,150,p0.001,6,medium
bottle@medium,3,50,2,150,p0.001,6,medium
bottle@medium,3,100,2,150,p0.001,6,medium
bottle@medium,3,150,3,150,p0.001,6,medium
bottle@small,3,25,0,150,p0.001,6,small
bottle@small,3,50,0,150,p0.001,6,small
bottle@small,3,100,0,150,p0.001,6,small
bottle@small,3,150,0,150,p0.001,6,small
bowl@large,3,25,1,150,p0.001,6,large
bowl@large,3,50,1,150,p0.001,6,large
bowl@large,3,100,2,150,p0.001,6,large
bowl@large,3,150,2,150,p0.001,6,large
bowl@medium,3,25,0,150,p0.001,6,medium
bowl@medium,3,50,0,150,p0.001,6,medium
bowl@medium,3,100,0,150,p0.001,6,medium
bowl@medium,3,150,0,150,p0.001,6,medium
bowl@small,3,25,0,150,p0.001,6,small
bowl@small,3,50,0,150,p0.001,6,small
bowl@small,3,100,0,150,p0.001,6,small
bowl@small,3,150,0,150,p0.001,6,small
bus@large,3,25,6,12,p0.001,6,large
bus@large,3,50,6,12,p0.001,6,large
bus@large,3,100,6,12,p0.001,6,large
bus@large,3,150,6,12,p0.001,6,large
bus@medium,3,25,2,150,p0.001,6,medium
bus@medium,3,50,2,150,p0.001,6,medium
bus@medium,3,100,4,150,p0.001,6,medium
bus@medium,3,150,4,150,p0.001,6,medium
bus@small,3,25,0,150,p0.001,6,small
bus@small,3,50,0,150,p0.001,6,small
bus@small,3,100,1,150,p0.001,6,small
bus@small,3,150,2,150,p0.001,6,small
cell phone@large,3,25,6,10,p0.001,6,large
cell phone@large,3,50,6,10,p0.001,6,large
cell phone@large,3,100,6,10,p0.001,6,large
cell phone@large,3,150,6,10,p0.001,6,large
cell phone@medium,3,25,4,57,p0.001,6,medium
cell phone@medium,3,50,5,57,p0.001,6,medium
cell phone@medium,3,100,6,57,p0.001,6,medium
cell phone@medium,3,150,6,57,p0.001,6,medium
cell phone@small,3,25,0,150,p0.001,6,small
cell phone@small,3,50,0,150,p0.001,6,small
cell phone@small,3,100,0,150,p0.001,6,small
cell phone@small,3,150,0,150,p0.001,6,small
chair@large,3,25,1,150,p0.001,6,large
chair@large,3,50,3,150,p0.001,6,large
chair@large,3,100,4,150,p0.001,6,large
chair@large,3,150,4,150,p0.001,6,large
chair@medium,3,25,0,150,p0.001,6,medium
chair@medium,3,50,0,150,p0.001,6,medium
chair@medium,3,100,0,150,p0.001,6,medium
chair@medium,3,150,0,150,p0.001,6,medium
chair@small,3,25,0,150,p0.001,6,small
chair@small,3,50,0,150,p0.001,6,small
chair@small,3,100,0,150,p0.001,6,small
chair@small,3,150,0,150,p0.001,6,small
clock@large,3,25,6,10,p0.001,6,large
clock@large,3,50,6,10,p0.001,6,large
clock@large,3,100,6,10,p0.001,6,large
clock@large,3,150,6,10,p0.001,6,large
clock@medium,3,25,6,10,p0.001,6,medium
clock@medium,3,50,6,10,p0.001,6,medium
clock@medium,3,100,6,10,p0.001,6,medium
clock@medium,3,150,6,10,p0.001,6,medium
clock@small,3,25,2,150,p0.001,6,small
clock@small,3,50,2,150,p0.001,6,small
clock@small,3,100,2,150,p0.001,6,small
clock@small,3,150,2,150,p0.001,6,small
dining table@large,3,25,5,37,p0.001,6,large
dining table@large,3,50,6,37,p0.001,6,large
dining table@large,3,100,6,37,p0.001,6,large
dining table@large,3,150,7,37,p0.001,6,large
dining table@medium,3,25,4,150,p0.001,6,medium
dining table@medium,3,50,5,150,p0.001,6,medium
dining table@medium,3,100,5,150,p0.001,6,medium
dining table@medium,3,150,5,150,p0.001,6,medium
dining table@small,3,25,0,150,p0.001,6,small
dining table@small,3,50,0,150,p0.001,6,small
dining table@small,3,100,0,150,p0.001,6,small
dining table@small,3,150,0,150,p0.001,6,small
dog@large,3,25,6,22,p0.001,6,large
dog@large,3,50,6,22,p0.001,6,large
dog@large,3,100,6,22,p0.001,6,large
dog@large,3,150,6,22,p0.001,6,large
dog@medium,3,25,2,150,p0.001,6,medium
dog@medium,3,50,3,150,p0.001,6,medium
dog@medium,3,100,3,150,p0.001,6,medium
dog@medium,3,150,5,150,p0.001,6,medium
dog@small,3,25,0,150,p0.001,6,small
dog@small,3,50,0,150,p0.001,6,small
dog@small,3,100,0,150,p0.001,6,small
dog@small,3,150,1,150,p0.001,6,small
enclosed road vehicle@large,3,25,5,34,p0.001,6,large
enclosed road vehicle@large,3,50,6,34,p0.001,6,large
enclosed road vehicle@large,3,100,6,34,p0.001,6,large
enclosed road vehicle@large,3,150,6,34,p0.001,6,large
enclosed road vehicle@medium,3,25,0,150,p0.001,6,medium
enclosed road vehicle@medium,3,50,2,150,p0.001,6,medium
enclosed road vehicle@medium,3,100,2,150,p0.001,6,medium
enclosed road vehicle@medium,3,150,2,150,p0.001,6,medium
enclosed road vehicle@small,3,25,0,150,p0.001,6,small
enclosed road vehicle@small,3,50,0,150,p0.001,6,small
enclosed road vehicle@small,3,100,0,150,p0.001,6,small
enclosed road vehicle@small,3,150,1,150,p0.001,6,small
fire hydrant@large,3,25,6,10,p0.001,6,large
fire hydrant@large,3,50,6,10,p0.001,6,large
fire hydrant@large,3,100,6,10,p0.001,6,large
fire hydrant@large,3,150,6,10,p0.001,6,large
fire hydrant@medium,3,25,6,10,p0.001,6,medium
fire hydrant@medium,3,50,6,10,p0.001,6,medium
fire hydrant@medium,3,100,6,10,p0.001,6,medium
fire hydrant@medium,3,150,6,10,p0.001,6,medium
fire hydrant@small,3,25,0,150,p0.001,6,small
fire hydrant@small,3,50,0,150,p0.001,6,small
fire hydrant@small,3,100,0,150,p0.001,6,small
fire hydrant@small,3,150,1,150,p0.001,6,small
fork@large,3,25,0,150,p0.001,6,large
fork@large,3,50,0,150,p0.001,6,large
fork@large,3,100,1,150,p0.001,6,large
fork@large,3,150,2,150,p0.001,6,large
fork@medium,3,25,1,150,p0.001,6,medium
fork@medium,3,50,1,150,p0.001,6,medium
fork@medium,3,100,2,150,p0.001,6,medium
fork@medium,3,150,3,150,p0.001,6,medium
fork@small,3,25,1,150,p0.001,6,small
fork@small,3,50,1,150,p0.001,6,small
fork@small,3,100,1,150,p0.001,6,small
fork@small,3,150,2,150,p0.001,6,small
frisbee@large,3,25,6,19,p0.001,6,large
frisbee@large,3,50,6,19,p0.001,6,large
frisbee@large,3,100,6,19,p0.001,6,large
frisbee@large,3,150,6,19,p0.001,6,large
frisbee@medium,3,25,6,10,p0.001,6,medium
frisbee@medium,3,50,6,10,p0.001,6,medium
frisbee@medium,3,100,6,10,p0.001,6,medium
frisbee@medium,3,150,6,10,p0.001,6,medium
frisbee@small,3,25,4,80,p0.001,6,small
frisbee@small,3,50,4,80,p0.001,6,small
frisbee@small,3,100,6,80,p0.001,6,small
frisbee@small,3,150,6,80,p0.001,6,small
keyboard@large,3,25,3,150,p0.001,6,large
keyboard@large,3,50,5,150,p0.001,6,large
keyboard@large,3,100,5,150,p0.001,6,large
keyboard@large,3,150,5,150,p0.001,6,large
keyboard@medium,3,25,2,123,p0.001,6,medium
keyboard@medium,3,50,3,123,p0.001,6,medium
keyboard@medium,3,100,4,123,p0.001,6,medium
keyboard@medium,3,150,6,123,p0.001,6,medium
keyboard@small,3,25,0,150,p0.001,6,small
keyboard@small,3,50,0,150,p0.001,6,small
keyboard@small,3,100,2,150,p0.001,6,small
keyboard@small,3,150,3,150,p0.001,6,small
kite@large,3,25,6,10,p0.001,6,large
kite@large,3,50,6,10,p0.001,6,large
kite@large,3,100,6,10,p0.001,6,large
kite@large,3,150,6,10,p0.001,6,large
kite@medium,3,25,6,10,p0.001,6,medium
kite@medium,3,50,6,10,p0.001,6,medium
kite@medium,3,100,6,10,p0.001,6,medium
kite@medium,3,150,6,10,p0.001,6,medium
kite@small,3,25,6,10,p0.001,6,small
kite@small,3,50,6,10,p0.001,6,small
kite@small,3,100,6,10,p0.001,6,small
kite@small,3,150,6,10,p0.001,6,small
knife@large,3,25,1,150,p0.001,6,large
knife@large,3,50,2,150,p0.001,6,large
knife@large,3,100,3,150,p0.001,6,large
knife@large,3,150,3,150,p0.001,6,large
knife@medium,3,25,1,150,p0.001,6,medium
knife@medium,3,50,1,150,p0.001,6,medium
knife@medium,3,100,1,150,p0.001,6,medium
knife@medium,3,150,1,150,p0.001,6,medium
knife@small,3,25,0,150,p0.001,6,small
knife@small,3,50,0,150,p0.001,6,small
knife@small,3,100,0,150,p0.001,6,small
knife@small,3,150,0,150,p0.001,6,small
laptop@large,3,25,6,10,p0.001,6,large
laptop@large,3,50,6,10,p0.001,6,large
laptop@large,3,100,6,10,p0.001,6,large
laptop@large,3,150,6,10,p0.001,6,large
laptop@medium,3,25,0,130,p0.001,6,medium
laptop@medium,3,50,0,130,p0.001,6,medium
laptop@medium,3,100,2,130,p0.001,6,medium
laptop@medium,3,150,6,130,p0.001,6,medium
laptop@small,3,25,0,150,p0.001,6,small
laptop@small,3,50,0,150,p0.001,6,small
laptop@small,3,100,0,150,p0.001,6,small
laptop@small,3,150,0,150,p0.001,6,small
microwave@large,3,25,6,10,p0.001,6,large
microwave@large,3,50,6,10,p0.001,6,large
microwave@large,3,100,6,10,p0.001,6,large
microwave@large,3,150,6,10,p0.001,6,large
microwave@medium,3,25,1,150,p0.001,6,medium
microwave@medium,3,50,2,150,p0.001,6,medium
microwave@medium,3,100,4,150,p0.001,6,medium
microwave@medium,3,150,4,150,p0.001,6,medium
microwave@small,3,25,0,150,p0.001,6,small
microwave@small,3,50,0,150,p0.001,6,small
microwave@small,3,100,0,150,p0.001,6,small
microwave@small,3,150,1,150,p0.001,6,small
motorcycle@large,3,25,8,10,p0.001,6,large
motorcycle@large,3,50,8,10,p0.001,6,large
motorcycle@large,3,100,8,10,p0.001,6,large
motorcycle@large,3,150,8,10,p0.001,6,large
motorcycle@medium,3,25,4,135,p0.001,6,medium
motorcycle@medium,3,50,5,135,p0.001,6,medium
motorcycle@medium,3,100,5,135,p0.001,6,medium
motorcycle@medium,3,150,6,135,p0.001,6,medium
motorcycle@small,3,25,0,150,p0.001,6,small
motorcycle@small,3,50,0,150,p0.001,6,small
motorcycle@small,3,100,1,150,p0.001,6,small
motorcycle@small,3,150,1,150,p0.001,6,small
mouse@large,3,25,7,10,p0.001,6,large
mouse@large,3,50,7,10,p0.001,6,large
mouse@large,3,100,7,10,p0.001,6,large
mouse@large,3,150,7,10,p0.001,6,large
mouse@medium,3,25,6,24,p0.001,6,medium
mouse@medium,3,50,6,24,p0.001,6,medium
mouse@medium,3,100,6,24,p0.001,6,medium
mouse@medium,3,150,6,24,p0.001,6,medium
mouse@small,3,25,0,150,p0.001,6,small
mouse@small,3,50,0,150,p0.001,6,small
mouse@small,3,100,1,150,p0.001,6,small
mouse@small,3,150,2,150,p0.001,6,small
orange@large,3,25,6,11,p0.001,6,large
orange@large,3,50,6,11,p0.001,6,large
orange@large,3,100,6,11,p0.001,6,large
orange@large,3,150,6,11,p0.001,6,large
orange@medium,3,25,2,150,p0.001,6,medium
orange@medium,3,50,2,150,p0.001,6,medium
orange@medium,3,100,3,150,p0.001,6,medium
orange@medium,3,150,3,150,p0.001,6,medium
parking meter@large,3,25,6,10,p0.001,6,large
parking meter@large,3,50,6,10,p0.001,6,large
parking meter@large,3,100,6,10,p0.001,6,large
parking meter@large,3,150,6,10,p0.001,6,large
parking meter@medium,3,25,5,81,p0.001,6,medium
parking meter@medium,3,50,5,81,p0.001,6,medium
parking meter@medium,3,100,6,81,p0.001,6,medium
parking meter@medium,3,150,6,81,p0.001,6,medium
parking meter@small,3,25,1,150,p0.001,6,small
parking meter@small,3,50,1,150,p0.001,6,small
parking meter@small,3,100,1,150,p0.001,6,small
parking meter@small,3,150,2,150,p0.001,6,small
person@large,3,25,1,150,p0.001,6,large
person@large,3,50,1,150,p0.001,6,large
person@large,3,100,3,150,p0.001,6,large
person@large,3,150,5,150,p0.001,6,large
person@medium,3,25,0,150,p0.001,6,medium
person@medium,3,50,0,150,p0.001,6,medium
person@medium,3,100,0,150,p0.001,6,medium
person@medium,3,150,0,150,p0.001,6,medium
person@small,3,25,0,150,p0.001,6,small
person@small,3,50,0,150,p0.001,6,small
person@small,3,100,0,150,p0.001,6,small
person@small,3,150,0,150,p0.001,6,small
remote@large,3,25,6,10,p0.001,6,large
remote@large,3,50,6,10,p0.001,6,large
remote@large,3,100,6,10,p0.001,6,large
remote@large,3,150,6,10,p0.001,6,large
remote@medium,3,25,1,150,p0.001,6,medium
remote@medium,3,50,3,150,p0.001,6,medium
remote@medium,3,100,3,150,p0.001,6,medium
remote@medium,3,150,3,150,p0.001,6,medium
remote@small,3,25,0,150,p0.001,6,small
remote@small,3,50,2,150,p0.001,6,small
remote@small,3,100,2,150,p0.001,6,small
remote@small,3,150,2,150,p0.001,6,small
scissors@large,3,25,8,10,p0.001,6,large
scissors@large,3,50,8,10,p0.001,6,large
scissors@large,3,100,8,10,p0.001,6,large
scissors@large,3,150,8,10,p0.001,6,large
scissors@medium,3,25,4,141,p0.001,6,medium
scissors@medium,3,50,4,141,p0.001,6,medium
scissors@medium,3,100,5,141,p0.001,6,medium
scissors@medium,3,150,6,141,p0.001,6,medium
scissors@small,3,25,0,150,p0.001,6,small
scissors@small,3,50,1,150,p0.001,6,small
scissors@small,3,100,3,150,p0.001,6,small
scissors@small,3,150,4,150,p0.001,6,small
single serving drinking vessel@large,3,25,3,150,p0.001,6,large
single serving drinking vessel@large,3,50,4,150,p0.001,6,large
single serving drinking vessel@large,3,100,4,150,p0.001,6,large
single serving drinking vessel@large,3,150,4,150,p0.001,6,large
single serving drinking vessel@medium,3,25,2,150,p0.001,6,medium
single serving drinking vessel@medium,3,50,2,150,p0.001,6,medium
single serving drinking vessel@medium,3,100,2,150,p0.001,6,medium
single serving drinking vessel@medium,3,150,3,150,p0.001,6,medium
single serving drinking vessel@small,3,25,0,150,p0.001,6,small
single serving drinking vessel@small,3,50,0,150,p0.001,6,small
single serving drinking vessel@small,3,100,0,150,p0.001,6,small
single serving drinking vessel@small,3,150,1,150,p0.001,6,small
sink@large,3,25,3,83,p0.001,6,large
sink@large,3,50,4,83,p0.001,6,large
sink@large,3,100,6,83,p0.001,6,large
sink@large,3,150,6,83,p0.001,6,large
sink@medium,3,25,0,150,p0.001,6,medium
sink@medium,3,50,1,150,p0.001,6,medium
sink@medium,3,100,2,150,p0.001,6,medium
sink@medium,3,150,3,150,p0.001,6,medium
sink@small,3,25,0,150,p0.001,6,small
sink@small,3,50,1,150,p0.001,6,small
sink@small,3,100,1,150,p0.001,6,small
sink@small,3,150,1,150,p0.001,6,small
skateboard@large,3,25,8,10,p0.001,6,large
skateboard@large,3,50,8,10,p0.001,6,large
skateboard@large,3,100,8,10,p0.001,6,large
skateboard@large,3,150,8,10,p0.001,6,large
skateboard@medium,3,25,6,10,p0.001,6,medium
skateboard@medium,3,50,6,10,p0.001,6,medium
skateboard@medium,3,100,6,10,p0.001,6,medium
skateboard@medium,3,150,6,10,p0.001,6,medium
skateboard@small,3,25,6,20,p0.001,6,small
skateboard@small,3,50,6,20,p0.001,6,small
skateboard@small,3,100,6,20,p0.001,6,small
skateboard@small,3,150,6,20,p0.001,6,small
skis@large,3,25,6,18,p0.001,6,large
skis@large,3,50,6,18,p0.001,6,large
skis@large,3,100,6,18,p0.001,6,large
skis@large,3,150,6,18,p0.001,6,large
skis@medium,3,25,6,16,p0.001,6,medium
skis@medium,3,50,6,16,p0.001,6,medium
skis@medium,3,100,6,16,p0.001,6,medium
skis@medium,3,150,10,16,p0.001,6,medium
skis@small,3,25,2,55,p0.001,6,small
skis@small,3,50,5,55,p0.001,6,small
skis@small,3,100,6,55,p0.001,6,small
skis@small,3,150,6,55,p0.001,6,small
snowboard@large,3,25,6,10,p0.001,6,large
snowboard@large,3,50,6,10,p0.001,6,large
snowboard@large,3,100,6,10,p0.001,6,large
snowboard@large,3,150,6,10,p0.001,6,large
snowboard@medium,3,25,6,12,p0.001,6,medium
snowboard@medium,3,50,6,12,p0.001,6,medium
snowboard@medium,3,100,6,12,p0.001,6,medium
snowboard@medium,3,150,6,12,p0.001,6,medium
snowboard@small,3,25,6,19,p0.001,6,small
snowboard@small,3,50,6,19,p0.001,6,small
snowboard@small,3,100,7,19,p0.001,6,small
snowboard@small,3,150,7,19,p0.001,6,small
spoon@large,3,25,2,150,p0.001,6,large
spoon@large,3,50,2,150,p0.001,6,large
spoon@large,3,100,3,150,p0.001,6,large
spoon@large,3,150,5,150,p0.001,6,large
spoon@medium,3,25,0,150,p0.001,6,medium
spoon@medium,3,50,0,150,p0.001,6,medium
spoon@medium,3,100,2,150,p0.001,6,medium
spoon@medium,3,150,2,150,p0.001,6,medium
spoon@small,3,25,0,150,p0.001,6,small
spoon@small,3,50,0,150,p0.001,6,small
spoon@small,3,100,0,150,p0.001,6,small
spoon@small,3,150,0,150,p0.001,6,small
stop sign@large,3,25,6,10,p0.001,6,large
stop sign@large,3,50,6,10,p0.001,6,large
stop sign@large,3,100,6,10,p0.001,6,large
stop sign@large,3,150,6,10,p0.001,6,large
stop sign@medium,3,25,2,78,p0.001,6,medium
stop sign@medium,3,50,4,78,p0.001,6,medium
stop sign@medium,3,100,6,78,p0.001,6,medium
stop sign@medium,3,150,6,78,p0.001,6,medium
stop sign@small,3,25,0,150,p0.001,6,small
stop sign@small,3,50,0,150,p0.001,6,small
stop sign@small,3,100,0,150,p0.001,6,small
stop sign@small,3,150,0,150,p0.001,6,small
surfboard@large,3,25,7,10,p0.001,6,large
surfboard@large,3,50,7,10,p0.001,6,large
surfboard@large,3,100,7,10,p0.001,6,large
surfboard@large,3,150,7,10,p0.001,6,large
surfboard@medium,3,25,7,10,p0.001,6,medium
surfboard@medium,3,50,7,10,p0.001,6,medium
surfboard@medium,3,100,7,10,p0.001,6,medium
surfboard@medium,3,150,7,10,p0.001,6,medium
surfboard@small,3,25,6,10,p0.001,6,small
surfboard@small,3,50,6,10,p0.001,6,small
surfboard@small,3,100,6,10,p0.001,6,small
surfboard@small,3,150,6,10,p0.001,6,small
tennis racket@large,3,25,6,10,p0.001,6,large
tennis racket@large,3,50,6,10,p0.001,6,large
tennis racket@large,3,100,6,10,p0.001,6,large
tennis racket@large,3,150,6,10,p0.001,6,large
tennis racket@medium,3,25,6,10,p0.001,6,medium
tennis racket@medium,3,50,6,10,p0.001,6,medium
tennis racket@medium,3,100,6,10,p0.001,6,medium
tennis racket@medium,3,150,6,10,p0.001,6,medium
tennis racket@small,3,25,6,10,p0.001,6,small
tennis racket@small,3,50,6,10,p0.001,6,small
tennis racket@small,3,100,6,10,p0.001,6,small
tennis racket@small,3,150,6,10,p0.001,6,small
tie@large,3,25,6,10,p0.001,6,large
tie@large,3,50,6,10,p0.001,6,large
tie@large,3,100,6,10,p0.001,6,large
tie@large,3,150,6,10,p0.001,6,large
tie@medium,3,25,6,13,p0.001,6,medium
tie@medium,3,50,6,13,p0.001,6,medium
tie@medium,3,100,6,13,p0.001,6,medium
tie@medium,3,150,6,13,p0.001,6,medium
tie@small,3,25,0,150,p0.001,6,small
tie@small,3,50,0,150,p0.001,6,small
tie@small,3,100,0,150,p0.001,6,small
tie@small,3,150,0,150,p0.001,6,small
toothbrush@large,3,25,6,10,p0.001,6,large
toothbrush@large,3,50,6,10,p0.001,6,large
toothbrush@large,3,100,6,10,p0.001,6,large
toothbrush@large,3,150,6,10,p0.001,6,large
toothbrush@medium,3,25,6,10,p0.001,6,medium
toothbrush@medium,3,50,6,10,p0.001,6,medium
toothbrush@medium,3,100,6,10,p0.001,6,medium
toothbrush@medium,3,150,6,10,p0.001,6,medium
toothbrush@small,3,25,1,150,p0.001,6,small
toothbrush@small,3,50,1,150,p0.001,6,small
toothbrush@small,3,100,2,150,p0.001,6,small
toothbrush@small,3,150,2,150,p0.001,6,small
traffic light@large,3,25,6,10,p0.001,6,large
traffic light@large,3,50,6,10,p0.001,6,large
traffic light@large,3,100,6,10,p0.001,6,large
traffic light@large,3,150,6,10,p0.001,6,large
traffic light@medium,3,25,5,84,p0.001,6,medium
traffic light@medium,3,50,5,84,p0.001,6,medium
traffic light@medium,3,100,6,84,p0.001,6,medium
traffic light@medium,3,150,6,84,p0.001,6,medium
traffic light@small,3,25,1,148,p0.001,6,small
traffic light@small,3,50,2,148,p0.001,6,small
traffic light@small,3,100,3,148,p0.001,6,small
traffic light@small,3,150,6,148,p0.001,6,small
tv@large,3,25,7,16,p0.001,6,large
tv@large,3,50,7,16,p0.001,6,large
tv@large,3,100,7,16,p0.001,6,large
tv@large,3,150,7,16,p0.001,6,large
tv@medium,3,25,0,150,p0.001,6,medium
tv@medium,3,50,1,150,p0.001,6,medium
tv@medium,3,100,2,150,p0.001,6,medium
tv@medium,3,150,2,150,p0.001,6,medium
tv@small,3,25,0,150,p0.001,6,small
tv@small,3,50,0,150,p0.001,6,small
tv@small,3,100,0,150,p0.001,6,small
tv@small,3,150,0,150,p0.001,6,small
umbrella@large,3,25,6,10,p0.001,6,large
umbrella@large,3,50,6,10,p0.001,6,large
umbrella@large,3,100,6,10,p0.001,6,large
umbrella@large,3,150,6,10,p0.001,6,large
umbrella@medium,3,25,3,150,p0.001,6,medium
umbrella@medium,3,50,3,150,p0.001,6,medium
umbrella@medium,3,100,3,150,p0.001,6,medium
umbrella@medium,3,150,3,150,p0.001,6,medium
umbrella@small,3,25,1,150,p0.001,6,small
umbrella@small,3,50,1,150,p0.001,6,small
umbrella@small,3,100,1,150,p0.001,6,small
umbrella@small,3,150,1,150,p0.001,6,small
vase or potted plant@large,3,25,6,10,p0.001,6,large
vase or potted plant@large,3,50,6,10,p0.001,6,large
vase or potted plant@large,3,100,6,10,p0.001,6,large
vase or potted plant@large,3,150,6,10,p0.001,6,large
vase or potted plant@medium,3,25,2,150,p0.001,6,medium
vase or potted plant@medium,3,50,3,150,p0.001,6,medium
vase or potted plant@medium,3,100,3,150,p0.001,6,medium
vase or potted plant@medium,3,150,4,150,p0.001,6,medium
vase or potted plant@small,3,25,0,150,p0.001,6,small
vase or potted plant@small,3,50,0,150,p0.001,6,small
vase or potted plant@small,3,100,1,150,p0.001,6,small
vase or potted plant@small,3,150,1,150,p0.001,6,small
airplane@large,4,25,6,10,p0.001,6,large
airplane@large,4,50,6,10,p0.001,6,large
airplane@large,4,100,6,10,p0.001,6,large
airplane@large,4,150,6,10,p0.001,6,large
airplane@medium,4,25,6,10,p0.001,6,medium
airplane@medium,4,50,6,10,p0.001,6,medium
airplane@medium,4,100,6,10,p0.001,6,medium
airplane@medium,4,150,6,10,p0.001,6,medium
airplane@small,4,25,6,10,p0.001,6,small
airplane@small,4,50,6,10,p0.001,6,small
airplane@small,4,100,6,10,p0.001,6,small
airplane@small,4,150,6,10,p0.001,6,small
apple@large,4,25,4,77,p0.001,6,large
apple@large,4,50,5,77,p0.001,6,large
apple@large,4,100,6,77,p0.001,6,large
apple@large,4,150,6,77,p0.001,6,large
apple@medium,4,25,6,25,p0.001,6,medium
apple@medium,4,50,6,25,p0.001,6,medium
apple@medium,4,100,6,25,p0.001,6,medium
apple@medium,4,150,6,25,p0.001,6,medium
bag or luggage@large,4,25,6,10,p0.001,6,large
bag or luggage@large,4,50,6,10,p0.001,6,large
bag or luggage@large,4,100,6,10,p0.001,6,large
bag or luggage@large,4,150,6,10,p0.001,6,large
bag or luggage@medium,4,25,3,108,p0.001,6,medium
bag or luggage@medium,4,50,4,108,p0.001,6,medium
bag or luggage@medium,4,100,4,108,p0.001,6,medium
bag or luggage@medium,4,150,6,108,p0.001,6,medium
bag or luggage@small,4,25,0,150,p0.001,6,small
bag or luggage@small,4,50,0,150,p0.001,6,small
bag or luggage@small,4,100,0,150,p0.001,6,small
bag or luggage@small,4,150,0,150,p0.001,6,small
banana@large,4,25,6,10,p0.001,6,large
banana@large,4,50,6,10,p0.001,6,large
banana@large,4,100,6,10,p0.001,6,large
banana@large,4,150,6,10,p0.001,6,large
banana@medium,4,25,5,28,p0.001,6,medium
banana@medium,4,50,6,28,p0.001,6,medium
banana@medium,4,100,6,28,p0.001,6,medium
banana@medium,4,150,6,28,p0.001,6,medium
baseball bat@large,4,25,8,10,p0.001,6,large
baseball bat@large,4,50,8,10,p0.001,6,large
baseball bat@large,4,100,8,10,p0.001,6,large
baseball bat@large,4,150,8,10,p0.001,6,large
baseball bat@medium,4,25,6,10,p0.001,6,medium
baseball bat@medium,4,50,6,10,p0.001,6,medium
baseball bat@medium,4,100,6,10,p0.001,6,medium
baseball bat@medium,4,150,6,10,p0.001,6,medium
baseball bat@small,4,25,8,10,p0.001,6,small
baseball bat@small,4,50,8,10,p0.001,6,small
baseball bat@small,4,100,8,10,p0.001,6,small
baseball bat@small,4,150,8,10,p0.001,6,small
bench@large,4,25,5,26,p0.001,6,large
bench@large,4,50,6,26,p0.001,6,large
bench@large,4,100,6,26,p0.001,6,large
bench@large,4,150,6,26,p0.001,6,large
bench@medium,4,25,1,150,p0.001,6,medium
bench@medium,4,50,1,150,p0.001,6,medium
bench@medium,4,100,1,150,p0.001,6,medium
bench@medium,4,150,1,150,p0.001,6,medium
bench@small,4,25,0,150,p0.001,6,small
bench@small,4,50,0,150,p0.001,6,small
bench@small,4,100,0,150,p0.001,6,small
bench@small,4,150,0,150,p0.001,6,small
bicycle@large,4,25,6,10,p0.001,6,large
bicycle@large,4,50,6,10,p0.001,6,large
bicycle@large,4,100,6,10,p0.001,6,large
bicycle@large,4,150,6,10,p0.001,6,large
bicycle@medium,4,25,3,150,p0.001,6,medium
bicycle@medium,4,50,4,150,p0.001,6,medium
bicycle@medium,4,100,4,150,p0.001,6,medium
bicycle@medium,4,150,5,150,p0.001,6,medium
bicycle@small,4,25,1,150,p0.001,6,small
bicycle@small,4,50,2,150,p0.001,6,small
bicycle@small,4,100,2,150,p0.001,6,small
bicycle@small,4,150,3,150,p0.001,6,small
bird@large,4,25,6,10,p0.001,6,large
bird@large,4,50,6,10,p0.001,6,large
bird@large,4,100,6,10,p0.001,6,large
bird@large,4,150,6,10,p0.001,6,large
bird@medium,4,25,6,21,p0.001,6,medium
bird@medium,4,50,6,21,p0.001,6,medium
bird@medium,4,100,6,21,p0.001,6,medium
bird@medium,4,150,6,21,p0.001,6,medium
bird@small,4,25,0,150,p0.001,6,small
bird@small,4,50,1,150,p0.001,6,small
bird@small,4,100,1,150,p0.001,6,small
bird@small,4,150,1,150,p0.001,6,small
boat@large,4,25,8,10,p0.001,6,large
boat@large,4,50,8,10,p0.001,6,large
boat@large,4,100,8,10,p0.001,6,large
boat@large,4,150,8,10,p0.001,6,large
boat@medium,4,25,3,33,p0.001,6,medium
boat@medium,4,50,6,33,p0.001,6,medium
boat@medium,4,100,6,33,p0.001,6,medium
boat@medium,4,150,6,33,p0.001,6,medium
boat@small,4,25,3,150,p0.001,6,small
boat@small,4,50,4,150,p0.001,6,small
boat@small,4,100,4,150,p0.001,6,small
boat@small,4,150,5,150,p0.001,6,small
book@large,4,25,5,29,p0.001,6,large
book@large,4,50,6,29,p0.001,6,large
book@large,4,100,6,29,p0.001,6,large
book@large,4,150,6,29,p0.001,6,large
book@medium,4,25,0,150,p0.001,6,medium
book@medium,4,50,0,150,p0.001,6,medium
book@medium,4,100,0,150,p0.001,6,medium
book@medium,4,150,1,150,p0.001,6,medium
book@small,4,25,0,150,p0.001,6,small
book@small,4,50,0,150,p0.001,6,small
book@small,4,100,0,150,p0.001,6,small
book@small,4,150,1,150,p0.001,6,small
bottle@large,4,25,5,71,p0.001,6,large
bottle@large,4,50,5,71,p0.001,6,large
bottle@large,4,100,6,71,p0.001,6,large
bottle@large,4,150,6,71,p0.001,6,large
bottle@medium,4,25,0,150,p0.001,6,medium
bottle@medium,4,50,0,150,p0.001,6,medium
bottle@medium,4,100,1,150,p0.001,6,medium
bottle@medium,4,150,1,150,p0.001,6,medium
bottle@small,4,25,0,150,p0.001,6,small
bottle@small,4,50,0,150,p0.001,6,small
bottle@small,4,100,0,150,p0.001,6,small
bottle@small,4,150,0,150,p0.001,6,small
bowl@large,4,25,1,150,p0.001,6,large
bowl@large,4,50,1,150,p0.001,6,large
bowl@large,4,100,1,150,p0.001,6,large
bowl@large,4,150,3,150,p0.001,6,large
bowl@medium,4,25,0,150,p0.001,6,medium
bowl@medium,4,50,0,150,p0.001,6,medium
bowl@medium,4,100,1,150,p0.001,6,medium
bowl@medium,4,150,2,150,p0.001,6,medium
bowl@small,4,25,0,150,p0.001,6,small
bowl@small,4,50,0,150,p0.001,6,small
bowl@small,4,100,0,150,p0.001,6,small
bowl@small,4,150,0,150,p0.001,6,small
bus@large,4,25,6,10,p0.001,6,large
bus@large,4,50,6,10,p0.001,6,large
bus@large,4,100,6,10,p0.001,6,large
bus@large,4,150,6,10,p0.001,6,large
bus@medium,4,25,2,150,p0.001,6,medium
bus@medium,4,50,3,150,p0.001,6,medium
bus@medium,4,100,3,150,p0.001,6,medium
bus@medium,4,150,3,150,p0.001,6,medium
bus@small,4,25,0,150,p0.001,6,small
bus@small,4,50,1,150,p0.001,6,small
bus@small,4,100,1,150,p0.001,6,small
bus@small,4,150,1,150,p0.001,6,small
cell phone@large,4,25,6,10,p0.001,6,large
cell phone@large,4,50,6,10,p0.001,6,large
cell phone@large,4,100,6,10,p0.001,6,large
cell phone@large,4,150,6,10,p0.001,6,large
cell phone@medium,4,25,3,150,p0.001,6,medium
cell phone@medium,4,50,4,150,p0.001,6,medium
cell phone@medium,4,100,5,150,p0.001,6,medium
cell phone@medium,4,150,5,150,p0.001,6,medium
cell phone@small,4,25,0,150,p0.001,6,small
cell phone@small,4,50,0,150,p0.001,6,small
cell phone@small,4,100,1,150,p0.001,6,small
cell phone@small,4,150,1,150,p0.001,6,small
chair@large,4,25,1,150,p0.001,6,large
chair@large,4,50,2,150,p0.001,6,large
chair@large,4,100,4,150,p0.001,6,large
chair@large,4,150,4,150,p0.001,6,large
chair@medium,4,25,0,150,p0.001,6,medium
chair@medium,4,50,0,150,p0.001,6,medium
chair@medium,4,100,0,150,p0.001,6,medium
chair@medium,4,150,1,150,p0.001,6,medium
chair@small,4,25,0,150,p0.001,6,small
chair@small,4,50,0,150,p0.001,6,small
chair@small,4,100,0,150,p0.001,6,small
chair@small,4,150,0,150,p0.001,6,small
clock@large,4,25,6,10,p0.001,6,large
clock@large,4,50,6,10,p0.001,6,large
clock@large,4,100,6,10,p0.001,6,large
clock@large,4,150,6,10,p0.001,6,large
clock@medium,4,25,6,12,p0.001,6,medium
clock@medium,4,50,6,12,p0.001,6,medium
clock@medium,4,100,6,12,p0.001,6,medium
clock@medium,4,150,6,12,p0.001,6,medium
clock@small,4,25,1,150,p0.001,6,small
clock@small,4,50,2,150,p0.001,6,small
clock@small,4,100,2,150,p0.001,6,small
clock@small,4,150,2,150,p0.001,6,small
dining table@large,4,25,1,150,p0.001,6,large
dining table@large,4,50,2,150,p0.001,6,large
dining table@large,4,100,2,150,p0.001,6,large
dining table@large,4,150,3,150,p0.001,6,large
dining table@medium,4,25,3,149,p0.001,6,medium
dining table@medium,4,50,3,149,p0.001,6,medium
dining table@medium,4,100,4,149,p0.001,6,medium
dining table@medium,4,150,6,149,p0.001,6,medium
dining table@small,4,25,0,150,p0.001,6,small
dining table@small,4,50,0,150,p0.001,6,small
dining table@small,4,100,0,150,p0.001,6,small
dining table@small,4,150,1,150,p0.001,6,small
dog@large,4,25,7,16,p0.001,6,large
dog@large,4,50,7,16,p0.001,6,large
dog@large,4,100,7,16,p0.001,6,large
dog@large,4,150,7,16,p0.001,6,large
dog@medium,4,25,2,52,p0.001,6,medium
dog@medium,4,50,5,52,p0.001,6,medium
dog@medium,4,100,6,52,p0.001,6,medium
dog@medium,4,150,6,52,p0.001,6,medium
dog@small,4,25,1,150,p0.001,6,small
dog@small,4,50,1,150,p0.001,6,small
dog@small,4,100,2,150,p0.001,6,small
dog@small,4,150,2,150,p0.001,6,small
enclosed road vehicle@large,4,25,4,91,p0.001,6,large
enclosed road vehicle@large,4,50,5,91,p0.001,6,large
enclosed road vehicle@large,4,100,6,91,p0.001,6,large
enclosed road vehicle@large,4,150,6,91,p0.001,6,large
enclosed road vehicle@medium,4,25,0,150,p0.001,6,medium
enclosed road vehicle@medium,4,50,0,150,p0.001,6,medium
enclosed road vehicle@medium,4,100,0,150,p0.001,6,medium
enclosed road vehicle@medium,4,150,0,150,p0.001,6,medium
enclosed road vehicle@small,4,25,0,150,p0.001,6,small
enclosed road vehicle@small,4,50,0,150,p0.001,6,small
enclosed road vehicle@small,4,100,0,150,p0.001,6,small
enclosed road vehicle@small,4,150,0,150,p0.001,6,small
fire hydrant@large,4,25,6,10,p0.001,6,large
fire hydrant@large,4,50,6,10,p0.001,6,large
fire hydrant@large,4,100,6,10,p0.001,6,large
fire hydrant@large,4,150,6,10,p0.001,6,large
fire hydrant@medium,4,25,6,18,p0.001,6,medium
fire hydrant@medium,4,50,6,18,p0.001,6,medium
fire hydrant@medium,4,100,6,18,p0.001,6,medium
fire hydrant@medium,4,150,6,18,p0.001,6,medium
fire hydrant@small,4,25,0,150,p0.001,6,small
fire hydrant@small,4,50,1,150,p0.001,6,small
fire hydrant@small,4,100,2,150,p0.001,6,small
fire hydrant@small,4,150,2,150,p0.001,6,small
fork@large,4,25,5,57,p0.001,6,large
fork@large,4,50,5,57,p0.001,6,large
fork@large,4,100,6,57,p0.001,6,large
fork@large,4,150,6,57,p0.001,6,large
fork@medium,4,25,2,150,p0.001,6,medium
fork@medium,4,50,2,150,p0.001,6,medium
fork@medium,4,100,3,150,p0.001,6,medium
fork@medium,4,150,3,150,p0.001,6,medium
fork@small,4,25,0,150,p0.001,6,small
fork@small,4,50,0,150,p0.001,6,small
fork@small,4,100,0,150,p0.001,6,small
fork@small,4,150,0,150,p0.001,6,small
frisbee@large,4,25,4,87,p0.001,6,large
frisbee@large,4,50,5,87,p0.001,6,large
frisbee@large,4,100,6,87,p0.001,6,large
frisbee@large,4,150,6,87,p0.001,6,large
frisbee@medium,4,25,8,10,p0.001,6,medium
frisbee@medium,4,50,8,10,p0.001,6,medium
frisbee@medium,4,100,8,10,p0.001,6,medium
frisbee@medium,4,150,8,10,p0.001,6,medium
frisbee@small,4,25,6,10,p0.001,6,small
frisbee@small,4,50,6,10,p0.001,6,small
frisbee@small,4,100,6,10,p0.001,6,small
frisbee@small,4,150,6,10,p0.001,6,small
keyboard@large,4,25,6,16,p0.001,6,large
keyboard@large,4,50,6,16,p0.001,6,large
keyboard@large,4,100,6,16,p0.001,6,large
keyboard@large,4,150,6,16,p0.001,6,large
keyboard@medium,4,25,2,150,p0.001,6,medium
keyboard@medium,4,50,2,150,p0.001,6,medium
keyboard@medium,4,100,3,150,p0.001,6,medium
keyboard@medium,4,150,4,150,p0.001,6,medium
keyboard@small,4,25,0,150,p0.001,6,small
keyboard@small,4,50,0,150,p0.001,6,small
keyboard@small,4,100,0,150,p0.001,6,small
keyboard@small,4,150,0,150,p0.001,6,small
kite@large,4,25,8,10,p0.001,6,large
kite@large,4,50,8,10,p0.001,6,large
kite@large,4,100,8,10,p0.001,6,large
kite@large,4,150,8,10,p0.001,6,large
kite@medium,4,25,6,10,p0.001,6,medium
kite@medium,4,50,6,10,p0.001,6,medium
kite@medium,4,100,6,10,p0.001,6,medium
kite@medium,4,150,6,10,p0.001,6,medium
kite@small,4,25,6,19,p0.001,6,small
kite@small,4,50,6,19,p0.001,6,small
kite@small,4,100,6,19,p0.001,6,small
kite@small,4,150,6,19,p0.001,6,small
knife@large,4,25,1,150,p0.001,6,large
knife@large,4,50,1,150,p0.001,6,large
knife@large,4,100,1,150,p0.001,6,large
knife@large,4,150,3,150,p0.001,6,large
knife@medium,4,25,1,150,p0.001,6,medium
knife@medium,4,50,1,150,p0.001,6,medium
knife@medium,4,100,2,150,p0.001,6,medium
knife@medium,4,150,2,150,p0.001,6,medium
knife@small,4,25,0,150,p0.001,6,small
knife@small,4,50,0,150,p0.001,6,small
knife@small,4,100,0,150,p0.001,6,small
knife@small,4,150,0,150,p0.001,6,small
laptop@large,4,25,6,21,p0.001,6,large
laptop@large,4,50,6,21,p0.001,6,large
laptop@large,4,100,6,21,p0.001,6,large
laptop@large,4,150,6,21,p0.001,6,large
laptop@medium,4,25,2,147,p0.001,6,medium
laptop@medium,4,50,2,147,p0.001,6,medium
laptop@medium,4,100,3,147,p0.001,6,medium
laptop@medium,4,150,6,147,p0.001,6,medium
laptop@small,4,25,0,150,p0.001,6,small
laptop@small,4,50,0,150,p0.001,6,small
laptop@small,4,100,0,150,p0.001,6,small
laptop@small,4,150,0,150,p0.001,6,small
microwave@large,4,25,4,57,p0.001,6,large
microwave@large,4,50,4,57,p0.001,6,large
microwave@large,4,100,6,57,p0.001,6,large
microwave@large,4,150,6,57,p0.001,6,large
microwave@medium,4,25,0,150,p0.001,6,medium
microwave@medium,4,50,2,150,p0.001,6,medium
microwave@medium,4,100,3,150,p0.001,6,medium
microwave@medium,4,150,4,150,p0.001,6,medium
microwave@small,4,25,0,150,p0.001,6,small
microwave@small,4,50,0,150,p0.001,6,small
microwave@small,4,100,0,150,p0.001,6,small
microwave@small,4,150,0,150,p0.001,6,small
motorcycle@large,4,25,7,10,p0.001,6,large
motorcycle@large,4,50,7,10,p0.001,6,large
motorcycle@large,4,100,7,10,p0.001,6,large
motorcycle@large,4,150,7,10,p0.001,6,large
motorcycle@medium,4,25,6,22,p0.001,6,medium
motorcycle@medium,4,50,6,22,p0.001,6,medium
motorcycle@medium,4,100,6,22,p0.001,6,medium
motorcycle@medium,4,150,6,22,p0.001,6,medium
motorcycle@small,4,25,0,150,p0.001,6,small
motorcycle@small,4,50,0,150,p0.001,6,small
motorcycle@small,4,100,0,150,p0.001,6,small
motorcycle@small,4,150,1,150,p0.001,6,small
mouse@large,4,25,8,10,p0.001,6,large
mouse@large,4,50,8,10,p0.001,6,large
mouse@large,4,100,8,10,p0.001,6,large
mouse@large,4,150,8,10,p0.001,6,large
mouse@medium,4,25,6,22,p0.001,6,medium
mouse@medium,4,50,6,22,p0.001,6,medium
mouse@medium,4,100,6,22,p0.001,6,medium
mouse@medium,4,150,6,22,p0.001,6,medium
mouse@small,4,25,0,150,p0.001,6,small
mouse@small,4,50,1,150,p0.001,6,small
mouse@small,4,100,1,150,p0.001,6,small
mouse@small,4,150,3,150,p0.001,6,small
orange@large,4,25,6,10,p0.001,6,large
orange@large,4,50,6,10,p0.001,6,large
orange@large,4,100,6,10,p0.001,6,large
orange@large,4,150,7,10,p0.001,6,large
orange@medium,4,25,5,28,p0.001,6,medium
orange@medium,4,50,8,28,p0.001,6,medium
orange@medium,4,100,8,28,p0.001,6,medium
orange@medium,4,150,8,28,p0.001,6,medium
parking meter@large,4,25,6,10,p0.001,6,large
parking meter@large,4,50,6,10,p0.001,6,large
parking meter@large,4,100,6,10,p0.001,6,large
parking meter@large,4,150,6,10,p0.001,6,large
parking meter@medium,4,25,2,150,p0.001,6,medium
parking meter@medium,4,50,2,150,p0.001,6,medium
parking meter@medium,4,100,5,150,p0.001,6,medium
parking meter@medium,4,150,5,150,p0.001,6,medium
parking meter@small,4,25,0,150,p0.001,6,small
parking meter@small,4,50,0,150,p0.001,6,small
parking meter@small,4,100,0,150,p0.001,6,small
parking meter@small,4,150,0,150,p0.001,6,small
person@large,4,25,1,150,p0.001,6,large
person@large,4,50,2,150,p0.001,6,large
person@large,4,100,3,150,p0.001,6,large
person@large,4,150,3,150,p0.001,6,large
person@medium,4,25,0,150,p0.001,6,medium
person@medium,4,50,1,150,p0.001,6,medium
person@medium,4,100,1,150,p0.001,6,medium
person@medium,4,150,2,150,p0.001,6,medium
person@small,4,25,0,150,p0.001,6,small
person@small,4,50,0,150,p0.001,6,small
person@small,4,100,0,150,p0.001,6,small
person@small,4,150,0,150,p0.001,6,small
remote@large,4,25,6,10,p0.001,6,large
remote@large,4,50,6,10,p0.001,6,large
remote@large,4,100,6,10,p0.001,6,large
remote@large,4,150,6,10,p0.001,6,large
remote@medium,4,25,3,150,p0.001,6,medium
remote@medium,4,50,4,150,p0.001,6,medium
remote@medium,4,100,4,150,p0.001,6,medium
remote@medium,4,150,4,150,p0.001,6,medium
remote@small,4,25,0,150,p0.001,6,small
remote@small,4,50,1,150,p0.001,6,small
remote@small,4,100,1,150,p0.001,6,small
remote@small,4,150,1,150,p0.001,6,small
scissors@large,4,25,6,10,p0.001,6,large
scissors@large,4,50,6,10,p0.001,6,large
scissors@large,4,100,6,10,p0.001,6,large
scissors@large,4,150,6,10,p0.001,6,large
scissors@medium,4,25,5,33,p0.001,6,medium
scissors@medium,4,50,6,33,p0.001,6,medium
scissors@medium,4,100,6,33,p0.001,6,medium
scissors@medium,4,150,6,33,p0.001,6,medium
scissors@small,4,25,0,150,p0.001,6,small
scissors@small,4,50,0,150,p0.001,6,small
scissors@small,4,100,1,150,p0.001,6,small
scissors@small,4,150,1,150,p0.001,6,small
single serving drinking vessel@large,4,25,1,150,p0.001,6,large
single serving drinking vessel@large,4,50,2,150,p0.001,6,large
single serving drinking vessel@large,4,100,2,150,p0.001,6,large
single serving drinking vessel@large,4,150,2,150,p0.001,6,large
single serving drinking vessel@medium,4,25,1,150,p0.001,6,medium
single serving drinking vessel@medium,4,50,1,150,p0.001,6,medium
single serving drinking vessel@medium,4,100,3,150,p0.001,6,medium
single serving drinking vessel@medium,4,150,5,150,p0.001,6,medium
single serving drinking vessel@small,4,25,0,150,p0.001,6,small
single serving drinking vessel@small,4,50,0,150,p0.001,6,small
single serving drinking vessel@small,4,100,1,150,p0.001,6,small
single serving drinking vessel@small,4,150,1,150,p0.001,6,small
sink@large,4,25,6,20,p0.001,6,large
sink@large,4,50,6,20,p0.001,6,large
sink@large,4,100,6,20,p0.001,6,large
sink@large,4,150,6,20,p0.001,6,large
sink@medium,4,25,1,150,p0.001,6,medium
sink@medium,4,50,1,150,p0.001,6,medium
sink@medium,4,100,2,150,p0.001,6,medium
sink@medium,4,150,3,150,p0.001,6,medium
sink@small,4,25,0,150,p0.001,6,small
sink@small,4,50,0,150,p0.001,6,small
sink@small,4,100,0,150,p0.001,6,small
sink@small,4,150,0,150,p0.001,6,small
skateboard@large,4,25,6,10,p0.001,6,large
skateboard@large,4,50,6,10,p0.001,6,large
skateboard@large,4,100,6,10,p0.001,6,large
skateboard@large,4,150,6,10,p0.001,6,large
skateboard@medium,4,25,7,10,p0.001,6,medium
skateboard@medium,4,50,7,10,p0.001,6,medium
skateboard@medium,4,100,7,10,p0.001,6,medium
skateboard@medium,4,150,7,10,p0.001,6,medium
skateboard@small,4,25,5,71,p0.001,6,small
skateboard@small,4,50,5,71,p0.001,6,small
skateboard@small,4,100,6,71,p0.001,6,small
skateboard@small,4,150,6,71,p0.001,6,small
skis@large,4,25,6,10,p0.001,6,large
skis@large,4,50,6,10,p0.001,6,large
skis@large,4,100,6,10,p0.001,6,large
skis@large,4,150,9,10,p0.001,6,large
skis@medium,4,25,6,24,p0.001,6,medium
skis@medium,4,50,6,24,p0.001,6,medium
skis@medium,4,100,6,24,p0.001,6,medium
skis@medium,4,150,6,24,p0.001,6,medium
skis@small,4,25,5,29,p0.001,6,small
skis@small,4,50,6,29,p0.001,6,small
skis@small,4,100,6,29,p0.001,6,small
skis@small,4,150,6,29,p0.001,6,small
snowboard@large,4,25,6,10,p0.001,6,large
snowboard@large,4,50,6,10,p0.001,6,large
snowboard@large,4,100,6,10,p0.001,6,large
snowboard@large,4,150,6,10,p0.001,6,large
snowboard@medium,4,25,6,13,p0.001,6,medium
snowboard@medium,4,50,6,13,p0.001,6,medium
snowboard@medium,4,100,7,13,p0.001,6,medium
snowboard@medium,4,150,7,13,p0.001,6,medium
snowboard@small,4,25,3,140,p0.001,6,small
snowboard@small,4,50,3,140,p0.001,6,small
snowboard@small,4,100,5,140,p0.001,6,small
snowboard@small,4,150,6,140,p0.001,6,small
spoon@large,4,25,1,150,p0.001,6,large
spoon@large,4,50,3,150,p0.001,6,large
spoon@large,4,100,5,150,p0.001,6,large
spoon@large,4,150,5,150,p0.001,6,large
spoon@medium,4,25,1,150,p0.001,6,medium
spoon@medium,4,50,1,150,p0.001,6,medium
spoon@medium,4,100,3,150,p0.001,6,medium
spoon@medium,4,150,3,150,p0.001,6,medium
spoon@small,4,25,0,150,p0.001,6,small
spoon@small,4,50,0,150,p0.001,6,small
spoon@small,4,100,0,150,p0.001,6,small
spoon@small,4,150,0,150,p0.001,6,small
stop sign@large,4,25,6,10,p0.001,6,large
stop sign@large,4,50,6,10,p0.001,6,large
stop sign@large,4,100,6,10,p0.001,6,large
stop sign@large,4,150,6,10,p0.001,6,large
stop sign@medium,4,25,6,10,p0.001,6,medium
stop sign@medium,4,50,6,10,p0.001,6,medium
stop sign@medium,4,100,6,10,p0.001,6,medium
stop sign@medium,4,150,6,10,p0.001,6,medium
stop sign@small,4,25,0,150,p0.001,6,small
stop sign@small,4,50,0,150,p0.001,6,small
stop sign@small,4,100,0,150,p0.001,6,small
stop sign@small,4,150,0,150,p0.001,6,small
surfboard@large,4,25,6,10,p0.001,6,large
surfboard@large,4,50,6,10,p0.001,6,large
surfboard@large,4,100,6,10,p0.001,6,large
surfboard@large,4,150,6,10,p0.001,6,large
surfboard@medium,4,25,6,10,p0.001,6,medium
surfboard@medium,4,50,6,10,p0.001,6,medium
surfboard@medium,4,100,6,10,p0.001,6,medium
surfboard@medium,4,150,6,10,p0.001,6,medium
surfboard@small,4,25,6,10,p0.001,6,small
surfboard@small,4,50,6,10,p0.001,6,small
surfboard@small,4,100,6,10,p0.001,6,small
surfboard@small,4,150,6,10,p0.001,6,small
tennis racket@large,4,25,9,10,p0.001,6,large
tennis racket@large,4,50,9,10,p0.001,6,large
tennis racket@large,4,100,9,10,p0.001,6,large
tennis racket@large,4,150,9,10,p0.001,6,large
tennis racket@medium,4,25,6,10,p0.001,6,medium
tennis racket@medium,4,50,6,10,p0.001,6,medium
tennis racket@medium,4,100,6,10,p0.001,6,medium
tennis racket@medium,4,150,6,10,p0.001,6,medium
tennis racket@small,4,25,6,10,p0.001,6,small
tennis racket@small,4,50,6,10,p0.001,6,small
tennis racket@small,4,100,6,10,p0.001,6,small
tennis racket@small,4,150,6,10,p0.001,6,small
tie@large,4,25,6,10,p0.001,6,large
tie@large,4,50,6,10,p0.001,6,large
tie@large,4,100,6,10,p0.001,6,large
tie@large,4,150,6,10,p0.001,6,large
tie@medium,4,25,6,18,p0.001,6,medium
tie@medium,4,50,6,18,p0.001,6,medium
tie@medium,4,100,6,18,p0.001,6,medium
tie@medium,4,150,6,18,p0.001,6,medium
tie@small,4,25,1,150,p0.001,6,small
tie@small,4,50,1,150,p0.001,6,small
tie@small,4,100,3,150,p0.001,6,small
tie@small,4,150,3,150,p0.001,6,small
toothbrush@large,4,25,6,10,p0.001,6,large
toothbrush@large,4,50,6,10,p0.001,6,large
toothbrush@large,4,100,6,10,p0.001,6,large
toothbrush@large,4,150,6,10,p0.001,6,large
toothbrush@medium,4,25,6,10,p0.001,6,medium
toothbrush@medium,4,50,6,10,p0.001,6,medium
toothbrush@medium,4,100,6,10,p0.001,6,medium
toothbrush@medium,4,150,6,10,p0.001,6,medium
toothbrush@small,4,25,3,150,p0.001,6,small
toothbrush@small,4,50,3,150,p0.001,6,small
toothbrush@small,4,100,4,150,p0.001,6,small
toothbrush@small,4,150,4,150,p0.001,6,small
traffic light@large,4,25,5,50,p0.001,6,large
traffic light@large,4,50,6,50,p0.001,6,large
traffic light@large,4,100,6,50,p0.001,6,large
traffic light@large,4,150,6,50,p0.001,6,large
traffic light@medium,4,25,5,46,p0.001,6,medium
traffic light@medium,4,50,6,46,p0.001,6,medium
traffic light@medium,4,100,6,46,p0.001,6,medium
traffic light@medium,4,150,6,46,p0.001,6,medium
traffic light@small,4,25,2,150,p0.001,6,small
traffic light@small,4,50,3,150,p0.001,6,small
traffic light@small,4,100,3,150,p0.001,6,small
traffic light@small,4,150,4,150,p0.001,6,small
tv@large,4,25,3,135,p0.001,6,large
tv@large,4,50,4,135,p0.001,6,large
tv@large,4,100,5,135,p0.001,6,large
tv@large,4,150,6,135,p0.001,6,large
tv@medium,4,25,0,150,p0.001,6,medium
tv@medium,4,50,0,150,p0.001,6,medium
tv@medium,4,100,0,150,p0.001,6,medium
tv@medium,4,150,1,150,p0.001,6,medium
tv@small,4,25,0,150,p0.001,6,small
tv@small,4,50,0,150,p0.001,6,small
tv@small,4,100,1,150,p0.001,6,small
tv@small,4,150,1,150,p0.001,6,small
umbrella@large,4,25,6,10,p0.001,6,large
umbrella@large,4,50,6,10,p0.001,6,large
umbrella@large,4,100,6,10,p0.001,6,large
umbrella@large,4,150,6,10,p0.001,6,large
umbrella@medium,4,25,1,150,p0.001,6,medium
umbrella@medium,4,50,1,150,p0.001,6,medium
umbrella@medium,4,100,1,150,p0.001,6,medium
umbrella@medium,4,150,1,150,p0.001,6,medium
umbrella@small,4,25,0,150,p0.001,6,small
umbrella@small,4,50,1,150,p0.001,6,small
umbrella@small,4,100,1,150,p0.001,6,small
umbrella@small,4,150,1,150,p0.001,6,small
vase or potted plant@large,4,25,6,10,p0.001,6,large
vase or potted plant@large,4,50,6,10,p0.001,6,large
vase or potted plant@large,4,100,6,10,p0.001,6,large
vase or potted plant@large,4,150,6,10,p0.001,6,large
vase or potted plant@medium,4,25,1,150,p0.001,6,medium
vase or potted plant@medium,4,50,1,150,p0.001,6,medium
vase or potted plant@medium,4,100,1,150,p0.001,6,medium
vase or potted plant@medium,4,150,2,150,p0.001,6,medium
vase or potted plant@small,4,25,0,150,p0.001,6,small
vase or potted plant@small,4,50,0,150,p0.001,6,small
vase or potted plant@small,4,100,1,150,p0.001,6,small
vase or potted plant@small,4,150,1,150,p0.001,6,small
